order_id,customer_id,risk_probability,action_taken,explanation,decision_threshold_used,model_version,timestamp
166f9ea3-81ff-4a41-b1d7-077949252faa,85fb6dde-4673-4009-b279-08f034a747e3,0.4063,flag_for_review,"Elevated risk driven by: size-dependent item, large discount, tier3 delivery area",0.16,logreg_v1_step2,2026-09-04T04:38:57.345330+00:00
40f4084b-5ff7-4e1b-abba-b91535eccdd1,99e318ff-1a69-4f68-addf-975990bd0414,0.2694,flag_for_review,"Elevated risk driven by: COD payment, home category, unusually low order value",0.16,logreg_v1_step2,2026-09-04T04:38:57.345330+00:00
c03a3309-dfc4-4df6-a026-018c547198df,16ddae25-3f28-41d0-8a77-c8c87723adfa,0.0295,auto_approve,Elevated risk driven by: home category,0.16,logreg_v1_step2,2026-09-04T04:38:57.345330+00:00
4e84440d-dbc8-44ef-927f-4437b8ac2797,eb07b44d-b3fe-4da4-86bc-808ae9a3182b,0.6237,flag_for_review,"Elevated risk driven by: customer's return history, size-dependent item, large discount",0.16,logreg_v1_step2,2026-09-04T04:38:57.345330+00:00
2f7bf757-0e61-458b-a37f-aabc5de68ebd,a2a6e4a7-73f0-4f60-8023-1d364c305e4d,0.202,flag_for_review,"Elevated risk driven by: size-dependent item, fashion category",0.16,logreg_v1_step2,2026-09-04T04:38:57.345330+00:00
82b6d521-d3d9-475c-b5bc-e91f7f68a0a8,24dc633c-de4a-4152-ae24-3e42211235f1,0.1782,flag_for_review,"Elevated risk driven by: COD payment, home category, unusually low order value",0.16,logreg_v1_step2,2026-09-04T04:38:57.345330+00:00
a0b3a541-1c91-4ea9-b495-85137981b4de,06685c5f-2341-4003-97cd-809136d21d44,0.1476,auto_approve,"Elevated risk driven by: COD payment, large discount, customer's return history",0.16,logreg_v1_step2,2026-09-04T04:38:57.345330+00:00
8e6b2c40-06bd-4f3a-846d-e8024acfaf74,b409e3d7-b9a4-422f-952f-eaf1d5521144,0.2873,flag_for_review,"Elevated risk driven by: customer's return history, COD payment, home category",0.16,logreg_v1_step2,2026-09-04T04:38:57.345330+00:00
af70132a-c389-42a9-95d3-426393e825f3,a6256430-3c71-4085-bbd4-f11ec5db53de,0.0734,auto_approve,Elevated risk driven by: unusually low order value,0.16,logreg_v1_step2,2026-09-04T04:38:57.345330+00:00
05f912bd-aaf5-49d7-8c93-ef968a40d6dc,ac8ee436-067a-4aac-8496-8e40cfb19bfd,0.2424,flag_for_review,"Elevated risk driven by: size-dependent item, unusually low order value, fashion category",0.16,logreg_v1_step2,2026-09-04T04:38:57.345330+00:00
92754f2c-f6d3-42ac-90e5-bb2d7c4f7ee8,a4db88e6-ae16-4748-b823-872ab1d4baca,0.0308,auto_approve,Elevated risk driven by: home category,0.16,logreg_v1_step2,2026-09-04T04:38:57.345330+00:00
e945f945-f5f8-464b-9ddd-4d1806963f4f,059cd0cd-c524-403d-90a7-aa5e9d51749d,0.2416,flag_for_review,"Elevated risk driven by: COD payment, tier3 delivery area, unusually low order value",0.16,logreg_v1_step2,2026-09-04T04:38:57.345330+00:00
9e696758-aec4-4995-b76f-b364132e16ce,3b49789c-945c-4714-a699-87e36fa56daa,0.3417,flag_for_review,"Elevated risk driven by: size-dependent item, COD payment, fashion category",0.16,logreg_v1_step2,2026-09-04T04:38:57.345330+00:00
a47fb112-ac83-4b03-9c5d-ff9cba4d61dd,ef0ff2d2-35b5-48b5-b806-a1f742caa3de,0.0396,auto_approve,"Elevated risk driven by: no prior return history available, first-time buyer, beauty category",0.16,logreg_v1_step2,2026-09-04T04:38:57.345330+00:00
31f662c6-69e7-4ee3-bd88-baf6f07831a9,573ef44a-b7bb-44cb-ae0d-923c3a996227,0.2177,flag_for_review,"Elevated risk driven by: COD payment, large discount, customer's return history",0.16,logreg_v1_step2,2026-09-04T04:38:57.345330+00:00
a72b4e46-ff73-4817-a07b-85650eb51518,ed0d4cec-07d4-440d-a77d-2f0af2663244,0.6747,flag_for_review,"Elevated risk driven by: customer's return history, size-dependent item, COD payment",0.16,logreg_v1_step2,2026-09-04T04:38:57.345330+00:00
260a277c-93da-4ea6-9ae7-1b382aa88126,b209d179-6418-4f8c-bd42-8e4f831f0776,0.0379,auto_approve,"Elevated risk driven by: unusually low order value, customer's return history, large discount",0.16,logreg_v1_step2,2026-09-04T04:38:57.345330+00:00
229f0e70-4541-43ab-b72e-bbcc035f8dc9,c3f1cc06-68c1-442a-b18b-6338217bcf62,0.0388,auto_approve,Elevated risk driven by: beauty category,0.16,logreg_v1_step2,2026-09-04T04:38:57.345330+00:00
e5ff0257-6f93-45bd-a4ac-f6a8de00e022,a3430c85-65c8-4f9b-82e9-f40624864565,0.0578,auto_approve,"Elevated risk driven by: COD payment, large discount, unusually low order value",0.16,logreg_v1_step2,2026-09-04T04:38:57.345330+00:00
e96ade1e-9486-4436-b3cf-66cfe493ea50,3f6b91e9-96c3-4fc7-8a88-dd310964eed1,0.338,flag_for_review,"Elevated risk driven by: size-dependent item, COD payment, fashion category",0.16,logreg_v1_step2,2026-09-04T04:38:57.345330+00:00
ad316e80-ec05-4bff-bebc-236e7bca7155,10546d08-1053-4bf0-976f-4c40b2dcb1c8,0.3593,flag_for_review,"Elevated risk driven by: size-dependent item, COD payment, unusually low order value",0.16,logreg_v1_step2,2026-09-04T04:38:57.345330+00:00
167c5eb4-5c22-456b-9b13-e164002d980f,10546d08-1053-4bf0-976f-4c40b2dcb1c8,0.085,auto_approve,"Elevated risk driven by: home category, unusually low order value",0.16,logreg_v1_step2,2026-09-04T04:38:57.345330+00:00
97fad977-a88f-43ad-afaf-495dc6733459,f9691f62-eba3-4973-ac0d-3de0ec286d88,0.19,flag_for_review,"Elevated risk driven by: size-dependent item, unusually low order value, fashion category",0.16,logreg_v1_step2,2026-09-04T04:38:57.345330+00:00
9a7c677f-c26b-4523-8121-45e6d5e3f831,8f7406c2-6849-4d3e-92b7-6e3b17489d67,0.3958,flag_for_review,"Elevated risk driven by: size-dependent item, large discount, customer's return history",0.16,logreg_v1_step2,2026-09-04T04:38:57.345330+00:00
0ddb85f7-b43f-4405-9848-56c317ac9704,b7fee608-f381-4167-a173-bf1ad38bdb79,0.1721,flag_for_review,"Elevated risk driven by: COD payment, large discount, unusually low order value",0.16,logreg_v1_step2,2026-09-04T04:38:57.345330+00:00
b7494791-e37a-4b11-b2e4-858ef295b593,584f334e-48dd-4f27-a4f0-094f67166b6e,0.2605,flag_for_review,"Elevated risk driven by: large discount, unusually low order value, fashion category",0.16,logreg_v1_step2,2026-09-04T04:38:57.345330+00:00
321e40b2-5b10-4c8e-a3e3-2319ccc37ea9,ac8ee436-067a-4aac-8496-8e40cfb19bfd,0.2705,flag_for_review,"Elevated risk driven by: size-dependent item, fashion category, large discount",0.16,logreg_v1_step2,2026-09-04T04:38:57.345330+00:00
897d52f4-97c8-4fc0-a958-b769e687836e,b86ee3a9-928c-4ec5-8783-0beb41950f27,0.0518,auto_approve,"Elevated risk driven by: large discount, tier3 delivery area, unusually low order value",0.16,logreg_v1_step2,2026-09-04T04:38:57.345330+00:00
300fd9d5-feec-4466-b815-742c43aec740,7226a281-8501-4f86-91cc-afa9ca3514d0,0.1533,auto_approve,"Elevated risk driven by: customer's return history, home category, unusually low order value",0.16,logreg_v1_step2,2026-09-04T04:38:57.345330+00:00
0af86896-196a-49b0-a260-5199affa097c,4098d612-8245-4c3b-a1f0-2fc74fb77ef2,0.1371,auto_approve,"Elevated risk driven by: tier3 delivery area, beauty category, unusually low order value",0.16,logreg_v1_step2,2026-09-04T04:38:57.345330+00:00
ed21b808-b7aa-4fc8-9cb7-11e63547e252,d3db41bc-bf8f-46e0-94b1-984f27ff9af2,0.2608,flag_for_review,"Elevated risk driven by: size-dependent item, fashion category, unusually low order value",0.16,logreg_v1_step2,2026-09-04T04:38:57.345330+00:00
7eff120d-2dda-465c-8670-76b4c73986cf,fd788034-3caa-492f-9c7e-57dee41c5244,0.054,auto_approve,"Elevated risk driven by: customer's return history, unusually low order value",0.16,logreg_v1_step2,2026-09-04T04:38:57.345330+00:00
d23aa665-b2c5-4446-98be-4c0fbb67397b,056e3d76-8183-4716-9184-151a4135f404,0.3248,flag_for_review,"Elevated risk driven by: size-dependent item, COD payment, unusually low order value",0.16,logreg_v1_step2,2026-09-04T04:38:57.345330+00:00
36c2d19a-20ff-4bcc-84a4-b8330001f528,5a71659c-1263-4448-8731-60f1df983197,0.0759,auto_approve,"Elevated risk driven by: customer's return history, unusually low order value, customer's order count",0.16,logreg_v1_step2,2026-09-04T04:38:57.345330+00:00
31859d0f-d2da-4af3-9748-44ad241232fe,f585f611-cabf-4eee-9c1c-24b1689ac52f,0.0286,auto_approve,"Elevated risk driven by: customer's return history, unusually low order value",0.16,logreg_v1_step2,2026-09-04T04:38:57.345330+00:00
c16f8313-a356-4d21-bd7f-d98f5c2ccf80,c96a9e4f-f6e2-4582-900e-e47a05c7f83a,0.2307,flag_for_review,"Elevated risk driven by: size-dependent item, unusually low order value, fashion category",0.16,logreg_v1_step2,2026-09-04T04:38:57.345330+00:00
a1737263-ef5b-4ae1-97fb-147a38a4ed97,8c24e923-2dbf-4f43-b0b2-6e851d21fa34,0.1012,auto_approve,"Elevated risk driven by: large discount, home category",0.16,logreg_v1_step2,2026-09-04T04:38:57.345330+00:00
d0fde5c6-3f16-4cc6-866f-f979e8342254,f920e7f3-d39f-4f68-a6df-bf5a555ec155,0.1178,auto_approve,"Elevated risk driven by: unusually low order value, home category, large discount",0.16,logreg_v1_step2,2026-09-04T04:38:57.345330+00:00
4a7024c3-3b8d-4f75-9001-f600b646f59c,0b6f3e2b-84fe-456b-ad93-ffcb76fb728f,0.031,auto_approve,"Elevated risk driven by: unusually low order value, tier3 delivery area, customer's return history",0.16,logreg_v1_step2,2026-09-04T04:38:57.345330+00:00
2031917b-a790-494d-b835-8b9e59e89d8b,265ca8d0-3df8-4d6f-9712-d08685f17132,0.162,flag_for_review,"Elevated risk driven by: unusually low order value, home category, tier3 delivery area",0.16,logreg_v1_step2,2026-09-04T04:38:57.345330+00:00
32203998-18a1-48b4-b934-ce34976aa0ab,460bc87a-beb1-4f56-a5cd-1ec17422b34a,0.0057,auto_approve,No strong individual risk drivers identified.,0.16,logreg_v1_step2,2026-09-04T04:38:57.345330+00:00
aeee7816-1809-4430-a10e-41fa502b1afe,c04c2c09-5f42-4b59-aeb5-6d35280a5d01,0.1038,auto_approve,"Elevated risk driven by: large discount, fashion category, unusually low order value",0.16,logreg_v1_step2,2026-09-04T04:38:57.345330+00:00
69c47651-3d20-41b9-bb9d-add5c95ad496,b5a8da77-1ba0-4430-8b90-102d0cd1bde1,0.207,flag_for_review,"Elevated risk driven by: COD payment, no prior return history available, first-time buyer",0.16,logreg_v1_step2,2026-09-04T04:38:57.345330+00:00
192e1788-8424-419d-9130-0d411c9f4ab2,06a55a66-90e1-4cb6-a2be-f26bb9c97d79,0.0657,auto_approve,"Elevated risk driven by: large discount, unusually low order value",0.16,logreg_v1_step2,2026-09-04T04:38:57.345330+00:00
03ee6a47-ac6e-4c10-89c7-6b8746f65c20,75aa2704-6368-428d-ba7a-be942625e571,0.029,auto_approve,Elevated risk driven by: unusually low order value,0.16,logreg_v1_step2,2026-09-04T04:38:57.345330+00:00
3c487e38-bceb-4ee6-9323-38b23980571d,56a30258-3565-44b2-a8d7-1d0adece59a8,0.0773,auto_approve,Elevated risk driven by: fashion category,0.16,logreg_v1_step2,2026-09-04T04:38:57.345330+00:00
ee567839-b6ee-4672-b589-1b154a185965,6d89b6da-05be-4f09-b2f2-542a975f2f53,0.1332,auto_approve,"Elevated risk driven by: unusually low order value, beauty category, customer's return history",0.16,logreg_v1_step2,2026-09-04T04:38:57.345330+00:00
458f5c0b-5bb6-4060-8476-ec9b411d2e28,2bf1c610-a75b-412d-b0ce-9dc111d20e3c,0.1241,auto_approve,"Elevated risk driven by: home category, unusually low order value, customer's return history",0.16,logreg_v1_step2,2026-09-04T04:38:57.345330+00:00
1a8d1a0f-6c66-47ff-9836-268e5129da7e,ca2fe15e-112f-4628-a780-35be48c1c3b1,0.1468,auto_approve,"Elevated risk driven by: large discount, home category",0.16,logreg_v1_step2,2026-09-04T04:38:57.345330+00:00
118fb797-e79c-4764-b8ef-9e95dabffafb,b209d179-6418-4f8c-bd42-8e4f831f0776,0.062,auto_approve,"Elevated risk driven by: tier3 delivery area, customer's return history, customer's order count",0.16,logreg_v1_step2,2026-09-04T04:38:57.345330+00:00
c3c9f993-4c93-4af2-98be-467f69ae44b4,78f8646d-d401-40a1-8b6d-605e45f29fb6,0.0617,auto_approve,"Elevated risk driven by: beauty category, large discount",0.16,logreg_v1_step2,2026-09-04T04:38:57.345330+00:00
bb724f3b-cf56-4c39-a5fa-cee8306033f6,039d6dca-0464-482f-87cb-0f4ec3ec4ddd,0.0938,auto_approve,Elevated risk driven by: COD payment,0.16,logreg_v1_step2,2026-09-04T04:38:57.345330+00:00
43fc3323-f37f-4bef-916f-43644ca3aa6b,4c113ca6-2f3e-4575-82ea-ec032586d824,0.2715,flag_for_review,"Elevated risk driven by: size-dependent item, tier3 delivery area, fashion category",0.16,logreg_v1_step2,2026-09-04T04:38:57.345330+00:00
ef57c277-7f6f-4308-a963-35920ec2d689,b409e3d7-b9a4-422f-952f-eaf1d5521144,0.2527,flag_for_review,"Elevated risk driven by: size-dependent item, customer's return history, fashion category",0.16,logreg_v1_step2,2026-09-04T04:38:57.345330+00:00
8f53ffad-e660-4323-9436-94b551bd2a60,1e875744-08ed-4a3f-8cdb-457e2c478f1b,0.1253,auto_approve,"Elevated risk driven by: home category, unusually low order value, large discount",0.16,logreg_v1_step2,2026-09-04T04:38:57.345330+00:00
ed5737c2-3c1f-43bf-be00-5f3df01a8ca6,6998bf5b-2957-4b20-9fbb-95e19c4d485a,0.229,flag_for_review,"Elevated risk driven by: size-dependent item, fashion category, unusually low order value",0.16,logreg_v1_step2,2026-09-04T04:38:57.345330+00:00
f9170dbb-a609-4dc1-b835-77f8b4713bcc,b8d02904-601f-4dd7-a3d1-5fb98038da28,0.066,auto_approve,Elevated risk driven by: COD payment,0.16,logreg_v1_step2,2026-09-04T04:38:57.345330+00:00
477ef404-dd02-4082-9aa2-09619ce3cd1c,2c1b640e-7361-4bb4-ac90-0bffa313f1df,0.2981,flag_for_review,"Elevated risk driven by: size-dependent item, large discount, tier3 delivery area",0.16,logreg_v1_step2,2026-09-04T04:38:57.345330+00:00
8ef8c384-39a7-4f38-87b1-2ad5b67420ce,a98ac6ed-5c74-42d1-a5a7-c801d82116e4,0.2606,flag_for_review,"Elevated risk driven by: customer's return history, beauty category, large discount",0.16,logreg_v1_step2,2026-09-04T04:38:57.345330+00:00
3f208005-fef9-4cd3-9f57-cb261fc514da,487e0072-ff7c-4376-aa94-0ed39d21882d,0.0753,auto_approve,"Elevated risk driven by: no prior return history available, first-time buyer, beauty category",0.16,logreg_v1_step2,2026-09-04T04:38:57.345330+00:00
1deeedac-b3c9-4cc5-b781-75ce3a622b99,039d6dca-0464-482f-87cb-0f4ec3ec4ddd,0.4966,flag_for_review,"Elevated risk driven by: size-dependent item, COD payment, unusually low order value",0.16,logreg_v1_step2,2026-09-04T04:38:57.345330+00:00
e2e057e5-9b10-42af-acc9-88e82f41a546,0651ab9e-5b2b-46c4-9215-ff97762857c1,0.667,flag_for_review,"Elevated risk driven by: size-dependent item, COD payment, large discount",0.16,logreg_v1_step2,2026-09-04T04:38:57.345330+00:00
49828b06-314a-4ae8-a234-b448233ecbfe,c35917e3-aa41-4cb2-9a55-27d4893431b1,0.3323,flag_for_review,"Elevated risk driven by: size-dependent item, customer's return history, tier3 delivery area",0.16,logreg_v1_step2,2026-09-04T04:38:57.345330+00:00
57804111-85f1-4489-bea1-d5168310e65c,30888fd2-16bc-4533-a06f-0e0d4ed50f9d,0.1315,auto_approve,"Elevated risk driven by: COD payment, home category, unusually low order value",0.16,logreg_v1_step2,2026-09-04T04:38:57.345330+00:00
271d5bb7-fedf-4249-8449-140ccd75399b,5838baf1-7a04-4a52-9d9d-c2ef48187e91,0.2932,flag_for_review,"Elevated risk driven by: size-dependent item, customer's return history, COD payment",0.16,logreg_v1_step2,2026-09-04T04:38:57.345330+00:00
12d126ea-76bb-4b37-b665-85c605ee3d90,762dc9ed-5415-436c-b6a9-6504149e79d2,0.0756,auto_approve,Elevated risk driven by: COD payment,0.16,logreg_v1_step2,2026-09-04T04:38:57.345330+00:00
423111af-5bc9-42f8-af4b-89932a8640c1,c04c2c09-5f42-4b59-aeb5-6d35280a5d01,0.2446,flag_for_review,"Elevated risk driven by: size-dependent item, unusually low order value, tier3 delivery area",0.16,logreg_v1_step2,2026-09-04T04:38:57.345330+00:00
56ae2cb8-6226-41cd-a9b2-eca5b7a0b782,39017757-c44d-48a0-ace6-d2cd60b50caf,0.454,flag_for_review,"Elevated risk driven by: size-dependent item, no prior return history available, first-time buyer",0.16,logreg_v1_step2,2026-09-04T04:38:57.345330+00:00
0ea94ab6-9eb2-4617-af8d-30209024ee29,835b4038-88dc-4965-b6b8-921d3b0ad19c,0.0594,auto_approve,Elevated risk driven by: fashion category,0.16,logreg_v1_step2,2026-09-04T04:38:57.345330+00:00
e664cba5-289c-4253-b536-48a836921442,803488e3-f195-4510-8729-476cfdddc9b9,0.044,auto_approve,"Elevated risk driven by: unusually low order value, customer's return history",0.16,logreg_v1_step2,2026-09-04T04:38:57.345330+00:00
d035b98a-0949-4415-8e8c-57e4757e065b,b96486fd-b67d-407e-a617-7d6dfba9c556,0.5166,flag_for_review,"Elevated risk driven by: size-dependent item, no prior return history available, first-time buyer",0.16,logreg_v1_step2,2026-09-04T04:38:57.345330+00:00
0e6d7039-2dc4-45d7-917e-0909ed9dab1a,4e40c152-4279-4fbe-8a2f-a127f5613ef3,0.0513,auto_approve,"Elevated risk driven by: COD payment, unusually low order value, customer's order count",0.16,logreg_v1_step2,2026-09-04T04:38:57.345330+00:00
bac33360-7eca-4999-90e0-b52445e639fe,c04c2c09-5f42-4b59-aeb5-6d35280a5d01,0.2176,flag_for_review,"Elevated risk driven by: COD payment, unusually low order value, home category",0.16,logreg_v1_step2,2026-09-04T04:38:57.345330+00:00
2030712e-e2ec-4360-8a81-c49faee1354c,24f462d2-ab23-4d64-b4cd-5e1193e7769f,0.0884,auto_approve,"Elevated risk driven by: customer's return history, unusually low order value",0.16,logreg_v1_step2,2026-09-04T04:38:57.345330+00:00
08be9d37-0144-4033-beda-0f291d93c7d8,cb772ef9-45e1-4d4b-9ad9-1d46caab33c8,0.2616,flag_for_review,"Elevated risk driven by: size-dependent item, unusually low order value, tier3 delivery area",0.16,logreg_v1_step2,2026-09-04T04:38:57.345330+00:00
4b0d6cae-4f07-425f-b358-f3cfffe0567c,a403a957-14a9-40ff-a1ea-6ad7bcc534b4,0.0131,auto_approve,No strong individual risk drivers identified.,0.16,logreg_v1_step2,2026-09-04T04:38:57.345330+00:00
e42a4781-7bde-4299-a102-725135592e68,bf73103a-9b74-40e6-b8a4-57825a2b09e9,0.6027,flag_for_review,"Elevated risk driven by: size-dependent item, COD payment, no prior return history available",0.16,logreg_v1_step2,2026-09-04T04:38:57.345330+00:00
c6e5b8d7-4e8d-456b-80ad-be67613ee81f,9e5d4987-8d7d-4c47-8cdd-0d477afd0d41,0.2178,flag_for_review,"Elevated risk driven by: COD payment, home category, unusually low order value",0.16,logreg_v1_step2,2026-09-04T04:38:57.345330+00:00
1d490f89-e1be-4264-9023-b665065036b5,2302316f-5078-43eb-8c52-2fc10011451b,0.1331,auto_approve,"Elevated risk driven by: no prior return history available, first-time buyer, unusually low order value",0.16,logreg_v1_step2,2026-09-04T04:38:57.345330+00:00
5833cc2e-3620-441e-826d-e4f2523ca2c9,63d8dd12-39d4-4e1e-bdd7-72b1c1a0b1c0,0.2413,flag_for_review,"Elevated risk driven by: COD payment, unusually low order value, beauty category",0.16,logreg_v1_step2,2026-09-04T04:38:57.345330+00:00
5abb91a5-9c27-42c4-9cda-c62a56f98574,a2a6e4a7-73f0-4f60-8023-1d364c305e4d,0.0354,auto_approve,Elevated risk driven by: COD payment,0.16,logreg_v1_step2,2026-09-04T04:38:57.345330+00:00
3d02b125-3ab7-4858-9f02-111b4a78cc03,5838baf1-7a04-4a52-9d9d-c2ef48187e91,0.5328,flag_for_review,"Elevated risk driven by: large discount, customer's return history, COD payment",0.16,logreg_v1_step2,2026-09-04T04:38:57.345330+00:00
b1b2fd1b-d955-4192-92df-a1d4e7bf76b1,59265d36-e12e-4bfc-b8a8-29de0a16e8c5,0.206,flag_for_review,"Elevated risk driven by: COD payment, home category, unusually low order value",0.16,logreg_v1_step2,2026-09-04T04:38:57.345330+00:00
40b36721-8abe-4b0a-9820-8a55be255ab8,0c4e5dbb-4b57-4f04-9753-79f273dbd64f,0.5277,flag_for_review,"Elevated risk driven by: size-dependent item, no prior return history available, first-time buyer",0.16,logreg_v1_step2,2026-09-04T04:38:57.345330+00:00
205a3c62-7e9d-49a1-8f75-b80e6156e5a3,544b57dd-aae8-4d49-a2dc-9382a2b7ff69,0.0937,auto_approve,"Elevated risk driven by: large discount, home category, unusually low order value",0.16,logreg_v1_step2,2026-09-04T04:38:57.345330+00:00
90631f3f-f2df-4be2-8d2b-c8aaacc466b6,e6b84507-0320-4dab-b918-04a7dcb15931,0.094,auto_approve,Elevated risk driven by: home category,0.16,logreg_v1_step2,2026-09-04T04:38:57.345330+00:00
0547c6eb-cf37-4688-8566-dda1c0332d00,f9852313-5fdc-437c-9c37-d03dbf8c8f0e,0.1051,auto_approve,"Elevated risk driven by: fashion category, unusually low order value",0.16,logreg_v1_step2,2026-09-04T04:38:57.345330+00:00
8781bb47-cc8e-40f6-bb16-e9d126b8b1b0,056e3d76-8183-4716-9184-151a4135f404,0.2827,flag_for_review,"Elevated risk driven by: COD payment, tier3 delivery area, fashion category",0.16,logreg_v1_step2,2026-09-04T04:38:57.345330+00:00
c7bd5695-80ef-4475-8909-a66df95972ec,b0694581-e5bf-4757-913a-46834d324ff0,0.1378,auto_approve,"Elevated risk driven by: large discount, beauty category, customer's return history",0.16,logreg_v1_step2,2026-09-04T04:38:57.345330+00:00
bca7d45b-93f3-4cb8-8f29-f539020a12a9,bd73a907-2b0c-4809-a5e4-fda97fc0021c,0.3295,flag_for_review,"Elevated risk driven by: COD payment, no prior return history available, first-time buyer",0.16,logreg_v1_step2,2026-09-04T04:38:57.345330+00:00
df5077ba-343a-4a49-8752-2bbf050fe261,c6a0b833-3377-4046-a0dd-379e39f2778e,0.0437,auto_approve,"Elevated risk driven by: unusually low order value, customer's return history",0.16,logreg_v1_step2,2026-09-04T04:38:57.345330+00:00
9ac7c124-21ef-4745-9eec-b74d861ae6fc,ca2fe15e-112f-4628-a780-35be48c1c3b1,0.2331,flag_for_review,"Elevated risk driven by: size-dependent item, unusually low order value, fashion category",0.16,logreg_v1_step2,2026-09-04T04:38:57.345330+00:00
222093e4-2a6d-4c32-ad96-2ad4c2874851,a55896b3-fb13-44ca-9f5b-cb9965b8c231,0.168,flag_for_review,"Elevated risk driven by: customer's return history, large discount, beauty category",0.16,logreg_v1_step2,2026-09-04T04:38:57.345330+00:00
dc39979e-cb47-4419-b070-1fe81f597660,5f406040-6dfb-4ae2-9890-7f640e616156,0.093,auto_approve,"Elevated risk driven by: customer's return history, large discount, beauty category",0.16,logreg_v1_step2,2026-09-04T04:38:57.345330+00:00
e8def7e3-0aa8-4c57-abbf-7676b1b82794,bea95939-f856-40c9-895d-bd824c2d37e7,0.3591,flag_for_review,"Elevated risk driven by: size-dependent item, no prior return history available, first-time buyer",0.16,logreg_v1_step2,2026-09-04T04:38:57.345330+00:00
3bb60188-d451-4413-9a1d-3121322338b1,c3f1cc06-68c1-442a-b18b-6338217bcf62,0.0229,auto_approve,No strong individual risk drivers identified.,0.16,logreg_v1_step2,2026-09-04T04:38:57.345330+00:00
c4b6e296-006d-4a2f-ac4c-7daefb44b406,4ed8649d-1f98-49ba-9ac7-95ad3fde0f37,0.0693,auto_approve,"Elevated risk driven by: large discount, unusually low order value, customer's return history",0.16,logreg_v1_step2,2026-09-04T04:38:57.345330+00:00
ddb32d3e-c354-4103-adfd-bdb08ca9a0c6,803488e3-f195-4510-8729-476cfdddc9b9,0.2754,flag_for_review,"Elevated risk driven by: size-dependent item, customer's return history, fashion category",0.16,logreg_v1_step2,2026-09-04T04:38:57.345330+00:00
c7486f6e-674e-42a5-8631-9987de97a351,265ca8d0-3df8-4d6f-9712-d08685f17132,0.0748,auto_approve,Elevated risk driven by: fashion category,0.16,logreg_v1_step2,2026-09-04T04:38:57.345330+00:00
fb057572-c3ee-48c1-8d34-7d64be906466,cd03dd27-2fc9-486c-998f-c61cf34b93ab,0.264,flag_for_review,"Elevated risk driven by: size-dependent item, customer's return history, unusually low order value",0.16,logreg_v1_step2,2026-09-04T04:38:57.345330+00:00
20619f44-f542-46d9-b2c0-3bf49b231119,3f259d1d-bcc5-4e5f-9d0b-919938ea08ee,0.1302,auto_approve,"Elevated risk driven by: customer's return history, COD payment, unusually low order value",0.16,logreg_v1_step2,2026-09-04T04:38:57.345330+00:00
b4bfc20b-97cb-48c0-9750-78c274732eb3,aeb809c7-7345-49c5-915c-5731c06a32e9,0.1034,auto_approve,"Elevated risk driven by: customer's return history, beauty category, unusually low order value",0.16,logreg_v1_step2,2026-09-04T04:38:57.345330+00:00
254f892a-2057-4d41-8d50-44dac88872da,3b68140d-c04c-4ece-87a7-1b051083612b,0.2233,flag_for_review,"Elevated risk driven by: size-dependent item, fashion category, customer's return history",0.16,logreg_v1_step2,2026-09-04T04:38:57.345330+00:00
7b16ffdb-1728-4e3d-a996-48b0a303fdb2,79d62d2f-2160-4129-951e-311e22c29fba,0.1538,auto_approve,"Elevated risk driven by: COD payment, customer's return history",0.16,logreg_v1_step2,2026-09-04T04:38:57.345330+00:00
0a7a85fa-b8c4-4e83-b2c2-40a6eb0bec0b,ec11d559-7980-4914-89e3-b56e72adba0b,0.2217,flag_for_review,"Elevated risk driven by: size-dependent item, tier3 delivery area, fashion category",0.16,logreg_v1_step2,2026-09-04T04:38:57.345330+00:00
5496cacd-7769-4df3-b1d6-b67fc6d72419,ecf7432d-87ec-467d-9c61-1102e6ef87c1,0.1139,auto_approve,"Elevated risk driven by: unusually low order value, beauty category, large discount",0.16,logreg_v1_step2,2026-09-04T04:38:57.345330+00:00
ca634252-200e-4d43-9f8c-b2f8f7eae86b,9e5d4987-8d7d-4c47-8cdd-0d477afd0d41,0.1227,auto_approve,"Elevated risk driven by: unusually low order value, home category",0.16,logreg_v1_step2,2026-09-04T04:38:57.345330+00:00
066da638-c778-49cb-ac81-1378bfd03cd9,236d11d7-cc84-47c1-9d4b-15dd6891dcbc,0.0505,auto_approve,"Elevated risk driven by: tier3 delivery area, unusually low order value",0.16,logreg_v1_step2,2026-09-04T04:38:57.345330+00:00
44c82833-02f2-4030-bfbb-4f4cae93b70b,f5069c4e-0691-43d9-b3e0-3efe7073ec31,0.2016,flag_for_review,"Elevated risk driven by: COD payment, tier3 delivery area, fashion category",0.16,logreg_v1_step2,2026-09-04T04:38:57.345330+00:00
f65f2e75-cbb2-40ae-bb2d-3988d62dd902,6b914b9c-926e-4431-b82e-f178aae9d5c0,0.5798,flag_for_review,"Elevated risk driven by: size-dependent item, no prior return history available, first-time buyer",0.16,logreg_v1_step2,2026-09-04T04:38:57.345330+00:00
443eeb37-7ed2-434a-8d26-92ff11ee7c9a,38543a37-c3ff-4947-a0be-4c688daad6b3,0.2535,flag_for_review,"Elevated risk driven by: size-dependent item, large discount, fashion category",0.16,logreg_v1_step2,2026-09-04T04:38:57.345330+00:00
0078d1b8-48e4-43c0-8a2b-7cb72b2e9397,24f462d2-ab23-4d64-b4cd-5e1193e7769f,0.4349,flag_for_review,"Elevated risk driven by: customer's return history, COD payment, large discount",0.16,logreg_v1_step2,2026-09-04T04:38:57.345330+00:00
b5cc57bb-d13e-4eb2-9de9-c8a2537c407b,62495bdf-4c58-4340-ad9d-ff02c9b987a7,0.7206,flag_for_review,"Elevated risk driven by: size-dependent item, COD payment, no prior return history available",0.16,logreg_v1_step2,2026-09-04T04:38:57.345330+00:00
bc32816b-6bdd-4bfa-8a34-d12fc062fa06,f08d853b-6894-4bb3-971c-4183b39fae0e,0.055,auto_approve,Elevated risk driven by: customer's return history,0.16,logreg_v1_step2,2026-09-04T04:38:57.345330+00:00
3ccf502e-6d85-4d58-9a0c-f7dacb796700,9795bb9c-a3cd-4116-8a06-f4746212d4c6,0.1287,auto_approve,"Elevated risk driven by: large discount, unusually low order value, beauty category",0.16,logreg_v1_step2,2026-09-04T04:38:57.345330+00:00
f599fb00-f2c7-4b95-9afb-a9d83e3954a3,c96a9e4f-f6e2-4582-900e-e47a05c7f83a,0.2838,flag_for_review,"Elevated risk driven by: customer's return history, large discount, home category",0.16,logreg_v1_step2,2026-09-04T04:38:57.345330+00:00
eb198cba-0d18-4147-af44-028c72e1220d,1ec19d12-c4c9-4320-a035-98e17c951577,0.2345,flag_for_review,"Elevated risk driven by: size-dependent item, large discount, fashion category",0.16,logreg_v1_step2,2026-09-04T04:38:57.345330+00:00
74172797-7513-43d6-9ae4-3a586c0e3b40,1ec19d12-c4c9-4320-a035-98e17c951577,0.2714,flag_for_review,"Elevated risk driven by: size-dependent item, COD payment, fashion category",0.16,logreg_v1_step2,2026-09-04T04:38:57.345330+00:00
48b09f48-3a59-4cf3-856a-dd490dcbc245,63d8dd12-39d4-4e1e-bdd7-72b1c1a0b1c0,0.0686,auto_approve,"Elevated risk driven by: COD payment, tier3 delivery area",0.16,logreg_v1_step2,2026-09-04T04:38:57.345330+00:00
ca59ee49-c383-45af-a8e0-2912c54b46ad,a08246dd-24d9-48bb-b9d1-2b3dd9ac343f,0.1515,auto_approve,"Elevated risk driven by: home category, tier3 delivery area, unusually low order value",0.16,logreg_v1_step2,2026-09-04T04:38:57.345330+00:00
3a829e42-9876-4179-a837-2f3fae7266a4,31b3bbb8-aa06-40bb-a71f-aa588c7ead90,0.1776,flag_for_review,"Elevated risk driven by: size-dependent item, customer's return history, fashion category",0.16,logreg_v1_step2,2026-09-04T04:38:57.345330+00:00
92e13c88-29ad-4373-b4ed-aeed8709325b,39e67ff8-0ce4-494c-8717-1d4f63efa14d,0.1805,flag_for_review,"Elevated risk driven by: size-dependent item, fashion category, unusually low order value",0.16,logreg_v1_step2,2026-09-04T04:38:57.345330+00:00
1c117611-0c99-4536-959e-4d7dda90f67c,c54de631-aee5-4701-9f59-a9acda7c1bd1,0.2198,flag_for_review,"Elevated risk driven by: customer's return history, size-dependent item, fashion category",0.16,logreg_v1_step2,2026-09-04T04:38:57.345330+00:00
e931da58-9c27-4850-9ffe-608603439771,9d1d8bca-9218-4856-8619-cfee194da74f,0.0073,auto_approve,No strong individual risk drivers identified.,0.16,logreg_v1_step2,2026-09-04T04:38:57.345330+00:00
7f2a6293-eee1-4cd1-a6de-26e433449fd3,0b6f3e2b-84fe-456b-ad93-ffcb76fb728f,0.0191,auto_approve,"Elevated risk driven by: COD payment, large discount, fashion category",0.16,logreg_v1_step2,2026-09-04T04:38:57.345330+00:00
abccbae6-9354-4acd-b4f7-427e8e776a82,a111ab22-4c88-4d83-b499-448d82133ae3,0.0935,auto_approve,"Elevated risk driven by: large discount, customer's return history",0.16,logreg_v1_step2,2026-09-04T04:38:57.345330+00:00
81458302-ea79-4d64-ab72-c8dc1ad360f2,5c3a491b-f023-457b-9da7-95a4eedebd89,0.3467,flag_for_review,"Elevated risk driven by: size-dependent item, COD payment, fashion category",0.16,logreg_v1_step2,2026-09-04T04:38:57.345330+00:00
5af9a18e-e7ef-4272-bec1-ba0cc954694f,a98ac6ed-5c74-42d1-a5a7-c801d82116e4,0.4184,flag_for_review,"Elevated risk driven by: customer's return history, size-dependent item, unusually low order value",0.16,logreg_v1_step2,2026-09-04T04:38:57.345330+00:00
51689a4a-7eb8-423c-80e7-3ca1d3efee87,501f87a8-0c71-4495-b7af-ef3e2d01f6d1,0.4394,flag_for_review,"Elevated risk driven by: no prior return history available, first-time buyer, home category",0.16,logreg_v1_step2,2026-09-04T04:38:57.345330+00:00
ca7119fb-a0c2-4c7c-be98-0903e1f9669e,236f7d6b-10bd-4a54-8746-7d49b7da7128,0.1257,auto_approve,"Elevated risk driven by: large discount, unusually low order value, customer's return history",0.16,logreg_v1_step2,2026-09-04T04:38:57.345330+00:00
b8a5fa1a-0409-4dbf-b4f4-5b23b07621c0,cd8465b3-5dc0-4918-a21f-702a430fdf4a,0.2897,flag_for_review,"Elevated risk driven by: size-dependent item, COD payment, fashion category",0.16,logreg_v1_step2,2026-09-04T04:38:57.345330+00:00
b7074177-7270-48df-b148-e3abd77d220b,d36a7387-21ab-43e5-bcb9-dcddf807849d,0.05,auto_approve,"Elevated risk driven by: tier3 delivery area, unusually low order value, customer's return history",0.16,logreg_v1_step2,2026-09-04T04:38:57.345330+00:00
a927681d-be60-4410-bfec-8cd0690d71cb,938245c2-8647-4454-aa1b-998878f08b78,0.1123,auto_approve,"Elevated risk driven by: customer's return history, unusually low order value, large discount",0.16,logreg_v1_step2,2026-09-04T04:38:57.345330+00:00
194bba9e-f65b-4908-a304-70184017053d,b8d02904-601f-4dd7-a3d1-5fb98038da28,0.0747,auto_approve,"Elevated risk driven by: beauty category, large discount",0.16,logreg_v1_step2,2026-09-04T04:38:57.345330+00:00
0af1bc50-14ab-4d20-a379-a34fe670ee3f,6d6ae56d-11fa-4053-be24-184c1da67ec2,0.0652,auto_approve,"Elevated risk driven by: COD payment, unusually low order value, large discount",0.16,logreg_v1_step2,2026-09-04T04:38:57.345330+00:00
090c97e7-23f4-40a6-bdcc-76161e1562d5,e75b5a37-ac60-4066-a040-3617f0d903ea,0.0477,auto_approve,Elevated risk driven by: COD payment,0.16,logreg_v1_step2,2026-09-04T04:38:57.345330+00:00
726b13ef-9923-4f63-a292-3480dd27ceb1,ba9504c7-b413-4ee9-861d-702ad1482abd,0.1301,auto_approve,"Elevated risk driven by: unusually low order value, beauty category, customer's return history",0.16,logreg_v1_step2,2026-09-04T04:38:57.345330+00:00
553dc60d-25ad-4571-bd5b-aa4e63a07250,cba0fbf1-c8e0-4aa6-8a6b-48f3baba929d,0.221,flag_for_review,"Elevated risk driven by: size-dependent item, tier3 delivery area, fashion category",0.16,logreg_v1_step2,2026-09-04T04:38:57.345330+00:00
44f04d7a-e860-4e77-ab7f-6527f61ca3c6,1152a6af-d25b-4b7b-9869-0b6a0e562cae,0.3511,flag_for_review,"Elevated risk driven by: COD payment, large discount, home category",0.16,logreg_v1_step2,2026-09-04T04:38:57.345330+00:00
ec0442ed-a33a-4179-8166-6f8d66e0ecce,d2e06185-41b3-4488-a0c7-7165ae31370e,0.2662,flag_for_review,"Elevated risk driven by: size-dependent item, customer's return history, unusually low order value",0.16,logreg_v1_step2,2026-09-04T04:38:57.345330+00:00
7ba8397f-df96-4fca-9219-8ab59e40c9e8,cd508d92-15fe-4a35-9c1b-37a278d36ea4,0.3077,flag_for_review,"Elevated risk driven by: size-dependent item, large discount, unusually low order value",0.16,logreg_v1_step2,2026-09-04T04:38:57.345330+00:00
9e0a2e1d-0202-40e8-89eb-590b36f24b4b,7f51804d-0307-4367-8d0c-719db1094ae8,0.0755,auto_approve,"Elevated risk driven by: unusually low order value, customer's return history",0.16,logreg_v1_step2,2026-09-04T04:38:57.345330+00:00
dc0ce900-0c5b-4984-b3d1-7d57fa86d794,4e3fc6b0-f121-4028-91ed-489282daa465,0.2289,flag_for_review,"Elevated risk driven by: COD payment, home category",0.16,logreg_v1_step2,2026-09-04T04:38:57.345330+00:00
bcf8b8bc-ab34-48c0-b440-da7ca6afe350,ac001004-0e39-45ca-9077-5b2eda63a395,0.3931,flag_for_review,"Elevated risk driven by: size-dependent item, COD payment, unusually low order value",0.16,logreg_v1_step2,2026-09-04T04:38:57.345330+00:00
e44bedc4-fe12-4f85-abcc-9f99a68c36c9,b209d179-6418-4f8c-bd42-8e4f831f0776,0.2081,flag_for_review,"Elevated risk driven by: size-dependent item, large discount, fashion category",0.16,logreg_v1_step2,2026-09-04T04:38:57.345330+00:00
33f8abcc-0cb7-4c36-9eee-52711baafd72,550da023-005b-43b9-aa0d-1336177847cc,0.0631,auto_approve,Elevated risk driven by: large discount,0.16,logreg_v1_step2,2026-09-04T04:38:57.345330+00:00
47e1594b-2f05-448e-97de-e38fcbfec0ac,6bfa235b-d4d0-446f-85d2-e8dc00a3d98f,0.2241,flag_for_review,"Elevated risk driven by: customer's return history, fashion category, large discount",0.16,logreg_v1_step2,2026-09-04T04:38:57.345330+00:00
cfa5fc73-4dca-47a5-b200-d9e0716c4ebd,be8e3722-c7d5-4b43-9715-82493f5ea53d,0.3959,flag_for_review,"Elevated risk driven by: COD payment, no prior return history available, first-time buyer",0.16,logreg_v1_step2,2026-09-04T04:38:57.345330+00:00
c7142c0d-ca3b-4b2b-be44-0c566e16023a,c6a0b833-3377-4046-a0dd-379e39f2778e,0.2461,flag_for_review,"Elevated risk driven by: customer's return history, size-dependent item, fashion category",0.16,logreg_v1_step2,2026-09-04T04:38:57.345330+00:00
4aaad487-82ab-48af-9c02-b2cbbd5e438e,ac8ee436-067a-4aac-8496-8e40cfb19bfd,0.4933,flag_for_review,"Elevated risk driven by: size-dependent item, no prior return history available, first-time buyer",0.16,logreg_v1_step2,2026-09-04T04:38:57.345330+00:00
04a7bc7e-37c4-4f5e-a782-f72ad862d67a,460bc87a-beb1-4f56-a5cd-1ec17422b34a,0.1941,flag_for_review,"Elevated risk driven by: COD payment, large discount, beauty category",0.16,logreg_v1_step2,2026-09-04T04:38:57.345330+00:00
37b6f306-09b4-49e1-9062-fd6022124ca9,af2adf9c-435e-4fe7-a1a9-ef7535a438fc,0.1915,flag_for_review,"Elevated risk driven by: customer's return history, tier3 delivery area, beauty category",0.16,logreg_v1_step2,2026-09-04T04:38:57.345330+00:00
c4d5467c-3987-4178-8e54-a56de56ea8f0,b411f36e-bf74-4ba0-bff0-a67770bd35c5,0.194,flag_for_review,"Elevated risk driven by: customer's return history, COD payment, beauty category",0.16,logreg_v1_step2,2026-09-04T04:38:57.345330+00:00
671ca7dc-4d2b-4e33-8007-d65f88fe72c0,2b77e152-ac97-4061-9e6a-5abdc78bc29a,0.0128,auto_approve,Elevated risk driven by: COD payment,0.16,logreg_v1_step2,2026-09-04T04:38:57.345330+00:00
89166910-0959-4f27-9753-909aef0c2a8d,aff1ce45-76e8-4351-bf60-ff2e95431e9b,0.2401,flag_for_review,"Elevated risk driven by: COD payment, no prior return history available, first-time buyer",0.16,logreg_v1_step2,2026-09-04T04:38:57.345330+00:00
8312c76b-4fbc-462f-a223-ce4d93b0dcd0,1adfba2a-67be-4047-b8d7-6fa58294836e,0.0097,auto_approve,"Elevated risk driven by: COD payment, large discount, customer's return history",0.16,logreg_v1_step2,2026-09-04T04:38:57.345330+00:00
fc5de5ac-aa3c-4843-a81f-1f08ac96a040,7a4e9ee7-df87-4f79-9ec7-3f4c1f489075,0.1607,flag_for_review,"Elevated risk driven by: unusually low order value, fashion category, large discount",0.16,logreg_v1_step2,2026-09-04T04:38:57.345330+00:00
3b132894-de9c-42cd-8bb5-3cbc5a9ced06,835b4038-88dc-4965-b6b8-921d3b0ad19c,0.1202,auto_approve,"Elevated risk driven by: size-dependent item, fashion category",0.16,logreg_v1_step2,2026-09-04T04:38:57.345330+00:00
942277e5-67b7-401a-8886-a1de988b4378,d9358869-66e4-4ee6-bb2e-f9062117fa78,0.1202,auto_approve,"Elevated risk driven by: unusually low order value, home category",0.16,logreg_v1_step2,2026-09-04T04:38:57.345330+00:00
18d84afe-9224-49e9-b369-1db2f713bbb0,906a171c-f8ef-4c41-9106-4dedffaed9e4,0.0969,auto_approve,"Elevated risk driven by: large discount, home category",0.16,logreg_v1_step2,2026-09-04T04:38:57.345330+00:00
64822574-66bc-4f76-a603-c628c4cea9bb,2b0aed48-0816-4dd9-b18b-7acd4c255c96,0.2141,flag_for_review,"Elevated risk driven by: COD payment, unusually low order value, beauty category",0.16,logreg_v1_step2,2026-09-04T04:38:57.345330+00:00
817b7ae2-bbc9-4df9-8b3f-acae27bbb79a,ac8ee436-067a-4aac-8496-8e40cfb19bfd,0.0854,auto_approve,"Elevated risk driven by: COD payment, large discount, customer's order count",0.16,logreg_v1_step2,2026-09-04T04:38:57.345330+00:00
82c5e87b-5013-4b8c-b218-ad0d6b671270,f661c41f-f2fc-4735-9d23-1a0bca669dd2,0.3786,flag_for_review,"Elevated risk driven by: customer's return history, size-dependent item, tier3 delivery area",0.16,logreg_v1_step2,2026-09-04T04:38:57.345330+00:00
1e5f5e09-a5af-4873-87ab-2611dca3b4cc,26a2a8f1-fd8f-4235-a9c7-77f65704c530,0.1718,flag_for_review,"Elevated risk driven by: size-dependent item, unusually low order value, beauty category",0.16,logreg_v1_step2,2026-09-04T04:38:57.345330+00:00
cd95497e-576e-4518-9d2d-e77dbf262a6a,dea29f8e-ac26-475e-a225-300fac669ed0,0.1244,auto_approve,"Elevated risk driven by: COD payment, unusually low order value, customer's return history",0.16,logreg_v1_step2,2026-09-04T04:38:57.345330+00:00
bb814bca-e281-4538-b8e4-5bfd37cb3dd5,835b4038-88dc-4965-b6b8-921d3b0ad19c,0.2115,flag_for_review,"Elevated risk driven by: size-dependent item, unusually low order value, fashion category",0.16,logreg_v1_step2,2026-09-04T04:38:57.345330+00:00
36d2787e-ac99-46cf-8f53-93e7308ab6bd,8f7406c2-6849-4d3e-92b7-6e3b17489d67,0.0797,auto_approve,"Elevated risk driven by: COD payment, customer's return history, tier3 delivery area",0.16,logreg_v1_step2,2026-09-04T04:38:57.345330+00:00
4a5ad4bf-1c81-4be5-ad21-085aca837de8,ac8ee436-067a-4aac-8496-8e40cfb19bfd,0.0955,auto_approve,"Elevated risk driven by: unusually low order value, beauty category, large discount",0.16,logreg_v1_step2,2026-09-04T04:38:57.345330+00:00
71040979-0eda-4a90-a1c5-daabdf61e9de,236d11d7-cc84-47c1-9d4b-15dd6891dcbc,0.4738,flag_for_review,"Elevated risk driven by: size-dependent item, COD payment, unusually low order value",0.16,logreg_v1_step2,2026-09-04T04:38:57.345330+00:00
88d90381-a56e-4e97-8ed8-b2a12ce988c7,d3db41bc-bf8f-46e0-94b1-984f27ff9af2,0.1597,auto_approve,"Elevated risk driven by: large discount, size-dependent item, fashion category",0.16,logreg_v1_step2,2026-09-04T04:38:57.345330+00:00
cbf00731-202d-415a-a09d-d62a4a8ed182,1890b31b-1dee-42e9-ac0d-c65f3ce14b55,0.7044,flag_for_review,"Elevated risk driven by: size-dependent item, COD payment, no prior return history available",0.16,logreg_v1_step2,2026-09-04T04:38:57.345330+00:00
0588ff73-62a3-41d0-8c60-121615b5655b,ac8ee436-067a-4aac-8496-8e40cfb19bfd,0.2012,flag_for_review,"Elevated risk driven by: size-dependent item, fashion category, large discount",0.16,logreg_v1_step2,2026-09-04T04:38:57.345330+00:00
9262e788-d4a1-4369-ba6c-15407764e3e5,10546d08-1053-4bf0-976f-4c40b2dcb1c8,0.3471,flag_for_review,"Elevated risk driven by: COD payment, no prior return history available, first-time buyer",0.16,logreg_v1_step2,2026-09-04T04:38:57.345330+00:00
d9045996-7099-4d03-8ad2-fe5b67709086,938245c2-8647-4454-aa1b-998878f08b78,0.0563,auto_approve,"Elevated risk driven by: large discount, customer's return history, unusually low order value",0.16,logreg_v1_step2,2026-09-04T04:38:57.345330+00:00
f3a088a5-ffdf-49a1-9ffb-457ca4c0a9df,277a79e8-5c1c-4c5a-b093-506fa7146b60,0.5439,flag_for_review,"Elevated risk driven by: large discount, size-dependent item, COD payment",0.16,logreg_v1_step2,2026-09-04T04:38:57.345330+00:00
2ce7ba94-db88-43b5-8c72-ddf89910b8de,fddab96a-bc23-43d2-a1f4-76de3a7b7f5c,0.1468,auto_approve,"Elevated risk driven by: large discount, beauty category, unusually low order value",0.16,logreg_v1_step2,2026-09-04T04:38:57.345330+00:00
984d39f2-44c3-4b7b-a259-fb4206dadfc2,265ca8d0-3df8-4d6f-9712-d08685f17132,0.0636,auto_approve,"Elevated risk driven by: home category, unusually low order value",0.16,logreg_v1_step2,2026-09-04T04:38:57.345330+00:00
617f0213-32be-4ac7-ad61-91909e11ca08,da84b692-c6d8-43fa-a00f-13d4135959fb,0.1337,auto_approve,"Elevated risk driven by: COD payment, customer's return history, unusually low order value",0.16,logreg_v1_step2,2026-09-04T04:38:57.345330+00:00
0b5fabb1-e4a0-47fd-b196-534be4ced6f0,3619f901-76a0-4d85-88c5-2c8345d5b144,0.4474,flag_for_review,"Elevated risk driven by: size-dependent item, customer's return history, unusually low order value",0.16,logreg_v1_step2,2026-09-04T04:38:57.345330+00:00
8bbc088f-7d5f-45d0-801f-f6ea4f7a84df,b0694581-e5bf-4757-913a-46834d324ff0,0.0505,auto_approve,Elevated risk driven by: fashion category,0.16,logreg_v1_step2,2026-09-04T04:38:57.345330+00:00
f428ff86-24ce-4cd3-b713-ffe964e72c07,84583f8e-3a44-4e32-9350-0f96b6a5ea82,0.0835,auto_approve,"Elevated risk driven by: large discount, unusually low order value",0.16,logreg_v1_step2,2026-09-04T04:38:57.345330+00:00
b56894f9-f4ed-4619-b30e-598c8368421f,ec11d559-7980-4914-89e3-b56e72adba0b,0.1707,flag_for_review,"Elevated risk driven by: size-dependent item, fashion category, unusually low order value",0.16,logreg_v1_step2,2026-09-04T04:38:57.345330+00:00
3ef0a2a5-26e2-449f-b257-99118229bef6,ddfc876a-1d41-4a01-b847-5b960366c16f,0.0981,auto_approve,"Elevated risk driven by: unusually low order value, home category",0.16,logreg_v1_step2,2026-09-04T04:38:57.345330+00:00
47deffe2-f0c7-4918-b2b9-c7ce85609c57,ed0d4cec-07d4-440d-a77d-2f0af2663244,0.2515,flag_for_review,"Elevated risk driven by: customer's return history, tier3 delivery area, fashion category",0.16,logreg_v1_step2,2026-09-04T04:38:57.345330+00:00
1c35275a-66bf-4f5c-a7ab-8cd5cce23c57,49a190f2-c9c8-441e-b450-f1343adf4d1a,0.0847,auto_approve,"Elevated risk driven by: COD payment, home category, customer's return history",0.16,logreg_v1_step2,2026-09-04T04:38:57.345330+00:00
bd4707bd-a95a-476a-9785-a0d527d5bd38,8f7406c2-6849-4d3e-92b7-6e3b17489d67,0.0669,auto_approve,"Elevated risk driven by: no prior return history available, first-time buyer, unusually low order value",0.16,logreg_v1_step2,2026-09-04T04:38:57.345330+00:00
4366134b-06ea-44af-b847-ea6c38b3c55a,809440e5-dc7b-48de-8000-53ac94935dec,0.1466,auto_approve,"Elevated risk driven by: size-dependent item, fashion category",0.16,logreg_v1_step2,2026-09-04T04:38:57.345330+00:00
fa05f8c8-bc0c-4143-89b9-0cd90c338996,b9ab6a4e-9e61-4225-8298-12bde10de7a7,0.0413,auto_approve,"Elevated risk driven by: tier3 delivery area, fashion category, large discount",0.16,logreg_v1_step2,2026-09-04T04:38:57.345330+00:00
c9f67879-1767-42c0-9828-b5ee23cb818b,6405d452-0d48-4c53-b3bc-cf7e9b11d207,0.0347,auto_approve,"Elevated risk driven by: customer's return history, unusually low order value",0.16,logreg_v1_step2,2026-09-04T04:38:57.345330+00:00
ac2f8b27-4abb-4e76-8a9d-82b3d66430ca,ba9504c7-b413-4ee9-861d-702ad1482abd,0.2222,flag_for_review,"Elevated risk driven by: size-dependent item, unusually low order value, fashion category",0.16,logreg_v1_step2,2026-09-04T04:38:57.345330+00:00
90718fc3-08b1-4c31-8b37-82978c1e978d,94ff867d-812f-4c7d-a9dc-a22007e79604,0.4001,flag_for_review,"Elevated risk driven by: COD payment, no prior return history available, first-time buyer",0.16,logreg_v1_step2,2026-09-04T04:38:57.345330+00:00
6fd4c333-d3cd-4911-8500-ed6b25139f8c,cba0fbf1-c8e0-4aa6-8a6b-48f3baba929d,0.0214,auto_approve,Elevated risk driven by: customer's return history,0.16,logreg_v1_step2,2026-09-04T04:38:57.345330+00:00
7dfb512d-162a-497b-babf-67c411208273,c86a75f4-eea7-4fce-b017-88f6e68c8ccf,0.0141,auto_approve,Elevated risk driven by: customer's return history,0.16,logreg_v1_step2,2026-09-04T04:38:57.345330+00:00
889362a8-d862-42e7-a456-bf038e313b0f,ded4396a-49de-44e3-a773-49b635f42e59,0.2692,flag_for_review,"Elevated risk driven by: customer's return history, COD payment, home category",0.16,logreg_v1_step2,2026-09-04T04:38:57.345330+00:00
804e017f-bc3b-461b-8bc7-11088eff701c,10546d08-1053-4bf0-976f-4c40b2dcb1c8,0.0658,auto_approve,"Elevated risk driven by: size-dependent item, tier3 delivery area, fashion category",0.16,logreg_v1_step2,2026-09-04T04:38:57.345330+00:00
016a785c-c2d7-47a1-a4b5-826e57f252b6,19ae94ec-7d3b-445f-b9ac-092f54f91579,0.4101,flag_for_review,"Elevated risk driven by: size-dependent item, no prior return history available, first-time buyer",0.16,logreg_v1_step2,2026-09-04T04:38:57.345330+00:00
6c9b2cc8-6bb6-4ed3-8f5f-e97c7c9a80fb,9fb6398e-0d03-4ef7-b82b-f7d4b5edc8a2,0.4544,flag_for_review,"Elevated risk driven by: large discount, size-dependent item, unusually low order value",0.16,logreg_v1_step2,2026-09-04T04:38:57.345330+00:00
6d4c2bbf-a8d9-4a0f-b9b1-065fe2903e97,59265d36-e12e-4bfc-b8a8-29de0a16e8c5,0.1012,auto_approve,"Elevated risk driven by: COD payment, customer's return history",0.16,logreg_v1_step2,2026-09-04T04:38:57.345330+00:00
9df9a1c2-653b-429b-b06b-44680d47ccb3,83fe6a19-57b5-4519-982d-d7d7bca39396,0.1694,flag_for_review,"Elevated risk driven by: large discount, COD payment, unusually low order value",0.16,logreg_v1_step2,2026-09-04T04:38:57.345330+00:00
87148419-e737-45ac-ae8a-77efd108cdd4,e2845fad-4462-4694-a0bf-742b4e105928,0.3307,flag_for_review,"Elevated risk driven by: no prior return history available, first-time buyer, unusually low order value",0.16,logreg_v1_step2,2026-09-04T04:38:57.345330+00:00
08aea9c5-05ac-4087-b6ac-4353288863e8,63d8dd12-39d4-4e1e-bdd7-72b1c1a0b1c0,0.1002,auto_approve,Elevated risk driven by: beauty category,0.16,logreg_v1_step2,2026-09-04T04:38:57.345330+00:00
5e9f45e2-1bfb-4c9b-b9ff-dd116a5067cd,6f63d08a-29ec-4cc2-91f3-053e58856a7a,0.0971,auto_approve,"Elevated risk driven by: home category, unusually low order value",0.16,logreg_v1_step2,2026-09-04T04:38:57.345330+00:00
7f587a54-be0b-448b-9c1e-4378c8211e92,41f5f8b3-7e3a-44d9-8602-d4cc35847329,0.0923,auto_approve,"Elevated risk driven by: unusually low order value, beauty category",0.16,logreg_v1_step2,2026-09-04T04:38:57.345330+00:00
5d441261-52ed-4d5b-9512-488816557ac0,1adfba2a-67be-4047-b8d7-6fa58294836e,0.1756,flag_for_review,"Elevated risk driven by: size-dependent item, fashion category, customer's return history",0.16,logreg_v1_step2,2026-09-04T04:38:57.345330+00:00
01bc3b70-44eb-4744-be62-3c114bb659e9,00ee6a6c-7fdb-4d2c-971d-b1bfa29fc269,0.0408,auto_approve,Elevated risk driven by: unusually low order value,0.16,logreg_v1_step2,2026-09-04T04:38:57.345330+00:00
3469a9b1-d8aa-418e-abc9-c3700b293ba4,19407932-d8b1-4cf9-823a-27cc0a751c71,0.1017,auto_approve,"Elevated risk driven by: unusually low order value, beauty category, customer's return history",0.16,logreg_v1_step2,2026-09-04T04:38:57.345330+00:00
68bd3223-5804-4657-820d-e474dde50ef4,a228e990-7b22-4983-997d-00faaa3c7dff,0.3184,flag_for_review,"Elevated risk driven by: COD payment, no prior return history available, first-time buyer",0.16,logreg_v1_step2,2026-09-04T04:38:57.345330+00:00
a0bed041-5afa-4058-bb1c-e6806e19683d,94a4d735-8ff1-40c0-8ba1-f19ff62fabcf,0.3704,flag_for_review,"Elevated risk driven by: size-dependent item, no prior return history available, first-time buyer",0.16,logreg_v1_step2,2026-09-04T04:38:57.345330+00:00
e4f04020-29e8-4367-9945-6dbc301a382f,161df1c7-36db-490d-9f64-9879a7de2f27,0.3103,flag_for_review,"Elevated risk driven by: large discount, COD payment, unusually low order value",0.16,logreg_v1_step2,2026-09-04T04:38:57.345330+00:00
f461915a-50a6-4ea7-924d-32e3f48501ea,711f5cd0-684e-467d-8f71-3d79c61f74e2,0.059,auto_approve,"Elevated risk driven by: COD payment, unusually low order value",0.16,logreg_v1_step2,2026-09-04T04:38:57.345330+00:00
1d04dae3-1e04-443a-8f56-132a68c16cdc,5a11ae1b-953c-41af-83dc-44c210b745e5,0.0631,auto_approve,"Elevated risk driven by: beauty category, unusually low order value",0.16,logreg_v1_step2,2026-09-04T04:38:57.345330+00:00
d0e3560c-3a6f-4acd-af63-68affaf1e9bb,a601bb98-ed14-4e71-93e5-2be8eb49e370,0.1045,auto_approve,"Elevated risk driven by: customer's return history, COD payment",0.16,logreg_v1_step2,2026-09-04T04:38:57.345330+00:00
1810bb2f-0c26-4915-914d-b51c29d08be9,eb07b44d-b3fe-4da4-86bc-808ae9a3182b,0.4937,flag_for_review,"Elevated risk driven by: customer's return history, size-dependent item, unusually low order value",0.16,logreg_v1_step2,2026-09-04T04:38:57.345330+00:00
32d05a47-74da-4eb9-985b-90b5c7e303d6,8c24e923-2dbf-4f43-b0b2-6e851d21fa34,0.3296,flag_for_review,"Elevated risk driven by: size-dependent item, COD payment, unusually low order value",0.16,logreg_v1_step2,2026-09-04T04:38:57.345330+00:00
0ca7ae76-261e-4c32-898f-5aa1157a5265,c1d72fdc-2ec8-4a56-acd3-5dc9168f5ab8,0.1957,flag_for_review,"Elevated risk driven by: size-dependent item, unusually low order value, fashion category",0.16,logreg_v1_step2,2026-09-04T04:38:57.345330+00:00
b293c21e-3bbe-4e99-aff6-665b8983f1f4,9e5d4987-8d7d-4c47-8cdd-0d477afd0d41,0.2599,flag_for_review,"Elevated risk driven by: size-dependent item, COD payment, fashion category",0.16,logreg_v1_step2,2026-09-04T04:38:57.345330+00:00
514bd1e4-a791-41ba-b6ff-8cc0aeef7260,c967d130-c116-4a5c-8589-391097b66b37,0.3697,flag_for_review,"Elevated risk driven by: size-dependent item, COD payment, tier3 delivery area",0.16,logreg_v1_step2,2026-09-04T04:38:57.345330+00:00
b4daa773-c382-4618-8ea1-193bab5121b8,e8236567-e21a-46bf-9ba0-de610564b03d,0.0985,auto_approve,"Elevated risk driven by: home category, unusually low order value",0.16,logreg_v1_step2,2026-09-04T04:38:57.345330+00:00
56aaf29c-d447-43a9-ae12-9205ae6d1cf2,cce5c7f6-4ae5-4d71-8510-ce1baced4c0a,0.1168,auto_approve,"Elevated risk driven by: no prior return history available, first-time buyer, beauty category",0.16,logreg_v1_step2,2026-09-04T04:38:57.345330+00:00
9bbd63c8-5199-473d-8f16-f7bdc196f7e6,ccb655d6-cf38-407a-8bc7-0e7e075b7b40,0.1508,auto_approve,"Elevated risk driven by: COD payment, beauty category, unusually low order value",0.16,logreg_v1_step2,2026-09-04T04:38:57.345330+00:00
97920fa9-d9c4-4677-bc1d-e9e4205e62bc,59265d36-e12e-4bfc-b8a8-29de0a16e8c5,0.2393,flag_for_review,"Elevated risk driven by: size-dependent item, fashion category, unusually low order value",0.16,logreg_v1_step2,2026-09-04T04:38:57.345330+00:00
fbbaad12-5eae-450e-8f4f-6a06ab9c3385,d36a7387-21ab-43e5-bcb9-dcddf807849d,0.3355,flag_for_review,"Elevated risk driven by: size-dependent item, unusually low order value, fashion category",0.16,logreg_v1_step2,2026-09-04T04:38:57.345330+00:00
ed392335-2eed-4d0e-b4a1-a47966c23029,6bfa235b-d4d0-446f-85d2-e8dc00a3d98f,0.4684,flag_for_review,"Elevated risk driven by: customer's return history, size-dependent item, fashion category",0.16,logreg_v1_step2,2026-09-04T04:38:57.345330+00:00
69a6c087-2ce6-46da-aff9-8fe958c0791d,2929132f-018d-4ec6-b28b-c00b8b85075c,0.1318,auto_approve,"Elevated risk driven by: COD payment, no prior return history available, first-time buyer",0.16,logreg_v1_step2,2026-09-04T04:38:57.345330+00:00
8676341d-147e-4634-b791-1af9e56e6ed6,c5d85ede-c256-42df-b993-35deb12a5516,0.3384,flag_for_review,"Elevated risk driven by: size-dependent item, COD payment, fashion category",0.16,logreg_v1_step2,2026-09-04T04:38:57.345330+00:00
c43c7ab6-9097-48fd-aa53-2fa91642ac4a,95812633-1bca-4485-8e82-3cf1daf05ab6,0.0914,auto_approve,"Elevated risk driven by: large discount, unusually low order value",0.16,logreg_v1_step2,2026-09-04T04:38:57.345330+00:00
0b08dd7b-8475-4148-8dcd-96ed09cc1bb4,3a457f70-d47f-43a5-88c5-b74c7d8ab2dc,0.2093,flag_for_review,"Elevated risk driven by: size-dependent item, customer's return history, fashion category",0.16,logreg_v1_step2,2026-09-04T04:38:57.345330+00:00
e4219aed-822d-46f9-a6f3-40acc710a390,9e5d4987-8d7d-4c47-8cdd-0d477afd0d41,0.0965,auto_approve,"Elevated risk driven by: COD payment, tier3 delivery area",0.16,logreg_v1_step2,2026-09-04T04:38:57.345330+00:00
321843b4-2285-4f9a-ad7b-b27032f96590,d97949e2-16cb-45c2-93fe-d94e76f0dbc5,0.0758,auto_approve,"Elevated risk driven by: customer's return history, unusually low order value, delivery time",0.16,logreg_v1_step2,2026-09-04T04:38:57.345330+00:00
bfcf384c-bc97-4e03-a108-6790f6a936b9,265ca8d0-3df8-4d6f-9712-d08685f17132,0.0898,auto_approve,"Elevated risk driven by: unusually low order value, tier3 delivery area, large discount",0.16,logreg_v1_step2,2026-09-04T04:38:57.345330+00:00
b23253bf-3140-4e9b-b3af-4c793ec0d892,b411f36e-bf74-4ba0-bff0-a67770bd35c5,0.2452,flag_for_review,"Elevated risk driven by: size-dependent item, COD payment, customer's return history",0.16,logreg_v1_step2,2026-09-04T04:38:57.345330+00:00
274423e2-4199-4f09-b279-23d6cfee3fc5,6bfa235b-d4d0-446f-85d2-e8dc00a3d98f,0.3269,flag_for_review,"Elevated risk driven by: customer's return history, large discount, home category",0.16,logreg_v1_step2,2026-09-04T04:38:57.345330+00:00
6f8bfd17-4099-4466-bfe2-2c33f89dfbc2,2e46de50-f2d0-4553-ad5f-5feee0d8f2f6,0.0385,auto_approve,"Elevated risk driven by: large discount, unusually low order value",0.16,logreg_v1_step2,2026-09-04T04:38:57.345330+00:00
8202747d-5997-4567-a54e-0235d1aa69af,26a2a8f1-fd8f-4235-a9c7-77f65704c530,0.1838,flag_for_review,"Elevated risk driven by: size-dependent item, fashion category, unusually low order value",0.16,logreg_v1_step2,2026-09-04T04:38:57.345330+00:00
89c2c950-ae89-4feb-861f-3bced687e8d3,49a190f2-c9c8-441e-b450-f1343adf4d1a,0.2031,flag_for_review,"Elevated risk driven by: tier3 delivery area, customer's return history, beauty category",0.16,logreg_v1_step2,2026-09-04T04:38:57.345330+00:00
01db276a-5ad6-4f00-b9d3-dcd6a9649c58,cd508d92-15fe-4a35-9c1b-37a278d36ea4,0.1724,flag_for_review,"Elevated risk driven by: COD payment, beauty category, customer's order count",0.16,logreg_v1_step2,2026-09-04T04:38:57.345330+00:00
afd0f358-ce5d-4a3b-b384-806fbf43ac7f,9d1d8bca-9218-4856-8619-cfee194da74f,0.3389,flag_for_review,"Elevated risk driven by: COD payment, unusually low order value, fashion category",0.16,logreg_v1_step2,2026-09-04T04:38:57.345330+00:00
e18e2519-3e49-4f1b-b327-511f6069d89f,7f51804d-0307-4367-8d0c-719db1094ae8,0.2212,flag_for_review,"Elevated risk driven by: home category, customer's return history, tier3 delivery area",0.16,logreg_v1_step2,2026-09-04T04:38:57.345330+00:00
3b804afb-b899-4401-b94c-828414ea9877,4f3c225f-0b4b-4f93-b874-e66903ab3dc3,0.0728,auto_approve,Elevated risk driven by: customer's return history,0.16,logreg_v1_step2,2026-09-04T04:38:57.345330+00:00
8fb3bd8d-1731-4b15-b285-75ccb2e9c0a2,835b4038-88dc-4965-b6b8-921d3b0ad19c,0.1078,auto_approve,"Elevated risk driven by: home category, large discount",0.16,logreg_v1_step2,2026-09-04T04:38:57.345330+00:00
ee1cd789-59df-4ba5-b867-fe83c5ad91ef,2e76c875-ce73-48b8-bb52-d2936c93ded9,0.5365,flag_for_review,"Elevated risk driven by: COD payment, no prior return history available, first-time buyer",0.16,logreg_v1_step2,2026-09-04T04:38:57.345330+00:00
dbdd3bbf-ddbb-4696-98cd-2f585df28091,3d5b7149-321d-4579-b690-b0dc26cb5183,0.4251,flag_for_review,"Elevated risk driven by: size-dependent item, no prior return history available, first-time buyer",0.16,logreg_v1_step2,2026-09-04T04:38:57.345330+00:00
b82db066-411f-4cd1-b5a3-a6ac299e4542,f9852313-5fdc-437c-9c37-d03dbf8c8f0e,0.4758,flag_for_review,"Elevated risk driven by: size-dependent item, COD payment, unusually low order value",0.16,logreg_v1_step2,2026-09-04T04:38:57.345330+00:00
dea530be-fd5a-4172-8a76-05b58f6d411c,d97949e2-16cb-45c2-93fe-d94e76f0dbc5,0.091,auto_approve,"Elevated risk driven by: large discount, customer's return history, unusually low order value",0.16,logreg_v1_step2,2026-09-04T04:38:57.345330+00:00
f55b5592-4d2a-4a19-8170-28b90ca0f14c,0cba70d8-7b76-4a59-90e8-413b36d73797,0.3845,flag_for_review,"Elevated risk driven by: size-dependent item, COD payment, fashion category",0.16,logreg_v1_step2,2026-09-04T04:38:57.345330+00:00
ea7ef631-1ad9-4b32-899f-26da18417a24,1c551f51-afaa-49c5-9ad6-c0c66f1e1add,0.2101,flag_for_review,"Elevated risk driven by: no prior return history available, first-time buyer, tier3 delivery area",0.16,logreg_v1_step2,2026-09-04T04:38:57.345330+00:00
48ae4f73-d192-49af-82f0-841ec3244af4,a202a749-e45e-4d7b-b9e4-97714e27bcb1,0.2914,flag_for_review,"Elevated risk driven by: size-dependent item, unusually low order value, tier3 delivery area",0.16,logreg_v1_step2,2026-09-04T04:38:57.345330+00:00
2df13849-19e0-46f6-a449-8532cdf7c466,544b57dd-aae8-4d49-a2dc-9382a2b7ff69,0.0295,auto_approve,No strong individual risk drivers identified.,0.16,logreg_v1_step2,2026-09-04T04:38:57.345330+00:00
b035b34c-24eb-449b-a4ab-0227cee23299,f8058711-faa6-4eca-a2ab-1fa0ad185832,0.059,auto_approve,Elevated risk driven by: home category,0.16,logreg_v1_step2,2026-09-04T04:38:57.345330+00:00
6e1e3bfe-44aa-4e85-b345-0d9c40082c95,2302316f-5078-43eb-8c52-2fc10011451b,0.0705,auto_approve,"Elevated risk driven by: unusually low order value, large discount",0.16,logreg_v1_step2,2026-09-04T04:38:57.345330+00:00
00942148-2646-40de-85da-cee3fa03242f,b7df5304-94d1-44a2-9245-f0fb6a43ac43,0.2217,flag_for_review,"Elevated risk driven by: COD payment, home category, unusually low order value",0.16,logreg_v1_step2,2026-09-04T04:38:57.345330+00:00
3e2a88eb-bfca-41a0-9551-4b7dc69241f6,5a71659c-1263-4448-8731-60f1df983197,0.2704,flag_for_review,"Elevated risk driven by: COD payment, customer's return history, beauty category",0.16,logreg_v1_step2,2026-09-04T04:38:57.345330+00:00
3df49327-b5c4-4a5d-9e9c-c70d190d755f,9a93ae46-0d1a-4537-a767-159ea6656f6d,0.2599,flag_for_review,"Elevated risk driven by: COD payment, unusually low order value, home category",0.16,logreg_v1_step2,2026-09-04T04:38:57.345330+00:00
3ff74714-98d6-4d21-9231-19948744ffc9,265ca8d0-3df8-4d6f-9712-d08685f17132,0.0222,auto_approve,"Elevated risk driven by: size-dependent item, beauty category",0.16,logreg_v1_step2,2026-09-04T04:38:57.345330+00:00
51ee9304-d47e-488c-8926-028444a41b17,2a7fb427-4c3e-481a-9333-4b2ce1a6dfcb,0.219,flag_for_review,"Elevated risk driven by: COD payment, home category, unusually low order value",0.16,logreg_v1_step2,2026-09-04T04:38:57.345330+00:00
54226469-c45e-43d4-bcaa-dd3f1917bb3e,50e25912-fb42-47f9-b5a9-ccf9e6b8d9c9,0.3905,flag_for_review,"Elevated risk driven by: no prior return history available, first-time buyer, large discount",0.16,logreg_v1_step2,2026-09-04T04:38:57.345330+00:00
865eadb2-36f0-4ade-b106-133a828c6202,b9ab6a4e-9e61-4225-8298-12bde10de7a7,0.1504,auto_approve,"Elevated risk driven by: home category, unusually low order value, large discount",0.16,logreg_v1_step2,2026-09-04T04:38:57.345330+00:00
943e5a8a-5c0f-4ee9-a5d3-8d6e2a7203db,dcfb9946-a9ab-4782-b840-e6aa0ca016ed,0.0535,auto_approve,Elevated risk driven by: customer's return history,0.16,logreg_v1_step2,2026-09-04T04:38:57.345330+00:00
392bd739-1c09-440c-856b-d2dc0b88cbb2,56a30258-3565-44b2-a8d7-1d0adece59a8,0.0544,auto_approve,"Elevated risk driven by: COD payment, unusually low order value",0.16,logreg_v1_step2,2026-09-04T04:38:57.345330+00:00
4c0539f1-9510-460f-8770-043ae9581ca6,4aa94a46-4510-4080-b9b0-34eb1ca77cd6,0.2127,flag_for_review,"Elevated risk driven by: size-dependent item, unusually low order value, tier3 delivery area",0.16,logreg_v1_step2,2026-09-04T04:38:57.345330+00:00
d680014b-55bb-45db-94f3-51393d7fd276,2aaeb018-2f2d-4450-8a9d-5980ffdd1d50,0.1223,auto_approve,"Elevated risk driven by: unusually low order value, customer's return history, fashion category",0.16,logreg_v1_step2,2026-09-04T04:38:57.345330+00:00
1ce084a8-86e0-490d-83ed-5681dedf1994,11eb7869-4707-43e9-b027-e2ca5551f9c8,0.4189,flag_for_review,"Elevated risk driven by: size-dependent item, COD payment, unusually low order value",0.16,logreg_v1_step2,2026-09-04T04:38:57.345330+00:00
5b1d7688-667a-47c6-b613-e3c8663d9826,544b57dd-aae8-4d49-a2dc-9382a2b7ff69,0.023,auto_approve,Elevated risk driven by: home category,0.16,logreg_v1_step2,2026-09-04T04:38:57.345330+00:00
998593ef-84a2-4385-b1cf-bdccc1e7e079,2c576be7-69b1-4b4d-9e40-1bf81cad07fc,0.0731,auto_approve,"Elevated risk driven by: customer's return history, unusually low order value",0.16,logreg_v1_step2,2026-09-04T04:38:57.345330+00:00
99c0a80d-62fb-41a6-90ea-da4beee50dbd,4d47ad50-ed68-4545-af4f-485a9b29b711,0.2718,flag_for_review,"Elevated risk driven by: size-dependent item, COD payment, fashion category",0.16,logreg_v1_step2,2026-09-04T04:38:57.345330+00:00
970bb09c-2ffc-4d0c-b0e8-cda579d365ae,44408e56-9a11-44d5-8a79-5e1ddafd28e1,0.0907,auto_approve,"Elevated risk driven by: large discount, unusually low order value",0.16,logreg_v1_step2,2026-09-04T04:38:57.345330+00:00
ced8a11b-8159-4a03-84c1-eaa65beeb1cb,c5d85ede-c256-42df-b993-35deb12a5516,0.1099,auto_approve,"Elevated risk driven by: home category, unusually low order value",0.16,logreg_v1_step2,2026-09-04T04:38:57.345330+00:00
6c122ee1-2c97-4da1-aab1-ac2527214549,a111ab22-4c88-4d83-b499-448d82133ae3,0.177,flag_for_review,"Elevated risk driven by: size-dependent item, fashion category, unusually low order value",0.16,logreg_v1_step2,2026-09-04T04:38:57.345330+00:00
7b13ea53-d912-4f1a-9ee2-62868f667181,767607d0-4d2d-44a6-b6ef-7324a793d146,0.054,auto_approve,Elevated risk driven by: large discount,0.16,logreg_v1_step2,2026-09-04T04:38:57.345330+00:00
49ec7bff-66ea-4615-8e0f-11823d4e1542,1e875744-08ed-4a3f-8cdb-457e2c478f1b,0.2389,flag_for_review,"Elevated risk driven by: size-dependent item, large discount, unusually low order value",0.16,logreg_v1_step2,2026-09-04T04:38:57.345330+00:00
27a20c67-3c76-43d5-9fc0-01ce03e7c86d,236d11d7-cc84-47c1-9d4b-15dd6891dcbc,0.3835,flag_for_review,"Elevated risk driven by: size-dependent item, COD payment, customer's return history",0.16,logreg_v1_step2,2026-09-04T04:38:57.345330+00:00
2fe6b359-4888-4553-96be-61175a1aaafd,938245c2-8647-4454-aa1b-998878f08b78,0.0745,auto_approve,"Elevated risk driven by: large discount, customer's return history, unusually low order value",0.16,logreg_v1_step2,2026-09-04T04:38:57.345330+00:00
5cfc2522-1760-4b43-8fb8-824b97e9193c,d36a7387-21ab-43e5-bcb9-dcddf807849d,0.0891,auto_approve,"Elevated risk driven by: large discount, COD payment",0.16,logreg_v1_step2,2026-09-04T04:38:57.345330+00:00
335f60f2-0a9d-4e66-8de3-99e986627dcc,9a961340-7bf0-40b9-a285-d934dafdbce8,0.7502,flag_for_review,"Elevated risk driven by: size-dependent item, COD payment, no prior return history available",0.16,logreg_v1_step2,2026-09-04T04:38:57.345330+00:00
42f4825d-1ed3-4627-888d-f3f29304f6c0,b5613467-d329-4102-b724-eb47dc04ed5f,0.0616,auto_approve,"Elevated risk driven by: unusually low order value, customer's return history",0.16,logreg_v1_step2,2026-09-04T04:38:57.345330+00:00
78cb7c6f-a4ba-41fc-9470-b3c14f0bf5e8,0651ab9e-5b2b-46c4-9215-ff97762857c1,0.3353,flag_for_review,"Elevated risk driven by: large discount, size-dependent item, customer's return history",0.16,logreg_v1_step2,2026-09-04T04:38:57.345330+00:00
36468129-98d1-496b-a1dd-8d4ed9ea5e6c,2e76c875-ce73-48b8-bb52-d2936c93ded9,0.2567,flag_for_review,"Elevated risk driven by: COD payment, unusually low order value, home category",0.16,logreg_v1_step2,2026-09-04T04:38:57.345330+00:00
92601071-e069-43d2-a422-f497fc4f4e3b,11174ed1-8ca6-4cf5-bbe2-8a4f930137ed,0.0283,auto_approve,Elevated risk driven by: unusually low order value,0.16,logreg_v1_step2,2026-09-04T04:38:57.345330+00:00
c3a76e74-0a54-4891-aa24-73b0afd44382,e4fc2035-70f1-45b1-82d0-0ee396f0a984,0.2323,flag_for_review,"Elevated risk driven by: size-dependent item, unusually low order value, fashion category",0.16,logreg_v1_step2,2026-09-04T04:38:57.345330+00:00
04209f14-f3d4-4c12-b929-c2bcd154eb6a,19ae94ec-7d3b-445f-b9ac-092f54f91579,0.1549,auto_approve,"Elevated risk driven by: COD payment, home category, large discount",0.16,logreg_v1_step2,2026-09-04T04:38:57.345330+00:00
dd04d71d-be02-48a0-a0d4-339b66d8698c,966b6ee7-2d58-4b01-b2f1-b62362bf1b4d,0.1093,auto_approve,"Elevated risk driven by: COD payment, large discount, customer's return history",0.16,logreg_v1_step2,2026-09-04T04:38:57.345330+00:00
c332a6bd-c6aa-40a3-a102-fa5d21a0ac4d,76d2e938-826e-436d-8e9e-46c56a7a791e,0.1037,auto_approve,"Elevated risk driven by: size-dependent item, fashion category",0.16,logreg_v1_step2,2026-09-04T04:38:57.345330+00:00
2d9ca7a9-5352-46e4-b156-a5d24e673d41,694022be-f45b-4b98-8a1e-01682ff6e821,0.0091,auto_approve,No strong individual risk drivers identified.,0.16,logreg_v1_step2,2026-09-04T04:38:57.345330+00:00
76419fa0-9197-4934-acd2-94b542b37426,2286f067-3fb8-4d9d-8502-469f39a46441,0.3536,flag_for_review,"Elevated risk driven by: large discount, size-dependent item, unusually low order value",0.16,logreg_v1_step2,2026-09-04T04:38:57.345330+00:00
e5b1a233-e7c4-442c-9062-35d537a552ae,195d09db-3869-4cad-9b66-f224746d5e53,0.4848,flag_for_review,"Elevated risk driven by: large discount, COD payment, no prior return history available",0.16,logreg_v1_step2,2026-09-04T04:38:57.345330+00:00
badeaf30-e2d3-45bf-b341-8e76639920d9,47c8a40a-5a46-43c6-9be3-3ced3fc16085,0.1831,flag_for_review,"Elevated risk driven by: size-dependent item, unusually low order value, fashion category",0.16,logreg_v1_step2,2026-09-04T04:38:57.345330+00:00
6acf136c-cb25-4edc-94a1-81d6650b2215,627c64b8-7f4f-48a1-ac38-9594119b679b,0.3636,flag_for_review,"Elevated risk driven by: customer's return history, large discount, home category",0.16,logreg_v1_step2,2026-09-04T04:38:57.345330+00:00
aff7cab8-c388-4244-b0e1-e55443b7204f,d3db41bc-bf8f-46e0-94b1-984f27ff9af2,0.1067,auto_approve,"Elevated risk driven by: customer's return history, beauty category, unusually low order value",0.16,logreg_v1_step2,2026-09-04T04:38:57.345330+00:00
d0aafb0a-f1e8-4dd8-99d4-8d0a5bff722e,af2adf9c-435e-4fe7-a1a9-ef7535a438fc,0.279,flag_for_review,"Elevated risk driven by: customer's return history, COD payment, fashion category",0.16,logreg_v1_step2,2026-09-04T04:38:57.345330+00:00
b510c05d-d98c-4b52-bf1b-a127c61bea8d,f2811512-6d74-428f-81ae-77df22796b31,0.3054,flag_for_review,"Elevated risk driven by: size-dependent item, fashion category, unusually low order value",0.16,logreg_v1_step2,2026-09-04T04:38:57.345330+00:00
c9b35ba4-f518-444e-8dac-528d068f2665,f3145bea-0697-4659-8b9e-3e13d84ec40f,0.1225,auto_approve,"Elevated risk driven by: tier3 delivery area, unusually low order value, customer's return history",0.16,logreg_v1_step2,2026-09-04T04:38:57.345330+00:00
d8733663-8d8d-4d1c-b3ba-6dd458fe4305,8b84f422-bb78-4d5b-8e7c-ee05fa3b7db7,0.063,auto_approve,Elevated risk driven by: large discount,0.16,logreg_v1_step2,2026-09-04T04:38:57.345330+00:00
dfc67ab7-67c0-4e94-9bc9-30c137d19049,06685c5f-2341-4003-97cd-809136d21d44,0.0476,auto_approve,"Elevated risk driven by: large discount, unusually low order value, customer's return history",0.16,logreg_v1_step2,2026-09-04T04:38:57.345330+00:00
413d6460-9eeb-4737-a544-79f4e39064d2,6df9a58c-9831-41d7-8a30-4c1802eb1988,0.1463,auto_approve,"Elevated risk driven by: COD payment, home category, unusually low order value",0.16,logreg_v1_step2,2026-09-04T04:38:57.345330+00:00
604aa7cf-55ad-4052-84d0-17c6a3c61205,24dc633c-de4a-4152-ae24-3e42211235f1,0.3285,flag_for_review,"Elevated risk driven by: size-dependent item, COD payment, fashion category",0.16,logreg_v1_step2,2026-09-04T04:38:57.345330+00:00
0acccf8e-d525-4c1d-99c7-0289223d97ee,fef95b95-e8b3-4b99-bd01-70cdb0afe2fe,0.0935,auto_approve,"Elevated risk driven by: home category, unusually low order value, customer's return history",0.16,logreg_v1_step2,2026-09-04T04:38:57.345330+00:00
578620c2-dade-4c13-9af5-7d752924e122,63d8dd12-39d4-4e1e-bdd7-72b1c1a0b1c0,0.4796,flag_for_review,"Elevated risk driven by: size-dependent item, COD payment, large discount",0.16,logreg_v1_step2,2026-09-04T04:38:57.345330+00:00
e57dd8d8-d0a3-4413-89cf-e2a04c66277b,5a71659c-1263-4448-8731-60f1df983197,0.0821,auto_approve,"Elevated risk driven by: COD payment, customer's return history, unusually low order value",0.16,logreg_v1_step2,2026-09-04T04:38:57.345330+00:00
a35dc6c9-f8dc-4d56-a7c9-d8c89b7bf926,938245c2-8647-4454-aa1b-998878f08b78,0.0586,auto_approve,"Elevated risk driven by: unusually low order value, large discount",0.16,logreg_v1_step2,2026-09-04T04:38:57.345330+00:00
0c713292-cc5a-45e7-a3a5-5b2882c7422c,4e7e2663-eb2c-432d-96ec-3f130e2e0946,0.057,auto_approve,Elevated risk driven by: home category,0.16,logreg_v1_step2,2026-09-04T04:38:57.345330+00:00
6d8770ff-8f5e-4fe2-a3ae-3c22525b8553,f0a8c6bf-2809-4029-9113-e981813368f5,0.3098,flag_for_review,"Elevated risk driven by: size-dependent item, customer's return history, unusually low order value",0.16,logreg_v1_step2,2026-09-04T04:38:57.345330+00:00
5092203b-91fa-4901-b9ad-434df5714fb7,3b68140d-c04c-4ece-87a7-1b051083612b,0.0319,auto_approve,No strong individual risk drivers identified.,0.16,logreg_v1_step2,2026-09-04T04:38:57.345330+00:00
0135c93d-4b86-46b5-8d05-2399302a3953,b5613467-d329-4102-b724-eb47dc04ed5f,0.3032,flag_for_review,"Elevated risk driven by: no prior return history available, first-time buyer, large discount",0.16,logreg_v1_step2,2026-09-04T04:38:57.345330+00:00
4b81eef1-3981-4292-9fe5-8576c87b3ff2,a2a6e4a7-73f0-4f60-8023-1d364c305e4d,0.0371,auto_approve,"Elevated risk driven by: large discount, unusually low order value",0.16,logreg_v1_step2,2026-09-04T04:38:57.345330+00:00
5357d45a-cba6-4526-aa33-85e635f8d141,0b6f3e2b-84fe-456b-ad93-ffcb76fb728f,0.292,flag_for_review,"Elevated risk driven by: COD payment, tier3 delivery area, beauty category",0.16,logreg_v1_step2,2026-09-04T04:38:57.345330+00:00
4fcde397-5a71-401c-b78e-c200440228bf,a08246dd-24d9-48bb-b9d1-2b3dd9ac343f,0.0219,auto_approve,No strong individual risk drivers identified.,0.16,logreg_v1_step2,2026-09-04T04:38:57.345330+00:00
cf9c116b-0279-4a98-887f-703845062dae,0ff3d3c4-7bad-4eb0-a3ea-a49b30616993,0.2461,flag_for_review,"Elevated risk driven by: size-dependent item, customer's return history, fashion category",0.16,logreg_v1_step2,2026-09-04T04:38:57.345330+00:00
de96c998-e466-4a5c-8159-64ecb95078ad,cd8465b3-5dc0-4918-a21f-702a430fdf4a,0.0242,auto_approve,Elevated risk driven by: home category,0.16,logreg_v1_step2,2026-09-04T04:38:57.345330+00:00
986ec5b1-d228-445b-b110-39796a29e01a,5c3a491b-f023-457b-9da7-95a4eedebd89,0.3021,flag_for_review,"Elevated risk driven by: size-dependent item, unusually low order value, tier3 delivery area",0.16,logreg_v1_step2,2026-09-04T04:38:57.345330+00:00
9873ce32-b747-43b5-98cf-79dddb2e6458,277a79e8-5c1c-4c5a-b093-506fa7146b60,0.1967,flag_for_review,"Elevated risk driven by: COD payment, unusually low order value, beauty category",0.16,logreg_v1_step2,2026-09-04T04:38:57.345330+00:00
951b76ff-b8eb-4964-98d8-7c4632c96261,8ea8ec03-416f-4438-a527-3c864c97142a,0.1983,flag_for_review,"Elevated risk driven by: no prior return history available, first-time buyer, home category",0.16,logreg_v1_step2,2026-09-04T04:38:57.345330+00:00
fd064881-44c2-4b29-ada8-9c6137841bae,c5e8aef0-7362-4837-9a04-8b3fa7ff821e,0.3657,flag_for_review,"Elevated risk driven by: customer's return history, COD payment, unusually low order value",0.16,logreg_v1_step2,2026-09-04T04:38:57.345330+00:00
a1bd37ed-9c17-4f77-8519-6580b39dbfb8,c5d85ede-c256-42df-b993-35deb12a5516,0.1105,auto_approve,"Elevated risk driven by: beauty category, customer's return history, unusually low order value",0.16,logreg_v1_step2,2026-09-04T04:38:57.345330+00:00
8503a303-40c3-418c-9b79-1f0457aac10e,c5fd9c94-3843-4ddf-b5c7-c489fcb0d769,0.2869,flag_for_review,"Elevated risk driven by: size-dependent item, unusually low order value, fashion category",0.16,logreg_v1_step2,2026-09-04T04:38:57.345330+00:00
b730e8d3-3648-40a5-a906-c0bd2c6d4521,4d47ad50-ed68-4545-af4f-485a9b29b711,0.0569,auto_approve,"Elevated risk driven by: large discount, unusually low order value",0.16,logreg_v1_step2,2026-09-04T04:38:57.345330+00:00
c83adbc5-ced0-45ce-9f5e-c0e0a7b69c15,cd22e339-d3f8-4cc3-a7e9-96ec53435b80,0.3284,flag_for_review,"Elevated risk driven by: size-dependent item, large discount, tier3 delivery area",0.16,logreg_v1_step2,2026-09-04T04:38:57.345330+00:00
8ab64ea0-4109-417a-bf2b-ba9be8a69b38,b209d179-6418-4f8c-bd42-8e4f831f0776,0.2439,flag_for_review,"Elevated risk driven by: size-dependent item, unusually low order value, fashion category",0.16,logreg_v1_step2,2026-09-04T04:38:57.345330+00:00
bd9eb4b8-e26c-48a0-994e-0872f63eac8e,c5d85ede-c256-42df-b993-35deb12a5516,0.2672,flag_for_review,"Elevated risk driven by: size-dependent item, tier3 delivery area, fashion category",0.16,logreg_v1_step2,2026-09-04T04:38:57.345330+00:00
5893ed3d-4e1f-4a32-bdea-e8f14f949324,28ec42d4-b23f-4146-a22d-131afdd06fec,0.0398,auto_approve,"Elevated risk driven by: customer's return history, unusually low order value",0.16,logreg_v1_step2,2026-09-04T04:38:57.345330+00:00
931f225c-2462-4750-b987-a8ac1c7a0ecf,6df9a58c-9831-41d7-8a30-4c1802eb1988,0.0356,auto_approve,Elevated risk driven by: fashion category,0.16,logreg_v1_step2,2026-09-04T04:38:57.345330+00:00
97eac79d-7dda-4e2d-ae36-70d081a133e2,2c8c4ed5-0ee6-4145-a8e3-a232e31c8b98,0.0592,auto_approve,"Elevated risk driven by: beauty category, customer's return history",0.16,logreg_v1_step2,2026-09-04T04:38:57.345330+00:00
e7b11440-1150-4205-ad90-bf2867b7421f,ace1ab49-d6e4-4784-9490-26eccef63611,0.0382,auto_approve,No strong individual risk drivers identified.,0.16,logreg_v1_step2,2026-09-04T04:38:57.345330+00:00
ab60b30b-5d94-4332-8f7a-ec94d31ddd9e,c5d85ede-c256-42df-b993-35deb12a5516,0.146,auto_approve,"Elevated risk driven by: home category, unusually low order value, customer's return history",0.16,logreg_v1_step2,2026-09-04T04:38:57.345330+00:00
b66eb27a-efb3-4a49-95c9-a95d18583fb5,cb8611ae-38b8-43ce-b1e3-ac68753f2f95,0.0377,auto_approve,No strong individual risk drivers identified.,0.16,logreg_v1_step2,2026-09-04T04:38:57.345330+00:00
8f17c5a9-d18a-4e41-bd0b-91053d260a18,7df49286-f10b-4148-a2d3-fc893ae7ac45,0.121,auto_approve,"Elevated risk driven by: size-dependent item, fashion category, customer's return history",0.16,logreg_v1_step2,2026-09-04T04:38:57.345330+00:00
506b57cf-c630-4a92-af60-201784c3e9ac,5a71659c-1263-4448-8731-60f1df983197,0.2912,flag_for_review,"Elevated risk driven by: COD payment, customer's return history, unusually low order value",0.16,logreg_v1_step2,2026-09-04T04:38:57.345330+00:00
16edfd4a-7779-4604-80e0-8516d512657e,4df6a3b0-7a24-4c8d-9f36-45157f53066e,0.2564,flag_for_review,"Elevated risk driven by: COD payment, customer's return history, unusually low order value",0.16,logreg_v1_step2,2026-09-04T04:38:57.345330+00:00
cc6b2d10-3932-4459-abe6-cb3d3900f177,cda74f38-f117-46e6-86c1-27f5329aede0,0.1486,auto_approve,"Elevated risk driven by: customer's return history, home category",0.16,logreg_v1_step2,2026-09-04T04:38:57.345330+00:00
5d8396bd-612e-41e7-a881-73890385612d,5838baf1-7a04-4a52-9d9d-c2ef48187e91,0.1485,auto_approve,"Elevated risk driven by: no prior return history available, first-time buyer, unusually low order value",0.16,logreg_v1_step2,2026-09-04T04:38:57.345330+00:00
54798a3d-23b9-4d0c-bc9e-49a3eda0ff08,787739e4-6bfc-4e51-b3b0-26408d0e386e,0.2339,flag_for_review,"Elevated risk driven by: size-dependent item, fashion category, unusually low order value",0.16,logreg_v1_step2,2026-09-04T04:38:57.345330+00:00
efbb764c-0b89-4dae-8022-bbf9ef1fd3cf,b0694581-e5bf-4757-913a-46834d324ff0,0.3115,flag_for_review,"Elevated risk driven by: COD payment, fashion category, unusually low order value",0.16,logreg_v1_step2,2026-09-04T04:38:57.345330+00:00
0e1e78d6-dca1-4522-8409-76b33ea36f90,f9691f62-eba3-4973-ac0d-3de0ec286d88,0.1193,auto_approve,"Elevated risk driven by: customer's return history, fashion category, unusually low order value",0.16,logreg_v1_step2,2026-09-04T04:38:57.345330+00:00
0521d11e-47d7-41ef-8550-6453dd8b40a6,10546d08-1053-4bf0-976f-4c40b2dcb1c8,0.3113,flag_for_review,"Elevated risk driven by: size-dependent item, COD payment, unusually low order value",0.16,logreg_v1_step2,2026-09-04T04:38:57.345330+00:00
7e4995ef-0505-4629-a09e-92d2ddfe4d08,4f3c225f-0b4b-4f93-b874-e66903ab3dc3,0.065,auto_approve,"Elevated risk driven by: fashion category, unusually low order value",0.16,logreg_v1_step2,2026-09-04T04:38:57.345330+00:00
5c0f9a59-5139-4c87-9a13-24355ef68d86,c04c2c09-5f42-4b59-aeb5-6d35280a5d01,0.1428,auto_approve,"Elevated risk driven by: home category, unusually low order value, tier3 delivery area",0.16,logreg_v1_step2,2026-09-04T04:38:57.345330+00:00
a95f00e8-4611-4110-a044-3a096c326e97,c5d85ede-c256-42df-b993-35deb12a5516,0.0974,auto_approve,"Elevated risk driven by: customer's return history, large discount, unusually low order value",0.16,logreg_v1_step2,2026-09-04T04:38:57.345330+00:00
ec86ca6a-6f97-4e2f-a1a2-d3fed6f1b777,5e758f8f-c2ad-4e0c-b4fc-026916c24854,0.3351,flag_for_review,"Elevated risk driven by: size-dependent item, large discount, tier3 delivery area",0.16,logreg_v1_step2,2026-09-04T04:38:57.345330+00:00
71b4a7d3-31b9-4a46-a2ba-76ff6925eb9e,9770188e-26df-49a0-9585-a1ffa837217a,0.0612,auto_approve,Elevated risk driven by: fashion category,0.16,logreg_v1_step2,2026-09-04T04:38:57.345330+00:00
c0380895-3209-4116-a363-6d5476f48000,423107d7-155f-4bae-92aa-4c3cfbee5d71,0.2431,flag_for_review,"Elevated risk driven by: size-dependent item, unusually low order value, fashion category",0.16,logreg_v1_step2,2026-09-04T04:38:57.345330+00:00
25d16f8d-dfca-4f4b-90e8-93f0d06f3f5b,2302316f-5078-43eb-8c52-2fc10011451b,0.1309,auto_approve,"Elevated risk driven by: size-dependent item, fashion category, large discount",0.16,logreg_v1_step2,2026-09-04T04:38:57.345330+00:00
22c10add-548a-4e40-bc0a-8ba84153af36,83fe6a19-57b5-4519-982d-d7d7bca39396,0.1845,flag_for_review,"Elevated risk driven by: unusually low order value, home category, large discount",0.16,logreg_v1_step2,2026-09-04T04:38:57.345330+00:00
36fea731-a964-464d-aa80-59844ed77776,44408e56-9a11-44d5-8a79-5e1ddafd28e1,0.2263,flag_for_review,"Elevated risk driven by: size-dependent item, fashion category, large discount",0.16,logreg_v1_step2,2026-09-04T04:38:57.345330+00:00
210c0473-e623-479b-8c5f-ced0f7f7aae7,00ee6a6c-7fdb-4d2c-971d-b1bfa29fc269,0.5259,flag_for_review,"Elevated risk driven by: size-dependent item, COD payment, unusually low order value",0.16,logreg_v1_step2,2026-09-04T04:38:57.345330+00:00
c6efbc2a-c3ca-4159-908a-2f1ea8efcb1f,5e758f8f-c2ad-4e0c-b4fc-026916c24854,0.209,flag_for_review,"Elevated risk driven by: COD payment, home category, unusually low order value",0.16,logreg_v1_step2,2026-09-04T04:38:57.345330+00:00
b0506bdd-19dc-4b31-9317-109b937c6cbf,00ee6a6c-7fdb-4d2c-971d-b1bfa29fc269,0.1042,auto_approve,"Elevated risk driven by: COD payment, unusually low order value",0.16,logreg_v1_step2,2026-09-04T04:38:57.345330+00:00
58de1d42-8eac-4bfa-8781-31725752c3a5,cd508d92-15fe-4a35-9c1b-37a278d36ea4,0.2672,flag_for_review,"Elevated risk driven by: COD payment, home category, tier3 delivery area",0.16,logreg_v1_step2,2026-09-04T04:38:57.345330+00:00
798c0009-a437-485e-a74d-7cb4e9c7455b,d56f7193-f59e-423c-9468-0a8efe5cd8c9,0.3189,flag_for_review,"Elevated risk driven by: COD payment, tier3 delivery area, customer's return history",0.16,logreg_v1_step2,2026-09-04T04:38:57.345330+00:00
8772b904-50a3-460f-960a-f46cd96bddc2,44d21b00-d54f-48d7-9418-d12221557978,0.0693,auto_approve,"Elevated risk driven by: home category, tier3 delivery area, customer's return history",0.16,logreg_v1_step2,2026-09-04T04:38:57.345330+00:00
d8870b63-64e9-4be9-9c3b-1bcd11bc57a4,cd03dd27-2fc9-486c-998f-c61cf34b93ab,0.3992,flag_for_review,"Elevated risk driven by: COD payment, customer's return history, tier3 delivery area",0.16,logreg_v1_step2,2026-09-04T04:38:57.345330+00:00
805eb6be-2eb0-4699-a12d-b6ee777eb732,141851fb-39b4-4b0b-8cc4-7cd819c8a26e,0.3315,flag_for_review,"Elevated risk driven by: COD payment, no prior return history available, first-time buyer",0.16,logreg_v1_step2,2026-09-04T04:38:57.345330+00:00
e9abe771-f0ac-4498-af44-ac7c1af102b7,c987e835-2514-40cd-834c-f4d2261dd56b,0.1599,auto_approve,"Elevated risk driven by: no prior return history available, first-time buyer, unusually low order value",0.16,logreg_v1_step2,2026-09-04T04:38:57.345330+00:00
62fc110e-6919-4014-a5b4-4104fe269f6c,ded4396a-49de-44e3-a773-49b635f42e59,0.8383,flag_for_review,"Elevated risk driven by: size-dependent item, large discount, COD payment",0.16,logreg_v1_step2,2026-09-04T04:38:57.345330+00:00
15b4f59e-dbf2-4941-bfe2-1a59698c3574,76994c2c-807b-4d69-8281-3339451c46e2,0.0899,auto_approve,"Elevated risk driven by: tier3 delivery area, customer's return history, unusually low order value",0.16,logreg_v1_step2,2026-09-04T04:38:57.345330+00:00
0f5b2baf-b307-4484-8c15-83e25425d796,e4fc2035-70f1-45b1-82d0-0ee396f0a984,0.1931,flag_for_review,"Elevated risk driven by: size-dependent item, fashion category, unusually low order value",0.16,logreg_v1_step2,2026-09-04T04:38:57.345330+00:00
3c709728-369c-44b6-a812-dd31d8f57fd4,b409e3d7-b9a4-422f-952f-eaf1d5521144,0.0404,auto_approve,Elevated risk driven by: customer's return history,0.16,logreg_v1_step2,2026-09-04T04:38:57.345330+00:00
898b4d2d-5e03-4d5a-9b39-07127a4f3b74,44408e56-9a11-44d5-8a79-5e1ddafd28e1,0.0185,auto_approve,"Elevated risk driven by: COD payment, large discount",0.16,logreg_v1_step2,2026-09-04T04:38:57.345330+00:00
0f34ca6f-1e72-409c-959b-8acec3d75787,76af2820-184c-47d9-9bd2-4b2f7eb04dc2,0.3008,flag_for_review,"Elevated risk driven by: large discount, COD payment, beauty category",0.16,logreg_v1_step2,2026-09-04T04:38:57.345330+00:00
8e706920-36f8-491c-8ccc-e3ca2262d02f,98bb6a4e-5816-4c18-b212-7ca3230dbc5b,0.0187,auto_approve,Elevated risk driven by: unusually low order value,0.16,logreg_v1_step2,2026-09-04T04:38:57.345330+00:00
258953c1-5911-48a9-9676-38906cca8188,ba9504c7-b413-4ee9-861d-702ad1482abd,0.2925,flag_for_review,"Elevated risk driven by: size-dependent item, COD payment, unusually low order value",0.16,logreg_v1_step2,2026-09-04T04:38:57.345330+00:00
8fff632f-7f50-46b3-b5dd-6a979053df77,83fe6a19-57b5-4519-982d-d7d7bca39396,0.1135,auto_approve,"Elevated risk driven by: home category, unusually low order value, customer's return history",0.16,logreg_v1_step2,2026-09-04T04:38:57.345330+00:00
f06b20c0-c37e-4027-92bd-9ac8bf1b180a,87c90f8c-18d5-41bd-a017-72dc3f5b1ad3,0.0903,auto_approve,"Elevated risk driven by: unusually low order value, fashion category",0.16,logreg_v1_step2,2026-09-04T04:38:57.345330+00:00
64816048-2032-4fa7-b9f6-bb37041e7bf4,7ec9d46b-0141-4835-accd-a9841843ca7e,0.336,flag_for_review,"Elevated risk driven by: size-dependent item, COD payment, fashion category",0.16,logreg_v1_step2,2026-09-04T04:38:57.345330+00:00
c91b64a3-a040-4465-bf62-91d1cbf31d26,ace1ab49-d6e4-4784-9490-26eccef63611,0.1595,auto_approve,"Elevated risk driven by: COD payment, unusually low order value, large discount",0.16,logreg_v1_step2,2026-09-04T04:38:57.345330+00:00
f3695f78-64c9-4fcb-830f-9b8767764060,c96a9e4f-f6e2-4582-900e-e47a05c7f83a,0.0219,auto_approve,"Elevated risk driven by: customer's return history, unusually low order value",0.16,logreg_v1_step2,2026-09-04T04:38:57.345330+00:00
593c291e-cb19-41da-9fa2-523789a3aae0,ace1ab49-d6e4-4784-9490-26eccef63611,0.1773,flag_for_review,"Elevated risk driven by: size-dependent item, unusually low order value, fashion category",0.16,logreg_v1_step2,2026-09-04T04:38:57.345330+00:00
f3adcc31-b7c1-47c9-87ac-a80acc7163a0,af989da4-8ff4-45a1-a5d5-4794c1a3f060,0.2598,flag_for_review,"Elevated risk driven by: size-dependent item, fashion category, customer's return history",0.16,logreg_v1_step2,2026-09-04T04:38:57.345330+00:00
5f1e662e-a06d-4097-92eb-9059eca6f3ba,e1a003ea-5c5b-42d1-ba24-ccd143e04a66,0.1923,flag_for_review,"Elevated risk driven by: customer's return history, unusually low order value, fashion category",0.16,logreg_v1_step2,2026-09-04T04:38:57.345330+00:00
7a6037ea-6e13-4f4b-b952-f1dfdec35534,44408e56-9a11-44d5-8a79-5e1ddafd28e1,0.3399,flag_for_review,"Elevated risk driven by: size-dependent item, tier3 delivery area, fashion category",0.16,logreg_v1_step2,2026-09-04T04:38:57.345330+00:00
abd2418e-28c7-4320-84fd-49cad6871c2f,ace1ab49-d6e4-4784-9490-26eccef63611,0.0915,auto_approve,"Elevated risk driven by: fashion category, unusually low order value",0.16,logreg_v1_step2,2026-09-04T04:38:57.345330+00:00
aff85f79-3c03-4eb5-927b-fbd2bcaff6c2,6a72a586-9fca-4e98-a9df-52567df72a6a,0.2081,flag_for_review,"Elevated risk driven by: COD payment, home category, unusually low order value",0.16,logreg_v1_step2,2026-09-04T04:38:57.345330+00:00
bef8907b-6dee-4828-aa73-66e934a3761b,cd8465b3-5dc0-4918-a21f-702a430fdf4a,0.3394,flag_for_review,"Elevated risk driven by: size-dependent item, COD payment, large discount",0.16,logreg_v1_step2,2026-09-04T04:38:57.345330+00:00
3f2917c7-1cc3-4685-be56-5eb5c9f0a4e5,4aa94a46-4510-4080-b9b0-34eb1ca77cd6,0.2536,flag_for_review,"Elevated risk driven by: size-dependent item, COD payment, fashion category",0.16,logreg_v1_step2,2026-09-04T04:38:57.345330+00:00
27c813d5-c19d-4847-8246-9c88226d55a4,9a93ae46-0d1a-4537-a767-159ea6656f6d,0.369,flag_for_review,"Elevated risk driven by: size-dependent item, COD payment, unusually low order value",0.16,logreg_v1_step2,2026-09-04T04:38:57.345330+00:00
fb13e998-7208-46cb-bd78-db2b04fd5b7b,2bf1c610-a75b-412d-b0ce-9dc111d20e3c,0.092,auto_approve,"Elevated risk driven by: size-dependent item, fashion category, customer's return history",0.16,logreg_v1_step2,2026-09-04T04:38:57.345330+00:00
e087386b-3eba-41f0-8001-c561fd767bff,906a171c-f8ef-4c41-9106-4dedffaed9e4,0.027,auto_approve,Elevated risk driven by: unusually low order value,0.16,logreg_v1_step2,2026-09-04T04:38:57.345330+00:00
8152c354-7d16-4fcf-8591-ce2ce50b038d,44408e56-9a11-44d5-8a79-5e1ddafd28e1,0.2219,flag_for_review,"Elevated risk driven by: size-dependent item, fashion category, unusually low order value",0.16,logreg_v1_step2,2026-09-04T04:38:57.345330+00:00
c48ca828-3590-45a8-a628-5c1ec697e631,ded4396a-49de-44e3-a773-49b635f42e59,0.4075,flag_for_review,"Elevated risk driven by: customer's return history, size-dependent item, large discount",0.16,logreg_v1_step2,2026-09-04T04:38:57.345330+00:00
76d80150-6b43-4acf-b4b8-7237d864b8ef,93e4f60d-9a3b-4673-814d-a1c4b7fe7865,0.1012,auto_approve,"Elevated risk driven by: COD payment, customer's return history, large discount",0.16,logreg_v1_step2,2026-09-04T04:38:57.345330+00:00
593d31e4-4c9f-4287-94cd-e3089b1bbc30,28660f34-5a61-4e07-8f8c-96c4fb8d6d70,0.0289,auto_approve,No strong individual risk drivers identified.,0.16,logreg_v1_step2,2026-09-04T04:38:57.345330+00:00
f95feca1-b13b-4800-a36d-8c925b4cb27f,2b0aed48-0816-4dd9-b18b-7acd4c255c96,0.1453,auto_approve,"Elevated risk driven by: COD payment, unusually low order value, large discount",0.16,logreg_v1_step2,2026-09-04T04:38:57.345330+00:00
a4795276-2fe3-43ad-bc84-655502ce0b8c,d5ed1c34-161c-414d-b34b-6029b6051817,0.153,auto_approve,"Elevated risk driven by: home category, large discount, unusually low order value",0.16,logreg_v1_step2,2026-09-04T04:38:57.345330+00:00
e85dcead-ef0d-4a73-a0e0-f324ceb84226,00ee6a6c-7fdb-4d2c-971d-b1bfa29fc269,0.0497,auto_approve,Elevated risk driven by: unusually low order value,0.16,logreg_v1_step2,2026-09-04T04:38:57.345330+00:00
507b8555-be1d-4d50-8f03-8f736f41c51d,d58ed780-65ee-4c51-be5d-39ded6ec4c3d,0.1216,auto_approve,"Elevated risk driven by: unusually low order value, customer's return history, beauty category",0.16,logreg_v1_step2,2026-09-04T04:38:57.345330+00:00
bd42c1f2-0074-4f8f-ae98-6f87507c1abf,c5e8aef0-7362-4837-9a04-8b3fa7ff821e,0.2795,flag_for_review,"Elevated risk driven by: customer's return history, large discount, unusually low order value",0.16,logreg_v1_step2,2026-09-04T04:38:57.345330+00:00
56696e8a-4c84-415e-b8fb-9363f6fe14d0,99e318ff-1a69-4f68-addf-975990bd0414,0.0613,auto_approve,"Elevated risk driven by: large discount, home category",0.16,logreg_v1_step2,2026-09-04T04:38:57.345330+00:00
a92d811c-de9e-44dd-a1a9-18cdd44528ad,8b84f422-bb78-4d5b-8e7c-ee05fa3b7db7,0.1734,flag_for_review,"Elevated risk driven by: COD payment, home category, unusually low order value",0.16,logreg_v1_step2,2026-09-04T04:38:57.345330+00:00
fb478216-fecb-4858-b491-53a1b0df55bc,295d4a40-aeb6-45a6-8138-a2b4c50415aa,0.3182,flag_for_review,"Elevated risk driven by: customer's return history, COD payment, unusually low order value",0.16,logreg_v1_step2,2026-09-04T04:38:57.345330+00:00
47253282-881c-4abd-a42b-2e381752dedc,92f8f8f3-1a19-41b0-9888-9ad14e0b35ba,0.0735,auto_approve,Elevated risk driven by: tier3 delivery area,0.16,logreg_v1_step2,2026-09-04T04:38:57.345330+00:00
121b5666-83d7-4b77-b8a7-753637dc2081,6bfa235b-d4d0-446f-85d2-e8dc00a3d98f,0.6988,flag_for_review,"Elevated risk driven by: customer's return history, size-dependent item, COD payment",0.16,logreg_v1_step2,2026-09-04T04:38:57.345330+00:00
93ed8a22-9225-4d64-836b-642bfd145ca6,cb8611ae-38b8-43ce-b1e3-ac68753f2f95,0.1711,flag_for_review,"Elevated risk driven by: large discount, unusually low order value, tier3 delivery area",0.16,logreg_v1_step2,2026-09-04T04:38:57.345330+00:00
6710af16-f4c1-451a-ad8c-3687581021d4,1ec19d12-c4c9-4320-a035-98e17c951577,0.172,flag_for_review,"Elevated risk driven by: size-dependent item, fashion category, unusually low order value",0.16,logreg_v1_step2,2026-09-04T04:38:57.345330+00:00
420f1b63-2e02-4067-9f00-0f223b341f8a,4e7e2663-eb2c-432d-96ec-3f130e2e0946,0.0422,auto_approve,"Elevated risk driven by: customer's return history, unusually low order value, large discount",0.16,logreg_v1_step2,2026-09-04T04:38:57.345330+00:00
26683162-0dc0-446d-901f-750d228f57b4,8ea9021b-0ac2-46d4-a8aa-e3c8ec9cb830,0.0509,auto_approve,Elevated risk driven by: large discount,0.16,logreg_v1_step2,2026-09-04T04:38:57.345330+00:00
19393c45-1b24-4d4a-9586-f0e77b897034,1aedda60-9451-4ebe-a71a-cb45e1d3d498,0.0372,auto_approve,Elevated risk driven by: customer's return history,0.16,logreg_v1_step2,2026-09-04T04:38:57.345330+00:00
470ed6e1-3944-4ce9-ac0f-7caa1da70864,d36a7387-21ab-43e5-bcb9-dcddf807849d,0.273,flag_for_review,"Elevated risk driven by: size-dependent item, unusually low order value, fashion category",0.16,logreg_v1_step2,2026-09-04T04:38:57.345330+00:00
99da26fb-872e-4df8-aa56-09d0f88367de,83fe6a19-57b5-4519-982d-d7d7bca39396,0.6604,flag_for_review,"Elevated risk driven by: size-dependent item, COD payment, no prior return history available",0.16,logreg_v1_step2,2026-09-04T04:38:57.345330+00:00
559da5de-080a-4a94-9cd0-d285dc2975f3,236d11d7-cc84-47c1-9d4b-15dd6891dcbc,0.1144,auto_approve,"Elevated risk driven by: large discount, COD payment, unusually low order value",0.16,logreg_v1_step2,2026-09-04T04:38:57.345330+00:00
77583f19-e19b-48a5-be0f-4fa11d3ffe93,dea29f8e-ac26-475e-a225-300fac669ed0,0.0428,auto_approve,"Elevated risk driven by: large discount, unusually low order value, customer's order count",0.16,logreg_v1_step2,2026-09-04T04:38:57.345330+00:00
daebfefa-4520-4679-8f93-f00af0ce4b78,a98ac6ed-5c74-42d1-a5a7-c801d82116e4,0.719,flag_for_review,"Elevated risk driven by: customer's return history, large discount, size-dependent item",0.16,logreg_v1_step2,2026-09-04T04:38:57.345330+00:00
71eb4b13-9524-45f6-bec9-95cf7bcd7488,fddab96a-bc23-43d2-a1f4-76de3a7b7f5c,0.0504,auto_approve,No strong individual risk drivers identified.,0.16,logreg_v1_step2,2026-09-04T04:38:57.345330+00:00
5de12795-16b2-4a11-9437-b47b1393d301,1adfba2a-67be-4047-b8d7-6fa58294836e,0.3472,flag_for_review,"Elevated risk driven by: size-dependent item, no prior return history available, first-time buyer",0.16,logreg_v1_step2,2026-09-04T04:38:57.345330+00:00
df434a38-1769-4928-a046-4c7a70ee700d,b4ae5054-bcbe-434f-a7dc-aa912dc9720b,0.074,auto_approve,"Elevated risk driven by: no prior return history available, first-time buyer, large discount",0.16,logreg_v1_step2,2026-09-04T04:38:57.345330+00:00
47ba0566-a8fa-460f-9214-90a7a5fe67c0,5f406040-6dfb-4ae2-9890-7f640e616156,0.6579,flag_for_review,"Elevated risk driven by: size-dependent item, COD payment, no prior return history available",0.16,logreg_v1_step2,2026-09-04T04:38:57.345330+00:00
4852892e-7b16-434f-8f64-aacfc735613c,c96a9e4f-f6e2-4582-900e-e47a05c7f83a,0.1756,flag_for_review,"Elevated risk driven by: COD payment, customer's return history, beauty category",0.16,logreg_v1_step2,2026-09-04T04:38:57.345330+00:00
8da0a7b5-3763-4321-a489-812d70ec43ae,c96a9e4f-f6e2-4582-900e-e47a05c7f83a,0.2021,flag_for_review,"Elevated risk driven by: customer's return history, home category, large discount",0.16,logreg_v1_step2,2026-09-04T04:38:57.345330+00:00
5dadbe95-fa70-4f12-9871-b69c87992dfc,6d89b6da-05be-4f09-b2f2-542a975f2f53,0.0906,auto_approve,"Elevated risk driven by: large discount, customer's return history",0.16,logreg_v1_step2,2026-09-04T04:38:57.345330+00:00
82d214bf-456b-4369-9dbb-f0131fc5f23a,48b73317-327f-4f67-934a-b6dd2d521db4,0.174,flag_for_review,"Elevated risk driven by: COD payment, beauty category, customer's return history",0.16,logreg_v1_step2,2026-09-04T04:38:57.345330+00:00
730cd409-845d-44dd-8eae-aefc5b791ad1,cd8465b3-5dc0-4918-a21f-702a430fdf4a,0.2122,flag_for_review,"Elevated risk driven by: size-dependent item, unusually low order value, fashion category",0.16,logreg_v1_step2,2026-09-04T04:38:57.345330+00:00
c17e2df3-89f3-4834-9c9d-660b99aee78c,a46a2b9d-9e01-4de2-ae6b-488580dd4d62,0.0748,auto_approve,Elevated risk driven by: unusually low order value,0.16,logreg_v1_step2,2026-09-04T04:38:57.345330+00:00
eddf7611-1db5-46dc-bae5-5bea32c72566,d0d8fe24-c852-4ca5-ba50-638075dc7939,0.1615,flag_for_review,"Elevated risk driven by: tier3 delivery area, fashion category, large discount",0.16,logreg_v1_step2,2026-09-04T04:38:57.345330+00:00
16c9e641-d7d2-4f89-879e-3be66b89b01d,56a30258-3565-44b2-a8d7-1d0adece59a8,0.3107,flag_for_review,"Elevated risk driven by: size-dependent item, COD payment, unusually low order value",0.16,logreg_v1_step2,2026-09-04T04:38:57.345330+00:00
82560650-919a-4f9c-a849-44d6b68e7a84,8ca2a1b1-e386-4bc2-966c-9f22b3b8e472,0.0301,auto_approve,Elevated risk driven by: large discount,0.16,logreg_v1_step2,2026-09-04T04:38:57.345330+00:00
90ce0167-3078-4dce-b40d-48035de751d0,711f5cd0-684e-467d-8f71-3d79c61f74e2,0.054,auto_approve,"Elevated risk driven by: unusually low order value, large discount",0.16,logreg_v1_step2,2026-09-04T04:38:57.345330+00:00
a184665d-77df-49cd-b578-7ee40c2ffe94,a6256430-3c71-4085-bbd4-f11ec5db53de,0.0342,auto_approve,"Elevated risk driven by: home category, tier3 delivery area",0.16,logreg_v1_step2,2026-09-04T04:38:57.345330+00:00
bd92c5ae-e9e7-431d-9abe-f6f5f4cf2736,f2811512-6d74-428f-81ae-77df22796b31,0.0402,auto_approve,"Elevated risk driven by: customer's order count, large discount",0.16,logreg_v1_step2,2026-09-04T04:38:57.345330+00:00
98d4f61c-8cb3-41c8-b218-07d29c5f3d9f,6b914b9c-926e-4431-b82e-f178aae9d5c0,0.0735,auto_approve,"Elevated risk driven by: unusually low order value, large discount, customer's return history",0.16,logreg_v1_step2,2026-09-04T04:38:57.345330+00:00
6b1797f8-3250-403d-b1f7-532122481ae4,c287c9ce-296a-4388-9fc4-948757440938,0.0728,auto_approve,"Elevated risk driven by: customer's return history, COD payment",0.16,logreg_v1_step2,2026-09-04T04:38:57.345330+00:00
cd73a67f-82dc-45b5-ac09-96b91096da1e,b209d179-6418-4f8c-bd42-8e4f831f0776,0.2775,flag_for_review,"Elevated risk driven by: size-dependent item, tier3 delivery area, fashion category",0.16,logreg_v1_step2,2026-09-04T04:38:57.345330+00:00
e89cc80e-15ec-45a3-a5a9-0ffbd82141e3,b7fee608-f381-4167-a173-bf1ad38bdb79,0.0984,auto_approve,"Elevated risk driven by: home category, tier3 delivery area, unusually low order value",0.16,logreg_v1_step2,2026-09-04T04:38:57.345330+00:00
66296e2e-a954-4609-9fef-5115eb15890e,85fb6dde-4673-4009-b279-08f034a747e3,0.0587,auto_approve,"Elevated risk driven by: beauty category, customer's return history, large discount",0.16,logreg_v1_step2,2026-09-04T04:38:57.345330+00:00
9aee4d3f-5719-4776-b66e-0b9f263b2cdd,0b6f3e2b-84fe-456b-ad93-ffcb76fb728f,0.179,flag_for_review,"Elevated risk driven by: COD payment, unusually low order value, tier3 delivery area",0.16,logreg_v1_step2,2026-09-04T04:38:57.345330+00:00
acca97cc-c8df-4141-8aa7-e70af18c064f,b39e2820-63bb-4385-b9d7-44c8956fa1b1,0.0521,auto_approve,"Elevated risk driven by: COD payment, unusually low order value",0.16,logreg_v1_step2,2026-09-04T04:38:57.345330+00:00
ade0dd72-7f8d-438f-a6c5-b152ab9701f4,80281626-ed74-46d1-a595-e40cdac50a8a,0.2982,flag_for_review,"Elevated risk driven by: size-dependent item, COD payment, fashion category",0.16,logreg_v1_step2,2026-09-04T04:38:57.345330+00:00
e1d7ada8-71a2-401c-9fc6-e4d14024f04d,f2811512-6d74-428f-81ae-77df22796b31,0.2482,flag_for_review,"Elevated risk driven by: size-dependent item, customer's return history, tier3 delivery area",0.16,logreg_v1_step2,2026-09-04T04:38:57.345330+00:00
f5a243a7-0734-499c-ad39-c3352086e1cb,c967d130-c116-4a5c-8589-391097b66b37,0.0568,auto_approve,"Elevated risk driven by: unusually low order value, beauty category",0.16,logreg_v1_step2,2026-09-04T04:38:57.345330+00:00
48e8f1af-8e87-4eef-a2d6-014bd481bed7,da84b692-c6d8-43fa-a00f-13d4135959fb,0.0279,auto_approve,"Elevated risk driven by: customer's return history, unusually low order value",0.16,logreg_v1_step2,2026-09-04T04:38:57.345330+00:00
1480bc2f-131a-465f-b4de-f9e7eb2d90c8,a6d7cc39-c408-4a35-a826-06da3efd2983,0.3694,flag_for_review,"Elevated risk driven by: size-dependent item, customer's return history, large discount",0.16,logreg_v1_step2,2026-09-04T04:38:57.345330+00:00
63d3fe13-6fbd-4c49-bb55-38ea56578d55,486a908c-5502-4cc0-9b75-37b03e21f6b3,0.1378,auto_approve,"Elevated risk driven by: large discount, unusually low order value, customer's return history",0.16,logreg_v1_step2,2026-09-04T04:38:57.345330+00:00
28ad418e-ea35-40d2-9971-027d02e8c28e,e4fc2035-70f1-45b1-82d0-0ee396f0a984,0.0678,auto_approve,"Elevated risk driven by: tier3 delivery area, customer's return history",0.16,logreg_v1_step2,2026-09-04T04:38:57.345330+00:00
be309971-5ecb-4c57-9abc-cb0230532fe5,835b4038-88dc-4965-b6b8-921d3b0ad19c,0.3318,flag_for_review,"Elevated risk driven by: size-dependent item, COD payment, unusually low order value",0.16,logreg_v1_step2,2026-09-04T04:38:57.345330+00:00
afdc6d2f-0258-4f54-9315-913349551ffd,295d4a40-aeb6-45a6-8138-a2b4c50415aa,0.1514,auto_approve,"Elevated risk driven by: customer's return history, COD payment, unusually low order value",0.16,logreg_v1_step2,2026-09-04T04:38:57.345330+00:00
3547e9a5-3459-47e6-a812-6a2e48ce9027,236d11d7-cc84-47c1-9d4b-15dd6891dcbc,0.0749,auto_approve,"Elevated risk driven by: large discount, beauty category",0.16,logreg_v1_step2,2026-09-04T04:38:57.345330+00:00
26991a54-b45c-4c19-bfe3-cceea2fb847e,84572a47-a77d-46d8-86cc-c2d51f78a29c,0.1662,flag_for_review,"Elevated risk driven by: size-dependent item, unusually low order value, fashion category",0.16,logreg_v1_step2,2026-09-04T04:38:57.345330+00:00
66384a42-3275-48d5-92ff-7cc14a725168,835b4038-88dc-4965-b6b8-921d3b0ad19c,0.2277,flag_for_review,"Elevated risk driven by: COD payment, home category, unusually low order value",0.16,logreg_v1_step2,2026-09-04T04:38:57.345330+00:00
08b27539-989b-4fcd-bee2-01803ffd2b89,4d47ad50-ed68-4545-af4f-485a9b29b711,0.1471,auto_approve,"Elevated risk driven by: COD payment, large discount, customer's return history",0.16,logreg_v1_step2,2026-09-04T04:38:57.345330+00:00
8b10b241-dcb9-404e-b609-54151e42984a,f2811512-6d74-428f-81ae-77df22796b31,0.1792,flag_for_review,"Elevated risk driven by: size-dependent item, fashion category, unusually low order value",0.16,logreg_v1_step2,2026-09-04T04:38:57.345330+00:00
e8b849ae-68f8-40d0-a0cd-f86d5a133d0f,9d1d8bca-9218-4856-8619-cfee194da74f,0.1194,auto_approve,"Elevated risk driven by: COD payment, large discount",0.16,logreg_v1_step2,2026-09-04T04:38:57.345330+00:00
f0c609ba-2876-4ef8-9fe9-1c75931c5cc3,c6a0b833-3377-4046-a0dd-379e39f2778e,0.4232,flag_for_review,"Elevated risk driven by: no prior return history available, first-time buyer, home category",0.16,logreg_v1_step2,2026-09-04T04:38:57.345330+00:00
08e6c5d6-9197-4e4d-b63e-775b0d724299,735fdab8-3c31-4c12-8344-b632847001e7,0.5742,flag_for_review,"Elevated risk driven by: customer's return history, size-dependent item, COD payment",0.16,logreg_v1_step2,2026-09-04T04:38:57.345330+00:00
2642f0c3-b2a0-4a98-84da-94edd61b9272,a08246dd-24d9-48bb-b9d1-2b3dd9ac343f,0.1316,auto_approve,"Elevated risk driven by: unusually low order value, tier3 delivery area, fashion category",0.16,logreg_v1_step2,2026-09-04T04:38:57.345330+00:00
aab3b179-2289-4c01-89b0-78b4defb721e,bd3a6289-ca9f-4419-850e-e8e8edf0e3fe,0.6173,flag_for_review,"Elevated risk driven by: size-dependent item, customer's return history, COD payment",0.16,logreg_v1_step2,2026-09-04T04:38:57.345330+00:00
1ab1a484-92d6-4cb7-9c7b-9bf4c832ef2e,24f462d2-ab23-4d64-b4cd-5e1193e7769f,0.2372,flag_for_review,"Elevated risk driven by: customer's return history, COD payment, beauty category",0.16,logreg_v1_step2,2026-09-04T04:38:57.345330+00:00
2abe9d25-38cf-4efe-8861-5fab3b7d7873,5a633e28-f5a6-4ba7-ad44-926d3c088ff1,0.048,auto_approve,"Elevated risk driven by: large discount, beauty category",0.16,logreg_v1_step2,2026-09-04T04:38:57.345330+00:00
4f78ef21-b38f-464e-8866-7dc1974d6d68,11174ed1-8ca6-4cf5-bbe2-8a4f930137ed,0.0208,auto_approve,"Elevated risk driven by: COD payment, home category, tier3 delivery area",0.16,logreg_v1_step2,2026-09-04T04:38:57.345330+00:00
1949d2e7-ff18-401a-be57-1ab92ea25994,cb772ef9-45e1-4d4b-9ad9-1d46caab33c8,0.4637,flag_for_review,"Elevated risk driven by: size-dependent item, no prior return history available, first-time buyer",0.16,logreg_v1_step2,2026-09-04T04:38:57.345330+00:00
313ed814-51c8-4576-a9fd-09a4ea67566f,9d1d8bca-9218-4856-8619-cfee194da74f,0.4074,flag_for_review,"Elevated risk driven by: COD payment, large discount, unusually low order value",0.16,logreg_v1_step2,2026-09-04T04:38:57.345330+00:00
bcac69c5-09b6-438d-9836-5704477a3e2c,3c287f81-302b-49d7-b333-502c52764540,0.5055,flag_for_review,"Elevated risk driven by: size-dependent item, customer's return history, large discount",0.16,logreg_v1_step2,2026-09-04T04:38:57.345330+00:00
2bc845d9-f392-4693-8e46-6e1ddb480b87,80f51681-2009-48ac-926e-7b7901f96486,0.1607,flag_for_review,"Elevated risk driven by: no prior return history available, first-time buyer, tier3 delivery area",0.16,logreg_v1_step2,2026-09-04T04:38:57.345330+00:00
051baaf8-72eb-4ab9-b49a-123c0ec64d20,544b57dd-aae8-4d49-a2dc-9382a2b7ff69,0.205,flag_for_review,"Elevated risk driven by: size-dependent item, unusually low order value, fashion category",0.16,logreg_v1_step2,2026-09-04T04:38:57.345330+00:00
d280aaca-70b1-4bae-ade4-6f32aa4c4e54,b5d3d3f1-49c6-47d2-a860-1917d3fa3322,0.5584,flag_for_review,"Elevated risk driven by: size-dependent item, COD payment, customer's return history",0.16,logreg_v1_step2,2026-09-04T04:38:57.345330+00:00
03b56744-62ff-4132-8c9a-08ba0dc702e9,99147503-441a-4858-9bd7-29926eb2f3c3,0.0544,auto_approve,"Elevated risk driven by: home category, customer's return history",0.16,logreg_v1_step2,2026-09-04T04:38:57.345330+00:00
670f8894-7811-46c8-b473-7db65df7114b,d2e06185-41b3-4488-a0c7-7165ae31370e,0.2681,flag_for_review,"Elevated risk driven by: size-dependent item, customer's return history, fashion category",0.16,logreg_v1_step2,2026-09-04T04:38:57.345330+00:00
5d11e75c-148b-445d-8aef-50acbe15d2aa,9367bd08-231f-4959-95da-cf979f7ee187,0.0173,auto_approve,"Elevated risk driven by: unusually low order value, customer's return history",0.16,logreg_v1_step2,2026-09-04T04:38:57.345330+00:00
027eb68c-071a-45f1-a4f4-3d6d917400f5,7a4e9ee7-df87-4f79-9ec7-3f4c1f489075,0.1075,auto_approve,"Elevated risk driven by: tier3 delivery area, unusually low order value, customer's return history",0.16,logreg_v1_step2,2026-09-04T04:38:57.345330+00:00
a0037e17-50bb-4c70-946c-9702dcb411f4,c6829464-1335-46ed-adb7-4a3c9b07a5a8,0.1626,flag_for_review,"Elevated risk driven by: unusually low order value, tier3 delivery area, beauty category",0.16,logreg_v1_step2,2026-09-04T04:38:57.345330+00:00
de172244-bd06-41ca-afb5-0d47fc40c825,dcfb9946-a9ab-4782-b840-e6aa0ca016ed,0.0819,auto_approve,"Elevated risk driven by: customer's return history, unusually low order value",0.16,logreg_v1_step2,2026-09-04T04:38:57.345330+00:00
4f5a574d-acf3-42df-9113-8a3d75c61590,0e1c9a54-ebe5-4357-bc4e-21f6b25a37cb,0.1912,flag_for_review,"Elevated risk driven by: no prior return history available, first-time buyer, unusually low order value",0.16,logreg_v1_step2,2026-09-04T04:38:57.345330+00:00
22600917-1f30-4c10-9942-034228040735,16761a20-3269-4f16-945e-f043559094ff,0.5394,flag_for_review,"Elevated risk driven by: size-dependent item, COD payment, large discount",0.16,logreg_v1_step2,2026-09-04T04:38:57.345330+00:00
0fabb33e-9ce0-48d8-9f0d-cdce483493eb,76af2820-184c-47d9-9bd2-4b2f7eb04dc2,0.2752,flag_for_review,"Elevated risk driven by: size-dependent item, unusually low order value, tier3 delivery area",0.16,logreg_v1_step2,2026-09-04T04:38:57.345330+00:00
84c1d5d3-f2ce-414a-b009-7fdeb5980597,8ca2a1b1-e386-4bc2-966c-9f22b3b8e472,0.3125,flag_for_review,"Elevated risk driven by: COD payment, no prior return history available, first-time buyer",0.16,logreg_v1_step2,2026-09-04T04:38:57.345330+00:00
24b5f751-a178-4773-a3b3-8530bc29de7e,99e318ff-1a69-4f68-addf-975990bd0414,0.0661,auto_approve,Elevated risk driven by: unusually low order value,0.16,logreg_v1_step2,2026-09-04T04:38:57.345330+00:00
2aca9855-9098-445a-ad85-e98f6506c3a2,cce5c7f6-4ae5-4d71-8510-ce1baced4c0a,0.2183,flag_for_review,"Elevated risk driven by: large discount, home category, customer's return history",0.16,logreg_v1_step2,2026-09-04T04:38:57.345330+00:00
9c305c08-7287-4a7e-a7ba-5e5ed6d051f6,2b0aed48-0816-4dd9-b18b-7acd4c255c96,0.0976,auto_approve,"Elevated risk driven by: tier3 delivery area, large discount, unusually low order value",0.16,logreg_v1_step2,2026-09-04T04:38:57.345330+00:00
763ca60d-0b52-478f-ba90-75ace769a5ca,e35609cd-6640-4073-ae52-82ba85ac02f1,0.184,flag_for_review,"Elevated risk driven by: unusually low order value, home category, tier3 delivery area",0.16,logreg_v1_step2,2026-09-04T04:38:57.345330+00:00
2f290b87-0f07-49ea-b1bb-94d4b6f6aac9,59265d36-e12e-4bfc-b8a8-29de0a16e8c5,0.1715,flag_for_review,"Elevated risk driven by: large discount, customer's return history, fashion category",0.16,logreg_v1_step2,2026-09-04T04:38:57.345330+00:00
7e43c9c8-3c2b-468a-b21f-3358ec91c1b7,56a30258-3565-44b2-a8d7-1d0adece59a8,0.1294,auto_approve,"Elevated risk driven by: tier3 delivery area, unusually low order value, beauty category",0.16,logreg_v1_step2,2026-09-04T04:38:57.345330+00:00
06cd754e-f1ff-4e39-82ec-5bafe176443f,1c551f51-afaa-49c5-9ad6-c0c66f1e1add,0.25,flag_for_review,"Elevated risk driven by: size-dependent item, tier3 delivery area, fashion category",0.16,logreg_v1_step2,2026-09-04T04:38:57.345330+00:00
80093601-80d4-452f-abcc-603d1e9ccd17,11174ed1-8ca6-4cf5-bbe2-8a4f930137ed,0.1281,auto_approve,"Elevated risk driven by: COD payment, unusually low order value",0.16,logreg_v1_step2,2026-09-04T04:38:57.345330+00:00
9987470d-32eb-4d2c-8fd6-7504c3e65b10,7e3187ea-5ab7-4cd8-84fa-6ff053c09d04,0.3455,flag_for_review,"Elevated risk driven by: size-dependent item, large discount, unusually low order value",0.16,logreg_v1_step2,2026-09-04T04:38:57.345330+00:00
c2b8742a-f2ea-4e68-a40e-c73bbaabb297,68d271d2-8307-4663-83d1-e915ae715123,0.4971,flag_for_review,"Elevated risk driven by: size-dependent item, COD payment, unusually low order value",0.16,logreg_v1_step2,2026-09-04T04:38:57.345330+00:00
1332f37f-1af7-4bd2-87ec-485ca929c44f,af96ed19-8040-4988-b823-c92d3c4310f9,0.1226,auto_approve,"Elevated risk driven by: home category, tier3 delivery area",0.16,logreg_v1_step2,2026-09-04T04:38:57.345330+00:00
eb562f42-db7b-46c0-a8d8-915db19fa8d2,30888fd2-16bc-4533-a06f-0e0d4ed50f9d,0.016,auto_approve,No strong individual risk drivers identified.,0.16,logreg_v1_step2,2026-09-04T04:38:57.345330+00:00
db628840-001a-4058-aac4-c5b7df0ef138,9d1d8bca-9218-4856-8619-cfee194da74f,0.0611,auto_approve,"Elevated risk driven by: fashion category, customer's order count",0.16,logreg_v1_step2,2026-09-04T04:38:57.345330+00:00
202ccfe1-8214-478b-8bf4-17f0a0028f9d,af2adf9c-435e-4fe7-a1a9-ef7535a438fc,0.5568,flag_for_review,"Elevated risk driven by: customer's return history, size-dependent item, COD payment",0.16,logreg_v1_step2,2026-09-04T04:38:57.345330+00:00
7f10d989-ea33-431d-a546-0d7459ca3624,4e40c152-4279-4fbe-8a2f-a127f5613ef3,0.0587,auto_approve,"Elevated risk driven by: unusually low order value, fashion category",0.16,logreg_v1_step2,2026-09-04T04:38:57.345330+00:00
8bd95e1e-028c-4e45-b72c-e9305820672d,37917302-ee8a-4b62-a7bd-6ce861425fc2,0.0296,auto_approve,"Elevated risk driven by: unusually low order value, tier3 delivery area",0.16,logreg_v1_step2,2026-09-04T04:38:57.345330+00:00
7f43435a-5a66-4819-afb4-6318d0b6b67d,99e318ff-1a69-4f68-addf-975990bd0414,0.1792,flag_for_review,"Elevated risk driven by: large discount, COD payment, home category",0.16,logreg_v1_step2,2026-09-04T04:38:57.345330+00:00
bdc02e32-14fa-4a0d-95d3-75c29049b039,9ee005c0-f8a6-4c23-9732-63abf3e6c333,0.154,auto_approve,"Elevated risk driven by: COD payment, no prior return history available, first-time buyer",0.16,logreg_v1_step2,2026-09-04T04:38:57.345330+00:00
de8e786a-c751-414e-86bf-518e847882fa,79d62d2f-2160-4129-951e-311e22c29fba,0.2802,flag_for_review,"Elevated risk driven by: COD payment, customer's return history, tier3 delivery area",0.16,logreg_v1_step2,2026-09-04T04:38:57.345330+00:00
7743113a-db02-4cee-9ea4-5c2e7811010f,e09861f6-9c54-4161-8abc-0cbec05336cd,0.2512,flag_for_review,"Elevated risk driven by: large discount, unusually low order value, home category",0.16,logreg_v1_step2,2026-09-04T04:38:57.345330+00:00
c82710ea-1f35-44b0-a4d6-3548b2cd739e,cd03dd27-2fc9-486c-998f-c61cf34b93ab,0.5595,flag_for_review,"Elevated risk driven by: large discount, size-dependent item, COD payment",0.16,logreg_v1_step2,2026-09-04T04:38:57.345330+00:00
83560bf4-dc00-4f51-9001-0b734a621a1d,735fdab8-3c31-4c12-8344-b632847001e7,0.3964,flag_for_review,"Elevated risk driven by: customer's return history, size-dependent item, unusually low order value",0.16,logreg_v1_step2,2026-09-04T04:38:57.345330+00:00
9cb7e344-ffc2-4f66-8304-01ed3e077a89,67939c94-864b-476c-adbc-b69702fdd112,0.3724,flag_for_review,"Elevated risk driven by: size-dependent item, unusually low order value, customer's return history",0.16,logreg_v1_step2,2026-09-04T04:38:57.345330+00:00
381d5137-cbe0-4f87-b9a0-2114a7ebd0e4,265ca8d0-3df8-4d6f-9712-d08685f17132,0.0397,auto_approve,Elevated risk driven by: COD payment,0.16,logreg_v1_step2,2026-09-04T04:38:57.345330+00:00
a444eb2d-cf3b-4b1f-9527-520b621197d9,0651ab9e-5b2b-46c4-9215-ff97762857c1,0.2793,flag_for_review,"Elevated risk driven by: size-dependent item, unusually low order value, fashion category",0.16,logreg_v1_step2,2026-09-04T04:38:57.345330+00:00
a9da78ec-5641-4db1-b8aa-3505a564a715,c96a9e4f-f6e2-4582-900e-e47a05c7f83a,0.4098,flag_for_review,"Elevated risk driven by: customer's return history, COD payment, large discount",0.16,logreg_v1_step2,2026-09-04T04:38:57.345330+00:00
44a0f4b4-67dc-4fa9-afc6-082c15880d63,2286f067-3fb8-4d9d-8502-469f39a46441,0.0537,auto_approve,"Elevated risk driven by: beauty category, large discount",0.16,logreg_v1_step2,2026-09-04T04:38:57.345330+00:00
35f35bd0-dcb1-42c9-80dc-c5128fb2e88b,d58ed780-65ee-4c51-be5d-39ded6ec4c3d,0.3053,flag_for_review,"Elevated risk driven by: COD payment, home category, customer's return history",0.16,logreg_v1_step2,2026-09-04T04:38:57.345330+00:00
476ec9a0-99f3-45a3-bb11-d5c325418522,f04ea3ca-68ee-4efe-a612-fe50610fd2dd,0.1401,auto_approve,"Elevated risk driven by: size-dependent item, fashion category, unusually low order value",0.16,logreg_v1_step2,2026-09-04T04:38:57.345330+00:00
19d09a56-ece5-48ee-ad7a-3595d285e0b6,7f51804d-0307-4367-8d0c-719db1094ae8,0.3166,flag_for_review,"Elevated risk driven by: size-dependent item, COD payment, fashion category",0.16,logreg_v1_step2,2026-09-04T04:38:57.345330+00:00
1d954867-55d4-46c2-a001-8c0f98ee0f8e,d9358869-66e4-4ee6-bb2e-f9062117fa78,0.4376,flag_for_review,"Elevated risk driven by: size-dependent item, COD payment, tier3 delivery area",0.16,logreg_v1_step2,2026-09-04T04:38:57.345330+00:00
dd43f61c-9687-423e-aab9-8aab5bc006ab,dcbde8ed-15e6-42ec-925b-4029065441d2,0.7367,flag_for_review,"Elevated risk driven by: size-dependent item, COD payment, no prior return history available",0.16,logreg_v1_step2,2026-09-04T04:38:57.345330+00:00
79b573e7-e7d4-414b-9102-46033fa64606,4490790e-4fea-4b93-a5b7-205d0c72419a,0.3448,flag_for_review,"Elevated risk driven by: COD payment, unusually low order value, tier3 delivery area",0.16,logreg_v1_step2,2026-09-04T04:38:57.345330+00:00
504716db-8055-4c04-8eab-fd147d107f66,dea29f8e-ac26-475e-a225-300fac669ed0,0.0534,auto_approve,Elevated risk driven by: customer's return history,0.16,logreg_v1_step2,2026-09-04T04:38:57.345330+00:00
f0531335-a6d3-4f0b-a191-d9212760aa14,98130890-4899-4c39-bc27-fff25da0726a,0.0626,auto_approve,"Elevated risk driven by: unusually low order value, beauty category",0.16,logreg_v1_step2,2026-09-04T04:38:57.345330+00:00
0850667e-5b32-4ec3-bc06-fee8b40d8085,1adfba2a-67be-4047-b8d7-6fa58294836e,0.2683,flag_for_review,"Elevated risk driven by: size-dependent item, customer's return history, fashion category",0.16,logreg_v1_step2,2026-09-04T04:38:57.345330+00:00
4cebb885-1429-4b7d-b211-f1da8efeae06,ed0d4cec-07d4-440d-a77d-2f0af2663244,0.1018,auto_approve,"Elevated risk driven by: customer's return history, COD payment, unusually low order value",0.16,logreg_v1_step2,2026-09-04T04:38:57.345330+00:00
59802f6e-2dc4-469e-a623-deb142552fa4,550da023-005b-43b9-aa0d-1336177847cc,0.0401,auto_approve,Elevated risk driven by: unusually low order value,0.16,logreg_v1_step2,2026-09-04T04:38:57.345330+00:00
532cee1e-4312-44d0-8cf8-36cc16aeb2d8,a202a749-e45e-4d7b-b9e4-97714e27bcb1,0.1778,flag_for_review,"Elevated risk driven by: size-dependent item, unusually low order value, fashion category",0.16,logreg_v1_step2,2026-09-04T04:38:57.345330+00:00
096c9c82-c2fb-4121-b4bf-d77b2c5b205c,8ea8ec03-416f-4438-a527-3c864c97142a,0.446,flag_for_review,"Elevated risk driven by: size-dependent item, COD payment, unusually low order value",0.16,logreg_v1_step2,2026-09-04T04:38:57.345330+00:00
8458be42-277b-454c-8860-8a75dcc19228,a202a749-e45e-4d7b-b9e4-97714e27bcb1,0.0627,auto_approve,"Elevated risk driven by: large discount, home category",0.16,logreg_v1_step2,2026-09-04T04:38:57.345330+00:00
fad757a0-d564-477b-8128-3f8e53126142,60380c0a-3b79-449f-9563-1759bfe93615,0.1536,auto_approve,"Elevated risk driven by: customer's return history, beauty category, unusually low order value",0.16,logreg_v1_step2,2026-09-04T04:38:57.345330+00:00
63c2bac9-d153-45ca-8d44-ee63a5d93fb5,9770188e-26df-49a0-9585-a1ffa837217a,0.1888,flag_for_review,"Elevated risk driven by: COD payment, tier3 delivery area, large discount",0.16,logreg_v1_step2,2026-09-04T04:38:57.345330+00:00
1af10ce5-1cea-4308-86a6-2e0de696b371,68262a6a-6ac1-42fe-98a7-276d26ecc4bd,0.1348,auto_approve,"Elevated risk driven by: large discount, customer's return history, unusually low order value",0.16,logreg_v1_step2,2026-09-04T04:38:57.345330+00:00
14c13fcd-d102-46f1-ae29-7b4c008fb019,c5e8aef0-7362-4837-9a04-8b3fa7ff821e,0.2545,flag_for_review,"Elevated risk driven by: COD payment, customer's return history, home category",0.16,logreg_v1_step2,2026-09-04T04:38:57.345330+00:00
25467434-7f2f-46c4-8057-1d5782a0b66b,cba0fbf1-c8e0-4aa6-8a6b-48f3baba929d,0.1109,auto_approve,"Elevated risk driven by: home category, unusually low order value, customer's return history",0.16,logreg_v1_step2,2026-09-04T04:38:57.345330+00:00
ce2f2645-3d60-41a3-a9b7-85e5db2da64c,69021a82-6d98-4eb8-95ba-5cdc432d316a,0.0326,auto_approve,"Elevated risk driven by: size-dependent item, large discount, tier3 delivery area",0.16,logreg_v1_step2,2026-09-04T04:38:57.345330+00:00
fbf514fa-b8e8-40e3-af62-2f8461a49437,0cba70d8-7b76-4a59-90e8-413b36d73797,0.0755,auto_approve,"Elevated risk driven by: beauty category, large discount",0.16,logreg_v1_step2,2026-09-04T04:38:57.345330+00:00
07fbfaac-025f-4eb5-a55e-c58e3e4b8f26,171e4a10-810d-497f-9f03-8fd70e81b526,0.175,flag_for_review,"Elevated risk driven by: no prior return history available, first-time buyer, tier3 delivery area",0.16,logreg_v1_step2,2026-09-04T04:38:57.345330+00:00
6e1f92b4-0f5d-4218-9410-44f68561a03e,cba0fbf1-c8e0-4aa6-8a6b-48f3baba929d,0.0822,auto_approve,"Elevated risk driven by: customer's return history, tier3 delivery area, large discount",0.16,logreg_v1_step2,2026-09-04T04:38:57.345330+00:00
50b6626b-5336-4adf-86c2-bd738c3d677d,48a2973f-59ba-4d33-a2e9-5e1b1c4043c8,0.5635,flag_for_review,"Elevated risk driven by: large discount, COD payment, no prior return history available",0.16,logreg_v1_step2,2026-09-04T04:38:57.345330+00:00
1e782c5d-884e-47e9-869b-dfb35dd261eb,3a4025ba-356f-419f-90da-97af7ddb2e4d,0.2081,flag_for_review,"Elevated risk driven by: no prior return history available, first-time buyer, unusually low order value",0.16,logreg_v1_step2,2026-09-04T04:38:57.345330+00:00
1a4894a4-e728-4cb4-be48-054c7939e2a2,0b6f3e2b-84fe-456b-ad93-ffcb76fb728f,0.1941,flag_for_review,"Elevated risk driven by: size-dependent item, COD payment, fashion category",0.16,logreg_v1_step2,2026-09-04T04:38:57.345330+00:00
6b1dac78-8887-4ee1-b6e6-24cecda547a7,b5732716-378d-4d65-9eee-84ef8d625d58,0.3081,flag_for_review,"Elevated risk driven by: large discount, no prior return history available, first-time buyer",0.16,logreg_v1_step2,2026-09-04T04:38:57.345330+00:00
8a5915ed-eb21-46e3-b75f-3cb481cfc09a,ce8ac74b-c6d0-4367-a531-d43bfe5b2bf6,0.2049,flag_for_review,"Elevated risk driven by: COD payment, home category",0.16,logreg_v1_step2,2026-09-04T04:38:57.345330+00:00
b53aa648-2290-49b4-bd28-5fb2a8d547d0,0fba06d8-d561-4e1e-8221-f56fd92a018c,0.0364,auto_approve,"Elevated risk driven by: home category, customer's return history",0.16,logreg_v1_step2,2026-09-04T04:38:57.345330+00:00
6d6c762c-79c3-4841-a354-0cce358005f8,84583f8e-3a44-4e32-9350-0f96b6a5ea82,0.357,flag_for_review,"Elevated risk driven by: COD payment, no prior return history available, first-time buyer",0.16,logreg_v1_step2,2026-09-04T04:38:57.345330+00:00
ceab72d1-74c0-414a-ae51-9d2c9686e1cc,0651ab9e-5b2b-46c4-9215-ff97762857c1,0.4007,flag_for_review,"Elevated risk driven by: large discount, size-dependent item, unusually low order value",0.16,logreg_v1_step2,2026-09-04T04:38:57.345330+00:00
5d970ad0-9f91-45c0-ae8c-44e6648e5657,ac8ee436-067a-4aac-8496-8e40cfb19bfd,0.1548,auto_approve,"Elevated risk driven by: large discount, fashion category, unusually low order value",0.16,logreg_v1_step2,2026-09-04T04:38:57.345330+00:00
f7731733-d69b-4f43-81a1-b318d2abdff8,413744d3-be2d-4444-8321-84e3d4f2a883,0.5316,flag_for_review,"Elevated risk driven by: COD payment, no prior return history available, first-time buyer",0.16,logreg_v1_step2,2026-09-04T04:38:57.345330+00:00
6a539188-3eb0-4079-be36-c5d6b49c9037,6bf452e9-0173-469d-bfec-d17e576fd561,0.1479,auto_approve,"Elevated risk driven by: size-dependent item, COD payment, fashion category",0.16,logreg_v1_step2,2026-09-04T04:38:57.345330+00:00
fcb5a8d0-9598-42e5-b9c5-14f57ea98fc7,e4fc2035-70f1-45b1-82d0-0ee396f0a984,0.2089,flag_for_review,"Elevated risk driven by: size-dependent item, unusually low order value, fashion category",0.16,logreg_v1_step2,2026-09-04T04:38:57.345330+00:00
01c6195e-150c-4acb-8c50-759407babc7a,69364563-029b-4b8d-b6d6-09b30bc268e8,0.1339,auto_approve,"Elevated risk driven by: COD payment, unusually low order value, home category",0.16,logreg_v1_step2,2026-09-04T04:38:57.345330+00:00
ce827ec0-2d0c-45b1-a044-ee636c7cb7ea,a8563692-0b6a-402e-a73b-0a42908c0fb4,0.1145,auto_approve,"Elevated risk driven by: large discount, fashion category, unusually low order value",0.16,logreg_v1_step2,2026-09-04T04:38:57.345330+00:00
5da3617e-8ce3-4f8d-a833-ad75a557c12c,1ec19d12-c4c9-4320-a035-98e17c951577,0.0245,auto_approve,Elevated risk driven by: large discount,0.16,logreg_v1_step2,2026-09-04T04:38:57.345330+00:00
dc38df2f-7ad1-4965-b555-9824f1b664de,0b6f3e2b-84fe-456b-ad93-ffcb76fb728f,0.1291,auto_approve,"Elevated risk driven by: large discount, home category",0.16,logreg_v1_step2,2026-09-04T04:38:57.345330+00:00
55477dd3-84ef-4b8f-bb4d-fbc385af9208,d5ed1c34-161c-414d-b34b-6029b6051817,0.0336,auto_approve,"Elevated risk driven by: unusually low order value, customer's return history",0.16,logreg_v1_step2,2026-09-04T04:38:57.345330+00:00
177b492d-2d67-4643-9a77-76448ba398af,98130890-4899-4c39-bc27-fff25da0726a,0.0324,auto_approve,Elevated risk driven by: large discount,0.16,logreg_v1_step2,2026-09-04T04:38:57.345330+00:00
03bbff89-2991-4edb-96c4-6c91a06842bf,92f8f8f3-1a19-41b0-9888-9ad14e0b35ba,0.0151,auto_approve,No strong individual risk drivers identified.,0.16,logreg_v1_step2,2026-09-04T04:38:57.345330+00:00
e280f18a-5f55-44db-950e-c3398bbf3c42,dea29f8e-ac26-475e-a225-300fac669ed0,0.0508,auto_approve,"Elevated risk driven by: beauty category, customer's order count",0.16,logreg_v1_step2,2026-09-04T04:38:57.345330+00:00
02193812-e103-439d-a53e-3fa3a7711e77,9d1d8bca-9218-4856-8619-cfee194da74f,0.3143,flag_for_review,"Elevated risk driven by: size-dependent item, large discount, fashion category",0.16,logreg_v1_step2,2026-09-04T04:38:57.345330+00:00
e3271961-3701-42b2-a009-01cd125108cf,573ef44a-b7bb-44cb-ae0d-923c3a996227,0.0303,auto_approve,Elevated risk driven by: customer's return history,0.16,logreg_v1_step2,2026-09-04T04:38:57.345330+00:00
663cc5a6-7d9f-4c86-a1a2-53992fc8a550,f920e7f3-d39f-4f68-a6df-bf5a555ec155,0.1221,auto_approve,"Elevated risk driven by: home category, unusually low order value, customer's return history",0.16,logreg_v1_step2,2026-09-04T04:38:57.345330+00:00
7c430603-2923-459c-bb25-b21ba41ed586,803488e3-f195-4510-8729-476cfdddc9b9,0.5395,flag_for_review,"Elevated risk driven by: size-dependent item, no prior return history available, first-time buyer",0.16,logreg_v1_step2,2026-09-04T04:38:57.345330+00:00
989292fb-cb16-46cd-9aca-89c0351889bd,9c2cd6aa-a796-483b-9998-6799b40e2d51,0.2344,flag_for_review,"Elevated risk driven by: no prior return history available, first-time buyer, home category",0.16,logreg_v1_step2,2026-09-04T04:38:57.345330+00:00
d5b73b2f-3d54-4326-aa30-5c9a373625f9,e8236567-e21a-46bf-9ba0-de610564b03d,0.3124,flag_for_review,"Elevated risk driven by: size-dependent item, unusually low order value, tier3 delivery area",0.16,logreg_v1_step2,2026-09-04T04:38:57.345330+00:00
860493a4-8ad1-4c3d-9ed1-d9dbbe2d6150,d477e243-3255-42be-a122-a88f8d1ace77,0.073,auto_approve,"Elevated risk driven by: fashion category, unusually low order value",0.16,logreg_v1_step2,2026-09-04T04:38:57.345330+00:00
db255158-0c3f-4174-af8e-6c5fa5b1a2f8,b3cf3447-78bb-4c56-ad60-4b6d8aa2c4ed,0.2837,flag_for_review,"Elevated risk driven by: size-dependent item, no prior return history available, first-time buyer",0.16,logreg_v1_step2,2026-09-04T04:38:57.345330+00:00
22f8c0a0-1b30-4b42-a54f-22f1396826ff,e13d21db-d1a8-4f0a-9fc2-ba3d05772804,0.1145,auto_approve,"Elevated risk driven by: home category, tier3 delivery area, unusually low order value",0.16,logreg_v1_step2,2026-09-04T04:38:57.345330+00:00
28e7f174-92a3-4eb0-9b01-4fd8c17aa325,762dc9ed-5415-436c-b6a9-6504149e79d2,0.1067,auto_approve,"Elevated risk driven by: home category, unusually low order value, large discount",0.16,logreg_v1_step2,2026-09-04T04:38:57.345330+00:00
5b261b1f-098c-4259-b881-6694bb42fb01,95812633-1bca-4485-8e82-3cf1daf05ab6,0.1484,auto_approve,"Elevated risk driven by: unusually low order value, home category, tier3 delivery area",0.16,logreg_v1_step2,2026-09-04T04:38:57.345330+00:00
56f596c2-861d-4a77-8a74-f56631215b43,2c576be7-69b1-4b4d-9e40-1bf81cad07fc,0.133,auto_approve,"Elevated risk driven by: fashion category, customer's return history",0.16,logreg_v1_step2,2026-09-04T04:38:57.345330+00:00
724e42c2-8404-4d86-9e54-7fb6a6314328,a228e990-7b22-4983-997d-00faaa3c7dff,0.2782,flag_for_review,"Elevated risk driven by: size-dependent item, COD payment, fashion category",0.16,logreg_v1_step2,2026-09-04T04:38:57.345330+00:00
5441058f-d9b7-4918-9429-28c348a78631,4d47ad50-ed68-4545-af4f-485a9b29b711,0.1424,auto_approve,"Elevated risk driven by: large discount, home category, unusually low order value",0.16,logreg_v1_step2,2026-09-04T04:38:57.345330+00:00
2b2f23a3-98f5-4f43-8156-c3de3adba480,c967d130-c116-4a5c-8589-391097b66b37,0.014,auto_approve,Elevated risk driven by: unusually low order value,0.16,logreg_v1_step2,2026-09-04T04:38:57.345330+00:00
1b536923-aae5-4e18-bf8d-4a684567d045,2286f067-3fb8-4d9d-8502-469f39a46441,0.0197,auto_approve,Elevated risk driven by: customer's return history,0.16,logreg_v1_step2,2026-09-04T04:38:57.345330+00:00
60c62210-0827-4e56-8ff1-64cca82f6658,3c287f81-302b-49d7-b333-502c52764540,0.0923,auto_approve,"Elevated risk driven by: customer's return history, COD payment, unusually low order value",0.16,logreg_v1_step2,2026-09-04T04:38:57.345330+00:00
05a3c939-05d3-4769-87df-c0aa4b230f51,a08246dd-24d9-48bb-b9d1-2b3dd9ac343f,0.0293,auto_approve,No strong individual risk drivers identified.,0.16,logreg_v1_step2,2026-09-04T04:38:57.345330+00:00
d684f1d5-e1b4-40d5-9612-2cb577e8c828,f04ea3ca-68ee-4efe-a612-fe50610fd2dd,0.0946,auto_approve,Elevated risk driven by: home category,0.16,logreg_v1_step2,2026-09-04T04:38:57.345330+00:00
680749b6-bbfb-4089-b79b-ca2a727151c7,2e46de50-f2d0-4553-ad5f-5feee0d8f2f6,0.1709,flag_for_review,"Elevated risk driven by: no prior return history available, first-time buyer, unusually low order value",0.16,logreg_v1_step2,2026-09-04T04:38:57.345330+00:00
33cacd57-dcca-41f5-bf91-9f19b8e8f4c9,48b73317-327f-4f67-934a-b6dd2d521db4,0.0914,auto_approve,"Elevated risk driven by: unusually low order value, beauty category",0.16,logreg_v1_step2,2026-09-04T04:38:57.345330+00:00
c3ead3e8-98ee-426e-8437-ec1f23aac9cc,69021a82-6d98-4eb8-95ba-5cdc432d316a,0.1066,auto_approve,"Elevated risk driven by: large discount, customer's return history, unusually low order value",0.16,logreg_v1_step2,2026-09-04T04:38:57.345330+00:00
0011fa6e-287c-448d-bfe7-a2a892951fba,b2fd4d0a-9c5c-49f9-b3af-f73bf96d9468,0.4276,flag_for_review,"Elevated risk driven by: size-dependent item, COD payment, no prior return history available",0.16,logreg_v1_step2,2026-09-04T04:38:57.345330+00:00
c6400f87-272b-4fd2-8275-aa568e530e1e,3c95a78d-0f50-490e-9311-b357bfdd355f,0.1661,flag_for_review,"Elevated risk driven by: COD payment, no prior return history available, first-time buyer",0.16,logreg_v1_step2,2026-09-04T04:38:57.345330+00:00
a14ab20b-c2a6-42a2-a14d-c2f56d7752f4,6726dd8b-487c-42b4-a0c7-20aaf05de3de,0.1536,auto_approve,"Elevated risk driven by: unusually low order value, large discount, beauty category",0.16,logreg_v1_step2,2026-09-04T04:38:57.345330+00:00
683c4f53-ca87-42f5-ba0d-516221d54c17,c484ef41-f83f-463b-91e1-63ec0254b885,0.1486,auto_approve,"Elevated risk driven by: no prior return history available, first-time buyer, unusually low order value",0.16,logreg_v1_step2,2026-09-04T04:38:57.345330+00:00
b108100b-a6d1-4891-8f54-a75638fad4cd,f08d853b-6894-4bb3-971c-4183b39fae0e,0.3353,flag_for_review,"Elevated risk driven by: COD payment, customer's return history, home category",0.16,logreg_v1_step2,2026-09-04T04:38:57.345330+00:00
b8510f8b-775a-42f4-9e27-cc98786b36f6,cd508d92-15fe-4a35-9c1b-37a278d36ea4,0.0725,auto_approve,"Elevated risk driven by: unusually low order value, customer's return history",0.16,logreg_v1_step2,2026-09-04T04:38:57.345330+00:00
9440410f-1507-4791-ae18-feba8fb7eb69,c901a58c-6ac4-4a3a-a5d1-4198a13622e7,0.0345,auto_approve,No strong individual risk drivers identified.,0.16,logreg_v1_step2,2026-09-04T04:38:57.345330+00:00
6cfcb0e1-7fd8-4dc0-9a54-950d928f3b85,420912b8-7a76-45a7-bdd3-4fe4edf439a2,0.1624,flag_for_review,"Elevated risk driven by: no prior return history available, first-time buyer, unusually low order value",0.16,logreg_v1_step2,2026-09-04T04:38:57.345330+00:00
f36bc993-dce2-4297-9759-7a3801013ce3,5a71659c-1263-4448-8731-60f1df983197,0.2928,flag_for_review,"Elevated risk driven by: size-dependent item, customer's return history, tier3 delivery area",0.16,logreg_v1_step2,2026-09-04T04:38:57.345330+00:00
de5dda58-9662-4f06-aa97-dc8782006253,c5d85ede-c256-42df-b993-35deb12a5516,0.02,auto_approve,"Elevated risk driven by: customer's return history, customer's order count, unusually low order value",0.16,logreg_v1_step2,2026-09-04T04:38:57.345330+00:00
ad31521e-8432-4fd5-8bb2-ddd8537c1a2b,56a30258-3565-44b2-a8d7-1d0adece59a8,0.0472,auto_approve,"Elevated risk driven by: size-dependent item, COD payment, fashion category",0.16,logreg_v1_step2,2026-09-04T04:38:57.345330+00:00
faf90115-fdd1-4a30-a0fc-559d73fec5dd,a916a5f6-5d2b-40c3-94e9-1d4bd329d0de,0.5945,flag_for_review,"Elevated risk driven by: COD payment, no prior return history available, first-time buyer",0.16,logreg_v1_step2,2026-09-04T04:38:57.345330+00:00
66b18cf3-12bf-4cb8-bb33-e9773004f109,06685c5f-2341-4003-97cd-809136d21d44,0.3594,flag_for_review,"Elevated risk driven by: COD payment, customer's return history, unusually low order value",0.16,logreg_v1_step2,2026-09-04T04:38:57.345330+00:00
47e36c66-173f-4956-bb4f-5d1399d23d92,a55896b3-fb13-44ca-9f5b-cb9965b8c231,0.1693,flag_for_review,"Elevated risk driven by: no prior return history available, first-time buyer, home category",0.16,logreg_v1_step2,2026-09-04T04:38:57.345330+00:00
576ec254-8140-4b66-9ffd-7e1c290e3bff,fe679ebd-d7e3-420e-a610-8a0cfd64ae80,0.0456,auto_approve,"Elevated risk driven by: large discount, customer's return history",0.16,logreg_v1_step2,2026-09-04T04:38:57.345330+00:00
f8e55ab1-ff64-4567-80be-8afc018623db,e4fc2035-70f1-45b1-82d0-0ee396f0a984,0.0785,auto_approve,"Elevated risk driven by: fashion category, unusually low order value",0.16,logreg_v1_step2,2026-09-04T04:38:57.345330+00:00
5337e6e0-f190-47c3-ac56-b23d0f4a9b03,93e4f60d-9a3b-4673-814d-a1c4b7fe7865,0.3115,flag_for_review,"Elevated risk driven by: COD payment, no prior return history available, first-time buyer",0.16,logreg_v1_step2,2026-09-04T04:38:57.345330+00:00
1c4d3eb8-1be3-4cf2-9d5c-512c69a295bc,ef2bc7c9-4e5e-4bbd-bcd6-426302deb030,0.0931,auto_approve,"Elevated risk driven by: home category, unusually low order value, large discount",0.16,logreg_v1_step2,2026-09-04T04:38:57.345330+00:00
7abbb2c7-77c6-4ac1-a21f-0ff79263b9f5,5a11ae1b-953c-41af-83dc-44c210b745e5,0.0892,auto_approve,"Elevated risk driven by: tier3 delivery area, beauty category, unusually low order value",0.16,logreg_v1_step2,2026-09-04T04:38:57.345330+00:00
9107b5af-2c9d-4d67-9259-5ec8f92df6b5,171da275-1177-47e0-8508-b0c0b9a18def,0.2534,flag_for_review,"Elevated risk driven by: COD payment, unusually low order value, fashion category",0.16,logreg_v1_step2,2026-09-04T04:38:57.345330+00:00
cc0c6a5c-76fe-45a8-b71f-015dde565f04,67939c94-864b-476c-adbc-b69702fdd112,0.1083,auto_approve,"Elevated risk driven by: unusually low order value, beauty category, customer's return history",0.16,logreg_v1_step2,2026-09-04T04:38:57.345330+00:00
5449cb22-d39e-472b-97e6-72ce12119fcf,5206e474-5d4f-487d-aaaa-b87df2281dbf,0.6304,flag_for_review,"Elevated risk driven by: size-dependent item, COD payment, no prior return history available",0.16,logreg_v1_step2,2026-09-04T04:38:57.345330+00:00
d62fcd3b-6c84-4aa7-afb3-f5573ba763e8,d0d8fe24-c852-4ca5-ba50-638075dc7939,0.0547,auto_approve,"Elevated risk driven by: unusually low order value, large discount",0.16,logreg_v1_step2,2026-09-04T04:38:57.345330+00:00
52676b7f-10b7-4aec-820d-98340b37b7bc,413744d3-be2d-4444-8321-84e3d4f2a883,0.1179,auto_approve,"Elevated risk driven by: size-dependent item, tier3 delivery area, fashion category",0.16,logreg_v1_step2,2026-09-04T04:38:57.345330+00:00
ae2d0537-ca3b-4abe-b1ad-c490ad2933d4,b66aec07-5d36-49a8-b944-a05b762188bc,0.2031,flag_for_review,"Elevated risk driven by: no prior return history available, first-time buyer, tier3 delivery area",0.16,logreg_v1_step2,2026-09-04T04:38:57.345330+00:00
e3bf98ed-19e3-4f82-a0b6-51c7dbec9f07,056e3d76-8183-4716-9184-151a4135f404,0.1522,auto_approve,"Elevated risk driven by: home category, unusually low order value, customer's return history",0.16,logreg_v1_step2,2026-09-04T04:38:57.345330+00:00
3f7ff975-652a-420e-87cf-88d5cfee91aa,68d271d2-8307-4663-83d1-e915ae715123,0.4924,flag_for_review,"Elevated risk driven by: size-dependent item, COD payment, customer's return history",0.16,logreg_v1_step2,2026-09-04T04:38:57.345330+00:00
3beaf966-db6e-469e-97ac-b5430cc3b1bc,2286f067-3fb8-4d9d-8502-469f39a46441,0.459,flag_for_review,"Elevated risk driven by: size-dependent item, COD payment, unusually low order value",0.16,logreg_v1_step2,2026-09-04T04:38:57.345330+00:00
daddbba0-a3d7-4cbe-bc0d-f71a5f2f0c97,fb1954cc-c93f-44b4-9155-10ddd8571b6d,0.1851,flag_for_review,"Elevated risk driven by: size-dependent item, fashion category, unusually low order value",0.16,logreg_v1_step2,2026-09-04T04:38:57.345330+00:00
1bb37927-1317-46ba-859a-2778c214f041,00ee6a6c-7fdb-4d2c-971d-b1bfa29fc269,0.3786,flag_for_review,"Elevated risk driven by: large discount, COD payment, unusually low order value",0.16,logreg_v1_step2,2026-09-04T04:38:57.345330+00:00
d1a7668b-22ba-4a29-ad90-532cddd7059a,23ac10de-578c-4d97-8a7d-5bc1a1fa17ef,0.0819,auto_approve,"Elevated risk driven by: tier3 delivery area, unusually low order value",0.16,logreg_v1_step2,2026-09-04T04:38:57.345330+00:00
69340aec-3a85-4ded-93f8-fb404e8c8113,3b68140d-c04c-4ece-87a7-1b051083612b,0.1895,flag_for_review,"Elevated risk driven by: size-dependent item, unusually low order value, fashion category",0.16,logreg_v1_step2,2026-09-04T04:38:57.345330+00:00
31be21d8-7f28-4226-a5aa-6a7ccb14cdfe,ba1289da-01c3-417d-b553-a139f52c21a9,0.2381,flag_for_review,"Elevated risk driven by: no prior return history available, first-time buyer, unusually low order value",0.16,logreg_v1_step2,2026-09-04T04:38:57.345330+00:00
5a1c7c14-8417-4b98-8cd8-7c3722cfd68d,7a4e9ee7-df87-4f79-9ec7-3f4c1f489075,0.1181,auto_approve,"Elevated risk driven by: size-dependent item, fashion category",0.16,logreg_v1_step2,2026-09-04T04:38:57.345330+00:00
9ad4fc6e-9ffd-4f4a-9a2e-759e1347ffe6,26a2a8f1-fd8f-4235-a9c7-77f65704c530,0.0589,auto_approve,"Elevated risk driven by: large discount, unusually low order value",0.16,logreg_v1_step2,2026-09-04T04:38:57.345330+00:00
38961541-938b-4399-b6a5-14206070ed41,b409e3d7-b9a4-422f-952f-eaf1d5521144,0.2563,flag_for_review,"Elevated risk driven by: COD payment, large discount, beauty category",0.16,logreg_v1_step2,2026-09-04T04:38:57.345330+00:00
ecfffefc-9807-48ee-ba05-227b7d8a8a70,938245c2-8647-4454-aa1b-998878f08b78,0.1423,auto_approve,"Elevated risk driven by: tier3 delivery area, beauty category, unusually low order value",0.16,logreg_v1_step2,2026-09-04T04:38:57.345330+00:00
a97f78f8-e97e-451f-87c5-048a565c31da,f2811512-6d74-428f-81ae-77df22796b31,0.2555,flag_for_review,"Elevated risk driven by: size-dependent item, unusually low order value, fashion category",0.16,logreg_v1_step2,2026-09-04T04:38:57.345330+00:00
57c198d7-7cc8-4483-ad7f-b84859096263,76af2820-184c-47d9-9bd2-4b2f7eb04dc2,0.1585,auto_approve,"Elevated risk driven by: COD payment, home category, tier3 delivery area",0.16,logreg_v1_step2,2026-09-04T04:38:57.345330+00:00
49c8afd5-41a3-4812-9ece-f667a7499af5,c967d130-c116-4a5c-8589-391097b66b37,0.1026,auto_approve,"Elevated risk driven by: fashion category, large discount, unusually low order value",0.16,logreg_v1_step2,2026-09-04T04:38:57.345330+00:00
4632c5dc-ea4d-47a7-a180-d6d5b6f0889b,59265d36-e12e-4bfc-b8a8-29de0a16e8c5,0.0922,auto_approve,"Elevated risk driven by: large discount, unusually low order value",0.16,logreg_v1_step2,2026-09-04T04:38:57.345330+00:00
efdbdae0-c2b9-4835-9d4f-7ed9b5753f27,c3f1cc06-68c1-442a-b18b-6338217bcf62,0.1367,auto_approve,"Elevated risk driven by: home category, unusually low order value, tier3 delivery area",0.16,logreg_v1_step2,2026-09-04T04:38:57.345330+00:00
420e981c-11fd-483f-874e-803497b38ff0,900d95d3-c948-4d1c-af4a-449e3d16028c,0.4473,flag_for_review,"Elevated risk driven by: size-dependent item, COD payment, tier3 delivery area",0.16,logreg_v1_step2,2026-09-04T04:38:57.345330+00:00
c1c27c80-1ea9-40ae-9771-a4fc180599a0,af9a11bb-3658-4e05-918c-ac3f7c175c59,0.5054,flag_for_review,"Elevated risk driven by: size-dependent item, no prior return history available, first-time buyer",0.16,logreg_v1_step2,2026-09-04T04:38:57.345330+00:00
2e24ac1a-8724-4e29-84d1-c38a3a2b3f3b,9e5d4987-8d7d-4c47-8cdd-0d477afd0d41,0.0414,auto_approve,Elevated risk driven by: large discount,0.16,logreg_v1_step2,2026-09-04T04:38:57.345330+00:00
ddf45c4c-2a17-405b-baa8-f670fb0a7d6d,e8236567-e21a-46bf-9ba0-de610564b03d,0.2147,flag_for_review,"Elevated risk driven by: large discount, COD payment, unusually low order value",0.16,logreg_v1_step2,2026-09-04T04:38:57.345330+00:00
79d4ed97-aa8a-4c43-966b-d04abe3ae3b8,aea406eb-bc1a-4601-b2b0-92e65ab755cd,0.0882,auto_approve,"Elevated risk driven by: no prior return history available, first-time buyer, unusually low order value",0.16,logreg_v1_step2,2026-09-04T04:38:57.345330+00:00
cac3d0d7-1fab-4d28-b2c8-a340f101ddb0,5f406040-6dfb-4ae2-9890-7f640e616156,0.0567,auto_approve,"Elevated risk driven by: size-dependent item, tier3 delivery area, fashion category",0.16,logreg_v1_step2,2026-09-04T04:38:57.345330+00:00
1e41b1b9-9eea-446c-bfb6-f9887a31bcbb,002f6f59-2b6f-4dbc-9ecc-d120b6566c6c,0.5082,flag_for_review,"Elevated risk driven by: customer's return history, COD payment, large discount",0.16,logreg_v1_step2,2026-09-04T04:38:57.345330+00:00
afa41084-ca77-4df2-9b06-e9c9b081aeef,f3ddac43-fdf3-4ccb-ae62-1bdf88af5fc3,0.2271,flag_for_review,"Elevated risk driven by: no prior return history available, first-time buyer, unusually low order value",0.16,logreg_v1_step2,2026-09-04T04:38:57.345330+00:00
b5c0c194-9f47-4602-80bf-94afa4f130c0,fecd2a5b-e5c7-4055-bc33-7f5143f2fb37,0.477,flag_for_review,"Elevated risk driven by: size-dependent item, COD payment, tier3 delivery area",0.16,logreg_v1_step2,2026-09-04T04:38:57.345330+00:00
e41bc3bf-fbb8-4e48-9f94-6b3eb9c1f746,92f8f8f3-1a19-41b0-9888-9ad14e0b35ba,0.1512,auto_approve,"Elevated risk driven by: size-dependent item, fashion category, unusually low order value",0.16,logreg_v1_step2,2026-09-04T04:38:57.345330+00:00
109c69fc-5b43-4ec3-a828-67b3d9c95113,1ec19d12-c4c9-4320-a035-98e17c951577,0.0539,auto_approve,"Elevated risk driven by: unusually low order value, customer's order count",0.16,logreg_v1_step2,2026-09-04T04:38:57.345330+00:00
d097562c-9842-4607-884e-dbb5269d80b4,803488e3-f195-4510-8729-476cfdddc9b9,0.0457,auto_approve,"Elevated risk driven by: customer's return history, unusually low order value, large discount",0.16,logreg_v1_step2,2026-09-04T04:38:57.345330+00:00
c5a27de5-40d8-48b9-a255-2b85ea0c690d,6bfa235b-d4d0-446f-85d2-e8dc00a3d98f,0.3508,flag_for_review,"Elevated risk driven by: size-dependent item, customer's return history, unusually low order value",0.16,logreg_v1_step2,2026-09-04T04:38:57.345330+00:00
cf4ed3ea-c404-4c88-a8fd-1c69f2465790,e6b84507-0320-4dab-b918-04a7dcb15931,0.0223,auto_approve,"Elevated risk driven by: unusually low order value, customer's return history",0.16,logreg_v1_step2,2026-09-04T04:38:57.345330+00:00
82a97a1a-0d51-4986-adaa-ee6a7babbaed,4e40c152-4279-4fbe-8a2f-a127f5613ef3,0.0498,auto_approve,"Elevated risk driven by: home category, tier3 delivery area",0.16,logreg_v1_step2,2026-09-04T04:38:57.345330+00:00
cbdc6b8c-733c-4d57-8fb9-982b1d90af88,a2a6e4a7-73f0-4f60-8023-1d364c305e4d,0.0625,auto_approve,Elevated risk driven by: COD payment,0.16,logreg_v1_step2,2026-09-04T04:38:57.345330+00:00
fd652907-83f6-4a8e-88f1-898753370c4d,5f406040-6dfb-4ae2-9890-7f640e616156,0.3711,flag_for_review,"Elevated risk driven by: size-dependent item, COD payment, fashion category",0.16,logreg_v1_step2,2026-09-04T04:38:57.345330+00:00
62977f63-6b12-4a1f-80e8-1ce9cb55485f,9d1d8bca-9218-4856-8619-cfee194da74f,0.0389,auto_approve,Elevated risk driven by: large discount,0.16,logreg_v1_step2,2026-09-04T04:38:57.345330+00:00
13e5219e-b296-406d-8d56-f6b144b7f196,cd508d92-15fe-4a35-9c1b-37a278d36ea4,0.288,flag_for_review,"Elevated risk driven by: size-dependent item, customer's return history, unusually low order value",0.16,logreg_v1_step2,2026-09-04T04:38:57.345330+00:00
153da2fc-960d-455b-8c7c-3f95709fa334,906a171c-f8ef-4c41-9106-4dedffaed9e4,0.1168,auto_approve,"Elevated risk driven by: COD payment, unusually low order value",0.16,logreg_v1_step2,2026-09-04T04:38:57.345330+00:00
9aa2ef8a-2fd6-4c19-bc8f-97353da8873a,f08d853b-6894-4bb3-971c-4183b39fae0e,0.0344,auto_approve,No strong individual risk drivers identified.,0.16,logreg_v1_step2,2026-09-04T04:38:57.345330+00:00
f3496563-9f67-40a3-825c-5b7bcb91879b,f920e7f3-d39f-4f68-a6df-bf5a555ec155,0.0409,auto_approve,Elevated risk driven by: unusually low order value,0.16,logreg_v1_step2,2026-09-04T04:38:57.345330+00:00
032092dd-0150-4e3f-9f85-371d60f2d7be,8c24e923-2dbf-4f43-b0b2-6e851d21fa34,0.2014,flag_for_review,"Elevated risk driven by: size-dependent item, unusually low order value, fashion category",0.16,logreg_v1_step2,2026-09-04T04:38:57.345330+00:00
8efc68c8-268c-44d9-8538-ab23302f91bb,b86ee3a9-928c-4ec5-8783-0beb41950f27,0.1926,flag_for_review,"Elevated risk driven by: size-dependent item, unusually low order value, tier3 delivery area",0.16,logreg_v1_step2,2026-09-04T04:38:57.345330+00:00
ba77c99a-4a03-4822-b62e-8557835b90b0,42a14875-57df-44bd-b0ae-141793f01b7e,0.1378,auto_approve,"Elevated risk driven by: size-dependent item, fashion category, customer's return history",0.16,logreg_v1_step2,2026-09-04T04:38:57.345330+00:00
ecb09a2e-097d-47d2-9c6c-253550eddb72,e424d903-5aee-46a2-9bee-5ac04c5e6567,0.0928,auto_approve,"Elevated risk driven by: COD payment, customer's return history",0.16,logreg_v1_step2,2026-09-04T04:38:57.345330+00:00
83af5320-11d8-4c0d-9dd1-fa83fe5af5e2,e75b5a37-ac60-4066-a040-3617f0d903ea,0.0771,auto_approve,"Elevated risk driven by: unusually low order value, large discount",0.16,logreg_v1_step2,2026-09-04T04:38:57.345330+00:00
138e9d13-25c7-4ddf-af3a-868ad6518263,0b6f3e2b-84fe-456b-ad93-ffcb76fb728f,0.0038,auto_approve,Elevated risk driven by: beauty category,0.16,logreg_v1_step2,2026-09-04T04:38:57.345330+00:00
57b9fe57-613f-4c3b-bf53-4848bab4f943,49a190f2-c9c8-441e-b450-f1343adf4d1a,0.1446,auto_approve,"Elevated risk driven by: customer's return history, tier3 delivery area, unusually low order value",0.16,logreg_v1_step2,2026-09-04T04:38:57.345330+00:00
704df8e9-11cb-46a3-9cc7-e0d905fd9817,b7fee608-f381-4167-a173-bf1ad38bdb79,0.1335,auto_approve,"Elevated risk driven by: COD payment, large discount",0.16,logreg_v1_step2,2026-09-04T04:38:57.345330+00:00
998b3715-f814-4585-84cb-6c78a7b439a6,487e0072-ff7c-4376-aa94-0ed39d21882d,0.0084,auto_approve,No strong individual risk drivers identified.,0.16,logreg_v1_step2,2026-09-04T04:38:57.345330+00:00
14cbd8b7-3c43-4110-ad8d-595eb603725f,b075ba2a-dc8a-4f00-8b48-c2bd3a0cbe65,0.0881,auto_approve,"Elevated risk driven by: home category, tier3 delivery area, unusually low order value",0.16,logreg_v1_step2,2026-09-04T04:38:57.345330+00:00
3be91546-5ebd-48b9-bdba-d3a7d82c5d14,b96b994e-0ecd-4a39-8a9c-94c3875de033,0.275,flag_for_review,"Elevated risk driven by: size-dependent item, fashion category, large discount",0.16,logreg_v1_step2,2026-09-04T04:38:57.345330+00:00
d245b22a-d93d-4db8-8a6b-d650792dde43,6b914b9c-926e-4431-b82e-f178aae9d5c0,0.052,auto_approve,Elevated risk driven by: customer's return history,0.16,logreg_v1_step2,2026-09-04T04:38:57.345330+00:00
0e170371-579d-4a78-a7dd-aaeeb6a543cf,397d373a-f33e-473f-9362-3154a53fe5ef,0.1672,flag_for_review,"Elevated risk driven by: customer's return history, home category, unusually low order value",0.16,logreg_v1_step2,2026-09-04T04:38:57.345330+00:00
d5ad4011-0d6f-4cde-9eeb-e6b70b753606,c86a75f4-eea7-4fce-b017-88f6e68c8ccf,0.4258,flag_for_review,"Elevated risk driven by: size-dependent item, COD payment, fashion category",0.16,logreg_v1_step2,2026-09-04T04:38:57.345330+00:00
e6cd8aa3-96c1-4d82-87de-0d6ca4175236,92f8f8f3-1a19-41b0-9888-9ad14e0b35ba,0.0513,auto_approve,Elevated risk driven by: large discount,0.16,logreg_v1_step2,2026-09-04T04:38:57.345330+00:00
226c5ec3-d826-4e17-9d4b-881f331d7782,11eb7869-4707-43e9-b027-e2ca5551f9c8,0.0954,auto_approve,"Elevated risk driven by: unusually low order value, tier3 delivery area, beauty category",0.16,logreg_v1_step2,2026-09-04T04:38:57.345330+00:00
836942fa-5fdc-46fb-9c94-662a95fb5186,92f8f8f3-1a19-41b0-9888-9ad14e0b35ba,0.137,auto_approve,"Elevated risk driven by: COD payment, unusually low order value, tier3 delivery area",0.16,logreg_v1_step2,2026-09-04T04:38:57.345330+00:00
dc6147c5-0971-4ad7-a9e0-a437d03df8f6,fddab96a-bc23-43d2-a1f4-76de3a7b7f5c,0.2085,flag_for_review,"Elevated risk driven by: size-dependent item, large discount, fashion category",0.16,logreg_v1_step2,2026-09-04T04:38:57.345330+00:00
f695df22-f36d-4c0c-baef-107299af3a97,e8236567-e21a-46bf-9ba0-de610564b03d,0.0655,auto_approve,Elevated risk driven by: COD payment,0.16,logreg_v1_step2,2026-09-04T04:38:57.345330+00:00
6edba466-8d74-4deb-9d6c-3018aa4ae38f,087d0d0a-beb0-4941-a8f2-ebeab4ce587e,0.2667,flag_for_review,"Elevated risk driven by: COD payment, home category, tier3 delivery area",0.16,logreg_v1_step2,2026-09-04T04:38:57.345330+00:00
40bcb2dd-2297-4a90-bf6b-e77c37554312,c3f1cc06-68c1-442a-b18b-6338217bcf62,0.0553,auto_approve,"Elevated risk driven by: large discount, home category",0.16,logreg_v1_step2,2026-09-04T04:38:57.345330+00:00
a3fd0bc3-c193-4f34-a54b-29014ef540e9,c04c2c09-5f42-4b59-aeb5-6d35280a5d01,0.1889,flag_for_review,"Elevated risk driven by: size-dependent item, tier3 delivery area, unusually low order value",0.16,logreg_v1_step2,2026-09-04T04:38:57.345330+00:00
aa272c00-ba89-402c-a1bc-9e04afd1286e,3d4207ab-ec65-45dc-ae2b-200ac349cb11,0.1544,auto_approve,"Elevated risk driven by: no prior return history available, first-time buyer, beauty category",0.16,logreg_v1_step2,2026-09-04T04:38:57.345330+00:00
22350817-8b8c-44a8-bc19-057449755549,809440e5-dc7b-48de-8000-53ac94935dec,0.2096,flag_for_review,"Elevated risk driven by: size-dependent item, fashion category, customer's return history",0.16,logreg_v1_step2,2026-09-04T04:38:57.345330+00:00
497e86e0-bb9e-4465-ab86-a13d8e5bae82,fddab96a-bc23-43d2-a1f4-76de3a7b7f5c,0.5541,flag_for_review,"Elevated risk driven by: COD payment, no prior return history available, first-time buyer",0.16,logreg_v1_step2,2026-09-04T04:38:57.345330+00:00
899a0bd6-647d-4fae-ac91-ea71f6c3de35,98130890-4899-4c39-bc27-fff25da0726a,0.1112,auto_approve,"Elevated risk driven by: COD payment, no prior return history available, first-time buyer",0.16,logreg_v1_step2,2026-09-04T04:38:57.345330+00:00
17ab1050-29b7-42d0-b9f2-5cad11f9ccf0,4e40c152-4279-4fbe-8a2f-a127f5613ef3,0.3654,flag_for_review,"Elevated risk driven by: large discount, size-dependent item, unusually low order value",0.16,logreg_v1_step2,2026-09-04T04:38:57.345330+00:00
93cd7790-be66-43d0-811c-a12d5f113be5,c5d85ede-c256-42df-b993-35deb12a5516,0.21,flag_for_review,"Elevated risk driven by: size-dependent item, unusually low order value, fashion category",0.16,logreg_v1_step2,2026-09-04T04:38:57.345330+00:00
0c74594e-ee06-4cc8-8d95-a4960419f18c,c3f1cc06-68c1-442a-b18b-6338217bcf62,0.1339,auto_approve,"Elevated risk driven by: unusually low order value, fashion category",0.16,logreg_v1_step2,2026-09-04T04:38:57.345330+00:00
384ed29c-376e-46fe-afec-47a61eac0894,4aa94a46-4510-4080-b9b0-34eb1ca77cd6,0.3633,flag_for_review,"Elevated risk driven by: size-dependent item, no prior return history available, first-time buyer",0.16,logreg_v1_step2,2026-09-04T04:38:57.345330+00:00
cd6aa234-5320-459d-b505-b6db87dd2fcd,c287c9ce-296a-4388-9fc4-948757440938,0.674,flag_for_review,"Elevated risk driven by: customer's return history, size-dependent item, COD payment",0.16,logreg_v1_step2,2026-09-04T04:38:57.345330+00:00
e055584d-a1e0-459e-92b2-08294fcc8ce0,c6829464-1335-46ed-adb7-4a3c9b07a5a8,0.0955,auto_approve,"Elevated risk driven by: size-dependent item, beauty category",0.16,logreg_v1_step2,2026-09-04T04:38:57.345330+00:00
1684fdec-02d6-4e80-b8f4-cb9be040d52f,e90f2e94-525b-47c4-b592-56daaf0983cc,0.3271,flag_for_review,"Elevated risk driven by: COD payment, home category, tier3 delivery area",0.16,logreg_v1_step2,2026-09-04T04:38:57.345330+00:00
9010a3d1-a760-4a38-881e-aea178e52838,835b4038-88dc-4965-b6b8-921d3b0ad19c,0.0174,auto_approve,"Elevated risk driven by: large discount, home category, customer's return history",0.16,logreg_v1_step2,2026-09-04T04:38:57.345330+00:00
36cda587-716b-41be-85c6-dded04024d5c,11eb7869-4707-43e9-b027-e2ca5551f9c8,0.0402,auto_approve,Elevated risk driven by: unusually low order value,0.16,logreg_v1_step2,2026-09-04T04:38:57.345330+00:00
ce2263f1-1303-422e-8f47-9aa018f72efe,694022be-f45b-4b98-8a1e-01682ff6e821,0.2,flag_for_review,"Elevated risk driven by: size-dependent item, tier3 delivery area, fashion category",0.16,logreg_v1_step2,2026-09-04T04:38:57.345330+00:00
5a3ead79-d162-4607-82b7-9e298f3e895d,55b78563-2ded-4186-afbd-90362653b82d,0.1543,auto_approve,"Elevated risk driven by: COD payment, no prior return history available, first-time buyer",0.16,logreg_v1_step2,2026-09-04T04:38:57.345330+00:00
6ee2af62-5922-491a-860a-9e906395c859,cb8611ae-38b8-43ce-b1e3-ac68753f2f95,0.1274,auto_approve,"Elevated risk driven by: COD payment, unusually low order value",0.16,logreg_v1_step2,2026-09-04T04:38:57.345330+00:00
9a459ec4-f369-4604-8ede-2267aa40a99d,f0df2b0e-f894-46ea-a3ac-79f04d22973d,0.3942,flag_for_review,"Elevated risk driven by: COD payment, no prior return history available, first-time buyer",0.16,logreg_v1_step2,2026-09-04T04:38:57.345330+00:00
aa185b9f-8a20-4f58-8be5-0d9b797f346f,ce8ac74b-c6d0-4367-a531-d43bfe5b2bf6,0.0372,auto_approve,"Elevated risk driven by: customer's return history, tier3 delivery area",0.16,logreg_v1_step2,2026-09-04T04:38:57.345330+00:00
6764f2d9-b29b-4bf0-93e0-61a7df97e26e,d9bc17ca-80dd-47e2-8dc5-79922a30764c,0.1921,flag_for_review,"Elevated risk driven by: COD payment, unusually low order value, large discount",0.16,logreg_v1_step2,2026-09-04T04:38:57.345330+00:00
36f78161-59d8-4363-8f6b-072c94ca4f00,cd508d92-15fe-4a35-9c1b-37a278d36ea4,0.031,auto_approve,"Elevated risk driven by: tier3 delivery area, customer's order count",0.16,logreg_v1_step2,2026-09-04T04:38:57.345330+00:00
069319e3-8fee-4660-8ed6-6000f855ea47,adad285c-dcfb-40e6-a362-2c3954e9b92d,0.3868,flag_for_review,"Elevated risk driven by: customer's return history, size-dependent item, unusually low order value",0.16,logreg_v1_step2,2026-09-04T04:38:57.345330+00:00
2144a33f-0e52-496d-9b59-7c59a53328c8,49a190f2-c9c8-441e-b450-f1343adf4d1a,0.1311,auto_approve,"Elevated risk driven by: COD payment, customer's return history, unusually low order value",0.16,logreg_v1_step2,2026-09-04T04:38:57.345330+00:00
997dca67-1b66-44b8-bfe6-cccf21c1422b,98366b27-63ea-4f07-ba55-425588277375,0.1016,auto_approve,"Elevated risk driven by: large discount, unusually low order value",0.16,logreg_v1_step2,2026-09-04T04:38:57.345330+00:00
a838c1a8-eba4-4b5f-8fc2-fc979012c397,3678c134-a42b-4685-ad15-81b9e73e73aa,0.0307,auto_approve,"Elevated risk driven by: unusually low order value, tier3 delivery area",0.16,logreg_v1_step2,2026-09-04T04:38:57.345330+00:00
69a2d3fe-61a5-47e1-865f-7fbccb3b90bf,6d6ae56d-11fa-4053-be24-184c1da67ec2,0.2473,flag_for_review,"Elevated risk driven by: size-dependent item, unusually low order value, fashion category",0.16,logreg_v1_step2,2026-09-04T04:38:57.345330+00:00
b89faccf-2a71-4091-a5b0-1e1d82217872,ce4a3223-33b9-4bbd-a6ed-90323cd7f575,0.3422,flag_for_review,"Elevated risk driven by: COD payment, no prior return history available, first-time buyer",0.16,logreg_v1_step2,2026-09-04T04:38:57.345330+00:00
b7e7661d-8454-4d89-9ea8-c019015f4364,84572a47-a77d-46d8-86cc-c2d51f78a29c,0.0815,auto_approve,"Elevated risk driven by: no prior return history available, first-time buyer",0.16,logreg_v1_step2,2026-09-04T04:38:57.345330+00:00
994e329e-afad-4a02-b7ad-2d132458a472,ec11d559-7980-4914-89e3-b56e72adba0b,0.0335,auto_approve,Elevated risk driven by: unusually low order value,0.16,logreg_v1_step2,2026-09-04T04:38:57.345330+00:00
fb5d3c73-fe07-4580-9783-e5a6833d80d3,c6829464-1335-46ed-adb7-4a3c9b07a5a8,0.0257,auto_approve,"Elevated risk driven by: unusually low order value, customer's return history",0.16,logreg_v1_step2,2026-09-04T04:38:57.345330+00:00
7f981631-814a-4be6-a248-3d0ac4e01bb6,a916a5f6-5d2b-40c3-94e9-1d4bd329d0de,0.1915,flag_for_review,"Elevated risk driven by: customer's return history, tier3 delivery area, unusually low order value",0.16,logreg_v1_step2,2026-09-04T04:38:57.345330+00:00
3c3966df-901e-4521-b9d0-2c610831ac6e,b96b994e-0ecd-4a39-8a9c-94c3875de033,0.0623,auto_approve,"Elevated risk driven by: large discount, tier3 delivery area, customer's return history",0.16,logreg_v1_step2,2026-09-04T04:38:57.345330+00:00
d7ab4ada-6990-4bee-ad4a-827247ded5e8,c967d130-c116-4a5c-8589-391097b66b37,0.254,flag_for_review,"Elevated risk driven by: COD payment, unusually low order value, fashion category",0.16,logreg_v1_step2,2026-09-04T04:38:57.345330+00:00
439720e9-8dee-4f9a-a768-cc2731413527,a202a749-e45e-4d7b-b9e4-97714e27bcb1,0.315,flag_for_review,"Elevated risk driven by: size-dependent item, COD payment, fashion category",0.16,logreg_v1_step2,2026-09-04T04:38:57.345330+00:00
0e35d2e0-0929-4fd1-ac33-f4a5a989f63d,ce8ac74b-c6d0-4367-a531-d43bfe5b2bf6,0.0197,auto_approve,Elevated risk driven by: customer's return history,0.16,logreg_v1_step2,2026-09-04T04:38:57.345330+00:00
70446649-ade1-42c2-beb0-273eff5cbad2,44408e56-9a11-44d5-8a79-5e1ddafd28e1,0.1349,auto_approve,"Elevated risk driven by: COD payment, customer's return history, unusually low order value",0.16,logreg_v1_step2,2026-09-04T04:38:57.345330+00:00
f602f4c8-184b-44bd-b6d2-6dfaec0f5d48,6dc5134b-6c84-4084-ad9c-5cfbc77e8a21,0.2316,flag_for_review,"Elevated risk driven by: no prior return history available, first-time buyer, unusually low order value",0.16,logreg_v1_step2,2026-09-04T04:38:57.345330+00:00
47b67d68-b6b4-4408-b31f-07f0bac1981e,3396f583-20d7-4d8a-83aa-dff5b5ea02d4,0.1826,flag_for_review,"Elevated risk driven by: COD payment, unusually low order value, beauty category",0.16,logreg_v1_step2,2026-09-04T04:38:57.345330+00:00
72fff757-a611-4de9-8051-9cb9649c9e49,830587ef-e382-4480-9a46-f2fb1f6d1a0b,0.2654,flag_for_review,"Elevated risk driven by: no prior return history available, first-time buyer, home category",0.16,logreg_v1_step2,2026-09-04T04:38:57.345330+00:00
386e71ad-ad36-4175-bd99-9c5af8449ab1,44408e56-9a11-44d5-8a79-5e1ddafd28e1,0.3584,flag_for_review,"Elevated risk driven by: size-dependent item, COD payment, fashion category",0.16,logreg_v1_step2,2026-09-04T04:38:57.345330+00:00
fa554fb8-aebb-45bf-8688-cf366c9ac834,b209d179-6418-4f8c-bd42-8e4f831f0776,0.0646,auto_approve,"Elevated risk driven by: customer's return history, large discount",0.16,logreg_v1_step2,2026-09-04T04:38:57.345330+00:00
182c7f18-5e8d-4820-a13b-6786ef2977ea,99147503-441a-4858-9bd7-29926eb2f3c3,0.3495,flag_for_review,"Elevated risk driven by: size-dependent item, tier3 delivery area, fashion category",0.16,logreg_v1_step2,2026-09-04T04:38:57.345330+00:00
6f474d06-c02e-4dbc-91b6-5ab6488a2b32,c3bd6bd5-5d29-4bd3-a1c6-008db743b055,0.0422,auto_approve,Elevated risk driven by: unusually low order value,0.16,logreg_v1_step2,2026-09-04T04:38:57.345330+00:00
ea381987-c399-4efa-b87e-b99b7946868a,78cceba9-3d2c-474b-9fa6-2572b3f3cad0,0.1672,flag_for_review,"Elevated risk driven by: size-dependent item, fashion category",0.16,logreg_v1_step2,2026-09-04T04:38:57.345330+00:00
543f1d50-9d63-477b-a666-234f4944e21f,c98a4cb4-7028-4dff-af37-84307e0c0e6f,0.1754,flag_for_review,"Elevated risk driven by: size-dependent item, fashion category, unusually low order value",0.16,logreg_v1_step2,2026-09-04T04:38:57.345330+00:00
18b00aea-3e8e-4491-abe6-018534c1fa3a,d58ed780-65ee-4c51-be5d-39ded6ec4c3d,0.513,flag_for_review,"Elevated risk driven by: size-dependent item, COD payment, customer's return history",0.16,logreg_v1_step2,2026-09-04T04:38:57.345330+00:00
cd1095c8-4ac0-40ab-b685-9f8d53eba02b,c96a9e4f-f6e2-4582-900e-e47a05c7f83a,0.104,auto_approve,"Elevated risk driven by: COD payment, customer's return history, beauty category",0.16,logreg_v1_step2,2026-09-04T04:38:57.345330+00:00
29bf3cb1-9b77-4b56-ad66-d0998b7245f1,ce8ac74b-c6d0-4367-a531-d43bfe5b2bf6,0.1106,auto_approve,"Elevated risk driven by: unusually low order value, beauty category",0.16,logreg_v1_step2,2026-09-04T04:38:57.345330+00:00
ff359348-aec8-4ffa-a1af-d4d8f377b4b0,2b77e152-ac97-4061-9e6a-5abdc78bc29a,0.3331,flag_for_review,"Elevated risk driven by: size-dependent item, tier3 delivery area, unusually low order value",0.16,logreg_v1_step2,2026-09-04T04:38:57.345330+00:00
75bdbc93-645f-4b1c-b910-1e6336dc7ea8,735fdab8-3c31-4c12-8344-b632847001e7,0.3786,flag_for_review,"Elevated risk driven by: customer's return history, size-dependent item, fashion category",0.16,logreg_v1_step2,2026-09-04T04:38:57.345330+00:00
daa7553f-976a-41a4-b152-5b050aa076a3,80f51681-2009-48ac-926e-7b7901f96486,0.4323,flag_for_review,"Elevated risk driven by: size-dependent item, COD payment, unusually low order value",0.16,logreg_v1_step2,2026-09-04T04:38:57.345330+00:00
a8c4b576-1cae-4be3-b1bf-be1f7793e488,e8236567-e21a-46bf-9ba0-de610564b03d,0.2313,flag_for_review,"Elevated risk driven by: large discount, COD payment, home category",0.16,logreg_v1_step2,2026-09-04T04:38:57.345330+00:00
e5f23813-35a8-48d1-8e6b-7c30f2b2822a,3b68140d-c04c-4ece-87a7-1b051083612b,0.2545,flag_for_review,"Elevated risk driven by: size-dependent item, tier3 delivery area, fashion category",0.16,logreg_v1_step2,2026-09-04T04:38:57.345330+00:00
3b8f316c-1660-4964-8bca-b42c6be0c5c8,60ab47fa-fe76-4aa1-9125-a3006288e298,0.2171,flag_for_review,"Elevated risk driven by: size-dependent item, customer's return history, fashion category",0.16,logreg_v1_step2,2026-09-04T04:38:57.345330+00:00
2ef8053b-22bf-4775-b865-f579c23b86f6,68262a6a-6ac1-42fe-98a7-276d26ecc4bd,0.0861,auto_approve,"Elevated risk driven by: COD payment, no prior return history available, first-time buyer",0.16,logreg_v1_step2,2026-09-04T04:38:57.345330+00:00
f3e404ba-9f70-435b-9ca9-b1a4b705cb68,16ddae25-3f28-41d0-8a77-c8c87723adfa,0.2547,flag_for_review,"Elevated risk driven by: COD payment, unusually low order value, beauty category",0.16,logreg_v1_step2,2026-09-04T04:38:57.345330+00:00
814fd1f4-0d4e-4e87-bcef-c898942a0f1f,cb8611ae-38b8-43ce-b1e3-ac68753f2f95,0.1971,flag_for_review,"Elevated risk driven by: size-dependent item, large discount, fashion category",0.16,logreg_v1_step2,2026-09-04T04:38:57.345330+00:00
6ccc836a-a556-430a-9584-a9f8889e6519,c96a9e4f-f6e2-4582-900e-e47a05c7f83a,0.2749,flag_for_review,"Elevated risk driven by: size-dependent item, customer's return history, fashion category",0.16,logreg_v1_step2,2026-09-04T04:38:57.345330+00:00
019cd95c-2608-492b-95da-60c3dab4f643,573ef44a-b7bb-44cb-ae0d-923c3a996227,0.0381,auto_approve,Elevated risk driven by: customer's return history,0.16,logreg_v1_step2,2026-09-04T04:38:57.345330+00:00
f38c2218-9a31-4c9a-a400-b15e7d7eb308,6e3b3be3-2b1b-41c1-848d-db21927445a2,0.0714,auto_approve,"Elevated risk driven by: beauty category, unusually low order value",0.16,logreg_v1_step2,2026-09-04T04:38:57.345330+00:00
f53411ae-de13-42b6-8915-7d08295e5006,a65430c1-b88c-4a75-8504-7fad44dca109,0.1672,flag_for_review,"Elevated risk driven by: COD payment, tier3 delivery area, unusually low order value",0.16,logreg_v1_step2,2026-09-04T04:38:57.345330+00:00
579a41bc-7934-4bae-b103-adff43f4a894,ba9504c7-b413-4ee9-861d-702ad1482abd,0.2866,flag_for_review,"Elevated risk driven by: size-dependent item, COD payment, fashion category",0.16,logreg_v1_step2,2026-09-04T04:38:57.345330+00:00
4db9b567-d583-4176-ac12-1f0c5d5c0675,d2e06185-41b3-4488-a0c7-7165ae31370e,0.0676,auto_approve,"Elevated risk driven by: large discount, customer's return history, unusually low order value",0.16,logreg_v1_step2,2026-09-04T04:38:57.345330+00:00
d3942ff9-c640-4675-a997-e2bf45779a74,1d389e03-f41d-4493-8048-8d028a5d27f2,0.3671,flag_for_review,"Elevated risk driven by: size-dependent item, tier3 delivery area, large discount",0.16,logreg_v1_step2,2026-09-04T04:38:57.345330+00:00
d6b191ff-9c70-4482-a2ff-da98fea373d2,76d2e938-826e-436d-8e9e-46c56a7a791e,0.0349,auto_approve,"Elevated risk driven by: tier3 delivery area, unusually low order value, delivery time",0.16,logreg_v1_step2,2026-09-04T04:38:57.345330+00:00
f8c51f21-5010-4d7f-ade8-67cf557a418e,98389b8b-658b-4eca-b919-9c37c2dbce1f,0.127,auto_approve,"Elevated risk driven by: unusually low order value, home category, tier3 delivery area",0.16,logreg_v1_step2,2026-09-04T04:38:57.345330+00:00
a5c5e54f-be5b-429d-97da-9dd7fc51ddd4,63d8dd12-39d4-4e1e-bdd7-72b1c1a0b1c0,0.0996,auto_approve,"Elevated risk driven by: no prior return history available, first-time buyer, unusually low order value",0.16,logreg_v1_step2,2026-09-04T04:38:57.345330+00:00
50dec9a5-a33a-4c52-85b8-92c7ccef3d4a,b7fee608-f381-4167-a173-bf1ad38bdb79,0.222,flag_for_review,"Elevated risk driven by: COD payment, unusually low order value, beauty category",0.16,logreg_v1_step2,2026-09-04T04:38:57.345330+00:00
ee8b9987-7f4e-4add-acce-d94bf1b21a28,28660f34-5a61-4e07-8f8c-96c4fb8d6d70,0.0679,auto_approve,"Elevated risk driven by: home category, unusually low order value",0.16,logreg_v1_step2,2026-09-04T04:38:57.345330+00:00
9b11fbd4-d357-4ce9-aa05-456bc789fc5f,5c3a491b-f023-457b-9da7-95a4eedebd89,0.0769,auto_approve,"Elevated risk driven by: COD payment, large discount, unusually low order value",0.16,logreg_v1_step2,2026-09-04T04:38:57.345330+00:00
af0828f2-cf9b-4065-b528-d7b1961e1b8d,02a5f6e6-ed13-4112-bdc9-2c7b67f3867c,0.2209,flag_for_review,"Elevated risk driven by: COD payment, unusually low order value, beauty category",0.16,logreg_v1_step2,2026-09-04T04:38:57.345330+00:00
8f69a579-c96d-4976-8e61-72ac20d74be0,9d2096d1-96a7-40b1-b834-bd63f99029e7,0.1767,flag_for_review,"Elevated risk driven by: no prior return history available, first-time buyer, tier3 delivery area",0.16,logreg_v1_step2,2026-09-04T04:38:57.345330+00:00
6229d775-b9e2-463e-a93e-ae89d0d48bb1,b3cf3447-78bb-4c56-ad60-4b6d8aa2c4ed,0.0955,auto_approve,"Elevated risk driven by: customer's return history, beauty category",0.16,logreg_v1_step2,2026-09-04T04:38:57.345330+00:00
86b971c9-51d5-443c-a8d9-179aa55e4999,1adfba2a-67be-4047-b8d7-6fa58294836e,0.3675,flag_for_review,"Elevated risk driven by: size-dependent item, tier3 delivery area, unusually low order value",0.16,logreg_v1_step2,2026-09-04T04:38:57.345330+00:00
3a98f600-1656-4bb2-8b06-5f0c792ec62d,265ca8d0-3df8-4d6f-9712-d08685f17132,0.1025,auto_approve,"Elevated risk driven by: home category, tier3 delivery area",0.16,logreg_v1_step2,2026-09-04T04:38:57.345330+00:00
3b82d4ce-309c-4db5-8e65-43f2155d5ebc,59265d36-e12e-4bfc-b8a8-29de0a16e8c5,0.1966,flag_for_review,"Elevated risk driven by: size-dependent item, fashion category, customer's return history",0.16,logreg_v1_step2,2026-09-04T04:38:57.345330+00:00
02449b33-e64b-476b-8835-a90da770ca81,b411f36e-bf74-4ba0-bff0-a67770bd35c5,0.286,flag_for_review,"Elevated risk driven by: size-dependent item, COD payment, customer's return history",0.16,logreg_v1_step2,2026-09-04T04:38:57.345330+00:00
ba08beef-adc3-4f94-9d89-e3a64321f044,3c0df3e1-c239-441b-b4dd-153f99532574,0.034,auto_approve,Elevated risk driven by: customer's return history,0.16,logreg_v1_step2,2026-09-04T04:38:57.345330+00:00
22bac32d-1b2e-43c9-a7bf-a9ec159b0fb1,544b57dd-aae8-4d49-a2dc-9382a2b7ff69,0.3141,flag_for_review,"Elevated risk driven by: size-dependent item, COD payment, fashion category",0.16,logreg_v1_step2,2026-09-04T04:38:57.345330+00:00
127db226-9248-42a7-b7bc-80b16ac79813,80281626-ed74-46d1-a595-e40cdac50a8a,0.3594,flag_for_review,"Elevated risk driven by: size-dependent item, COD payment, fashion category",0.16,logreg_v1_step2,2026-09-04T04:38:57.345330+00:00
96327e9c-08fc-4291-a0a1-c1664978baed,1b07e0e4-483c-461f-a950-6cf31ced0959,0.0415,auto_approve,Elevated risk driven by: unusually low order value,0.16,logreg_v1_step2,2026-09-04T04:38:57.345330+00:00
9f19c125-a845-4a51-a983-26ec04a0f338,b7df5304-94d1-44a2-9245-f0fb6a43ac43,0.3056,flag_for_review,"Elevated risk driven by: no prior return history available, first-time buyer, unusually low order value",0.16,logreg_v1_step2,2026-09-04T04:38:57.345330+00:00
63a6691d-2f8d-4ba1-90c6-1df72ac0736c,92daba51-94b3-4e77-81a5-fab65b28e08f,0.2109,flag_for_review,"Elevated risk driven by: large discount, no prior return history available, first-time buyer",0.16,logreg_v1_step2,2026-09-04T04:38:57.345330+00:00
f35814a7-4eb8-4afe-b97a-471f959f4ed6,8abd559a-1477-46ff-abdb-32d2db795792,0.0311,auto_approve,"Elevated risk driven by: customer's return history, unusually low order value",0.16,logreg_v1_step2,2026-09-04T04:38:57.345330+00:00
a4972ec9-2793-45c9-997e-d68121f60dbc,6e3b3be3-2b1b-41c1-848d-db21927445a2,0.3782,flag_for_review,"Elevated risk driven by: size-dependent item, COD payment, unusually low order value",0.16,logreg_v1_step2,2026-09-04T04:38:57.345330+00:00
c66b1305-0928-42d2-9cfb-533c73affff1,06685c5f-2341-4003-97cd-809136d21d44,0.1742,flag_for_review,"Elevated risk driven by: size-dependent item, customer's return history, unusually low order value",0.16,logreg_v1_step2,2026-09-04T04:38:57.345330+00:00
b1535d37-a119-4e74-ba47-b2aad916f0de,5e758f8f-c2ad-4e0c-b4fc-026916c24854,0.235,flag_for_review,"Elevated risk driven by: size-dependent item, large discount, fashion category",0.16,logreg_v1_step2,2026-09-04T04:38:57.345330+00:00
fd418ee9-b988-4253-9ba2-3a7113f30198,bd3a6289-ca9f-4419-850e-e8e8edf0e3fe,0.468,flag_for_review,"Elevated risk driven by: size-dependent item, no prior return history available, first-time buyer",0.16,logreg_v1_step2,2026-09-04T04:38:57.345330+00:00
e79e8267-f95d-4cf5-bb15-6662716c8948,692c356c-e5c8-445b-bcd2-2bb91d2ac4cc,0.5314,flag_for_review,"Elevated risk driven by: size-dependent item, COD payment, no prior return history available",0.16,logreg_v1_step2,2026-09-04T04:38:57.345330+00:00
7adad36e-71f8-4bf8-91b2-f0bfbf5096ae,0b6f3e2b-84fe-456b-ad93-ffcb76fb728f,0.065,auto_approve,"Elevated risk driven by: beauty category, unusually low order value",0.16,logreg_v1_step2,2026-09-04T04:38:57.345330+00:00
4dd7215f-d44a-47b6-bf06-5f7ae944c378,6b914b9c-926e-4431-b82e-f178aae9d5c0,0.2801,flag_for_review,"Elevated risk driven by: COD payment, unusually low order value, beauty category",0.16,logreg_v1_step2,2026-09-04T04:38:57.345330+00:00
85915300-a43f-4099-ab67-74814918e252,0fba06d8-d561-4e1e-8221-f56fd92a018c,0.232,flag_for_review,"Elevated risk driven by: COD payment, fashion category, customer's return history",0.16,logreg_v1_step2,2026-09-04T04:38:57.345330+00:00
bc5a5b94-601d-421a-9aa4-2a741dd8027a,830587ef-e382-4480-9a46-f2fb1f6d1a0b,0.2845,flag_for_review,"Elevated risk driven by: size-dependent item, unusually low order value, fashion category",0.16,logreg_v1_step2,2026-09-04T04:38:57.345330+00:00
e14808f2-3920-4965-b46c-bf322a5e5221,00ee6a6c-7fdb-4d2c-971d-b1bfa29fc269,0.1733,flag_for_review,"Elevated risk driven by: size-dependent item, fashion category",0.16,logreg_v1_step2,2026-09-04T04:38:57.345330+00:00
e8c6f861-e680-4135-8219-cf51949c8c31,c86a75f4-eea7-4fce-b017-88f6e68c8ccf,0.0593,auto_approve,Elevated risk driven by: unusually low order value,0.16,logreg_v1_step2,2026-09-04T04:38:57.345330+00:00
26cc1589-3e10-45a2-8cc5-905f59dc0935,ac8ee436-067a-4aac-8496-8e40cfb19bfd,0.0564,auto_approve,"Elevated risk driven by: size-dependent item, tier3 delivery area, fashion category",0.16,logreg_v1_step2,2026-09-04T04:38:57.345330+00:00
e1adfd1b-90c9-4a77-8957-dbe552626446,ec11d559-7980-4914-89e3-b56e72adba0b,0.0637,auto_approve,"Elevated risk driven by: tier3 delivery area, unusually low order value, customer's order count",0.16,logreg_v1_step2,2026-09-04T04:38:57.345330+00:00
315a3c15-f087-43da-9c2a-2f3e192271ff,8c644659-9832-432b-b635-3578f419696a,0.19,flag_for_review,"Elevated risk driven by: size-dependent item, COD payment, fashion category",0.16,logreg_v1_step2,2026-09-04T04:38:57.345330+00:00
ec4c866d-5378-4c64-bdbb-1e6c97443b88,3a457f70-d47f-43a5-88c5-b74c7d8ab2dc,0.2687,flag_for_review,"Elevated risk driven by: large discount, COD payment, tier3 delivery area",0.16,logreg_v1_step2,2026-09-04T04:38:57.345330+00:00
a33f8cf5-d094-4aff-8f94-6d86e1346a92,eb07b44d-b3fe-4da4-86bc-808ae9a3182b,0.8352,flag_for_review,"Elevated risk driven by: customer's return history, size-dependent item, large discount",0.16,logreg_v1_step2,2026-09-04T04:38:57.345330+00:00
dd4eaf9c-d2ce-4c3f-8685-a61edc6cffd0,cba0fbf1-c8e0-4aa6-8a6b-48f3baba929d,0.1078,auto_approve,"Elevated risk driven by: large discount, unusually low order value",0.16,logreg_v1_step2,2026-09-04T04:38:57.345330+00:00
ea2f2c7f-6eab-40fb-8d45-483d58b098c9,62495bdf-4c58-4340-ad9d-ff02c9b987a7,0.5233,flag_for_review,"Elevated risk driven by: size-dependent item, COD payment, customer's return history",0.16,logreg_v1_step2,2026-09-04T04:38:57.345330+00:00
6765eb6a-ca1f-436e-8dfb-d1b51ceb14b8,e4fc2035-70f1-45b1-82d0-0ee396f0a984,0.1638,flag_for_review,"Elevated risk driven by: COD payment, home category, large discount",0.16,logreg_v1_step2,2026-09-04T04:38:57.345330+00:00
5f37fb22-793f-4279-9508-ad8247dabab4,f56ad4f3-b71a-44ec-80ba-95707d2ea8e8,0.0415,auto_approve,"Elevated risk driven by: COD payment, tier3 delivery area, unusually low order value",0.16,logreg_v1_step2,2026-09-04T04:38:57.345330+00:00
a5a39d43-5768-47fb-9121-80186291d8bd,830587ef-e382-4480-9a46-f2fb1f6d1a0b,0.0925,auto_approve,Elevated risk driven by: home category,0.16,logreg_v1_step2,2026-09-04T04:38:57.345330+00:00
db1947b3-3ac7-44a1-9594-4d4eac1884ca,10546d08-1053-4bf0-976f-4c40b2dcb1c8,0.0307,auto_approve,Elevated risk driven by: unusually low order value,0.16,logreg_v1_step2,2026-09-04T04:38:57.345330+00:00
59c6f482-2164-464d-b4b9-f84ecbe4f68d,48b73317-327f-4f67-934a-b6dd2d521db4,0.4452,flag_for_review,"Elevated risk driven by: COD payment, unusually low order value, home category",0.16,logreg_v1_step2,2026-09-04T04:38:57.345330+00:00
28d5bd96-5e69-4003-8b37-db577378a418,2b77e152-ac97-4061-9e6a-5abdc78bc29a,0.3785,flag_for_review,"Elevated risk driven by: size-dependent item, COD payment, unusually low order value",0.16,logreg_v1_step2,2026-09-04T04:38:57.345330+00:00
2a2e5c61-3eeb-45fb-9b90-74724c099c01,30888fd2-16bc-4533-a06f-0e0d4ed50f9d,0.0118,auto_approve,No strong individual risk drivers identified.,0.16,logreg_v1_step2,2026-09-04T04:38:57.345330+00:00
0ce4c4a4-73bc-480c-8f81-7d78b74c85ed,359835d2-74a6-4ae7-bdf8-2bdc4ed675dd,0.1037,auto_approve,"Elevated risk driven by: home category, unusually low order value",0.16,logreg_v1_step2,2026-09-04T04:38:57.345330+00:00
2e0f1624-e10c-4102-8460-7f3f6da7fecc,b96b994e-0ecd-4a39-8a9c-94c3875de033,0.2976,flag_for_review,"Elevated risk driven by: large discount, no prior return history available, first-time buyer",0.16,logreg_v1_step2,2026-09-04T04:38:57.345330+00:00
67004c06-1e70-4014-b23d-28a604ab0d18,6405d452-0d48-4c53-b3bc-cf7e9b11d207,0.1902,flag_for_review,"Elevated risk driven by: no prior return history available, first-time buyer, large discount",0.16,logreg_v1_step2,2026-09-04T04:38:57.345330+00:00
efc46978-e12a-4969-8e4a-b99b8202f80d,b05cd307-ff39-4d35-b1c1-4cb2ba5733af,0.4164,flag_for_review,"Elevated risk driven by: COD payment, no prior return history available, first-time buyer",0.16,logreg_v1_step2,2026-09-04T04:38:57.345330+00:00
aa2072ae-0793-4dc7-a53b-8129f6fb58cb,c987e835-2514-40cd-834c-f4d2261dd56b,0.3872,flag_for_review,"Elevated risk driven by: size-dependent item, COD payment, unusually low order value",0.16,logreg_v1_step2,2026-09-04T04:38:57.345330+00:00
110f5841-9edc-4137-bec9-e8f98fec7565,d36a7387-21ab-43e5-bcb9-dcddf807849d,0.2906,flag_for_review,"Elevated risk driven by: size-dependent item, fashion category, unusually low order value",0.16,logreg_v1_step2,2026-09-04T04:38:57.345330+00:00
52ba95a9-774f-439e-8323-9c61cbde7294,c98a4cb4-7028-4dff-af37-84307e0c0e6f,0.1665,flag_for_review,"Elevated risk driven by: size-dependent item, fashion category",0.16,logreg_v1_step2,2026-09-04T04:38:57.345330+00:00
c29835c9-a810-467b-8e49-dd63ae43edcc,835b4038-88dc-4965-b6b8-921d3b0ad19c,0.3649,flag_for_review,"Elevated risk driven by: large discount, COD payment, unusually low order value",0.16,logreg_v1_step2,2026-09-04T04:38:57.345330+00:00
b2cdeed2-e170-4fb5-8c93-0e24547c9a21,26a2a8f1-fd8f-4235-a9c7-77f65704c530,0.1434,auto_approve,"Elevated risk driven by: large discount, tier3 delivery area, customer's return history",0.16,logreg_v1_step2,2026-09-04T04:38:57.345330+00:00
ed25d7eb-3952-477f-ba89-5cd163667fbf,ccb655d6-cf38-407a-8bc7-0e7e075b7b40,0.1487,auto_approve,"Elevated risk driven by: COD payment, home category, customer's return history",0.16,logreg_v1_step2,2026-09-04T04:38:57.345330+00:00
aeddea16-ed1d-4927-a0c4-db464e210a26,6f63d08a-29ec-4cc2-91f3-053e58856a7a,0.7045,flag_for_review,"Elevated risk driven by: size-dependent item, COD payment, no prior return history available",0.16,logreg_v1_step2,2026-09-04T04:38:57.345330+00:00
11f8f4e8-4838-4a27-9480-548faf7245f0,830587ef-e382-4480-9a46-f2fb1f6d1a0b,0.1018,auto_approve,"Elevated risk driven by: home category, large discount",0.16,logreg_v1_step2,2026-09-04T04:38:57.345330+00:00
7ba7e444-67f5-485d-bc9a-00fee9d6a539,af9a11bb-3658-4e05-918c-ac3f7c175c59,0.2175,flag_for_review,"Elevated risk driven by: large discount, unusually low order value, beauty category",0.16,logreg_v1_step2,2026-09-04T04:38:57.345330+00:00
3a1f4cd4-3aaa-4dfc-b27b-983f1c0de1c8,adb45e54-c9f3-4b21-b54b-39616818eb97,0.0795,auto_approve,"Elevated risk driven by: customer's return history, unusually low order value, tier3 delivery area",0.16,logreg_v1_step2,2026-09-04T04:38:57.345330+00:00
f63173b5-5e16-4795-b617-a515c90b4991,9fb6398e-0d03-4ef7-b82b-f7d4b5edc8a2,0.0425,auto_approve,Elevated risk driven by: large discount,0.16,logreg_v1_step2,2026-09-04T04:38:57.345330+00:00
399e125f-e3e4-474f-b91e-9dc43b6b91d6,06685c5f-2341-4003-97cd-809136d21d44,0.3262,flag_for_review,"Elevated risk driven by: size-dependent item, unusually low order value, fashion category",0.16,logreg_v1_step2,2026-09-04T04:38:57.345330+00:00
7d083740-1c17-4699-afb5-d66d241a0a21,6f63d08a-29ec-4cc2-91f3-053e58856a7a,0.0969,auto_approve,"Elevated risk driven by: large discount, fashion category",0.16,logreg_v1_step2,2026-09-04T04:38:57.345330+00:00
39fccc16-2ae3-4670-b076-48fb42695442,f2811512-6d74-428f-81ae-77df22796b31,0.2228,flag_for_review,"Elevated risk driven by: COD payment, unusually low order value, fashion category",0.16,logreg_v1_step2,2026-09-04T04:38:57.345330+00:00
1f476bbc-a548-4855-82c5-718edf83411b,7ad27a3a-8478-4e6e-8267-856a59ca60a6,0.1679,flag_for_review,"Elevated risk driven by: large discount, tier3 delivery area, beauty category",0.16,logreg_v1_step2,2026-09-04T04:38:57.345330+00:00
658c6193-afb2-4bcb-a7bc-c5400dcfe555,b209d179-6418-4f8c-bd42-8e4f831f0776,0.5529,flag_for_review,"Elevated risk driven by: size-dependent item, COD payment, no prior return history available",0.16,logreg_v1_step2,2026-09-04T04:38:57.345330+00:00
891b4f3d-caa8-4098-b6f2-2d8c604fd086,835b4038-88dc-4965-b6b8-921d3b0ad19c,0.3353,flag_for_review,"Elevated risk driven by: size-dependent item, COD payment, unusually low order value",0.16,logreg_v1_step2,2026-09-04T04:38:57.345330+00:00
8a4e1b4d-5080-4240-abe0-6207230aba3a,11eb7869-4707-43e9-b027-e2ca5551f9c8,0.1191,auto_approve,"Elevated risk driven by: tier3 delivery area, fashion category, large discount",0.16,logreg_v1_step2,2026-09-04T04:38:57.345330+00:00
6252e934-da9d-41da-bae9-69f4e024dd8f,8288f7bc-eed9-4ffd-afc1-d1e03cc4826b,0.1348,auto_approve,"Elevated risk driven by: home category, unusually low order value, large discount",0.16,logreg_v1_step2,2026-09-04T04:38:57.345330+00:00
889f035e-3d08-4504-84fd-bc0860862229,c10c20d7-5510-41b0-8340-28bf31f5165f,0.1334,auto_approve,"Elevated risk driven by: COD payment, customer's return history, unusually low order value",0.16,logreg_v1_step2,2026-09-04T04:38:57.345330+00:00
4cc49bea-05e7-40df-b34e-788c5e139088,1c3bd688-9adf-4f99-a3fe-1e21e9441cc3,0.055,auto_approve,"Elevated risk driven by: unusually low order value, large discount",0.16,logreg_v1_step2,2026-09-04T04:38:57.345330+00:00
92c3038a-88af-41fe-b7d7-80dd9134aee4,d9358869-66e4-4ee6-bb2e-f9062117fa78,0.2705,flag_for_review,"Elevated risk driven by: size-dependent item, unusually low order value, fashion category",0.16,logreg_v1_step2,2026-09-04T04:38:57.345330+00:00
57d4ba2d-f3f9-431a-906b-be24637d47bc,44d21b00-d54f-48d7-9418-d12221557978,0.651,flag_for_review,"Elevated risk driven by: size-dependent item, no prior return history available, first-time buyer",0.16,logreg_v1_step2,2026-09-04T04:38:57.345330+00:00
4967f763-5a3e-4e27-83fe-aff9ec22908c,48b73317-327f-4f67-934a-b6dd2d521db4,0.1696,flag_for_review,"Elevated risk driven by: size-dependent item, fashion category, customer's return history",0.16,logreg_v1_step2,2026-09-04T04:38:57.345330+00:00
e05e1084-aa2b-43e1-9e06-019bd3a3a8a9,6998bf5b-2957-4b20-9fbb-95e19c4d485a,0.1443,auto_approve,"Elevated risk driven by: size-dependent item, customer's return history, fashion category",0.16,logreg_v1_step2,2026-09-04T04:38:57.345330+00:00
4b98143b-5ad6-493f-af7c-a98d8a8b7e8b,b86ee3a9-928c-4ec5-8783-0beb41950f27,0.2446,flag_for_review,"Elevated risk driven by: size-dependent item, large discount, tier3 delivery area",0.16,logreg_v1_step2,2026-09-04T04:38:57.345330+00:00
3c5c8833-b36a-4673-8b3a-2766aa60fa0e,92f8f8f3-1a19-41b0-9888-9ad14e0b35ba,0.2405,flag_for_review,"Elevated risk driven by: size-dependent item, tier3 delivery area, fashion category",0.16,logreg_v1_step2,2026-09-04T04:38:57.345330+00:00
46f08401-2141-4c7d-b724-57cefbd58b3f,711f5cd0-684e-467d-8f71-3d79c61f74e2,0.3724,flag_for_review,"Elevated risk driven by: size-dependent item, unusually low order value, tier3 delivery area",0.16,logreg_v1_step2,2026-09-04T04:38:57.345330+00:00
6c2a82bd-3c49-4ee3-9ba2-6e0e397e981e,c987e835-2514-40cd-834c-f4d2261dd56b,0.3293,flag_for_review,"Elevated risk driven by: COD payment, large discount, home category",0.16,logreg_v1_step2,2026-09-04T04:38:57.345330+00:00
b6fbee19-b4a9-4fde-931f-9ddb184fb470,c5e8aef0-7362-4837-9a04-8b3fa7ff821e,0.2073,flag_for_review,"Elevated risk driven by: customer's return history, tier3 delivery area, beauty category",0.16,logreg_v1_step2,2026-09-04T04:38:57.345330+00:00
3d556e95-774c-432c-ab6b-5104a92e759c,b209d179-6418-4f8c-bd42-8e4f831f0776,0.0983,auto_approve,"Elevated risk driven by: unusually low order value, tier3 delivery area, customer's return history",0.16,logreg_v1_step2,2026-09-04T04:38:57.345330+00:00
e6bc81c0-34b5-4139-bb6b-82a47f9bccd8,16761a20-3269-4f16-945e-f043559094ff,0.0777,auto_approve,"Elevated risk driven by: large discount, beauty category, unusually low order value",0.16,logreg_v1_step2,2026-09-04T04:38:57.345330+00:00
6c473f39-a3ae-4a60-852e-4793fd3ba9b1,30888fd2-16bc-4533-a06f-0e0d4ed50f9d,0.6948,flag_for_review,"Elevated risk driven by: size-dependent item, COD payment, no prior return history available",0.16,logreg_v1_step2,2026-09-04T04:38:57.345330+00:00
cf660aab-b05b-4ba6-9df6-b62949899eaf,98389b8b-658b-4eca-b919-9c37c2dbce1f,0.0381,auto_approve,"Elevated risk driven by: fashion category, large discount",0.16,logreg_v1_step2,2026-09-04T04:38:57.345330+00:00
17cdfc35-a13c-4edf-998a-94a244b8931e,c901a58c-6ac4-4a3a-a5d1-4198a13622e7,0.1887,flag_for_review,"Elevated risk driven by: large discount, COD payment, unusually low order value",0.16,logreg_v1_step2,2026-09-04T04:38:57.345330+00:00
6db1f39a-e176-4466-b6d1-6ffd32f3f420,8f4779cb-b618-4f81-bb3c-2fc51bd97d88,0.5162,flag_for_review,"Elevated risk driven by: size-dependent item, COD payment, unusually low order value",0.16,logreg_v1_step2,2026-09-04T04:38:57.345330+00:00
4b87d9ac-d449-4926-b2c3-f71a4656be0b,b411f36e-bf74-4ba0-bff0-a67770bd35c5,0.3483,flag_for_review,"Elevated risk driven by: size-dependent item, customer's return history, fashion category",0.16,logreg_v1_step2,2026-09-04T04:38:57.345330+00:00
aed4d357-ab1e-49b1-920c-6bac5a2e787d,3a457f70-d47f-43a5-88c5-b74c7d8ab2dc,0.1404,auto_approve,"Elevated risk driven by: customer's return history, unusually low order value, fashion category",0.16,logreg_v1_step2,2026-09-04T04:38:57.345330+00:00
05a2076b-bc2c-455f-9248-5b3945315c98,3b68140d-c04c-4ece-87a7-1b051083612b,0.2697,flag_for_review,"Elevated risk driven by: COD payment, no prior return history available, first-time buyer",0.16,logreg_v1_step2,2026-09-04T04:38:57.345330+00:00
56a22e13-c73e-43ed-881a-cf1ab2866348,0c9b2f44-db07-40fd-a5e8-321ab5ffef6f,0.2247,flag_for_review,"Elevated risk driven by: size-dependent item, large discount, fashion category",0.16,logreg_v1_step2,2026-09-04T04:38:57.345330+00:00
1d617fe0-27e2-4410-a000-26a484065479,e90f2e94-525b-47c4-b592-56daaf0983cc,0.0947,auto_approve,"Elevated risk driven by: size-dependent item, fashion category",0.16,logreg_v1_step2,2026-09-04T04:38:57.345330+00:00
11d6c79e-2d5d-4a1f-a99b-6cbf20ac1711,265ca8d0-3df8-4d6f-9712-d08685f17132,0.1279,auto_approve,"Elevated risk driven by: home category, large discount, unusually low order value",0.16,logreg_v1_step2,2026-09-04T04:38:57.345330+00:00
107e8588-8b13-4b0e-9555-fd265e463c26,89eac406-612d-4301-9b93-ba1b6674831e,0.251,flag_for_review,"Elevated risk driven by: size-dependent item, COD payment, unusually low order value",0.16,logreg_v1_step2,2026-09-04T04:38:57.345330+00:00
af9f3dcc-03f9-4c10-8c34-658233fb9cff,9ee005c0-f8a6-4c23-9732-63abf3e6c333,0.1848,flag_for_review,"Elevated risk driven by: size-dependent item, fashion category, customer's return history",0.16,logreg_v1_step2,2026-09-04T04:38:57.345330+00:00
049d3d3a-6d78-4467-b6a6-1b6a1f09f89a,a3430c85-65c8-4f9b-82e9-f40624864565,0.4523,flag_for_review,"Elevated risk driven by: COD payment, no prior return history available, first-time buyer",0.16,logreg_v1_step2,2026-09-04T04:38:57.345330+00:00
1f85daea-04b5-48a4-83f0-904dc71361ec,44408e56-9a11-44d5-8a79-5e1ddafd28e1,0.1468,auto_approve,"Elevated risk driven by: tier3 delivery area, fashion category",0.16,logreg_v1_step2,2026-09-04T04:38:57.345330+00:00
cac7fdb5-76b5-4cfc-a365-20b6f09cd92a,2a7fb427-4c3e-481a-9333-4b2ce1a6dfcb,0.0846,auto_approve,"Elevated risk driven by: large discount, unusually low order value",0.16,logreg_v1_step2,2026-09-04T04:38:57.345330+00:00
41ac7030-1443-47de-b881-08804b048d47,5c3a491b-f023-457b-9da7-95a4eedebd89,0.1848,flag_for_review,"Elevated risk driven by: large discount, home category, unusually low order value",0.16,logreg_v1_step2,2026-09-04T04:38:57.345330+00:00
079b5223-99d0-47ea-8809-860bf6b9d030,b209d179-6418-4f8c-bd42-8e4f831f0776,0.2836,flag_for_review,"Elevated risk driven by: COD payment, unusually low order value, beauty category",0.16,logreg_v1_step2,2026-09-04T04:38:57.345330+00:00
ee4998ad-526b-4868-9339-80ac8a8b3564,f2811512-6d74-428f-81ae-77df22796b31,0.1146,auto_approve,"Elevated risk driven by: COD payment, customer's return history, tier3 delivery area",0.16,logreg_v1_step2,2026-09-04T04:38:57.345330+00:00
5004ae7f-ed5a-4c47-b3c6-ac84eb105b5c,dfcf4ff2-0355-46ac-ae56-28d7acb70d60,0.085,auto_approve,"Elevated risk driven by: COD payment, tier3 delivery area",0.16,logreg_v1_step2,2026-09-04T04:38:57.345330+00:00
26833268-db0f-4397-aef6-44cf0752d493,a05b51d4-cf4b-43df-8143-fc2defc4213c,0.2162,flag_for_review,"Elevated risk driven by: no prior return history available, first-time buyer, large discount",0.16,logreg_v1_step2,2026-09-04T04:38:57.345330+00:00
f1db0853-8b2a-489a-81c5-c07bccd0552c,ce8ac74b-c6d0-4367-a531-d43bfe5b2bf6,0.2761,flag_for_review,"Elevated risk driven by: COD payment, unusually low order value, large discount",0.16,logreg_v1_step2,2026-09-04T04:38:57.345330+00:00
c6193705-d703-42be-85e0-874b634e9ba8,da84b692-c6d8-43fa-a00f-13d4135959fb,0.0168,auto_approve,"Elevated risk driven by: customer's return history, large discount",0.16,logreg_v1_step2,2026-09-04T04:38:57.345330+00:00
762e7ecc-50f3-4460-80c7-e44dc9a68c36,1aedda60-9451-4ebe-a71a-cb45e1d3d498,0.0329,auto_approve,"Elevated risk driven by: customer's return history, unusually low order value",0.16,logreg_v1_step2,2026-09-04T04:38:57.345330+00:00
c3a0d2e6-a7f0-4492-8ab5-7960e9e176fc,7a4e9ee7-df87-4f79-9ec7-3f4c1f489075,0.0547,auto_approve,"Elevated risk driven by: large discount, unusually low order value, customer's order count",0.16,logreg_v1_step2,2026-09-04T04:38:57.345330+00:00
bc0ad5de-c58f-48ae-9838-1a2956b9f4aa,38543a37-c3ff-4947-a0be-4c688daad6b3,0.0144,auto_approve,Elevated risk driven by: customer's return history,0.16,logreg_v1_step2,2026-09-04T04:38:57.345330+00:00
a251f87c-5c17-4726-97c2-6f1b48ea500e,f2811512-6d74-428f-81ae-77df22796b31,0.2649,flag_for_review,"Elevated risk driven by: COD payment, unusually low order value, beauty category",0.16,logreg_v1_step2,2026-09-04T04:38:57.345330+00:00
adf6ebe0-add6-4b54-9a9e-27f1bc28a0c1,5c3a491b-f023-457b-9da7-95a4eedebd89,0.0609,auto_approve,Elevated risk driven by: unusually low order value,0.16,logreg_v1_step2,2026-09-04T04:38:57.345330+00:00
a09d2a4c-2876-4c85-ab16-96e37dc57a27,9e5d4987-8d7d-4c47-8cdd-0d477afd0d41,0.1951,flag_for_review,"Elevated risk driven by: size-dependent item, unusually low order value, fashion category",0.16,logreg_v1_step2,2026-09-04T04:38:57.345330+00:00
f41c35fb-d668-4deb-a401-67fbf878084f,5192ac9a-c7a8-48db-bb73-9ce757c9e6ea,0.0359,auto_approve,"Elevated risk driven by: unusually low order value, delivery time",0.16,logreg_v1_step2,2026-09-04T04:38:57.345330+00:00
edcd1d7d-06b1-410b-ba9c-2257fc36be47,59265d36-e12e-4bfc-b8a8-29de0a16e8c5,0.2577,flag_for_review,"Elevated risk driven by: size-dependent item, customer's return history, fashion category",0.16,logreg_v1_step2,2026-09-04T04:38:57.345330+00:00
f3ea2ee9-e9a3-4315-9ca0-5160a230a4a5,eb07b44d-b3fe-4da4-86bc-808ae9a3182b,0.1244,auto_approve,"Elevated risk driven by: customer's return history, unusually low order value",0.16,logreg_v1_step2,2026-09-04T04:38:57.345330+00:00
93b782f1-b175-4386-ba39-88a226c590ce,906a171c-f8ef-4c41-9106-4dedffaed9e4,0.1981,flag_for_review,"Elevated risk driven by: size-dependent item, fashion category, unusually low order value",0.16,logreg_v1_step2,2026-09-04T04:38:57.345330+00:00
ac223221-e359-465b-aca3-523ac654d081,cd8465b3-5dc0-4918-a21f-702a430fdf4a,0.4009,flag_for_review,"Elevated risk driven by: size-dependent item, COD payment, unusually low order value",0.16,logreg_v1_step2,2026-09-04T04:38:57.345330+00:00
388bd92a-ef30-4c81-ba7b-0b3bbc345b0a,0b6f3e2b-84fe-456b-ad93-ffcb76fb728f,0.1214,auto_approve,"Elevated risk driven by: home category, unusually low order value, large discount",0.16,logreg_v1_step2,2026-09-04T04:38:57.345330+00:00
49967123-9d77-4748-b064-46f101efd8f2,c901a58c-6ac4-4a3a-a5d1-4198a13622e7,0.0784,auto_approve,"Elevated risk driven by: COD payment, large discount",0.16,logreg_v1_step2,2026-09-04T04:38:57.345330+00:00
a2677142-d7de-44d6-8ab0-4b14a1d5a1af,bd73a907-2b0c-4809-a5e4-fda97fc0021c,0.22,flag_for_review,"Elevated risk driven by: COD payment, tier3 delivery area, unusually low order value",0.16,logreg_v1_step2,2026-09-04T04:38:57.345330+00:00
e9ef78fb-e373-486c-82ba-a1aa72b73e25,c987e835-2514-40cd-834c-f4d2261dd56b,0.0187,auto_approve,Elevated risk driven by: unusually low order value,0.16,logreg_v1_step2,2026-09-04T04:38:57.345330+00:00
3308cb59-024b-43cc-9c24-8bbc64d2543b,ac8ee436-067a-4aac-8496-8e40cfb19bfd,0.2536,flag_for_review,"Elevated risk driven by: size-dependent item, large discount, fashion category",0.16,logreg_v1_step2,2026-09-04T04:38:57.345330+00:00
c3532ed4-e143-4434-8a1e-8a01e954bd9a,bd3a6289-ca9f-4419-850e-e8e8edf0e3fe,0.2529,flag_for_review,"Elevated risk driven by: customer's return history, COD payment, home category",0.16,logreg_v1_step2,2026-09-04T04:38:57.345330+00:00
a6a29301-3ae2-482d-93f6-873970015c68,2bb85dc3-de8b-437b-aa19-641e451bf309,0.0132,auto_approve,No strong individual risk drivers identified.,0.16,logreg_v1_step2,2026-09-04T04:38:57.345330+00:00
bc8bd1b8-0226-4fb8-bb7d-71df08dfc421,4df6a3b0-7a24-4c8d-9f36-45157f53066e,0.4054,flag_for_review,"Elevated risk driven by: size-dependent item, COD payment, customer's return history",0.16,logreg_v1_step2,2026-09-04T04:38:57.345330+00:00
adcc1b2d-0e18-4b37-9d44-78ceacd21daf,423107d7-155f-4bae-92aa-4c3cfbee5d71,0.5224,flag_for_review,"Elevated risk driven by: size-dependent item, large discount, COD payment",0.16,logreg_v1_step2,2026-09-04T04:38:57.345330+00:00
19371516-9bc6-4368-81ad-0faa7a43dd92,4e3fc6b0-f121-4028-91ed-489282daa465,0.2535,flag_for_review,"Elevated risk driven by: size-dependent item, fashion category, unusually low order value",0.16,logreg_v1_step2,2026-09-04T04:38:57.345330+00:00
43a6aa19-091a-4876-8961-20962bc852af,ec11d559-7980-4914-89e3-b56e72adba0b,0.5738,flag_for_review,"Elevated risk driven by: large discount, size-dependent item, COD payment",0.16,logreg_v1_step2,2026-09-04T04:38:57.345330+00:00
3b9fb4c5-41ff-4d5c-b0c1-611d8ac54a65,711f5cd0-684e-467d-8f71-3d79c61f74e2,0.1522,auto_approve,"Elevated risk driven by: no prior return history available, first-time buyer, unusually low order value",0.16,logreg_v1_step2,2026-09-04T04:38:57.345330+00:00
cf4c292e-c940-4cf3-b91f-7aa8594ac730,ace1ab49-d6e4-4784-9490-26eccef63611,0.0282,auto_approve,No strong individual risk drivers identified.,0.16,logreg_v1_step2,2026-09-04T04:38:57.345330+00:00
a51fa885-aa28-4003-9888-b34109194a7b,5a71659c-1263-4448-8731-60f1df983197,0.3921,flag_for_review,"Elevated risk driven by: customer's return history, large discount, COD payment",0.16,logreg_v1_step2,2026-09-04T04:38:57.345330+00:00
e253ba29-ffc7-4270-bf15-7ddc20f4926f,b1a30137-7368-48c3-8194-6c835d158d6d,0.0207,auto_approve,"Elevated risk driven by: customer's return history, unusually low order value",0.16,logreg_v1_step2,2026-09-04T04:38:57.345330+00:00
37ce19b2-7234-4d5e-afb3-2377ec46132a,c987e835-2514-40cd-834c-f4d2261dd56b,0.1042,auto_approve,"Elevated risk driven by: size-dependent item, fashion category",0.16,logreg_v1_step2,2026-09-04T04:38:57.345330+00:00
1499fd99-09a6-4c0b-a32a-3a3836a1f150,ed0d4cec-07d4-440d-a77d-2f0af2663244,0.1581,auto_approve,"Elevated risk driven by: no prior return history available, first-time buyer, home category",0.16,logreg_v1_step2,2026-09-04T04:38:57.345330+00:00
90c893ae-44db-4531-bb65-aa66ace289c8,f12f9975-0712-4d09-b5cc-14bee6fd60bc,0.1503,auto_approve,"Elevated risk driven by: customer's return history, fashion category, unusually low order value",0.16,logreg_v1_step2,2026-09-04T04:38:57.345330+00:00
5d257053-11fe-4e51-aae7-5ea719d76956,aa5a6f5e-380c-4ba0-8ed5-06cf5919dea1,0.6588,flag_for_review,"Elevated risk driven by: size-dependent item, COD payment, no prior return history available",0.16,logreg_v1_step2,2026-09-04T04:38:57.345330+00:00
25105343-4c0f-4b22-a3b0-9565f96990f5,e13d21db-d1a8-4f0a-9fc2-ba3d05772804,0.0989,auto_approve,"Elevated risk driven by: COD payment, unusually low order value",0.16,logreg_v1_step2,2026-09-04T04:38:57.345330+00:00
32da8f95-6301-4f3c-a579-54d0c5433e37,0b6f3e2b-84fe-456b-ad93-ffcb76fb728f,0.3729,flag_for_review,"Elevated risk driven by: size-dependent item, large discount, fashion category",0.16,logreg_v1_step2,2026-09-04T04:38:57.345330+00:00
3a119b0d-b57a-4c59-bd24-a8e6d292552a,b9ab6a4e-9e61-4225-8298-12bde10de7a7,0.2327,flag_for_review,"Elevated risk driven by: COD payment, unusually low order value, home category",0.16,logreg_v1_step2,2026-09-04T04:38:57.345330+00:00
4b61ced2-eab4-4f44-84fb-494847b6b648,2bf1c610-a75b-412d-b0ce-9dc111d20e3c,0.1625,flag_for_review,"Elevated risk driven by: large discount, home category, unusually low order value",0.16,logreg_v1_step2,2026-09-04T04:38:57.345330+00:00
2f0f97be-e5e6-451e-af80-9a12266a6f5e,a4db88e6-ae16-4748-b823-872ab1d4baca,0.0893,auto_approve,"Elevated risk driven by: COD payment, no prior return history available, first-time buyer",0.16,logreg_v1_step2,2026-09-04T04:38:57.345330+00:00
d87f78b9-a714-4c20-9fd2-9d4e2fc3f729,a2a6e4a7-73f0-4f60-8023-1d364c305e4d,0.2035,flag_for_review,"Elevated risk driven by: COD payment, home category, unusually low order value",0.16,logreg_v1_step2,2026-09-04T04:38:57.345330+00:00
5db6fa1b-8fd2-4e80-b0e9-b90f64df163d,ae552c33-7743-41ff-9ff7-18530729fd15,0.2525,flag_for_review,"Elevated risk driven by: large discount, no prior return history available, first-time buyer",0.16,logreg_v1_step2,2026-09-04T04:38:57.345330+00:00
e7d2bad9-78f2-4683-81d6-d194e4382f0b,9d1d8bca-9218-4856-8619-cfee194da74f,0.3018,flag_for_review,"Elevated risk driven by: COD payment, unusually low order value, large discount",0.16,logreg_v1_step2,2026-09-04T04:38:57.345330+00:00
3e4f06fa-4d31-47c5-803f-ea3d790cd4cb,e13d21db-d1a8-4f0a-9fc2-ba3d05772804,0.3054,flag_for_review,"Elevated risk driven by: COD payment, unusually low order value, home category",0.16,logreg_v1_step2,2026-09-04T04:38:57.345330+00:00
a5c2ad09-d5b1-4831-b490-23a9961b54fe,4d47ad50-ed68-4545-af4f-485a9b29b711,0.087,auto_approve,"Elevated risk driven by: COD payment, large discount, unusually low order value",0.16,logreg_v1_step2,2026-09-04T04:38:57.345330+00:00
aba135f9-0fcf-4a03-be02-b21734ed0269,b8d02904-601f-4dd7-a3d1-5fb98038da28,0.0934,auto_approve,"Elevated risk driven by: home category, large discount, unusually low order value",0.16,logreg_v1_step2,2026-09-04T04:38:57.345330+00:00
7a56cc12-7662-4789-882b-e80eaee2c671,487e0072-ff7c-4376-aa94-0ed39d21882d,0.1455,auto_approve,"Elevated risk driven by: COD payment, beauty category, unusually low order value",0.16,logreg_v1_step2,2026-09-04T04:38:57.345330+00:00
7a75fb3b-2267-43b9-9321-e87e98601d2e,63d8dd12-39d4-4e1e-bdd7-72b1c1a0b1c0,0.2319,flag_for_review,"Elevated risk driven by: COD payment, fashion category, customer's return history",0.16,logreg_v1_step2,2026-09-04T04:38:57.345330+00:00
33ce9388-cb95-4bd4-ad67-03f3f2d8bd1e,c1d72fdc-2ec8-4a56-acd3-5dc9168f5ab8,0.0259,auto_approve,"Elevated risk driven by: unusually low order value, large discount",0.16,logreg_v1_step2,2026-09-04T04:38:57.345330+00:00
f7eadf32-f2cd-456d-829c-752cd1f8b266,429a3593-a1f1-41a7-8879-ead65bd1838e,0.0233,auto_approve,"Elevated risk driven by: size-dependent item, fashion category",0.16,logreg_v1_step2,2026-09-04T04:38:57.345330+00:00
2f98bc84-8452-4e1c-9a35-4ced0a82dd25,d9bc17ca-80dd-47e2-8dc5-79922a30764c,0.2522,flag_for_review,"Elevated risk driven by: size-dependent item, customer's return history, fashion category",0.16,logreg_v1_step2,2026-09-04T04:38:57.345330+00:00
23e8b0ee-b54e-4339-907d-646ea06589f6,4c4f2800-1fc4-4701-bb18-1c82517eb39d,0.5685,flag_for_review,"Elevated risk driven by: size-dependent item, no prior return history available, first-time buyer",0.16,logreg_v1_step2,2026-09-04T04:38:57.345330+00:00
d6fc1c64-33ca-403c-8ba2-7661d983c92d,6405d452-0d48-4c53-b3bc-cf7e9b11d207,0.1224,auto_approve,"Elevated risk driven by: large discount, customer's return history, unusually low order value",0.16,logreg_v1_step2,2026-09-04T04:38:57.345330+00:00
500f6a11-8884-4801-8a29-1385351863f2,13182ea4-be24-4b97-856d-8d507c92c272,0.1217,auto_approve,"Elevated risk driven by: customer's return history, unusually low order value, beauty category",0.16,logreg_v1_step2,2026-09-04T04:38:57.345330+00:00
dab18562-12ff-4712-9d64-9b821b4319b1,787739e4-6bfc-4e51-b3b0-26408d0e386e,0.3646,flag_for_review,"Elevated risk driven by: large discount, size-dependent item, unusually low order value",0.16,logreg_v1_step2,2026-09-04T04:38:57.345330+00:00
e4152865-5a13-42c1-a325-ce8071c4d322,80f51681-2009-48ac-926e-7b7901f96486,0.161,flag_for_review,"Elevated risk driven by: COD payment, tier3 delivery area, beauty category",0.16,logreg_v1_step2,2026-09-04T04:38:57.345330+00:00
3ce55c3b-95a1-4c1c-a8d8-81223db74520,6df9a58c-9831-41d7-8a30-4c1802eb1988,0.0142,auto_approve,Elevated risk driven by: fashion category,0.16,logreg_v1_step2,2026-09-04T04:38:57.345330+00:00
66825255-efd6-494e-9061-8173fe21ee52,19ae94ec-7d3b-445f-b9ac-092f54f91579,0.047,auto_approve,Elevated risk driven by: tier3 delivery area,0.16,logreg_v1_step2,2026-09-04T04:38:57.345330+00:00
7abaf2f8-5f84-4dbe-bcbc-9729117df444,dea29f8e-ac26-475e-a225-300fac669ed0,0.2159,flag_for_review,"Elevated risk driven by: COD payment, unusually low order value, beauty category",0.16,logreg_v1_step2,2026-09-04T04:38:57.345330+00:00
7e188cb9-ddbe-40e4-9ebb-7affcd811cf2,8ea8ec03-416f-4438-a527-3c864c97142a,0.0513,auto_approve,"Elevated risk driven by: large discount, size-dependent item, COD payment",0.16,logreg_v1_step2,2026-09-04T04:38:57.345330+00:00
26171829-1e44-430b-8704-67dccc84bb19,2286f067-3fb8-4d9d-8502-469f39a46441,0.1535,auto_approve,"Elevated risk driven by: COD payment, unusually low order value, large discount",0.16,logreg_v1_step2,2026-09-04T04:38:57.345330+00:00
fd141407-b6c8-495b-9efd-17eced8d122c,a6256430-3c71-4085-bbd4-f11ec5db53de,0.0444,auto_approve,Elevated risk driven by: tier3 delivery area,0.16,logreg_v1_step2,2026-09-04T04:38:57.345330+00:00
51b7a0b6-7fb5-4dd7-93f7-4cb7711977d0,d9bc17ca-80dd-47e2-8dc5-79922a30764c,0.1835,flag_for_review,"Elevated risk driven by: size-dependent item, unusually low order value, fashion category",0.16,logreg_v1_step2,2026-09-04T04:38:57.345330+00:00
e636194e-51ae-4f2d-b364-032da618d516,49a190f2-c9c8-441e-b450-f1343adf4d1a,0.1713,flag_for_review,"Elevated risk driven by: COD payment, customer's return history, unusually low order value",0.16,logreg_v1_step2,2026-09-04T04:38:57.345330+00:00
16a5f4b7-c232-4fd4-af37-1d1a71bd366c,9d1d8bca-9218-4856-8619-cfee194da74f,0.189,flag_for_review,"Elevated risk driven by: large discount, home category, customer's return history",0.16,logreg_v1_step2,2026-09-04T04:38:57.345330+00:00
2b02bda5-e08f-4025-8cfa-9d20daea0ea3,19bfd115-238b-4d11-9450-534330a1d394,0.0321,auto_approve,"Elevated risk driven by: no prior return history available, first-time buyer",0.16,logreg_v1_step2,2026-09-04T04:38:57.345330+00:00
ceba1db4-c6f9-4f73-918b-e140ad9eabf7,0b6f3e2b-84fe-456b-ad93-ffcb76fb728f,0.0939,auto_approve,"Elevated risk driven by: large discount, unusually low order value",0.16,logreg_v1_step2,2026-09-04T04:38:57.345330+00:00
0b1f13f1-78a9-4919-b4eb-c2c804487fd2,ac8ee436-067a-4aac-8496-8e40cfb19bfd,0.2038,flag_for_review,"Elevated risk driven by: COD payment, unusually low order value, beauty category",0.16,logreg_v1_step2,2026-09-04T04:38:57.345330+00:00
fc9babe5-5e9d-47cd-8cba-458b62b0739a,6405d452-0d48-4c53-b3bc-cf7e9b11d207,0.2263,flag_for_review,"Elevated risk driven by: size-dependent item, unusually low order value, beauty category",0.16,logreg_v1_step2,2026-09-04T04:38:57.345330+00:00
159e5a97-1c7a-4b29-b9f4-bc4ec077db32,9ed30459-baa2-46a2-ad3b-80868919e0f4,0.3343,flag_for_review,"Elevated risk driven by: size-dependent item, no prior return history available, first-time buyer",0.16,logreg_v1_step2,2026-09-04T04:38:57.345330+00:00
f89e928e-c520-454b-b965-0b8a30cc635b,cd508d92-15fe-4a35-9c1b-37a278d36ea4,0.0681,auto_approve,"Elevated risk driven by: customer's return history, unusually low order value",0.16,logreg_v1_step2,2026-09-04T04:38:57.345330+00:00
861d06b3-af07-4072-be9a-2f7f8de023d1,906a171c-f8ef-4c41-9106-4dedffaed9e4,0.298,flag_for_review,"Elevated risk driven by: COD payment, unusually low order value, large discount",0.16,logreg_v1_step2,2026-09-04T04:38:57.345330+00:00
25f620c5-0077-4e06-a600-a92fde43909a,87c90f8c-18d5-41bd-a017-72dc3f5b1ad3,0.2991,flag_for_review,"Elevated risk driven by: size-dependent item, COD payment, fashion category",0.16,logreg_v1_step2,2026-09-04T04:38:57.345330+00:00
4e25991c-0f28-4c80-9af4-6174e5e8c4b9,c3f1cc06-68c1-442a-b18b-6338217bcf62,0.0493,auto_approve,"Elevated risk driven by: COD payment, unusually low order value",0.16,logreg_v1_step2,2026-09-04T04:38:57.345330+00:00
37f1f177-548c-4ea7-bf3f-0edaaae2d049,49906f06-7aa4-4267-a704-c6b97c5260ba,0.1101,auto_approve,"Elevated risk driven by: home category, unusually low order value, customer's return history",0.16,logreg_v1_step2,2026-09-04T04:38:57.345330+00:00
e686e376-1591-423d-9eab-42177553cf33,7f51804d-0307-4367-8d0c-719db1094ae8,0.0722,auto_approve,"Elevated risk driven by: large discount, unusually low order value",0.16,logreg_v1_step2,2026-09-04T04:38:57.345330+00:00
40de618d-add5-4759-a48a-f3fdaf761141,44408e56-9a11-44d5-8a79-5e1ddafd28e1,0.0207,auto_approve,Elevated risk driven by: customer's return history,0.16,logreg_v1_step2,2026-09-04T04:38:57.345330+00:00
73d295dd-9a1d-44d4-90a6-bbc0089eae7f,99147503-441a-4858-9bd7-29926eb2f3c3,0.1715,flag_for_review,"Elevated risk driven by: large discount, fashion category, unusually low order value",0.16,logreg_v1_step2,2026-09-04T04:38:57.345330+00:00
d3ffc1c9-f2f5-4fab-83b2-3ae7d16a8519,3c0df3e1-c239-441b-b4dd-153f99532574,0.3641,flag_for_review,"Elevated risk driven by: COD payment, customer's return history, unusually low order value",0.16,logreg_v1_step2,2026-09-04T04:38:57.345330+00:00
2c760662-f466-4cb4-b163-d8c66fca7454,a20df474-d4a0-4bf5-aa94-0fa372496968,0.2186,flag_for_review,"Elevated risk driven by: size-dependent item, fashion category, unusually low order value",0.16,logreg_v1_step2,2026-09-04T04:38:57.345330+00:00
53b83a6b-9384-46f9-b6a6-c34d3e64c566,0cba70d8-7b76-4a59-90e8-413b36d73797,0.3762,flag_for_review,"Elevated risk driven by: size-dependent item, large discount, tier3 delivery area",0.16,logreg_v1_step2,2026-09-04T04:38:57.345330+00:00
c5a68c41-965d-4a67-a93a-61702668290e,7a4e9ee7-df87-4f79-9ec7-3f4c1f489075,0.1518,auto_approve,"Elevated risk driven by: COD payment, unusually low order value",0.16,logreg_v1_step2,2026-09-04T04:38:57.345330+00:00
4b6d8545-b06d-4cc1-a182-18ea20b4cb75,19ae94ec-7d3b-445f-b9ac-092f54f91579,0.127,auto_approve,"Elevated risk driven by: size-dependent item, fashion category, unusually low order value",0.16,logreg_v1_step2,2026-09-04T04:38:57.345330+00:00
91176dcb-66fb-4ec5-8188-d2ce57d47244,dab3abd3-79ae-4ba0-a840-2dd1dace1c9b,0.1198,auto_approve,"Elevated risk driven by: no prior return history available, first-time buyer, unusually low order value",0.16,logreg_v1_step2,2026-09-04T04:38:57.345330+00:00
8881e394-fade-4ba8-aff5-395404b17b84,bd8faecc-d38d-4f13-8a42-c17d6f850d10,0.3661,flag_for_review,"Elevated risk driven by: size-dependent item, COD payment, unusually low order value",0.16,logreg_v1_step2,2026-09-04T04:38:57.345330+00:00
e21d200b-2b5e-4d29-9305-b9d766b9cac8,5192ac9a-c7a8-48db-bb73-9ce757c9e6ea,0.0838,auto_approve,"Elevated risk driven by: home category, unusually low order value",0.16,logreg_v1_step2,2026-09-04T04:38:57.345330+00:00
848124fd-5ce6-4085-999b-53f1b3ef9e2b,ec11d559-7980-4914-89e3-b56e72adba0b,0.1947,flag_for_review,"Elevated risk driven by: COD payment, beauty category, unusually low order value",0.16,logreg_v1_step2,2026-09-04T04:38:57.345330+00:00
fa5b0646-d25c-47ce-940c-5e13e0d030a7,236d11d7-cc84-47c1-9d4b-15dd6891dcbc,0.1991,flag_for_review,"Elevated risk driven by: size-dependent item, fashion category, unusually low order value",0.16,logreg_v1_step2,2026-09-04T04:38:57.345330+00:00
153c427c-9012-42ce-a47c-81ace4a462ea,f9852313-5fdc-437c-9c37-d03dbf8c8f0e,0.2079,flag_for_review,"Elevated risk driven by: size-dependent item, fashion category, unusually low order value",0.16,logreg_v1_step2,2026-09-04T04:38:57.345330+00:00
e6cbedf6-68d1-43bb-8730-b8e769cf55e0,4d47ad50-ed68-4545-af4f-485a9b29b711,0.2257,flag_for_review,"Elevated risk driven by: size-dependent item, fashion category, large discount",0.16,logreg_v1_step2,2026-09-04T04:38:57.345330+00:00
ca46ce90-cb9a-48eb-990e-04b5d0bf7bb6,e75b5a37-ac60-4066-a040-3617f0d903ea,0.1654,flag_for_review,"Elevated risk driven by: COD payment, tier3 delivery area, unusually low order value",0.16,logreg_v1_step2,2026-09-04T04:38:57.345330+00:00
916bceec-f298-4c07-8a30-ff93b6e763d9,dda5b132-3c35-48db-8feb-21f14075f104,0.4579,flag_for_review,"Elevated risk driven by: size-dependent item, COD payment, tier3 delivery area",0.16,logreg_v1_step2,2026-09-04T04:38:57.345330+00:00
46d8c316-488d-4add-8db3-197bfee02dda,ccb655d6-cf38-407a-8bc7-0e7e075b7b40,0.2284,flag_for_review,"Elevated risk driven by: COD payment, fashion category, customer's return history",0.16,logreg_v1_step2,2026-09-04T04:38:57.345330+00:00
9820346c-ecc8-4ca9-9edc-b583b2bcb2e6,ac8ee436-067a-4aac-8496-8e40cfb19bfd,0.177,flag_for_review,"Elevated risk driven by: size-dependent item, COD payment, fashion category",0.16,logreg_v1_step2,2026-09-04T04:38:57.345330+00:00
504ab7ff-d239-4061-ae2c-43042807c2e1,3b49789c-945c-4714-a699-87e36fa56daa,0.1142,auto_approve,"Elevated risk driven by: no prior return history available, first-time buyer, unusually low order value",0.16,logreg_v1_step2,2026-09-04T04:38:57.345330+00:00
0d4a0b0d-53d5-4502-8374-3c507f1ea49e,a4db88e6-ae16-4748-b823-872ab1d4baca,0.1148,auto_approve,"Elevated risk driven by: customer's return history, large discount, unusually low order value",0.16,logreg_v1_step2,2026-09-04T04:38:57.345330+00:00
51037e2b-f599-4fa2-afb9-92712430dbd8,434d3577-d083-4b8b-b994-7cbc72a24b1a,0.2509,flag_for_review,"Elevated risk driven by: size-dependent item, fashion category, unusually low order value",0.16,logreg_v1_step2,2026-09-04T04:38:57.345330+00:00
d4024687-9e16-479e-981c-3c60f82e6b4f,c04c2c09-5f42-4b59-aeb5-6d35280a5d01,0.0211,auto_approve,Elevated risk driven by: large discount,0.16,logreg_v1_step2,2026-09-04T04:38:57.345330+00:00
8db229b3-a32c-40c9-abba-018f0b2d1065,a2a6e4a7-73f0-4f60-8023-1d364c305e4d,0.1708,flag_for_review,"Elevated risk driven by: large discount, tier3 delivery area, beauty category",0.16,logreg_v1_step2,2026-09-04T04:38:57.345330+00:00
0e0c2d09-9cc3-4381-9b1b-fff6db32c7ae,ecf7432d-87ec-467d-9c61-1102e6ef87c1,0.1064,auto_approve,"Elevated risk driven by: COD payment, unusually low order value",0.16,logreg_v1_step2,2026-09-04T04:38:57.345330+00:00
49afc5ac-b080-4b27-99ca-02954a9dd27c,6bf452e9-0173-469d-bfec-d17e576fd561,0.2695,flag_for_review,"Elevated risk driven by: large discount, COD payment, beauty category",0.16,logreg_v1_step2,2026-09-04T04:38:57.345330+00:00
288aa6f5-9bc9-425b-a781-ccfec59092cb,2bf1c610-a75b-412d-b0ce-9dc111d20e3c,0.4096,flag_for_review,"Elevated risk driven by: size-dependent item, COD payment, tier3 delivery area",0.16,logreg_v1_step2,2026-09-04T04:38:57.345330+00:00
242befb8-3eff-476b-adbc-619167b7c583,835b4038-88dc-4965-b6b8-921d3b0ad19c,0.2363,flag_for_review,"Elevated risk driven by: COD payment, unusually low order value, large discount",0.16,logreg_v1_step2,2026-09-04T04:38:57.345330+00:00
5f5f387e-89a8-4d84-9a20-88a1cc52bfd1,b411f36e-bf74-4ba0-bff0-a67770bd35c5,0.0714,auto_approve,"Elevated risk driven by: large discount, no prior return history available, first-time buyer",0.16,logreg_v1_step2,2026-09-04T04:38:57.345330+00:00
5281fbb1-9544-4447-9d13-89aa3990b6ec,bd8faecc-d38d-4f13-8a42-c17d6f850d10,0.0438,auto_approve,"Elevated risk driven by: COD payment, customer's return history",0.16,logreg_v1_step2,2026-09-04T04:38:57.345330+00:00
127a8ad3-8ada-469d-b215-4aa0251081d1,0651ab9e-5b2b-46c4-9215-ff97762857c1,0.0444,auto_approve,Elevated risk driven by: unusually low order value,0.16,logreg_v1_step2,2026-09-04T04:38:57.345330+00:00
49cc984b-c34a-450d-9fed-e2a4b1335fd6,dea29f8e-ac26-475e-a225-300fac669ed0,0.0961,auto_approve,"Elevated risk driven by: size-dependent item, fashion category, customer's return history",0.16,logreg_v1_step2,2026-09-04T04:38:57.345330+00:00
39e8f8f7-1f66-4be7-bedf-1be949461af2,e8236567-e21a-46bf-9ba0-de610564b03d,0.3126,flag_for_review,"Elevated risk driven by: COD payment, large discount, fashion category",0.16,logreg_v1_step2,2026-09-04T04:38:57.345330+00:00
6265ab9f-140a-4a53-b24a-d923c331942f,cd508d92-15fe-4a35-9c1b-37a278d36ea4,0.2872,flag_for_review,"Elevated risk driven by: size-dependent item, COD payment, unusually low order value",0.16,logreg_v1_step2,2026-09-04T04:38:57.345330+00:00
c4e4c9d4-e931-468f-82b4-3253c4e3c919,13182ea4-be24-4b97-856d-8d507c92c272,0.0269,auto_approve,Elevated risk driven by: unusually low order value,0.16,logreg_v1_step2,2026-09-04T04:38:57.345330+00:00
e538402b-bee4-4175-844d-e5bee0fe4a68,c967d130-c116-4a5c-8589-391097b66b37,0.1621,flag_for_review,"Elevated risk driven by: size-dependent item, unusually low order value, fashion category",0.16,logreg_v1_step2,2026-09-04T04:38:57.345330+00:00
032fd401-39c2-41bf-954f-6cde05d4139b,6998bf5b-2957-4b20-9fbb-95e19c4d485a,0.1411,auto_approve,"Elevated risk driven by: home category, unusually low order value, customer's return history",0.16,logreg_v1_step2,2026-09-04T04:38:57.345330+00:00
7754ae90-3d89-43c8-9e5b-1d71f4bb5c8a,f9691f62-eba3-4973-ac0d-3de0ec286d88,0.0936,auto_approve,"Elevated risk driven by: tier3 delivery area, customer's return history, unusually low order value",0.16,logreg_v1_step2,2026-09-04T04:38:57.345330+00:00
0946fa09-84dc-4182-8f69-7c22ab2ff76e,0b6f3e2b-84fe-456b-ad93-ffcb76fb728f,0.3023,flag_for_review,"Elevated risk driven by: COD payment, large discount, home category",0.16,logreg_v1_step2,2026-09-04T04:38:57.345330+00:00
d7902f82-34a5-48b4-af5b-15eef1184c1e,a6256430-3c71-4085-bbd4-f11ec5db53de,0.1235,auto_approve,"Elevated risk driven by: large discount, fashion category, customer's return history",0.16,logreg_v1_step2,2026-09-04T04:38:57.345330+00:00
1a6cfc10-93f0-4345-a20d-892c33c3e8b2,2b77e152-ac97-4061-9e6a-5abdc78bc29a,0.07,auto_approve,"Elevated risk driven by: large discount, customer's return history",0.16,logreg_v1_step2,2026-09-04T04:38:57.345330+00:00
d3207d06-51dc-4785-98f4-5c1bc7b4cc8f,14dacb7a-4c30-4243-939a-a0e29b7f206e,0.2738,flag_for_review,"Elevated risk driven by: COD payment, large discount, home category",0.16,logreg_v1_step2,2026-09-04T04:38:57.345330+00:00
8ddeb50b-00d4-4266-8b91-9845c79a4c27,7ec9d46b-0141-4835-accd-a9841843ca7e,0.2054,flag_for_review,"Elevated risk driven by: COD payment, unusually low order value, beauty category",0.16,logreg_v1_step2,2026-09-04T04:38:57.345330+00:00
9b8d2957-afe6-4027-987d-39272d82d5bf,87c90f8c-18d5-41bd-a017-72dc3f5b1ad3,0.1314,auto_approve,"Elevated risk driven by: home category, customer's return history",0.16,logreg_v1_step2,2026-09-04T04:38:57.345330+00:00
17d2cadd-a54b-4c9d-9bb5-e510231a343d,487e0072-ff7c-4376-aa94-0ed39d21882d,0.3422,flag_for_review,"Elevated risk driven by: size-dependent item, COD payment, fashion category",0.16,logreg_v1_step2,2026-09-04T04:38:57.345330+00:00
16a2fc6c-8e46-48d6-8fbc-a9fad40cc50f,4c2d0fbf-fe06-450e-8a17-136766d2e685,0.0613,auto_approve,Elevated risk driven by: unusually low order value,0.16,logreg_v1_step2,2026-09-04T04:38:57.345330+00:00
66a9f31c-c0c0-4b09-97a1-47131205fac5,fecd2a5b-e5c7-4055-bc33-7f5143f2fb37,0.0869,auto_approve,"Elevated risk driven by: fashion category, unusually low order value",0.16,logreg_v1_step2,2026-09-04T04:38:57.345330+00:00
604b672b-3e7f-46bb-a7f3-a5d5ae44e3d5,c967d130-c116-4a5c-8589-391097b66b37,0.1936,flag_for_review,"Elevated risk driven by: size-dependent item, large discount, tier3 delivery area",0.16,logreg_v1_step2,2026-09-04T04:38:57.345330+00:00
3c7175c3-a1b1-4285-9b16-76e72de9f47c,dda5b132-3c35-48db-8feb-21f14075f104,0.0587,auto_approve,Elevated risk driven by: unusually low order value,0.16,logreg_v1_step2,2026-09-04T04:38:57.345330+00:00
eecf1cf5-443a-49d8-b5b2-80afd2f57e73,2bf0d062-3044-43ad-afc7-95617e9ef54d,0.1144,auto_approve,"Elevated risk driven by: large discount, unusually low order value, customer's return history",0.16,logreg_v1_step2,2026-09-04T04:38:57.345330+00:00
387bda67-c560-4757-a06f-33fe7005f003,d3db41bc-bf8f-46e0-94b1-984f27ff9af2,0.2562,flag_for_review,"Elevated risk driven by: size-dependent item, fashion category, large discount",0.16,logreg_v1_step2,2026-09-04T04:38:57.345330+00:00
61fc37e2-a8f8-47f7-956c-d22fc43aac6b,694022be-f45b-4b98-8a1e-01682ff6e821,0.0316,auto_approve,"Elevated risk driven by: unusually low order value, tier3 delivery area",0.16,logreg_v1_step2,2026-09-04T04:38:57.345330+00:00
500169fd-3106-426e-9900-028f0af6d855,5a71659c-1263-4448-8731-60f1df983197,0.2773,flag_for_review,"Elevated risk driven by: customer's return history, unusually low order value, tier3 delivery area",0.16,logreg_v1_step2,2026-09-04T04:38:57.345330+00:00
0e104f78-9fa4-4a30-a466-5f43a6c5cc52,f2c8ae0e-52fe-4eca-b75b-3a0db84124de,0.3426,flag_for_review,"Elevated risk driven by: customer's return history, COD payment, unusually low order value",0.16,logreg_v1_step2,2026-09-04T04:38:57.345330+00:00
ce49b3ef-c42d-47a6-a350-0cbe0455b551,171da275-1177-47e0-8508-b0c0b9a18def,0.2162,flag_for_review,"Elevated risk driven by: COD payment, home category, unusually low order value",0.16,logreg_v1_step2,2026-09-04T04:38:57.345330+00:00
c3873fc6-4720-4051-a7b2-030ed47dd7cc,b7fee608-f381-4167-a173-bf1ad38bdb79,0.0875,auto_approve,"Elevated risk driven by: size-dependent item, fashion category",0.16,logreg_v1_step2,2026-09-04T04:38:57.345330+00:00
a9eda62e-2b82-4f3b-98c7-18781a269558,4490790e-4fea-4b93-a5b7-205d0c72419a,0.0713,auto_approve,"Elevated risk driven by: unusually low order value, customer's return history",0.16,logreg_v1_step2,2026-09-04T04:38:57.345330+00:00
b1021208-1cc6-4f26-9481-929251af0916,487e0072-ff7c-4376-aa94-0ed39d21882d,0.123,auto_approve,"Elevated risk driven by: large discount, home category, unusually low order value",0.16,logreg_v1_step2,2026-09-04T04:38:57.345330+00:00
ad8bc6fe-7455-47dd-9d54-b5f8dbd16bcc,2bf1c610-a75b-412d-b0ce-9dc111d20e3c,0.107,auto_approve,"Elevated risk driven by: home category, tier3 delivery area, unusually low order value",0.16,logreg_v1_step2,2026-09-04T04:38:57.345330+00:00
16637ba6-e9b0-493d-9766-a6417084c804,912383ff-d344-436a-862e-61ab640188b1,0.2463,flag_for_review,"Elevated risk driven by: customer's return history, home category, unusually low order value",0.16,logreg_v1_step2,2026-09-04T04:38:57.345330+00:00
5bae8711-2ccb-46ad-9972-18511421e035,7226a281-8501-4f86-91cc-afa9ca3514d0,0.2941,flag_for_review,"Elevated risk driven by: COD payment, no prior return history available, first-time buyer",0.16,logreg_v1_step2,2026-09-04T04:38:57.345330+00:00
9aec3d5f-6cca-43be-a871-add18525e770,17b4ac80-5793-4301-bfa9-f9aefc25fff1,0.2976,flag_for_review,"Elevated risk driven by: COD payment, unusually low order value, tier3 delivery area",0.16,logreg_v1_step2,2026-09-04T04:38:57.345330+00:00
1c742e1c-b34f-49f1-92a8-ee4b7d8a75e0,b0694581-e5bf-4757-913a-46834d324ff0,0.1071,auto_approve,"Elevated risk driven by: no prior return history available, first-time buyer, unusually low order value",0.16,logreg_v1_step2,2026-09-04T04:38:57.345330+00:00
74b594cb-8676-422c-a601-09d158830186,b409e3d7-b9a4-422f-952f-eaf1d5521144,0.3816,flag_for_review,"Elevated risk driven by: large discount, COD payment, unusually low order value",0.16,logreg_v1_step2,2026-09-04T04:38:57.345330+00:00
a2264a34-454c-4486-aa73-220f1cbd928b,1ec19d12-c4c9-4320-a035-98e17c951577,0.2325,flag_for_review,"Elevated risk driven by: size-dependent item, unusually low order value, fashion category",0.16,logreg_v1_step2,2026-09-04T04:38:57.345330+00:00
30db4d98-d7f9-4159-ba4a-6625129e47fa,1c4f6d08-f28c-411b-ad7a-7123a63db32d,0.2037,flag_for_review,"Elevated risk driven by: customer's return history, unusually low order value, beauty category",0.16,logreg_v1_step2,2026-09-04T04:38:57.345330+00:00
68241edc-597d-4874-b86a-aa03e4dae3e6,4efa302f-3150-404a-9806-87f520177fa7,0.0446,auto_approve,"Elevated risk driven by: tier3 delivery area, unusually low order value",0.16,logreg_v1_step2,2026-09-04T04:38:57.345330+00:00
5b16bbf9-1d7e-41d3-bc74-6e02d3999f3a,b7fee608-f381-4167-a173-bf1ad38bdb79,0.0822,auto_approve,"Elevated risk driven by: tier3 delivery area, beauty category",0.16,logreg_v1_step2,2026-09-04T04:38:57.345330+00:00
9a6c61f1-77cf-4cec-ba51-fc9b034d3a85,b7fee608-f381-4167-a173-bf1ad38bdb79,0.1222,auto_approve,"Elevated risk driven by: size-dependent item, fashion category",0.16,logreg_v1_step2,2026-09-04T04:38:57.345330+00:00
958ef540-3506-4c00-a699-47d2ef56ab40,19ae94ec-7d3b-445f-b9ac-092f54f91579,0.2695,flag_for_review,"Elevated risk driven by: large discount, COD payment, beauty category",0.16,logreg_v1_step2,2026-09-04T04:38:57.345330+00:00
48b3a452-9646-4fcf-9276-b3ea26f6d72e,b411f36e-bf74-4ba0-bff0-a67770bd35c5,0.175,flag_for_review,"Elevated risk driven by: COD payment, customer's return history, tier3 delivery area",0.16,logreg_v1_step2,2026-09-04T04:38:57.345330+00:00
05e8e074-eea3-4e89-a6b3-f2dfce181137,ec11d559-7980-4914-89e3-b56e72adba0b,0.0629,auto_approve,"Elevated risk driven by: large discount, unusually low order value",0.16,logreg_v1_step2,2026-09-04T04:38:57.345330+00:00
15fbea58-6fc7-4e98-8f71-5db349653d40,0cba70d8-7b76-4a59-90e8-413b36d73797,0.5281,flag_for_review,"Elevated risk driven by: size-dependent item, large discount, COD payment",0.16,logreg_v1_step2,2026-09-04T04:38:57.345330+00:00
2abaad14-48a5-45fa-850f-3a6537e6910c,4c2d0fbf-fe06-450e-8a17-136766d2e685,0.0785,auto_approve,"Elevated risk driven by: unusually low order value, beauty category",0.16,logreg_v1_step2,2026-09-04T04:38:57.345330+00:00
ef0654bb-8c4a-4c4e-b7f0-d52641652004,d36a7387-21ab-43e5-bcb9-dcddf807849d,0.026,auto_approve,Elevated risk driven by: unusually low order value,0.16,logreg_v1_step2,2026-09-04T04:38:57.345330+00:00
1a7d0f78-e40d-4c34-8042-1db72c264065,dfcf4ff2-0355-46ac-ae56-28d7acb70d60,0.0622,auto_approve,Elevated risk driven by: unusually low order value,0.16,logreg_v1_step2,2026-09-04T04:38:57.345330+00:00
08d1b990-93bc-471f-be69-f4843df43784,5a633e28-f5a6-4ba7-ad44-926d3c088ff1,0.0658,auto_approve,"Elevated risk driven by: home category, large discount",0.16,logreg_v1_step2,2026-09-04T04:38:57.345330+00:00
cf291002-5a3e-4cc0-a6b9-da6de9b70587,c5d85ede-c256-42df-b993-35deb12a5516,0.3616,flag_for_review,"Elevated risk driven by: size-dependent item, large discount, unusually low order value",0.16,logreg_v1_step2,2026-09-04T04:38:57.345330+00:00
4499a4fa-6d01-4d48-90fb-67fd501d5417,60ab47fa-fe76-4aa1-9125-a3006288e298,0.1667,flag_for_review,"Elevated risk driven by: size-dependent item, customer's return history, fashion category",0.16,logreg_v1_step2,2026-09-04T04:38:57.345330+00:00
817b2e2a-7eb9-4f03-859f-575c57fcc9ab,8c644659-9832-432b-b635-3578f419696a,0.2147,flag_for_review,"Elevated risk driven by: size-dependent item, unusually low order value, fashion category",0.16,logreg_v1_step2,2026-09-04T04:38:57.345330+00:00
e71d9a5f-e26e-485f-ac0d-bcd8d657753d,dda5b132-3c35-48db-8feb-21f14075f104,0.1219,auto_approve,"Elevated risk driven by: large discount, tier3 delivery area, unusually low order value",0.16,logreg_v1_step2,2026-09-04T04:38:57.345330+00:00
68ffe5b0-8b54-4550-8429-82826c90f57b,78f8646d-d401-40a1-8b6d-605e45f29fb6,0.2397,flag_for_review,"Elevated risk driven by: large discount, home category, tier3 delivery area",0.16,logreg_v1_step2,2026-09-04T04:38:57.345330+00:00
65842c49-8c31-4e04-8023-33197b30d731,99e318ff-1a69-4f68-addf-975990bd0414,0.0993,auto_approve,"Elevated risk driven by: beauty category, unusually low order value, customer's return history",0.16,logreg_v1_step2,2026-09-04T04:38:57.345330+00:00
a4a07f34-6cef-4082-9651-d80214d43102,d97949e2-16cb-45c2-93fe-d94e76f0dbc5,0.3054,flag_for_review,"Elevated risk driven by: COD payment, no prior return history available, first-time buyer",0.16,logreg_v1_step2,2026-09-04T04:38:57.345330+00:00
7ec2da44-c4d7-4211-b54e-669d902318f0,b5a8da77-1ba0-4430-8b90-102d0cd1bde1,0.2313,flag_for_review,"Elevated risk driven by: COD payment, home category, tier3 delivery area",0.16,logreg_v1_step2,2026-09-04T04:38:57.345330+00:00
b9c94112-f4c5-4538-9971-8ae5bc23ec84,7d3a9b66-b1bb-44b5-8a13-b20768503009,0.1116,auto_approve,"Elevated risk driven by: unusually low order value, tier3 delivery area, beauty category",0.16,logreg_v1_step2,2026-09-04T04:38:57.345330+00:00
f7511ca0-eb8b-435d-8214-15327280c8ce,eb07b44d-b3fe-4da4-86bc-808ae9a3182b,0.1638,flag_for_review,"Elevated risk driven by: customer's return history, unusually low order value, large discount",0.16,logreg_v1_step2,2026-09-04T04:38:57.345330+00:00
a5535ea6-604c-40ad-975e-edaf5cb00f80,f04ea3ca-68ee-4efe-a612-fe50610fd2dd,0.0882,auto_approve,"Elevated risk driven by: beauty category, customer's return history",0.16,logreg_v1_step2,2026-09-04T04:38:57.345330+00:00
a483d362-49cb-40cd-881f-9c41f99c870e,95812633-1bca-4485-8e82-3cf1daf05ab6,0.033,auto_approve,Elevated risk driven by: unusually low order value,0.16,logreg_v1_step2,2026-09-04T04:38:57.345330+00:00
51b58e29-e37e-4e79-9fac-f729e480ed1c,9ec97215-3253-4c47-821c-fe8a3b89d257,0.1166,auto_approve,"Elevated risk driven by: home category, unusually low order value, customer's return history",0.16,logreg_v1_step2,2026-09-04T04:38:57.345330+00:00
3fbb52c7-a7f0-40c8-a5db-b185e1f4f3e5,c287c9ce-296a-4388-9fc4-948757440938,0.7147,flag_for_review,"Elevated risk driven by: size-dependent item, COD payment, no prior return history available",0.16,logreg_v1_step2,2026-09-04T04:38:57.345330+00:00
d98b2e69-fc01-4f75-b016-f5a47c5c5cde,b5363dc8-2a80-4394-8468-4ca1bc562c90,0.2635,flag_for_review,"Elevated risk driven by: size-dependent item, tier3 delivery area, fashion category",0.16,logreg_v1_step2,2026-09-04T04:38:57.345330+00:00
cf8faeac-19ea-4e6d-8990-4cf9bda4dbe8,40842a00-ef3b-4689-9811-b9d52c77638b,0.0213,auto_approve,"Elevated risk driven by: unusually low order value, large discount",0.16,logreg_v1_step2,2026-09-04T04:38:57.345330+00:00
ca8ac8b6-72a4-4390-ab76-6f4683de593e,06685c5f-2341-4003-97cd-809136d21d44,0.441,flag_for_review,"Elevated risk driven by: large discount, COD payment, unusually low order value",0.16,logreg_v1_step2,2026-09-04T04:38:57.345330+00:00
721128ed-e5f4-4292-a88d-a78162b25937,2bf0d062-3044-43ad-afc7-95617e9ef54d,0.2254,flag_for_review,"Elevated risk driven by: COD payment, home category, tier3 delivery area",0.16,logreg_v1_step2,2026-09-04T04:38:57.345330+00:00
b4320483-a93e-49cb-81bf-1d3087fa8469,a8d82596-a628-4090-9c9d-4dd32b4ae4d8,0.1002,auto_approve,"Elevated risk driven by: no prior return history available, first-time buyer, unusually low order value",0.16,logreg_v1_step2,2026-09-04T04:38:57.345330+00:00
d90fabbe-e6b8-450e-aba7-7f94abed3423,277a79e8-5c1c-4c5a-b093-506fa7146b60,0.0235,auto_approve,Elevated risk driven by: COD payment,0.16,logreg_v1_step2,2026-09-04T04:38:57.345330+00:00
1cec12e9-442b-4a9c-8201-8717486b8fc8,5c3a491b-f023-457b-9da7-95a4eedebd89,0.3206,flag_for_review,"Elevated risk driven by: COD payment, home category, tier3 delivery area",0.16,logreg_v1_step2,2026-09-04T04:38:57.345330+00:00
42cf40b9-4a36-4dd6-a0a4-f6a02f305813,cba0fbf1-c8e0-4aa6-8a6b-48f3baba929d,0.1221,auto_approve,"Elevated risk driven by: customer's return history, fashion category, unusually low order value",0.16,logreg_v1_step2,2026-09-04T04:38:57.345330+00:00
3bf02a37-efd2-4eb2-b4e3-11449fdf76ed,c3f1cc06-68c1-442a-b18b-6338217bcf62,0.3412,flag_for_review,"Elevated risk driven by: size-dependent item, COD payment, fashion category",0.16,logreg_v1_step2,2026-09-04T04:38:57.345330+00:00
536d601a-9c8c-42d7-bec4-17637db95b3b,4ed8649d-1f98-49ba-9ac7-95ad3fde0f37,0.1063,auto_approve,"Elevated risk driven by: COD payment, no prior return history available, first-time buyer",0.16,logreg_v1_step2,2026-09-04T04:38:57.345330+00:00
fca83c20-3711-423e-be52-dfc9e100c950,14dacb7a-4c30-4243-939a-a0e29b7f206e,0.331,flag_for_review,"Elevated risk driven by: size-dependent item, tier3 delivery area, unusually low order value",0.16,logreg_v1_step2,2026-09-04T04:38:57.345330+00:00
7a0a3fc9-c918-4129-8478-162b41d881a3,4157d801-6126-4af9-bcde-964ef06750df,0.0478,auto_approve,"Elevated risk driven by: tier3 delivery area, unusually low order value, customer's return history",0.16,logreg_v1_step2,2026-09-04T04:38:57.345330+00:00
a8412feb-7586-46e3-81f8-438a1ff6a753,3619f901-76a0-4d85-88c5-2c8345d5b144,0.6378,flag_for_review,"Elevated risk driven by: large discount, size-dependent item, COD payment",0.16,logreg_v1_step2,2026-09-04T04:38:57.345330+00:00
52819ab0-1adc-4e2f-aaad-e648e5cc29fd,161df1c7-36db-490d-9f64-9879a7de2f27,0.1268,auto_approve,"Elevated risk driven by: home category, large discount",0.16,logreg_v1_step2,2026-09-04T04:38:57.345330+00:00
07e25e77-5c68-4b3f-836f-882ca91e1f77,4d47ad50-ed68-4545-af4f-485a9b29b711,0.3242,flag_for_review,"Elevated risk driven by: no prior return history available, first-time buyer, home category",0.16,logreg_v1_step2,2026-09-04T04:38:57.345330+00:00
f6c55aa1-b133-4e64-880d-7d231a218d59,19ae94ec-7d3b-445f-b9ac-092f54f91579,0.204,flag_for_review,"Elevated risk driven by: COD payment, large discount, unusually low order value",0.16,logreg_v1_step2,2026-09-04T04:38:57.345330+00:00
1c57f4b1-19dd-43ba-8dec-705e0edf4a10,7e3187ea-5ab7-4cd8-84fa-6ff053c09d04,0.1529,auto_approve,"Elevated risk driven by: no prior return history available, first-time buyer, large discount",0.16,logreg_v1_step2,2026-09-04T04:38:57.345330+00:00
84978fa0-93f6-4461-814c-5a2294ef714b,d9bc17ca-80dd-47e2-8dc5-79922a30764c,0.4676,flag_for_review,"Elevated risk driven by: size-dependent item, COD payment, customer's return history",0.16,logreg_v1_step2,2026-09-04T04:38:57.345330+00:00
3a7f277c-fe28-4b23-b989-46cdbe78bef1,d2e06185-41b3-4488-a0c7-7165ae31370e,0.3227,flag_for_review,"Elevated risk driven by: size-dependent item, customer's return history, tier3 delivery area",0.16,logreg_v1_step2,2026-09-04T04:38:57.345330+00:00
38391311-fad1-4943-99bc-9d1490d46d5f,af989da4-8ff4-45a1-a5d5-4794c1a3f060,0.3614,flag_for_review,"Elevated risk driven by: size-dependent item, large discount, customer's return history",0.16,logreg_v1_step2,2026-09-04T04:38:57.345330+00:00
c4fa695c-a143-419d-9036-5de770e2f9bb,4aa94a46-4510-4080-b9b0-34eb1ca77cd6,0.0387,auto_approve,"Elevated risk driven by: size-dependent item, fashion category",0.16,logreg_v1_step2,2026-09-04T04:38:57.345330+00:00
647992b1-b662-440f-9603-05a780a69a53,7e3187ea-5ab7-4cd8-84fa-6ff053c09d04,0.0855,auto_approve,"Elevated risk driven by: beauty category, unusually low order value",0.16,logreg_v1_step2,2026-09-04T04:38:57.345330+00:00
da7f1274-01f5-4264-804a-a92e4213aa65,f3145bea-0697-4659-8b9e-3e13d84ec40f,0.2478,flag_for_review,"Elevated risk driven by: COD payment, large discount, unusually low order value",0.16,logreg_v1_step2,2026-09-04T04:38:57.345330+00:00
8df53471-7dd4-47e6-a6d6-da45ede3acf1,cda74f38-f117-46e6-86c1-27f5329aede0,0.2759,flag_for_review,"Elevated risk driven by: customer's return history, large discount, tier3 delivery area",0.16,logreg_v1_step2,2026-09-04T04:38:57.345330+00:00
5ff69412-4a93-4051-aa3a-76bfb0b3642b,a202a749-e45e-4d7b-b9e4-97714e27bcb1,0.0549,auto_approve,"Elevated risk driven by: COD payment, unusually low order value",0.16,logreg_v1_step2,2026-09-04T04:38:57.345330+00:00
e1fd16b8-d7d7-45bb-98fb-0890dfd55bdd,b411f36e-bf74-4ba0-bff0-a67770bd35c5,0.0555,auto_approve,"Elevated risk driven by: size-dependent item, fashion category, customer's return history",0.16,logreg_v1_step2,2026-09-04T04:38:57.345330+00:00
93eeaf98-21fc-4946-887a-5d8d1343de06,d3db41bc-bf8f-46e0-94b1-984f27ff9af2,0.0902,auto_approve,"Elevated risk driven by: customer's return history, unusually low order value, customer's order count",0.16,logreg_v1_step2,2026-09-04T04:38:57.345330+00:00
bca7aab1-6d54-4de8-ad01-597706dbc984,c54de631-aee5-4701-9f59-a9acda7c1bd1,0.1823,flag_for_review,"Elevated risk driven by: COD payment, no prior return history available, first-time buyer",0.16,logreg_v1_step2,2026-09-04T04:38:57.345330+00:00
8e21fd4a-efd3-4af7-83e2-647bae850ce9,4c4f2800-1fc4-4701-bb18-1c82517eb39d,0.2824,flag_for_review,"Elevated risk driven by: COD payment, large discount, home category",0.16,logreg_v1_step2,2026-09-04T04:38:57.345330+00:00
ac728ce5-7c9f-40a7-bf1e-930be3feefdd,c04c2c09-5f42-4b59-aeb5-6d35280a5d01,0.0826,auto_approve,"Elevated risk driven by: COD payment, unusually low order value",0.16,logreg_v1_step2,2026-09-04T04:38:57.345330+00:00
5f2e9599-65ff-4e08-896b-a2b2572ef1e1,c5d85ede-c256-42df-b993-35deb12a5516,0.0514,auto_approve,"Elevated risk driven by: unusually low order value, tier3 delivery area, customer's return history",0.16,logreg_v1_step2,2026-09-04T04:38:57.345330+00:00
c13099d8-b3e5-474a-9f4c-e254de97dbeb,a2a6e4a7-73f0-4f60-8023-1d364c305e4d,0.3994,flag_for_review,"Elevated risk driven by: large discount, COD payment, unusually low order value",0.16,logreg_v1_step2,2026-09-04T04:38:57.345330+00:00
3111f92a-6428-4cbb-b1c5-b493c9cefd58,d9358869-66e4-4ee6-bb2e-f9062117fa78,0.0877,auto_approve,"Elevated risk driven by: large discount, beauty category",0.16,logreg_v1_step2,2026-09-04T04:38:57.345330+00:00
5066570c-d3f7-487f-9882-575f3f2d0af7,17b4ac80-5793-4301-bfa9-f9aefc25fff1,0.0515,auto_approve,"Elevated risk driven by: unusually low order value, beauty category",0.16,logreg_v1_step2,2026-09-04T04:38:57.345330+00:00
c370acf4-3e2e-4198-a611-29a9ebee0aab,0ff3d3c4-7bad-4eb0-a3ea-a49b30616993,0.2072,flag_for_review,"Elevated risk driven by: home category, unusually low order value, tier3 delivery area",0.16,logreg_v1_step2,2026-09-04T04:38:57.345330+00:00
