order_id,customer_id,order_date,order_value,category,discount_pct,payment_method,is_first_time_buyer,customer_past_orders,customer_past_return_rate,delivery_pincode_tier,size_variant_flag,days_to_deliver,time_of_day_ordered,_latent_propensity,p_return_true,returned
89eb8464-0d08-4c62-acd0-8a4bb14516c5,cd22e339-d3f8-4cc3-a7e9-96ec53435b80,2025-10-26,660.17,fashion,0.457,UPI,1,0,,tier2,1,5,evening,0.1965713354260339,0.6744,1
a64e17ee-0a09-4c60-a2f6-c22dc37c0021,26a2a8f1-fd8f-4235-a9c7-77f65704c530,2025-10-27,250.0,beauty,0.442,COD,1,0,,metro,1,4,afternoon,0.24597285000833133,0.7219,1
625dd2f8-f7d3-436e-a117-8a9d6e47826f,b86ee3a9-928c-4ec5-8783-0beb41950f27,2025-05-18,3815.33,beauty,0.251,COD,1,0,,metro,1,5,afternoon,0.05573145024510638,0.3782,0
2bc845d9-f392-4693-8e46-6e1ddb480b87,80f51681-2009-48ac-926e-7b7901f96486,2025-02-03,1167.26,electronics,0.106,UPI,1,0,,tier3,0,6,evening,0.025007063694987345,0.1127,0
6ab9e8ae-21a9-462c-8b1d-fe451fddd67d,6bf452e9-0173-469d-bfec-d17e576fd561,2025-02-23,1429.91,fashion,0.281,UPI,1,0,,metro,1,2,afternoon,0.11826527161057414,0.2368,1
ee30d5a1-6f9b-45f5-857d-dca5d8146fba,e90f2e94-525b-47c4-b592-56daaf0983cc,2025-06-16,250.0,fashion,0.463,COD,1,0,,metro,1,2,afternoon,0.20763912883986363,0.7522,0
3bdae35a-3037-4225-ae96-706fbd2fd5eb,544b57dd-aae8-4d49-a2dc-9382a2b7ff69,2025-05-20,488.28,grocery,0.274,COD,1,0,,metro,0,2,evening,0.05655306904883348,0.3334,0
1c742e1c-b34f-49f1-92a8-ee4b7d8a75e0,b0694581-e5bf-4757-913a-46834d324ff0,2025-04-23,250.0,electronics,0.045,UPI,1,0,,metro,0,7,evening,0.2365731909103324,0.0727,0
3f3ecec5-efef-4113-b91d-0965d8ca3589,ec11d559-7980-4914-89e3-b56e72adba0b,2025-04-22,1294.33,grocery,0.607,UPI,1,0,,tier2,0,2,evening,0.1561219227039281,0.058,0
951b76ff-b8eb-4964-98d8-7c4632c96261,8ea8ec03-416f-4438-a527-3c864c97142a,2025-03-30,2385.45,home,0.154,card,1,0,,tier2,0,2,morning,0.13620156896909216,0.1213,1
02b9fec7-1fbc-4889-abf2-8a95411d8851,8c24e923-2dbf-4f43-b0b2-6e851d21fa34,2025-07-16,13706.38,home,0.357,UPI,1,0,,tier2,0,4,afternoon,0.10820090543681238,0.0633,0
7de2e595-f02a-4eb0-a860-8ae3d235ff13,92f8f8f3-1a19-41b0-9888-9ad14e0b35ba,2025-06-30,1324.98,home,0.082,netbanking,1,0,,metro,0,2,evening,0.14720873128711998,0.1624,1
36e07e2f-daf5-498b-be1a-09d94ef5bbcb,8c24e923-2dbf-4f43-b0b2-6e851d21fa34,2025-09-16,922.04,home,0.416,UPI,0,1,0.119,metro,0,2,morning,0.10820090543681238,0.1285,0
d149acb5-33ee-487e-9904-04096986b64d,e4fc2035-70f1-45b1-82d0-0ee396f0a984,2025-01-11,4892.5,fashion,0.29,COD,1,0,,metro,1,7,evening,0.21199326223067969,0.5109,0
2dc66853-7f7a-47fb-9cc4-37cee99450c9,cd508d92-15fe-4a35-9c1b-37a278d36ea4,2025-09-11,1433.27,fashion,0.312,UPI,1,0,,tier2,1,5,evening,0.2771725532528444,0.5692,1
8509aa16-e8e9-43c3-b955-50d5ad406153,a6256430-3c71-4085-bbd4-f11ec5db53de,2025-06-07,3033.87,fashion,0.363,UPI,1,0,,tier2,1,3,evening,0.20459557629689876,0.4463,0
12a05c6c-6acd-44f4-a7ff-52fc2888951b,b7fee608-f381-4167-a173-bf1ad38bdb79,2025-02-25,20000.0,electronics,0.143,COD,1,0,,tier3,0,3,evening,0.05881659853496958,0.0195,0
faf90115-fdd1-4a30-a0fc-559d73fec5dd,a916a5f6-5d2b-40c3-94e9-1d4bd329d0de,2025-10-16,250.0,home,0.37,COD,1,0,,tier3,0,3,night,0.7296899354667504,0.5677,0
0c10ffee-4000-4293-ae79-e17ba22b86d3,4e40c152-4279-4fbe-8a2f-a127f5613ef3,2025-03-23,10953.53,beauty,0.145,UPI,1,0,,metro,0,5,morning,0.08097222048102413,0.0525,0
a1bc9f4d-d764-451a-97ec-adaa0501e02a,2286f067-3fb8-4d9d-8502-469f39a46441,2025-06-12,1447.4,fashion,0.33,UPI,1,0,,tier2,1,2,afternoon,0.2798863894924076,0.5302,1
c28098a0-396f-4451-834b-32ffdbe224d9,9d1d8bca-9218-4856-8619-cfee194da74f,2025-05-15,250.0,electronics,0.186,UPI,1,0,,metro,0,7,morning,0.24874291058771908,0.1844,0
ce42cec5-af45-499b-a1db-11baf6d939d9,9e94bd7f-0751-4b3d-8ad4-2e1e913839e7,2025-06-05,3965.8,fashion,0.357,UPI,1,0,,tier2,0,5,evening,0.3358319706571889,0.3055,0
ad531130-de7f-45ea-ba96-bcc89fd24dff,60ab47fa-fe76-4aa1-9125-a3006288e298,2025-03-04,726.5,fashion,0.397,card,1,0,,tier2,1,4,morning,0.2897378778415542,0.4424,0
6c473f39-a3ae-4a60-852e-4793fd3ba9b1,30888fd2-16bc-4533-a06f-0e0d4ed50f9d,2025-03-19,441.57,fashion,0.154,COD,1,0,,tier3,1,5,night,0.22452854262691951,0.5224,1
a5c8b6fe-29d0-4556-b540-d6402a31d2f2,f04ea3ca-68ee-4efe-a612-fe50610fd2dd,2025-05-10,250.0,fashion,0.335,COD,1,0,,tier3,1,4,night,0.2242312963277271,0.6952,1
05a2076b-bc2c-455f-9248-5b3945315c98,3b68140d-c04c-4ece-87a7-1b051083612b,2025-04-16,1184.8,grocery,0.422,COD,1,0,,tier3,0,4,evening,0.3098477304837669,0.408,1
5db6fa1b-8fd2-4e80-b0e9-b90f64df163d,ae552c33-7743-41ff-9ff7-18530729fd15,2025-05-20,1683.84,electronics,0.63,UPI,1,0,,tier2,0,7,afternoon,0.12288201183791768,0.1244,0
06c92090-d910-4f43-a7c7-a423ab9a5adb,236d11d7-cc84-47c1-9d4b-15dd6891dcbc,2025-09-23,1125.91,fashion,0.206,card,1,0,,metro,1,3,evening,0.22121655786542901,0.3497,0
2a1c2dab-1aa0-49c2-bc18-37eae7c06a3b,e6b84507-0320-4dab-b918-04a7dcb15931,2025-05-24,11797.36,home,0.108,card,1,0,,tier2,0,6,afternoon,0.27966983742156076,0.0435,0
f65f2e75-cbb2-40ae-bb2d-3988d62dd902,6b914b9c-926e-4431-b82e-f178aae9d5c0,2025-04-29,1516.31,fashion,0.457,netbanking,1,0,,tier3,1,3,evening,0.2677657562695904,0.6515,0
9a8bb62f-2036-48b3-936f-2661f69a9dc3,cd508d92-15fe-4a35-9c1b-37a278d36ea4,2025-08-15,1501.44,electronics,0.066,netbanking,0,1,0.284,tier2,0,3,evening,0.2771725532528444,0.0193,0
016a785c-c2d7-47a1-a4b5-826e57f252b6,19ae94ec-7d3b-445f-b9ac-092f54f91579,2025-03-29,441.55,fashion,0.21,UPI,1,0,,metro,1,1,afternoon,0.06852796151158619,0.1252,0
2f4bae90-b0d6-47c7-9ca3-3f7f05883b3a,19407932-d8b1-4cf9-823a-27cc0a751c71,2025-02-26,1510.75,electronics,0.236,card,1,0,,tier2,0,1,evening,0.24939791763606534,0.0864,0
5dd7af18-92a6-44cd-b786-8d15ab0d0bc8,28660f34-5a61-4e07-8f8c-96c4fb8d6d70,2025-02-03,3639.32,fashion,0.232,netbanking,1,0,,tier3,0,4,night,0.052918216172000036,0.2679,0
f74dab99-4b14-40f6-b8c3-e5505669f1a7,b5d3d3f1-49c6-47d2-a860-1917d3fa3322,2025-05-01,898.37,fashion,0.185,COD,1,0,,tier3,1,6,evening,0.34116143905998736,0.8873,1
36c4955c-dc56-4d90-9815-039f4b741041,11174ed1-8ca6-4cf5-bbe2-8a4f930137ed,2025-05-02,20000.0,beauty,0.75,card,1,0,,tier3,0,5,evening,0.06842336486313001,0.025,0
a852052a-306b-439a-b0e2-2aaa29a9035a,a65430c1-b88c-4a75-8504-7fad44dca109,2025-06-20,2228.88,beauty,0.325,card,1,0,,metro,0,9,evening,0.18723773115835693,0.1303,0
adcddee4-87ff-4ad0-a34f-0333552f2592,8cbd732d-d57a-4b45-b5e1-0c089747cbbe,2025-01-25,951.2,fashion,0.329,card,1,0,,tier2,1,4,evening,0.23983923810393037,0.4945,0
a7ff67a3-1991-4466-88b2-a7af09244f75,adea2b29-dc57-4c22-baa5-2b62090b278e,2025-05-27,865.9,beauty,0.286,COD,1,0,,tier2,0,4,night,0.4117868133302571,0.7509,1
5311096a-f129-44d3-a2f4-566170ea5cbc,265ca8d0-3df8-4d6f-9712-d08685f17132,2025-10-05,1064.89,grocery,0.544,UPI,1,0,,tier2,0,3,night,0.1913603605753747,0.1485,0
a7dd85f9-1f75-4452-90d6-5b423e06fbad,a426c8c9-d502-449a-b27f-7fdb3c29bf5a,2025-03-22,5132.06,fashion,0.187,card,1,0,,metro,0,2,evening,0.17228835136124024,0.1589,0
e526f09a-cc01-45b3-9076-16c3f262bb15,c967d130-c116-4a5c-8589-391097b66b37,2025-04-15,3299.77,fashion,0.175,UPI,1,0,,tier2,0,2,night,0.04915448350944119,0.3964,0
532bfb63-ad01-4f53-a389-5f29b66950a6,b3a22f06-67e9-4f25-be9c-c94133fb91e9,2025-01-17,250.0,fashion,0.093,COD,1,0,,tier3,1,4,afternoon,0.44930858167455523,0.8139,1
a095fd50-7dc3-4fbd-a4d9-d045c12ffefc,56a30258-3565-44b2-a8d7-1d0adece59a8,2025-10-21,432.14,grocery,0.101,COD,1,0,,tier3,0,4,afternoon,0.1548544510371693,0.2069,0
324b38cb-7673-460d-a287-be4f87d67fa3,49a190f2-c9c8-441e-b450-f1343adf4d1a,2025-09-07,609.24,beauty,0.204,UPI,1,0,,tier2,0,2,night,0.4134664929263236,0.1162,1
bb517203-a736-40c3-a3d5-37be90f7c8ce,809440e5-dc7b-48de-8000-53ac94935dec,2025-01-20,1761.07,electronics,0.461,card,1,0,,metro,0,5,evening,0.17298841463602524,0.1367,0
72b0b5ab-ef09-4471-9f97-d8e8be9db9ac,e75b5a37-ac60-4066-a040-3617f0d903ea,2025-09-23,563.1,fashion,0.389,COD,1,0,,metro,1,3,evening,0.24645297721478737,0.7915,1
86253fa4-ce2e-4e5e-93f2-9d07ae7962c4,99e318ff-1a69-4f68-addf-975990bd0414,2025-02-07,646.19,fashion,0.246,card,1,0,,metro,1,5,afternoon,0.2434169799043869,0.2505,0
b13713a7-b771-44ce-807e-c2afddc392ba,dd9fa69c-e6fe-4e15-a6f8-755e7b06b853,2025-04-05,15697.32,fashion,0.157,COD,1,0,,tier3,1,6,afternoon,0.32492766544731544,0.3788,0
b4320483-a93e-49cb-81bf-1d3087fa8469,a8d82596-a628-4090-9c9d-4dd32b4ae4d8,2025-01-25,1334.87,electronics,0.113,UPI,1,0,,metro,0,2,afternoon,0.17068626302318904,0.0746,0
1e782c5d-884e-47e9-869b-dfb35dd261eb,3a4025ba-356f-419f-90da-97af7ddb2e4d,2025-10-07,418.43,beauty,0.234,netbanking,1,0,,metro,0,8,morning,0.30768308227881586,0.2053,0
658c6193-afb2-4bcb-a7bc-c5400dcfe555,b209d179-6418-4f8c-bd42-8e4f831f0776,2025-04-18,821.05,fashion,0.061,COD,1,0,,metro,1,1,evening,0.27580452681496,0.4322,0
7b851079-4106-4a44-be38-e963c3f9973c,ca2fe15e-112f-4628-a780-35be48c1c3b1,2025-07-12,499.74,electronics,0.205,COD,1,0,,metro,0,2,morning,0.20115272590154482,0.303,0
6c1b8237-cd50-4ab4-9a02-c25f04728717,3a10c9d8-7244-4111-ab9e-df23dad5c58b,2025-01-03,1334.31,fashion,0.52,COD,1,0,,tier2,1,3,afternoon,0.33399605777104996,0.8421,1
a47fb112-ac83-4b03-9c5d-ff9cba4d61dd,ef0ff2d2-35b5-48b5-b806-a1f742caa3de,2025-01-29,11438.42,beauty,0.277,UPI,1,0,,metro,0,3,night,0.22359865383939137,0.0221,0
77f76ad9-3ef2-4e5a-a6cc-d4cdcab4396c,4c113ca6-2f3e-4575-82ea-ec032586d824,2025-09-28,2145.0,fashion,0.444,UPI,1,0,,metro,1,3,afternoon,0.0920841435969077,0.4735,0
32d05a47-74da-4eb9-985b-90b5c7e303d6,8c24e923-2dbf-4f43-b0b2-6e851d21fa34,2025-07-13,653.8,fashion,0.065,COD,0,2,0.109,tier2,1,3,evening,0.10820090543681238,0.4722,1
3acec472-48a8-4b5a-a350-990330ce94db,f9852313-5fdc-437c-9c37-d03dbf8c8f0e,2025-10-04,4169.03,fashion,0.154,UPI,1,0,,tier2,1,3,evening,0.13745108080776064,0.374,0
88782791-6427-4ec4-9300-94f9940ae583,80281626-ed74-46d1-a595-e40cdac50a8a,2025-01-06,2165.67,fashion,0.421,UPI,1,0,,metro,1,4,evening,0.25979890009270734,0.4406,1
7a823939-8345-4141-8dac-e568a0303348,dea29f8e-ac26-475e-a225-300fac669ed0,2025-06-05,250.0,beauty,0.27,COD,1,0,,metro,0,3,evening,0.2211439005048725,0.3606,0
8f362304-9bc7-41f8-8e9b-615cb7594c73,26a2a8f1-fd8f-4235-a9c7-77f65704c530,2025-10-06,2985.15,beauty,0.196,UPI,0,1,0.092,tier2,0,4,evening,0.24597285000833133,0.0441,0
497e86e0-bb9e-4465-ab86-a13d8e5bae82,fddab96a-bc23-43d2-a1f4-76de3a7b7f5c,2025-02-03,419.13,fashion,0.337,COD,1,0,,tier2,0,1,afternoon,0.08979930230446,0.3576,1
d242cbb4-033e-4da8-b51e-1ce1f2b9a436,059cd0cd-c524-403d-90a7-aa5e9d51749d,2025-03-05,6755.88,fashion,0.474,COD,1,0,,tier2,1,3,night,0.2033814634391261,0.4806,0
a1690afc-c17a-425b-a84b-5d77e0dc28aa,76d2e938-826e-436d-8e9e-46c56a7a791e,2025-05-09,2037.62,electronics,0.173,COD,1,0,,tier2,0,2,morning,0.22287364608691065,0.2146,0
28d5a3a7-83fd-4e2a-8242-11071f338c24,5e758f8f-c2ad-4e0c-b4fc-026916c24854,2025-09-09,275.77,fashion,0.368,UPI,1,0,,metro,1,4,night,0.048627470043128354,0.3147,0
8a295b4e-6d11-4ce1-be14-4213978d66d2,b0694581-e5bf-4757-913a-46834d324ff0,2025-04-04,3894.78,electronics,0.274,UPI,0,1,0.348,metro,0,4,morning,0.2365731909103324,0.0393,1
d6b191ff-9c70-4482-a2ff-da98fea373d2,76d2e938-826e-436d-8e9e-46c56a7a791e,2025-07-13,992.09,grocery,0.291,card,0,1,0.171,tier3,0,9,night,0.22287364608691065,0.113,0
c6947de0-0ada-4497-a14d-f26d6ca53cd1,b0694581-e5bf-4757-913a-46834d324ff0,2025-02-24,844.68,home,0.364,COD,0,2,0.199,tier3,0,4,afternoon,0.2365731909103324,0.486,1
9314f05d-5342-46fb-aa8e-dc0bdb39399d,0fba06d8-d561-4e1e-8221-f56fd92a018c,2025-07-03,2126.51,electronics,0.456,card,1,0,,tier3,0,3,night,0.41585134920398,0.1442,0
96abf2ec-cd3e-4f73-b09d-d40d099fb3cc,cfa6718c-6425-4250-8ae9-f124849a2a34,2025-04-13,11107.46,beauty,0.24,COD,1,0,,tier3,0,6,evening,0.26428705277408854,0.4282,1
81bb4bb0-2f67-484c-b5da-9b35d03cb8cc,f2811512-6d74-428f-81ae-77df22796b31,2025-09-08,2836.75,beauty,0.083,UPI,1,0,,tier2,0,3,morning,0.2916477929418046,0.2156,1
0e4fbd0b-7fc6-41a2-9b82-863575fa94db,f2811512-6d74-428f-81ae-77df22796b31,2025-09-18,5092.1,electronics,0.081,UPI,0,1,0.32,metro,0,3,morning,0.2916477929418046,0.0142,0
57fb1b8e-b6ee-406a-bc64-80dc5e97ba3f,c3f1cc06-68c1-442a-b18b-6338217bcf62,2025-06-23,564.53,home,0.481,UPI,1,0,,metro,0,5,night,0.1091421274751211,0.2489,0
49cc984b-c34a-450d-9fed-e2a4b1335fd6,dea29f8e-ac26-475e-a225-300fac669ed0,2025-07-01,6329.53,fashion,0.086,UPI,0,1,0.291,tier2,1,1,morning,0.2211439005048725,0.0923,0
960a9005-ad3a-441b-ab88-6c5b08321a63,d2e06185-41b3-4488-a0c7-7165ae31370e,2025-03-01,3585.07,fashion,0.275,UPI,1,0,,metro,1,1,evening,0.4955830568370258,0.1222,0
d00489c1-52f7-4608-aa0c-906325af3924,80281626-ed74-46d1-a595-e40cdac50a8a,2025-04-17,363.61,home,0.064,COD,0,1,0.223,metro,0,3,night,0.25979890009270734,0.066,1
59491403-db0b-4658-abf9-21a741ce627d,359835d2-74a6-4ae7-bdf8-2bdc4ed675dd,2025-08-12,1634.14,fashion,0.022,card,1,0,,metro,1,6,evening,0.05662677973259444,0.4034,0
2502edc8-ad1f-4516-bec2-e1bf6f41f341,236d11d7-cc84-47c1-9d4b-15dd6891dcbc,2025-04-20,1124.43,beauty,0.112,COD,0,1,0.147,metro,1,3,afternoon,0.22121655786542901,0.1129,0
ca20ebf0-8546-4c88-92b8-e97ff57ace6b,78f8646d-d401-40a1-8b6d-605e45f29fb6,2025-03-09,402.53,fashion,0.504,COD,1,0,,tier3,1,5,afternoon,0.2928560981860891,0.9331,1
17b379a6-f442-490e-9463-a56a13937bf6,6998bf5b-2957-4b20-9fbb-95e19c4d485a,2025-07-18,258.67,grocery,0.142,UPI,1,0,,metro,0,7,evening,0.2923331864352393,0.133,0
6e891d98-fd63-4bb9-9100-b5e1a4e9049b,c54b4d61-dda5-4d05-96b1-4aca694d9671,2025-07-14,5158.96,electronics,0.437,card,1,0,,metro,0,2,evening,0.15960867264431888,0.1152,0
8de708eb-d049-423f-97ca-c00efba5d24f,60ab47fa-fe76-4aa1-9125-a3006288e298,2025-05-25,1081.56,fashion,0.116,COD,0,1,0.238,tier3,1,3,night,0.2897378778415542,0.25,0
27ba97ec-0ce8-44a2-aead-641570664912,f8058711-faa6-4eca-a2ab-1fa0ad185832,2025-06-25,9924.71,electronics,0.372,UPI,1,0,,tier3,0,6,evening,0.04047509547806022,0.1177,0
a3a514cb-2602-4bec-a771-bdc806f082ea,c04c2c09-5f42-4b59-aeb5-6d35280a5d01,2025-10-25,449.49,home,0.309,UPI,1,0,,metro,0,1,morning,0.06067469417646223,0.2417,0
ccc8a601-89a1-41a2-b244-97b834393dc5,c967d130-c116-4a5c-8589-391097b66b37,2025-05-13,753.68,fashion,0.055,card,0,1,0.182,tier2,1,3,evening,0.04915448350944119,0.2357,1
b442dda2-f9c7-4adf-845a-4ea2758224c2,fddab96a-bc23-43d2-a1f4-76de3a7b7f5c,2025-07-21,524.62,fashion,0.239,UPI,0,1,0.127,metro,1,4,morning,0.08979930230446,0.2615,1
ebf54368-3390-4fe8-b884-ef3bc63535a0,0cba70d8-7b76-4a59-90e8-413b36d73797,2025-08-18,1965.58,fashion,0.305,COD,1,0,,tier2,1,4,morning,0.21055725528180214,0.8541,1
c07fcbab-7325-4c89-9682-02bbf5017ad5,c5d85ede-c256-42df-b993-35deb12a5516,2025-01-04,572.7,beauty,0.295,COD,1,0,,metro,0,2,morning,0.3517803851773976,0.3198,1
3a261b3f-8bfc-4898-9b12-ce2b6d097a32,38543a37-c3ff-4947-a0be-4c688daad6b3,2025-05-07,1286.0,home,0.204,UPI,1,0,,metro,0,5,evening,0.3007027884503935,0.1158,0
3161ebfb-1b69-488f-bbdd-9112901b21e2,295d4a40-aeb6-45a6-8138-a2b4c50415aa,2025-01-25,5436.44,fashion,0.478,UPI,1,0,,tier2,1,1,evening,0.38559486575544727,0.2626,0
3a92be51-5533-4e44-9632-5b5d309c0b07,c1d72fdc-2ec8-4a56-acd3-5dc9168f5ab8,2025-06-06,3569.84,fashion,0.374,COD,1,0,,tier2,1,5,evening,0.16482652189748134,0.7405,0
dbeef2d1-0e58-4760-ba21-38104164beb5,1ec19d12-c4c9-4320-a035-98e17c951577,2025-06-28,464.32,fashion,0.186,UPI,1,0,,tier2,1,8,morning,0.18576378008237582,0.4439,1
d41ed440-b383-47e9-a325-2e6c6c1429c2,b86ee3a9-928c-4ec5-8783-0beb41950f27,2025-05-10,966.25,fashion,0.247,UPI,0,1,0.021,tier2,1,7,evening,0.05573145024510638,0.108,0
f3d60eca-c0b9-4264-aed6-2a9775321b5a,c3f1cc06-68c1-442a-b18b-6338217bcf62,2025-03-24,420.32,fashion,0.259,card,0,1,0.144,tier2,1,3,evening,0.1091421274751211,0.2187,0
2144a33f-0e52-496d-9b59-7c59a53328c8,49a190f2-c9c8-441e-b450-f1343adf4d1a,2025-10-14,993.22,electronics,0.163,COD,0,1,0.379,metro,0,1,evening,0.4134664929263236,0.0464,0
996de82d-066f-488a-bd08-ee95073a3e2f,28ec42d4-b23f-4146-a22d-131afdd06fec,2025-10-27,746.34,fashion,0.131,card,1,0,,tier3,1,5,evening,0.3958288561774479,0.4567,1
1638a1d7-3b15-4229-a583-90084b4bec7b,328a3f2e-4f4c-43bf-9e08-f4acd5615061,2025-03-06,1398.51,beauty,0.297,card,1,0,,metro,0,2,morning,0.12950940053657903,0.1712,0
b1a1b671-7355-40c0-823e-aa49e5736ac7,9a93ae46-0d1a-4537-a767-159ea6656f6d,2025-06-04,318.24,fashion,0.123,netbanking,1,0,,tier2,1,3,evening,0.10784218495956682,0.3147,0
1e9ecbbf-e7ae-42fe-968d-7a5fed73da87,171da275-1177-47e0-8508-b0c0b9a18def,2025-10-20,250.0,electronics,0.48,UPI,1,0,,metro,0,4,evening,0.2333357897188074,0.2704,0
55cfd264-6547-441d-9d49-71c90030c12e,44408e56-9a11-44d5-8a79-5e1ddafd28e1,2025-02-17,250.0,electronics,0.397,UPI,1,0,,tier2,0,3,morning,0.24706696213115537,0.0676,0
2db356d9-f096-4aaa-abeb-74fd01258b2a,4c2d0fbf-fe06-450e-8a17-136766d2e685,2025-06-08,1814.26,fashion,0.433,COD,1,0,,tier2,1,3,evening,0.23081817084314912,0.7388,1
9408f60b-8cce-4ecd-984d-288dc7ba8b3a,67939c94-864b-476c-adbc-b69702fdd112,2025-09-20,2184.21,electronics,0.429,UPI,1,0,,tier2,0,1,afternoon,0.3325622338548419,0.1665,1
f9f57b4a-087d-4d1b-a381-fd9833c456a8,7ec9d46b-0141-4835-accd-a9841843ca7e,2025-06-09,1361.04,fashion,0.323,UPI,1,0,,tier3,1,4,afternoon,0.07319325355511432,0.4621,0
0280ac3a-9fc1-4eed-bedb-948036d08c75,26a2a8f1-fd8f-4235-a9c7-77f65704c530,2025-03-08,680.02,beauty,0.213,card,0,2,0.321,metro,0,1,evening,0.24597285000833133,0.154,0
33417ab2-ea53-42ba-b4d8-3b7880896e37,b209d179-6418-4f8c-bd42-8e4f831f0776,2025-05-15,3482.09,fashion,0.504,netbanking,0,1,0.227,tier3,1,6,afternoon,0.27580452681496,0.2623,0
362799b2-1c44-48a3-91f9-3d89a084ed94,8c24e923-2dbf-4f43-b0b2-6e851d21fa34,2025-09-09,1897.89,fashion,0.066,COD,0,3,0.058,tier2,1,1,morning,0.10820090543681238,0.2773,0
7bc6609f-b3af-4609-9699-c27e2c52c0d2,0c9b2f44-db07-40fd-a5e8-321ab5ffef6f,2025-09-25,3393.6,fashion,0.327,UPI,1,0,,metro,1,1,afternoon,0.2560233812776348,0.3389,0
bafa77dd-2254-4ae1-b651-69ef667386c5,a2a6e4a7-73f0-4f60-8023-1d364c305e4d,2025-05-29,543.98,beauty,0.219,COD,1,0,,metro,0,1,morning,0.23228588338828865,0.3218,0
153c427c-9012-42ce-a47c-81ace4a462ea,f9852313-5fdc-437c-9c37-d03dbf8c8f0e,2025-06-26,767.33,fashion,0.289,card,0,1,0.044,tier2,1,3,afternoon,0.13745108080776064,0.0851,0
6f6819d5-8871-4caf-a93f-6c9fc3b0bea4,87c90f8c-18d5-41bd-a017-72dc3f5b1ad3,2025-10-14,1181.05,electronics,0.316,card,1,0,,metro,0,3,morning,0.32765833124561905,0.2545,0
b10a4772-5ebf-4acc-846e-4c6fb3dd503e,b5d3d3f1-49c6-47d2-a860-1917d3fa3322,2025-02-09,653.99,home,0.228,COD,0,1,0.329,tier3,0,5,evening,0.34116143905998736,0.1789,1
18e0ce04-db10-4e6c-8f4f-a81ae75a9050,c54b4d61-dda5-4d05-96b1-4aca694d9671,2025-05-28,2650.16,beauty,0.158,card,0,1,0.081,tier3,0,3,afternoon,0.15960867264431888,0.0373,0
df4286c8-feb6-4839-855b-949068655f45,835b4038-88dc-4965-b6b8-921d3b0ad19c,2025-08-02,1795.52,fashion,0.67,COD,1,0,,metro,1,1,afternoon,0.18168234468688693,0.4606,0
776305f1-b437-4cde-875d-a4d2f59d6ee7,5e758f8f-c2ad-4e0c-b4fc-026916c24854,2025-08-08,4020.5,fashion,0.294,COD,0,1,0.0,tier2,0,4,evening,0.048627470043128354,0.1707,0
91a36351-8715-47d7-9759-31d5283e2af9,00ee6a6c-7fdb-4d2c-971d-b1bfa29fc269,2025-02-19,288.66,grocery,0.491,card,1,0,,metro,0,1,afternoon,0.18608348760507418,0.109,0
4b54e153-3c80-4b64-bfd8-76f4884a7528,b409e3d7-b9a4-422f-952f-eaf1d5521144,2025-05-03,2446.58,fashion,0.108,netbanking,1,0,,metro,1,5,morning,0.3974441051585353,0.4599,0
bbfb53e4-8183-459e-a117-c18a448240ff,08aef544-c5e9-4643-9aa9-07339815a3b1,2025-08-09,371.42,electronics,0.17,UPI,1,0,,tier2,0,2,morning,0.3389478327833424,0.1049,1
eb4bf18f-6966-470f-a9d5-6b2f8f1c7c5f,cd508d92-15fe-4a35-9c1b-37a278d36ea4,2025-01-22,343.27,fashion,0.392,COD,0,2,0.249,tier2,1,3,evening,0.2771725532528444,0.5999,1
29936466-f86a-4c60-9c0d-c6ac33e05493,a7943808-f923-4e87-95b7-ac6a0c8b53d8,2025-10-21,608.03,electronics,0.379,UPI,1,0,,metro,0,3,night,0.5777434668907969,0.2577,0
38565474-b631-4c43-a099-fae43b8fb72f,7950cbc5-8eee-4ebd-a1fb-7444b8b3a4b8,2025-02-04,613.39,electronics,0.555,COD,1,0,,metro,0,5,evening,0.19283338499564623,0.5972,0
03624e3a-0fa8-4d8d-9ddd-815f93eeda5e,161df1c7-36db-490d-9f64-9879a7de2f27,2025-09-20,3408.53,fashion,0.335,COD,1,0,,tier3,0,5,evening,0.24074547305735522,0.5735,0
17d92c79-e922-42f1-a160-60c6b1ed0df0,6d6ae56d-11fa-4053-be24-184c1da67ec2,2025-02-28,1318.41,fashion,0.282,COD,1,0,,tier2,1,3,afternoon,0.13845962298865533,0.6294,1
39039d07-d8e5-4000-a7e2-e7e602895f78,59265d36-e12e-4bfc-b8a8-29de0a16e8c5,2025-04-26,250.0,fashion,0.197,UPI,1,0,,tier2,1,3,night,0.35941268307576457,0.6179,0
873d7b7d-366f-41bb-87e0-4801d94499f4,938245c2-8647-4454-aa1b-998878f08b78,2025-01-07,1849.91,electronics,0.408,COD,1,0,,tier3,0,5,morning,0.29048499029100583,0.5746,0
ca59e30a-c699-42e8-b150-fa4ae544aa17,835b4038-88dc-4965-b6b8-921d3b0ad19c,2025-08-25,1337.04,home,0.201,card,0,1,0.146,tier3,0,6,afternoon,0.18168234468688693,0.0335,0
4463a8a9-beb3-4aa5-9a9b-0421e7ada1a1,9e244b29-e59a-4151-9944-d0558be18f54,2025-05-30,1402.68,fashion,0.491,UPI,1,0,,tier2,0,3,night,0.3174880999559512,0.402,0
9262e788-d4a1-4369-ba6c-15407764e3e5,10546d08-1053-4bf0-976f-4c40b2dcb1c8,2025-07-22,523.23,electronics,0.281,COD,1,0,,tier2,0,4,evening,0.021184252375003435,0.4468,0
04fb70db-1f4e-4b17-b3b2-c0d8c4bbf79f,c901a58c-6ac4-4a3a-a5d1-4198a13622e7,2025-01-29,2732.99,electronics,0.702,card,1,0,,metro,0,2,morning,0.15906278458837203,0.2363,1
958ef540-3506-4c00-a699-47d2ef56ab40,19ae94ec-7d3b-445f-b9ac-092f54f91579,2025-07-02,1815.32,beauty,0.606,COD,0,1,0.169,tier2,0,3,night,0.06852796151158619,0.2585,1
5f5f387e-89a8-4d84-9a20-88a1cc52bfd1,b411f36e-bf74-4ba0-bff0-a67770bd35c5,2025-03-17,2437.3,grocery,0.567,card,1,0,,metro,0,3,night,0.4451782602422671,0.0725,0
2a58fd61-df5c-4668-abb0-bfa89898f3be,9367bd08-231f-4959-95da-cf979f7ee187,2025-06-21,4958.82,electronics,0.201,card,1,0,,metro,0,4,morning,0.3052133289526958,0.1253,0
5365971c-da6e-4328-808d-f4e346841d23,3396f583-20d7-4d8a-83aa-dff5b5ea02d4,2025-04-27,748.45,grocery,0.211,netbanking,1,0,,metro,0,2,evening,0.032458508417533755,0.0625,0
a1a06071-82a4-40dd-9cce-d433142a43ae,4e7e2663-eb2c-432d-96ec-3f130e2e0946,2025-06-12,250.0,beauty,0.136,UPI,1,0,,metro,0,4,afternoon,0.3858310964520147,0.1483,0
942406e4-d3b4-4b57-8dbf-731d3534662f,899d1ec4-dd65-483a-b73c-de4ac803831f,2025-07-20,602.08,grocery,0.327,card,1,0,,metro,0,1,evening,0.15705197005739738,0.0662,0
3b8f316c-1660-4964-8bca-b42c6be0c5c8,60ab47fa-fe76-4aa1-9125-a3006288e298,2025-03-17,2369.21,fashion,0.097,UPI,0,2,0.415,tier2,1,3,afternoon,0.2897378778415542,0.1883,0
ce9a5f93-70b4-4cae-a52e-8d0c0e2988ba,6d6ae56d-11fa-4053-be24-184c1da67ec2,2025-07-07,1155.65,fashion,0.197,card,0,1,0.033,metro,1,3,evening,0.13845962298865533,0.1234,0
1d75de45-f467-4ccd-89b8-33f48ab6615c,cd508d92-15fe-4a35-9c1b-37a278d36ea4,2025-03-06,1444.14,fashion,0.091,UPI,0,3,0.212,tier2,1,1,afternoon,0.2771725532528444,0.2868,0
1499fd99-09a6-4c0b-a32a-3a3836a1f150,ed0d4cec-07d4-440d-a77d-2f0af2663244,2025-07-11,4729.83,home,0.244,netbanking,1,0,,tier2,0,1,afternoon,0.6645072620284929,0.1524,0
03565043-546f-462e-9152-6f06acf330d2,dda5b132-3c35-48db-8feb-21f14075f104,2025-06-14,1533.97,electronics,0.29,UPI,1,0,,tier2,0,4,afternoon,0.23310699843617838,0.1534,0
3706613f-9837-4651-99f1-e7d8776511db,76af2820-184c-47d9-9bd2-4b2f7eb04dc2,2025-04-11,2019.37,fashion,0.208,UPI,1,0,,metro,1,4,morning,0.03002375015151436,0.2744,0
1b3d52b7-c1b8-425f-adda-025198888ada,26a2a8f1-fd8f-4235-a9c7-77f65704c530,2025-07-02,631.78,beauty,0.257,card,0,3,0.057,tier2,0,4,night,0.24597285000833133,0.1042,0
049d3d3a-6d78-4467-b6a6-1b6a1f09f89a,a3430c85-65c8-4f9b-82e9-f40624864565,2025-01-05,421.99,home,0.145,COD,1,0,,tier2,0,1,morning,0.2098480405685214,0.2356,1
5de12795-16b2-4a11-9437-b47b1393d301,1adfba2a-67be-4047-b8d7-6fa58294836e,2025-08-29,1075.13,fashion,0.145,netbanking,1,0,,metro,1,3,afternoon,0.34129841122598414,0.3632,1
9ce213e7-69da-4055-a482-e356089c8ac9,80f51681-2009-48ac-926e-7b7901f96486,2025-06-27,4595.85,fashion,0.174,card,0,1,0.0,tier3,1,2,afternoon,0.025007063694987345,0.0429,0
504ab7ff-d239-4061-ae2c-43042807c2e1,3b49789c-945c-4714-a699-87e36fa56daa,2025-10-21,508.04,electronics,0.145,UPI,1,0,,metro,0,1,evening,0.09630629790643759,0.0791,0
70b68ce1-3a3b-427e-a0af-8dd3a5eab41d,cc2362c4-e7b3-4bd9-90ea-094e743513bc,2025-09-29,456.67,beauty,0.137,netbanking,1,0,,tier2,0,4,afternoon,0.21714365268202862,0.1342,0
bac5eb47-174a-4f43-a94c-5ea8bf6c5481,b409e3d7-b9a4-422f-952f-eaf1d5521144,2025-10-16,4274.48,electronics,0.202,UPI,0,1,0.227,tier2,0,2,evening,0.3974441051585353,0.0334,0
b5989b60-407c-4c87-856f-b29470761501,a2a6e4a7-73f0-4f60-8023-1d364c305e4d,2025-05-09,718.97,electronics,0.548,UPI,0,1,0.298,tier2,0,4,afternoon,0.23228588338828865,0.0809,0
b00da4e4-3da9-4c20-9516-b57dc2a575c9,6bfa235b-d4d0-446f-85d2-e8dc00a3d98f,2025-01-02,1211.03,beauty,0.274,UPI,1,0,,tier2,1,3,night,0.6039320915435429,0.4464,0
f85dcb88-23b0-467f-bf4d-6b6596074dc5,584f334e-48dd-4f27-a4f0-094f67166b6e,2025-05-30,1442.91,home,0.118,COD,1,0,,tier2,0,4,afternoon,0.3900564499123696,0.2392,0
299a3689-bd72-49cf-bce4-bac6b26eb3f5,adea2b29-dc57-4c22-baa5-2b62090b278e,2025-01-14,849.53,fashion,0.566,UPI,0,1,0.332,tier3,1,3,evening,0.4117868133302571,0.5712,0
09238a91-5341-4410-a525-b4469059289b,9770188e-26df-49a0-9585-a1ffa837217a,2025-05-19,642.78,home,0.285,COD,1,0,,tier2,0,5,night,0.2537284053397563,0.6313,0
6b434ff9-e0d5-40e6-84d4-6245f336bd5d,54ae18a8-9bfb-4960-b8da-b4eb93a697a7,2025-07-04,360.41,electronics,0.647,UPI,1,0,,tier3,0,7,morning,0.13672888574706193,0.2127,1
17b6c5b7-2c93-43f6-9fd3-8b11e872091b,dda5b132-3c35-48db-8feb-21f14075f104,2025-02-06,4934.29,electronics,0.478,card,0,1,0.187,metro,0,6,afternoon,0.23310699843617838,0.0682,0
3ddb441f-b34f-42a5-a15b-a42fe421525b,573ef44a-b7bb-44cb-ae0d-923c3a996227,2025-07-30,420.61,grocery,0.153,card,1,0,,metro,0,4,afternoon,0.419905690979168,0.0533,0
404c3180-256a-47fa-a814-d476fae50cfe,c6829464-1335-46ed-adb7-4a3c9b07a5a8,2025-08-09,358.95,home,0.205,UPI,1,0,,tier3,0,7,night,0.2732031279049196,0.3713,0
ed392335-2eed-4d0e-b4a1-a47966c23029,6bfa235b-d4d0-446f-85d2-e8dc00a3d98f,2025-10-14,836.88,fashion,0.238,UPI,0,1,0.818,tier2,1,1,evening,0.6039320915435429,0.2796,0
b1962745-0cab-49e2-b93c-7820427e9f5a,b411f36e-bf74-4ba0-bff0-a67770bd35c5,2025-04-08,668.14,grocery,0.162,COD,0,1,0.345,tier3,0,5,evening,0.4451782602422671,0.218,1
51f7fc0c-4acc-4b9e-8523-4cef410f33a0,80281626-ed74-46d1-a595-e40cdac50a8a,2025-09-02,292.62,fashion,0.619,COD,0,2,0.109,tier3,1,4,evening,0.25979890009270734,0.6116,0
a5c5e54f-be5b-429d-97da-9dd7fc51ddd4,63d8dd12-39d4-4e1e-bdd7-72b1c1a0b1c0,2025-08-11,1165.69,electronics,0.129,netbanking,1,0,,metro,0,3,afternoon,0.22490754943212576,0.0757,0
0d74a4d5-ba8e-43db-9d40-e00e4ff9fdae,c04c2c09-5f42-4b59-aeb5-6d35280a5d01,2025-03-12,463.83,fashion,0.193,COD,0,1,0.0,metro,0,3,evening,0.06067469417646223,0.1698,0
434e3f8c-f996-4724-a8a7-0aa4c13dacd7,e3188a18-735c-41da-8aa9-a986c2eefd68,2025-01-29,7235.92,beauty,0.253,UPI,1,0,,tier2,0,4,night,0.183269198067007,0.0452,0
44a0f4b4-67dc-4fa9-afc6-082c15880d63,2286f067-3fb8-4d9d-8502-469f39a46441,2025-07-07,3781.48,beauty,0.344,netbanking,0,1,0.164,metro,0,1,morning,0.2798863894924076,0.0842,0
a5398f3e-ab4b-4649-b06d-1706877fe49d,99e318ff-1a69-4f68-addf-975990bd0414,2025-08-14,720.7,fashion,0.328,COD,0,1,0.342,tier3,1,5,evening,0.2434169799043869,0.5067,0
a908a828-cb8e-4c52-aa05-c22fa05cc269,0cba70d8-7b76-4a59-90e8-413b36d73797,2025-01-31,287.51,beauty,0.533,UPI,0,1,0.138,metro,0,1,evening,0.21055725528180214,0.1462,0
63a6691d-2f8d-4ba1-90c6-1df72ac0736c,92daba51-94b3-4e77-81a5-fab65b28e08f,2025-08-16,6131.47,home,0.594,netbanking,1,0,,tier2,0,4,morning,0.04287065580036544,0.1165,0
153ffbd6-3e42-4bb8-93a3-87c9854a245b,9795bb9c-a3cd-4116-8a06-f4746212d4c6,2025-04-01,922.49,fashion,0.212,COD,1,0,,tier3,1,8,afternoon,0.1410845122933714,0.7404,0
8f69a579-c96d-4976-8e61-72ac20d74be0,9d2096d1-96a7-40b1-b834-bd63f99029e7,2025-07-30,2815.31,electronics,0.314,UPI,1,0,,tier3,0,5,afternoon,0.15808045554802053,0.2115,1
02a80a92-85b8-468c-81f7-bcb91680860b,cdccae25-c23b-410c-99a5-b7a31129029b,2025-04-15,508.4,grocery,0.471,card,1,0,,metro,0,2,afternoon,0.24733755276936278,0.0413,0
9c955d89-f76e-4801-84a5-e8823e51c3b1,56a30258-3565-44b2-a8d7-1d0adece59a8,2025-10-07,575.86,fashion,0.637,COD,0,1,0.255,metro,1,2,evening,0.1548544510371693,0.2746,0
4bdaf331-b140-441d-a1db-910346839bcb,cd508d92-15fe-4a35-9c1b-37a278d36ea4,2025-10-20,1928.09,fashion,0.434,COD,0,4,0.25,tier3,1,5,afternoon,0.2771725532528444,0.4672,1
0b451298-b3c9-4004-9e40-40b2c91c01b3,44408e56-9a11-44d5-8a79-5e1ddafd28e1,2025-09-10,2115.69,beauty,0.169,card,0,1,0.312,tier3,0,6,evening,0.24706696213115537,0.1083,0
72fff757-a611-4de9-8051-9cb9649c9e49,830587ef-e382-4480-9a46-f2fb1f6d1a0b,2025-02-26,979.96,home,0.2,card,1,0,,tier2,0,4,afternoon,0.29038571770418864,0.1384,0
60b5b610-70f0-4d7d-826f-c82116707618,69021a82-6d98-4eb8-95ba-5cdc432d316a,2025-07-29,588.43,fashion,0.139,UPI,1,0,,tier3,1,3,afternoon,0.3666490656306323,0.3431,0
836d31f4-701a-46dd-bf7f-2d8b367177d7,ecf7432d-87ec-467d-9c61-1102e6ef87c1,2025-03-10,451.24,fashion,0.298,UPI,1,0,,metro,1,2,afternoon,0.1036578444265268,0.6424,1
c69740bb-2898-49f8-b9dd-a2a6fdbeda0e,49a190f2-c9c8-441e-b450-f1343adf4d1a,2025-09-19,602.63,fashion,0.274,card,0,2,0.353,tier2,0,7,afternoon,0.4134664929263236,0.3676,0
4aaad487-82ab-48af-9c02-b2cbbd5e438e,ac8ee436-067a-4aac-8496-8e40cfb19bfd,2025-01-15,415.98,fashion,0.412,UPI,1,0,,metro,1,3,evening,0.2595265118239566,0.1507,0
c39762e2-1a03-4e5d-b63e-7996b4ee06bb,78cceba9-3d2c-474b-9fa6-2572b3f3cad0,2025-07-31,1892.38,fashion,0.593,COD,1,0,,metro,1,1,evening,0.26241881723183863,0.6619,1
3d84f47e-cb22-43df-946d-fe20379ad203,22adfe02-060f-43f8-80f6-782603b888e9,2025-08-10,1984.04,electronics,0.284,COD,1,0,,metro,0,4,evening,0.39867930835006377,0.3111,0
e30c3d39-1b36-4104-be33-e2ec4401e1b0,13182ea4-be24-4b97-856d-8d507c92c272,2025-02-12,2083.3,electronics,0.14,card,1,0,,tier3,0,5,afternoon,0.25921265445369807,0.133,1
0f919839-ba5c-4b97-b6ba-18e36f6023e1,938245c2-8647-4454-aa1b-998878f08b78,2025-02-03,1466.44,electronics,0.316,card,0,1,0.364,tier3,0,5,morning,0.29048499029100583,0.053,0
29a7d93f-12e8-4a52-bcf1-067b64f9d1d1,f29f4a7d-0757-4045-9f25-b4cdee8a1894,2025-06-20,250.0,fashion,0.34,COD,1,0,,metro,0,1,evening,0.11495022682730283,0.7086,1
1ad43c4f-7b6e-475e-aa64-ca9614e2b6ae,087d0d0a-beb0-4941-a8f2-ebeab4ce587e,2025-10-13,8032.01,fashion,0.339,COD,1,0,,tier2,1,2,evening,0.3378139318232394,0.3506,1
6d556f70-6808-4164-a513-a04d82316e12,c5e8aef0-7362-4837-9a04-8b3fa7ff821e,2025-07-14,10214.03,grocery,0.143,COD,1,0,,tier3,0,4,afternoon,0.5144941083307562,0.0643,0
561b635d-c387-45b7-afab-b7855ab687c1,236d11d7-cc84-47c1-9d4b-15dd6891dcbc,2025-03-22,5986.57,electronics,0.162,COD,0,2,0.211,metro,0,7,night,0.22121655786542901,0.067,0
70a106d3-30e8-4715-857c-b1cbffa550d0,265ca8d0-3df8-4d6f-9712-d08685f17132,2025-01-31,1037.01,beauty,0.136,COD,0,1,0.182,tier3,0,4,night,0.1913603605753747,0.2321,0
046ab38c-05cb-45e8-9e7f-432c4638ffb7,dea29f8e-ac26-475e-a225-300fac669ed0,2025-06-25,750.24,fashion,0.227,COD,0,2,0.207,metro,0,2,evening,0.2211439005048725,0.1926,1
3cbdebf3-2e57-45af-b328-e890c5022dc0,5e758f8f-c2ad-4e0c-b4fc-026916c24854,2025-04-03,551.3,fashion,0.156,UPI,0,2,0.136,metro,1,5,morning,0.048627470043128354,0.1864,0
85e77490-1cd0-45fc-9a22-d645792935b3,56a30258-3565-44b2-a8d7-1d0adece59a8,2025-06-06,654.68,fashion,0.306,card,0,2,0.134,metro,1,6,afternoon,0.1548544510371693,0.1595,0
c41700f0-b7b6-46fd-8239-059f4a1d5be7,59265d36-e12e-4bfc-b8a8-29de0a16e8c5,2025-03-14,8138.17,fashion,0.041,netbanking,0,1,0.397,metro,1,6,afternoon,0.35941268307576457,0.1073,0
133580dc-0e1c-48ae-b7d5-4966d9e56889,05b79d50-0e62-4a49-a87c-92a400745e88,2025-03-24,1867.43,electronics,0.251,UPI,1,0,,tier2,0,2,evening,0.04292142383700191,0.0765,0
a5178bbe-8942-40c1-997f-e97a83a34e50,3262b713-ea11-4e4d-9da2-2688e2cb903b,2025-09-16,712.64,beauty,0.476,COD,1,0,,tier2,0,3,evening,0.16468907167168612,0.7169,1
d20c2314-cf41-44f7-bd30-0a001e46b9c3,fef95b95-e8b3-4b99-bd01-70cdb0afe2fe,2025-07-02,10771.23,electronics,0.309,COD,1,0,,tier2,0,3,afternoon,0.3049431715733594,0.0912,0
7ba25478-49ed-49e6-81f0-64d036efbc5b,265ca8d0-3df8-4d6f-9712-d08685f17132,2025-05-04,476.51,electronics,0.422,COD,0,2,0.14,metro,0,1,night,0.1913603605753747,0.1688,0
f932c2d7-b147-4447-a73b-51733ea6611b,0b6f3e2b-84fe-456b-ad93-ffcb76fb728f,2025-03-26,553.2,beauty,0.06,COD,1,0,,tier2,0,2,afternoon,0.19762424986659227,0.5092,0
99b58e53-f954-445e-b879-64053f30c405,9ec97215-3253-4c47-821c-fe8a3b89d257,2025-08-03,4573.22,fashion,0.46,card,1,0,,metro,1,6,evening,0.2511919731705291,0.4388,1
98d4f61c-8cb3-41c8-b218-07d29c5f3d9f,6b914b9c-926e-4431-b82e-f178aae9d5c0,2025-09-01,250.0,electronics,0.46,netbanking,0,1,0.322,metro,0,1,night,0.2677657562695904,0.1258,0
fe9dfaca-4243-4ddf-86c1-c6fddeecef48,c6829464-1335-46ed-adb7-4a3c9b07a5a8,2025-10-05,1477.3,home,0.075,COD,0,1,0.382,metro,0,2,evening,0.2732031279049196,0.0731,0
362969a2-3d69-460f-b3e3-df589eabd005,7a4e9ee7-df87-4f79-9ec7-3f4c1f489075,2025-08-27,1842.54,fashion,0.256,UPI,1,0,,metro,1,5,morning,0.23069756686430742,0.4236,0
9ac7c124-21ef-4745-9eec-b74d861ae6fc,ca2fe15e-112f-4628-a780-35be48c1c3b1,2025-09-10,265.41,fashion,0.106,UPI,0,1,0.301,tier2,1,2,morning,0.20115272590154482,0.1914,0
189c9dde-198f-4344-bac2-dda9644036a1,16ddae25-3f28-41d0-8a77-c8c87723adfa,2025-05-03,250.0,beauty,0.501,COD,1,0,,metro,0,2,night,0.30707185083804733,0.6441,1
d1a240d5-9698-49df-b8f5-5465c148446a,14dacb7a-4c30-4243-939a-a0e29b7f206e,2025-10-21,252.37,home,0.449,netbanking,1,0,,tier2,0,2,evening,0.3923137330147234,0.3138,0
eecfcf5d-e675-46b7-b63a-edee25c6e201,ba9504c7-b413-4ee9-861d-702ad1482abd,2025-06-02,1047.62,grocery,0.508,COD,1,0,,tier2,0,2,evening,0.21485681318313843,0.3408,0
83c1dafc-96aa-43ba-a332-a4ea04a8cea6,b411f36e-bf74-4ba0-bff0-a67770bd35c5,2025-05-05,5781.16,fashion,0.45,COD,0,2,0.396,tier2,1,6,evening,0.4451782602422671,0.6308,1
5ef28504-a832-44ab-891c-15a28782dd6d,f2811512-6d74-428f-81ae-77df22796b31,2025-06-03,411.41,fashion,0.303,card,0,2,0.108,metro,1,2,evening,0.2916477929418046,0.315,0
6167eb06-a77c-470f-a427-810fdbe5b807,0b6f3e2b-84fe-456b-ad93-ffcb76fb728f,2025-06-24,438.11,fashion,0.47,COD,0,1,0.081,metro,1,4,evening,0.19762424986659227,0.2114,0
c6f9b8d0-9670-4d5c-9326-57500c0a478e,a7943808-f923-4e87-95b7-ac6a0c8b53d8,2025-07-29,813.53,electronics,0.161,COD,0,1,0.554,metro,0,3,morning,0.5777434668907969,0.1243,0
0b391552-fa30-40bd-93ae-fc530b422c0a,0ff3d3c4-7bad-4eb0-a3ea-a49b30616993,2025-07-25,819.63,electronics,0.071,UPI,1,0,,metro,0,5,evening,0.46113145613975703,0.09,0
67004c06-1e70-4014-b23d-28a604ab0d18,6405d452-0d48-4c53-b3bc-cf7e9b11d207,2025-08-24,503.98,electronics,0.462,UPI,1,0,,metro,0,3,afternoon,0.37075169622686466,0.091,0
0135c93d-4b86-46b5-8d05-2399302a3953,b5613467-d329-4102-b724-eb47dc04ed5f,2025-07-15,250.0,electronics,0.495,card,1,0,,tier3,0,6,morning,0.2676344641423701,0.27,0
3fd8cb22-9bb0-4033-b6d1-7bff98319473,76d2e938-826e-436d-8e9e-46c56a7a791e,2025-07-06,387.92,beauty,0.174,COD,0,2,0.257,tier3,0,4,evening,0.22287364608691065,0.2801,0
05595ed0-f11c-40a1-8ce5-1a785f7ba594,5c3a491b-f023-457b-9da7-95a4eedebd89,2025-10-19,250.0,beauty,0.255,UPI,1,0,,tier3,0,5,morning,0.12936071938754626,0.4494,1
22bf5e46-32fa-4f3e-8ea7-183738f10f2c,768a71d3-a89a-4253-93f7-41bf4591fc32,2025-05-19,977.5,electronics,0.171,COD,1,0,,metro,0,3,evening,0.41400072201775984,0.3462,1
ef6ecae9-89ac-4e32-8d61-9fa7acc7e7ad,835b4038-88dc-4965-b6b8-921d3b0ad19c,2025-10-03,2111.99,fashion,0.298,card,0,2,0.114,tier3,1,9,morning,0.18168234468688693,0.3607,0
82db4afc-e00e-4e5c-bd2b-1d7646ada88b,f5069c4e-0691-43d9-b3e0-3efe7073ec31,2025-06-24,340.89,fashion,0.303,UPI,1,0,,tier3,1,6,evening,0.03542903995029727,0.5759,0
47ffd14a-aedb-4701-b1fc-ec314e19c70e,809440e5-dc7b-48de-8000-53ac94935dec,2025-10-03,1168.55,fashion,0.267,card,0,1,0.169,metro,0,4,night,0.17298841463602524,0.036,0
e6ea9071-f04a-466c-bd3d-4e7eac3de964,0651ab9e-5b2b-46c4-9215-ff97762857c1,2025-05-11,1107.01,electronics,0.154,UPI,1,0,,metro,0,1,night,0.3926881472493449,0.0651,0
321e40b2-5b10-4c8e-a3e3-2319ccc37ea9,ac8ee436-067a-4aac-8496-8e40cfb19bfd,2025-09-08,2868.25,fashion,0.421,UPI,0,1,0.312,tier2,1,3,afternoon,0.2595265118239566,0.1111,0
4e25991c-0f28-4c80-9af4-6174e5e8c4b9,c3f1cc06-68c1-442a-b18b-6338217bcf62,2025-08-06,468.62,grocery,0.062,COD,0,2,0.119,tier2,0,6,evening,0.1091421274751211,0.102,0
7eccd931-060e-4785-a69b-0eb0f495abe4,cda74f38-f117-46e6-86c1-27f5329aede0,2025-04-30,491.58,grocery,0.325,card,1,0,,tier2,0,2,morning,0.5362129046914219,0.1093,0
d1f4d942-7d6a-4951-9f5d-2425488129af,945dbbbe-9d42-495a-b3dc-bd8ca5144cf0,2025-09-05,529.81,beauty,0.483,UPI,1,0,,tier2,0,2,afternoon,0.03758950939721761,0.2884,0
5d441261-52ed-4d5b-9512-488816557ac0,1adfba2a-67be-4047-b8d7-6fa58294836e,2025-08-22,2851.47,fashion,0.279,card,0,1,0.284,metro,1,1,evening,0.34129841122598414,0.223,1
c63479d4-195b-4c6d-aa09-7f0ba1de35ad,15f097f4-c815-4cab-acc5-364ae87bd707,2025-09-02,6444.75,beauty,0.115,COD,1,0,,tier3,0,7,morning,0.21714315647382218,0.2365,1
64e9dd6b-8dfa-47e4-ab94-f8eee4ee2b0e,24dc633c-de4a-4152-ae24-3e42211235f1,2025-03-20,3831.37,home,0.39,COD,1,0,,metro,0,3,evening,0.03297163095944513,0.1446,0
14ad6e91-4ffe-4c9d-9492-4391f4529eb7,e13d21db-d1a8-4f0a-9fc2-ba3d05772804,2025-08-24,11436.58,fashion,0.486,UPI,1,0,,metro,1,1,afternoon,0.06565876288364696,0.1179,0
2f4d5ebc-1c36-4e75-8b66-d1be24a0b8ea,d0d8fe24-c852-4ca5-ba50-638075dc7939,2025-01-17,3905.59,electronics,0.382,COD,1,0,,tier3,0,6,morning,0.2216976101384966,0.437,0
1c83fab1-4eef-4c32-8acb-efe107c65e16,787739e4-6bfc-4e51-b3b0-26408d0e386e,2025-03-22,675.16,fashion,0.1,COD,1,0,,metro,1,2,morning,0.3565159652552688,0.3525,0
38b3e6a5-7040-41b0-b026-26b51910e907,6aa1786c-04b4-423a-9a87-fa33de1282dd,2025-02-11,924.45,fashion,0.517,UPI,1,0,,tier2,1,6,evening,0.13825855892486977,0.6323,0
eaaf4267-9f4f-4b4d-abc2-9a8c0dffca8e,2bf0d062-3044-43ad-afc7-95617e9ef54d,2025-02-24,1222.09,beauty,0.184,netbanking,1,0,,tier3,0,8,evening,0.24614417619698423,0.1432,0
4e15da10-84d0-4265-acb9-a2da20824e58,c4a2528c-68a6-452b-a58e-5d65085c3087,2025-04-11,912.62,electronics,0.157,UPI,1,0,,metro,0,1,evening,0.0781064825203757,0.1193,0
bc88c4d5-ca71-4c5b-a157-c309e183c0ae,ab490722-82c0-45b0-9b05-00f26a266ca3,2025-08-13,1891.86,grocery,0.066,card,1,0,,tier3,0,6,afternoon,0.4862266497306529,0.042,0
57804111-85f1-4489-bea1-d5168310e65c,30888fd2-16bc-4533-a06f-0e0d4ed50f9d,2025-10-12,1164.04,home,0.08,COD,0,1,0.168,metro,0,3,night,0.22452854262691951,0.169,0
a68f6dce-555d-45bc-9040-e5d5fff2f928,60ab47fa-fe76-4aa1-9125-a3006288e298,2025-08-28,3188.42,home,0.395,COD,0,3,0.199,metro,0,4,morning,0.2897378778415542,0.0713,0
02a5d838-4426-4b43-ad4b-0cd06d438641,0fba06d8-d561-4e1e-8221-f56fd92a018c,2025-07-22,915.2,beauty,0.416,COD,0,1,0.437,metro,0,3,night,0.41585134920398,0.2066,0
98d69ed2-529d-40e2-86cb-8829c8d6892f,c96a9e4f-f6e2-4582-900e-e47a05c7f83a,2025-02-13,701.79,home,0.381,card,1,0,,tier2,0,1,morning,0.45454338905514596,0.3048,0
8aa46444-1771-41c0-820b-36f9907bf8f7,24dc633c-de4a-4152-ae24-3e42211235f1,2025-04-20,4774.07,fashion,0.295,COD,0,1,0.042,tier2,0,4,afternoon,0.03297163095944513,0.1437,0
6d77bec8-3015-4a44-ad90-e3dc4d48eae2,c04c2c09-5f42-4b59-aeb5-6d35280a5d01,2025-03-30,2096.41,fashion,0.305,netbanking,0,2,0.19,metro,1,4,afternoon,0.06067469417646223,0.0556,0
487068d8-cae5-41b3-a62d-f2ff46a22afc,906a171c-f8ef-4c41-9106-4dedffaed9e4,2025-08-28,1670.56,grocery,0.239,UPI,1,0,,tier3,0,5,afternoon,0.14849469586761202,0.1129,0
5c7cdec1-3ac6-4d36-b994-ed15a8e613d2,265ca8d0-3df8-4d6f-9712-d08685f17132,2025-04-04,297.9,beauty,0.575,COD,0,3,0.209,tier3,1,6,evening,0.1913603605753747,0.3372,0
26833268-db0f-4397-aef6-44cf0752d493,a05b51d4-cf4b-43df-8143-fc2defc4213c,2025-06-20,2628.94,beauty,0.406,card,1,0,,metro,0,5,afternoon,0.13102794820675195,0.1488,0
b6b70cf0-3f2c-4c23-97dd-55164dd2663a,fdb591b7-1c09-470b-bbb5-8d0f8a8cd3eb,2025-01-26,1956.42,grocery,0.088,netbanking,1,0,,metro,0,2,morning,0.2779937156072131,0.1311,0
0b359c97-c504-46f9-8e58-ee504b20b25a,627c64b8-7f4f-48a1-ac38-9594119b679b,2025-05-21,4021.48,electronics,0.347,UPI,1,0,,metro,0,2,night,0.7642110094338409,0.1103,0
52f04c87-a1d3-45b5-ad53-1fd7169f1cef,e75b5a37-ac60-4066-a040-3617f0d903ea,2025-10-26,768.36,electronics,0.173,netbanking,0,1,0.251,tier3,0,4,evening,0.24645297721478737,0.0508,0
6322760d-b3ac-4537-9806-a9249351441d,f56ad4f3-b71a-44ec-80ba-95707d2ea8e8,2025-08-16,2672.46,home,0.359,UPI,1,0,,metro,0,2,evening,0.0851383244395845,0.1197,0
bae110d9-02cd-4113-a246-e97aca5a5d3b,9e5d4987-8d7d-4c47-8cdd-0d477afd0d41,2025-08-06,725.4,fashion,0.288,COD,1,0,,tier3,1,4,evening,0.09221080951028436,0.5894,1
8c049004-d685-47b9-a390-2a6d7843641d,906a171c-f8ef-4c41-9106-4dedffaed9e4,2025-04-30,1794.1,beauty,0.222,COD,0,1,0.108,tier2,0,4,afternoon,0.14849469586761202,0.1801,0
48b09f48-3a59-4cf3-856a-dd490dcbc245,63d8dd12-39d4-4e1e-bdd7-72b1c1a0b1c0,2025-08-21,5140.21,electronics,0.052,COD,0,1,0.154,tier3,0,4,evening,0.22490754943212576,0.2093,0
5453413c-d7f4-4692-9fbb-439a17037779,550da023-005b-43b9-aa0d-1336177847cc,2025-07-29,461.11,home,0.228,UPI,1,0,,metro,0,2,evening,0.09566624421358363,0.1086,0
f9455085-0b1b-44cb-82d4-f54203134528,89eac406-612d-4301-9b93-ba1b6674831e,2025-08-02,250.0,electronics,0.37,COD,1,0,,metro,0,1,afternoon,0.13931901060737575,0.2267,0
d45416d4-5ddb-4b1b-8dec-87bb4226f756,2303f419-f5e1-47e2-b4ab-9d14e1b545ef,2025-03-19,250.0,fashion,0.097,UPI,1,0,,tier3,1,5,night,0.4006136338939826,0.5208,1
1c57f4b1-19dd-43ba-8dec-705e0edf4a10,7e3187ea-5ab7-4cd8-84fa-6ff053c09d04,2025-02-05,1939.26,electronics,0.348,UPI,1,0,,tier2,0,2,morning,0.21026090580847182,0.1897,0
07e25e77-5c68-4b3f-836f-882ca91e1f77,4d47ad50-ed68-4545-af4f-485a9b29b711,2025-02-08,1943.15,home,0.284,UPI,1,0,,tier3,0,6,afternoon,0.21989011196511407,0.241,0
789780a0-2470-4133-85d6-637d68b304ec,06685c5f-2341-4003-97cd-809136d21d44,2025-06-08,1100.57,home,0.375,netbanking,1,0,,metro,0,1,afternoon,0.391147140695262,0.152,1
83a383a4-168b-4360-bba7-7447d8cad45a,8abd559a-1477-46ff-abdb-32d2db795792,2025-09-29,1328.08,fashion,0.239,UPI,1,0,,metro,0,2,afternoon,0.3571737769623766,0.2898,0
41dc0c58-6837-4ff9-80b8-b398333075cd,787739e4-6bfc-4e51-b3b0-26408d0e386e,2025-09-30,11393.31,beauty,0.435,COD,0,1,0.349,tier2,0,3,afternoon,0.3565159652552688,0.0414,0
ce0124a1-dc19-4a12-9b51-e7fd7e1dda26,1d1d60f9-18c7-4b9b-921e-fb57d670462b,2025-09-23,250.0,fashion,0.241,COD,1,0,,metro,1,2,afternoon,0.03256332504746043,0.5698,1
f50d5032-1fa4-4725-9af3-53750640462b,1ec19d12-c4c9-4320-a035-98e17c951577,2025-03-10,1405.68,fashion,0.235,UPI,0,1,0.208,metro,1,7,afternoon,0.18576378008237582,0.0644,0
b14f940e-0c53-4377-9674-895ea41a1d45,5a11ae1b-953c-41af-83dc-44c210b745e5,2025-10-16,1960.35,fashion,0.252,card,1,0,,metro,1,7,morning,0.13954174495960747,0.3835,1
afcdacec-a457-4982-b333-9b874e7df4ee,11174ed1-8ca6-4cf5-bbe2-8a4f930137ed,2025-09-28,259.36,grocery,0.236,COD,0,1,0.169,tier3,0,4,morning,0.06842336486313001,0.0869,0
83a1594b-7702-4ef6-ad58-ca321e48c156,e75b5a37-ac60-4066-a040-3617f0d903ea,2025-06-26,10771.94,grocery,0.287,card,0,2,0.183,metro,0,2,evening,0.24645297721478737,0.0113,0
1e71e89c-b785-4e94-9f18-54637b10cf45,a916a5f6-5d2b-40c3-94e9-1d4bd329d0de,2025-04-08,3628.42,home,0.142,netbanking,0,1,0.614,tier2,0,1,morning,0.7296899354667504,0.052,0
e9abe771-f0ac-4498-af44-ac7c1af102b7,c987e835-2514-40cd-834c-f4d2261dd56b,2025-09-16,964.33,electronics,0.257,UPI,1,0,,tier2,0,2,afternoon,0.06015710717930573,0.203,0
878d4b1c-eb67-4c41-a8f5-c2a3e10270c0,2a7fb427-4c3e-481a-9333-4b2ce1a6dfcb,2025-02-23,4793.12,fashion,0.266,card,1,0,,metro,1,4,afternoon,0.04633846991413163,0.217,1
a2228e30-9169-42e9-9618-efb5492f243c,938245c2-8647-4454-aa1b-998878f08b78,2025-10-18,489.63,fashion,0.133,COD,0,2,0.379,metro,1,2,night,0.29048499029100583,0.531,0
436c7ff7-4fee-4d28-9f8a-b5dca5610551,c5e8aef0-7362-4837-9a04-8b3fa7ff821e,2025-10-14,1446.62,home,0.436,COD,0,1,0.44,tier2,0,5,afternoon,0.5144941083307562,0.4246,0
cfa5fc73-4dca-47a5-b200-d9e0716c4ebd,be8e3722-c7d5-4b43-9715-82493f5ea53d,2025-05-14,250.0,home,0.104,COD,1,0,,metro,0,5,morning,0.354621720738092,0.3137,0
7e0da2b4-0413-4559-b2d4-0a8d1ffd156e,423107d7-155f-4bae-92aa-4c3cfbee5d71,2025-06-02,4016.31,fashion,0.605,card,1,0,,tier3,1,6,morning,0.3108899842101137,0.6379,1
3f208005-fef9-4cd3-9f57-cb261fc514da,487e0072-ff7c-4376-aa94-0ed39d21882d,2025-09-09,8283.82,beauty,0.243,UPI,1,0,,metro,0,5,afternoon,0.10058728392504118,0.0414,0
49bbf8d8-5298-4f71-bf9a-c18f72ca501d,1d389e03-f41d-4493-8048-8d028a5d27f2,2025-10-10,1086.38,beauty,0.129,UPI,1,0,,metro,0,4,evening,0.3251850941589013,0.252,1
9835c190-ea46-49f0-adc9-3bb0e8767080,b209d179-6418-4f8c-bd42-8e4f831f0776,2025-07-23,634.25,fashion,0.156,COD,0,2,0.215,tier2,1,1,morning,0.27580452681496,0.7951,1
f5a243a7-0734-499c-ad39-c3352086e1cb,c967d130-c116-4a5c-8589-391097b66b37,2025-01-18,701.55,beauty,0.163,UPI,0,2,0.044,metro,0,2,morning,0.04915448350944119,0.0205,0
3c94e769-f3b1-474e-a1cb-2a8798880c08,f8058711-faa6-4eca-a2ab-1fa0ad185832,2025-07-18,978.04,fashion,0.219,card,0,1,0.127,tier2,1,3,evening,0.04047509547806022,0.1839,0
38f66386-65b7-44c6-9f5c-8d01c46054e0,f9691f62-eba3-4973-ac0d-3de0ec286d88,2025-10-27,4418.16,beauty,0.324,UPI,1,0,,metro,0,1,morning,0.33946126851350195,0.1068,0
140c1a66-280d-410c-a1da-6045da2ab9dd,359835d2-74a6-4ae7-bdf8-2bdc4ed675dd,2025-01-10,250.0,electronics,0.065,COD,0,1,0.035,tier2,0,2,morning,0.05662677973259444,0.1148,0
fd418ee9-b988-4253-9ba2-3a7113f30198,bd3a6289-ca9f-4419-850e-e8e8edf0e3fe,2025-06-10,1805.54,fashion,0.319,UPI,1,0,,tier2,1,9,evening,0.5280280326519072,0.3017,0
ba7ea3f7-567e-4f66-9588-154c0d1cc592,bc085a64-9ee4-4a4a-ba18-bf9b6c5b5a59,2025-05-14,3306.07,fashion,0.191,netbanking,1,0,,tier3,0,3,evening,0.20401397040683977,0.1275,0
4693869f-f3fb-4e94-93df-ff0aeb0eb797,2bf0d062-3044-43ad-afc7-95617e9ef54d,2025-06-03,350.95,electronics,0.713,COD,0,1,0.188,tier2,0,2,evening,0.24614417619698423,0.5425,0
663b83b8-6aed-4f52-a073-e358700ba788,10546d08-1053-4bf0-976f-4c40b2dcb1c8,2025-06-08,3114.05,fashion,0.498,UPI,0,1,0.153,metro,1,3,afternoon,0.021184252375003435,0.3436,0
537b2c07-ab29-4914-8cd1-b3596d8193fc,d9358869-66e4-4ee6-bb2e-f9062117fa78,2025-04-06,3002.59,beauty,0.248,UPI,1,0,,tier2,0,3,evening,0.2042925306906814,0.0628,0
ee53eae6-e7b7-48a4-b5e8-71c1e2308afd,4d47ad50-ed68-4545-af4f-485a9b29b711,2025-01-19,2408.15,fashion,0.34,UPI,0,1,0.214,tier3,1,4,afternoon,0.21989011196511407,0.5143,0
032051a0-2a4d-4ea1-bc39-405e8010a958,236d11d7-cc84-47c1-9d4b-15dd6891dcbc,2025-09-04,385.73,electronics,0.165,card,0,3,0.205,metro,0,3,evening,0.22121655786542901,0.0268,0
ba249332-0a06-461b-b383-a23eb5fe1381,b0694581-e5bf-4757-913a-46834d324ff0,2025-01-10,1391.96,home,0.138,UPI,0,3,0.372,metro,0,2,afternoon,0.2365731909103324,0.0895,0
37a13e64-994f-4948-b261-c50778c009c0,7ec9d46b-0141-4835-accd-a9841843ca7e,2025-08-22,4104.62,grocery,0.166,COD,0,1,0.108,tier3,0,8,evening,0.07319325355511432,0.0589,0
ef70115a-5f9d-4cd9-9ec2-88d07d2a75f2,63d8dd12-39d4-4e1e-bdd7-72b1c1a0b1c0,2025-05-23,780.48,fashion,0.696,COD,0,2,0.336,tier3,1,5,afternoon,0.22490754943212576,0.7647,1
33fe5676-1a89-457c-9059-010c9ab893fa,16ddae25-3f28-41d0-8a77-c8c87723adfa,2025-04-09,2936.2,home,0.163,UPI,0,1,0.272,metro,0,2,night,0.30707185083804733,0.047,0
e2e057e5-9b10-42af-acc9-88e82f41a546,0651ab9e-5b2b-46c4-9215-ff97762857c1,2025-06-12,250.0,fashion,0.529,COD,0,1,0.344,tier3,1,3,night,0.3926881472493449,0.814,0
f0918593-8644-481f-8e23-be49023280f0,429a3593-a1f1-41a7-8879-ead65bd1838e,2025-03-31,285.87,fashion,0.32,UPI,1,0,,tier2,1,3,night,0.17602227586818103,0.3986,0
8ad157ec-8b96-4443-9dd9-3f40b51a636c,2b655155-21f3-4b0d-a2ab-a6beeaab93a3,2025-07-02,1221.53,beauty,0.735,card,1,0,,metro,0,2,night,0.46219689800581915,0.6146,1
47d60600-ec99-4719-a14a-7982ae53e148,40842a00-ef3b-4689-9811-b9d52c77638b,2025-07-19,1797.9,fashion,0.016,card,1,0,,metro,1,2,evening,0.15250618963621082,0.396,0
3315c645-1c9a-4159-8f99-4a16164264ab,cba0fbf1-c8e0-4aa6-8a6b-48f3baba929d,2025-05-25,409.79,home,0.587,COD,1,0,,tier3,0,6,afternoon,0.3706024922013499,0.6331,0
2d1f5677-d62f-4102-9d25-9174ae100322,5e758f8f-c2ad-4e0c-b4fc-026916c24854,2025-01-28,250.0,electronics,0.267,COD,0,3,0.084,tier2,0,3,afternoon,0.048627470043128354,0.137,0
1f896d5d-c68b-4dcf-a36c-c86ad1befbf8,f56ad4f3-b71a-44ec-80ba-95707d2ea8e8,2025-01-31,3260.88,grocery,0.268,COD,0,1,0.101,tier2,0,2,morning,0.0851383244395845,0.0572,0
d1499b7a-506f-42c1-a1f1-032b96fd92af,92f8f8f3-1a19-41b0-9888-9ad14e0b35ba,2025-01-22,583.33,fashion,0.394,UPI,0,1,0.129,tier2,1,2,afternoon,0.14720873128711998,0.2104,0
f316a9db-ff6a-4192-84ce-22ddaef5b8d7,d9bc17ca-80dd-47e2-8dc5-79922a30764c,2025-07-10,559.56,electronics,0.441,COD,1,0,,tier3,0,5,morning,0.34134778732339127,0.4164,0
b4b14934-4034-4cbc-a10c-d69c120252d7,ace1ab49-d6e4-4784-9490-26eccef63611,2025-08-20,2839.04,fashion,0.255,UPI,1,0,,tier2,1,3,evening,0.1503348970823547,0.4682,1
35b9f40f-109b-40de-bf5f-cb30cdb8aa2d,99e318ff-1a69-4f68-addf-975990bd0414,2025-01-08,384.95,fashion,0.313,card,0,2,0.088,tier3,1,4,afternoon,0.2434169799043869,0.3442,1
ba8c468c-c75f-4885-905d-d10d322d88dc,5a71659c-1263-4448-8731-60f1df983197,2025-10-18,1736.65,fashion,0.24,COD,1,0,,tier2,1,4,evening,0.4468118022423648,0.6118,1
c354ef08-7d30-4361-af45-73de368a4c8c,0b6f3e2b-84fe-456b-ad93-ffcb76fb728f,2025-10-26,3497.12,grocery,0.574,COD,0,2,0.2,tier2,0,5,afternoon,0.19762424986659227,0.1058,0
c5a68c41-965d-4a67-a93a-61702668290e,7a4e9ee7-df87-4f79-9ec7-3f4c1f489075,2025-08-15,444.68,electronics,0.308,COD,0,1,0.263,metro,0,5,evening,0.23069756686430742,0.0909,0
2292b63a-c0df-48cb-8c80-f8e7b26bbe4d,d3db41bc-bf8f-46e0-94b1-984f27ff9af2,2025-10-01,862.13,grocery,0.168,UPI,1,0,,tier2,0,2,afternoon,0.33315409272597374,0.174,0
f827d632-f86b-43f2-ba23-4d930ba89503,d68315e8-8173-4914-a599-6948b359207b,2025-02-12,3364.45,fashion,0.151,UPI,1,0,,tier2,0,3,night,0.2767647537778325,0.2576,0
86a7d249-b634-41b4-aaeb-26d3b9b67b86,236d11d7-cc84-47c1-9d4b-15dd6891dcbc,2025-01-05,658.62,beauty,0.5,UPI,0,4,0.326,tier3,0,8,morning,0.22121655786542901,0.2201,0
39c25d92-855e-4814-a329-eda955096762,7a4e9ee7-df87-4f79-9ec7-3f4c1f489075,2025-02-22,895.16,home,0.333,netbanking,0,2,0.336,metro,0,2,afternoon,0.23069756686430742,0.0888,0
899a0bd6-647d-4fae-ac91-ea71f6c3de35,98130890-4899-4c39-bc27-fff25da0726a,2025-06-08,3209.0,grocery,0.273,COD,1,0,,tier2,0,1,night,0.14213974082226472,0.2211,1
2fff893d-06c7-4e31-917d-658961ac268c,f2811512-6d74-428f-81ae-77df22796b31,2025-02-05,250.0,fashion,0.28,card,0,3,0.344,metro,1,3,evening,0.2916477929418046,0.1955,0
b3f8ce76-6d09-46f2-9672-a785ea2491ab,9e94bd7f-0751-4b3d-8ad4-2e1e913839e7,2025-04-06,2873.67,grocery,0.122,UPI,0,1,0.425,metro,0,6,afternoon,0.3358319706571889,0.0278,0
bc7a8602-a643-4e5b-8aae-c59a6cb25a8e,c98a4cb4-7028-4dff-af37-84307e0c0e6f,2025-09-23,394.53,electronics,0.231,card,1,0,,metro,0,4,evening,0.16177634634701885,0.1582,0
bcf740d9-f183-424b-9336-c2d9c1d961a5,f45b091a-9cb1-4a31-93be-6a3c7b54a42d,2025-06-13,5627.68,fashion,0.303,COD,1,0,,metro,0,3,evening,0.15829274806408117,0.1859,1
acb13b98-9698-4435-babf-87f26b6bf7f2,08aef544-c5e9-4643-9aa9-07339815a3b1,2025-03-25,1403.96,fashion,0.576,UPI,0,1,0.345,tier2,1,3,afternoon,0.3389478327833424,0.4542,1
14d4f7c4-21d8-49e7-aca0-24d54c4886b9,b409e3d7-b9a4-422f-952f-eaf1d5521144,2025-03-28,2709.99,fashion,0.187,COD,0,2,0.457,tier3,0,4,afternoon,0.3974441051585353,0.703,1
3697c5ce-4235-43d8-a063-ca7b9e4bd0e2,a111ab22-4c88-4d83-b499-448d82133ae3,2025-08-31,1515.02,beauty,0.163,card,1,0,,tier3,0,9,evening,0.2568909066288726,0.1062,0
5893ed3d-4e1f-4a32-bdea-e8f14f949324,28ec42d4-b23f-4146-a22d-131afdd06fec,2025-01-07,768.04,grocery,0.223,card,0,1,0.404,tier2,0,1,evening,0.3958288561774479,0.0689,0
898850dd-92a9-4550-a666-f92ccad0dffe,544b57dd-aae8-4d49-a2dc-9382a2b7ff69,2025-01-12,1105.56,beauty,0.369,UPI,0,1,0.0,tier3,0,5,afternoon,0.05655306904883348,0.0444,0
cc02a210-b9fb-4783-82fb-edab1da3c862,059cd0cd-c524-403d-90a7-aa5e9d51749d,2025-07-31,519.01,electronics,0.343,UPI,0,1,0.116,metro,0,1,morning,0.2033814634391261,0.0219,0
fd31788f-6293-4a77-a981-5564496cf7f2,b03cb31b-e35c-455f-b819-43d10b10f4de,2025-01-04,1560.6,fashion,0.232,card,1,0,,tier3,0,5,morning,0.18263332309352803,0.2317,1
413a9317-16d9-42c3-818f-6abd611d4fa7,75aa2704-6368-428d-ba7a-be942625e571,2025-01-11,1563.58,fashion,0.04,card,1,0,,tier2,1,2,morning,0.20694259408245252,0.3826,1
f4fcd37b-3b42-4978-8cb5-55404a17b6e5,397d373a-f33e-473f-9362-3154a53fe5ef,2025-08-23,971.29,home,0.082,UPI,1,0,,tier2,0,2,evening,0.3797344893685818,0.1816,0
0d900ade-eef6-4488-aadc-a2026ea1aa1a,2b0aed48-0816-4dd9-b18b-7acd4c255c96,2025-03-07,1983.52,beauty,0.364,UPI,1,0,,tier2,0,3,night,0.19975800750299405,0.1898,1
e95efd19-01d7-41b6-8546-a877cb352a3e,e1a003ea-5c5b-42d1-ba24-ccd143e04a66,2025-08-10,420.82,home,0.516,UPI,1,0,,tier2,0,3,afternoon,0.44476856839523915,0.1692,0
276e9740-0e42-40f4-9814-074556115379,44408e56-9a11-44d5-8a79-5e1ddafd28e1,2025-09-14,3499.63,fashion,0.373,COD,0,2,0.264,metro,1,4,evening,0.24706696213115537,0.369,0
3917056e-7e1f-420d-89ee-075cd2b9957f,9d1d8bca-9218-4856-8619-cfee194da74f,2025-09-17,764.98,fashion,0.191,COD,0,1,0.042,tier3,1,3,night,0.24874291058771908,0.2069,0
f7a7bd4a-ab8e-4574-8cd6-03a1d0b04b19,cd8465b3-5dc0-4918-a21f-702a430fdf4a,2025-05-13,811.62,electronics,0.204,UPI,1,0,,tier2,0,2,evening,0.07981520295766234,0.1754,1
559da5de-080a-4a94-9cd0-d285dc2975f3,236d11d7-cc84-47c1-9d4b-15dd6891dcbc,2025-07-27,653.57,grocery,0.705,COD,0,5,0.263,metro,0,3,night,0.22121655786542901,0.133,0
1949d2e7-ff18-401a-be57-1ab92ea25994,cb772ef9-45e1-4d4b-9ad9-1d46caab33c8,2025-05-06,1131.94,fashion,0.379,UPI,1,0,,tier2,1,3,night,0.14258967185168278,0.6246,1
257dd814-6945-4620-bbc6-970d9e32ab48,5a71659c-1263-4448-8731-60f1df983197,2025-08-09,1921.81,home,0.242,COD,0,1,0.463,tier2,0,1,afternoon,0.4468118022423648,0.1449,0
921f334b-ee5d-44d7-8570-4ca5e3684ed1,fe5966ee-16a8-40bf-bfa7-b25c4843d418,2025-04-30,7989.69,fashion,0.145,COD,1,0,,metro,1,2,morning,0.08260669207550075,0.3976,1
d4b05bf3-8a65-42b6-82d6-f94c32905d40,8d879d73-1aec-41e5-95f5-f7034d86ff07,2025-04-15,1013.99,home,0.271,netbanking,1,0,,metro,0,2,afternoon,0.049577018851452645,0.0502,0
51ee9304-d47e-488c-8926-028444a41b17,2a7fb427-4c3e-481a-9333-4b2ce1a6dfcb,2025-10-04,461.22,home,0.32,COD,0,1,0.085,tier2,0,4,night,0.04633846991413163,0.3288,1
8e8b0eb8-a7e3-485c-8b28-3cd3d4343cf0,dea29f8e-ac26-475e-a225-300fac669ed0,2025-05-18,993.88,electronics,0.283,UPI,0,3,0.209,tier2,0,4,morning,0.2211439005048725,0.072,0
83af5320-11d8-4c0d-9dd1-fa83fe5af5e2,e75b5a37-ac60-4066-a040-3617f0d903ea,2025-04-18,268.78,electronics,0.384,UPI,0,3,0.27,metro,0,4,evening,0.24645297721478737,0.0544,0
4d339daf-35c2-4bbf-9f1f-aac9c00fda74,47c8a40a-5a46-43c6-9be3-3ced3fc16085,2025-06-02,3519.46,home,0.113,UPI,1,0,,tier2,0,2,evening,0.23564858214539242,0.0753,0
ca2ee5f8-2702-4030-9224-d103f95d4daf,cb8611ae-38b8-43ce-b1e3-ac68753f2f95,2025-01-23,383.68,fashion,0.527,card,1,0,,tier2,0,7,morning,0.18284841178251302,0.4146,1
680749b6-bbfb-4089-b79b-ca2a727151c7,2e46de50-f2d0-4553-ad5f-5feee0d8f2f6,2025-03-23,535.9,electronics,0.398,UPI,1,0,,metro,0,5,evening,0.1410237131485087,0.1379,1
872d2004-2e57-46e0-8263-606bdc7bc140,0651ab9e-5b2b-46c4-9215-ff97762857c1,2025-08-31,372.12,electronics,0.172,COD,0,2,0.419,tier2,0,3,evening,0.3926881472493449,0.0813,0
a43bf41b-80f2-425a-9560-90599596762b,24f462d2-ab23-4d64-b4cd-5e1193e7769f,2025-03-28,2408.64,beauty,0.551,card,1,0,,metro,0,3,afternoon,0.5997722687005431,0.2129,0
adaf0c30-8a54-4a4e-8e06-d130bbe11be8,735fdab8-3c31-4c12-8344-b632847001e7,2025-07-26,5473.08,home,0.274,COD,1,0,,tier2,0,5,afternoon,0.6231863021915255,0.2417,1
7c2a3132-0e9d-46e1-ad7f-b249ef41d20f,767607d0-4d2d-44a6-b6ef-7324a793d146,2025-04-30,964.22,fashion,0.29,COD,1,0,,tier3,0,5,evening,0.03200477582582108,0.7037,1
2b7a8b97-ad23-4304-8f97-a9349d6d7928,a08246dd-24d9-48bb-b9d1-2b3dd9ac343f,2025-03-02,6085.03,fashion,0.029,card,1,0,,metro,1,3,evening,0.19434600150643108,0.1174,0
35e85825-1825-4f4c-a008-81601b153fac,80f51681-2009-48ac-926e-7b7901f96486,2025-07-31,9031.06,fashion,0.356,UPI,0,2,0.075,metro,1,2,evening,0.025007063694987345,0.0326,0
e32fea39-42e9-4766-8170-4957c30c7678,8288f7bc-eed9-4ffd-afc1-d1e03cc4826b,2025-06-30,2661.66,home,0.068,UPI,1,0,,tier2,0,4,afternoon,0.1171182105953482,0.0912,0
23662092-d5a6-4c3d-afb0-4642c19b22d1,cba0fbf1-c8e0-4aa6-8a6b-48f3baba929d,2025-10-01,1391.67,fashion,0.359,COD,0,1,0.427,tier2,1,2,night,0.3706024922013499,0.6603,1
47ba0566-a8fa-460f-9214-90a7a5fe67c0,5f406040-6dfb-4ae2-9890-7f640e616156,2025-09-30,373.69,fashion,0.279,COD,1,0,,metro,1,2,morning,0.2831068452109286,0.6912,1
03d945bc-01ae-49cc-b320-b6def16aac64,ac8ee436-067a-4aac-8496-8e40cfb19bfd,2025-08-25,827.64,grocery,0.307,UPI,0,2,0.322,tier3,0,5,evening,0.2595265118239566,0.0496,0
0f5b2baf-b307-4484-8c15-83e25425d796,e4fc2035-70f1-45b1-82d0-0ee396f0a984,2025-02-03,846.97,fashion,0.186,UPI,0,1,0.12,tier2,1,1,afternoon,0.21199326223067969,0.1875,0
f602f4c8-184b-44bd-b6d2-6dfaec0f5d48,6dc5134b-6c84-4084-ad9c-5cfbc77e8a21,2025-09-22,562.06,beauty,0.161,card,1,0,,tier2,0,3,evening,0.31538639948094277,0.172,1
db2008e9-6624-4c83-9351-a2e64a924f3c,e75ee274-5825-4174-865c-607e3da0fc74,2025-03-28,497.98,fashion,0.304,card,1,0,,tier2,1,2,evening,0.1072782582698679,0.3662,0
6cc9738a-faab-452e-b043-0c30448b2c64,49906f06-7aa4-4267-a704-c6b97c5260ba,2025-06-11,458.52,home,0.328,UPI,1,0,,metro,0,3,afternoon,0.35048631763167787,0.1178,0
ace3b734-e8d9-41a8-ac36-3d5380169083,f04ea3ca-68ee-4efe-a612-fe50610fd2dd,2025-10-21,570.53,fashion,0.251,UPI,0,1,0.225,tier3,1,4,night,0.2242312963277271,0.2736,1
9f15b0e8-af8d-4a4b-ae9d-f0bfe1cdb26f,f2811512-6d74-428f-81ae-77df22796b31,2025-03-25,1412.55,home,0.259,UPI,0,4,0.196,tier2,0,3,evening,0.2916477929418046,0.0821,0
38b1db3e-b814-4ccd-9b52-4b9594496b4c,2bf0d062-3044-43ad-afc7-95617e9ef54d,2025-03-18,8913.5,electronics,0.431,card,0,2,0.201,metro,0,3,evening,0.24614417619698423,0.0197,0
827c2329-e705-4c95-9849-7edc1fbbab03,3ae5064b-f3c7-4936-8de7-de055b245a44,2025-02-17,8570.18,grocery,0.184,card,1,0,,tier2,0,6,evening,0.13085373507915285,0.0099,0
a9da78ec-5641-4db1-b8aa-3505a564a715,c96a9e4f-f6e2-4582-900e-e47a05c7f83a,2025-03-22,1413.97,home,0.481,COD,0,1,0.566,metro,0,2,evening,0.45454338905514596,0.4527,1
3aa226e3-ceb4-4ff6-b667-69e58c0f36e2,423107d7-155f-4bae-92aa-4c3cfbee5d71,2025-04-18,902.39,beauty,0.408,COD,0,1,0.202,tier3,0,2,morning,0.3108899842101137,0.1721,0
5874e7f7-a8c4-4471-9b55-73d3bd245508,11174ed1-8ca6-4cf5-bbe2-8a4f930137ed,2025-10-13,1065.1,fashion,0.575,UPI,0,2,0.0,metro,1,3,afternoon,0.06842336486313001,0.1144,0
dfda7087-d0f2-4384-89fa-4be7d02e4b07,c5e8aef0-7362-4837-9a04-8b3fa7ff821e,2025-03-23,2187.06,fashion,0.073,netbanking,0,2,0.499,tier2,0,7,morning,0.5144941083307562,0.0925,0
4cebb885-1429-4b7d-b211-f1da8efeae06,ed0d4cec-07d4-440d-a77d-2f0af2663244,2025-08-21,1723.31,grocery,0.322,COD,0,1,0.586,metro,0,1,morning,0.6645072620284929,0.1085,0
69250ef4-ab69-4da3-99d6-8dc56db95d9c,31b3bbb8-aa06-40bb-a71f-aa588c7ead90,2025-09-10,3969.49,electronics,0.612,card,1,0,,tier2,0,5,night,0.23076225353726293,0.1435,0
a927681d-be60-4410-bfec-8cd0690d71cb,938245c2-8647-4454-aa1b-998878f08b78,2025-01-02,736.88,electronics,0.369,UPI,0,3,0.443,tier2,0,2,evening,0.29048499029100583,0.1541,0
99a2e822-6ab7-47bc-9b71-d3e37e7722d0,2b0aed48-0816-4dd9-b18b-7acd4c255c96,2025-06-05,291.17,electronics,0.13,UPI,0,1,0.12,tier2,0,2,afternoon,0.19975800750299405,0.0743,0
e33b02b1-50a7-48ba-b408-65ddccda5d13,2b0aed48-0816-4dd9-b18b-7acd4c255c96,2025-03-19,420.18,home,0.073,card,0,2,0.319,tier2,0,4,afternoon,0.19975800750299405,0.0236,0
c7b759ba-015f-4e03-b006-422c6196862c,059cd0cd-c524-403d-90a7-aa5e9d51749d,2025-02-11,250.0,fashion,0.337,UPI,0,2,0.246,metro,1,4,morning,0.2033814634391261,0.0954,0
64dbd3c2-5431-43cb-b32e-781fcf2a750a,76d2e938-826e-436d-8e9e-46c56a7a791e,2025-09-15,443.44,fashion,0.249,UPI,0,3,0.125,tier2,1,7,morning,0.22287364608691065,0.4098,1
e945f945-f5f8-464b-9ddd-4d1806963f4f,059cd0cd-c524-403d-90a7-aa5e9d51749d,2025-03-29,1000.6,electronics,0.321,COD,0,3,0.31,tier3,0,5,afternoon,0.2033814634391261,0.1919,0
dfca3044-d0eb-4c5a-8389-c4950e165f38,a05b51d4-cf4b-43df-8143-fc2defc4213c,2025-03-31,1667.24,fashion,0.329,card,0,1,0.212,metro,1,6,morning,0.13102794820675195,0.1421,0
778cb16a-d31d-475a-b395-256b8e92e24e,6b914b9c-926e-4431-b82e-f178aae9d5c0,2025-07-24,2282.75,beauty,0.432,netbanking,0,2,0.134,metro,0,4,afternoon,0.2677657562695904,0.1023,0
32cdbef3-f130-4958-b393-e121d50590c7,8c24e923-2dbf-4f43-b0b2-6e851d21fa34,2025-08-30,1445.61,fashion,0.111,card,0,4,0.171,tier2,1,4,afternoon,0.10820090543681238,0.2632,1
dcd930e2-7fa1-4489-a1a4-714fbb597e3c,0fba06d8-d561-4e1e-8221-f56fd92a018c,2025-06-08,734.49,electronics,0.143,COD,0,2,0.488,metro,0,3,morning,0.41585134920398,0.194,0
5ec454c5-cc7f-4879-ab6a-6de18d014b13,397d373a-f33e-473f-9362-3154a53fe5ef,2025-01-01,1083.64,beauty,0.249,COD,0,1,0.38,tier2,0,5,afternoon,0.3797344893685818,0.1887,0
a8244f26-9bfc-4fd6-b852-86f004947a64,d5ed1c34-161c-414d-b34b-6029b6051817,2025-01-04,856.47,grocery,0.195,COD,1,0,,tier3,0,4,evening,0.21478291236143027,0.069,1
45ee10bd-c9b0-464a-a5ef-653bb7b6861f,76d2e938-826e-436d-8e9e-46c56a7a791e,2025-09-08,565.68,fashion,0.681,UPI,0,4,0.206,tier2,1,2,afternoon,0.22287364608691065,0.4671,1
ce6efa5c-69e9-43f7-a606-773ff16e0295,68fe5c45-8009-4a9e-a90c-9439ebe48e46,2025-03-01,580.82,fashion,0.364,UPI,1,0,,tier3,1,7,evening,0.24680180551951414,0.5933,1
ad316e80-ec05-4bff-bebc-236e7bca7155,10546d08-1053-4bf0-976f-4c40b2dcb1c8,2025-09-24,398.86,beauty,0.306,COD,0,2,0.0,tier2,1,3,afternoon,0.021184252375003435,0.22,1
aca33a7b-e86a-489a-8ea8-6d4dacccafaa,2bf1c610-a75b-412d-b0ce-9dc111d20e3c,2025-04-06,1217.03,electronics,0.359,UPI,1,0,,tier3,0,7,night,0.27780100478810504,0.1019,0
f115a334-f37c-481b-9a74-0d3c098753b0,b411f36e-bf74-4ba0-bff0-a67770bd35c5,2025-09-16,527.32,electronics,0.048,COD,0,3,0.442,tier2,0,3,afternoon,0.4451782602422671,0.1787,0
bc6ee5fa-8383-436a-aabd-3fb7178e48f9,5a71659c-1263-4448-8731-60f1df983197,2025-05-12,507.47,electronics,0.422,UPI,0,2,0.561,metro,0,1,morning,0.4468118022423648,0.0788,0
8525bf3d-c382-4311-bf01-c2909f81f6d4,30888fd2-16bc-4533-a06f-0e0d4ed50f9d,2025-05-01,1961.98,home,0.274,COD,0,2,0.06,metro,0,2,evening,0.22452854262691951,0.1328,0
d5d329d2-31c6-4720-a3e0-e1a90a82af85,d5ed1c34-161c-414d-b34b-6029b6051817,2025-01-22,2929.14,fashion,0.447,COD,0,1,0.162,tier2,1,3,afternoon,0.21478291236143027,0.5902,0
487422f5-6fe4-498a-a8bf-e10d562665a0,e6d66833-d25a-437d-be25-acbaa9de6bdf,2025-01-29,1894.25,beauty,0.525,UPI,1,0,,tier2,0,7,afternoon,0.14508620262612762,0.2289,0
a870d165-5857-4a0e-8c19-174e74f07b2a,5a71659c-1263-4448-8731-60f1df983197,2025-02-17,875.19,beauty,0.626,UPI,0,3,0.543,metro,0,2,night,0.4468118022423648,0.4831,1
a55b8288-3826-4e30-b3dc-33418dfe4959,06a55a66-90e1-4cb6-a2be-f26bb9c97d79,2025-10-03,2287.95,home,0.247,card,1,0,,tier2,0,3,afternoon,0.12972182350309738,0.1256,0
1c70cc4c-112c-4607-a3aa-7dde5ce159cc,5e758f8f-c2ad-4e0c-b4fc-026916c24854,2025-02-13,250.0,fashion,0.214,UPI,0,4,0.053,tier2,1,6,afternoon,0.048627470043128354,0.3164,0
9e03c7d3-4b10-46a6-8011-09a826e325cc,dea29f8e-ac26-475e-a225-300fac669ed0,2025-04-07,1970.19,home,0.414,UPI,0,4,0.226,tier2,0,1,evening,0.2211439005048725,0.0614,0
ad4672b8-de3a-4bad-9e1d-eb41e8049c8c,d2e06185-41b3-4488-a0c7-7165ae31370e,2025-09-03,318.63,grocery,0.156,COD,0,1,0.529,tier2,0,2,night,0.4955830568370258,0.1758,0
30922aff-bead-450f-855f-cf7eaf6bb158,60ab47fa-fe76-4aa1-9125-a3006288e298,2025-07-15,250.0,home,0.067,UPI,0,4,0.384,metro,0,3,morning,0.2897378778415542,0.0363,0
cac7fdb5-76b5-4cfc-a365-20b6f09cd92a,2a7fb427-4c3e-481a-9333-4b2ce1a6dfcb,2025-07-23,627.71,electronics,0.637,UPI,0,2,0.0,tier2,0,2,evening,0.04633846991413163,0.1096,0
8da71c1d-dc6c-41c6-851f-1f43e02e2bb1,c86a75f4-eea7-4fce-b017-88f6e68c8ccf,2025-06-21,3357.75,electronics,0.284,UPI,1,0,,metro,0,3,afternoon,0.32801543383093573,0.2943,0
0da2945c-43f5-42b3-a628-5aeff120f2f7,92f8f8f3-1a19-41b0-9888-9ad14e0b35ba,2025-04-09,736.3,grocery,0.266,UPI,0,2,0.246,tier3,0,3,evening,0.14720873128711998,0.0207,0
cd107a4a-1f48-4319-8fa4-2b57e4cd83a2,2286f067-3fb8-4d9d-8502-469f39a46441,2025-03-07,8598.04,electronics,0.444,UPI,0,2,0.302,tier2,0,3,afternoon,0.2798863894924076,0.0072,0
2230dc72-17f1-41a6-8c2d-0e801b846d44,7a4e9ee7-df87-4f79-9ec7-3f4c1f489075,2025-01-12,1411.14,home,0.226,COD,0,3,0.408,metro,0,5,afternoon,0.23069756686430742,0.1313,0
76f3e370-fe7c-4859-adaa-8b3390d186b4,0cba70d8-7b76-4a59-90e8-413b36d73797,2025-07-27,645.92,home,0.194,COD,0,2,0.277,tier2,0,2,evening,0.21055725528180214,0.2196,1
61b4e1be-f80a-457f-b60b-2a429241c5ab,f04ea3ca-68ee-4efe-a612-fe50610fd2dd,2025-03-16,2056.99,home,0.128,netbanking,0,2,0.118,metro,0,4,morning,0.2242312963277271,0.0383,0
80ab1b34-bd6f-4d27-80f7-b3b5bbcaa5ed,ef2bc7c9-4e5e-4bbd-bcd6-426302deb030,2025-06-01,1553.02,beauty,0.533,card,1,0,,tier3,0,3,evening,0.11140768335427466,0.2478,0
b5144b91-065f-410b-a93b-3286484220d1,7ec9d46b-0141-4835-accd-a9841843ca7e,2025-09-01,250.0,fashion,0.221,UPI,0,2,0.152,metro,1,4,morning,0.07319325355511432,0.2841,0
e2ee188e-167d-4ceb-8136-812f1677bad3,a20df474-d4a0-4bf5-aa94-0fa372496968,2025-10-12,1128.05,beauty,0.303,card,1,0,,metro,0,3,night,0.28099909876364537,0.1426,0
5bae8711-2ccb-46ad-9972-18511421e035,7226a281-8501-4f86-91cc-afa9ca3514d0,2025-09-13,946.79,electronics,0.291,COD,1,0,,tier2,0,2,night,0.519733870835829,0.4828,0
c5347b31-ba2c-40b8-8027-aaa1d643f513,2e46de50-f2d0-4553-ad5f-5feee0d8f2f6,2025-07-04,2088.47,home,0.344,COD,0,1,0.18,metro,0,4,night,0.1410237131485087,0.1213,0
776ea92e-a09d-4f4f-b5f1-fed539017d9e,1b07e0e4-483c-461f-a950-6cf31ced0959,2025-09-17,1281.57,beauty,0.271,UPI,1,0,,metro,0,5,evening,0.19264547693073103,0.1011,0
97d4b70e-e844-4449-bfbb-a2c08c47c460,f56ad4f3-b71a-44ec-80ba-95707d2ea8e8,2025-09-30,751.02,home,0.356,netbanking,0,2,0.134,metro,0,3,afternoon,0.0851383244395845,0.0661,1
5b136f9c-47b9-4e55-a9f1-1938847300e4,28660f34-5a61-4e07-8f8c-96c4fb8d6d70,2025-01-09,1411.12,fashion,0.411,COD,0,1,0.035,tier2,1,4,evening,0.052918216172000036,0.4596,1
f95f703c-8f46-4302-8b77-51ef39086bbc,60380c0a-3b79-449f-9563-1759bfe93615,2025-05-12,250.0,grocery,0.038,COD,1,0,,tier2,0,3,morning,0.406655373188852,0.381,1
090c97e7-23f4-40a6-bdcc-76161e1562d5,e75b5a37-ac60-4066-a040-3617f0d903ea,2025-04-26,5735.9,electronics,0.167,COD,0,4,0.272,metro,0,3,night,0.24645297721478737,0.0764,1
978bb365-c477-4732-b15a-0d2cb40c345a,c35917e3-aa41-4cb2-9a55-27d4893431b1,2025-01-16,906.95,beauty,0.349,UPI,1,0,,tier2,0,1,morning,0.4237639813012678,0.2753,0
eed6b833-985b-4659-8d40-5c53ffd115fa,584f334e-48dd-4f27-a4f0-094f67166b6e,2025-09-08,12698.73,beauty,0.139,COD,0,1,0.458,tier3,0,5,evening,0.3900564499123696,0.0715,0
2f65d548-0f9a-43c5-9069-a31ffb4cb6df,2286f067-3fb8-4d9d-8502-469f39a46441,2025-05-09,744.47,fashion,0.339,COD,0,3,0.171,metro,1,5,morning,0.2798863894924076,0.3681,0
a1887295-422f-4f8a-9ee5-fa676b47506d,5a71659c-1263-4448-8731-60f1df983197,2025-03-21,742.19,electronics,0.418,card,0,4,0.36,tier2,0,4,night,0.4468118022423648,0.0849,0
809af024-47d5-4bcb-8d43-ee1ec907a043,7f51804d-0307-4367-8d0c-719db1094ae8,2025-10-08,6476.82,home,0.14,UPI,1,0,,tier2,0,1,morning,0.21082490652703922,0.0488,0
7f10d989-ea33-431d-a546-0d7459ca3624,4e40c152-4279-4fbe-8a2f-a127f5613ef3,2025-09-25,250.0,fashion,0.05,card,0,1,0.019,metro,0,4,morning,0.08097222048102413,0.065,0
6ff1b5aa-1487-4e41-81b8-5e46405ecbf9,835b4038-88dc-4965-b6b8-921d3b0ad19c,2025-09-27,754.65,home,0.412,COD,0,3,0.237,metro,0,1,afternoon,0.18168234468688693,0.0947,1
cecdda52-4449-4d22-923c-319068ca759a,5c3a491b-f023-457b-9da7-95a4eedebd89,2025-04-06,2266.49,fashion,0.035,COD,0,1,0.071,tier3,1,6,afternoon,0.12936071938754626,0.1789,0
6870b144-15ef-48ae-8216-8466b02fe84f,02a5f6e6-ed13-4112-bdc9-2c7b67f3867c,2025-03-09,1600.72,electronics,0.223,card,1,0,,tier3,0,5,afternoon,0.19943866470802457,0.0886,0
d7e061de-195d-4c1a-93b3-e572a61791b1,4098d612-8245-4c3b-a1f0-2fc74fb77ef2,2025-03-15,251.53,home,0.435,UPI,1,0,,tier2,0,5,evening,0.28679047154820847,0.1584,1
b3b1d595-5519-4cc0-a3e3-0bb5b57f6a1d,f412ba22-7f13-42d1-ad7f-b3b49648fd7a,2025-07-23,250.0,beauty,0.22,UPI,1,0,,tier3,0,2,night,0.15409376748987197,0.2633,0
bf954e12-b9f8-448f-b9b5-a608a88ff893,3b68140d-c04c-4ece-87a7-1b051083612b,2025-07-21,721.33,fashion,0.477,COD,0,1,0.31,metro,1,2,afternoon,0.3098477304837669,0.4749,0
466a6a9a-2a08-41e8-9164-f4acdd036260,af2adf9c-435e-4fe7-a1a9-ef7535a438fc,2025-03-09,562.13,electronics,0.421,UPI,1,0,,tier3,0,2,afternoon,0.46524312849146254,0.2854,1
8d7956c4-5cb4-43be-8b3a-0e98b2350abc,0b6f3e2b-84fe-456b-ad93-ffcb76fb728f,2025-02-08,4833.13,grocery,0.416,UPI,0,3,0.076,metro,0,3,morning,0.19762424986659227,0.0106,0
849c10ea-92f9-425f-8cf6-7ca4dfd37203,830587ef-e382-4480-9a46-f2fb1f6d1a0b,2025-06-20,1013.9,electronics,0.187,COD,0,1,0.402,metro,0,2,afternoon,0.29038571770418864,0.3782,0
f656908c-3fa9-4b6e-847c-7a4d8600966c,912383ff-d344-436a-862e-61ab640188b1,2025-01-22,4002.11,home,0.246,UPI,1,0,,metro,0,3,evening,0.668440832463893,0.0973,0
fd652907-83f6-4a8e-88f1-898753370c4d,5f406040-6dfb-4ae2-9890-7f640e616156,2025-04-16,1804.47,fashion,0.412,COD,0,1,0.11,metro,1,3,evening,0.2831068452109286,0.4807,1
38304284-ff54-48d5-9506-4a16391ce488,387e3c02-124e-491f-b2e5-61469a52d190,2025-04-06,1752.57,fashion,0.421,UPI,1,0,,tier2,0,2,afternoon,0.11300670394722269,0.2177,0
0d06f7fd-265c-412b-8135-115fa58934af,4e40c152-4279-4fbe-8a2f-a127f5613ef3,2025-03-19,906.65,fashion,0.427,COD,0,2,0.036,metro,1,4,evening,0.08097222048102413,0.3531,0
ca2b9613-9ec7-4271-b4ae-d908321d263c,38543a37-c3ff-4947-a0be-4c688daad6b3,2025-03-18,5640.93,electronics,0.651,UPI,0,1,0.388,tier2,0,1,evening,0.3007027884503935,0.0881,0
44d901f8-40ad-4c35-acc7-5da38b610faf,d36a7387-21ab-43e5-bcb9-dcddf807849d,2025-05-05,1129.12,fashion,0.279,UPI,1,0,,metro,1,3,evening,0.30018529874356914,0.3873,0
06d5231f-2f3c-4ffb-bbbd-8d619d96f205,dea29f8e-ac26-475e-a225-300fac669ed0,2025-01-25,1492.66,electronics,0.396,card,0,5,0.33,tier3,0,4,afternoon,0.2211439005048725,0.13,0
78aeee68-e0c1-4476-bdce-ae014405b2fe,4c2d0fbf-fe06-450e-8a17-136766d2e685,2025-01-26,429.8,fashion,0.553,UPI,0,1,0.145,tier2,1,4,evening,0.23081817084314912,0.4699,0
4315f7d9-5580-482b-a6f8-9572d97a2369,4098d612-8245-4c3b-a1f0-2fc74fb77ef2,2025-07-30,2458.96,fashion,0.104,card,0,1,0.153,metro,1,4,night,0.28679047154820847,0.3166,1
16148e12-8c5d-41bf-9d5e-ea44e751151b,f5e71a51-4365-4fb7-89f5-44a8adc98673,2025-07-25,1067.35,grocery,0.379,COD,1,0,,tier2,0,5,evening,0.2301005659589465,0.3161,0
8c5d9d58-d138-44ee-aad2-e1c72d8e44ce,a6d7cc39-c408-4a35-a826-06da3efd2983,2025-09-12,10526.44,home,0.184,UPI,1,0,,tier2,0,4,evening,0.3734683492632352,0.0438,0
efe75856-1b0f-44f1-8528-62ffffa8c7b9,06a55a66-90e1-4cb6-a2be-f26bb9c97d79,2025-03-22,250.0,beauty,0.058,card,0,1,0.124,tier3,0,4,afternoon,0.12972182350309738,0.0564,1
bdc02e32-14fa-4a0d-95d3-75c29049b039,9ee005c0-f8a6-4c23-9732-63abf3e6c333,2025-08-08,481.57,grocery,0.133,COD,1,0,,tier2,0,1,evening,0.3983115828087851,0.1308,0
3221c057-babc-4bda-b02b-436ce63cbd59,5192ac9a-c7a8-48db-bb73-9ce757c9e6ea,2025-07-01,1262.82,home,0.185,COD,1,0,,metro,0,2,evening,0.10300308681977859,0.2329,0
cb2e333b-dcc9-407b-8a8e-761cc65f2bd8,d9358869-66e4-4ee6-bb2e-f9062117fa78,2025-03-29,250.0,electronics,0.348,COD,0,1,0.298,tier3,0,2,evening,0.2042925306906814,0.2581,0
1d490f89-e1be-4264-9023-b665065036b5,2302316f-5078-43eb-8c52-2fc10011451b,2025-02-21,488.31,electronics,0.203,card,1,0,,metro,0,3,afternoon,0.26860084009967505,0.1958,1
a7acb64c-818f-4469-b6fe-353e86d79493,4157d801-6126-4af9-bcde-964ef06750df,2025-01-11,2318.57,home,0.014,UPI,1,0,,tier2,0,3,evening,0.3747717369370184,0.124,0
26bec6f2-65ec-4dfb-8d41-fefa40ac5948,486a908c-5502-4cc0-9b75-37b03e21f6b3,2025-06-07,2820.31,fashion,0.147,netbanking,1,0,,metro,1,7,evening,0.20531948812490197,0.2958,1
b4053774-19b7-4948-b42c-56598f89843c,b86ee3a9-928c-4ec5-8783-0beb41950f27,2025-01-22,11177.0,fashion,0.431,UPI,0,2,0.0,tier3,1,8,morning,0.05573145024510638,0.0447,0
aca519e9-067a-4760-932f-7db6ae10152c,171da275-1177-47e0-8508-b0c0b9a18def,2025-05-13,505.65,home,0.318,UPI,0,1,0.299,metro,0,5,afternoon,0.2333357897188074,0.0505,0
a271280b-85cd-4793-9396-52dee1ef7e47,d56f7193-f59e-423c-9468-0a8efe5cd8c9,2025-01-16,889.61,home,0.09,card,1,0,,metro,0,1,evening,0.394675253137179,0.1319,0
cbd8e432-c934-44ad-bd83-12144090c373,5a71659c-1263-4448-8731-60f1df983197,2025-01-02,2313.48,home,0.288,UPI,0,5,0.307,metro,0,1,evening,0.4468118022423648,0.0882,0
49c58081-ae9f-4a16-8d82-d8eb5b06c094,cba0fbf1-c8e0-4aa6-8a6b-48f3baba929d,2025-03-09,9715.69,electronics,0.23,UPI,0,2,0.271,tier2,0,2,night,0.3706024922013499,0.0291,0
c0380895-3209-4116-a363-6d5476f48000,423107d7-155f-4bae-92aa-4c3cfbee5d71,2025-08-26,250.0,fashion,0.109,card,0,2,0.282,tier2,1,3,afternoon,0.3108899842101137,0.3281,1
6460ca37-c70d-49bc-9357-2d272c920044,9d1d8bca-9218-4856-8619-cfee194da74f,2025-04-19,646.11,beauty,0.323,COD,0,2,0.296,metro,1,5,evening,0.24874291058771908,0.2541,0
1420d547-dbec-4fdf-bdda-faf0b8028aff,e6d6ae67-c6d0-4b03-a3d2-c00767e82e6d,2025-10-13,280.98,fashion,0.107,UPI,1,0,,metro,0,2,evening,0.1683531119228636,0.1392,0
fe1aa810-cf59-4140-b27e-2390f22df776,95812633-1bca-4485-8e82-3cf1daf05ab6,2025-10-24,6690.78,fashion,0.428,COD,1,0,,tier2,1,3,morning,0.16802115856295066,0.6727,1
9f19c125-a845-4a51-a983-26ec04a0f338,b7df5304-94d1-44a2-9245-f0fb6a43ac43,2025-08-04,711.81,beauty,0.421,UPI,1,0,,tier2,0,2,morning,0.34580639956730186,0.4035,1
78fd23d4-b814-4e19-a193-20140bfdb949,4cd14e7d-39b8-4f81-a0df-c5d6d5a1e463,2025-10-07,965.45,home,0.464,UPI,1,0,,tier2,0,3,evening,0.152939181594962,0.2179,0
b6f15126-5b73-4d02-9429-67cdc966467f,b0694581-e5bf-4757-913a-46834d324ff0,2025-06-17,2444.03,electronics,0.272,card,0,4,0.182,metro,0,1,afternoon,0.2365731909103324,0.0889,0
4914a937-50e0-48ff-bda9-44fda06d0b29,17b4ac80-5793-4301-bfa9-f9aefc25fff1,2025-01-31,250.0,fashion,0.737,card,1,0,,tier2,1,1,afternoon,0.12601617248198352,0.786,1
34663faa-8b35-4321-9e54-1c97db7b6752,48b73317-327f-4f67-934a-b6dd2d521db4,2025-01-27,1039.43,electronics,0.098,COD,1,0,,tier3,0,7,evening,0.24989906497225137,0.453,1
ba1684b8-fbf4-4090-8c17-285390b525e1,99147503-441a-4858-9bd7-29926eb2f3c3,2025-08-17,1776.79,fashion,0.258,UPI,1,0,,tier3,1,7,morning,0.3870026797871902,0.589,1
4fcde397-5a71-401c-b78e-c200440228bf,a08246dd-24d9-48bb-b9d1-2b3dd9ac343f,2025-09-14,4120.62,grocery,0.297,card,0,1,0.27,tier2,0,2,afternoon,0.19434600150643108,0.008,0
3ab7fb83-e667-4e90-8a4b-c176a7f6fc78,f2811512-6d74-428f-81ae-77df22796b31,2025-05-24,250.0,electronics,0.396,UPI,0,5,0.259,metro,0,3,evening,0.2916477929418046,0.0405,0
417c2401-7e40-4f91-9c98-23d7612a3221,8c24e923-2dbf-4f43-b0b2-6e851d21fa34,2025-06-03,314.85,beauty,0.431,card,0,5,0.076,tier2,1,7,night,0.10820090543681238,0.2247,1
b823747c-d29c-4dad-a366-f2d77d11429d,06685c5f-2341-4003-97cd-809136d21d44,2025-08-21,694.54,beauty,0.092,card,0,1,0.379,tier3,0,5,evening,0.391147140695262,0.2415,0
b84a9a98-13e4-498c-96cd-e8ad0ace12b0,1adfba2a-67be-4047-b8d7-6fa58294836e,2025-09-08,781.0,beauty,0.342,card,0,2,0.52,tier2,0,1,morning,0.34129841122598414,0.2843,0
b37805a8-6d3b-46ca-96f2-70d8cc27abf7,9d1d8bca-9218-4856-8619-cfee194da74f,2025-05-25,1220.15,fashion,0.323,COD,0,3,0.358,metro,1,4,morning,0.24874291058771908,0.378,1
5b01f37f-2813-49c8-ad48-806bb15c5e49,6d166871-97f4-4b3f-908e-05be679376d9,2025-02-16,250.0,beauty,0.308,COD,1,0,,metro,0,1,evening,0.158432901455159,0.5599,0
a0b3a541-1c91-4ea9-b495-85137981b4de,06685c5f-2341-4003-97cd-809136d21d44,2025-09-08,4391.65,electronics,0.49,COD,0,2,0.311,tier2,0,3,evening,0.391147140695262,0.1017,0
da87931e-9be1-4998-8d66-16542f891947,31b3bbb8-aa06-40bb-a71f-aa588c7ead90,2025-09-15,1596.83,fashion,0.296,card,0,1,0.298,metro,1,2,night,0.23076225353726293,0.0502,0
384ed29c-376e-46fe-afec-47a61eac0894,4aa94a46-4510-4080-b9b0-34eb1ca77cd6,2025-01-10,2428.2,fashion,0.249,UPI,1,0,,tier2,1,5,night,0.11496764830095485,0.6363,0
a7769b8e-a5d8-4023-ba7a-05b0131eb447,a111ab22-4c88-4d83-b499-448d82133ae3,2025-07-01,2142.36,beauty,0.259,COD,0,1,0.308,tier3,0,3,afternoon,0.2568909066288726,0.0811,0
1990faad-758c-47be-affe-b686c99c1398,8c24e923-2dbf-4f43-b0b2-6e851d21fa34,2025-04-25,6471.23,beauty,0.178,card,0,6,0.035,metro,0,1,night,0.10820090543681238,0.004,0
888047d5-c26c-4f8e-b4f8-62b14b7db530,28ec42d4-b23f-4146-a22d-131afdd06fec,2025-04-20,431.94,fashion,0.256,netbanking,0,2,0.373,metro,1,2,afternoon,0.3958288561774479,0.2815,0
8513aa2f-7e82-42d9-855a-a63bea49ddb7,5a48b72f-7311-4233-8e19-238ff40a366f,2025-10-17,6039.61,electronics,0.172,COD,1,0,,tier2,0,4,afternoon,0.10212483545629032,0.1216,0
12de5c9a-feb3-4d5e-96a7-7d01dd12b0a0,60ab47fa-fe76-4aa1-9125-a3006288e298,2025-03-04,1121.12,electronics,0.253,netbanking,0,5,0.255,tier3,0,5,morning,0.2897378778415542,0.0839,0
cf344da2-5627-46fc-8aa2-b925e475f818,a202a749-e45e-4d7b-b9e4-97714e27bcb1,2025-10-19,983.93,fashion,0.031,COD,1,0,,tier2,1,2,evening,0.1838032082155034,0.8137,1
d070c355-7874-458f-b76f-1a5c6239b2d7,1c3bd688-9adf-4f99-a3fe-1e21e9441cc3,2025-03-01,3908.83,fashion,0.278,netbanking,1,0,,tier2,1,5,afternoon,0.20995383460968203,0.4651,1
a04c2076-2940-462e-b9fc-111b0d11172d,059cd0cd-c524-403d-90a7-aa5e9d51749d,2025-09-14,821.74,fashion,0.466,card,0,4,0.388,metro,1,1,evening,0.2033814634391261,0.3749,1
2e823624-406c-4215-9234-714dcad52a40,0edb06ff-17ea-47bd-a289-1cb1cd5d35c3,2025-07-23,5464.93,beauty,0.281,UPI,1,0,,tier2,0,2,evening,0.3692350826198513,0.0762,0
ffc991bb-aaab-404e-83d6-e7aad83de094,5a71659c-1263-4448-8731-60f1df983197,2025-04-19,250.0,home,0.475,card,0,6,0.476,tier3,0,4,evening,0.4468118022423648,0.1539,0
b631f7bb-87bf-4490-8a20-cca46c746b28,00258287-8a04-42ba-9650-7b0d59933005,2025-08-13,285.25,fashion,0.147,COD,1,0,,tier3,0,6,evening,0.08621449582989908,0.6843,0
58e9dcc9-40b4-4177-bd80-f22380aab5ee,87c90f8c-18d5-41bd-a017-72dc3f5b1ad3,2025-01-25,496.73,beauty,0.255,netbanking,0,1,0.324,tier3,0,6,afternoon,0.32765833124561905,0.1354,0
1ef4fcf9-2b4b-4a60-81b1-8ceb28738efb,8aacb87e-d502-418c-be9e-6fd6631bbf4f,2025-09-12,299.58,fashion,0.209,COD,1,0,,tier3,1,4,morning,0.1725244850189034,0.8114,0
62fc110e-6919-4014-a5b4-4104fe269f6c,ded4396a-49de-44e3-a773-49b635f42e59,2025-07-06,506.52,fashion,0.542,COD,1,0,,tier3,1,6,morning,0.5527709467025828,0.8976,1
c7fb27cd-fa84-4578-8a21-8071a2d9dff4,75d01b16-6ada-4bc9-b0e7-fcd9549b8b09,2025-04-28,941.11,electronics,0.374,UPI,1,0,,tier3,0,4,afternoon,0.278455179805805,0.17,0
feffcf27-e69d-41aa-a068-3ef347196a52,2286f067-3fb8-4d9d-8502-469f39a46441,2025-01-17,741.37,beauty,0.247,COD,0,4,0.424,tier2,0,2,afternoon,0.2798863894924076,0.4339,0
fc0d6102-e1d7-4a3f-a778-c39b305c15d5,5f406040-6dfb-4ae2-9890-7f640e616156,2025-05-02,250.0,fashion,0.039,UPI,0,2,0.304,tier2,1,5,afternoon,0.2831068452109286,0.1765,0
b571b038-6d29-4282-bf3c-24d07a848bbe,809440e5-dc7b-48de-8000-53ac94935dec,2025-05-24,2585.21,fashion,0.33,COD,0,2,0.211,metro,1,2,evening,0.17298841463602524,0.2112,1
afd8b1e4-4417-41aa-9ff8-efe5dc3bd8c4,059cd0cd-c524-403d-90a7-aa5e9d51749d,2025-10-27,646.11,fashion,0.736,UPI,0,5,0.115,metro,1,4,afternoon,0.2033814634391261,0.515,1
fb8fea5e-4b5d-4964-a2c8-fafd77379d65,2b77e152-ac97-4061-9e6a-5abdc78bc29a,2025-09-28,697.87,electronics,0.744,UPI,1,0,,tier2,0,2,afternoon,0.29832839962512075,0.2787,0
b69d3558-35b4-4b0d-a4b9-528a4b76dbd1,99e318ff-1a69-4f68-addf-975990bd0414,2025-07-20,8196.27,grocery,0.084,UPI,0,3,0.398,tier3,0,6,afternoon,0.2434169799043869,0.0142,0
29959b0e-f6ff-4171-b140-a9d318e231f0,c35917e3-aa41-4cb2-9a55-27d4893431b1,2025-06-10,923.63,grocery,0.318,UPI,0,1,0.465,metro,0,2,morning,0.4237639813012678,0.0396,0
7a02c1c8-e8b4-4b3b-abb6-898c06ff4594,22e9226e-161d-4c64-a061-7452d7b9e2b6,2025-07-14,3084.61,beauty,0.109,UPI,1,0,,tier2,0,2,morning,0.18270874579895838,0.0865,0
0fbaa7b8-80bc-4c41-9364-9f2937c113c8,bcc99e15-d7f5-4fc0-8cbf-4b5918b86cb6,2025-04-08,20000.0,electronics,0.386,card,1,0,,metro,0,1,evening,0.511775030466044,0.0462,0
bd4707bd-a95a-476a-9785-a0d527d5bd38,8f7406c2-6849-4d3e-92b7-6e3b17489d67,2025-09-15,1426.9,grocery,0.341,UPI,1,0,,metro,0,3,evening,0.3269451502115473,0.0338,0
2a40cd6b-3a59-4982-97a4-264f2ba43f29,8714fcd0-23dc-4c36-b38e-ddb6e137e038,2025-04-11,277.81,grocery,0.172,UPI,1,0,,metro,0,7,evening,0.3176453119835616,0.1001,1
f15d0d3d-0c97-4694-8098-1e07e01cde4d,c3f1cc06-68c1-442a-b18b-6338217bcf62,2025-03-18,549.19,home,0.245,UPI,0,3,0.0,tier3,0,4,morning,0.1091421274751211,0.074,0
f7731733-d69b-4f43-81a1-b318d2abdff8,413744d3-be2d-4444-8321-84e3d4f2a883,2025-05-03,250.0,beauty,0.165,COD,1,0,,tier3,0,6,afternoon,0.17611303556440555,0.6437,1
e98938c2-e998-4f24-a831-b0ef07a844dc,0a38d757-2fc6-4f05-91b9-51a9ac6ebb75,2025-09-29,2450.12,beauty,0.34,COD,1,0,,tier3,0,3,evening,0.391495687627119,0.4225,1
35019f9e-4bd0-4230-b38c-a424a4160b9d,056e3d76-8183-4716-9184-151a4135f404,2025-02-12,1065.38,grocery,0.374,COD,1,0,,metro,0,4,evening,0.25703386186733934,0.3423,1
6b0346c3-7980-4fc8-ac60-af77d2c065ce,938245c2-8647-4454-aa1b-998878f08b78,2025-08-07,12684.32,fashion,0.643,COD,0,4,0.327,tier3,1,3,night,0.29048499029100583,0.2603,0
3209e64c-3813-4638-8cb3-31f43ef4a639,9d2096d1-96a7-40b1-b834-bd63f99029e7,2025-08-29,394.0,beauty,0.365,UPI,0,1,0.11,tier3,0,5,evening,0.15808045554802053,0.0879,0
1b83fd1c-f786-44bc-a2cf-899faf8cffb5,fddab96a-bc23-43d2-a1f4-76de3a7b7f5c,2025-06-30,1099.07,electronics,0.267,UPI,0,2,0.0,tier2,0,2,night,0.08979930230446,0.041,0
0f1efeca-c040-464e-91ad-27422a13cdfa,30888fd2-16bc-4533-a06f-0e0d4ed50f9d,2025-10-27,260.98,home,0.44,netbanking,0,3,0.169,metro,0,2,evening,0.22452854262691951,0.1025,0
cfc6b0a7-2e8e-4330-85be-8af277a1406e,8c24e923-2dbf-4f43-b0b2-6e851d21fa34,2025-04-05,3358.65,home,0.156,UPI,0,7,0.052,tier3,0,6,morning,0.10820090543681238,0.0989,0
c7c5fe69-7a65-47b1-9ec6-f34b1d83a589,26a2a8f1-fd8f-4235-a9c7-77f65704c530,2025-02-19,1333.21,fashion,0.112,card,0,4,0.354,tier2,1,4,evening,0.24597285000833133,0.1038,0
986ec5b1-d228-445b-b110-39796a29e01a,5c3a491b-f023-457b-9da7-95a4eedebd89,2025-09-29,606.31,fashion,0.374,UPI,0,2,0.085,tier3,1,4,evening,0.12936071938754626,0.3885,1
3c8e1e05-ef3f-4892-a595-cca9b9c5229d,def0c023-330e-4030-a7ed-9fe647574285,2025-02-03,797.09,fashion,0.162,COD,1,0,,metro,1,5,morning,0.4286541617216226,0.7577,1
3b86004a-86ac-430f-956f-c6276a376cdd,dea29f8e-ac26-475e-a225-300fac669ed0,2025-10-22,4937.15,fashion,0.75,COD,0,6,0.323,tier2,1,1,evening,0.2211439005048725,0.6716,1
a7c3237f-f2c9-4294-b434-d8821b71b4e7,6bfa235b-d4d0-446f-85d2-e8dc00a3d98f,2025-09-14,1662.11,home,0.147,UPI,0,2,0.737,tier2,0,1,evening,0.6039320915435429,0.1164,1
6123ea12-7e1a-45a2-9443-58e9b736f9cf,17b4ac80-5793-4301-bfa9-f9aefc25fff1,2025-06-27,489.41,beauty,0.05,UPI,0,1,0.057,metro,0,1,morning,0.12601617248198352,0.0323,0
da8ee58a-4f6f-46c1-a412-85f8bd220806,9e5d4987-8d7d-4c47-8cdd-0d477afd0d41,2025-02-26,1292.47,home,0.303,UPI,0,1,0.066,metro,0,5,afternoon,0.09221080951028436,0.0641,0
6fbb4c79-10f9-4f84-9174-c55d57ac81cb,c35917e3-aa41-4cb2-9a55-27d4893431b1,2025-04-22,5289.39,fashion,0.477,UPI,0,2,0.398,tier3,1,4,afternoon,0.4237639813012678,0.3035,0
3b736952-683d-4ac5-a9a3-c681b2f57440,16ddae25-3f28-41d0-8a77-c8c87723adfa,2025-01-17,1728.59,grocery,0.136,COD,0,2,0.192,tier3,0,5,afternoon,0.30707185083804733,0.0335,0
fb9fc6ec-b64e-4679-a4df-3ebb7e07eef0,0fba06d8-d561-4e1e-8221-f56fd92a018c,2025-04-15,831.02,home,0.219,UPI,0,3,0.56,tier2,0,3,afternoon,0.41585134920398,0.1809,1
2b728870-2e1b-4da4-9e1b-bd477d9347a5,4c2d0fbf-fe06-450e-8a17-136766d2e685,2025-05-26,5363.35,grocery,0.215,card,0,2,0.261,tier2,0,1,evening,0.23081817084314912,0.0106,0
49828b06-314a-4ae8-a234-b448233ecbfe,c35917e3-aa41-4cb2-9a55-27d4893431b1,2025-10-21,2623.84,fashion,0.289,UPI,0,3,0.417,tier3,1,6,evening,0.4237639813012678,0.2753,0
0485e6e9-741e-4d9f-bc02-a789f6b7fb97,b409e3d7-b9a4-422f-952f-eaf1d5521144,2025-10-10,1306.84,beauty,0.442,card,0,3,0.305,tier2,0,3,night,0.3974441051585353,0.2271,0
8a8643a9-bb83-455f-a5d9-40aef1640149,265ca8d0-3df8-4d6f-9712-d08685f17132,2025-04-11,1668.29,electronics,0.219,card,0,4,0.273,metro,0,2,evening,0.1913603605753747,0.0446,0
16b2b7fc-d1f0-44a9-8b0b-d847d879548c,056e3d76-8183-4716-9184-151a4135f404,2025-03-01,1329.88,electronics,0.199,card,0,1,0.183,metro,0,2,morning,0.25703386186733934,0.0344,0
2d743ea7-6214-4e8e-b733-431cd66869b7,ce8ac74b-c6d0-4367-a531-d43bfe5b2bf6,2025-08-30,10581.55,beauty,0.304,COD,1,0,,tier2,0,4,afternoon,0.32830159764792616,0.1373,0
6c6892f0-6d32-421f-9f7c-fa685fbf84af,4e40c152-4279-4fbe-8a2f-a127f5613ef3,2025-02-18,560.78,home,0.261,COD,0,3,0.126,tier3,0,6,night,0.08097222048102413,0.2289,0
3590c6e9-3762-48f2-b3ab-a52044c52d0d,236d11d7-cc84-47c1-9d4b-15dd6891dcbc,2025-02-03,4606.16,home,0.281,UPI,0,6,0.321,metro,0,2,afternoon,0.22121655786542901,0.0416,0
f985a881-2b73-45ed-b70b-d7595e175ba4,16ddae25-3f28-41d0-8a77-c8c87723adfa,2025-10-13,5451.87,beauty,0.419,COD,0,3,0.213,tier2,0,2,afternoon,0.30707185083804733,0.3527,0
7e902a4e-f481-43d8-a28b-acbf2712243f,adb45e54-c9f3-4b21-b54b-39616818eb97,2025-03-16,3103.67,home,0.103,UPI,1,0,,metro,0,1,evening,0.4600954461872477,0.0309,0
5d8396bd-612e-41e7-a881-73890385612d,5838baf1-7a04-4a52-9d9d-c2ef48187e91,2025-03-22,1233.0,electronics,0.282,netbanking,1,0,,tier2,0,4,evening,0.5633005631276558,0.4443,0
2b2f23a3-98f5-4f43-8156-c3de3adba480,c967d130-c116-4a5c-8589-391097b66b37,2025-07-30,606.64,grocery,0.163,netbanking,0,3,0.002,metro,0,1,afternoon,0.04915448350944119,0.0614,0
1031e5cc-03e4-4d58-aeec-50bfb8a16d79,d90de035-a483-44b1-b67a-67761313e2c8,2025-07-02,250.0,fashion,0.225,netbanking,1,0,,tier2,0,2,night,0.21143427414909952,0.2349,0
b263c42d-63ec-4981-8a26-88d86dd31144,1ec19d12-c4c9-4320-a035-98e17c951577,2025-07-27,2160.84,fashion,0.375,UPI,0,2,0.252,metro,1,1,afternoon,0.18576378008237582,0.2177,0
30f2f74e-3a53-4f1c-bff1-df9e46c77839,5e758f8f-c2ad-4e0c-b4fc-026916c24854,2025-10-05,1506.09,beauty,0.282,card,0,5,0.033,metro,0,6,evening,0.048627470043128354,0.0757,0
0510d510-93e2-404e-ab41-dd38de78d282,cd508d92-15fe-4a35-9c1b-37a278d36ea4,2025-09-08,1294.42,electronics,0.197,card,0,5,0.131,metro,0,5,evening,0.2771725532528444,0.0659,0
04b14519-ceed-4940-8425-96168965e65a,2bf1c610-a75b-412d-b0ce-9dc111d20e3c,2025-07-28,250.0,fashion,0.236,UPI,0,1,0.353,metro,1,3,evening,0.27780100478810504,0.2509,0
cbfea5a9-c1f7-41aa-aa7c-245b606c7eec,092dea67-00b9-4796-9eca-80e49d11c18c,2025-08-18,1163.78,electronics,0.518,COD,1,0,,metro,0,3,afternoon,0.16694172135754215,0.4095,0
818357b3-e544-4c1e-ade1-c3db36228b65,cd508d92-15fe-4a35-9c1b-37a278d36ea4,2025-10-17,1046.62,home,0.343,UPI,0,6,0.321,metro,0,3,evening,0.2771725532528444,0.1499,0
5afe0b26-a77c-40de-b163-4dfd9b956a34,ac8ee436-067a-4aac-8496-8e40cfb19bfd,2025-04-11,635.95,fashion,0.166,netbanking,0,3,0.374,metro,1,4,morning,0.2595265118239566,0.0756,0
5337e6e0-f190-47c3-ac56-b23d0f4a9b03,93e4f60d-9a3b-4673-814d-a1c4b7fe7865,2025-04-10,492.51,grocery,0.449,COD,1,0,,tier3,0,5,afternoon,0.46001324343588723,0.3172,1
bbfa147d-843d-4eb4-947c-990bdaf38fa1,bc085a64-9ee4-4a4a-ba18-bf9b6c5b5a59,2025-04-19,762.51,fashion,0.277,UPI,0,1,0.168,tier2,1,3,afternoon,0.20401397040683977,0.2463,0
643ea614-f2c4-4b72-a61e-f1af24198da0,aeb809c7-7345-49c5-915c-5731c06a32e9,2025-04-02,250.0,fashion,0.175,UPI,1,0,,metro,1,3,night,0.412352927877719,0.3437,0
f942567a-ba70-4a0e-9faf-bae4d572c080,87c90f8c-18d5-41bd-a017-72dc3f5b1ad3,2025-09-12,595.71,home,0.314,UPI,0,2,0.504,metro,0,5,evening,0.32765833124561905,0.0397,0
c1c27c80-1ea9-40ae-9771-a4fc180599a0,af9a11bb-3658-4e05-918c-ac3f7c175c59,2025-08-11,1137.66,fashion,0.33,netbanking,1,0,,tier3,1,6,night,0.10073875282927403,0.5654,0
8312c76b-4fbc-462f-a223-ce4d93b0dcd0,1adfba2a-67be-4047-b8d7-6fa58294836e,2025-02-15,14056.29,grocery,0.347,COD,0,3,0.303,metro,0,3,morning,0.34129841122598414,0.0108,0
5c2fe649-d7f9-4e7d-9988-50f4150cc0a9,8b84f422-bb78-4d5b-8e7c-ee05fa3b7db7,2025-02-18,399.86,beauty,0.016,UPI,1,0,,tier2,0,3,evening,0.130383422505818,0.1131,0
2f6a1fdb-e0a6-4118-bb50-09757d96271e,31b3bbb8-aa06-40bb-a71f-aa588c7ead90,2025-10-16,3825.11,grocery,0.504,UPI,0,2,0.214,metro,0,4,night,0.23076225353726293,0.0255,0
90718fc3-08b1-4c31-8b37-82978c1e978d,94ff867d-812f-4c7d-a9dc-a22007e79604,2025-04-03,2965.97,beauty,0.433,COD,1,0,,metro,0,3,afternoon,0.030140451518511184,0.1677,0
6a07a463-9707-4465-9835-305db87f1b3e,f585f611-cabf-4eee-9c1c-24b1689ac52f,2025-01-06,449.29,fashion,0.402,netbanking,1,0,,tier2,0,7,afternoon,0.24420543477340984,0.3701,1
019cd95c-2608-492b-95da-60c3dab4f643,573ef44a-b7bb-44cb-ae0d-923c3a996227,2025-08-21,3798.66,electronics,0.124,card,0,1,0.519,metro,0,3,night,0.419905690979168,0.0258,0
5449cb22-d39e-472b-97e6-72ce12119fcf,5206e474-5d4f-487d-aaaa-b87df2281dbf,2025-09-09,814.43,fashion,0.104,COD,1,0,,tier2,1,3,evening,0.1720539793002365,0.4364,1
ef98e187-7787-43aa-ab23-c66c9d02484a,a46a2b9d-9e01-4de2-ae6b-488580dd4d62,2025-07-01,2828.18,electronics,0.205,card,1,0,,tier3,0,4,evening,0.36242851871884985,0.1531,1
4b98143b-5ad6-493f-af7c-a98d8a8b7e8b,b86ee3a9-928c-4ec5-8783-0beb41950f27,2025-10-03,1247.7,beauty,0.442,card,0,3,0.0,tier3,1,5,morning,0.05573145024510638,0.0915,0
b16c9da1-2f95-4efd-8e36-49acf2bd747e,d56f7193-f59e-423c-9468-0a8efe5cd8c9,2025-07-25,2666.3,fashion,0.503,UPI,0,1,0.379,metro,1,3,evening,0.394675253137179,0.3459,0
97920fa9-d9c4-4677-bc1d-e9e4205e62bc,59265d36-e12e-4bfc-b8a8-29de0a16e8c5,2025-07-02,1833.55,fashion,0.311,UPI,0,2,0.214,tier2,1,6,afternoon,0.35941268307576457,0.4032,0
3d02b125-3ab7-4858-9f02-111b4a78cc03,5838baf1-7a04-4a52-9d9d-c2ef48187e91,2025-06-17,998.83,beauty,0.724,COD,0,1,0.602,tier2,0,5,night,0.5633005631276558,0.547,0
34f4e2f8-7358-4c53-8657-9478173e02b4,8901fbcb-9848-422e-a877-973f4a8d28f5,2025-08-10,2921.15,home,0.302,UPI,1,0,,metro,0,1,afternoon,0.23107398565158901,0.2043,0
553dc60d-25ad-4571-bd5b-aa4e63a07250,cba0fbf1-c8e0-4aa6-8a6b-48f3baba929d,2025-01-25,2000.92,fashion,0.031,UPI,0,3,0.286,tier3,1,4,afternoon,0.3706024922013499,0.4852,1
671c2dea-4346-4f86-a581-acea8ec33017,9d2096d1-96a7-40b1-b834-bd63f99029e7,2025-09-14,2947.38,home,0.717,card,0,2,0.227,metro,0,5,morning,0.15808045554802053,0.1305,1
2d0bcdf8-ff62-4ab8-8e04-732bde20e2cf,9fb6398e-0d03-4ef7-b82b-f7d4b5edc8a2,2025-08-16,494.72,fashion,0.319,UPI,1,0,,tier2,1,2,evening,0.2145242588320448,0.4222,0
c91b64a3-a040-4465-bf62-91d1cbf31d26,ace1ab49-d6e4-4784-9490-26eccef63611,2025-06-22,319.3,electronics,0.427,COD,0,1,0.175,metro,0,4,evening,0.1503348970823547,0.283,0
3563aa16-09b4-4919-aa40-96b130c57111,6296a5bf-1d0d-4787-913b-ade30d6d7648,2025-05-12,250.0,beauty,0.459,card,1,0,,tier2,0,1,afternoon,0.2810349509629501,0.112,0
fd23ebfd-af4c-4228-bdff-a5aa1dbc93f6,dea29f8e-ac26-475e-a225-300fac669ed0,2025-06-12,434.75,home,0.057,card,0,7,0.285,metro,0,3,morning,0.2211439005048725,0.1767,0
790b5fe6-af3f-4313-9580-dd80b49a5cbe,7a4e9ee7-df87-4f79-9ec7-3f4c1f489075,2025-02-09,496.2,home,0.309,COD,0,4,0.252,metro,0,2,morning,0.23069756686430742,0.2014,0
f8a335cd-3819-450d-9fc9-8084437a3e38,a8142173-3efa-4405-b59f-5011a57a3c1d,2025-10-25,428.25,electronics,0.244,COD,1,0,,tier3,0,3,afternoon,0.4872241996681976,0.4382,0
56e4e4a1-740a-4a31-a71d-a66b7f789828,cb981f0f-fd00-4428-90bc-c86edb6ad570,2025-02-07,4827.49,electronics,0.149,card,1,0,,tier2,0,3,afternoon,0.26371837835861184,0.0266,0
52473e44-b3b6-487b-9010-28b58ad95e0c,dcfb9946-a9ab-4782-b840-e6aa0ca016ed,2025-02-14,3302.0,fashion,0.296,COD,1,0,,metro,1,4,morning,0.5048241459567955,0.731,0
50b85885-ad28-46f9-a34e-f012cd06898c,f2811512-6d74-428f-81ae-77df22796b31,2025-10-19,381.85,home,0.613,UPI,0,6,0.267,tier3,0,4,morning,0.2916477929418046,0.19,0
74e3752e-4f9f-416e-a415-a3dca29afaf9,d9bc17ca-80dd-47e2-8dc5-79922a30764c,2025-08-26,2605.42,fashion,0.75,UPI,0,1,0.398,tier2,1,5,evening,0.34134778732339127,0.402,0
33f8abcc-0cb7-4c36-9eee-52711baafd72,550da023-005b-43b9-aa0d-1336177847cc,2025-03-08,2303.07,electronics,0.42,card,0,1,0.135,tier2,0,6,afternoon,0.09566624421358363,0.0473,0
42cbc02e-8650-4e19-89e2-6001803aca7a,c98a4cb4-7028-4dff-af37-84307e0c0e6f,2025-09-26,713.08,home,0.168,COD,0,1,0.304,metro,0,7,morning,0.16177634634701885,0.1275,0
d1efc642-3bcf-4e23-a24f-41965261e3a3,37917302-ee8a-4b62-a7bd-6ce861425fc2,2025-09-25,6197.22,fashion,0.47,card,1,0,,tier2,1,2,night,0.17989879744905538,0.2356,0
7adde733-6821-4773-a79f-39ced82fdad0,2bb85dc3-de8b-437b-aa19-641e451bf309,2025-06-17,295.07,fashion,0.044,netbanking,1,0,,metro,1,1,evening,0.21474519574388043,0.1456,0
b0dd7f35-954e-4dac-99e4-e7753f17ca05,6998bf5b-2957-4b20-9fbb-95e19c4d485a,2025-05-16,1648.49,electronics,0.391,UPI,0,1,0.232,tier2,0,7,evening,0.2923331864352393,0.0964,0
7f43435a-5a66-4819-afb4-6318d0b6b67d,99e318ff-1a69-4f68-addf-975990bd0414,2025-07-16,3750.17,home,0.541,COD,0,4,0.069,metro,0,2,evening,0.2434169799043869,0.3121,0
04657573-685a-412d-99a6-48b1305883da,ded4396a-49de-44e3-a773-49b635f42e59,2025-04-12,3666.4,fashion,0.54,UPI,0,1,0.62,tier2,1,2,evening,0.5527709467025828,0.4444,1
579a41bc-7934-4bae-b103-adff43f4a894,ba9504c7-b413-4ee9-861d-702ad1482abd,2025-08-23,2674.8,fashion,0.153,COD,0,1,0.197,metro,1,8,evening,0.21485681318313843,0.2652,0
f6f6d82e-92d0-4157-9a1f-ed54d5352144,96548d63-d341-4206-a268-42e6fde9bfb5,2025-08-10,878.95,beauty,0.345,COD,1,0,,metro,0,4,afternoon,0.20321741031586962,0.4622,0
939d13e8-d09c-4b44-af77-b2d0c1a3e68f,48b73317-327f-4f67-934a-b6dd2d521db4,2025-10-12,929.4,beauty,0.141,COD,0,1,0.293,metro,0,4,evening,0.24989906497225137,0.0417,0
9fa4dace-fc00-48ff-bc5f-ff32dd7a202a,d3db41bc-bf8f-46e0-94b1-984f27ff9af2,2025-08-10,304.62,home,0.118,UPI,0,1,0.413,metro,0,3,evening,0.33315409272597374,0.1722,0
5ec5e3e6-b0a9-46fc-98cd-d3fb503291d1,7d3a9b66-b1bb-44b5-8a13-b20768503009,2025-02-26,774.42,fashion,0.391,card,1,0,,tier3,1,5,afternoon,0.11388016972116154,0.4428,1
e375efcc-dfce-450a-ac6d-e26960c2d9c3,16761a20-3269-4f16-945e-f043559094ff,2025-05-24,6036.98,home,0.368,UPI,1,0,,metro,0,3,evening,0.021433052089598018,0.1029,0
87a69216-38ae-4628-b2c8-6e2958055ad3,c00a83d8-dac5-459e-8f70-d33bbdae048f,2025-02-11,938.96,fashion,0.188,card,1,0,,tier3,1,5,evening,0.520085507123615,0.4713,1
bb46965b-e936-4704-836f-e07f36a2f541,0fba06d8-d561-4e1e-8221-f56fd92a018c,2025-08-30,1741.18,fashion,0.228,UPI,0,4,0.467,metro,0,3,evening,0.41585134920398,0.1749,0
4f549798-170d-4520-955b-8a37c34b1059,0c9b2f44-db07-40fd-a5e8-321ab5ffef6f,2025-05-27,3477.63,grocery,0.121,COD,0,1,0.335,metro,0,2,evening,0.2560233812776348,0.167,0
1c84901f-1469-41a3-8548-6ff5d978ae5f,4e7e2663-eb2c-432d-96ec-3f130e2e0946,2025-06-20,1843.82,home,0.302,UPI,0,1,0.345,metro,0,2,morning,0.3858310964520147,0.0211,0
c1890d6a-c96e-4783-997a-ddbd27069f8e,c967d130-c116-4a5c-8589-391097b66b37,2025-06-29,806.9,fashion,0.177,UPI,0,4,0.031,tier2,1,1,night,0.04915448350944119,0.1756,0
80d3e337-ce65-4518-93ba-6ebb5d712151,ac8ee436-067a-4aac-8496-8e40cfb19bfd,2025-02-05,20000.0,fashion,0.347,UPI,0,4,0.2,tier3,1,2,afternoon,0.2595265118239566,0.0269,0
e16f13db-488f-4090-934e-2edb51456840,9795bb9c-a3cd-4116-8a06-f4746212d4c6,2025-07-03,1111.99,home,0.179,netbanking,0,1,0.211,tier2,0,2,afternoon,0.1410845122933714,0.0479,0
28d3a59f-1145-411f-bee8-ff6e743c83a8,dda5b132-3c35-48db-8feb-21f14075f104,2025-03-12,3198.68,electronics,0.102,COD,0,2,0.26,metro,0,5,night,0.23310699843617838,0.0497,0
9bb3f2a4-c177-416b-859c-816acd9d83ee,a403a957-14a9-40ff-a1ea-6ad7bcc534b4,2025-06-09,2217.52,electronics,0.273,UPI,1,0,,tier2,0,1,night,0.02235684262044825,0.1685,0
f6a7e20e-ed50-45a4-aec8-b28b796d0817,4e7e2663-eb2c-432d-96ec-3f130e2e0946,2025-09-12,264.22,fashion,0.13,card,0,2,0.432,metro,1,4,night,0.3858310964520147,0.2252,1
2e2cd140-d442-4e80-87fa-5449162c485d,7950cbc5-8eee-4ebd-a1fb-7444b8b3a4b8,2025-03-24,752.8,home,0.244,card,0,1,0.294,tier2,0,8,night,0.19283338499564623,0.1035,0
e311fa9d-8cea-4da7-b313-3af453e8b0e0,899d1ec4-dd65-483a-b73c-de4ac803831f,2025-09-07,414.39,electronics,0.22,COD,0,1,0.141,tier2,0,5,morning,0.15705197005739738,0.1142,0
4da4b0cc-f3c2-4ea8-88f5-fbf183b939e0,5a71659c-1263-4448-8731-60f1df983197,2025-10-16,673.91,beauty,0.368,card,0,7,0.251,metro,0,2,evening,0.4468118022423648,0.0955,0
670f8894-7811-46c8-b473-7db65df7114b,d2e06185-41b3-4488-a0c7-7165ae31370e,2025-04-06,2720.59,fashion,0.277,card,0,2,0.449,tier2,1,1,evening,0.4955830568370258,0.3371,1
509a88e4-c83a-426a-89a4-f983e1bdb2b4,f2c8ae0e-52fe-4eca-b75b-3a0db84124de,2025-09-11,703.94,fashion,0.142,card,1,0,,tier2,0,2,night,0.4893639098666145,0.3311,1
8f52e244-22c7-4401-a0c1-7b047a05651f,7b8bbb80-9288-4110-8551-1cae9b4fc549,2025-06-11,1248.44,beauty,0.137,COD,1,0,,tier3,0,6,night,0.13908231984528782,0.3598,0
1819a18b-0c30-4f10-8eb6-8d653249aedf,b7fee608-f381-4167-a173-bf1ad38bdb79,2025-08-29,337.51,fashion,0.224,UPI,0,1,0.057,metro,1,6,morning,0.05881659853496958,0.1695,0
86e9b4f3-34a9-4e9c-8721-e1dfbd53b03e,1ec19d12-c4c9-4320-a035-98e17c951577,2025-01-10,2287.83,beauty,0.094,COD,0,3,0.095,metro,1,2,evening,0.18576378008237582,0.3077,0
d97a7819-2ab9-4202-abb0-4307dda69d71,c967d130-c116-4a5c-8589-391097b66b37,2025-02-03,1208.0,home,0.296,COD,0,5,0.0,metro,0,5,morning,0.04915448350944119,0.2732,0
690785dd-1b3c-4e45-874f-35ac458bd40e,cb8611ae-38b8-43ce-b1e3-ac68753f2f95,2025-08-27,250.0,home,0.33,card,0,1,0.247,metro,0,3,afternoon,0.18284841178251302,0.1848,0
96a11e97-7a36-42e3-a83e-1a8aaeee99f4,9e5d4987-8d7d-4c47-8cdd-0d477afd0d41,2025-01-06,943.21,home,0.414,COD,0,2,0.139,metro,0,5,afternoon,0.09221080951028436,0.3613,0
65502618-ea5f-46b6-8a19-8afa912cb60e,24dc633c-de4a-4152-ae24-3e42211235f1,2025-07-18,817.53,electronics,0.163,UPI,0,2,0.045,metro,0,7,evening,0.03297163095944513,0.0432,0
afdfdbb7-297d-4e60-a103-114509fd4cd8,e4fc2035-70f1-45b1-82d0-0ee396f0a984,2025-09-08,1096.37,home,0.101,COD,0,2,0.093,metro,0,4,morning,0.21199326223067969,0.1827,1
904a0518-bb0e-4873-9f2c-03c0738fbec8,ddfc876a-1d41-4a01-b847-5b960366c16f,2025-02-19,862.25,fashion,0.515,COD,1,0,,metro,1,4,afternoon,0.23305342178158567,0.7851,1
b372960a-3c1b-49c5-83c9-a45d59576fa3,7a4e9ee7-df87-4f79-9ec7-3f4c1f489075,2025-06-04,3050.33,fashion,0.113,card,0,5,0.232,metro,1,4,morning,0.23069756686430742,0.0798,0
6ee53b72-26af-4861-b84a-aa032d3cc706,fddab96a-bc23-43d2-a1f4-76de3a7b7f5c,2025-02-05,4658.05,beauty,0.25,COD,0,3,0.046,metro,0,4,night,0.08979930230446,0.0845,0
cd23c52a-8c97-4765-9f15-1eec4c2b8db1,be8e3722-c7d5-4b43-9715-82493f5ea53d,2025-03-12,250.0,beauty,0.335,card,0,1,0.167,metro,0,4,morning,0.354621720738092,0.0811,1
fb3e0375-da48-4ca9-bf3c-ff9225aec132,26a2a8f1-fd8f-4235-a9c7-77f65704c530,2025-04-10,259.44,electronics,0.232,card,0,5,0.13,metro,0,3,morning,0.24597285000833133,0.0733,0
f1a31899-829d-43a0-a41c-b377ca92dee7,c901a58c-6ac4-4a3a-a5d1-4198a13622e7,2025-07-26,4190.03,beauty,0.372,UPI,0,1,0.172,metro,0,3,afternoon,0.15906278458837203,0.0799,0
f8fe2b9b-4d33-4f9c-a11d-74285c372281,9770188e-26df-49a0-9585-a1ffa837217a,2025-06-29,812.43,fashion,0.322,UPI,0,1,0.26,metro,1,2,afternoon,0.2537284053397563,0.2137,0
6e1ef696-626b-4554-972c-916e47b57434,966b6ee7-2d58-4b01-b2f1-b62362bf1b4d,2025-06-29,1087.23,home,0.151,COD,1,0,,tier3,0,5,evening,0.37008993339073415,0.3587,1
1a00797a-3ac7-4415-b986-031c5226fa4e,c6829464-1335-46ed-adb7-4a3c9b07a5a8,2025-08-05,742.62,electronics,0.274,UPI,0,2,0.221,metro,0,3,evening,0.2732031279049196,0.0334,1
6344541a-9c6f-404c-940c-c07677b5c797,938245c2-8647-4454-aa1b-998878f08b78,2025-03-06,325.99,beauty,0.338,COD,0,5,0.202,tier3,0,7,evening,0.29048499029100583,0.3334,0
7aaf8afd-84c8-443c-9ce2-d02285e332ac,fe679ebd-d7e3-420e-a610-8a0cfd64ae80,2025-07-01,2179.01,beauty,0.191,card,1,0,,metro,1,1,night,0.43544254381347786,0.2372,0
609b4c3d-d374-43bd-8500-b257dc0d4506,a6d7cc39-c408-4a35-a826-06da3efd2983,2025-02-16,661.28,home,0.535,UPI,0,1,0.365,tier3,0,3,afternoon,0.3734683492632352,0.2073,0
45593dd3-0a0c-4e80-946d-933e05b34a4e,c04c2c09-5f42-4b59-aeb5-6d35280a5d01,2025-05-24,250.0,beauty,0.199,COD,0,3,0.058,metro,1,2,morning,0.06067469417646223,0.2751,0
904a46ab-2ec1-440c-a468-c62cf42aae2f,1adfba2a-67be-4047-b8d7-6fa58294836e,2025-03-11,997.28,electronics,0.343,COD,0,4,0.334,metro,0,4,afternoon,0.34129841122598414,0.1117,0
513db5a2-6c6f-4536-922c-1c8bc2042d39,8f4779cb-b618-4f81-bb3c-2fc51bd97d88,2025-09-08,2160.02,home,0.239,COD,1,0,,metro,0,6,evening,0.3820936747712913,0.3028,0
84c1d5d3-f2ce-414a-b009-7fdeb5980597,8ca2a1b1-e386-4bc2-966c-9f22b3b8e472,2025-10-04,1078.28,electronics,0.369,COD,1,0,,metro,0,5,evening,0.142405855423258,0.2828,0
ddb7900d-ebe7-482e-8aaa-ea58d1cbe877,4e40c152-4279-4fbe-8a2f-a127f5613ef3,2025-03-12,250.0,electronics,0.226,UPI,0,4,0.077,metro,0,2,morning,0.08097222048102413,0.0498,0
945a8738-bafc-4a08-97b0-4f42ccf7eab2,d2e06185-41b3-4488-a0c7-7165ae31370e,2025-06-29,629.12,beauty,0.227,card,0,3,0.577,tier2,0,3,morning,0.4955830568370258,0.1141,0
1480bc2f-131a-465f-b4de-f9e7eb2d90c8,a6d7cc39-c408-4a35-a826-06da3efd2983,2025-03-30,1139.58,fashion,0.477,card,0,2,0.475,metro,1,6,evening,0.3734683492632352,0.2226,0
240b1f37-9b32-4e6e-8e11-e2a26e8bd65c,4e40c152-4279-4fbe-8a2f-a127f5613ef3,2025-02-27,450.33,home,0.117,UPI,0,5,0.085,metro,0,5,afternoon,0.08097222048102413,0.0211,0
08475b73-b5f9-417a-839d-d82052f6343e,b075ba2a-dc8a-4f00-8b48-c2bd3a0cbe65,2025-09-05,1429.18,fashion,0.192,netbanking,1,0,,tier3,1,3,evening,0.2426758876131097,0.4763,0
00942148-2646-40de-85da-cee3fa03242f,b7df5304-94d1-44a2-9245-f0fb6a43ac43,2025-06-19,535.4,home,0.145,COD,0,1,0.315,metro,0,3,morning,0.34580639956730186,0.2105,1
deacf5ba-1545-4a0f-9f1e-2e18fadbaeb9,cd508d92-15fe-4a35-9c1b-37a278d36ea4,2025-03-03,414.38,electronics,0.477,UPI,0,7,0.239,metro,0,1,morning,0.2771725532528444,0.0537,0
afdc6d2f-0258-4f54-9315-913349551ffd,295d4a40-aeb6-45a6-8138-a2b4c50415aa,2025-10-13,1269.95,electronics,0.145,COD,0,1,0.514,metro,0,3,morning,0.38559486575544727,0.089,0
badeaf30-e2d3-45bf-b341-8e76639920d9,47c8a40a-5a46-43c6-9be3-3ced3fc16085,2025-04-04,382.63,fashion,0.118,UPI,0,1,0.223,metro,1,3,afternoon,0.23564858214539242,0.0799,1
99da26fb-872e-4df8-aa56-09d0f88367de,83fe6a19-57b5-4519-982d-d7d7bca39396,2025-05-01,1919.63,fashion,0.091,COD,1,0,,tier3,1,7,evening,0.26357426902472036,0.5137,1
6af2b737-3cc7-438e-a0b6-efc1fd1b7729,ac001004-0e39-45ca-9077-5b2eda63a395,2025-09-19,361.56,electronics,0.306,UPI,1,0,,tier3,0,4,evening,0.10949310651314134,0.1395,0
2e25faa6-54d5-41f7-9578-ccdcc3d24ee2,39e67ff8-0ce4-494c-8717-1d4f63efa14d,2025-05-13,19074.89,electronics,0.288,UPI,1,0,,tier2,0,5,afternoon,0.07293918209014336,0.0037,0
f2311e51-2944-467c-9db2-48f485b741af,76af2820-184c-47d9-9bd2-4b2f7eb04dc2,2025-01-07,927.11,electronics,0.115,COD,0,1,0.0,tier2,0,4,morning,0.03002375015151436,0.0925,0
451837b5-acfe-4194-8438-b46099877f5f,49a190f2-c9c8-441e-b450-f1343adf4d1a,2025-01-28,2976.81,home,0.165,COD,0,3,0.428,tier3,0,5,afternoon,0.4134664929263236,0.2604,0
9dd044fe-306b-4bc3-a29e-11cf96c4caed,da84b692-c6d8-43fa-a00f-13d4135959fb,2025-05-29,11705.11,grocery,0.448,COD,1,0,,tier2,0,4,night,0.4069919336009818,0.032,0
634854fe-4a60-4f65-b5a5-5ce835db820e,36f429a5-f9cd-4178-8452-85593f1caac7,2025-08-24,663.51,fashion,0.267,UPI,1,0,,metro,1,3,afternoon,0.07704457522442643,0.2423,1
752da774-dbef-4a49-b9ff-66f4db281413,938245c2-8647-4454-aa1b-998878f08b78,2025-04-08,2075.37,fashion,0.233,UPI,0,6,0.24,tier2,1,6,night,0.29048499029100583,0.2396,0
3a1f6448-3057-40f5-a62e-b993e76b8f31,5f081b4a-32f7-44ad-9860-032c5083af4c,2025-03-11,7032.72,fashion,0.297,COD,1,0,,metro,1,1,evening,0.21409142015917093,0.3227,1
0ca7ae76-261e-4c32-898f-5aa1157a5265,c1d72fdc-2ec8-4a56-acd3-5dc9168f5ab8,2025-10-19,250.0,fashion,0.132,UPI,0,1,0.127,tier2,1,1,afternoon,0.16482652189748134,0.1976,0
f6204e13-0822-4182-bfdd-7b198fae7777,e8236567-e21a-46bf-9ba0-de610564b03d,2025-03-14,250.0,grocery,0.399,COD,1,0,,tier2,0,4,afternoon,0.0912579377429543,0.3724,0
5ae5d963-e21e-467c-92c5-c44e766f5bb2,7ec9d46b-0141-4835-accd-a9841843ca7e,2025-09-23,595.23,home,0.055,card,0,3,0.031,tier2,0,5,evening,0.07319325355511432,0.0356,0
ef606747-86c7-43c4-86e1-438900840684,84396155-0245-4770-b3a5-7c428cd5be40,2025-04-23,250.0,fashion,0.241,COD,1,0,,tier2,1,1,evening,0.4390524811910615,0.4889,1
7c430603-2923-459c-bb25-b21ba41ed586,803488e3-f195-4510-8729-476cfdddc9b9,2025-06-09,2519.96,fashion,0.404,UPI,1,0,,tier3,1,5,evening,0.44640490282899387,0.5333,0
f929dfe0-5523-4a5e-a7fb-d588e5f9fad4,d9bc17ca-80dd-47e2-8dc5-79922a30764c,2025-03-07,504.14,electronics,0.594,card,0,2,0.255,metro,0,5,evening,0.34134778732339127,0.0779,1
5afca42c-6be6-40aa-9c34-33f299091c48,ac8ee436-067a-4aac-8496-8e40cfb19bfd,2025-10-12,250.0,grocery,0.333,COD,0,5,0.203,tier3,0,5,evening,0.2595265118239566,0.1695,0
bccbe60f-c2b9-461d-a31c-d16a190caedf,2aaeb018-2f2d-4450-8a9d-5980ffdd1d50,2025-05-12,351.2,electronics,0.506,COD,1,0,,metro,0,2,evening,0.30789316130355804,0.7248,1
f3a8af04-7967-4479-8467-f4ed27d4af73,48b73317-327f-4f67-934a-b6dd2d521db4,2025-02-02,1895.94,electronics,0.073,COD,0,2,0.343,metro,0,3,morning,0.24989906497225137,0.0562,0
61fd2640-6a5f-4985-bc17-5f6f321833e4,5a71659c-1263-4448-8731-60f1df983197,2025-05-02,621.17,grocery,0.413,COD,0,8,0.468,tier2,0,4,night,0.4468118022423648,0.117,0
5298f2d1-08a3-4158-94fd-1e5fbb51147e,b209d179-6418-4f8c-bd42-8e4f831f0776,2025-08-02,1601.02,electronics,0.132,card,0,3,0.269,metro,0,1,evening,0.27580452681496,0.0428,0
cf9c116b-0279-4a98-887f-703845062dae,0ff3d3c4-7bad-4eb0-a3ea-a49b30616993,2025-07-10,2288.34,fashion,0.275,UPI,0,1,0.459,metro,1,6,evening,0.46113145613975703,0.4094,0
338783ba-348b-4914-9fc3-aabc8911bd60,47f823ff-61be-4208-9ddb-40e533de3e46,2025-04-19,2361.69,grocery,0.441,COD,1,0,,tier2,0,1,afternoon,0.13082075119550465,0.4724,0
365194c8-fa80-434d-ad70-02144924e0fe,2a56f047-dcfb-47fe-b09d-c3fc8366e398,2025-04-04,1203.76,electronics,0.406,UPI,1,0,,metro,0,1,evening,0.3758845675178493,0.1137,0
11552e6f-7395-4316-a173-e43f5d918ded,c967d130-c116-4a5c-8589-391097b66b37,2025-10-02,565.71,beauty,0.584,card,0,6,0.066,tier2,0,1,night,0.04915448350944119,0.0752,0
138710ec-d63a-443e-b7fc-9c397d55e532,cb8611ae-38b8-43ce-b1e3-ac68753f2f95,2025-01-30,1157.87,fashion,0.579,UPI,0,2,0.177,tier3,0,6,evening,0.18284841178251302,0.1901,0
dd4fcd3a-23b4-44cd-98fb-b22a7b07808f,bdb5a579-c96b-46cf-99d6-3df81e5e3010,2025-01-05,824.69,beauty,0.095,COD,1,0,,tier2,0,4,afternoon,0.12077324934022764,0.2902,1
94960298-8eb6-421a-aa7a-91376d8d9d00,487e0072-ff7c-4376-aa94-0ed39d21882d,2025-02-14,1221.1,home,0.404,netbanking,0,1,0.041,metro,0,1,evening,0.10058728392504118,0.049,0
6e62de47-d913-4f40-8c43-c98c05d4d5a1,b409e3d7-b9a4-422f-952f-eaf1d5521144,2025-05-14,809.52,electronics,0.508,card,0,4,0.513,metro,0,6,evening,0.3974441051585353,0.154,0
01c0284d-2f1f-454d-8943-807e1c9779eb,787739e4-6bfc-4e51-b3b0-26408d0e386e,2025-04-10,4099.02,fashion,0.249,UPI,0,2,0.3,tier3,1,6,evening,0.3565159652552688,0.2602,0
0a45b8d8-c6db-4f91-be47-fbaa3857b672,9ee005c0-f8a6-4c23-9732-63abf3e6c333,2025-10-23,4114.62,grocery,0.088,COD,0,1,0.279,tier2,0,5,evening,0.3983115828087851,0.0234,0
66c01c1d-dc15-4917-a102-a7ab0fd5deff,4f650fe4-eb63-4e9a-936e-3cc777b5707e,2025-06-20,4436.35,fashion,0.416,COD,1,0,,metro,1,3,night,0.42268110363427963,0.3858,1
02449b33-e64b-476b-8835-a90da770ca81,b411f36e-bf74-4ba0-bff0-a67770bd35c5,2025-01-08,4227.21,fashion,0.111,COD,0,4,0.381,metro,1,3,afternoon,0.4451782602422671,0.3001,1
76ba8760-c0ee-4d69-84c1-d52d41fb78cb,aeb809c7-7345-49c5-915c-5731c06a32e9,2025-03-29,1962.13,home,0.178,COD,0,1,0.242,tier2,0,5,afternoon,0.412352927877719,0.1115,0
c53affe3-6607-4be2-8014-e9f3d725a701,b7df5304-94d1-44a2-9245-f0fb6a43ac43,2025-02-12,2868.84,home,0.338,UPI,0,2,0.347,tier2,0,5,afternoon,0.34580639956730186,0.0562,0
87986268-ac9b-4c40-8253-2820f590a62b,5a633e28-f5a6-4ba7-ad44-926d3c088ff1,2025-08-16,881.89,electronics,0.444,COD,1,0,,metro,0,2,afternoon,0.15422316215847254,0.4585,0
95a92adc-5440-4899-980b-768ce49c8587,3f6b91e9-96c3-4fc7-8a88-dd310964eed1,2025-08-13,934.25,fashion,0.128,card,1,0,,tier2,1,2,evening,0.0723604930788396,0.4455,1
ef44778a-8f4e-469d-9b76-9ac506c12e5a,56a30258-3565-44b2-a8d7-1d0adece59a8,2025-01-28,878.36,home,0.29,COD,0,3,0.071,metro,0,1,evening,0.1548544510371693,0.1168,0
f6694721-e856-4cb6-ae8b-80d809c81e38,c5e8aef0-7362-4837-9a04-8b3fa7ff821e,2025-03-07,684.78,fashion,0.482,UPI,0,3,0.563,tier2,0,4,morning,0.5144941083307562,0.4256,1
f0531335-a6d3-4f0b-a191-d9212760aa14,98130890-4899-4c39-bc27-fff25da0726a,2025-01-22,1041.96,beauty,0.174,card,0,1,0.201,metro,0,2,night,0.14213974082226472,0.1068,0
f0c609ba-2876-4ef8-9fe9-1c75931c5cc3,c6a0b833-3377-4046-a0dd-379e39f2778e,2025-02-22,843.49,home,0.441,UPI,1,0,,tier3,0,7,evening,0.5079322839859531,0.5505,0
ed9efa67-c0ee-4b1c-8b0c-98e9093bacde,4d47ad50-ed68-4545-af4f-485a9b29b711,2025-09-12,4912.36,beauty,0.397,card,0,2,0.187,metro,0,6,afternoon,0.21989011196511407,0.1544,1
9099e18b-371c-4bf3-bcb6-ab66d27feac5,a05503ed-905b-4f19-9492-252a179e45de,2025-03-05,614.35,fashion,0.183,UPI,1,0,,tier2,1,4,afternoon,0.4811050574869748,0.4052,1
2955c244-2ccb-42c1-9845-fe091cf6e3f8,265ca8d0-3df8-4d6f-9712-d08685f17132,2025-04-12,408.33,electronics,0.507,card,0,5,0.135,tier2,0,4,morning,0.1913603605753747,0.1449,1
3634795b-3ee8-482e-82bb-cdff70fbec58,c967d130-c116-4a5c-8589-391097b66b37,2025-08-16,3404.09,fashion,0.29,netbanking,0,7,0.026,tier2,1,3,afternoon,0.04915448350944119,0.1112,0
c49bbf6c-ee21-47b7-96d7-60f38519c466,2bf1c610-a75b-412d-b0ce-9dc111d20e3c,2025-02-19,532.51,fashion,0.454,card,0,2,0.362,tier2,1,1,afternoon,0.27780100478810504,0.5278,0
9e7b75ff-354f-4396-81a1-ee0786250cdb,e4fc2035-70f1-45b1-82d0-0ee396f0a984,2025-06-25,1211.07,electronics,0.325,COD,0,3,0.204,tier3,0,5,morning,0.21199326223067969,0.1636,0
3beaf966-db6e-469e-97ac-b5430cc3b1bc,2286f067-3fb8-4d9d-8502-469f39a46441,2025-01-17,307.39,beauty,0.278,COD,0,5,0.271,tier2,1,2,evening,0.2798863894924076,0.4242,1
a1bd37ed-9c17-4f77-8519-6580b39dbfb8,c5d85ede-c256-42df-b993-35deb12a5516,2025-02-25,1376.74,beauty,0.328,UPI,0,1,0.328,metro,0,5,evening,0.3517803851773976,0.0532,0
ebe0967a-916b-42dc-96b2-aefacb7e28d4,2b77e152-ac97-4061-9e6a-5abdc78bc29a,2025-05-28,971.92,electronics,0.063,UPI,0,1,0.417,tier2,0,3,evening,0.29832839962512075,0.0289,0
d684f1d5-e1b4-40d5-9612-2cb577e8c828,f04ea3ca-68ee-4efe-a612-fe50610fd2dd,2025-10-11,2086.01,home,0.3,UPI,0,3,0.248,metro,0,4,evening,0.2242312963277271,0.0719,1
f3cb727b-02f9-45c8-ae4d-9e8389e82406,8c644659-9832-432b-b635-3578f419696a,2025-10-05,5491.57,fashion,0.159,COD,1,0,,tier3,0,7,night,0.18587087319682674,0.5735,0
92477f28-1f67-4db7-b800-9494461b7ec4,17b4ac80-5793-4301-bfa9-f9aefc25fff1,2025-01-14,2020.61,fashion,0.369,COD,0,2,0.109,tier2,1,1,morning,0.12601617248198352,0.2851,0
dfe1839c-fb34-41b6-94ef-a52c27c5bcb2,5e758f8f-c2ad-4e0c-b4fc-026916c24854,2025-08-20,1269.95,fashion,0.124,UPI,0,6,0.08,tier3,1,5,evening,0.048627470043128354,0.3084,1
af70132a-c389-42a9-95d3-426393e825f3,a6256430-3c71-4085-bbd4-f11ec5db53de,2025-04-18,811.42,electronics,0.315,UPI,0,1,0.237,tier2,0,3,evening,0.20459557629689876,0.1213,0
93e9fb2c-038d-4830-8d19-a0e1097ac3e3,e75b5a37-ac60-4066-a040-3617f0d903ea,2025-09-08,250.0,grocery,0.472,UPI,0,5,0.152,metro,0,4,afternoon,0.24645297721478737,0.0478,0
5378afd7-1b8b-4716-be87-7986ace4d965,9fb6398e-0d03-4ef7-b82b-f7d4b5edc8a2,2025-03-03,1281.7,fashion,0.076,card,0,1,0.291,metro,1,2,morning,0.2145242588320448,0.238,0
8202747d-5997-4567-a54e-0235d1aa69af,26a2a8f1-fd8f-4235-a9c7-77f65704c530,2025-08-27,1638.87,fashion,0.303,netbanking,0,6,0.234,metro,1,1,morning,0.24597285000833133,0.1477,0
b5eae8c5-4a53-4f4a-95c0-6598a5037d80,2286f067-3fb8-4d9d-8502-469f39a46441,2025-04-26,2680.54,beauty,0.315,COD,0,6,0.373,tier2,1,1,afternoon,0.2798863894924076,0.2097,0
47e1594b-2f05-448e-97de-e38fcbfec0ac,6bfa235b-d4d0-446f-85d2-e8dc00a3d98f,2025-03-11,2067.88,fashion,0.379,UPI,0,3,0.719,metro,0,5,evening,0.6039320915435429,0.1723,1
85acd3fb-4c15-4322-977e-1b0d14881625,1c4f6d08-f28c-411b-ad7a-7123a63db32d,2025-08-16,1114.05,beauty,0.075,COD,1,0,,tier2,0,4,morning,0.6433649856347546,0.5657,0
a985315f-8653-41ba-bb5e-af37c04ea471,2b77e152-ac97-4061-9e6a-5abdc78bc29a,2025-06-06,280.91,fashion,0.598,COD,0,2,0.422,tier3,1,5,afternoon,0.29832839962512075,0.8613,1
5822f575-7a8e-46a9-9f87-6d16bd1cc385,5779a513-dc65-4e08-b149-9296dd2713d4,2025-09-18,3282.85,fashion,0.327,UPI,1,0,,metro,1,1,morning,0.2961471020437191,0.1969,1
5a0a1ace-0e46-4baa-809d-1f2f8ea71825,e09861f6-9c54-4161-8abc-0cbec05336cd,2025-04-13,4462.46,electronics,0.19,COD,1,0,,metro,0,3,afternoon,0.18766250228601905,0.0837,1
4872b4f7-79e9-42a6-b787-3965bbefea79,ba9504c7-b413-4ee9-861d-702ad1482abd,2025-01-10,250.0,beauty,0.365,UPI,0,2,0.182,metro,0,2,afternoon,0.21485681318313843,0.0555,1
388bd92a-ef30-4c81-ba7b-0b3bbc345b0a,0b6f3e2b-84fe-456b-ad93-ffcb76fb728f,2025-05-28,1077.85,home,0.322,card,0,4,0.133,tier2,0,4,afternoon,0.19762424986659227,0.0233,0
ba13ecf1-753b-4850-8faa-9247c7af5731,9d2096d1-96a7-40b1-b834-bd63f99029e7,2025-03-25,6219.63,electronics,0.437,COD,0,3,0.135,tier3,0,4,morning,0.15808045554802053,0.0742,0
702a2cbf-9a34-4d72-aa53-d31acdb74803,824298c1-27f8-4100-90c0-f043e8d233be,2025-08-08,1561.75,fashion,0.232,UPI,1,0,,tier2,0,1,night,0.06816197410621759,0.2824,1
023ff777-8f7d-43b6-836f-179174313a42,a2a6e4a7-73f0-4f60-8023-1d364c305e4d,2025-01-03,2228.36,beauty,0.082,UPI,0,2,0.308,tier2,0,2,morning,0.23228588338828865,0.0106,1
7d4b936f-500b-4b31-b8f5-9bea7a045e0e,f12f9975-0712-4d09-b5cc-14bee6fd60bc,2025-04-03,836.48,electronics,0.612,UPI,1,0,,tier2,0,3,evening,0.443593609971502,0.2339,1
49f69834-a628-4d84-aa2d-a012c5d1b8ca,16761a20-3269-4f16-945e-f043559094ff,2025-02-27,1801.11,grocery,0.167,UPI,0,1,0.124,metro,0,4,afternoon,0.021433052089598018,0.0352,0
02aa2b84-f3fa-4644-b4a6-bee63aebb40d,486a908c-5502-4cc0-9b75-37b03e21f6b3,2025-09-08,14628.13,electronics,0.144,UPI,0,1,0.191,tier2,0,2,evening,0.20531948812490197,0.0099,0
87e26d19-7fc3-42cd-a3a4-72acd2943f11,b1336f06-4498-4785-9356-a28b8e793e2a,2025-02-19,322.82,beauty,0.141,card,1,0,,tier2,0,4,afternoon,0.1290336246566356,0.2092,0
0255c705-dc9f-4174-a801-ffd4c8f8baa0,9770188e-26df-49a0-9585-a1ffa837217a,2025-04-07,1029.25,grocery,0.204,UPI,0,2,0.221,metro,0,4,morning,0.2537284053397563,0.0248,0
36978c2e-ace4-469f-a05b-08759b5609c6,76d2e938-826e-436d-8e9e-46c56a7a791e,2025-01-21,1613.47,beauty,0.212,UPI,0,5,0.119,tier3,0,7,morning,0.22287364608691065,0.1857,0
d7a09a26-4ee8-40b7-9b37-68492ed0da6a,98389b8b-658b-4eca-b919-9c37c2dbce1f,2025-05-30,1845.14,electronics,0.38,COD,1,0,,metro,0,3,evening,0.04552205229964168,0.3303,0
81458302-ea79-4d64-ab72-c8dc1ad360f2,5c3a491b-f023-457b-9da7-95a4eedebd89,2025-10-04,1017.21,fashion,0.354,COD,0,3,0.052,metro,1,1,morning,0.12936071938754626,0.3518,0
57d4ba2d-f3f9-431a-906b-be24637d47bc,44d21b00-d54f-48d7-9418-d12221557978,2025-03-02,825.73,fashion,0.525,UPI,1,0,,tier3,1,3,evening,0.2557434906898539,0.7254,1
4a32ee9e-7079-4fd1-bf0a-e4ea18496568,ac8ee436-067a-4aac-8496-8e40cfb19bfd,2025-04-15,332.03,electronics,0.331,COD,0,6,0.237,tier2,0,3,afternoon,0.2595265118239566,0.0913,0
44696ed5-b2eb-46ac-b5c5-a22a607dae34,1ec19d12-c4c9-4320-a035-98e17c951577,2025-05-15,1011.7,fashion,0.205,COD,0,4,0.069,tier2,1,3,afternoon,0.18576378008237582,0.503,1
51b58e29-e37e-4e79-9fac-f729e480ed1c,9ec97215-3253-4c47-821c-fe8a3b89d257,2025-10-01,641.45,home,0.273,UPI,0,1,0.285,metro,0,4,morning,0.2511919731705291,0.0959,0
16b7d59f-2bd7-4182-985d-5663d10e9567,99e318ff-1a69-4f68-addf-975990bd0414,2025-05-01,1536.32,electronics,0.269,card,0,5,0.252,tier2,0,3,morning,0.2434169799043869,0.0606,0
41752e4c-1741-46a5-a52a-468c60716878,fb1954cc-c93f-44b4-9155-10ddd8571b6d,2025-05-01,1709.11,electronics,0.302,UPI,1,0,,tier2,0,2,night,0.23865381601921165,0.1328,0
ee8b9987-7f4e-4add-acce-d94bf1b21a28,28660f34-5a61-4e07-8f8c-96c4fb8d6d70,2025-04-05,424.73,home,0.118,card,0,2,0.036,tier2,0,3,night,0.052918216172000036,0.1159,0
0db94199-b3f5-4634-9233-147dfccfb050,ded4396a-49de-44e3-a773-49b635f42e59,2025-02-09,3328.09,beauty,0.133,UPI,0,2,0.507,tier2,0,5,afternoon,0.5527709467025828,0.1494,0
066ac662-7eec-4152-b1bd-45c32bbcea0f,a98ac6ed-5c74-42d1-a5a7-c801d82116e4,2025-07-20,687.32,fashion,0.078,COD,1,0,,metro,0,6,night,0.7830202777801657,0.7337,0
90797b86-60aa-4a16-9522-a7998b1f419c,bd8faecc-d38d-4f13-8a42-c17d6f850d10,2025-05-12,1217.92,fashion,0.559,COD,1,0,,tier2,0,6,evening,0.26335659719559446,0.7701,1
e24efe73-1fbc-4c37-b1f3-2bab05bfcc38,584f334e-48dd-4f27-a4f0-094f67166b6e,2025-05-12,2389.98,home,0.074,card,0,2,0.257,metro,0,1,afternoon,0.3900564499123696,0.0779,0
e055ded6-0dc8-410f-a717-c872f56a7dd1,6bf452e9-0173-469d-bfec-d17e576fd561,2025-08-13,4168.95,home,0.173,COD,0,1,0.133,metro,0,2,afternoon,0.11826527161057414,0.1018,0
5ad72dc8-b52a-4cca-8e52-f315863325a4,cd508d92-15fe-4a35-9c1b-37a278d36ea4,2025-05-20,352.56,home,0.069,UPI,0,8,0.131,tier3,0,6,evening,0.2771725532528444,0.0781,1
5911bfe4-614e-424e-b042-07facee6196d,24dc633c-de4a-4152-ae24-3e42211235f1,2025-09-23,5192.11,fashion,0.193,COD,0,3,0.03,tier3,1,9,evening,0.03297163095944513,0.4334,0
a2144bf7-2473-40a0-b9da-a9b17f1ec497,c5e8aef0-7362-4837-9a04-8b3fa7ff821e,2025-03-07,1497.33,beauty,0.127,UPI,0,4,0.663,metro,1,6,evening,0.5144941083307562,0.2142,0
1efdb976-7137-4d80-b778-90910c1dff38,b5d3d3f1-49c6-47d2-a860-1917d3fa3322,2025-07-14,476.74,beauty,0.708,COD,0,2,0.444,metro,0,3,afternoon,0.34116143905998736,0.6213,0
621ce0f8-7c67-4ce8-9276-6af40ee53d2f,f5069c4e-0691-43d9-b3e0-3efe7073ec31,2025-04-24,779.82,fashion,0.265,UPI,0,1,0.04,tier2,1,2,evening,0.03542903995029727,0.0946,0
ee1cd789-59df-4ba5-b867-fe83c5ad91ef,2e76c875-ce73-48b8-bb52-d2936c93ded9,2025-10-21,1208.54,fashion,0.188,COD,1,0,,tier3,0,3,afternoon,0.03696830256968456,0.4724,0
37d8041a-f814-43ec-bde5-ff36f9474be2,b9ab6a4e-9e61-4225-8298-12bde10de7a7,2025-09-30,5118.91,fashion,0.374,card,1,0,,tier2,1,1,morning,0.20154150931374812,0.2422,1
5da10090-1fb2-4527-b181-e69753b91940,92f8f8f3-1a19-41b0-9888-9ad14e0b35ba,2025-08-10,1322.41,electronics,0.361,card,0,3,0.299,metro,0,3,morning,0.14720873128711998,0.1906,0
004a2535-7e47-4443-97af-251f035f3dd9,ec11d559-7980-4914-89e3-b56e72adba0b,2025-05-23,1071.18,home,0.121,card,0,1,0.069,metro,0,6,morning,0.1561219227039281,0.0346,0
31a6ace7-4eaf-4162-b685-6cd5c38e6d5d,3b68140d-c04c-4ece-87a7-1b051083612b,2025-04-09,20000.0,electronics,0.124,UPI,0,2,0.271,tier2,0,2,afternoon,0.3098477304837669,0.0028,0
7999f29b-6743-46f7-8766-6366c2fafc13,5e758f8f-c2ad-4e0c-b4fc-026916c24854,2025-07-17,702.22,fashion,0.468,UPI,0,7,0.074,tier2,1,1,evening,0.048627470043128354,0.0878,0
2972b2d7-fd11-4a6a-93e8-d8d005031534,f6ca696a-e455-41c1-9dc8-0f15409a4068,2025-03-08,545.78,fashion,0.111,COD,1,0,,tier3,1,8,night,0.10854267231058526,0.8874,1
cbf00731-202d-415a-a09d-d62a4a8ed182,1890b31b-1dee-42e9-ac0d-c65f3ce14b55,2025-02-01,250.0,fashion,0.239,COD,1,0,,tier2,1,4,evening,0.1840815893241802,0.5898,1
c7d7570b-8ad4-4777-9986-ce5c66e60965,809440e5-dc7b-48de-8000-53ac94935dec,2025-03-27,3669.14,fashion,0.364,COD,0,3,0.201,tier2,1,1,night,0.17298841463602524,0.6207,1
18e8b337-7134-4a3c-8f1f-2eaab248b5db,9ec97215-3253-4c47-821c-fe8a3b89d257,2025-06-04,3122.48,fashion,0.09,netbanking,0,2,0.222,tier2,1,5,evening,0.2511919731705291,0.0773,0
7cb80b20-a8b1-4133-a4c0-2af092a8e0ce,6df9a58c-9831-41d7-8a30-4c1802eb1988,2025-04-14,250.0,beauty,0.207,UPI,1,0,,metro,0,1,night,0.14393935494351567,0.0987,0
a51fa885-aa28-4003-9888-b34109194a7b,5a71659c-1263-4448-8731-60f1df983197,2025-07-22,331.16,electronics,0.598,COD,0,9,0.555,tier2,0,1,afternoon,0.4468118022423648,0.5025,1
2a0582ee-31bf-44f7-947f-b96419ccf22d,56a30258-3565-44b2-a8d7-1d0adece59a8,2025-04-24,3099.54,fashion,0.062,COD,0,4,0.093,tier2,1,2,evening,0.1548544510371693,0.1252,0
33634f75-d1a7-469e-8bdc-8a95b6174e54,d0d8fe24-c852-4ca5-ba50-638075dc7939,2025-04-20,250.0,electronics,0.38,UPI,0,1,0.278,tier2,0,1,afternoon,0.2216976101384966,0.1012,0
1a540b47-d4b3-4bba-8169-5773e17bdeed,429a3593-a1f1-41a7-8879-ead65bd1838e,2025-02-02,5781.97,home,0.353,card,0,1,0.094,tier2,0,4,evening,0.17602227586818103,0.0232,0
84ce05ec-0342-47d5-85db-eba0559c3027,5e758f8f-c2ad-4e0c-b4fc-026916c24854,2025-07-03,9659.51,home,0.49,UPI,0,8,0.07,tier3,0,5,afternoon,0.048627470043128354,0.0979,1
33fd3f3d-9746-414c-b927-06246925c1ac,44408e56-9a11-44d5-8a79-5e1ddafd28e1,2025-05-08,4238.79,home,0.403,UPI,0,3,0.254,tier3,0,4,night,0.24706696213115537,0.1922,0
bde391a5-a3c1-4d5c-970d-7e7ae3d33bb6,c7853d29-63dd-4a3e-8508-bc41d784850d,2025-02-10,535.45,home,0.542,COD,1,0,,tier3,0,6,evening,0.14171274321107463,0.7845,1
8351fd69-ad09-4f89-945d-fb31fae58039,835b4038-88dc-4965-b6b8-921d3b0ad19c,2025-01-24,1587.55,fashion,0.179,COD,0,4,0.321,metro,1,2,afternoon,0.18168234468688693,0.7172,0
c7983fe5-ca46-466a-8de3-f40f965bbe2f,d0d8fe24-c852-4ca5-ba50-638075dc7939,2025-03-21,784.78,fashion,0.176,UPI,0,2,0.134,metro,1,1,evening,0.2216976101384966,0.1143,0
c7486f6e-674e-42a5-8631-9987de97a351,265ca8d0-3df8-4d6f-9712-d08685f17132,2025-10-14,2031.71,fashion,0.038,card,0,6,0.21,tier2,0,3,morning,0.1913603605753747,0.1132,0
6a86b238-50ea-497b-bf39-ec203a2b2f81,584f334e-48dd-4f27-a4f0-094f67166b6e,2025-03-20,11127.25,fashion,0.308,card,0,3,0.374,metro,1,4,afternoon,0.3900564499123696,0.0405,0
af2b6d67-64d8-49f2-8706-6b2deb7725cb,bc085a64-9ee4-4a4a-ba18-bf9b6c5b5a59,2025-01-03,1353.27,fashion,0.214,UPI,0,2,0.104,metro,1,1,night,0.20401397040683977,0.2289,0
e41bc3bf-fbb8-4e48-9f94-6b3eb9c1f746,92f8f8f3-1a19-41b0-9888-9ad14e0b35ba,2025-04-13,740.75,fashion,0.063,UPI,0,4,0.215,metro,1,1,morning,0.14720873128711998,0.1682,0
2ff3d2e9-49fa-4969-ad49-712fdc756965,1b30e152-01ef-4d52-adca-b900c4178f48,2025-02-04,7081.27,fashion,0.335,COD,1,0,,metro,1,1,night,0.22077260281268474,0.2838,0
cde9bb7e-5f8b-47c1-9e19-fb8306eee2d9,c967d130-c116-4a5c-8589-391097b66b37,2025-08-23,3672.85,home,0.073,COD,0,8,0.027,metro,0,6,afternoon,0.04915448350944119,0.0791,0
56453ceb-1ef8-49c7-a0fe-52ffa6db1ab3,e4fc2035-70f1-45b1-82d0-0ee396f0a984,2025-08-31,960.52,grocery,0.538,UPI,0,4,0.231,metro,0,2,afternoon,0.21199326223067969,0.0443,0
74c72cce-fae6-4802-a863-f215502193fa,c3f1cc06-68c1-442a-b18b-6338217bcf62,2025-07-22,6208.15,fashion,0.099,UPI,0,4,0.089,tier3,1,10,morning,0.1091421274751211,0.1187,1
f36bc993-dce2-4297-9759-7a3801013ce3,5a71659c-1263-4448-8731-60f1df983197,2025-02-22,4840.23,beauty,0.407,UPI,0,10,0.501,tier3,1,3,evening,0.4468118022423648,0.449,1
ebfd2c3f-b619-4844-b004-80ee6ac4cc23,6b914b9c-926e-4431-b82e-f178aae9d5c0,2025-01-04,5406.28,electronics,0.362,COD,0,3,0.3,tier2,0,5,evening,0.2677657562695904,0.0608,0
1935d5ae-8e1c-4475-9715-498d1b6a5d99,d9358869-66e4-4ee6-bb2e-f9062117fa78,2025-04-04,3334.13,fashion,0.318,UPI,0,2,0.158,tier3,1,4,night,0.2042925306906814,0.1433,0
92c3038a-88af-41fe-b7d7-80dd9134aee4,d9358869-66e4-4ee6-bb2e-f9062117fa78,2025-06-05,250.0,fashion,0.295,UPI,0,3,0.195,tier2,1,6,evening,0.2042925306906814,0.0696,0
be2c84fe-712a-4fe1-b0a3-8e4d38a6ef90,44408e56-9a11-44d5-8a79-5e1ddafd28e1,2025-10-19,3572.45,beauty,0.161,COD,0,4,0.201,tier3,0,6,afternoon,0.24706696213115537,0.2849,0
65e0d90c-86b2-4672-b309-1ede6359267f,ba149ce6-bcc3-4f2f-ad92-eb8ab9371d5a,2025-05-11,3341.64,grocery,0.153,COD,1,0,,tier2,0,4,evening,0.40428580651687857,0.2024,0
9c3196a6-ba40-4e06-afd1-66cb463e09a5,3678c134-a42b-4685-ad15-81b9e73e73aa,2025-03-28,430.12,beauty,0.571,COD,1,0,,tier3,1,5,morning,0.1373435706874969,0.8485,1
d3374c8e-ebfa-459d-a0a6-243f1b7dd16b,8c644659-9832-432b-b635-3578f419696a,2025-03-21,750.05,beauty,0.313,COD,0,1,0.055,tier2,0,2,evening,0.18587087319682674,0.2025,0
cf291002-5a3e-4cc0-a6b9-da6de9b70587,c5d85ede-c256-42df-b993-35deb12a5516,2025-04-23,405.96,fashion,0.472,UPI,0,2,0.308,tier2,1,2,morning,0.3517803851773976,0.261,0
1cd0d441-3c05-42ae-b987-ec9d6c4cf75e,4a12f04d-57b1-402a-bbea-6785ac8ca8a5,2025-09-21,1639.83,electronics,0.074,card,1,0,,tier3,0,4,evening,0.06025214601248902,0.0503,0
fefa741c-f186-466a-a34a-5975d1e03ca2,11174ed1-8ca6-4cf5-bbe2-8a4f930137ed,2025-02-05,961.94,beauty,0.215,UPI,0,3,0.056,metro,0,3,morning,0.06842336486313001,0.0707,0
6bdf0a0e-5bf2-428a-8839-81786b49ad26,544b57dd-aae8-4d49-a2dc-9382a2b7ff69,2025-02-22,1267.2,fashion,0.199,UPI,0,2,0.031,metro,1,4,morning,0.05655306904883348,0.0815,0
ae99596d-94e5-4e10-a6c1-ef40bcd96a40,84e3d206-844c-45aa-8b3f-787f108268f6,2025-04-24,886.11,electronics,0.172,COD,1,0,,tier3,0,8,afternoon,0.19112787889257196,0.1868,1
43ac8c65-725f-4abb-aabd-67755029bdb6,ec11d559-7980-4914-89e3-b56e72adba0b,2025-09-25,2058.81,beauty,0.429,card,0,2,0.096,tier2,1,1,evening,0.1561219227039281,0.2544,0
5503439a-6a75-4890-ab54-10fbee8afe76,2b77e152-ac97-4061-9e6a-5abdc78bc29a,2025-05-03,5696.25,electronics,0.161,card,0,3,0.383,metro,0,5,evening,0.29832839962512075,0.0198,0
b7466027-bf5e-44c9-b265-7efab6a984ed,7a4e9ee7-df87-4f79-9ec7-3f4c1f489075,2025-09-19,1338.24,electronics,0.039,card,0,6,0.313,tier2,0,1,afternoon,0.23069756686430742,0.0443,0
f2d7beef-49c9-48e6-8880-a3f1428887ea,b8d02904-601f-4dd7-a3d1-5fb98038da28,2025-02-15,1381.82,grocery,0.361,COD,1,0,,tier3,0,2,evening,0.10839420542924075,0.0401,0
23dd1f28-0e1b-4a5d-940f-eee74008ccab,ac001004-0e39-45ca-9077-5b2eda63a395,2025-06-11,2914.35,electronics,0.283,COD,0,1,0.132,tier2,0,4,evening,0.10949310651314134,0.1005,0
23e8b0ee-b54e-4339-907d-646ea06589f6,4c4f2800-1fc4-4701-bb18-1c82517eb39d,2025-02-17,561.38,fashion,0.455,UPI,1,0,,tier2,1,2,afternoon,0.12149518069965874,0.4789,0
72b58fba-27ea-4576-989d-c1acad39dcbc,9677154b-4520-41fa-a08e-f8dd49dc79e4,2025-07-30,1454.08,electronics,0.434,COD,1,0,,tier2,0,2,evening,0.13728543870125234,0.6244,1
a693d68d-0b31-4394-a969-a11fb87ab42e,e75b5a37-ac60-4066-a040-3617f0d903ea,2025-06-27,256.21,fashion,0.392,COD,0,6,0.244,metro,1,1,evening,0.24645297721478737,0.4739,0
f3c240ef-f909-496c-a840-2fe6c67cbe48,c5fd9c94-3843-4ddf-b5c7-c489fcb0d769,2025-09-23,1853.23,grocery,0.286,card,1,0,,metro,0,2,afternoon,0.24457454490629368,0.01,0
fa5b0646-d25c-47ce-940c-5e13e0d030a7,236d11d7-cc84-47c1-9d4b-15dd6891dcbc,2025-01-14,917.15,fashion,0.228,netbanking,0,7,0.28,metro,1,2,evening,0.22121655786542901,0.1736,0
56ae2cb8-6226-41cd-a9b2-eca5b7a0b782,39017757-c44d-48a0-ace6-d2cd60b50caf,2025-08-05,258.06,fashion,0.174,card,1,0,,tier2,1,1,evening,0.7082472317378652,0.4736,0
4d661a0e-38cb-419b-8d4f-d22aa8fd5bbe,d2e06185-41b3-4488-a0c7-7165ae31370e,2025-04-01,553.92,home,0.027,COD,0,4,0.584,metro,0,3,night,0.4955830568370258,0.3539,0
3f8f3597-d27a-49c4-95b8-1009bd490b59,ccb655d6-cf38-407a-8bc7-0e7e075b7b40,2025-04-27,6889.95,fashion,0.519,UPI,1,0,,tier2,0,2,afternoon,0.24986565117884016,0.1907,1
1f9dd3b2-6b3a-477f-b9f3-33209ff50bd8,fddab96a-bc23-43d2-a1f4-76de3a7b7f5c,2025-02-16,3194.7,fashion,0.211,card,0,4,0.016,metro,1,3,afternoon,0.08979930230446,0.0784,0
0569deb2-2390-4b11-9779-8679182502da,5c3a491b-f023-457b-9da7-95a4eedebd89,2025-06-11,493.98,electronics,0.5,COD,0,4,0.135,tier2,0,5,night,0.12936071938754626,0.1842,0
4848b3eb-b58b-4c96-a417-ab838957b9bd,b23dbe0c-d303-4353-b36f-ff05fe62747d,2025-07-14,709.49,fashion,0.393,UPI,1,0,,tier3,1,7,afternoon,0.024014279411654592,0.8949,1
3a172e60-86c9-4457-842e-ee2d741960cc,83fe6a19-57b5-4519-982d-d7d7bca39396,2025-04-26,902.17,grocery,0.164,UPI,0,1,0.121,metro,0,2,night,0.26357426902472036,0.0266,0
1684fdec-02d6-4e80-b8f4-cb9be040d52f,e90f2e94-525b-47c4-b592-56daaf0983cc,2025-02-23,1765.8,home,0.239,COD,0,1,0.334,tier3,0,3,evening,0.20763912883986363,0.1912,1
ed67548e-243d-4103-ad64-de373be42c87,d2e06185-41b3-4488-a0c7-7165ae31370e,2025-06-01,967.1,fashion,0.264,COD,0,5,0.464,tier3,1,5,evening,0.4955830568370258,0.7594,1
d1b491e8-a9d7-4e78-85d7-569e639692b4,3678c134-a42b-4685-ad15-81b9e73e73aa,2025-04-16,14360.61,fashion,0.141,UPI,0,1,0.209,metro,1,2,morning,0.1373435706874969,0.0116,0
ae2d0537-ca3b-4abe-b1ad-c490ad2933d4,b66aec07-5d36-49a8-b944-a05b762188bc,2025-04-04,2009.96,beauty,0.046,UPI,1,0,,tier3,0,2,evening,0.34213038061806744,0.1033,0
f90e964d-5333-4716-9dba-ffee129f603d,6e877c23-17b9-44a1-a836-4c3851a7d84d,2025-04-18,461.28,fashion,0.387,UPI,1,0,,metro,1,2,night,0.4803988607673801,0.3973,0
a3cb1257-8a49-447b-8ba5-0091dfa8f509,e8236567-e21a-46bf-9ba0-de610564b03d,2025-07-24,990.87,fashion,0.313,UPI,0,1,0.0,metro,1,2,evening,0.0912579377429543,0.0561,0
46a85cb9-a2e8-4d49-addf-effb2d077651,ddecbf91-5b76-4f9b-b303-8fd0a39c55d2,2025-09-29,1073.55,electronics,0.37,card,1,0,,metro,0,6,evening,0.6643987566463582,0.3145,1
1437be26-3a6d-4ce4-91ba-a057e98e9947,6d6ae56d-11fa-4053-be24-184c1da67ec2,2025-08-26,498.4,grocery,0.357,UPI,0,2,0.182,tier2,0,7,morning,0.13845962298865533,0.0296,0
fb695da9-298f-400f-8aa7-71ed71c2ff21,6b914b9c-926e-4431-b82e-f178aae9d5c0,2025-09-14,2586.44,home,0.198,COD,0,4,0.187,metro,0,5,night,0.2677657562695904,0.1256,0
23e01244-22ee-49d9-b677-738781d9966c,135cec2a-b281-4cc8-92bb-64df5ed2c49f,2025-06-08,659.83,home,0.243,card,1,0,,tier2,0,1,evening,0.5069207836417344,0.1407,1
b7ca92f8-b606-4bfe-8452-5f80dee08e9e,735fdab8-3c31-4c12-8344-b632847001e7,2025-07-26,844.2,beauty,0.139,COD,0,1,0.792,metro,1,5,morning,0.6231863021915255,0.5518,1
5b859eb7-8e8e-486b-80e8-6226a450b9d5,6bfa235b-d4d0-446f-85d2-e8dc00a3d98f,2025-08-16,1867.51,fashion,0.321,COD,0,4,0.61,tier3,1,5,evening,0.6039320915435429,0.8745,1
271d5bb7-fedf-4249-8449-140ccd75399b,5838baf1-7a04-4a52-9d9d-c2ef48187e91,2025-10-11,5325.22,fashion,0.152,COD,0,2,0.494,metro,1,1,evening,0.5633005631276558,0.29,0
244664df-c11c-40e9-9d2e-471f8b1908d8,79d62d2f-2160-4129-951e-311e22c29fba,2025-07-10,1731.51,home,0.521,UPI,1,0,,tier2,0,1,evening,0.4187693037372645,0.1885,0
3f3b2773-1636-4545-ab06-279896ab3901,48b73317-327f-4f67-934a-b6dd2d521db4,2025-05-13,876.06,home,0.233,UPI,0,3,0.207,tier2,0,3,afternoon,0.24989906497225137,0.0327,0
0e4f165b-8b48-4f63-abb2-3ab0e96fc025,2fe032a4-e05b-43e5-84ca-f513032132f0,2025-03-10,5014.17,grocery,0.323,UPI,1,0,,metro,0,3,evening,0.20764438235860783,0.0325,0
6c6a41c2-1267-4713-89ee-cf4294191784,e75b5a37-ac60-4066-a040-3617f0d903ea,2025-02-14,280.86,beauty,0.416,card,0,7,0.293,tier3,0,9,morning,0.24645297721478737,0.071,0
b2895a61-ba98-4357-89ed-59b5ac0a9d32,c987e835-2514-40cd-834c-f4d2261dd56b,2025-01-22,1471.01,electronics,0.073,UPI,0,1,0.0,tier2,0,3,afternoon,0.06015710717930573,0.0633,0
8efc68c8-268c-44d9-8538-ab23302f91bb,b86ee3a9-928c-4ec5-8783-0beb41950f27,2025-03-16,439.75,fashion,0.087,card,0,4,0.0,tier3,1,4,evening,0.05573145024510638,0.1124,0
789e8cf1-ebd3-4eff-81de-7d6eaac9fabd,5779a513-dc65-4e08-b149-9296dd2713d4,2025-09-24,567.35,electronics,0.312,COD,0,1,0.313,tier3,0,3,evening,0.2961471020437191,0.1368,0
45f516c1-ff53-4faf-8108-c001f2bed2c1,cd22e339-d3f8-4cc3-a7e9-96ec53435b80,2025-03-30,1681.51,beauty,0.246,UPI,0,1,0.09,metro,0,3,night,0.1965713354260339,0.0483,0
8bd1e2a0-945c-424d-9093-e25fae7e2223,ec11d559-7980-4914-89e3-b56e72adba0b,2025-09-14,6939.01,fashion,0.36,UPI,0,3,0.163,tier3,1,4,evening,0.1561219227039281,0.1887,0
d49778ff-a628-4531-b835-8658fd099d8a,c86a75f4-eea7-4fce-b017-88f6e68c8ccf,2025-04-06,2128.73,fashion,0.411,UPI,0,1,0.475,tier2,0,4,afternoon,0.32801543383093573,0.1642,0
a06701e3-9c25-4602-9b7e-6d811b17e855,3b49789c-945c-4714-a699-87e36fa56daa,2025-01-08,1040.34,electronics,0.053,UPI,0,1,0.026,tier2,0,3,afternoon,0.09630629790643759,0.0557,0
313ed814-51c8-4576-a9fd-09a4ea67566f,9d1d8bca-9218-4856-8619-cfee194da74f,2025-02-15,304.97,beauty,0.49,COD,0,4,0.328,tier3,0,2,night,0.24874291058771908,0.3382,0
ef133c36-b2fe-4625-9582-36b1847b200c,99147503-441a-4858-9bd7-29926eb2f3c3,2025-10-08,2496.52,home,0.43,COD,0,1,0.399,metro,0,6,morning,0.3870026797871902,0.188,0
23a083ea-ce87-4e4f-8c94-fc6324a82d9b,6c3f0a1a-8fec-42d8-96f9-176f7e65ba57,2025-02-16,7946.95,home,0.122,card,1,0,,tier3,0,6,night,0.2765406569294239,0.0818,0
02bdf0ac-9633-4dd7-a0be-786fcc810b37,2c2d4aa5-69d0-4401-9393-1473b9a18e4f,2025-01-25,250.0,beauty,0.227,netbanking,1,0,,tier2,1,4,afternoon,0.11488476521704623,0.3063,0
de7e51a1-3192-41a1-b176-55190c900bb0,6bfa235b-d4d0-446f-85d2-e8dc00a3d98f,2025-02-10,372.51,beauty,0.257,card,0,5,0.625,tier2,0,1,night,0.6039320915435429,0.2783,0
bffae73a-ab31-412a-aa1b-e4527b786f96,9ee005c0-f8a6-4c23-9732-63abf3e6c333,2025-09-07,4824.43,fashion,0.614,card,0,2,0.418,tier2,1,7,evening,0.3983115828087851,0.4948,0
1e69ca96-229f-4bb4-a28d-1d1c067fabc7,06685c5f-2341-4003-97cd-809136d21d44,2025-10-01,250.0,fashion,0.178,COD,0,3,0.363,tier2,1,2,morning,0.391147140695262,0.4451,1
4ac5be6e-13e2-4c7e-9987-e9ce70d1c90d,9795bb9c-a3cd-4116-8a06-f4746212d4c6,2025-03-12,250.0,fashion,0.207,netbanking,0,2,0.103,tier2,1,5,afternoon,0.1410845122933714,0.0803,0
85afc455-12d2-49aa-8fef-44864bad126f,8c24e923-2dbf-4f43-b0b2-6e851d21fa34,2025-10-18,4906.75,fashion,0.111,COD,0,8,0.067,metro,0,1,morning,0.10820090543681238,0.1438,0
9e7d61aa-16d6-44d7-83bf-f471ede61a48,95812633-1bca-4485-8e82-3cf1daf05ab6,2025-05-14,2291.42,home,0.671,UPI,0,1,0.298,tier2,0,3,evening,0.16802115856295066,0.0618,0
f41c35fb-d668-4deb-a401-67fbf878084f,5192ac9a-c7a8-48db-bb73-9ce757c9e6ea,2025-07-06,340.8,electronics,0.027,card,0,1,0.115,metro,0,9,afternoon,0.10300308681977859,0.0344,0
820922ce-713a-4c3e-8ada-6044bb0cefaa,830587ef-e382-4480-9a46-f2fb1f6d1a0b,2025-09-16,1679.57,home,0.219,UPI,0,2,0.336,metro,0,1,evening,0.29038571770418864,0.0816,0
09dbb954-a023-4a3c-9ee6-e2199cb23814,f5069c4e-0691-43d9-b3e0-3efe7073ec31,2025-04-09,250.0,fashion,0.511,UPI,0,2,0.0,metro,1,2,evening,0.03542903995029727,0.4773,1
0d5660d2-eb7c-4b32-9c99-b83fc7b33957,f04ea3ca-68ee-4efe-a612-fe50610fd2dd,2025-08-12,2559.78,home,0.326,UPI,0,4,0.251,tier3,0,2,afternoon,0.2242312963277271,0.2661,1
1461b2ce-1728-4be3-b6b9-241498efe32c,2aaeb018-2f2d-4450-8a9d-5980ffdd1d50,2025-07-23,3445.47,fashion,0.333,netbanking,0,1,0.376,tier2,0,4,afternoon,0.30789316130355804,0.1578,0
49260734-c7a7-4e7f-b2b3-2409c7ec469d,b03cb31b-e35c-455f-b819-43d10b10f4de,2025-06-01,784.61,fashion,0.022,COD,0,1,0.197,tier3,1,2,afternoon,0.18263332309352803,0.1577,0
c433e0b9-581f-4833-9602-89140992172d,8c24e923-2dbf-4f43-b0b2-6e851d21fa34,2025-01-08,250.0,home,0.326,COD,0,9,0.018,metro,0,1,evening,0.10820090543681238,0.0786,0
7d250da9-7df6-49bb-a008-29ec82aba303,a601bb98-ed14-4e71-93e5-2be8eb49e370,2025-10-21,250.0,fashion,0.39,UPI,1,0,,tier3,1,8,evening,0.4143300984213656,0.6287,1
53b83a6b-9384-46f9-b6a6-c34d3e64c566,0cba70d8-7b76-4a59-90e8-413b36d73797,2025-04-10,2724.07,fashion,0.529,netbanking,0,3,0.334,tier3,1,4,afternoon,0.21055725528180214,0.2865,0
e96ca080-062a-4112-bd76-a791e6f65c93,e75b5a37-ac60-4066-a040-3617f0d903ea,2025-08-07,712.22,fashion,0.267,COD,0,8,0.287,metro,1,3,morning,0.24645297721478737,0.4696,1
2838a426-b425-4b9e-9c89-e21a3ded9b2c,544b57dd-aae8-4d49-a2dc-9382a2b7ff69,2025-02-26,1997.03,home,0.14,card,0,3,0.0,metro,0,4,morning,0.05655306904883348,0.0323,0
84bd253f-e3a8-4b59-bd1c-d8ec84e8b250,8c24e923-2dbf-4f43-b0b2-6e851d21fa34,2025-03-14,1432.32,fashion,0.381,COD,0,10,0.0,metro,1,2,afternoon,0.10820090543681238,0.2129,0
1076d929-7f3e-4ce7-9c58-95970bd9a807,adea2b29-dc57-4c22-baa5-2b62090b278e,2025-09-13,1143.07,fashion,0.044,UPI,0,2,0.418,tier2,1,1,night,0.4117868133302571,0.2846,0
aed371c2-3f59-40d1-be0e-e6a87871f3b4,4c2d0fbf-fe06-450e-8a17-136766d2e685,2025-10-03,354.18,electronics,0.12,card,0,3,0.229,metro,0,3,evening,0.23081817084314912,0.0224,1
c5200d39-97d3-46e6-afeb-9870cd012a00,cfc620e3-ca77-41fa-8c08-d1ff821310e3,2025-08-20,594.02,beauty,0.406,UPI,1,0,,metro,0,6,evening,0.4395738617127692,0.3153,0
6b7fd497-fc66-456f-a4a8-7ac37b3bd3fb,37917302-ee8a-4b62-a7bd-6ce861425fc2,2025-02-12,1767.33,home,0.281,COD,0,1,0.176,metro,0,3,evening,0.17989879744905538,0.3454,0
afa41084-ca77-4df2-9b06-e9c9b081aeef,f3ddac43-fdf3-4ccb-ae62-1bdf88af5fc3,2025-08-06,804.47,beauty,0.184,UPI,1,0,,tier2,0,4,morning,0.2445339867991523,0.1048,0
1812e685-8a5a-4ace-a8de-5a49ea84339c,00ee6a6c-7fdb-4d2c-971d-b1bfa29fc269,2025-03-10,1634.51,beauty,0.289,COD,0,1,0.176,metro,1,8,evening,0.18608348760507418,0.3841,0
edfd5faa-31e6-4be7-979c-bd635d3d7f93,265ca8d0-3df8-4d6f-9712-d08685f17132,2025-02-02,836.32,fashion,0.277,COD,0,7,0.305,tier3,1,5,afternoon,0.1913603605753747,0.4862,1
229f0e70-4541-43ab-b72e-bbcc035f8dc9,c3f1cc06-68c1-442a-b18b-6338217bcf62,2025-06-02,5805.21,beauty,0.267,netbanking,0,5,0.182,metro,0,4,afternoon,0.1091421274751211,0.0178,0
0b3bd06b-6d70-4e98-83eb-16912650d069,eb07b44d-b3fe-4da4-86bc-808ae9a3182b,2025-08-15,946.32,fashion,0.1,netbanking,1,0,,metro,1,3,morning,0.6823689291324807,0.3816,0
51485d53-bea8-462d-b0a6-e5ab8a169aa1,2bf1c610-a75b-412d-b0ce-9dc111d20e3c,2025-05-22,761.59,fashion,0.14,COD,0,3,0.368,tier2,1,4,evening,0.27780100478810504,0.3538,0
6479612a-ea3a-40c6-87a0-8c25e04489ab,d9358869-66e4-4ee6-bb2e-f9062117fa78,2025-01-25,1304.56,grocery,0.06,UPI,0,4,0.299,tier2,0,4,evening,0.2042925306906814,0.0371,0
1ebd4077-2b66-4277-9669-20649bea51d0,c5e8aef0-7362-4837-9a04-8b3fa7ff821e,2025-09-06,368.05,home,0.383,UPI,0,5,0.725,metro,0,1,evening,0.5144941083307562,0.2277,0
72fa2f61-8f22-49c7-8ca4-bab318e8f0c2,d3db41bc-bf8f-46e0-94b1-984f27ff9af2,2025-04-29,250.0,beauty,0.297,card,0,2,0.327,metro,1,7,afternoon,0.33315409272597374,0.475,0
4a1c29f9-6568-483e-b518-1f9f66f94644,f6ca696a-e455-41c1-9dc8-0f15409a4068,2025-03-21,1776.99,grocery,0.194,UPI,0,1,0.151,tier2,0,1,night,0.10854267231058526,0.0343,0
3cf8c652-1153-4b39-abca-c8b8733e1c4e,8c24e923-2dbf-4f43-b0b2-6e851d21fa34,2025-09-30,250.0,fashion,0.328,COD,0,11,0.092,tier3,1,6,afternoon,0.10820090543681238,0.6859,1
4998e5f1-bd7d-4053-9944-6e96a3b10b5c,d477e243-3255-42be-a122-a88f8d1ace77,2025-07-12,691.27,fashion,0.541,card,1,0,,tier2,1,3,afternoon,0.14992661347758604,0.259,1
414c015c-97b1-4f3e-862c-07cd7edab352,ac8ee436-067a-4aac-8496-8e40cfb19bfd,2025-02-10,5215.89,home,0.213,UPI,0,7,0.165,tier3,0,5,night,0.2595265118239566,0.0728,0
889362a8-d862-42e7-a456-bf038e313b0f,ded4396a-49de-44e3-a773-49b635f42e59,2025-10-03,3022.92,home,0.062,COD,0,3,0.558,tier3,0,3,night,0.5527709467025828,0.3066,0
ad938c2a-71c0-4018-ad29-2059dedd1486,4e40c152-4279-4fbe-8a2f-a127f5613ef3,2025-08-16,704.21,electronics,0.454,UPI,0,6,0.008,metro,0,5,morning,0.08097222048102413,0.0303,0
7d14d55d-b55f-4207-8ea7-802e37524fc7,ecf7432d-87ec-467d-9c61-1102e6ef87c1,2025-10-03,2271.3,grocery,0.106,COD,0,1,0.279,metro,0,3,night,0.1036578444265268,0.1331,0
015f092b-efc2-48eb-a149-476de20621cb,d36a7387-21ab-43e5-bcb9-dcddf807849d,2025-09-10,2175.35,fashion,0.285,UPI,0,1,0.361,metro,1,3,morning,0.30018529874356914,0.3159,0
cd113931-12d8-4af5-b9f7-2e73d1e0858c,5e758f8f-c2ad-4e0c-b4fc-026916c24854,2025-02-06,250.0,electronics,0.192,UPI,0,9,0.093,metro,0,5,afternoon,0.048627470043128354,0.0402,0
afe915ff-c977-432a-850d-2d11c71bfb9d,3c5c961f-c051-418b-b193-2e641b8a77f2,2025-01-26,5415.98,electronics,0.221,card,1,0,,metro,0,1,afternoon,0.24535700380139852,0.0863,0
298e636a-7be8-426f-9d29-62ea5262d7c1,f2811512-6d74-428f-81ae-77df22796b31,2025-07-26,1132.52,fashion,0.12,UPI,0,7,0.327,metro,1,5,morning,0.2916477929418046,0.2227,0
3a1aeada-ee91-4c7b-8e57-be6dba1bd20c,cd508d92-15fe-4a35-9c1b-37a278d36ea4,2025-02-05,5090.64,fashion,0.367,UPI,0,9,0.315,metro,1,3,morning,0.2771725532528444,0.1683,1
2642f0c3-b2a0-4a98-84da-94edd61b9272,a08246dd-24d9-48bb-b9d1-2b3dd9ac343f,2025-03-29,335.2,fashion,0.05,card,0,2,0.231,tier3,0,4,morning,0.19434600150643108,0.1048,0
182fa7c4-cbe4-4fbe-966c-3ff6e8823fcb,4c113ca6-2f3e-4575-82ea-ec032586d824,2025-06-09,697.25,electronics,0.318,UPI,0,1,0.0,tier3,0,6,night,0.0920841435969077,0.1447,0
aff7cab8-c388-4244-b0e1-e55443b7204f,d3db41bc-bf8f-46e0-94b1-984f27ff9af2,2025-07-23,1533.35,beauty,0.16,UPI,0,3,0.465,tier2,0,2,night,0.33315409272597374,0.0423,0
bc1cdd61-7706-4297-aa50-700a0a51c29c,434d3577-d083-4b8b-b994-7cbc72a24b1a,2025-08-16,1807.99,home,0.324,card,1,0,,metro,0,4,afternoon,0.2773816073359342,0.1596,0
3cf62391-03d9-44e8-9835-31e47bb9021e,9e244b29-e59a-4151-9944-d0558be18f54,2025-06-28,2291.04,fashion,0.194,COD,0,1,0.443,tier2,1,1,morning,0.3174880999559512,0.6892,1
865eadb2-36f0-4ade-b106-133a828c6202,b9ab6a4e-9e61-4225-8298-12bde10de7a7,2025-06-28,585.89,home,0.33,UPI,0,1,0.257,tier2,0,5,morning,0.20154150931374812,0.0957,0
12404c94-8b5e-4e1f-b500-a468408db396,76994c2c-807b-4d69-8281-3339451c46e2,2025-09-10,501.15,beauty,0.044,UPI,1,0,,tier2,0,3,afternoon,0.14594410347412967,0.2192,1
e4f66d8d-1469-4e44-8a6e-dadef2e94842,99147503-441a-4858-9bd7-29926eb2f3c3,2025-04-19,615.25,fashion,0.473,COD,0,2,0.409,metro,1,2,afternoon,0.3870026797871902,0.6044,1
4b89ff41-4386-4255-8510-3907765c1bb6,7a4e9ee7-df87-4f79-9ec7-3f4c1f489075,2025-03-20,4814.32,fashion,0.461,UPI,0,7,0.202,metro,1,1,afternoon,0.23069756686430742,0.0912,1
10a5ed8e-39d8-407b-b67f-8d368bd5c6a4,0852e904-4ae3-4e94-9040-aafca8116b30,2025-09-14,6291.07,beauty,0.446,card,1,0,,metro,0,2,evening,0.40770299645353353,0.1957,0
e6050074-2be4-48eb-bd38-b5d762a4d7de,7ca03023-719d-4cb2-9bcd-973891b6804d,2025-08-13,8842.52,beauty,0.216,COD,1,0,,metro,1,4,evening,0.12638520817096505,0.4483,1
c8f117d6-90f3-4f00-9b1d-c44da7dc1bfe,99e318ff-1a69-4f68-addf-975990bd0414,2025-09-23,1983.09,grocery,0.448,UPI,0,6,0.152,metro,0,5,morning,0.2434169799043869,0.0203,0
2e576b84-a0ca-4634-a53d-cc609c4aa0ea,6bf452e9-0173-469d-bfec-d17e576fd561,2025-07-18,1190.32,electronics,0.479,COD,0,2,0.201,tier3,0,5,morning,0.11826527161057414,0.2854,0
a2edd94c-07b0-4262-9351-e132a5b15b14,59265d36-e12e-4bfc-b8a8-29de0a16e8c5,2025-03-10,2339.27,beauty,0.199,UPI,0,3,0.325,tier2,1,8,evening,0.35941268307576457,0.2184,0
66cf6d3a-0cfa-4fbf-97b7-d06fb5bbdf97,5a48b72f-7311-4233-8e19-238ff40a366f,2025-01-15,1387.51,beauty,0.562,COD,0,1,0.179,tier2,0,2,evening,0.10212483545629032,0.2489,1
5dd27b47-89df-437d-86c9-84ba0211eb6a,6d6ae56d-11fa-4053-be24-184c1da67ec2,2025-07-05,3569.47,fashion,0.324,UPI,0,3,0.252,tier3,1,6,night,0.13845962298865533,0.4236,0
a5535ea6-604c-40ad-975e-edaf5cb00f80,f04ea3ca-68ee-4efe-a612-fe50610fd2dd,2025-05-26,2086.39,beauty,0.247,UPI,0,5,0.336,metro,0,3,evening,0.2242312963277271,0.0611,0
68e4774e-c6f1-48c0-8e8f-fb407317ba1d,85fb6dde-4673-4009-b279-08f034a747e3,2025-10-05,489.8,grocery,0.281,COD,1,0,,tier2,0,1,afternoon,0.2901295476709541,0.1306,0
9987470d-32eb-4d2c-8fd6-7504c3e65b10,7e3187ea-5ab7-4cd8-84fa-6ff053c09d04,2025-08-08,675.21,fashion,0.504,netbanking,0,1,0.259,tier2,1,5,afternoon,0.21026090580847182,0.2806,1
d7ab4ada-6990-4bee-ad4a-827247ded5e8,c967d130-c116-4a5c-8589-391097b66b37,2025-06-01,662.15,fashion,0.367,COD,0,9,0.152,metro,0,4,afternoon,0.04915448350944119,0.2535,0
76d5fbd4-4699-44dc-b0f8-142285dd73f7,02a5f6e6-ed13-4112-bdc9-2c7b67f3867c,2025-05-29,2037.58,grocery,0.171,UPI,0,1,0.335,tier3,0,7,evening,0.19943866470802457,0.0282,0
330ce4e8-9246-4b34-8189-b0bd3c174e45,0fba06d8-d561-4e1e-8221-f56fd92a018c,2025-09-13,3751.72,beauty,0.675,COD,0,5,0.404,tier2,0,1,morning,0.41585134920398,0.2854,0
7809e50d-72cd-4d27-8323-82d320a80dbc,4e7e2663-eb2c-432d-96ec-3f130e2e0946,2025-06-15,776.6,home,0.064,UPI,0,3,0.489,tier3,0,5,afternoon,0.3858310964520147,0.0499,0
7e188cb9-ddbe-40e4-9ebb-7affcd811cf2,8ea8ec03-416f-4438-a527-3c864c97142a,2025-04-25,20000.0,fashion,0.75,COD,0,1,0.114,metro,1,3,morning,0.13620156896909216,0.063,0
6d6c762c-79c3-4841-a354-0cce358005f8,84583f8e-3a44-4e32-9350-0f96b6a5ea82,2025-06-03,393.25,beauty,0.072,COD,1,0,,metro,0,5,afternoon,0.3031590335061441,0.3513,0
051baaf8-72eb-4ab9-b49a-123c0ec64d20,544b57dd-aae8-4d49-a2dc-9382a2b7ff69,2025-08-30,553.95,fashion,0.411,UPI,0,4,0.024,tier2,1,2,night,0.05655306904883348,0.1411,0
28c31154-a242-47ab-869b-c7bf1298700f,ddfc876a-1d41-4a01-b847-5b960366c16f,2025-05-24,3062.21,beauty,0.109,UPI,0,1,0.114,metro,0,2,evening,0.23305342178158567,0.0192,0
a780dd25-d1f8-4a07-89b7-1116cfa1274d,e4fc2035-70f1-45b1-82d0-0ee396f0a984,2025-02-19,3313.46,fashion,0.601,card,0,5,0.196,tier2,1,4,evening,0.21199326223067969,0.1617,0
1e521e92-d997-4545-87fc-f98652ff8df5,08aef544-c5e9-4643-9aa9-07339815a3b1,2025-03-15,6419.41,grocery,0.75,netbanking,0,2,0.443,tier2,0,7,night,0.3389478327833424,0.0557,0
13b2bf90-97c0-406f-9a62-e925ba8ac7fe,98bb6a4e-5816-4c18-b212-7ca3230dbc5b,2025-09-13,3188.48,beauty,0.17,UPI,1,0,,tier2,0,4,evening,0.23555814035267542,0.0982,0
70446649-ade1-42c2-beb0-273eff5cbad2,44408e56-9a11-44d5-8a79-5e1ddafd28e1,2025-06-17,359.03,grocery,0.296,COD,0,5,0.477,tier2,0,6,afternoon,0.24706696213115537,0.0723,0
64331800-1d6b-44f9-84f5-5c29492415e7,b9ab6a4e-9e61-4225-8298-12bde10de7a7,2025-07-01,293.64,fashion,0.03,UPI,0,2,0.228,metro,1,4,evening,0.20154150931374812,0.0732,0
cd73a67f-82dc-45b5-ac09-96b91096da1e,b209d179-6418-4f8c-bd42-8e4f831f0776,2025-10-23,919.36,fashion,0.17,UPI,0,4,0.216,tier3,1,5,afternoon,0.27580452681496,0.2229,0
89ae578c-a95c-4023-aca4-9f5b3fd1dadb,b209d179-6418-4f8c-bd42-8e4f831f0776,2025-07-20,1241.73,grocery,0.179,UPI,0,5,0.147,metro,0,4,evening,0.27580452681496,0.0156,0
9c3ee29f-cee6-4334-9581-685d934f4fc5,7a4e9ee7-df87-4f79-9ec7-3f4c1f489075,2025-10-02,2510.73,home,0.046,COD,0,8,0.219,tier2,0,8,morning,0.23069756686430742,0.1381,0
99fbcef2-71ab-402d-bc53-645778387230,5e758f8f-c2ad-4e0c-b4fc-026916c24854,2025-07-12,1004.78,home,0.03,UPI,0,10,0.031,metro,0,2,evening,0.048627470043128354,0.0711,0
c17e2df3-89f3-4834-9c9d-660b99aee78c,a46a2b9d-9e01-4de2-ae6b-488580dd4d62,2025-06-30,717.7,electronics,0.301,UPI,0,1,0.248,tier2,0,4,evening,0.36242851871884985,0.0767,0
f268bec3-36a4-4b95-b3fd-9a57fd11c6ca,80281626-ed74-46d1-a595-e40cdac50a8a,2025-04-30,4354.01,fashion,0.195,UPI,0,3,0.144,tier3,1,5,evening,0.25979890009270734,0.0527,0
41f0d988-9431-499e-81bc-c31e19d8868b,f5069c4e-0691-43d9-b3e0-3efe7073ec31,2025-07-05,3204.76,electronics,0.14,netbanking,0,3,0.104,tier2,0,3,afternoon,0.03542903995029727,0.0173,0
110f46a9-c838-4bd1-a0f9-537a915f2369,56a30258-3565-44b2-a8d7-1d0adece59a8,2025-03-29,4226.74,fashion,0.064,netbanking,0,5,0.228,metro,1,7,afternoon,0.1548544510371693,0.1393,0
dd22adb9-20ea-41d8-97fc-bde56cdd02b8,a49cc94f-63c4-479c-bb31-8eea0c37d0ea,2025-01-01,998.22,fashion,0.295,card,1,0,,metro,0,4,evening,0.4609605649107434,0.1895,1
2e0f1624-e10c-4102-8460-7f3f6da7fecc,b96b994e-0ecd-4a39-8a9c-94c3875de033,2025-10-27,1263.25,beauty,0.536,UPI,1,0,,tier2,0,3,night,0.31973660715339725,0.1795,0
e1f0a1f0-1070-4aff-be56-a12aa9645889,486a908c-5502-4cc0-9b75-37b03e21f6b3,2025-09-01,4406.31,electronics,0.306,UPI,0,2,0.169,metro,0,2,night,0.20531948812490197,0.0461,0
8781bb47-cc8e-40f6-bb16-e9d126b8b1b0,056e3d76-8183-4716-9184-151a4135f404,2025-02-23,1385.74,fashion,0.095,COD,0,2,0.269,tier3,0,6,afternoon,0.25703386186733934,0.2902,0
ea7ef631-1ad9-4b32-899f-26da18417a24,1c551f51-afaa-49c5-9ad6-c0c66f1e1add,2025-09-21,1110.12,electronics,0.279,UPI,1,0,,tier3,0,10,morning,0.31722889959077977,0.1315,0
2b97fe93-f705-4a94-af46-03c31d84bb0f,b209d179-6418-4f8c-bd42-8e4f831f0776,2025-03-23,888.55,home,0.649,UPI,0,6,0.305,metro,0,4,morning,0.27580452681496,0.0809,0
751e46d1-3b98-4c1f-87fe-a2dbf7be0256,9fb6398e-0d03-4ef7-b82b-f7d4b5edc8a2,2025-01-24,1480.85,fashion,0.136,netbanking,0,2,0.26,tier3,0,5,afternoon,0.2145242588320448,0.2676,0
4ea7251c-47ba-4b43-8dcd-3c7f569a99bd,a49cc94f-63c4-479c-bb31-8eea0c37d0ea,2025-07-09,672.51,home,0.522,COD,0,1,0.446,tier3,0,8,evening,0.4609605649107434,0.3273,0
c3c9f993-4c93-4af2-98be-467f69ae44b4,78f8646d-d401-40a1-8b6d-605e45f29fb6,2025-05-24,4842.93,beauty,0.344,card,0,1,0.156,tier2,0,1,evening,0.2928560981860891,0.049,0
6f12a361-e87a-4a12-a1de-0b4b1b9f00d1,99e318ff-1a69-4f68-addf-975990bd0414,2025-05-12,3829.27,fashion,0.256,UPI,0,7,0.209,metro,1,5,afternoon,0.2434169799043869,0.12,1
880c27b6-749e-467f-9397-954912241612,0cba70d8-7b76-4a59-90e8-413b36d73797,2025-09-05,437.7,beauty,0.224,UPI,0,4,0.127,metro,0,3,evening,0.21055725528180214,0.0942,0
fb8eb7be-1f44-46ba-9386-f861dd93b008,803488e3-f195-4510-8729-476cfdddc9b9,2025-09-01,1739.23,grocery,0.216,COD,0,1,0.543,tier2,0,4,evening,0.44640490282899387,0.0748,0
3aea9b32-6a4e-4429-8a70-21acc3e513bf,5c3a491b-f023-457b-9da7-95a4eedebd89,2025-03-21,1931.92,fashion,0.296,UPI,0,5,0.171,metro,1,4,afternoon,0.12936071938754626,0.1034,0
4cc542c8-786c-4603-8ac4-00cce00093b4,460bc87a-beb1-4f56-a5cd-1ec17422b34a,2025-05-11,2613.33,fashion,0.473,UPI,1,0,,tier2,1,3,evening,0.10883559867342446,0.5593,0
a3389677-79bc-454c-8154-a02721596525,06685c5f-2341-4003-97cd-809136d21d44,2025-02-21,480.06,beauty,0.078,COD,0,4,0.389,metro,1,1,afternoon,0.391147140695262,0.6843,1
51d09f87-5d53-4fb5-96a5-6dc7aaf21d29,a6d7cc39-c408-4a35-a826-06da3efd2983,2025-09-22,306.46,electronics,0.292,COD,0,3,0.404,metro,0,3,afternoon,0.3734683492632352,0.1379,0
f00fc16a-e30c-4da3-aedb-05da8f4736ce,f08d853b-6894-4bb3-971c-4183b39fae0e,2025-02-04,1865.99,home,0.096,UPI,1,0,,tier2,0,2,morning,0.2486017792851423,0.0814,0
c76d5225-1858-49a9-ae25-bcc05b7742a7,00ee6a6c-7fdb-4d2c-971d-b1bfa29fc269,2025-05-07,5314.32,beauty,0.28,UPI,0,2,0.149,metro,0,2,morning,0.18608348760507418,0.1417,0
7ea6a7c9-b488-48aa-a22c-afde8e7fb1be,1ec19d12-c4c9-4320-a035-98e17c951577,2025-01-24,5009.49,fashion,0.188,UPI,0,5,0.254,tier3,1,5,night,0.18576378008237582,0.1201,0
c9ceb03c-9cb8-4032-8407-4779ee98698b,cd22e339-d3f8-4cc3-a7e9-96ec53435b80,2025-06-10,1021.24,beauty,0.112,COD,0,2,0.206,tier2,0,5,afternoon,0.1965713354260339,0.1466,0
b59d7036-4092-4603-9204-82c2c7e0e16a,f0a8c6bf-2809-4029-9113-e981813368f5,2025-06-28,1128.51,fashion,0.312,UPI,1,0,,metro,1,1,night,0.29458700556517403,0.4277,0
be244217-81b9-46dc-bb2f-6eee94de8866,5f406040-6dfb-4ae2-9890-7f640e616156,2025-02-22,9143.39,home,0.177,COD,0,3,0.378,tier2,0,1,night,0.2831068452109286,0.0876,0
40de618d-add5-4759-a48a-f3fdaf761141,44408e56-9a11-44d5-8a79-5e1ddafd28e1,2025-05-21,3276.24,grocery,0.248,UPI,0,6,0.321,metro,0,5,afternoon,0.24706696213115537,0.0236,0
e64473a5-4a32-4e88-af71-465105a5dad0,7ad8d8d0-3c53-4023-9d01-1d4f1178ac1f,2025-01-26,250.0,home,0.572,UPI,1,0,,tier2,0,4,evening,0.38721590235978126,0.4315,1
0d64ee4e-195f-471b-b488-65d4dafc5c5a,3678c134-a42b-4685-ad15-81b9e73e73aa,2025-07-06,1584.17,grocery,0.097,card,0,2,0.219,metro,0,4,morning,0.1373435706874969,0.0073,0
c67703f6-c10b-4613-ac0b-eaefcc16a118,d3db41bc-bf8f-46e0-94b1-984f27ff9af2,2025-07-16,324.48,electronics,0.34,COD,0,4,0.296,metro,0,5,afternoon,0.33315409272597374,0.1563,0
68d0e595-356e-4c5f-a563-64ae785987ea,42a14875-57df-44bd-b0ae-141793f01b7e,2025-08-22,2176.29,fashion,0.259,UPI,1,0,,metro,1,3,night,0.32814923883527064,0.5042,0
40d96930-1bd6-4710-91ef-9e89825987e9,99147503-441a-4858-9bd7-29926eb2f3c3,2025-09-28,3515.14,home,0.396,card,0,3,0.351,metro,0,4,evening,0.3870026797871902,0.0178,0
7310d8ad-27f3-4192-aed0-15282494d7ba,99e318ff-1a69-4f68-addf-975990bd0414,2025-05-27,250.0,electronics,0.25,card,0,8,0.417,tier2,0,7,afternoon,0.2434169799043869,0.0485,0
de172244-bd06-41ca-afb5-0d47fc40c825,dcfb9946-a9ab-4782-b840-e6aa0ca016ed,2025-07-04,1114.2,electronics,0.129,netbanking,0,1,0.532,tier2,0,3,afternoon,0.5048241459567955,0.1062,0
a06fe839-d886-42fc-a787-c0b145fefc86,e79af22d-f7a6-42c3-80e2-0d49628e908e,2025-08-06,486.37,electronics,0.311,netbanking,1,0,,tier2,0,1,afternoon,0.1701013638867513,0.1522,0
11f8f4e8-4838-4a27-9480-548faf7245f0,830587ef-e382-4480-9a46-f2fb1f6d1a0b,2025-01-10,3379.23,home,0.318,card,0,3,0.248,tier2,0,2,afternoon,0.29038571770418864,0.0423,0
0e170371-579d-4a78-a7dd-aaeeb6a543cf,397d373a-f33e-473f-9362-3154a53fe5ef,2025-04-13,514.78,home,0.172,card,0,2,0.449,tier2,0,2,afternoon,0.3797344893685818,0.1121,0
ef072d9d-76fe-40c1-b4a8-55a26f70dcef,1ec19d12-c4c9-4320-a035-98e17c951577,2025-04-03,3137.2,grocery,0.086,COD,0,6,0.219,metro,0,3,evening,0.18576378008237582,0.0502,0
dd5de607-1a43-47f1-8df5-00cb33d095c7,a6256430-3c71-4085-bbd4-f11ec5db53de,2025-02-26,320.29,beauty,0.283,COD,0,2,0.21,tier3,0,5,afternoon,0.20459557629689876,0.1884,0
d5e0a744-5cda-4d1f-9bec-add6ddda60d7,a87c4e0a-d519-4ce1-a149-fe0f406dbb4b,2025-03-18,250.0,beauty,0.456,UPI,1,0,,tier2,0,2,afternoon,0.1339182046543242,0.2623,1
f0bd52a9-44e9-45a9-99da-6106a6219dd9,ac001004-0e39-45ca-9077-5b2eda63a395,2025-10-06,6707.55,fashion,0.234,UPI,0,2,0.188,tier2,1,1,evening,0.10949310651314134,0.0494,0
c80673f9-0016-43cc-82b0-36f6e673d919,76af2820-184c-47d9-9bd2-4b2f7eb04dc2,2025-05-10,1122.75,electronics,0.082,UPI,0,2,0.151,tier3,0,6,night,0.03002375015151436,0.1014,0
f0638090-888f-47a7-b9f4-f9f605e5894a,19ae94ec-7d3b-445f-b9ac-092f54f91579,2025-01-08,1039.89,fashion,0.621,COD,0,2,0.006,metro,1,2,evening,0.06852796151158619,0.2697,1
3c22cf54-c234-4846-9228-3e75bdbda3e7,99147503-441a-4858-9bd7-29926eb2f3c3,2025-02-23,1507.19,fashion,0.313,COD,0,4,0.397,metro,1,4,evening,0.3870026797871902,0.4764,0
bd629dc6-2d99-4cea-bf00-b1cabd6c4ec6,3b68140d-c04c-4ece-87a7-1b051083612b,2025-10-16,669.94,home,0.081,COD,0,3,0.251,tier2,0,3,afternoon,0.3098477304837669,0.2384,0
523d268a-2c28-45ee-9a43-9ceb11158025,627c64b8-7f4f-48a1-ac38-9594119b679b,2025-09-27,1544.93,fashion,0.259,card,0,1,0.712,metro,1,4,afternoon,0.7642110094338409,0.6408,0
82f948df-339b-45f5-abaf-48da6155efac,c8304999-5e1c-4b95-acfb-c19c3d0856ca,2025-07-15,3125.22,home,0.29,UPI,1,0,,tier2,0,1,afternoon,0.25774521074598095,0.122,1
b4dc4cd6-ba5a-4ff9-bc07-2b2d9a6fd10d,4d47ad50-ed68-4545-af4f-485a9b29b711,2025-10-27,452.94,fashion,0.311,UPI,0,3,0.231,tier2,1,2,morning,0.21989011196511407,0.6431,0
bc4ef96a-ced5-4b82-9fa0-3e2eded9db05,ddecbf91-5b76-4f9b-b303-8fd0a39c55d2,2025-04-04,1570.21,fashion,0.657,UPI,0,1,0.699,tier2,1,5,evening,0.6643987566463582,0.3875,1
bc47b09b-bff4-4815-ba60-892ec0087113,3c287f81-302b-49d7-b333-502c52764540,2025-07-06,3531.23,electronics,0.632,COD,1,0,,metro,0,2,night,0.46015210405281526,0.438,0
8fb9fc98-da12-420b-9826-f0949f864019,6989ae90-0baf-4d26-a984-467ee8310de4,2025-05-28,2611.46,fashion,0.22,UPI,1,0,,metro,1,2,afternoon,0.15399488329390626,0.218,1
df02cb4f-3cd1-402d-98c4-54b2b6658542,b0694581-e5bf-4757-913a-46834d324ff0,2025-04-29,1907.54,fashion,0.187,UPI,0,5,0.28,metro,1,2,evening,0.2365731909103324,0.3435,0
35acde7f-1ba5-4165-af17-348098bb6306,dda5b132-3c35-48db-8feb-21f14075f104,2025-10-22,2566.18,electronics,0.186,COD,0,3,0.228,metro,0,4,morning,0.23310699843617838,0.0867,0
3dc02fbb-9091-4d9a-8644-0fe9d809dad8,a65430c1-b88c-4a75-8504-7fad44dca109,2025-09-08,2629.93,home,0.64,netbanking,0,1,0.038,tier3,0,8,evening,0.18723773115835693,0.0771,0
86e55863-ec42-4475-af47-9ae870feb3d3,7f51804d-0307-4367-8d0c-719db1094ae8,2025-01-22,1492.46,fashion,0.405,UPI,0,1,0.198,tier2,0,3,afternoon,0.21082490652703922,0.2588,0
4632c5dc-ea4d-47a7-a180-d6d5b6f0889b,59265d36-e12e-4bfc-b8a8-29de0a16e8c5,2025-05-22,1107.87,electronics,0.399,card,0,4,0.267,tier2,0,7,afternoon,0.35941268307576457,0.0796,0
36d2787e-ac99-46cf-8f53-93e7308ab6bd,8f7406c2-6849-4d3e-92b7-6e3b17489d67,2025-03-18,11724.07,beauty,0.117,COD,0,1,0.436,tier3,0,6,afternoon,0.3269451502115473,0.0445,0
5df668a2-b476-4324-9bf3-fa9bf874732e,ccb655d6-cf38-407a-8bc7-0e7e075b7b40,2025-10-22,538.04,beauty,0.149,COD,0,1,0.191,metro,0,1,night,0.24986565117884016,0.1424,0
87c944e0-26f8-43c2-8d96-f47eff76ab3e,f08d853b-6894-4bb3-971c-4183b39fae0e,2025-10-20,2936.86,home,0.086,UPI,0,1,0.331,metro,0,6,afternoon,0.2486017792851423,0.0919,0
c4e4c9d4-e931-468f-82b4-3253c4e3c919,13182ea4-be24-4b97-856d-8d507c92c272,2025-02-27,1774.9,electronics,0.011,card,0,1,0.12,metro,0,4,afternoon,0.25921265445369807,0.0216,0
931f225c-2462-4750-b987-a8ac1c7a0ecf,6df9a58c-9831-41d7-8a30-4c1802eb1988,2025-06-13,3603.5,fashion,0.024,UPI,0,1,0.078,metro,0,2,morning,0.14393935494351567,0.0315,0
8337ddee-0bb2-4fd8-99f9-333f61b3545e,dea29f8e-ac26-475e-a225-300fac669ed0,2025-07-29,6002.7,home,0.189,COD,0,8,0.223,metro,0,2,evening,0.2211439005048725,0.0739,0
cc267d05-4228-4dcd-8da2-c35bfb415fc9,5f081b4a-32f7-44ad-9860-032c5083af4c,2025-04-12,250.0,grocery,0.118,COD,0,1,0.032,tier2,0,2,morning,0.21409142015917093,0.015,0
4f55e302-d116-405b-945a-c2af509ab602,16ddae25-3f28-41d0-8a77-c8c87723adfa,2025-02-07,1557.59,fashion,0.255,card,0,4,0.345,metro,1,3,evening,0.30707185083804733,0.5937,0
0d01d4c6-e8b9-40d9-ac57-79abe150d0ac,80f51681-2009-48ac-926e-7b7901f96486,2025-10-21,916.9,electronics,0.081,UPI,0,3,0.035,tier2,0,7,afternoon,0.025007063694987345,0.038,0
b9235ae8-434b-44ce-b2b5-fc84a375518d,8b84f422-bb78-4d5b-8e7c-ee05fa3b7db7,2025-10-01,1527.91,grocery,0.352,UPI,0,1,0.152,tier2,0,1,morning,0.130383422505818,0.0512,0
dfc67ab7-67c0-4e94-9bc9-30c137d19049,06685c5f-2341-4003-97cd-809136d21d44,2025-08-13,677.01,grocery,0.495,UPI,0,5,0.334,tier2,0,2,night,0.391147140695262,0.1361,0
386e7ab9-3f4e-4b78-a550-d214468d15c4,92f8f8f3-1a19-41b0-9888-9ad14e0b35ba,2025-03-05,2109.03,electronics,0.75,card,0,5,0.145,metro,0,3,afternoon,0.14720873128711998,0.0425,0
171a0140-32d7-46fe-8d27-3e4e5e687394,dea29f8e-ac26-475e-a225-300fac669ed0,2025-07-29,6682.86,electronics,0.272,COD,0,9,0.241,tier2,0,3,afternoon,0.2211439005048725,0.0347,0
7e8b51e0-1783-4afe-81e4-23df82697162,b86ee3a9-928c-4ec5-8783-0beb41950f27,2025-07-09,1489.65,fashion,0.461,COD,0,5,0.064,metro,1,5,evening,0.05573145024510638,0.6475,0
49967123-9d77-4748-b064-46f101efd8f2,c901a58c-6ac4-4a3a-a5d1-4198a13622e7,2025-07-20,2535.25,grocery,0.495,COD,0,2,0.154,tier2,0,5,afternoon,0.15906278458837203,0.0591,0
e847c394-78a3-4a5b-b0f8-6a8ed56d61ca,16761a20-3269-4f16-945e-f043559094ff,2025-10-14,1484.33,home,0.175,UPI,0,2,0.0,tier2,0,2,evening,0.021433052089598018,0.0324,1
beb208ac-7160-4221-a86b-acb28733be6e,ec11d559-7980-4914-89e3-b56e72adba0b,2025-06-25,2134.47,beauty,0.53,UPI,0,4,0.216,metro,0,2,morning,0.1561219227039281,0.0612,0
80ed80ac-775e-4123-989e-a0f314c34402,4a942cba-c277-4ef3-9510-65b3301f67fa,2025-08-28,3773.34,home,0.048,COD,1,0,,metro,0,3,afternoon,0.1562196164642481,0.0341,0
e2b5ff61-d387-4898-a663-08457002b29a,f45b091a-9cb1-4a31-93be-6a3c7b54a42d,2025-03-29,250.0,electronics,0.339,card,0,1,0.218,tier3,0,7,evening,0.15829274806408117,0.0938,0
57c198d7-7cc8-4483-ad7f-b84859096263,76af2820-184c-47d9-9bd2-4b2f7eb04dc2,2025-02-28,3377.11,home,0.172,COD,0,3,0.092,tier3,0,6,night,0.03002375015151436,0.1449,0
492239e8-55aa-4bd2-a3d2-d19c472a10d8,8c644659-9832-432b-b635-3578f419696a,2025-08-20,2504.9,fashion,0.197,card,0,2,0.224,metro,1,5,night,0.18587087319682674,0.2381,1
d950e646-e984-4467-a9b7-969c8afd5071,b7fee608-f381-4167-a173-bf1ad38bdb79,2025-03-20,1881.8,fashion,0.207,UPI,0,2,0.085,tier3,1,5,night,0.05881659853496958,0.1407,0
9c07821d-169c-4555-ba00-617d18845a34,99e318ff-1a69-4f68-addf-975990bd0414,2025-09-04,3260.33,electronics,0.501,card,0,9,0.351,metro,0,2,night,0.2434169799043869,0.0412,0
8998b1f3-2ddb-40d4-8706-5009e951444c,78cceba9-3d2c-474b-9fa6-2572b3f3cad0,2025-07-01,418.03,home,0.063,COD,0,1,0.236,metro,0,6,evening,0.26241881723183863,0.2216,0
809393bf-e881-4fcd-aefc-b388c4429730,8cbd732d-d57a-4b45-b5e1-0c089747cbbe,2025-04-26,2086.07,grocery,0.649,UPI,0,1,0.278,tier2,0,1,afternoon,0.23983923810393037,0.0915,0
9bf78fed-b562-4e09-8066-6cd562045ad8,ce8ac74b-c6d0-4367-a531-d43bfe5b2bf6,2025-10-12,1842.31,electronics,0.644,COD,0,1,0.333,metro,0,1,evening,0.32830159764792616,0.1312,1
18bc57f8-1bc1-4139-86c0-f1be5236ade1,23e32764-758e-4794-955b-dcf8340ad6bc,2025-02-16,1625.83,beauty,0.051,UPI,1,0,,tier3,1,3,evening,0.2484904830770941,0.103,0
686855a3-8490-42c0-a2f8-ecd076b4c91f,5e758f8f-c2ad-4e0c-b4fc-026916c24854,2025-04-14,455.58,grocery,0.096,COD,0,11,0.166,metro,0,3,evening,0.048627470043128354,0.1699,0
f5cef05f-090e-49ec-a3c6-125691c99288,694022be-f45b-4b98-8a1e-01682ff6e821,2025-05-18,4039.91,electronics,0.114,UPI,1,0,,tier3,0,5,morning,0.09634270484326586,0.1734,0
c9a42d8b-b60a-40fa-8583-66d49534d855,1d389e03-f41d-4493-8048-8d028a5d27f2,2025-06-15,747.32,home,0.511,UPI,0,1,0.285,tier2,0,1,afternoon,0.3251850941589013,0.0884,0
2a974f2a-3bcd-46ca-8782-c235189a5dad,3678c134-a42b-4685-ad15-81b9e73e73aa,2025-02-10,250.0,electronics,0.071,UPI,0,3,0.131,metro,0,1,night,0.1373435706874969,0.0256,0
6ec3e1e8-6122-4264-b428-df6e0eb59057,3619f901-76a0-4d85-88c5-2c8345d5b144,2025-09-11,2726.6,beauty,0.235,card,1,0,,tier2,1,9,evening,0.3753463445849248,0.338,1
c147ace9-542c-4975-9794-1d69dc100629,7a4e9ee7-df87-4f79-9ec7-3f4c1f489075,2025-10-10,917.85,beauty,0.142,COD,0,9,0.205,tier2,0,2,evening,0.23069756686430742,0.1201,0
9b11fbd4-d357-4ce9-aa05-456bc789fc5f,5c3a491b-f023-457b-9da7-95a4eedebd89,2025-04-26,704.09,grocery,0.48,COD,0,6,0.136,metro,0,4,evening,0.12936071938754626,0.0673,0
7c3a6940-3cf3-4915-853d-679facb35446,2b77e152-ac97-4061-9e6a-5abdc78bc29a,2025-04-20,4917.44,fashion,0.316,UPI,0,4,0.271,tier2,1,4,evening,0.29832839962512075,0.1521,0
56e990ca-0a34-4daa-b8fa-154e307625e9,c96a9e4f-f6e2-4582-900e-e47a05c7f83a,2025-07-01,466.88,home,0.477,UPI,0,2,0.497,tier2,0,4,night,0.45454338905514596,0.0782,0
415de30b-fc34-4b02-98d2-86b6e73d97e1,1adfba2a-67be-4047-b8d7-6fa58294836e,2025-03-14,1576.09,beauty,0.473,COD,0,5,0.348,tier3,0,3,evening,0.34129841122598414,0.7039,0
704df8e9-11cb-46a3-9cc7-e0d905fd9817,b7fee608-f381-4167-a173-bf1ad38bdb79,2025-03-15,3017.43,electronics,0.338,COD,0,3,0.275,tier2,0,3,morning,0.05881659853496958,0.0498,0
39a44539-1602-4909-9151-8e37282aafe3,a08246dd-24d9-48bb-b9d1-2b3dd9ac343f,2025-06-28,250.0,fashion,0.127,card,0,3,0.222,metro,1,2,evening,0.19434600150643108,0.0541,1
ed00c83b-80f3-4209-8ab9-a9494060bc4a,3619f901-76a0-4d85-88c5-2c8345d5b144,2025-03-02,544.78,fashion,0.056,card,0,1,0.209,metro,1,1,afternoon,0.3753463445849248,0.2396,0
921c2c7e-c02b-487f-bcc6-dd98fe6e900f,359835d2-74a6-4ae7-bdf8-2bdc4ed675dd,2025-02-15,366.82,grocery,0.468,UPI,0,2,0.075,metro,0,8,evening,0.05662677973259444,0.0322,0
e7a7d7c0-34ce-4b9c-90a3-39a68d62584c,0b6f3e2b-84fe-456b-ad93-ffcb76fb728f,2025-06-06,662.19,fashion,0.191,card,0,5,0.182,tier3,0,8,evening,0.19762424986659227,0.2072,1
ad01f738-eebc-443f-b93e-dd24313046c7,1890b31b-1dee-42e9-ac0d-c65f3ce14b55,2025-05-24,703.08,fashion,0.4,UPI,0,1,0.159,tier2,1,2,afternoon,0.1840815893241802,0.2567,1
59a6dce4-5230-401d-9712-cf26387e79cb,c04c2c09-5f42-4b59-aeb5-6d35280a5d01,2025-02-13,19395.3,home,0.32,COD,0,4,0.0,tier2,0,1,evening,0.06067469417646223,0.0089,0
fef692bc-5688-431c-9948-2c2c46bfdc6b,fb1954cc-c93f-44b4-9155-10ddd8571b6d,2025-02-25,401.92,fashion,0.242,UPI,0,1,0.116,tier3,0,2,morning,0.23865381601921165,0.1313,1
e0e6b5d8-75f7-43d4-a9b6-553ad2a47bbc,95812633-1bca-4485-8e82-3cf1daf05ab6,2025-04-23,2068.69,electronics,0.086,COD,0,2,0.112,metro,0,2,evening,0.16802115856295066,0.0863,0
53efc6b4-d89e-48bd-b550-08bd1db32063,4d47ad50-ed68-4545-af4f-485a9b29b711,2025-01-29,585.13,fashion,0.381,card,0,4,0.186,tier3,1,4,afternoon,0.21989011196511407,0.4642,0
4cbfd6c0-9828-4ac7-86d0-80f2b94525b0,d9358869-66e4-4ee6-bb2e-f9062117fa78,2025-07-13,2098.63,beauty,0.369,COD,0,5,0.346,tier3,0,6,evening,0.2042925306906814,0.2633,0
a0b4514c-adbe-4549-ade7-738c1dae5bde,a0d51492-1a9d-4d8c-bef3-c77305837da5,2025-10-12,2965.32,electronics,0.375,UPI,1,0,,metro,0,2,evening,0.07875622019451736,0.1192,0
93b782f1-b175-4386-ba39-88a226c590ce,906a171c-f8ef-4c41-9106-4dedffaed9e4,2025-01-22,959.57,fashion,0.298,UPI,0,2,0.051,tier2,1,4,morning,0.14849469586761202,0.1516,0
2ca2e5aa-896f-48d4-a3bc-14965ed05223,b075ba2a-dc8a-4f00-8b48-c2bd3a0cbe65,2025-08-19,850.79,home,0.538,card,0,1,0.241,metro,0,5,evening,0.2426758876131097,0.0816,0
b19fb120-fcd1-404b-8b00-d32cf4eb1536,68d271d2-8307-4663-83d1-e915ae715123,2025-04-30,2657.44,beauty,0.137,COD,1,0,,metro,0,4,evening,0.2881986119409372,0.1844,0
34585cf8-0049-49a4-919d-bdd5c5c53f4b,487e0072-ff7c-4376-aa94-0ed39d21882d,2025-05-09,2488.0,beauty,0.091,card,0,2,0.144,metro,0,2,afternoon,0.10058728392504118,0.0315,0
11987167-666d-4fed-bfef-9a8c6ebded38,e4fc2035-70f1-45b1-82d0-0ee396f0a984,2025-03-11,1424.16,electronics,0.155,UPI,0,6,0.237,metro,0,3,afternoon,0.21199326223067969,0.0174,0
43f19e4a-98f8-41ad-a1f9-d81c393c6913,d9358869-66e4-4ee6-bb2e-f9062117fa78,2025-04-16,486.01,electronics,0.34,UPI,0,6,0.151,metro,0,2,afternoon,0.2042925306906814,0.0261,0
8726085e-dd34-4d7e-84ca-b8d0d255739a,31a583d0-4fa7-49b3-9881-d237a7af9e9c,2025-03-18,3649.98,grocery,0.25,UPI,1,0,,tier3,0,7,afternoon,0.11173338786746698,0.0456,0
e538402b-bee4-4175-844d-e5bee0fe4a68,c967d130-c116-4a5c-8589-391097b66b37,2025-06-18,510.33,fashion,0.238,UPI,0,10,0.023,tier2,1,1,night,0.04915448350944119,0.0509,0
1ba3c93c-36e6-405f-86c6-53b5b3d68769,b1c4a910-a264-4fd1-bce7-dc4276863bf7,2025-10-03,3296.0,fashion,0.47,COD,1,0,,metro,1,4,evening,0.19332560170204371,0.5065,0
9f2715be-79be-420e-99d8-ad0e9c712c0d,7f51804d-0307-4367-8d0c-719db1094ae8,2025-07-23,767.63,home,0.23,UPI,0,2,0.196,metro,0,1,evening,0.21082490652703922,0.0423,0
cd1095c8-4ac0-40ab-b685-9f8d53eba02b,c96a9e4f-f6e2-4582-900e-e47a05c7f83a,2025-10-20,5894.34,beauty,0.087,COD,0,3,0.414,metro,0,1,afternoon,0.45454338905514596,0.1271,0
9e9721ae-d13e-4e99-bb0a-1b73aa22727f,3396f583-20d7-4d8a-83aa-dff5b5ea02d4,2025-04-06,3634.84,grocery,0.128,UPI,0,1,0.065,tier2,0,3,afternoon,0.032458508417533755,0.0053,0
6256a41f-2920-4900-ad74-00a3b7b6d856,ddee46c8-c4fe-41ab-a3e6-fcd9fe51e97f,2025-03-10,985.36,fashion,0.264,UPI,1,0,,metro,1,3,evening,0.20565504312437694,0.3664,0
32203998-18a1-48b4-b934-ce34976aa0ab,460bc87a-beb1-4f56-a5cd-1ec17422b34a,2025-04-06,6765.86,grocery,0.184,UPI,0,1,0.027,metro,0,1,morning,0.10883559867342446,0.0086,0
6f889d29-ace9-4c9b-b2c7-32b21b20191c,ae369547-fee2-49f7-9496-0e050aec2a89,2025-09-07,2259.4,fashion,0.418,COD,1,0,,tier2,1,2,evening,0.5692182601492508,0.7065,1
9b7b57fa-aeae-4d0d-8b93-fb7f0bac576b,70fbd7a9-7e4e-471f-a184-24d9cda9ee4b,2025-10-16,1606.78,beauty,0.145,COD,1,0,,tier2,0,5,night,0.28318456286061405,0.3812,0
789d31ee-0ecd-4cbc-a1fd-ec2dcd506a08,38543a37-c3ff-4947-a0be-4c688daad6b3,2025-06-07,8138.68,beauty,0.289,card,0,2,0.241,tier2,0,3,morning,0.3007027884503935,0.0393,0
e53bc7a2-743b-4b04-9191-86d6f00bf91a,236d11d7-cc84-47c1-9d4b-15dd6891dcbc,2025-08-10,563.58,fashion,0.307,UPI,0,8,0.311,metro,1,4,night,0.22121655786542901,0.1945,0
b94ec7b6-655a-4e21-97a1-147f29fd4c8f,5206e474-5d4f-487d-aaaa-b87df2281dbf,2025-08-13,250.0,home,0.056,COD,0,1,0.206,tier2,0,4,evening,0.1720539793002365,0.1025,0
81473b04-cc01-44ad-9ae4-f5504045e93a,99e318ff-1a69-4f68-addf-975990bd0414,2025-10-03,1960.79,home,0.601,card,0,10,0.169,metro,0,5,afternoon,0.2434169799043869,0.0947,0
2c883632-470a-4bc4-ac2b-6b9b702f48d5,60ab47fa-fe76-4aa1-9125-a3006288e298,2025-05-04,1640.41,fashion,0.276,card,0,6,0.273,tier2,1,1,night,0.2897378778415542,0.1312,0
52110aa6-4256-45e0-8005-167463fa2e1f,b9ab6a4e-9e61-4225-8298-12bde10de7a7,2025-02-10,452.97,home,0.369,card,0,3,0.234,tier2,0,3,afternoon,0.20154150931374812,0.0256,0
be3e270f-da5c-4772-a3e3-0543d27c8c6a,e6b84507-0320-4dab-b918-04a7dcb15931,2025-06-17,397.23,grocery,0.025,UPI,0,1,0.205,metro,0,4,night,0.27966983742156076,0.0117,0
2671169d-767d-464b-ba35-0ae10e62cc30,c987e835-2514-40cd-834c-f4d2261dd56b,2025-07-22,3521.29,electronics,0.104,UPI,0,2,0.089,tier2,0,3,afternoon,0.06015710717930573,0.0158,0
051afd90-af24-4643-90e8-e3c97e3a891c,96548d63-d341-4206-a268-42e6fde9bfb5,2025-02-20,591.29,home,0.252,UPI,0,1,0.231,metro,0,2,afternoon,0.20321741031586962,0.0668,1
89166910-0959-4f27-9753-909aef0c2a8d,aff1ce45-76e8-4351-bf60-ff2e95431e9b,2025-01-08,5441.58,electronics,0.273,COD,1,0,,tier3,0,4,evening,0.5318032893846185,0.2561,0
f454f20d-e3cd-4346-a793-08336b402da3,28660f34-5a61-4e07-8f8c-96c4fb8d6d70,2025-08-12,790.79,beauty,0.163,UPI,0,3,0.068,tier2,1,3,morning,0.052918216172000036,0.0765,0
29c65894-7858-44a7-8607-ea17c3c5f6db,3619f901-76a0-4d85-88c5-2c8345d5b144,2025-02-24,257.33,fashion,0.077,COD,0,2,0.164,tier2,1,5,afternoon,0.3753463445849248,0.4153,0
8c36958e-59f1-438f-be32-6d011613eea3,00ee6a6c-7fdb-4d2c-971d-b1bfa29fc269,2025-10-25,3171.56,fashion,0.212,COD,0,3,0.128,metro,1,4,evening,0.18608348760507418,0.4041,1
2ef8053b-22bf-4775-b865-f579c23b86f6,68262a6a-6ac1-42fe-98a7-276d26ecc4bd,2025-06-15,3654.62,grocery,0.17,COD,1,0,,metro,0,5,morning,0.43588893355319247,0.0993,0
11a22590-1fe0-4789-8726-b49021936bea,bcde20be-c3fc-4491-8460-a05b51f9baab,2025-08-14,7285.07,home,0.19,COD,1,0,,metro,0,2,evening,0.44367742457242815,0.0946,1
42b854b6-0935-4ea1-80a3-9db46e327c61,cfa6718c-6425-4250-8ae9-f124849a2a34,2025-02-25,306.14,beauty,0.269,COD,0,1,0.226,tier3,0,7,evening,0.26428705277408854,0.2945,0
48fb3e0c-4b19-4d00-84f6-fe92c61c0de0,75d01b16-6ada-4bc9-b0e7-fcd9549b8b09,2025-02-27,3086.28,home,0.089,UPI,0,1,0.298,tier2,0,4,afternoon,0.278455179805805,0.0663,0
f89e928e-c520-454b-b965-0b8a30cc635b,cd508d92-15fe-4a35-9c1b-37a278d36ea4,2025-03-19,1026.54,electronics,0.246,card,0,10,0.388,metro,0,2,evening,0.2771725532528444,0.0235,0
5315f9a3-12ee-485e-960d-a9b7a48cdb4d,24f462d2-ab23-4d64-b4cd-5e1193e7769f,2025-07-03,390.93,fashion,0.048,card,0,1,0.713,tier3,1,2,morning,0.5997722687005431,0.4638,0
2be49e95-eb24-42c4-b538-5d99088d3f35,ecf7432d-87ec-467d-9c61-1102e6ef87c1,2025-03-26,1343.76,fashion,0.127,card,0,2,0.059,metro,1,3,afternoon,0.1036578444265268,0.0852,0
9b28c16e-3eb7-4295-9a83-6948f0672af6,3396f583-20d7-4d8a-83aa-dff5b5ea02d4,2025-01-15,749.6,fashion,0.255,netbanking,0,2,0.161,tier3,0,4,morning,0.032458508417533755,0.2187,0
a0f0eb26-80da-4cb1-b73a-5dc750f716bb,b409e3d7-b9a4-422f-952f-eaf1d5521144,2025-01-02,742.16,fashion,0.256,UPI,0,5,0.411,tier3,1,5,night,0.3974441051585353,0.3651,1
dd4eaf9c-d2ce-4c3f-8685-a61edc6cffd0,cba0fbf1-c8e0-4aa6-8a6b-48f3baba929d,2025-05-02,891.07,electronics,0.603,card,0,4,0.194,tier2,0,2,evening,0.3706024922013499,0.1357,0
575c5275-3583-46d6-a678-40ded68ca143,912383ff-d344-436a-862e-61ab640188b1,2025-07-31,2020.56,home,0.455,UPI,0,1,0.762,metro,0,3,night,0.668440832463893,0.247,0
794ceb57-54e4-4f81-aba3-9d924c853d19,98389b8b-658b-4eca-b919-9c37c2dbce1f,2025-09-08,1572.03,fashion,0.384,card,0,1,0.0,metro,1,2,afternoon,0.04552205229964168,0.2552,1
50b6626b-5336-4adf-86c2-bd738c3d677d,48a2973f-59ba-4d33-a2e9-5e1b1c4043c8,2025-06-19,250.0,beauty,0.585,COD,1,0,,metro,0,2,evening,0.45650740325159334,0.684,0
915c238a-83d2-41ef-a76a-7a39459cd4ad,cfa6718c-6425-4250-8ae9-f124849a2a34,2025-04-08,4435.14,electronics,0.2,UPI,0,2,0.253,metro,0,3,morning,0.26428705277408854,0.0146,0
d0ae8e91-b09f-4715-b7b1-7fd7d90d721d,16761a20-3269-4f16-945e-f043559094ff,2025-07-22,719.31,fashion,0.35,COD,0,3,0.0,tier2,1,4,night,0.021433052089598018,0.5193,0
4e83e720-f982-4a7f-bf83-8a36769e2a50,694022be-f45b-4b98-8a1e-01682ff6e821,2025-07-02,728.48,home,0.461,UPI,0,1,0.2,tier2,0,5,evening,0.09634270484326586,0.0438,0
ddf45c4c-2a17-405b-baa8-f670fb0a7d6d,e8236567-e21a-46bf-9ba0-de610564b03d,2025-05-14,342.08,electronics,0.73,COD,0,2,0.104,metro,0,1,evening,0.0912579377429543,0.1223,0
25c7a76b-c167-4e82-8594-acbe53e7dc80,17b4ac80-5793-4301-bfa9-f9aefc25fff1,2025-05-31,3008.55,fashion,0.064,card,0,3,0.126,tier3,1,5,afternoon,0.12601617248198352,0.1229,0
159e5a97-1c7a-4b29-b9f4-bc4ec077db32,9ed30459-baa2-46a2-ad3b-80868919e0f4,2025-08-29,1247.22,beauty,0.201,card,1,0,,metro,1,3,morning,0.22367316697863052,0.4148,1
d4b600a4-8126-48e7-928b-ffb35434f3e8,2c576be7-69b1-4b4d-9e40-1bf81cad07fc,2025-07-23,3986.84,beauty,0.238,UPI,1,0,,tier3,0,6,afternoon,0.46365026623247513,0.2005,0
f9a6d397-c131-485b-b28e-02551b254a40,a0d51492-1a9d-4d8c-bef3-c77305837da5,2025-07-30,1566.86,beauty,0.45,UPI,0,1,0.297,metro,0,5,morning,0.07875622019451736,0.0584,0
e307cff2-ccc4-4974-900d-15ea61efcea9,ace1ab49-d6e4-4784-9490-26eccef63611,2025-01-08,2253.07,fashion,0.156,UPI,0,2,0.117,tier3,1,8,afternoon,0.1503348970823547,0.2767,1
8792542a-3667-4925-80af-cee2bc45bb93,7d3a9b66-b1bb-44b5-8a13-b20768503009,2025-05-13,1298.61,beauty,0.43,card,0,1,0.168,metro,0,4,afternoon,0.11388016972116154,0.0614,0
75bdbc93-645f-4b1c-b910-1e6336dc7ea8,735fdab8-3c31-4c12-8344-b632847001e7,2025-07-19,1699.03,fashion,0.244,UPI,0,2,0.683,tier2,1,1,evening,0.6231863021915255,0.4149,0
6f5d20ce-cc33-462f-8617-c5806348f715,19407932-d8b1-4cf9-823a-27cc0a751c71,2025-01-27,347.98,home,0.545,UPI,0,1,0.2,tier3,0,3,evening,0.24939791763606534,0.1534,0
e0e42cd6-0f3f-4996-b150-193cdc94da61,9e5d4987-8d7d-4c47-8cdd-0d477afd0d41,2025-01-23,719.26,fashion,0.084,COD,0,3,0.039,metro,1,2,morning,0.09221080951028436,0.1772,0
3cd8d789-e9d8-4b99-bf84-c0d69e65d662,835b4038-88dc-4965-b6b8-921d3b0ad19c,2025-02-25,1601.07,electronics,0.22,UPI,0,5,0.246,tier2,0,1,morning,0.18168234468688693,0.0869,0
a5f52e9f-2b72-44e1-a096-e3bf94164957,ef1d53e6-12e1-40f5-9e0d-4f8b588573fb,2025-08-03,822.57,fashion,0.372,UPI,1,0,,tier2,1,5,morning,0.342931829566947,0.2603,0
ff359348-aec8-4ffa-a1af-d4d8f377b4b0,2b77e152-ac97-4061-9e6a-5abdc78bc29a,2025-10-22,698.54,fashion,0.233,UPI,0,5,0.304,tier3,1,6,morning,0.29832839962512075,0.2355,1
802b043a-f6ca-4484-8f65-1b3bdc788383,ac8ee436-067a-4aac-8496-8e40cfb19bfd,2025-08-28,250.0,home,0.251,COD,0,8,0.2,metro,0,5,evening,0.2595265118239566,0.2299,0
23c860b4-a39a-47a7-9ca1-53dced427fa7,19ae94ec-7d3b-445f-b9ac-092f54f91579,2025-06-11,2204.22,fashion,0.264,UPI,0,3,0.0,tier3,0,7,afternoon,0.06852796151158619,0.4261,0
57b9fe57-613f-4c3b-bf53-4848bab4f943,49a190f2-c9c8-441e-b450-f1343adf4d1a,2025-09-25,661.57,beauty,0.031,UPI,0,4,0.425,tier3,0,5,evening,0.4134664929263236,0.0376,0
426a6034-d697-412c-9900-2957d423241a,c35917e3-aa41-4cb2-9a55-27d4893431b1,2025-10-22,587.14,beauty,0.28,UPI,0,4,0.51,tier2,0,4,morning,0.4237639813012678,0.1322,0
49af35f4-74b1-4f55-af6b-2053212f63aa,830587ef-e382-4480-9a46-f2fb1f6d1a0b,2025-09-20,250.0,fashion,0.177,netbanking,0,4,0.265,metro,1,3,evening,0.29038571770418864,0.0552,0
b7074177-7270-48df-b148-e3abd77d220b,d36a7387-21ab-43e5-bcb9-dcddf807849d,2025-04-28,752.97,grocery,0.363,UPI,0,2,0.331,tier3,0,3,night,0.30018529874356914,0.0491,1
509cd776-91ad-474a-be0c-33d1a34e11d8,ba149ce6-bcc3-4f2f-ad92-eb8ab9371d5a,2025-05-05,2552.36,fashion,0.063,netbanking,0,1,0.632,tier3,1,2,afternoon,0.40428580651687857,0.1924,0
127c37ae-a3a9-476d-ba8c-d23ab084c3d6,4c2d0fbf-fe06-450e-8a17-136766d2e685,2025-08-15,1543.32,fashion,0.381,UPI,0,4,0.227,tier2,1,4,afternoon,0.23081817084314912,0.248,1
8bbc088f-7d5f-45d0-801f-f6ea4f7a84df,b0694581-e5bf-4757-913a-46834d324ff0,2025-02-16,2357.29,fashion,0.047,UPI,0,6,0.227,metro,0,2,night,0.2365731909103324,0.1296,0
3fe1a5d9-c562-48f1-8a60-f108163cf055,6d386f88-7bb8-41a4-947a-d68227965bad,2025-06-02,10853.03,fashion,0.328,netbanking,1,0,,metro,1,5,afternoon,0.00915381002538853,0.184,0
cc0123ad-1e2f-493d-be30-e63963d2fb09,a59c702d-fd94-4d73-b8a6-f59316b5b63c,2025-04-29,958.84,fashion,0.513,card,1,0,,tier2,1,3,night,0.2334842811017492,0.4786,1
3e0f8093-985c-48a2-80c9-f7630d30feae,0e3b7c5a-d788-4970-b5eb-54f9fa31a72e,2025-05-28,757.95,electronics,0.221,card,1,0,,tier3,0,6,evening,0.22055559831700278,0.2591,1
82560650-919a-4f9c-a849-44d6b68e7a84,8ca2a1b1-e386-4bc2-966c-9f22b3b8e472,2025-04-01,3774.2,electronics,0.364,card,0,1,0.159,metro,0,1,night,0.142405855423258,0.0329,0
dfd8a40e-345d-466d-99cd-1fc22c7a4e40,4e40c152-4279-4fbe-8a2f-a127f5613ef3,2025-08-07,6447.31,beauty,0.447,netbanking,0,7,0.0,tier2,0,3,evening,0.08097222048102413,0.0211,0
c07ea74c-50d0-4167-bcb9-7b928ad1ab72,6d89b6da-05be-4f09-b2f2-542a975f2f53,2025-08-11,636.62,fashion,0.43,UPI,1,0,,tier2,1,6,afternoon,0.3016559281489719,0.5821,0
1b84745e-6456-4463-94d4-65542eecf967,30888fd2-16bc-4533-a06f-0e0d4ed50f9d,2025-03-25,2688.09,electronics,0.429,UPI,0,4,0.179,tier3,0,4,afternoon,0.22452854262691951,0.0838,0
182c7f18-5e8d-4820-a13b-6786ef2977ea,99147503-441a-4858-9bd7-29926eb2f3c3,2025-04-04,2599.48,fashion,0.362,card,0,5,0.378,tier3,1,7,morning,0.3870026797871902,0.8438,1
0d18291f-c26a-4c72-9bc7-2b590ed4f292,9d1d8bca-9218-4856-8619-cfee194da74f,2025-08-09,488.62,home,0.34,COD,0,5,0.165,tier2,0,2,morning,0.24874291058771908,0.3735,0
376677c9-59b6-4beb-8555-bb9226818562,7ad27a3a-8478-4e6e-8267-856a59ca60a6,2025-01-25,1332.92,beauty,0.248,card,1,0,,metro,0,3,afternoon,0.24671647255501258,0.2213,0
d6adcb37-2bde-42ca-8161-cd76fb9d8c5f,4d47ad50-ed68-4545-af4f-485a9b29b711,2025-03-07,919.96,beauty,0.127,UPI,0,5,0.363,tier3,1,5,afternoon,0.21989011196511407,0.0703,0
b66eb27a-efb3-4a49-95c9-a95d18583fb5,cb8611ae-38b8-43ce-b1e3-ac68753f2f95,2025-03-11,2643.44,electronics,0.202,UPI,0,3,0.224,metro,0,3,afternoon,0.18284841178251302,0.035,0
998eb9c4-5c12-49f5-9384-575009336b83,69021a82-6d98-4eb8-95ba-5cdc432d316a,2025-03-24,779.68,fashion,0.391,COD,0,1,0.358,tier3,1,3,evening,0.3666490656306323,0.8047,1
71137e95-7d40-4d14-aeba-e250cd26033b,bd58b4a6-014d-4c36-801e-9d9992cd488e,2025-10-18,701.95,home,0.209,UPI,1,0,,metro,0,5,morning,0.022786443806481167,0.1625,0
8a901799-82df-488c-ad05-667872acd300,6dc5134b-6c84-4084-ad9c-5cfbc77e8a21,2025-01-26,880.88,grocery,0.223,card,0,1,0.211,metro,0,3,evening,0.31538639948094277,0.0482,0
d93d5a51-548c-4eb6-b621-5c78dd70e75c,24dc633c-de4a-4152-ae24-3e42211235f1,2025-05-12,2133.52,fashion,0.408,card,0,4,0.014,metro,1,2,afternoon,0.03297163095944513,0.195,0
3a1ba0e8-1802-4aeb-9d94-8f4bebd0e31c,5e758f8f-c2ad-4e0c-b4fc-026916c24854,2025-07-05,4135.39,beauty,0.432,COD,0,12,0.021,metro,0,2,night,0.048627470043128354,0.2063,0
abf76025-c3e3-445e-bd93-f0f51f9cc3d9,00ee6a6c-7fdb-4d2c-971d-b1bfa29fc269,2025-06-28,450.57,electronics,0.293,UPI,0,4,0.0,metro,0,6,afternoon,0.18608348760507418,0.0189,0
242befb8-3eff-476b-adbc-619167b7c583,835b4038-88dc-4965-b6b8-921d3b0ad19c,2025-04-23,350.1,beauty,0.45,COD,0,6,0.111,metro,0,3,evening,0.18168234468688693,0.4531,1
a3fa458c-08c0-45eb-8e52-0e7cd623a3ce,3c287f81-302b-49d7-b333-502c52764540,2025-01-14,937.92,grocery,0.118,card,0,1,0.472,tier3,0,5,evening,0.46015210405281526,0.0713,0
3fbb52c7-a7f0-40c8-a5db-b185e1f4f3e5,c287c9ce-296a-4388-9fc4-948757440938,2025-07-24,360.05,beauty,0.192,COD,1,0,,tier3,1,6,evening,0.5885383197450833,0.8521,1
10cf0b40-29bb-4306-868a-24ded95e3f8e,b209d179-6418-4f8c-bd42-8e4f831f0776,2025-05-30,1136.59,fashion,0.066,netbanking,0,7,0.248,tier2,1,1,afternoon,0.27580452681496,0.1858,0
25f20ec2-da2b-4c88-907f-eeaa9b96618f,85fb6dde-4673-4009-b279-08f034a747e3,2025-03-14,2605.65,electronics,0.022,UPI,0,1,0.301,tier3,0,5,evening,0.2901295476709541,0.0542,0
254ea163-ab53-4de6-a7cb-09f7dbb8b91f,5e758f8f-c2ad-4e0c-b4fc-026916c24854,2025-02-18,634.92,grocery,0.248,COD,0,13,0.0,tier2,0,2,evening,0.048627470043128354,0.0954,0
2eba9d5c-49ee-41ee-8636-37bad0c8a6c0,4e7e2663-eb2c-432d-96ec-3f130e2e0946,2025-03-15,3506.55,electronics,0.175,COD,0,4,0.274,tier2,0,6,morning,0.3858310964520147,0.1264,0
e89cc80e-15ec-45a3-a5a9-0ffbd82141e3,b7fee608-f381-4167-a173-bf1ad38bdb79,2025-06-28,989.64,home,0.043,UPI,0,4,0.102,tier3,0,5,afternoon,0.05881659853496958,0.0307,0
d7a3d27e-32e9-41a4-8e00-d1c4c770d1af,8c24e923-2dbf-4f43-b0b2-6e851d21fa34,2025-06-29,873.15,electronics,0.239,UPI,0,12,0.119,metro,0,2,afternoon,0.10820090543681238,0.0194,0
5a9592be-7c4b-4426-a746-f70fa2a93cd6,e13d21db-d1a8-4f0a-9fc2-ba3d05772804,2025-02-10,732.39,electronics,0.163,card,0,1,0.007,tier2,0,2,afternoon,0.06565876288364696,0.0318,0
a33f8cf5-d094-4aff-8f94-6d86e1346a92,eb07b44d-b3fe-4da4-86bc-808ae9a3182b,2025-05-19,304.35,fashion,0.531,COD,0,1,0.749,tier3,1,7,evening,0.6823689291324807,0.7925,1
667b4a77-6c15-4d12-9cd1-2555bc31874d,99147503-441a-4858-9bd7-29926eb2f3c3,2025-06-03,1937.59,fashion,0.611,UPI,0,6,0.478,metro,1,3,evening,0.3870026797871902,0.2737,0
dd6b2086-0a7e-435d-b989-28bb437e8da8,cd03dd27-2fc9-486c-998f-c61cf34b93ab,2025-09-05,6249.04,grocery,0.495,netbanking,1,0,,tier2,0,4,night,0.35614412579298554,0.127,0
773aeacb-9b32-4038-aa52-6d02e0eaf542,f5069c4e-0691-43d9-b3e0-3efe7073ec31,2025-06-04,3913.91,home,0.404,card,0,4,0.0,tier3,0,7,night,0.03542903995029727,0.1632,1
ef0740a5-6ce9-4a5f-9600-880b77cc3b10,b01e41e4-d9e6-44b4-9cd5-b93bcad02d3e,2025-02-04,494.22,beauty,0.171,COD,1,0,,tier3,0,3,evening,0.12605441282590366,0.3883,0
13e31aa9-d140-4715-b39a-1ddf11a63473,e6bb513f-2cd0-4bcf-9534-bae7ee504b7c,2025-08-19,505.87,fashion,0.45,COD,1,0,,metro,1,2,afternoon,0.09342709211833844,0.8485,1
4efc98ec-f6fa-45e8-96a3-18c04933b734,8c24e923-2dbf-4f43-b0b2-6e851d21fa34,2025-06-28,4569.52,home,0.076,COD,0,13,0.06,metro,0,4,evening,0.10820090543681238,0.0524,0
118d99b8-bb2b-4732-b8cf-dd6d0b4eb155,d2e06185-41b3-4488-a0c7-7165ae31370e,2025-05-26,5158.68,fashion,0.166,UPI,0,6,0.416,metro,1,6,afternoon,0.4955830568370258,0.1445,0
077e6eb0-8167-41ae-9c05-51681d8fbb59,87c90f8c-18d5-41bd-a017-72dc3f5b1ad3,2025-10-10,2047.45,electronics,0.082,card,0,3,0.539,metro,0,9,morning,0.32765833124561905,0.0732,0
1f4acbff-dd24-45bc-b777-5e97a0332ba2,4e40c152-4279-4fbe-8a2f-a127f5613ef3,2025-06-08,5877.84,home,0.093,COD,0,8,0.102,tier2,0,3,afternoon,0.08097222048102413,0.0409,1
43a6aa19-091a-4876-8961-20962bc852af,ec11d559-7980-4914-89e3-b56e72adba0b,2025-01-28,250.0,fashion,0.705,COD,0,5,0.131,metro,1,5,evening,0.1561219227039281,0.5533,1
e010bdc1-d8d6-4780-b0ea-93a836830b9d,600c04cc-363f-4f75-9850-6d7f60dcc5cd,2025-05-03,999.77,beauty,0.255,netbanking,1,0,,tier2,0,3,evening,0.12241533806316059,0.3399,0
bd0e4920-8f84-4b54-8693-91504b26f608,ddfc876a-1d41-4a01-b847-5b960366c16f,2025-03-16,1667.41,electronics,0.106,COD,0,2,0.209,tier2,0,1,afternoon,0.23305342178158567,0.126,1
ceba1db4-c6f9-4f73-918b-e140ad9eabf7,0b6f3e2b-84fe-456b-ad93-ffcb76fb728f,2025-03-23,1152.09,electronics,0.54,UPI,0,6,0.189,tier2,0,4,evening,0.19762424986659227,0.1004,0
86bf1e4c-8030-4c2e-ac6a-c8ab7b33e6cf,cbb3030c-56f0-46b4-b80b-dfcb7f401143,2025-07-13,1099.8,electronics,0.145,COD,1,0,,tier3,0,4,evening,0.37339241588022004,0.2905,0
65faa04f-5f6f-42d4-8320-64ae984871ac,19ae94ec-7d3b-445f-b9ac-092f54f91579,2025-07-09,2725.92,electronics,0.264,COD,0,4,0.188,tier2,0,3,afternoon,0.06852796151158619,0.0902,0
285ccb28-b284-486e-a8a0-f1d8988a38b1,b7ef314c-9925-4a16-acaa-b6ca39d9a8d7,2025-09-21,729.54,fashion,0.176,UPI,1,0,,tier2,1,2,night,0.3456855814787548,0.428,0
60961e9b-ab0e-4a3c-9d34-9a8d399ad918,36f429a5-f9cd-4178-8452-85593f1caac7,2025-05-28,1948.97,electronics,0.649,UPI,0,1,0.034,tier3,0,5,afternoon,0.07704457522442643,0.1256,0
4499a4fa-6d01-4d48-90fb-67fd501d5417,60ab47fa-fe76-4aa1-9125-a3006288e298,2025-10-18,5860.8,fashion,0.266,UPI,0,7,0.386,tier2,1,2,afternoon,0.2897378778415542,0.1803,0
28428151-badc-4f62-a13b-57b9cd39f99f,9e244b29-e59a-4151-9944-d0558be18f54,2025-05-06,3077.73,beauty,0.569,COD,0,2,0.399,tier2,0,4,afternoon,0.3174880999559512,0.4109,1
e8bf9bee-9287-4672-9101-b418899dc81b,a95498a7-53bd-42bd-b42f-c528553fc244,2025-09-20,250.0,beauty,0.091,COD,1,0,,metro,0,1,evening,0.399926813908544,0.1553,0
85b6395f-82da-4d3d-b6c8-c90d28d905ae,a111ab22-4c88-4d83-b499-448d82133ae3,2025-03-17,2975.3,fashion,0.679,card,0,2,0.297,metro,1,6,afternoon,0.2568909066288726,0.2356,0
54226469-c45e-43d4-bcaa-dd3f1917bb3e,50e25912-fb42-47f9-b5a9-ccf9e6b8d9c9,2025-05-16,1084.72,beauty,0.488,UPI,1,0,,tier3,0,3,evening,0.1691547031182212,0.2302,0
2f4729b7-8166-47ca-92d1-4049fcd8988c,1e875744-08ed-4a3f-8cdb-457e2c478f1b,2025-07-18,1989.29,fashion,0.069,COD,1,0,,metro,1,5,afternoon,0.11390723161822383,0.5755,1
ea0df6ca-124b-417d-8320-6c1b4fe677b5,c287c9ce-296a-4388-9fc4-948757440938,2025-09-11,1771.11,home,0.047,UPI,0,1,0.568,tier2,0,1,evening,0.5885383197450833,0.1003,0
617f0213-32be-4ac7-ad61-91909e11ca08,da84b692-c6d8-43fa-a00f-13d4135959fb,2025-07-19,979.54,electronics,0.09,COD,0,1,0.461,metro,0,1,evening,0.4069919336009818,0.189,0
8f598098-da74-4f6f-aa9f-6adb6822a873,265ca8d0-3df8-4d6f-9712-d08685f17132,2025-01-14,1141.79,grocery,0.341,UPI,0,8,0.23,tier3,0,5,morning,0.1913603605753747,0.0344,0
cd6aa234-5320-459d-b505-b6db87dd2fcd,c287c9ce-296a-4388-9fc4-948757440938,2025-06-07,890.89,beauty,0.512,COD,0,2,0.715,metro,1,1,afternoon,0.5885383197450833,0.6484,0
b5be579f-f0a5-4eed-9e0a-6ba5526965dc,fc9e341a-a365-4581-a9c0-db191af5f46a,2025-04-08,2568.11,grocery,0.198,COD,1,0,,tier2,0,1,morning,0.40238115717858614,0.3533,0
ee537d65-972a-465b-bf49-ca138379391b,236f7d6b-10bd-4a54-8746-7d49b7da7128,2025-09-27,1292.01,fashion,0.406,COD,1,0,,metro,1,3,morning,0.5811731376045629,0.7327,1
56b095c1-99a6-46a9-a939-de3d69ef8b24,2286f067-3fb8-4d9d-8502-469f39a46441,2025-01-06,1057.21,fashion,0.525,UPI,0,7,0.157,metro,1,1,morning,0.2798863894924076,0.1044,0
dce7e455-68a0-4e0d-aaf1-dbf7e9e5b20a,d717a968-ab1b-4fdb-b171-2b906e4371ca,2025-04-20,5444.27,grocery,0.335,COD,1,0,,tier2,0,3,night,0.22105476487542694,0.1607,0
1424c9fa-49a7-4332-8493-03a4773c49bc,ec11d559-7980-4914-89e3-b56e72adba0b,2025-05-23,2159.35,grocery,0.083,COD,0,6,0.088,metro,0,2,afternoon,0.1561219227039281,0.0733,0
05733e90-afed-417c-9408-bb3f6e6cb1f3,f2811512-6d74-428f-81ae-77df22796b31,2025-06-24,1941.82,fashion,0.634,UPI,0,8,0.156,metro,0,7,evening,0.2916477929418046,0.3361,0
54ce0419-dcee-406e-8a8c-79decc50e5ff,4e40c152-4279-4fbe-8a2f-a127f5613ef3,2025-09-19,2140.45,grocery,0.312,UPI,0,9,0.038,metro,0,2,afternoon,0.08097222048102413,0.0143,0
299c5e91-df9c-41f9-9e17-718cdb60c15c,92f8f8f3-1a19-41b0-9888-9ad14e0b35ba,2025-10-18,1050.2,beauty,0.535,card,0,6,0.067,tier2,0,4,evening,0.14720873128711998,0.095,0
1c724d61-7f36-4208-9992-79ec0891ffea,48b73317-327f-4f67-934a-b6dd2d521db4,2025-05-09,3083.28,fashion,0.243,card,0,4,0.209,metro,1,3,morning,0.24989906497225137,0.2076,0
c8f0577c-0336-432f-9854-15f045aba4c5,95812633-1bca-4485-8e82-3cf1daf05ab6,2025-02-20,2266.77,fashion,0.187,UPI,0,3,0.197,tier2,1,2,afternoon,0.16802115856295066,0.1761,0
30db4d98-d7f9-4159-ba4a-6625129e47fa,1c4f6d08-f28c-411b-ad7a-7123a63db32d,2025-06-19,412.58,beauty,0.314,UPI,0,1,0.54,tier2,0,5,morning,0.6433649856347546,0.23,1
e7df138a-1e0f-4218-b692-da74de6e07d0,ce8ac74b-c6d0-4367-a531-d43bfe5b2bf6,2025-06-27,3476.65,fashion,0.383,COD,0,2,0.17,metro,0,2,morning,0.32830159764792616,0.1742,0
9709b7b3-f754-4d02-9247-8346554cf53d,6b914b9c-926e-4431-b82e-f178aae9d5c0,2025-03-04,3420.18,home,0.08,COD,0,5,0.164,tier2,0,7,afternoon,0.2677657562695904,0.1587,0
241fd5c6-4c94-4cf9-9103-2ff20a866d6f,3a457f70-d47f-43a5-88c5-b74c7d8ab2dc,2025-08-17,3399.44,home,0.329,UPI,1,0,,tier2,0,4,afternoon,0.3408921063238981,0.1081,0
3f2917c7-1cc3-4685-be56-5eb5c9f0a4e5,4aa94a46-4510-4080-b9b0-34eb1ca77cd6,2025-06-29,4188.65,fashion,0.253,COD,0,1,0.181,metro,1,3,morning,0.11496764830095485,0.2547,1
0e1e78d6-dca1-4522-8409-76b33ea36f90,f9691f62-eba3-4973-ac0d-3de0ec286d88,2025-02-10,1613.41,fashion,0.305,UPI,0,1,0.43,metro,0,4,night,0.33946126851350195,0.0774,0
8da0a7b5-3763-4321-a489-812d70ec43ae,c96a9e4f-f6e2-4582-900e-e47a05c7f83a,2025-09-15,1981.69,home,0.341,UPI,0,4,0.536,tier2,0,6,afternoon,0.45454338905514596,0.0987,0
b68a6fc9-78c7-4d8d-b4c7-e7d300d77ecf,c96a9e4f-f6e2-4582-900e-e47a05c7f83a,2025-07-05,1754.59,beauty,0.537,UPI,0,5,0.412,tier2,0,4,morning,0.45454338905514596,0.0788,0
5cfc2522-1760-4b43-8fb8-824b97e9193c,d36a7387-21ab-43e5-bcb9-dcddf807849d,2025-01-02,3570.47,grocery,0.647,COD,0,3,0.219,tier2,0,1,evening,0.30018529874356914,0.0501,0
4b81eef1-3981-4292-9fe5-8576c87b3ff2,a2a6e4a7-73f0-4f60-8023-1d364c305e4d,2025-04-27,1144.44,grocery,0.496,UPI,0,3,0.27,metro,0,1,evening,0.23228588338828865,0.0232,0
3ef02fb5-2be0-4f64-9ff7-09a89d262ab8,f920e7f3-d39f-4f68-a6df-bf5a555ec155,2025-01-27,1377.78,grocery,0.183,COD,1,0,,tier3,0,4,evening,0.2063369651501635,0.2387,0
e0bedf4c-00ed-441f-993c-c2282991f06c,9d1d8bca-9218-4856-8619-cfee194da74f,2025-09-13,952.29,home,0.024,card,0,6,0.333,metro,0,5,afternoon,0.24874291058771908,0.0539,0
666461f9-01bf-49b4-a518-92b83ff80fde,a59c702d-fd94-4d73-b8a6-f59316b5b63c,2025-06-09,1490.57,fashion,0.148,UPI,0,1,0.255,metro,0,2,afternoon,0.2334842811017492,0.1332,0
1381c805-a0ad-4db5-9866-a01547c5321a,cba0fbf1-c8e0-4aa6-8a6b-48f3baba929d,2025-08-31,250.0,grocery,0.207,UPI,0,5,0.297,tier2,0,1,evening,0.3706024922013499,0.0284,0
684a817d-e377-4569-95a5-8031cfc421f9,f3145bea-0697-4659-8b9e-3e13d84ec40f,2025-01-03,857.73,beauty,0.139,UPI,1,0,,tier2,0,2,morning,0.19519031892731586,0.074,0
52819ab0-1adc-4e2f-aaad-e648e5cc29fd,161df1c7-36db-490d-9f64-9879a7de2f27,2025-02-16,2825.82,home,0.427,UPI,0,1,0.231,tier2,0,8,evening,0.24074547305735522,0.1204,0
140af086-12a9-4ff0-8f2f-a5553e5d58f2,a2a6e4a7-73f0-4f60-8023-1d364c305e4d,2025-01-14,1876.69,fashion,0.36,netbanking,0,4,0.276,tier2,1,2,afternoon,0.23228588338828865,0.2431,0
4db441ed-398a-4890-a601-b99036d3f304,3c0df3e1-c239-441b-b4dd-153f99532574,2025-03-06,4096.58,beauty,0.301,COD,1,0,,metro,0,2,afternoon,0.5866676553486984,0.3093,0
506b57cf-c630-4a92-af60-201784c3e9ac,5a71659c-1263-4448-8731-60f1df983197,2025-07-16,988.37,beauty,0.286,COD,0,11,0.463,metro,0,6,evening,0.4468118022423648,0.2097,0
1c9ad67c-19a9-4867-9f17-0947f0a6c280,d9358869-66e4-4ee6-bb2e-f9062117fa78,2025-03-06,4251.02,fashion,0.242,COD,0,7,0.189,tier3,1,5,morning,0.2042925306906814,0.3226,0
63415346-ce07-4173-ad77-cb0e6dc70ffd,c04c2c09-5f42-4b59-aeb5-6d35280a5d01,2025-04-06,2178.47,beauty,0.131,COD,0,5,0.006,tier2,0,1,evening,0.06067469417646223,0.1662,0
f340727e-c462-4a34-9716-5b524599199c,98366b27-63ea-4f07-ba55-425588277375,2025-03-13,445.16,electronics,0.148,card,1,0,,tier3,0,6,morning,0.1494736716851247,0.0921,0
83744d71-bbf4-4cca-ae79-d86113fdde41,5e758f8f-c2ad-4e0c-b4fc-026916c24854,2025-04-03,5494.54,electronics,0.3,COD,0,14,0.115,tier3,0,7,evening,0.048627470043128354,0.04,0
e7da80af-1f56-4b5f-93e8-bdc81d639346,23ac10de-578c-4d97-8a7d-5bc1a1fa17ef,2025-03-09,1025.14,fashion,0.252,UPI,1,0,,tier2,1,1,night,0.1036324280316437,0.4251,0
e033a404-3229-47e0-8b50-698670475a9f,28660f34-5a61-4e07-8f8c-96c4fb8d6d70,2025-07-07,926.37,electronics,0.651,UPI,0,4,0.088,tier2,0,3,evening,0.052918216172000036,0.0533,0
a92d811c-de9e-44dd-a1a9-18cdd44528ad,8b84f422-bb78-4d5b-8e7c-ee05fa3b7db7,2025-01-06,491.93,home,0.135,COD,0,2,0.103,metro,0,6,afternoon,0.130383422505818,0.2223,0
a3b00abe-ea93-4699-9d57-9d3bb0c5048c,7a4e9ee7-df87-4f79-9ec7-3f4c1f489075,2025-02-28,1707.2,fashion,0.389,UPI,0,10,0.339,tier2,1,1,afternoon,0.23069756686430742,0.2374,0
f3496563-9f67-40a3-825c-5b7bcb91879b,f920e7f3-d39f-4f68-a6df-bf5a555ec155,2025-08-09,493.19,electronics,0.227,card,0,1,0.16,metro,0,3,night,0.2063369651501635,0.023,0
4fa6420f-7d14-4f84-a7dd-80bf35f2e6df,e90f2e94-525b-47c4-b592-56daaf0983cc,2025-09-19,250.0,fashion,0.229,UPI,0,2,0.137,tier2,1,2,night,0.20763912883986363,0.2275,0
6f64287f-bd72-478a-b427-2d0ea31b6307,c86a75f4-eea7-4fce-b017-88f6e68c8ccf,2025-01-28,514.46,grocery,0.38,UPI,0,2,0.331,tier2,0,5,evening,0.32801543383093573,0.048,0
a433da4b-dfdd-4912-abb3-35203bf23b92,a601bb98-ed14-4e71-93e5-2be8eb49e370,2025-04-14,506.81,home,0.379,UPI,0,1,0.225,metro,0,6,afternoon,0.4143300984213656,0.111,0
3a119b0d-b57a-4c59-bd24-a8e6d292552a,b9ab6a4e-9e61-4225-8298-12bde10de7a7,2025-04-13,250.0,home,0.174,COD,0,4,0.136,tier2,0,3,afternoon,0.20154150931374812,0.0944,0
93ed8a22-9225-4d64-836b-642bfd145ca6,cb8611ae-38b8-43ce-b1e3-ac68753f2f95,2025-05-05,467.23,beauty,0.465,UPI,0,4,0.076,tier3,0,6,afternoon,0.18284841178251302,0.2922,0
f9170dbb-a609-4dc1-b835-77f8b4713bcc,b8d02904-601f-4dd7-a3d1-5fb98038da28,2025-10-04,2070.42,electronics,0.09,COD,0,1,0.0,tier2,0,2,morning,0.10839420542924075,0.0512,0
ea2106e8-927b-4d35-98a2-d75561a55fb3,3619f901-76a0-4d85-88c5-2c8345d5b144,2025-10-25,250.0,fashion,0.647,COD,0,3,0.424,metro,1,5,afternoon,0.3753463445849248,0.8405,1
25e1079d-c5d3-444c-bddd-a14a50226877,c5e8aef0-7362-4837-9a04-8b3fa7ff821e,2025-05-01,2818.02,fashion,0.467,netbanking,0,6,0.465,metro,0,5,night,0.5144941083307562,0.068,0
82a97a1a-0d51-4986-adaa-ee6a7babbaed,4e40c152-4279-4fbe-8a2f-a127f5613ef3,2025-10-21,6008.81,home,0.185,card,0,10,0.022,tier3,0,5,morning,0.08097222048102413,0.0453,0
294b5e97-0505-4f99-9a55-b2acc8882015,1ec19d12-c4c9-4320-a035-98e17c951577,2025-01-28,1475.29,home,0.631,COD,0,7,0.114,tier3,0,4,evening,0.18576378008237582,0.3752,1
0d61d70d-96c2-44e8-8c04-acece2650690,ec11d559-7980-4914-89e3-b56e72adba0b,2025-07-28,250.0,grocery,0.399,UPI,0,7,0.137,tier2,0,2,afternoon,0.1561219227039281,0.032,0
08ee8afb-dcbb-468b-bbff-24b0a0b61af8,0646ffbe-8c62-4d3a-91da-1d2dc86e9322,2025-03-23,1534.42,fashion,0.165,card,1,0,,tier3,1,7,afternoon,0.2427300898226067,0.259,0
589565b6-06a9-4738-8964-39cdadc474a5,ace1ab49-d6e4-4784-9490-26eccef63611,2025-09-04,3811.13,home,0.541,COD,0,3,0.274,tier2,0,1,morning,0.1503348970823547,0.2142,0
970bb09c-2ffc-4d0c-b0e8-cda579d365ae,44408e56-9a11-44d5-8a79-5e1ddafd28e1,2025-08-08,1346.41,electronics,0.569,UPI,0,7,0.275,metro,0,2,afternoon,0.24706696213115537,0.0273,0
d8339642-8a11-46b7-91da-8ed3b5ba5d7a,ca2fe15e-112f-4628-a780-35be48c1c3b1,2025-07-29,1931.91,fashion,0.176,COD,0,2,0.188,metro,0,3,morning,0.20115272590154482,0.1585,0
5294e14d-6c84-4d9e-a660-1e3edea43682,4e7e2663-eb2c-432d-96ec-3f130e2e0946,2025-05-29,8016.48,fashion,0.252,COD,0,5,0.487,metro,1,4,afternoon,0.3858310964520147,0.3726,0
a38b1527-cf97-45fb-9569-3306420b4440,14dacb7a-4c30-4243-939a-a0e29b7f206e,2025-01-22,863.81,fashion,0.101,COD,0,1,0.494,tier3,1,5,evening,0.3923137330147234,0.526,0
0759fa6c-2153-4fbb-8da5-5746e1d7a61b,d3e75926-09ff-434e-951d-7f53b6f62e65,2025-04-27,1233.4,grocery,0.575,card,1,0,,metro,0,7,night,0.08541324673316718,0.112,0
4d3e4bb3-7437-45ca-ba8b-93c7a8354df9,d477e243-3255-42be-a122-a88f8d1ace77,2025-09-20,326.42,electronics,0.172,card,0,1,0.252,tier2,0,6,evening,0.14992661347758604,0.1446,0
37db438e-925c-4206-9a20-f7c01b270be7,98389b8b-658b-4eca-b919-9c37c2dbce1f,2025-09-16,1233.52,grocery,0.486,UPI,0,2,0.0,tier2,0,5,morning,0.04552205229964168,0.033,0
e51e5075-5fb1-44d8-aaea-7e23b458e52b,429a3593-a1f1-41a7-8879-ead65bd1838e,2025-06-08,1612.46,grocery,0.293,COD,0,2,0.247,tier2,0,5,evening,0.17602227586818103,0.2066,0
774bdb25-65bf-4a42-886a-516fdeb05718,5e758f8f-c2ad-4e0c-b4fc-026916c24854,2025-02-10,1458.73,electronics,0.329,UPI,0,15,0.023,tier2,0,2,evening,0.048627470043128354,0.0342,0
d2b32fb3-2630-4878-9063-d68549a4e7dc,4cd14e7d-39b8-4f81-a0df-c5d6d5a1e463,2025-05-17,1171.29,home,0.511,UPI,0,1,0.101,metro,0,2,evening,0.152939181594962,0.1295,1
a3a66066-858d-4392-876b-52b801984dd7,16ddae25-3f28-41d0-8a77-c8c87723adfa,2025-09-19,984.95,fashion,0.25,UPI,0,5,0.201,tier2,1,1,night,0.30707185083804733,0.2072,0
86652a2b-f2a7-48ef-9b89-c70505ff4bfc,76d2e938-826e-436d-8e9e-46c56a7a791e,2025-02-20,570.18,fashion,0.426,COD,0,6,0.206,metro,1,1,night,0.22287364608691065,0.5497,1
9457e271-55fd-484e-8fb5-0e1454da8f8f,0c9b2f44-db07-40fd-a5e8-321ab5ffef6f,2025-02-17,2957.01,electronics,0.228,UPI,0,2,0.253,metro,0,4,afternoon,0.2560233812776348,0.021,0
8a5915ed-eb21-46e3-b75f-3cb481cfc09a,ce8ac74b-c6d0-4367-a531-d43bfe5b2bf6,2025-10-11,2343.99,home,0.22,COD,0,3,0.201,tier2,0,5,evening,0.32830159764792616,0.1752,0
de96c998-e466-4a5c-8159-64ecb95078ad,cd8465b3-5dc0-4918-a21f-702a430fdf4a,2025-06-10,6913.27,home,0.165,UPI,0,1,0.015,metro,0,6,morning,0.07981520295766234,0.025,0
c02811c5-9f71-4e5f-a19d-b937b71713b8,83fe6a19-57b5-4519-982d-d7d7bca39396,2025-02-19,1576.47,electronics,0.285,UPI,0,2,0.365,tier2,0,1,morning,0.26357426902472036,0.0684,0
caf1c746-a523-4900-adf5-d0b5f34f66c4,f4f735d1-c919-4369-ab4f-6b41507a930d,2025-04-28,1228.32,fashion,0.149,UPI,1,0,,tier2,1,1,night,0.4606189281415165,0.1869,0
9c39aade-18eb-4bdd-8c95-ac8d948f91d9,49a190f2-c9c8-441e-b450-f1343adf4d1a,2025-10-06,1297.44,home,0.29,UPI,0,5,0.501,metro,0,2,morning,0.4134664929263236,0.1589,0
b7e7661d-8454-4d89-9ea8-c019015f4364,84572a47-a77d-46d8-86cc-c2d51f78a29c,2025-02-15,2668.4,electronics,0.093,UPI,1,0,,metro,0,8,evening,0.06840185073953457,0.0947,1
4f7a794a-d308-4b34-917d-6e039fa4f51f,fddab96a-bc23-43d2-a1f4-76de3a7b7f5c,2025-06-30,294.64,electronics,0.376,COD,0,5,0.127,metro,0,5,afternoon,0.08979930230446,0.1735,0
1cdc6422-5234-41ed-b11f-93423e6a4b4c,3c0df3e1-c239-441b-b4dd-153f99532574,2025-06-08,1904.06,beauty,0.196,netbanking,0,1,0.697,tier3,0,3,evening,0.5866676553486984,0.333,0
c77de6a6-d823-4d1f-88b2-725d9b64604f,48a2973f-59ba-4d33-a2e9-5e1b1c4043c8,2025-04-09,3624.73,grocery,0.581,COD,0,1,0.432,metro,0,3,afternoon,0.45650740325159334,0.1169,0
67c9b25d-2420-4946-b9c2-dfca8204a8fe,93c72a44-1cc1-40bb-845b-a5d322967643,2025-09-28,250.0,fashion,0.291,UPI,1,0,,tier3,0,6,afternoon,0.14186857706837255,0.5056,1
a4a07f34-6cef-4082-9651-d80214d43102,d97949e2-16cb-45c2-93fe-d94e76f0dbc5,2025-06-22,250.0,electronics,0.288,COD,1,0,,metro,0,2,evening,0.3355449419523954,0.418,1
15b07606-9e31-48a4-8457-7083ea5d3eac,397d373a-f33e-473f-9362-3154a53fe5ef,2025-04-29,5473.39,home,0.39,UPI,0,3,0.411,tier2,0,3,evening,0.3797344893685818,0.0557,0
107e8588-8b13-4b0e-9555-fd265e463c26,89eac406-612d-4301-9b93-ba1b6674831e,2025-01-09,427.97,fashion,0.162,COD,0,1,0.0,metro,1,4,night,0.13931901060737575,0.3173,1
fee0d036-9832-4488-bdf3-49d1e77acf4a,dea29f8e-ac26-475e-a225-300fac669ed0,2025-06-07,1226.16,electronics,0.675,COD,0,10,0.198,tier2,0,3,night,0.2211439005048725,0.1763,0
db592149-a47c-49f7-9432-81084b28e0a1,a08246dd-24d9-48bb-b9d1-2b3dd9ac343f,2025-01-12,899.81,electronics,0.399,UPI,0,4,0.054,tier3,0,3,afternoon,0.19434600150643108,0.0165,0
6eca6016-344e-4051-a549-a796b3fe930d,0fba06d8-d561-4e1e-8221-f56fd92a018c,2025-02-03,2403.52,electronics,0.305,COD,0,6,0.445,tier3,0,3,afternoon,0.41585134920398,0.1489,0
fac6c0bf-0540-4c95-9dc7-f4f67ca1c96d,f04ea3ca-68ee-4efe-a612-fe50610fd2dd,2025-08-20,1439.74,electronics,0.136,COD,0,6,0.237,metro,0,1,afternoon,0.2242312963277271,0.0454,0
e17657d9-f90a-4b38-b985-f0fa76e77751,56a30258-3565-44b2-a8d7-1d0adece59a8,2025-09-20,1399.32,home,0.171,COD,0,6,0.111,metro,0,2,afternoon,0.1548544510371693,0.0498,0
14f8edec-bf87-45dd-94a2-6e5c7a953b84,e4fc2035-70f1-45b1-82d0-0ee396f0a984,2025-09-15,586.54,grocery,0.402,UPI,0,7,0.17,tier2,0,5,morning,0.21199326223067969,0.0259,0
2d4967a3-ba87-4c54-a826-f2187abdd303,63d8dd12-39d4-4e1e-bdd7-72b1c1a0b1c0,2025-05-05,261.93,beauty,0.259,card,0,3,0.281,metro,1,6,evening,0.22490754943212576,0.5143,0
a6b48e9c-5380-481a-880e-4f3bdcc3830e,87c90f8c-18d5-41bd-a017-72dc3f5b1ad3,2025-05-03,1251.09,beauty,0.252,UPI,0,4,0.424,tier3,1,6,night,0.32765833124561905,0.1701,1
201fe48f-8927-4a12-add9-fe5d64cddecd,1ec19d12-c4c9-4320-a035-98e17c951577,2025-10-08,1765.52,electronics,0.474,COD,0,8,0.31,tier2,0,3,evening,0.18576378008237582,0.2543,1
14266198-510c-439a-98ed-b6fe21b3af57,b209d179-6418-4f8c-bd42-8e4f831f0776,2025-05-27,1428.96,electronics,0.267,UPI,0,8,0.296,metro,0,3,afternoon,0.27580452681496,0.0162,0
be8aa481-1083-406f-af45-cee34a028145,9e244b29-e59a-4151-9944-d0558be18f54,2025-05-14,2909.09,electronics,0.379,UPI,0,3,0.234,tier2,0,3,night,0.3174880999559512,0.0641,0
ea4ed71f-9870-4034-a869-c85d0050ddc3,ec11d559-7980-4914-89e3-b56e72adba0b,2025-06-04,365.06,beauty,0.309,card,0,8,0.133,metro,0,5,evening,0.1561219227039281,0.1082,1
dcc6b67b-eb39-4a8f-999b-b16ef1ff9bcf,a2a6e4a7-73f0-4f60-8023-1d364c305e4d,2025-07-25,2306.16,fashion,0.006,COD,0,5,0.326,tier2,1,2,morning,0.23228588338828865,0.2089,0
83bac4ee-5ff4-41e6-955b-6936628e9767,938245c2-8647-4454-aa1b-998878f08b78,2025-05-18,1204.87,home,0.268,UPI,0,7,0.303,tier3,0,7,evening,0.29048499029100583,0.0898,0
fe9229f3-a38c-4bdc-9e83-3ee2344ad8a2,6d89b6da-05be-4f09-b2f2-542a975f2f53,2025-08-05,2100.49,home,0.132,UPI,0,1,0.314,tier2,0,4,evening,0.3016559281489719,0.034,0
8f0ccbd1-4ec9-44c6-92a6-1153b48de077,171da275-1177-47e0-8508-b0c0b9a18def,2025-02-12,277.71,fashion,0.274,card,0,2,0.297,tier2,0,3,night,0.2333357897188074,0.1956,0
3e9beda1-701a-435b-a80c-2f3bc3a42040,17b4ac80-5793-4301-bfa9-f9aefc25fff1,2025-02-14,250.0,home,0.245,UPI,0,4,0.15,metro,0,3,night,0.12601617248198352,0.067,0
a3f85b9a-f3a4-4a2d-9880-23bfbf5d092b,68d271d2-8307-4663-83d1-e915ae715123,2025-07-01,694.53,beauty,0.369,UPI,0,1,0.357,tier3,0,8,evening,0.2881986119409372,0.2849,0
75423e02-b5b6-4a54-93ee-686ec749d795,d36a7387-21ab-43e5-bcb9-dcddf807849d,2025-05-30,280.92,home,0.37,UPI,0,4,0.306,metro,0,2,morning,0.30018529874356914,0.0839,0
39e8f8f7-1f66-4be7-bedf-1be949461af2,e8236567-e21a-46bf-9ba0-de610564b03d,2025-04-28,2111.7,fashion,0.502,COD,0,3,0.222,tier2,0,3,evening,0.0912579377429543,0.1726,0
fa382136-d7f7-48f4-a015-0e33a1cbe146,4df6a3b0-7a24-4c8d-9f36-45157f53066e,2025-09-11,407.52,beauty,0.68,card,1,0,,tier2,0,1,morning,0.42258989063174557,0.2431,0
7f24c31e-18bc-489b-a1bd-3a6be6d20087,8abd559a-1477-46ff-abdb-32d2db795792,2025-04-26,2777.91,home,0.475,COD,0,1,0.311,metro,0,1,evening,0.3571737769623766,0.103,0
615c67b1-f9dc-4d48-997a-f93d43de9f25,1ec19d12-c4c9-4320-a035-98e17c951577,2025-07-08,342.5,electronics,0.566,UPI,0,9,0.338,tier2,0,2,evening,0.18576378008237582,0.0701,0
08817fa3-5cfc-4555-978f-8495e27ea0e5,5c3a491b-f023-457b-9da7-95a4eedebd89,2025-10-12,2569.15,fashion,0.286,COD,0,7,0.122,tier2,1,1,evening,0.12936071938754626,0.2956,0
2b78d802-7b2f-4130-8131-dded53be2408,423107d7-155f-4bae-92aa-4c3cfbee5d71,2025-09-11,2112.93,fashion,0.744,UPI,0,3,0.341,metro,0,5,night,0.3108899842101137,0.178,0
1cff187c-d404-4bf6-99c1-d02b90226ab1,10546d08-1053-4bf0-976f-4c40b2dcb1c8,2025-05-25,2920.98,grocery,0.188,UPI,0,3,0.0,metro,0,3,evening,0.021184252375003435,0.0105,0
62a0fcde-13a3-4205-889e-18735e81abfd,17b4ac80-5793-4301-bfa9-f9aefc25fff1,2025-08-31,853.0,electronics,0.072,UPI,0,5,0.115,tier3,0,6,afternoon,0.12601617248198352,0.0184,0
f98d7e97-7742-4fb5-98c8-c7eed314fca0,899d1ec4-dd65-483a-b73c-de4ac803831f,2025-06-30,368.88,grocery,0.072,card,0,2,0.071,tier2,0,1,evening,0.15705197005739738,0.0312,0
5857379c-a298-4c9c-b0ee-47542a169b37,2e76c875-ce73-48b8-bb52-d2936c93ded9,2025-08-02,14239.1,fashion,0.099,UPI,0,1,0.097,tier3,1,3,morning,0.03696830256968456,0.0316,0
5ba58829-9d1c-4c1c-9cba-03dccd41f067,a8d82596-a628-4090-9c9d-4dd32b4ae4d8,2025-10-11,1515.68,fashion,0.134,card,0,1,0.204,metro,1,2,morning,0.17068626302318904,0.1156,0
2d168b13-038e-4394-acb1-9ac9c9ec7da4,6d89b6da-05be-4f09-b2f2-542a975f2f53,2025-09-06,3606.66,electronics,0.373,netbanking,0,2,0.142,tier2,0,2,morning,0.3016559281489719,0.0312,0
d14e4a41-7240-4b42-a5e0-3bd9da2efa74,4e40c152-4279-4fbe-8a2f-a127f5613ef3,2025-03-02,1195.25,home,0.232,netbanking,0,11,0.0,metro,0,3,morning,0.08097222048102413,0.0292,0
7440e798-92f3-46e9-8bca-2439857f3fd1,092dea67-00b9-4796-9eca-80e49d11c18c,2025-03-30,7881.87,fashion,0.258,card,0,1,0.359,metro,1,1,morning,0.16694172135754215,0.0716,0
ade0dd72-7f8d-438f-a6c5-b152ab9701f4,80281626-ed74-46d1-a595-e40cdac50a8a,2025-04-02,6129.8,fashion,0.286,COD,0,4,0.297,tier2,1,2,afternoon,0.25979890009270734,0.3787,1
73cba8db-cd6b-4b62-8c2d-2edff08b073d,e13d21db-d1a8-4f0a-9fc2-ba3d05772804,2025-06-24,1789.37,home,0.523,COD,0,2,0.123,metro,0,2,afternoon,0.06565876288364696,0.1679,0
d1eb025d-7011-4b6c-a725-baa0c4843ab5,05454bf9-427a-4473-a52d-c95d8b3bf7ff,2025-04-21,250.0,fashion,0.128,UPI,1,0,,metro,1,2,afternoon,0.19326835646210286,0.3805,0
bfcf384c-bc97-4e03-a108-6790f6a936b9,265ca8d0-3df8-4d6f-9712-d08685f17132,2025-06-11,286.28,electronics,0.425,UPI,0,9,0.03,tier3,0,3,evening,0.1913603605753747,0.0783,1
497f7e8d-9a22-4480-a6fd-f9f6709be820,0b6f3e2b-84fe-456b-ad93-ffcb76fb728f,2025-04-26,762.12,fashion,0.64,COD,0,7,0.142,metro,0,4,night,0.19762424986659227,0.3079,0
0a2fffc3-ccdb-4f15-8b13-d5f4672f2da4,92e3ce07-d0b3-4170-98fc-a1183edfb8bc,2025-06-08,1948.19,fashion,0.065,COD,1,0,,tier2,1,7,evening,0.20563308921317577,0.405,0
75842c6e-c7cf-41dc-ad56-c28eb84d9b15,d3db41bc-bf8f-46e0-94b1-984f27ff9af2,2025-03-26,3427.91,electronics,0.312,UPI,0,5,0.227,metro,0,2,afternoon,0.33315409272597374,0.0803,0
904185f4-8fa3-4c3b-9a58-ffee9ba485f0,f45b091a-9cb1-4a31-93be-6a3c7b54a42d,2025-05-18,6376.93,fashion,0.268,UPI,0,2,0.077,metro,1,1,evening,0.15829274806408117,0.1093,0
0906e725-e726-4cee-bda7-534ce69e6951,265ca8d0-3df8-4d6f-9712-d08685f17132,2025-02-27,1002.35,grocery,0.113,UPI,0,10,0.176,metro,0,1,evening,0.1913603605753747,0.0384,0
4711f503-4a26-4488-8251-eb747f940893,acd6bd3e-5e54-412a-b390-342f9074721c,2025-06-30,1945.2,fashion,0.51,UPI,1,0,,tier2,1,5,afternoon,0.15860848909227618,0.416,0
558c9872-a276-4bac-93c3-02f9b01a7cca,af96ed19-8040-4988-b823-c92d3c4310f9,2025-01-06,269.6,grocery,0.158,COD,1,0,,metro,0,3,evening,0.23815835049683093,0.1857,0
21161cac-00bd-4b5a-b649-c1d8e0a7df86,ac8ee436-067a-4aac-8496-8e40cfb19bfd,2025-08-14,568.75,home,0.096,UPI,0,9,0.2,tier2,0,2,afternoon,0.2595265118239566,0.0408,0
6b1dac78-8887-4ee1-b6e6-24cecda547a7,b5732716-378d-4d65-9eee-84ef8d625d58,2025-02-01,3836.2,home,0.617,card,1,0,,tier2,0,3,evening,0.13269837554654837,0.2597,1
18528f79-00bf-49cb-86a2-34ac3136c8a9,f2811512-6d74-428f-81ae-77df22796b31,2025-07-18,1028.84,fashion,0.274,UPI,0,9,0.294,metro,1,3,night,0.2916477929418046,0.4116,1
19bcb556-9f83-470a-8f61-f58f21f61867,16761a20-3269-4f16-945e-f043559094ff,2025-01-08,2872.2,beauty,0.208,netbanking,0,4,0.0,tier2,1,3,afternoon,0.021433052089598018,0.1821,0
e82edcb5-bcf3-4132-ad5c-24422603f6c8,f2811512-6d74-428f-81ae-77df22796b31,2025-01-08,671.01,electronics,0.391,UPI,0,10,0.143,tier2,0,3,morning,0.2916477929418046,0.0686,0
a251f87c-5c17-4726-97c2-6f1b48ea500e,f2811512-6d74-428f-81ae-77df22796b31,2025-03-19,410.4,beauty,0.296,COD,0,11,0.338,metro,0,4,evening,0.2916477929418046,0.3393,1
da14dcc5-b335-45c7-b115-5828a1cd3d3c,087d0d0a-beb0-4941-a8f2-ebeab4ce587e,2025-07-05,849.14,fashion,0.062,COD,0,1,0.274,metro,1,1,afternoon,0.3378139318232394,0.439,0
6f857f44-0330-4074-aeb9-5e9dee7f1244,28660f34-5a61-4e07-8f8c-96c4fb8d6d70,2025-09-29,2642.89,home,0.347,UPI,0,5,0.057,tier2,0,7,evening,0.052918216172000036,0.0722,0
7208524c-4043-411b-91ee-c6fc5fb376f6,ac8ee436-067a-4aac-8496-8e40cfb19bfd,2025-10-21,1272.11,fashion,0.414,card,0,10,0.268,tier2,1,4,night,0.2595265118239566,0.3375,0
1a918cf6-798e-414a-9197-27644a60c46f,5c3a491b-f023-457b-9da7-95a4eedebd89,2025-10-10,1383.39,beauty,0.188,UPI,0,8,0.074,tier2,0,4,morning,0.12936071938754626,0.0378,0
5198e32b-617f-4aae-8bb4-157455b07a9d,2b0aed48-0816-4dd9-b18b-7acd4c255c96,2025-10-17,341.03,beauty,0.376,COD,0,3,0.165,tier2,0,3,night,0.19975800750299405,0.1249,0
537cd019-66b6-4c57-8b5a-36a74de9e3a7,28ec42d4-b23f-4146-a22d-131afdd06fec,2025-10-13,250.0,electronics,0.028,UPI,0,3,0.457,tier2,0,2,evening,0.3958288561774479,0.0759,0
721128ed-e5f4-4292-a88d-a78162b25937,2bf0d062-3044-43ad-afc7-95617e9ef54d,2025-06-01,1730.31,home,0.118,COD,0,3,0.122,tier3,0,6,afternoon,0.24614417619698423,0.1103,1
9d23d9bb-2788-4a08-877a-3c6de8d5817a,3b7ac7f6-4a3a-4bf4-be91-2225a0386590,2025-08-14,752.26,electronics,0.097,card,1,0,,tier2,0,3,afternoon,0.1013123382625641,0.0609,0
898b4d2d-5e03-4d5a-9b39-07127a4f3b74,44408e56-9a11-44d5-8a79-5e1ddafd28e1,2025-08-10,11224.78,grocery,0.405,COD,0,8,0.221,tier2,0,1,evening,0.24706696213115537,0.0203,0
59e5bcf6-f6fd-445a-8a1a-73452dd52e33,76994c2c-807b-4d69-8281-3339451c46e2,2025-06-08,2032.29,fashion,0.038,COD,0,1,0.197,tier3,1,4,evening,0.14594410347412967,0.5819,1
205a3c62-7e9d-49a1-8f75-b80e6156e5a3,544b57dd-aae8-4d49-a2dc-9382a2b7ff69,2025-04-07,1178.39,home,0.498,netbanking,0,5,0.016,metro,0,2,evening,0.05655306904883348,0.0609,0
7a0a3fc9-c918-4129-8478-162b41d881a3,4157d801-6126-4af9-bcde-964ef06750df,2025-04-09,841.54,grocery,0.276,card,0,1,0.286,tier3,0,4,evening,0.3747717369370184,0.0276,0
88d90381-a56e-4e97-8ed8-b2a12ce988c7,d3db41bc-bf8f-46e0-94b1-984f27ff9af2,2025-01-18,7995.5,fashion,0.67,UPI,0,6,0.28,metro,1,4,afternoon,0.33315409272597374,0.0855,0
3308cb59-024b-43cc-9c24-8bbc64d2543b,ac8ee436-067a-4aac-8496-8e40cfb19bfd,2025-07-21,1390.58,fashion,0.531,netbanking,0,11,0.204,metro,1,3,morning,0.2595265118239566,0.2444,0
f49c4bd7-cffe-4d5d-b7d2-65071e053e5f,1ec19d12-c4c9-4320-a035-98e17c951577,2025-07-25,720.57,electronics,0.144,card,0,10,0.078,metro,0,2,evening,0.18576378008237582,0.028,0
66825255-efd6-494e-9061-8173fe21ee52,19ae94ec-7d3b-445f-b9ac-092f54f91579,2025-04-12,1921.62,electronics,0.208,UPI,0,5,0.0,tier3,0,4,evening,0.06852796151158619,0.019,0
33ce9388-cb95-4bd4-ad67-03f3f2d8bd1e,c1d72fdc-2ec8-4a56-acd3-5dc9168f5ab8,2025-10-07,1147.71,grocery,0.336,UPI,0,2,0.182,metro,0,4,afternoon,0.16482652189748134,0.0284,0
97d1e8f8-4b2b-4587-85b7-37cd74017971,da84b692-c6d8-43fa-a00f-13d4135959fb,2025-09-05,320.65,home,0.325,COD,0,2,0.446,metro,0,4,night,0.4069919336009818,0.1161,0
3f77596d-bc47-438b-b04c-e6a6574484de,b4430e8e-f31e-4707-b56d-b526519f84ba,2025-09-04,250.0,grocery,0.304,netbanking,1,0,,tier3,0,3,evening,0.06291718247910795,0.055,0
3bdf75e8-60d3-416a-8fc2-7c85bb213e65,dea29f8e-ac26-475e-a225-300fac669ed0,2025-10-06,2474.2,home,0.553,UPI,0,11,0.179,tier2,0,3,evening,0.2211439005048725,0.1855,1
03654664-9146-42e1-9ee3-98d10f46207d,d477e243-3255-42be-a122-a88f8d1ace77,2025-06-03,8159.21,electronics,0.215,COD,0,2,0.044,tier2,0,4,evening,0.14992661347758604,0.0204,0
7c5c010a-b9bb-4326-b8d5-0c174fc9d297,5a71659c-1263-4448-8731-60f1df983197,2025-10-07,6686.32,electronics,0.318,COD,0,12,0.439,metro,0,4,afternoon,0.4468118022423648,0.0844,0
89885366-4652-4a9f-8fd9-fa294118cf52,31b3bbb8-aa06-40bb-a71f-aa588c7ead90,2025-05-28,1628.71,electronics,0.187,COD,0,3,0.268,tier2,0,5,afternoon,0.23076225353726293,0.1573,0
dc50accf-3e0b-4191-946a-e89c531f3f06,b409e3d7-b9a4-422f-952f-eaf1d5521144,2025-03-23,3552.7,home,0.593,COD,0,6,0.404,metro,0,2,afternoon,0.3974441051585353,0.4959,1
5c2b24bb-e091-4b5a-a687-0f66d0dbfbaa,4e40c152-4279-4fbe-8a2f-a127f5613ef3,2025-08-22,4558.9,home,0.082,card,0,12,0.151,metro,0,2,evening,0.08097222048102413,0.0545,0
f148d8c2-b96d-4502-b379-49edf9406a6a,98389b8b-658b-4eca-b919-9c37c2dbce1f,2025-10-15,5779.27,fashion,0.077,COD,0,3,0.039,tier2,1,2,evening,0.04552205229964168,0.2438,0
48312d90-721c-486f-adeb-3e0ebb3d75a7,d16775db-1246-4c5e-b361-32e9cbae6dcd,2025-07-27,1452.35,grocery,0.483,COD,1,0,,metro,0,2,evening,0.19886391020651462,0.1261,0
1fa726e1-3c7c-4c98-ab0e-2393f719893f,7a4e9ee7-df87-4f79-9ec7-3f4c1f489075,2025-08-06,2416.77,beauty,0.471,card,0,11,0.207,tier2,1,1,evening,0.23069756686430742,0.112,0
4c8bffb9-80b7-4d58-821a-dd7d90d1451a,1ec19d12-c4c9-4320-a035-98e17c951577,2025-07-26,421.41,grocery,0.284,UPI,0,11,0.239,tier2,0,3,afternoon,0.18576378008237582,0.0266,0
16637ba6-e9b0-493d-9766-a6417084c804,912383ff-d344-436a-862e-61ab640188b1,2025-04-29,843.53,home,0.302,card,0,2,0.777,metro,0,3,morning,0.668440832463893,0.4397,0
53cd8b7d-4f56-450d-b074-f716dcfb8ec2,a601bb98-ed14-4e71-93e5-2be8eb49e370,2025-01-08,298.18,fashion,0.446,UPI,0,2,0.388,tier2,1,3,evening,0.4143300984213656,0.4507,1
0e0c2d09-9cc3-4381-9b1b-fff6db32c7ae,ecf7432d-87ec-467d-9c61-1102e6ef87c1,2025-05-31,1042.06,electronics,0.257,COD,0,3,0.152,metro,0,2,evening,0.1036578444265268,0.1049,0
290162cf-f17b-40e7-814f-ef8bf4445198,ecc4991d-d02c-4633-a70e-84e29af1e74e,2025-06-16,13625.44,home,0.339,card,1,0,,metro,0,1,evening,0.30696088944893785,0.0318,0
7011e524-4158-4876-a3f2-f3f1b1b8d109,7950cbc5-8eee-4ebd-a1fb-7444b8b3a4b8,2025-03-31,715.07,fashion,0.306,COD,0,2,0.097,metro,1,2,evening,0.19283338499564623,0.6029,1
013abdf8-c401-44ea-84c8-eed17dede345,67939c94-864b-476c-adbc-b69702fdd112,2025-05-28,250.0,electronics,0.75,card,0,1,0.381,tier3,0,3,evening,0.3325622338548419,0.1472,0
17d2cadd-a54b-4c9d-9bb5-e510231a343d,487e0072-ff7c-4376-aa94-0ed39d21882d,2025-01-08,1268.98,fashion,0.284,COD,0,3,0.126,metro,1,2,morning,0.10058728392504118,0.3805,0
3c4dc1c7-1fd0-4a91-bf75-77b411f80d43,5e758f8f-c2ad-4e0c-b4fc-026916c24854,2025-10-21,1219.74,electronics,0.273,COD,0,16,0.062,tier2,0,2,morning,0.048627470043128354,0.1006,0
536d601a-9c8c-42d7-bec4-17637db95b3b,4ed8649d-1f98-49ba-9ac7-95ad3fde0f37,2025-06-03,2196.26,grocery,0.274,COD,1,0,,metro,0,2,night,0.36581399891508337,0.1062,0
01364198-b33e-4d3b-ae5a-d29507d83be9,c5d85ede-c256-42df-b993-35deb12a5516,2025-10-18,2047.14,fashion,0.25,netbanking,0,3,0.394,tier2,1,1,night,0.3517803851773976,0.2165,0
226f0e39-ffe9-4f30-a819-2ca6b98fa72f,b409e3d7-b9a4-422f-952f-eaf1d5521144,2025-01-17,386.69,grocery,0.212,COD,0,7,0.355,tier2,0,1,evening,0.3974441051585353,0.1333,0
efc46978-e12a-4969-8e4a-b99b8202f80d,b05cd307-ff39-4d35-b1c1-4cb2ba5733af,2025-09-28,1371.24,beauty,0.362,COD,1,0,,metro,0,1,morning,0.11716756530475335,0.4349,0
fc8724fa-b2fa-44d4-bc28-19295a9e98c2,b209d179-6418-4f8c-bd42-8e4f831f0776,2025-05-20,1079.77,beauty,0.337,UPI,0,9,0.284,tier2,0,3,evening,0.27580452681496,0.2179,1
0fdd094e-acd4-4e47-87a2-7f525c01467e,4c4f2800-1fc4-4701-bb18-1c82517eb39d,2025-01-29,648.17,beauty,0.068,netbanking,0,1,0.075,metro,0,1,evening,0.12149518069965874,0.0305,0
0bf95aba-5402-4a55-8c32-c53b8cc5ed2b,38543a37-c3ff-4947-a0be-4c688daad6b3,2025-02-03,250.0,beauty,0.066,UPI,0,3,0.299,metro,1,2,evening,0.3007027884503935,0.1412,0
f27c9030-3487-4bb2-98e4-e064ca53d055,bd8faecc-d38d-4f13-8a42-c17d6f850d10,2025-06-27,5634.94,fashion,0.612,card,0,1,0.272,tier3,0,4,evening,0.26335659719559446,0.0798,0
7c1028c7-5ce1-4dcb-a06f-d3415b6dd840,f08d853b-6894-4bb3-971c-4183b39fae0e,2025-01-31,815.47,grocery,0.318,netbanking,0,2,0.21,metro,0,4,afternoon,0.2486017792851423,0.0275,0
5ba51e31-967c-4258-a1eb-89d85bf0fbb6,cda74f38-f117-46e6-86c1-27f5329aede0,2025-02-19,903.29,fashion,0.329,COD,0,1,0.605,metro,0,4,evening,0.5362129046914219,0.2351,0
157e6192-cfbe-4193-93fd-a42a3eb94153,75d01b16-6ada-4bc9-b0e7-fcd9549b8b09,2025-08-10,430.44,home,0.266,card,0,2,0.194,tier2,0,2,morning,0.278455179805805,0.1019,0
b2de21e3-823f-42c7-8313-2d7e7462eebf,c901a58c-6ac4-4a3a-a5d1-4198a13622e7,2025-09-25,343.67,fashion,0.003,UPI,0,3,0.156,metro,1,3,afternoon,0.15906278458837203,0.301,0
5357d45a-cba6-4526-aa33-85e635f8d141,0b6f3e2b-84fe-456b-ad93-ffcb76fb728f,2025-06-09,1728.66,beauty,0.343,COD,0,8,0.195,tier3,0,5,evening,0.19762424986659227,0.3922,1
680e7e6f-3378-4452-9af4-16d910e22efc,4e40c152-4279-4fbe-8a2f-a127f5613ef3,2025-06-28,787.85,fashion,0.166,UPI,0,13,0.0,metro,1,3,evening,0.08097222048102413,0.1016,0
eadd052b-74ed-4492-9183-16df7b981e9f,7e3187ea-5ab7-4cd8-84fa-6ff053c09d04,2025-01-31,461.37,electronics,0.186,COD,0,2,0.259,tier3,0,3,afternoon,0.21026090580847182,0.2739,0
62ac1b81-f7cd-4f5e-bed2-c4e792b9099f,938245c2-8647-4454-aa1b-998878f08b78,2025-04-03,632.2,electronics,0.342,UPI,0,8,0.18,metro,0,6,evening,0.29048499029100583,0.0305,0
b035b34c-24eb-449b-a4ab-0227cee23299,f8058711-faa6-4eca-a2ab-1fa0ad185832,2025-10-23,2042.85,home,0.31,UPI,0,2,0.057,metro,0,2,night,0.04047509547806022,0.0542,0
700a80ec-52a5-4b1d-a46c-2d563b16476c,67939c94-864b-476c-adbc-b69702fdd112,2025-10-13,3300.27,grocery,0.206,UPI,0,2,0.481,metro,0,5,evening,0.3325622338548419,0.1019,1
6e1f92b4-0f5d-4218-9410-44f68561a03e,cba0fbf1-c8e0-4aa6-8a6b-48f3baba929d,2025-09-13,4389.94,electronics,0.362,card,0,6,0.399,tier3,0,4,evening,0.3706024922013499,0.0821,0
9e376e87-47c6-4be6-9742-211e7c4ce177,2b0aed48-0816-4dd9-b18b-7acd4c255c96,2025-04-02,771.59,fashion,0.251,COD,0,4,0.201,metro,1,3,evening,0.19975800750299405,0.3704,0
273a6252-490a-45d2-ad68-adc74211df4b,d5ed1c34-161c-414d-b34b-6029b6051817,2025-06-17,3832.65,fashion,0.388,card,0,2,0.108,tier2,1,4,evening,0.21478291236143027,0.142,1
89b36530-96c2-4a96-a077-d519b994805c,e13d21db-d1a8-4f0a-9fc2-ba3d05772804,2025-04-29,250.0,fashion,0.342,card,0,3,0.02,metro,1,3,morning,0.06565876288364696,0.2034,0
be309971-5ecb-4c57-9abc-cb0230532fe5,835b4038-88dc-4965-b6b8-921d3b0ad19c,2025-05-31,558.29,fashion,0.193,COD,0,7,0.067,metro,1,6,afternoon,0.18168234468688693,0.4121,0
177b492d-2d67-4643-9a77-76448ba398af,98130890-4899-4c39-bc27-fff25da0726a,2025-09-28,1849.72,grocery,0.393,UPI,0,2,0.204,tier2,0,2,afternoon,0.14213974082226472,0.0243,0
6feb7c50-280d-4824-84f3-5d2342723161,83fe6a19-57b5-4519-982d-d7d7bca39396,2025-03-23,365.65,home,0.117,UPI,0,3,0.204,metro,0,4,night,0.26357426902472036,0.0469,0
24af10c3-a44f-4ff4-a003-2a4509422089,c967d130-c116-4a5c-8589-391097b66b37,2025-05-03,1853.23,home,0.278,UPI,0,11,0.055,tier2,0,1,evening,0.04915448350944119,0.0188,0
0be85f88-dd0a-48e5-86d4-fab375c5a6e0,99e318ff-1a69-4f68-addf-975990bd0414,2025-04-12,1162.82,beauty,0.113,UPI,0,11,0.221,tier2,0,2,afternoon,0.2434169799043869,0.1003,0
2f17b7f9-ffda-42ee-8635-df88ca2e6e4e,fe679ebd-d7e3-420e-a610-8a0cfd64ae80,2025-08-18,250.0,home,0.249,card,0,1,0.461,tier2,0,3,afternoon,0.43544254381347786,0.1979,0
9f4f2089-5067-4320-8812-8600881e79da,c967d130-c116-4a5c-8589-391097b66b37,2025-01-23,4189.13,fashion,0.344,UPI,0,12,0.104,metro,1,3,evening,0.04915448350944119,0.1669,0
576e014f-66c8-4019-a3ed-e261f7438ec5,2c1b640e-7361-4bb4-ac90-0bffa313f1df,2025-07-20,3072.07,home,0.26,COD,1,0,,metro,0,3,evening,0.11554696311015139,0.215,0
5cb0923d-827a-4c98-b612-fa3eabb83c30,f5069c4e-0691-43d9-b3e0-3efe7073ec31,2025-03-24,454.54,home,0.131,UPI,0,5,0.194,tier2,0,3,morning,0.03542903995029727,0.0679,0
e0f237d0-e5e9-41be-b61f-f4b401e84dc2,28660f34-5a61-4e07-8f8c-96c4fb8d6d70,2025-03-31,4638.38,beauty,0.381,COD,0,6,0.071,tier3,0,3,night,0.052918216172000036,0.1945,0
0ffa1539-fc56-4a8a-9152-6a00c5f9959a,0c0fafe7-3648-4a5e-a740-889be164128a,2025-05-09,7422.44,electronics,0.515,UPI,1,0,,tier2,0,5,afternoon,0.11234599605989387,0.0653,0
897bfcd3-45d0-47c5-901e-ba95abafa6bc,60ab47fa-fe76-4aa1-9125-a3006288e298,2025-05-03,250.0,fashion,0.149,UPI,0,8,0.23,metro,1,1,morning,0.2897378778415542,0.3083,1
c96e30b3-e8c4-4011-a98e-e9cee5e0094a,b9ab6a4e-9e61-4225-8298-12bde10de7a7,2025-09-29,250.0,beauty,0.299,COD,0,5,0.128,metro,0,7,evening,0.20154150931374812,0.3538,0
40e5bbff-d4ee-4429-8515-33da8536836c,627c64b8-7f4f-48a1-ac38-9594119b679b,2025-09-17,2569.0,beauty,0.523,UPI,0,2,0.72,tier2,0,4,night,0.7642110094338409,0.3546,0
0fbe1d87-0919-4777-87dd-f894025fc142,460bc87a-beb1-4f56-a5cd-1ec17422b34a,2025-01-02,1039.21,home,0.262,COD,0,2,0.085,tier3,0,4,afternoon,0.10883559867342446,0.2148,1
e4152865-5a13-42c1-a325-ce8071c4d322,80f51681-2009-48ac-926e-7b7901f96486,2025-10-15,1402.89,beauty,0.056,COD,0,4,0.0,tier3,0,5,afternoon,0.025007063694987345,0.0588,0
5b1562e9-683e-4b83-987a-67d7b49c35fd,a08246dd-24d9-48bb-b9d1-2b3dd9ac343f,2025-04-27,1151.7,beauty,0.148,COD,0,5,0.168,metro,1,2,afternoon,0.19434600150643108,0.0832,0
39bf60ec-66fa-4600-a749-2de0631ca929,387e3c02-124e-491f-b2e5-61469a52d190,2025-08-16,1442.98,fashion,0.297,COD,0,1,0.155,metro,1,2,afternoon,0.11300670394722269,0.3117,0
96a95bb1-8171-47ab-98ab-0df19ec09b28,44408e56-9a11-44d5-8a79-5e1ddafd28e1,2025-07-07,6039.58,beauty,0.177,UPI,0,9,0.223,tier3,0,5,afternoon,0.24706696213115537,0.0277,0
0bb2821d-a4d8-437c-8075-f2a349b92b09,b209d179-6418-4f8c-bd42-8e4f831f0776,2025-09-20,1953.04,fashion,0.27,card,0,10,0.262,tier2,1,3,afternoon,0.27580452681496,0.2072,1
68ffe5b0-8b54-4550-8429-82826c90f57b,78f8646d-d401-40a1-8b6d-605e45f29fb6,2025-09-17,1096.39,home,0.48,UPI,0,2,0.306,tier3,0,5,evening,0.2928560981860891,0.0742,0
4098fa19-034c-4d8a-bc80-30aecd7be0b5,39e67ff8-0ce4-494c-8717-1d4f63efa14d,2025-09-27,544.74,fashion,0.401,UPI,0,1,0.197,metro,1,2,evening,0.07293918209014336,0.1268,0
49b50148-eb5e-46a5-84ae-4b10bed920db,f3166f32-26e7-45e0-98ec-f3e81fcfaf0b,2025-01-04,1109.42,electronics,0.412,COD,1,0,,metro,0,2,evening,0.49679037091398126,0.1359,0
9107b5af-2c9d-4d67-9259-5ec8f92df6b5,171da275-1177-47e0-8508-b0c0b9a18def,2025-06-20,559.57,fashion,0.283,COD,0,3,0.117,tier2,0,5,evening,0.2333357897188074,0.1531,0
8881e394-fade-4ba8-aff5-395404b17b84,bd8faecc-d38d-4f13-8a42-c17d6f850d10,2025-02-13,250.0,beauty,0.201,COD,0,2,0.256,metro,1,2,evening,0.26335659719559446,0.278,0
6d40ea76-7cf5-48f1-98de-c8a87a8d534a,397d373a-f33e-473f-9362-3154a53fe5ef,2025-03-29,579.01,home,0.127,COD,0,4,0.296,tier2,0,1,afternoon,0.3797344893685818,0.1401,1
92633500-301b-4d26-a09b-9eefb2dc046e,7a4e9ee7-df87-4f79-9ec7-3f4c1f489075,2025-01-23,729.17,electronics,0.329,netbanking,0,12,0.324,metro,0,3,night,0.23069756686430742,0.106,0
45b4d9ec-1fcb-4c3a-bd44-a0e6704fcfa0,63d8dd12-39d4-4e1e-bdd7-72b1c1a0b1c0,2025-05-31,3071.18,fashion,0.133,UPI,0,4,0.248,tier2,1,3,night,0.22490754943212576,0.1237,0
cc9e7683-49e1-48b1-9960-d70c9c14feec,59265d36-e12e-4bfc-b8a8-29de0a16e8c5,2025-01-04,1213.86,electronics,0.513,UPI,0,5,0.244,metro,0,1,evening,0.35941268307576457,0.0293,0
a4ea935e-f51a-4a58-84fd-ca50ddfcd35a,e4fc2035-70f1-45b1-82d0-0ee396f0a984,2025-05-02,5998.28,fashion,0.385,COD,0,8,0.206,tier2,1,2,morning,0.21199326223067969,0.2927,1
032092dd-0150-4e3f-9f85-371d60f2d7be,8c24e923-2dbf-4f43-b0b2-6e851d21fa34,2025-07-26,257.69,fashion,0.283,UPI,0,14,0.094,tier2,1,2,night,0.10820090543681238,0.2605,0
c3873fc6-4720-4051-a7b2-030ed47dd7cc,b7fee608-f381-4167-a173-bf1ad38bdb79,2025-03-03,3829.85,fashion,0.166,UPI,0,5,0.021,metro,1,1,afternoon,0.05881659853496958,0.0216,0
13e988f3-9303-40e5-b345-ab586f496ff5,cd508d92-15fe-4a35-9c1b-37a278d36ea4,2025-05-26,5121.34,grocery,0.203,UPI,0,11,0.182,tier2,0,2,night,0.2771725532528444,0.03,0
43534570-7e50-4f5b-8747-0a8cf9aef7a7,f08d853b-6894-4bb3-971c-4183b39fae0e,2025-04-22,2044.1,grocery,0.233,COD,0,3,0.309,tier2,0,5,evening,0.2486017792851423,0.1013,0
9d44b596-c1cf-46ac-8884-52975e42c30a,7950cbc5-8eee-4ebd-a1fb-7444b8b3a4b8,2025-08-11,650.35,home,0.439,card,0,3,0.215,metro,0,2,night,0.19283338499564623,0.1727,1
1600ac18-04bc-4c3f-b409-35866b4bb17b,93e4f60d-9a3b-4673-814d-a1c4b7fe7865,2025-01-23,456.89,grocery,0.204,card,0,1,0.424,metro,0,4,evening,0.46001324343588723,0.047,0
b2f7b068-324c-44c1-9c0f-423a6a339a6d,735fdab8-3c31-4c12-8344-b632847001e7,2025-05-05,2646.74,fashion,0.269,card,0,3,0.746,metro,1,1,evening,0.6231863021915255,0.2565,0
e7b8f0e5-f1a9-4919-b10f-34783be25edb,c5d85ede-c256-42df-b993-35deb12a5516,2025-05-31,1316.5,fashion,0.216,UPI,0,4,0.271,tier3,1,5,night,0.3517803851773976,0.2511,0
4089a846-94a4-4f66-bb8a-b3a04a2b908a,31b3bbb8-aa06-40bb-a71f-aa588c7ead90,2025-08-13,593.94,electronics,0.327,card,0,4,0.13,metro,0,4,afternoon,0.23076225353726293,0.0362,0
56696e8a-4c84-415e-b8fb-9363f6fe14d0,99e318ff-1a69-4f68-addf-975990bd0414,2025-01-06,6830.53,home,0.649,netbanking,0,12,0.101,metro,0,7,morning,0.2434169799043869,0.0925,0
18ffc938-68f7-4eb8-8c43-5ea13f36f274,912383ff-d344-436a-862e-61ab640188b1,2025-08-26,3197.31,grocery,0.541,UPI,0,3,0.61,tier3,0,3,afternoon,0.668440832463893,0.0561,0
b30c1346-5c00-4d2e-9737-255885d6b6d6,67939c94-864b-476c-adbc-b69702fdd112,2025-10-22,906.3,beauty,0.083,UPI,0,3,0.405,tier2,0,2,evening,0.3325622338548419,0.1029,0
3fb67e5a-28c9-4b8b-9e18-7236a7be7364,00ee6a6c-7fdb-4d2c-971d-b1bfa29fc269,2025-04-12,1488.51,home,0.512,COD,0,5,0.13,tier2,0,1,afternoon,0.18608348760507418,0.3716,0
71600804-50d7-41f3-b056-969d52a5b02e,0651ab9e-5b2b-46c4-9215-ff97762857c1,2025-07-10,1607.14,grocery,0.173,UPI,0,3,0.343,tier3,0,6,morning,0.3926881472493449,0.056,0
f96ea50b-45da-4c9d-ad27-533a998da7e8,7ca03023-719d-4cb2-9bcd-973891b6804d,2025-02-18,9049.89,fashion,0.225,UPI,0,1,0.195,tier3,1,4,afternoon,0.12638520817096505,0.0858,0
b5a818f3-83d0-4532-8012-8338a785e949,5c3a491b-f023-457b-9da7-95a4eedebd89,2025-04-05,650.32,home,0.096,COD,0,9,0.16,tier3,0,4,evening,0.12936071938754626,0.2022,1
0c80bf6c-fd57-42dd-abfa-1b9b94b966c5,e8236567-e21a-46bf-9ba0-de610564b03d,2025-05-29,1975.29,home,0.339,card,0,4,0.213,metro,0,3,morning,0.0912579377429543,0.0374,0
389026e3-c927-43ad-a997-11e0c6871da4,a6256430-3c71-4085-bbd4-f11ec5db53de,2025-10-07,1098.7,beauty,0.366,COD,0,3,0.226,tier2,0,3,evening,0.20459557629689876,0.0844,0
80fdabb6-03aa-4024-a958-37ecdbdbb2fe,24dc633c-de4a-4152-ae24-3e42211235f1,2025-03-22,2077.31,fashion,0.096,UPI,0,5,0.121,tier2,1,5,afternoon,0.03297163095944513,0.0737,0
bd60b82e-0cf2-44aa-bad7-266bea3e2c86,1d389e03-f41d-4493-8048-8d028a5d27f2,2025-07-04,1692.56,electronics,0.381,COD,0,2,0.453,tier2,0,1,afternoon,0.3251850941589013,0.1472,0
bca7aab1-6d54-4de8-ad01-597706dbc984,c54de631-aee5-4701-9f59-a9acda7c1bd1,2025-04-19,1193.44,grocery,0.123,COD,1,0,,tier3,0,7,morning,0.46341394989494955,0.2955,0
867d1d5e-7472-44d5-86d1-27ff7428e9dd,24f462d2-ab23-4d64-b4cd-5e1193e7769f,2025-02-15,1735.22,fashion,0.276,UPI,0,2,0.643,metro,1,1,evening,0.5997722687005431,0.2076,1
f5d50285-358d-49fe-83b5-84774820da44,acd6bd3e-5e54-412a-b390-342f9074721c,2025-03-16,2193.58,home,0.306,COD,0,1,0.234,metro,0,3,afternoon,0.15860848909227618,0.0972,0
975553f5-2255-4ce1-81be-948642468104,573ef44a-b7bb-44cb-ae0d-923c3a996227,2025-08-07,285.62,fashion,0.322,UPI,0,2,0.452,tier2,1,5,evening,0.419905690979168,0.4547,0
0f4fb126-3b75-4423-ab20-6e952851577c,b5613467-d329-4102-b724-eb47dc04ed5f,2025-02-02,2160.11,fashion,0.104,COD,0,1,0.392,tier2,1,1,afternoon,0.2676344641423701,0.4682,1
a14a204a-6f3c-441d-98c0-034aba5bfd5d,487e0072-ff7c-4376-aa94-0ed39d21882d,2025-08-26,2641.29,electronics,0.081,netbanking,0,4,0.252,metro,0,4,morning,0.10058728392504118,0.0512,0
fac2c4b9-55af-46c6-be7d-40f37c884111,8c24e923-2dbf-4f43-b0b2-6e851d21fa34,2025-09-06,1194.37,home,0.493,COD,0,15,0.158,tier2,0,1,night,0.10820090543681238,0.2205,1
680d6958-e9a6-419a-9070-f88e12a0c427,b7ef314c-9925-4a16-acaa-b6ca39d9a8d7,2025-08-01,671.64,beauty,0.053,COD,0,1,0.34,tier3,0,4,morning,0.3456855814787548,0.1115,0
ac2f8b27-4abb-4e76-8a9d-82b3d66430ca,ba9504c7-b413-4ee9-861d-702ad1482abd,2025-06-15,361.63,fashion,0.246,UPI,0,3,0.236,metro,1,2,afternoon,0.21485681318313843,0.4791,1
65c727d1-63e0-462c-bf8e-b16d42634ea8,5a48b72f-7311-4233-8e19-238ff40a366f,2025-07-28,305.84,electronics,0.352,card,0,2,0.058,tier2,0,5,night,0.10212483545629032,0.0768,0
111f2b22-ac28-4b4b-8373-1c1efdd9a30e,bdd54f3e-72c1-47b3-9845-5963708546a7,2025-04-05,2974.78,grocery,0.643,UPI,1,0,,metro,0,2,afternoon,0.08969748337101224,0.0607,0
d87f78b9-a714-4c20-9fd2-9d4e2fc3f729,a2a6e4a7-73f0-4f60-8023-1d364c305e4d,2025-02-03,1078.9,home,0.265,COD,0,6,0.163,metro,0,1,afternoon,0.23228588338828865,0.2307,0
a3592a9d-7c0a-4206-b290-92025e4c4991,f920e7f3-d39f-4f68-a6df-bf5a555ec155,2025-06-28,6546.83,fashion,0.543,UPI,0,2,0.46,metro,1,3,evening,0.2063369651501635,0.2052,0
07c282d5-7877-4498-9c6a-9fd9c0c7ca21,c987e835-2514-40cd-834c-f4d2261dd56b,2025-01-17,539.38,fashion,0.334,COD,0,3,0.13,metro,1,3,evening,0.06015710717930573,0.5953,0
8a3bf5d6-92ab-438f-b1bb-f4fb52e12506,c901a58c-6ac4-4a3a-a5d1-4198a13622e7,2025-09-19,2637.78,home,0.087,COD,0,4,0.203,tier3,0,4,night,0.15906278458837203,0.1515,0
d2f6c853-1b3e-4ab9-81a5-eabb9162eea1,28ec42d4-b23f-4146-a22d-131afdd06fec,2025-06-16,5751.44,fashion,0.32,card,0,4,0.321,tier2,1,2,evening,0.3958288561774479,0.1311,0
c71265ed-5529-4a8a-8a89-3298b0cadf0a,63d8dd12-39d4-4e1e-bdd7-72b1c1a0b1c0,2025-04-06,352.2,fashion,0.113,UPI,0,5,0.194,tier2,1,2,night,0.22490754943212576,0.2167,0
16080088-d9af-40a2-84cb-8188857edd28,d3db41bc-bf8f-46e0-94b1-984f27ff9af2,2025-09-08,1043.32,fashion,0.248,card,0,7,0.182,tier2,0,2,night,0.33315409272597374,0.1994,1
4e84440d-dbc8-44ef-927f-4437b8ac2797,eb07b44d-b3fe-4da4-86bc-808ae9a3182b,2025-01-09,1266.47,fashion,0.488,card,0,2,0.781,tier3,1,5,morning,0.6823689291324807,0.4514,0
6a9f7499-8063-4603-8a92-0368c92de537,3678c134-a42b-4685-ad15-81b9e73e73aa,2025-01-20,6739.79,grocery,0.168,card,0,4,0.103,metro,0,6,night,0.1373435706874969,0.0105,0
d299b783-ccd2-451e-981e-b3a3523bc9d3,4e40c152-4279-4fbe-8a2f-a127f5613ef3,2025-04-06,656.61,fashion,0.648,UPI,0,14,0.133,tier3,1,8,evening,0.08097222048102413,0.2878,0
313c4343-33eb-4680-82d9-bf9df5a3f2f8,835b4038-88dc-4965-b6b8-921d3b0ad19c,2025-07-31,578.1,home,0.06,UPI,0,8,0.159,metro,0,3,morning,0.18168234468688693,0.0543,1
7a000f78-df79-4811-8231-535c1a8a6806,830d45e3-65f2-43df-a9de-2548e05279e6,2025-04-01,531.1,grocery,0.078,COD,1,0,,metro,0,2,evening,0.3668195423950672,0.1463,1
8876fc70-5a5b-42c6-8c0d-f070577d4f0e,7a4e9ee7-df87-4f79-9ec7-3f4c1f489075,2025-02-23,4126.42,fashion,0.416,COD,0,13,0.345,tier2,1,7,morning,0.23069756686430742,0.6242,1
a48fa877-e5a9-4c29-8c81-f64a5e3c44d8,b0694581-e5bf-4757-913a-46834d324ff0,2025-06-24,1689.84,electronics,0.069,UPI,0,7,0.3,tier2,0,1,evening,0.2365731909103324,0.0703,0
cf17e927-132a-41c1-804c-00fe63134351,56a30258-3565-44b2-a8d7-1d0adece59a8,2025-01-13,2572.32,fashion,0.178,netbanking,0,7,0.196,metro,1,1,evening,0.1548544510371693,0.0913,0
3c719aae-6c3b-41b1-9e09-c1aa94d5bd9f,9d1d8bca-9218-4856-8619-cfee194da74f,2025-09-08,250.0,electronics,0.067,COD,0,7,0.408,metro,0,2,evening,0.24874291058771908,0.1402,0
bf0b015b-6fe3-46d0-8ef2-0ac3af59a87a,d3db41bc-bf8f-46e0-94b1-984f27ff9af2,2025-10-19,4051.62,fashion,0.348,UPI,0,8,0.45,metro,1,2,evening,0.33315409272597374,0.2213,0
0416fab3-c07b-4f47-8e57-1549bd600899,c287c9ce-296a-4388-9fc4-948757440938,2025-02-02,6991.97,home,0.051,UPI,0,3,0.696,tier2,0,1,evening,0.5885383197450833,0.0319,0
a3fd0bc3-c193-4f34-a54b-29014ef540e9,c04c2c09-5f42-4b59-aeb5-6d35280a5d01,2025-01-07,669.05,beauty,0.198,UPI,0,6,0.0,tier3,1,4,evening,0.06067469417646223,0.0776,0
805eb6be-2eb0-4699-a12d-b6ee777eb732,141851fb-39b4-4b0b-8cc4-7cd819c8a26e,2025-07-03,4769.71,home,0.228,COD,1,0,,tier2,0,5,evening,0.3750474517068999,0.4647,0
96812d6d-b8ec-4288-bb47-66dfd3d23ffe,99147503-441a-4858-9bd7-29926eb2f3c3,2025-01-19,250.0,home,0.216,UPI,0,7,0.386,tier2,0,2,morning,0.3870026797871902,0.0781,0
4366134b-06ea-44af-b847-ea6c38b3c55a,809440e5-dc7b-48de-8000-53ac94935dec,2025-08-25,2104.29,fashion,0.051,UPI,0,4,0.164,tier2,1,3,afternoon,0.17298841463602524,0.105,0
c4051563-188f-4a61-a73a-fafd7886ca52,c35917e3-aa41-4cb2-9a55-27d4893431b1,2025-09-18,250.0,electronics,0.348,card,0,5,0.37,tier3,0,2,morning,0.4237639813012678,0.0967,0
6ff05ba8-f206-4176-a443-53d9b83a8146,60ab47fa-fe76-4aa1-9125-a3006288e298,2025-01-19,5209.89,electronics,0.274,COD,0,9,0.394,tier3,0,9,afternoon,0.2897378778415542,0.2152,0
07fbfaac-025f-4eb5-a55e-c58e3e4b8f26,171e4a10-810d-497f-9f03-8fd70e81b526,2025-04-18,3885.71,beauty,0.08,UPI,1,0,,tier3,0,5,afternoon,0.27177374067259585,0.0972,0
87148419-e737-45ac-ae8a-77efd108cdd4,e2845fad-4462-4694-a0bf-742b4e105928,2025-07-31,250.0,home,0.177,card,1,0,,tier3,0,3,morning,0.04088977977161757,0.1185,0
e4d9968c-5576-482d-9f1d-e83be3359e54,ec11d559-7980-4914-89e3-b56e72adba0b,2025-04-04,1043.96,electronics,0.551,UPI,0,9,0.206,metro,0,4,evening,0.1561219227039281,0.0765,0
ce16069e-cfc5-4fee-a5cd-dd8f0af02f8e,10546d08-1053-4bf0-976f-4c40b2dcb1c8,2025-02-12,5246.08,fashion,0.352,COD,0,4,0.19,metro,1,3,afternoon,0.021184252375003435,0.3685,0
7c9b329e-0dca-4253-8d4d-bed0213ec66b,803488e3-f195-4510-8729-476cfdddc9b9,2025-03-31,304.09,fashion,0.432,UPI,0,2,0.537,tier3,1,6,afternoon,0.44640490282899387,0.6139,1
abccbae6-9354-4acd-b4f7-427e8e776a82,a111ab22-4c88-4d83-b499-448d82133ae3,2025-06-09,1980.86,electronics,0.521,UPI,0,3,0.31,tier2,0,1,morning,0.2568909066288726,0.0592,0
19b3dc4f-38bc-4d00-99da-98fa95374b9b,fddab96a-bc23-43d2-a1f4-76de3a7b7f5c,2025-06-27,870.61,beauty,0.45,UPI,0,6,0.09,tier2,0,3,afternoon,0.08979930230446,0.0533,0
8b11ad2a-57cd-4abe-a852-154d825ecf4c,f08d853b-6894-4bb3-971c-4183b39fae0e,2025-03-21,393.11,fashion,0.354,card,0,4,0.223,metro,1,1,night,0.2486017792851423,0.1479,0
3fdeec71-3b01-4c91-a06b-32934ecaa35d,b5613467-d329-4102-b724-eb47dc04ed5f,2025-03-17,685.09,fashion,0.355,COD,0,2,0.224,metro,1,2,morning,0.2676344641423701,0.5238,0
a7f779ba-108d-4965-ac5d-f34368ad6ac7,835b4038-88dc-4965-b6b8-921d3b0ad19c,2025-08-24,4340.31,fashion,0.207,card,0,9,0.238,tier2,1,1,afternoon,0.18168234468688693,0.1786,0
cded92ee-7f86-43c8-a73b-c94eddc24170,f04ea3ca-68ee-4efe-a612-fe50610fd2dd,2025-07-24,1150.54,home,0.439,UPI,0,7,0.198,tier2,0,2,evening,0.2242312963277271,0.0713,0
9dd41d88-394e-4da9-8438-822406cdc5de,f8058711-faa6-4eca-a2ab-1fa0ad185832,2025-09-08,14897.09,fashion,0.235,COD,0,3,0.292,metro,1,4,evening,0.04047509547806022,0.0568,0
7ba7e444-67f5-485d-bc9a-00fee9d6a539,af9a11bb-3658-4e05-918c-ac3f7c175c59,2025-10-02,889.89,beauty,0.705,UPI,0,1,0.246,tier2,0,1,afternoon,0.10073875282927403,0.0926,0
e8b849ae-68f8-40d0-a0cd-f86d5a133d0f,9d1d8bca-9218-4856-8619-cfee194da74f,2025-03-29,2831.41,electronics,0.339,COD,0,8,0.168,tier2,0,5,morning,0.24874291058771908,0.1216,0
09eb6796-ad28-4c73-8fec-f54c795efe77,f2811512-6d74-428f-81ae-77df22796b31,2025-07-07,4669.04,fashion,0.253,UPI,0,12,0.222,tier2,1,2,evening,0.2916477929418046,0.2035,0
80adc772-11db-42a1-bda9-4388660478ee,9d1d8bca-9218-4856-8619-cfee194da74f,2025-02-24,1403.86,home,0.275,card,0,9,0.222,metro,0,1,morning,0.24874291058771908,0.0402,1
5d43149b-670b-4fc3-881a-bd2fd092ce88,5a11ae1b-953c-41af-83dc-44c210b745e5,2025-07-04,668.0,fashion,0.229,card,0,1,0.026,metro,1,3,afternoon,0.13954174495960747,0.2461,0
9dda4ad6-e082-43e1-a946-d1ac22718154,d36a7387-21ab-43e5-bcb9-dcddf807849d,2025-02-26,1201.12,home,0.75,UPI,0,5,0.35,tier2,0,4,evening,0.30018529874356914,0.1073,0
ba77c99a-4a03-4822-b62e-8557835b90b0,42a14875-57df-44bd-b0ae-141793f01b7e,2025-09-01,2711.68,fashion,0.054,UPI,0,1,0.313,metro,1,2,afternoon,0.32814923883527064,0.0847,0
8c6da59a-f3bc-4f4a-a4db-37becab06657,f8058711-faa6-4eca-a2ab-1fa0ad185832,2025-06-20,667.55,home,0.446,netbanking,0,4,0.158,tier3,0,4,evening,0.04047509547806022,0.0971,1
fc9babe5-5e9d-47cd-8cba-458b62b0739a,6405d452-0d48-4c53-b3bc-cf7e9b11d207,2025-08-21,566.47,beauty,0.294,UPI,0,1,0.309,metro,1,7,evening,0.37075169622686466,0.2424,0
169b3a81-29e7-4e54-b352-186d9ec556b5,1adfba2a-67be-4047-b8d7-6fa58294836e,2025-03-17,266.29,home,0.152,card,0,6,0.336,metro,0,5,morning,0.34129841122598414,0.0588,0
10d6bd8b-3ab6-43bc-89ae-f0687c900368,b39e2820-63bb-4385-b9d7-44c8956fa1b1,2025-03-12,3149.74,beauty,0.503,UPI,1,0,,metro,1,3,afternoon,0.2798243783472397,0.3522,0
0ecb6ece-fa20-41a8-8808-e5a65f7c12ea,a3430c85-65c8-4f9b-82e9-f40624864565,2025-10-26,250.0,home,0.309,card,0,1,0.126,tier2,0,5,evening,0.2098480405685214,0.0877,0
3f0bb6b1-a12e-4adf-be2c-e2ce5657e0e6,e75b5a37-ac60-4066-a040-3617f0d903ea,2025-06-16,2226.36,fashion,0.464,COD,0,9,0.249,metro,1,5,evening,0.24645297721478737,0.6446,0
e6225317-6d60-47ef-afc1-9d78b3ce01bf,439a976e-4f98-4615-9a4e-0cdb0eefe422,2025-01-19,401.08,fashion,0.256,card,1,0,,tier3,0,6,afternoon,0.2625171002989132,0.4099,0
da9eb73e-37e2-41ed-b6c0-9fbb4e5509c9,05454bf9-427a-4473-a52d-c95d8b3bf7ff,2025-03-24,313.46,grocery,0.143,UPI,0,1,0.264,metro,0,1,evening,0.19326835646210286,0.0196,0
091a625d-8221-46ac-b713-65d6227675cf,93e4f60d-9a3b-4673-814d-a1c4b7fe7865,2025-08-16,861.39,beauty,0.257,COD,0,2,0.417,metro,0,2,evening,0.46001324343588723,0.3062,0
7daf858f-89d2-4c7a-9eb0-430b2ea5fd41,938245c2-8647-4454-aa1b-998878f08b78,2025-08-02,755.47,fashion,0.151,COD,0,9,0.421,metro,1,6,night,0.29048499029100583,0.2728,0
f7e4c2aa-15f1-442a-b5fc-798b50cb5524,e2845fad-4462-4694-a0bf-742b4e105928,2025-05-05,19972.61,electronics,0.131,UPI,0,1,0.069,tier2,0,4,morning,0.04088977977161757,0.0009,0
861d06b3-af07-4072-be9a-2f7f8de023d1,906a171c-f8ef-4c41-9106-4dedffaed9e4,2025-04-04,292.42,beauty,0.395,COD,0,3,0.183,tier2,0,5,afternoon,0.14849469586761202,0.3903,0
4a9b1032-8e0c-42cd-8cc9-19dec98626e6,4d47ad50-ed68-4545-af4f-485a9b29b711,2025-08-01,250.0,electronics,0.293,COD,0,6,0.182,metro,0,6,morning,0.21989011196511407,0.1357,0
53ed7a42-a78c-4be8-8456-a529ded9dac6,fb1954cc-c93f-44b4-9155-10ddd8571b6d,2025-10-12,330.78,electronics,0.435,COD,0,2,0.215,tier2,0,4,morning,0.23865381601921165,0.1405,0
3a829e42-9876-4179-a837-2f3fae7266a4,31b3bbb8-aa06-40bb-a71f-aa588c7ead90,2025-06-29,1614.48,fashion,0.057,UPI,0,5,0.387,metro,1,3,evening,0.23076225353726293,0.1942,0
3e4f06fa-4d31-47c5-803f-ea3d790cd4cb,e13d21db-d1a8-4f0a-9fc2-ba3d05772804,2025-01-16,250.0,home,0.348,COD,0,4,0.0,tier3,0,5,afternoon,0.06565876288364696,0.1946,1
cbfc6326-a619-45c6-9385-570a4c3740c3,dea29f8e-ac26-475e-a225-300fac669ed0,2025-01-01,1266.26,electronics,0.35,netbanking,0,12,0.18,metro,0,7,evening,0.2211439005048725,0.1083,0
567ebddb-0dde-4887-873b-d8801fb80098,e13d21db-d1a8-4f0a-9fc2-ba3d05772804,2025-04-02,3258.98,grocery,0.174,COD,0,5,0.06,tier3,0,8,evening,0.06565876288364696,0.0531,0
bc8abb71-2bbb-4bed-b6c2-c36a44b2dca4,2bf1c610-a75b-412d-b0ce-9dc111d20e3c,2025-09-20,3646.11,grocery,0.331,UPI,0,4,0.334,tier2,0,4,morning,0.27780100478810504,0.0584,0
9c968f37-2849-4d5b-a5f8-a7b6568ec286,b209d179-6418-4f8c-bd42-8e4f831f0776,2025-03-28,2024.51,beauty,0.326,COD,0,11,0.314,metro,0,2,afternoon,0.27580452681496,0.1757,0
25b72337-6768-43c6-be54-f876e8346474,544b57dd-aae8-4d49-a2dc-9382a2b7ff69,2025-04-01,461.78,fashion,0.184,COD,0,6,0.179,tier3,1,7,evening,0.05655306904883348,0.6717,1
205e07d8-a467-49e3-977c-4c342c74304e,387e3c02-124e-491f-b2e5-61469a52d190,2025-08-11,1623.31,fashion,0.259,COD,0,2,0.104,metro,1,1,night,0.11300670394722269,0.3548,1
a4ded130-d09c-45bb-bf0b-1a803f82b3fc,9e5d4987-8d7d-4c47-8cdd-0d477afd0d41,2025-10-02,425.94,electronics,0.356,COD,0,4,0.126,tier2,0,3,afternoon,0.09221080951028436,0.1026,0
6e44a48a-1005-4e45-b907-05a8f49aa0ee,b39e2820-63bb-4385-b9d7-44c8956fa1b1,2025-04-28,3340.65,beauty,0.109,COD,0,1,0.41,tier2,0,1,afternoon,0.2798243783472397,0.1623,0
81fe6871-5760-4e87-ac36-5a919410eb9a,f3ddac43-fdf3-4ccb-ae62-1bdf88af5fc3,2025-10-20,6737.81,beauty,0.283,card,0,1,0.211,tier2,0,3,morning,0.2445339867991523,0.0428,0
5411155f-2ac3-40cf-b53d-3d79fb2ced8c,2b77e152-ac97-4061-9e6a-5abdc78bc29a,2025-03-12,250.0,fashion,0.142,card,0,6,0.289,metro,1,2,morning,0.29832839962512075,0.1856,0
d3c4d119-d3bb-4c8f-8f5e-a72b64555743,5523c0bd-3cee-4a56-9cf8-0e419a061593,2025-01-11,882.2,fashion,0.214,UPI,1,0,,tier2,1,1,evening,0.0830364113260189,0.2861,1
49d500f3-6a99-4e1f-8a20-f9f99e23ab8a,9d1d8bca-9218-4856-8619-cfee194da74f,2025-07-01,974.05,electronics,0.103,UPI,0,10,0.223,metro,0,3,night,0.24874291058771908,0.0794,0
1455579e-b7e9-440f-9dc5-541eed8a5032,ace1ab49-d6e4-4784-9490-26eccef63611,2025-08-16,1845.48,home,0.358,card,0,4,0.084,tier2,0,1,night,0.1503348970823547,0.0713,0
31be21d8-7f28-4226-a5aa-6a7ccb14cdfe,ba1289da-01c3-417d-b553-a139f52c21a9,2025-04-17,486.45,electronics,0.421,card,1,0,,tier3,0,5,night,0.2754386295631827,0.0667,1
b26f7829-ff44-4aa7-8f4b-b07991ebf541,99147503-441a-4858-9bd7-29926eb2f3c3,2025-07-26,1843.88,fashion,0.538,card,0,8,0.461,metro,1,5,morning,0.3870026797871902,0.3642,0
b04c5e40-4bf7-4fbd-8413-59d8623392cc,56a30258-3565-44b2-a8d7-1d0adece59a8,2025-06-05,8055.3,grocery,0.132,UPI,0,8,0.187,metro,0,3,evening,0.1548544510371693,0.0089,0
883a613e-0f0f-4a1a-be77-ed6872c2bbb1,a8563692-0b6a-402e-a73b-0a42908c0fb4,2025-02-01,2963.61,fashion,0.389,COD,1,0,,tier3,1,5,afternoon,0.05848742659984804,0.4118,1
bda2fdb2-1a85-4865-9c7b-1f8c87af626a,d791bcfc-6cd9-4eda-a5d0-91e637fbc4f9,2025-10-22,611.9,beauty,0.402,UPI,1,0,,tier2,0,1,evening,0.2674753910173624,0.1824,1
c487297d-e161-466b-9e85-ec3fef2c5636,938245c2-8647-4454-aa1b-998878f08b78,2025-07-16,1714.18,grocery,0.256,card,0,10,0.212,tier3,0,6,afternoon,0.29048499029100583,0.0769,0
0f7d673a-845c-4302-a5e3-3ad05b2fb353,31b3bbb8-aa06-40bb-a71f-aa588c7ead90,2025-05-20,1508.04,home,0.125,UPI,0,6,0.111,metro,0,3,night,0.23076225353726293,0.0427,0
e46f0b19-e29b-4832-a8d7-101cae39567e,93e4f60d-9a3b-4673-814d-a1c4b7fe7865,2025-09-20,3066.08,home,0.307,COD,0,3,0.454,metro,0,2,evening,0.46001324343588723,0.2051,1
bbd52034-4621-4648-a23d-1d9194e8562e,f134d52c-56c6-4690-ae11-0984246a9110,2025-07-02,5844.43,fashion,0.075,COD,1,0,,tier2,1,4,evening,0.6281196686103381,0.3126,0
9b4e710e-4597-46eb-8f27-79e57523aaad,e95af2c5-ffae-427d-a151-10aa5d3eac5d,2025-07-01,1017.21,grocery,0.029,card,1,0,,metro,0,2,evening,0.20300873036155653,0.0253,0
d70aede8-e164-4975-a3c2-614db2f39bc5,e4fc2035-70f1-45b1-82d0-0ee396f0a984,2025-04-23,250.0,fashion,0.356,netbanking,0,9,0.315,tier3,1,4,morning,0.21199326223067969,0.1885,0
638b1495-aaec-4281-81c2-6e6210a9b566,59265d36-e12e-4bfc-b8a8-29de0a16e8c5,2025-02-10,647.02,beauty,0.189,COD,0,6,0.297,metro,0,6,night,0.35941268307576457,0.1009,0
d4242859-42e6-46ed-90d5-60cc670a5a0d,a111ab22-4c88-4d83-b499-448d82133ae3,2025-07-30,365.48,fashion,0.167,netbanking,0,4,0.18,tier3,1,5,evening,0.2568909066288726,0.0635,0
3c709728-369c-44b6-a812-dd31d8f57fd4,b409e3d7-b9a4-422f-952f-eaf1d5521144,2025-03-10,2171.58,electronics,0.173,UPI,0,8,0.277,metro,0,2,morning,0.3974441051585353,0.1224,0
84710bd3-1cab-416b-9d66-1c77476dfb4a,5e758f8f-c2ad-4e0c-b4fc-026916c24854,2025-08-25,3271.86,electronics,0.369,UPI,0,17,0.0,metro,0,3,evening,0.048627470043128354,0.0179,0
839a5f61-4eef-4447-b824-c664a3d5342f,ef0ff2d2-35b5-48b5-b806-a1f742caa3de,2025-05-13,753.46,electronics,0.36,card,0,1,0.236,metro,0,3,morning,0.22359865383939137,0.0666,0
cb1d4fb7-4193-4754-9050-1f10ef66df7f,dea29f8e-ac26-475e-a225-300fac669ed0,2025-06-24,370.6,grocery,0.368,UPI,0,13,0.153,tier2,0,1,afternoon,0.2211439005048725,0.071,0
9820346c-ecc8-4ca9-9edc-b583b2bcb2e6,ac8ee436-067a-4aac-8496-8e40cfb19bfd,2025-07-22,5300.55,fashion,0.1,COD,0,12,0.13,metro,1,3,afternoon,0.2595265118239566,0.2154,0
311bf076-084e-4154-8e45-5779ee10812a,3ae5064b-f3c7-4936-8de7-de055b245a44,2025-10-18,392.25,electronics,0.059,UPI,0,1,0.069,tier2,0,6,evening,0.13085373507915285,0.0423,0
983a8fba-4830-4968-ac4b-5a872f7941e3,8c24e923-2dbf-4f43-b0b2-6e851d21fa34,2025-04-02,4588.05,grocery,0.05,UPI,0,16,0.154,tier2,0,2,morning,0.10820090543681238,0.0135,0
3dbfc839-d2c9-4afb-87e0-0666b166991f,3cf3ba9e-9200-4148-9ca7-06d1d0dc48b4,2025-02-13,3961.72,fashion,0.176,UPI,1,0,,tier2,1,2,night,0.38529192793710215,0.5995,1
01bc3b70-44eb-4744-be62-3c114bb659e9,00ee6a6c-7fdb-4d2c-971d-b1bfa29fc269,2025-07-30,314.57,electronics,0.028,card,0,6,0.195,tier2,0,4,night,0.18608348760507418,0.0399,0
7bd4be5e-c6ca-4b8a-aaf8-9ed80713d2da,e4fc2035-70f1-45b1-82d0-0ee396f0a984,2025-02-03,7305.54,home,0.194,card,0,10,0.241,tier2,0,3,afternoon,0.21199326223067969,0.0113,0
f4241172-1277-4b01-a6f4-e63b236b71e3,44408e56-9a11-44d5-8a79-5e1ddafd28e1,2025-10-04,3371.69,fashion,0.724,card,0,10,0.348,tier2,1,3,afternoon,0.24706696213115537,0.2225,0
a5a04415-8357-47d8-933f-7b06dbe2b8a3,ae369547-fee2-49f7-9496-0e050aec2a89,2025-07-29,6954.43,fashion,0.273,card,0,1,0.634,tier3,1,6,evening,0.5692182601492508,0.1856,0
c7bd5695-80ef-4475-8909-a66df95972ec,b0694581-e5bf-4757-913a-46834d324ff0,2025-05-19,2420.51,beauty,0.606,UPI,0,8,0.283,metro,0,2,afternoon,0.2365731909103324,0.1024,0
e62a8f0e-52ca-4b86-af17-0ef86280a145,c5e8aef0-7362-4837-9a04-8b3fa7ff821e,2025-08-12,1930.63,fashion,0.108,card,0,7,0.575,tier2,1,4,afternoon,0.5144941083307562,0.1444,0
6396d86d-4de3-4718-8cc6-e4bc6688a73f,787739e4-6bfc-4e51-b3b0-26408d0e386e,2025-02-12,11409.59,electronics,0.177,UPI,0,3,0.47,metro,0,4,morning,0.3565159652552688,0.0087,0
42e1b8a5-7c2c-4ac1-8805-b76ac8c933a9,9d1d8bca-9218-4856-8619-cfee194da74f,2025-06-27,554.06,fashion,0.092,card,0,11,0.303,metro,1,3,afternoon,0.24874291058771908,0.159,1
f3695f78-64c9-4fcb-830f-9b8767764060,c96a9e4f-f6e2-4582-900e-e47a05c7f83a,2025-06-03,1213.44,grocery,0.092,UPI,0,6,0.356,metro,0,1,evening,0.45454338905514596,0.043,0
5b2b45fc-4a7b-4a90-bff8-9afdb80de070,a20df474-d4a0-4bf5-aa94-0fa372496968,2025-09-20,841.38,fashion,0.294,UPI,0,1,0.334,tier2,1,4,morning,0.28099909876364537,0.1782,1
6ccc836a-a556-430a-9584-a9f8889e6519,c96a9e4f-f6e2-4582-900e-e47a05c7f83a,2025-10-12,2071.95,fashion,0.212,card,0,7,0.454,tier2,1,3,evening,0.45454338905514596,0.3261,0
c8577f86-6c5b-4f2f-b9b2-4fb641b7714a,44d21b00-d54f-48d7-9418-d12221557978,2025-10-03,1670.3,home,0.127,COD,0,1,0.222,metro,0,5,afternoon,0.2557434906898539,0.1382,0
40cc01cd-6ba0-4aa0-8fcf-489e0fd0477b,c5d85ede-c256-42df-b993-35deb12a5516,2025-08-12,779.32,beauty,0.178,COD,0,5,0.51,tier2,0,1,morning,0.3517803851773976,0.3746,0
3699f541-edce-4671-872f-6fe599c84604,31b3bbb8-aa06-40bb-a71f-aa588c7ead90,2025-04-02,4313.29,grocery,0.216,COD,0,7,0.212,metro,0,5,morning,0.23076225353726293,0.0103,0
650f17ee-6094-4c89-ada9-9e7cee4c2161,059cd0cd-c524-403d-90a7-aa5e9d51749d,2025-09-04,5668.91,fashion,0.454,UPI,0,6,0.187,metro,1,2,evening,0.2033814634391261,0.0505,0
aedaa16a-42e9-4f70-ba0c-ce6e91e9c6fd,3396f583-20d7-4d8a-83aa-dff5b5ea02d4,2025-10-07,6649.29,home,0.141,UPI,0,3,0.0,metro,0,1,evening,0.032458508417533755,0.006,0
335f60f2-0a9d-4e66-8de3-99e986627dcc,9a961340-7bf0-40b9-a285-d934dafdbce8,2025-06-17,985.35,fashion,0.263,COD,1,0,,tier3,1,2,afternoon,0.3724144400903301,0.8672,1
6710af16-f4c1-451a-ad8c-3687581021d4,1ec19d12-c4c9-4320-a035-98e17c951577,2025-09-11,1119.46,fashion,0.139,UPI,0,12,0.124,tier2,1,1,morning,0.18576378008237582,0.109,0
4f93cc54-0d79-4f68-9dcd-b377e20d27c1,c6829464-1335-46ed-adb7-4a3c9b07a5a8,2025-07-24,615.17,grocery,0.393,COD,0,3,0.369,metro,0,6,evening,0.2732031279049196,0.08,0
66ed43de-4417-4ea5-b047-303fe5537d5d,9e244b29-e59a-4151-9944-d0558be18f54,2025-05-19,560.09,home,0.486,COD,0,4,0.351,metro,0,3,afternoon,0.3174880999559512,0.262,0
47c438f9-7be2-4cc0-b7bb-b774211b6ff0,295d4a40-aeb6-45a6-8138-a2b4c50415aa,2025-03-11,2622.87,fashion,0.588,card,0,2,0.547,metro,1,3,night,0.38559486575544727,0.6537,1
6cfcb0e1-7fd8-4dc0-9a54-950d928f3b85,420912b8-7a76-45a7-bdd3-4fe4edf439a2,2025-10-24,363.83,electronics,0.031,card,1,0,,tier3,0,7,morning,0.35032981142098496,0.1113,0
05a3c939-05d3-4769-87df-c0aa4b230f51,a08246dd-24d9-48bb-b9d1-2b3dd9ac343f,2025-09-07,2835.58,electronics,0.266,UPI,0,6,0.151,metro,0,2,night,0.19434600150643108,0.0214,1
290b5b0d-a46a-4afe-b4d2-5e4ea6ec512c,830587ef-e382-4480-9a46-f2fb1f6d1a0b,2025-04-26,1408.41,electronics,0.078,UPI,0,5,0.402,metro,0,1,evening,0.29038571770418864,0.0693,0
a5c2ad09-d5b1-4831-b490-23a9961b54fe,4d47ad50-ed68-4545-af4f-485a9b29b711,2025-03-06,632.01,grocery,0.491,COD,0,7,0.207,metro,0,3,morning,0.21989011196511407,0.1238,0
1c38c9a4-f23e-4356-a772-a5ad6abce0cd,e75b5a37-ac60-4066-a040-3617f0d903ea,2025-06-17,8402.63,fashion,0.551,card,0,10,0.213,tier3,1,6,night,0.24645297721478737,0.2068,0
8d3f08e5-0230-4a0f-b728-d4052f62a9fa,a65430c1-b88c-4a75-8504-7fad44dca109,2025-01-06,921.27,grocery,0.309,card,0,2,0.273,tier2,0,1,evening,0.18723773115835693,0.027,0
1059bd59-cf45-4dec-9ebe-08d3e114e58b,98bb6a4e-5816-4c18-b212-7ca3230dbc5b,2025-03-29,810.14,grocery,0.447,UPI,0,1,0.175,tier2,0,2,afternoon,0.23555814035267542,0.0489,0
fc6e1dc8-2fdc-415c-b8b9-7162309a24da,c5d85ede-c256-42df-b993-35deb12a5516,2025-03-29,9457.59,fashion,0.436,UPI,0,6,0.361,metro,1,3,evening,0.3517803851773976,0.0223,0
e7e3d070-12cd-4536-a1e7-0f82e4787ba2,265ca8d0-3df8-4d6f-9712-d08685f17132,2025-03-17,1397.0,fashion,0.293,UPI,0,11,0.104,tier2,1,3,evening,0.1913603605753747,0.2211,1
c94100a1-8042-4566-b484-a305629b9a38,f4f65833-e9e9-40f8-a25b-d72cb6b53f4b,2025-01-20,250.0,fashion,0.311,COD,1,0,,tier2,1,3,afternoon,0.13254072284680365,0.5471,1
07d58fe6-3f7f-4d38-a2f2-e6861d9c6356,30888fd2-16bc-4533-a06f-0e0d4ed50f9d,2025-03-30,1984.61,fashion,0.268,netbanking,0,5,0.244,tier3,1,5,afternoon,0.22452854262691951,0.4297,0
127db226-9248-42a7-b7bc-80b16ac79813,80281626-ed74-46d1-a595-e40cdac50a8a,2025-03-27,865.1,fashion,0.107,COD,0,5,0.29,metro,1,2,evening,0.25979890009270734,0.5312,1
6d4c2bbf-a8d9-4a0f-b9b1-065fe2903e97,59265d36-e12e-4bfc-b8a8-29de0a16e8c5,2025-04-30,3111.6,electronics,0.104,COD,0,7,0.339,tier2,0,1,morning,0.35941268307576457,0.1579,0
d44319c4-e905-46ad-a183-27b9b18d1522,b209d179-6418-4f8c-bd42-8e4f831f0776,2025-01-16,250.0,home,0.633,COD,0,12,0.426,tier3,0,7,evening,0.27580452681496,0.7877,1
f0a222b7-6284-4ef8-86d8-780294838463,a20df474-d4a0-4bf5-aa94-0fa372496968,2025-09-02,4988.01,home,0.181,card,0,2,0.265,tier2,0,3,evening,0.28099909876364537,0.1656,1
e3271961-3701-42b2-a009-01cd125108cf,573ef44a-b7bb-44cb-ae0d-923c3a996227,2025-01-22,2910.36,grocery,0.263,netbanking,0,3,0.553,metro,0,2,afternoon,0.419905690979168,0.032,0
8b3da972-d71f-40c4-a3a3-9ebb45a98c5b,63d8dd12-39d4-4e1e-bdd7-72b1c1a0b1c0,2025-03-06,1198.98,home,0.414,card,0,6,0.261,tier2,0,1,night,0.22490754943212576,0.0969,1
1d1b0ee2-b850-497c-9be5-172a23475217,f04ea3ca-68ee-4efe-a612-fe50610fd2dd,2025-04-09,479.3,grocery,0.387,card,0,8,0.238,tier2,0,5,afternoon,0.2242312963277271,0.0633,0
7e43c9c8-3c2b-468a-b21f-3358ec91c1b7,56a30258-3565-44b2-a8d7-1d0adece59a8,2025-04-23,1024.05,beauty,0.275,UPI,0,9,0.149,tier3,0,4,evening,0.1548544510371693,0.1313,0
eb2f104f-2187-44ef-af06-5da0dd43080c,5a71659c-1263-4448-8731-60f1df983197,2025-09-29,1056.04,fashion,0.046,UPI,0,13,0.316,tier2,1,4,evening,0.4468118022423648,0.055,0
fb057572-c3ee-48c1-8d34-7d64be906466,cd03dd27-2fc9-486c-998f-c61cf34b93ab,2025-08-03,367.02,fashion,0.096,card,0,1,0.495,tier2,1,1,night,0.35614412579298554,0.2312,0
897d52f4-97c8-4fc0-a958-b769e687836e,b86ee3a9-928c-4ec5-8783-0beb41950f27,2025-04-16,660.53,grocery,0.524,card,0,6,0.057,tier3,0,3,afternoon,0.05573145024510638,0.0274,0
1cec12e9-442b-4a9c-8201-8717486b8fc8,5c3a491b-f023-457b-9da7-95a4eedebd89,2025-05-04,975.87,home,0.258,COD,0,10,0.213,tier3,0,5,morning,0.12936071938754626,0.2553,0
9ad4fc6e-9ffd-4f4a-9a2e-759e1347ffe6,26a2a8f1-fd8f-4235-a9c7-77f65704c530,2025-03-13,1197.24,electronics,0.401,UPI,0,7,0.157,metro,0,3,afternoon,0.24597285000833133,0.0667,0
52ba95a9-774f-439e-8323-9c61cbde7294,c98a4cb4-7028-4dff-af37-84307e0c0e6f,2025-03-04,2152.47,fashion,0.234,UPI,0,2,0.108,tier2,1,3,morning,0.16177634634701885,0.1612,0
e88da0ac-f4b1-46fc-8c72-33afecd7cc51,f04ea3ca-68ee-4efe-a612-fe50610fd2dd,2025-01-11,1228.49,beauty,0.231,UPI,0,9,0.278,tier2,1,1,night,0.2242312963277271,0.1098,1
27a20c67-3c76-43d5-9fc0-01ce03e7c86d,236d11d7-cc84-47c1-9d4b-15dd6891dcbc,2025-04-17,4124.24,fashion,0.376,COD,0,9,0.384,metro,1,3,morning,0.22121655786542901,0.3235,1
95c22030-1d1d-4df9-a0c6-e19f00e2675f,387e3c02-124e-491f-b2e5-61469a52d190,2025-07-12,874.34,home,0.039,card,0,3,0.157,metro,0,2,evening,0.11300670394722269,0.1022,0
71eb4b13-9524-45f6-bec9-95cf7bcd7488,fddab96a-bc23-43d2-a1f4-76de3a7b7f5c,2025-09-26,2259.54,electronics,0.234,UPI,0,7,0.188,tier2,0,8,evening,0.08979930230446,0.0127,0
bc0ba753-5eb3-4937-8cc1-b2a366378940,830587ef-e382-4480-9a46-f2fb1f6d1a0b,2025-08-07,1707.55,electronics,0.298,card,0,6,0.274,tier2,0,3,afternoon,0.29038571770418864,0.2748,0
de8398ee-33e5-459a-9847-01fbb0dab842,7a4e9ee7-df87-4f79-9ec7-3f4c1f489075,2025-10-19,1724.97,home,0.133,card,0,14,0.095,tier3,0,8,evening,0.23069756686430742,0.1924,0
e55b0ccd-a39f-46c9-a0b6-f58276a1d9b6,98130890-4899-4c39-bc27-fff25da0726a,2025-09-28,1080.6,electronics,0.206,UPI,0,3,0.1,metro,0,2,morning,0.14213974082226472,0.0303,0
7ba8397f-df96-4fca-9219-8ab59e40c9e8,cd508d92-15fe-4a35-9c1b-37a278d36ea4,2025-01-27,413.23,fashion,0.526,UPI,0,12,0.207,metro,1,7,morning,0.2771725532528444,0.4515,0
ee732ed4-e201-431c-bf35-262b80773bbc,cfc620e3-ca77-41fa-8c08-d1ff821310e3,2025-03-12,316.95,fashion,0.314,UPI,0,1,0.493,tier3,0,6,afternoon,0.4395738617127692,0.2966,1
8b01431b-a060-4b8f-a8fe-e5c2a4b787a0,5a71659c-1263-4448-8731-60f1df983197,2025-06-21,575.71,beauty,0.058,COD,0,14,0.435,metro,0,4,evening,0.4468118022423648,0.1872,0
4af3e51a-08b4-4a5f-aba4-e9d351627cdf,ace1ab49-d6e4-4784-9490-26eccef63611,2025-09-30,1427.04,fashion,0.445,COD,0,5,0.121,tier3,0,6,afternoon,0.1503348970823547,0.3711,0
9689eb70-44dc-46e7-b87a-bac298773afd,dc4dd1ff-90d0-40f1-9d3c-e6730fcab760,2025-02-22,2416.86,home,0.019,COD,1,0,,tier2,0,4,afternoon,0.09027573452996744,0.1631,0
e6111a33-0adb-4752-a4a3-5db64b092191,e8236567-e21a-46bf-9ba0-de610564b03d,2025-06-05,1026.09,fashion,0.109,UPI,0,5,0.239,tier3,0,3,afternoon,0.0912579377429543,0.1612,1
bd42c1f2-0074-4f8f-ae98-6f87507c1abf,c5e8aef0-7362-4837-9a04-8b3fa7ff821e,2025-08-05,324.94,home,0.495,UPI,0,8,0.491,tier2,0,2,afternoon,0.5144941083307562,0.1135,0
1acc42d1-e567-4ebb-950c-f1a4bc10d41e,dea29f8e-ac26-475e-a225-300fac669ed0,2025-02-03,1132.24,fashion,0.141,COD,0,14,0.143,tier2,1,1,afternoon,0.2211439005048725,0.3878,1
420f1b63-2e02-4067-9f00-0f223b341f8a,4e7e2663-eb2c-432d-96ec-3f130e2e0946,2025-07-24,1101.91,grocery,0.38,UPI,0,6,0.407,tier2,0,3,night,0.3858310964520147,0.0401,0
994a300e-f0a9-4fb7-8645-743edc2f4483,4e40c152-4279-4fbe-8a2f-a127f5613ef3,2025-05-09,1655.76,electronics,0.117,COD,0,15,0.082,tier3,0,8,morning,0.08097222048102413,0.3339,0
b5644ae4-cf89-46eb-a1a8-ea67d4156ece,5a71659c-1263-4448-8731-60f1df983197,2025-07-26,503.5,fashion,0.137,UPI,0,15,0.525,metro,0,3,morning,0.4468118022423648,0.2415,0
c29d3dcb-28f4-4302-b3e5-0b2771c917e8,d2e06185-41b3-4488-a0c7-7165ae31370e,2025-03-03,458.35,grocery,0.106,COD,0,7,0.57,metro,0,2,evening,0.4955830568370258,0.0687,0
de6f3364-a7fb-4628-bced-853f902ddf4b,b5d3d3f1-49c6-47d2-a860-1917d3fa3322,2025-04-21,334.57,fashion,0.246,UPI,0,3,0.3,metro,1,3,afternoon,0.34116143905998736,0.3923,0
a407107e-e054-47e1-8a05-05aa47f54e8c,bdb5a579-c96b-46cf-99d6-3df81e5e3010,2025-03-04,322.45,beauty,0.116,UPI,0,1,0.077,tier3,0,3,afternoon,0.12077324934022764,0.0899,1
d7e0e966-a95c-4a2d-8586-7db3702d7611,2c576be7-69b1-4b4d-9e40-1bf81cad07fc,2025-06-21,250.0,electronics,0.615,UPI,0,1,0.4,metro,0,2,afternoon,0.46365026623247513,0.2172,0
79888d21-bb93-4b47-82ce-ef4b139e2cfb,277a79e8-5c1c-4c5a-b093-506fa7146b60,2025-10-19,6852.17,fashion,0.447,UPI,1,0,,tier3,1,8,evening,0.16757657415686808,0.5452,1
b5ca6965-6540-4211-a0fd-7a89ea201bec,4df6a3b0-7a24-4c8d-9f36-45157f53066e,2025-07-06,1326.52,fashion,0.251,UPI,0,1,0.257,tier2,1,5,evening,0.42258989063174557,0.1155,0
e642d526-f849-4ba3-91c8-dd6ceba0e9f2,6df9a58c-9831-41d7-8a30-4c1802eb1988,2025-09-08,1095.81,grocery,0.13,UPI,0,2,0.101,metro,0,3,evening,0.14393935494351567,0.0228,0
d3aa7352-00d3-4be6-9749-e55fd8e7701a,ac8ee436-067a-4aac-8496-8e40cfb19bfd,2025-02-28,2277.09,home,0.419,COD,0,13,0.296,tier2,0,4,afternoon,0.2595265118239566,0.2175,0
e35e3b06-2486-45e0-82f0-b8b52ee9ecdc,5838baf1-7a04-4a52-9d9d-c2ef48187e91,2025-05-26,1465.99,electronics,0.447,UPI,0,3,0.545,tier3,0,7,afternoon,0.5633005631276558,0.4183,1
b1befc14-1a0b-48bc-9e3a-ff2e8eaae834,23e32764-758e-4794-955b-dcf8340ad6bc,2025-08-07,1960.54,beauty,0.55,COD,0,1,0.364,tier2,1,3,afternoon,0.2484904830770941,0.3692,0
af606cb3-abe2-45a0-b20b-93f1e4f2bb7a,44408e56-9a11-44d5-8a79-5e1ddafd28e1,2025-03-13,1667.62,home,0.095,UPI,0,11,0.117,tier2,0,4,afternoon,0.24706696213115537,0.0664,0
b8840ca1-6566-4b04-b58b-02274e4f6711,7b8bbb80-9288-4110-8551-1cae9b4fc549,2025-08-02,591.05,home,0.331,COD,0,1,0.151,metro,0,8,evening,0.13908231984528782,0.1165,0
44a1b5e4-9b03-4581-812e-09c3a85c52ec,ace1ab49-d6e4-4784-9490-26eccef63611,2025-09-23,826.61,fashion,0.414,COD,0,6,0.152,metro,1,1,morning,0.1503348970823547,0.7554,1
9cb46857-e51d-4a63-9263-12e3eca564e5,ad32bb54-de2a-4c14-949d-7ce36416f720,2025-03-20,1994.58,electronics,0.482,COD,1,0,,tier3,0,5,afternoon,0.3082745733551808,0.5062,1
f6a15f41-f5e2-4c11-b969-db698dd0042a,906a171c-f8ef-4c41-9106-4dedffaed9e4,2025-03-30,344.85,fashion,0.396,netbanking,0,4,0.262,metro,1,3,night,0.14849469586761202,0.1968,1
0c02f9a3-d241-449e-95e1-efc38f64c9ca,59265d36-e12e-4bfc-b8a8-29de0a16e8c5,2025-05-17,16176.97,fashion,0.141,COD,0,8,0.2,tier3,1,4,evening,0.35941268307576457,0.1765,0
69a6c087-2ce6-46da-aff9-8fe958c0791d,2929132f-018d-4ec6-b28b-c00b8b85075c,2025-01-19,1190.52,grocery,0.225,COD,1,0,,metro,0,3,morning,0.39012206789628884,0.3636,0
a750b010-9ade-4666-a5b7-78e679b5cc40,830587ef-e382-4480-9a46-f2fb1f6d1a0b,2025-04-24,4608.21,fashion,0.459,UPI,0,7,0.402,tier2,1,4,evening,0.29038571770418864,0.2847,0
a562e409-525a-4ae5-a611-e906b03022ee,2b77e152-ac97-4061-9e6a-5abdc78bc29a,2025-05-09,3728.83,beauty,0.543,COD,0,7,0.314,metro,0,2,night,0.29832839962512075,0.2121,0
4a7024c3-3b8d-4f75-9001-f600b646f59c,0b6f3e2b-84fe-456b-ad93-ffcb76fb728f,2025-04-20,536.01,grocery,0.064,UPI,0,9,0.307,tier3,0,4,night,0.19762424986659227,0.0158,0
c16f8313-a356-4d21-bd7f-d98f5c2ccf80,c96a9e4f-f6e2-4582-900e-e47a05c7f83a,2025-02-25,551.62,fashion,0.223,UPI,0,8,0.285,metro,1,4,afternoon,0.45454338905514596,0.135,0
6ac8a539-d187-4519-84d5-fa58a179dc61,87c90f8c-18d5-41bd-a017-72dc3f5b1ad3,2025-05-24,926.0,home,0.389,UPI,0,5,0.444,metro,0,2,evening,0.32765833124561905,0.0502,0
1b3e9b41-c488-4b38-8bc6-6f3b600873a5,b5363dc8-2a80-4394-8468-4ca1bc562c90,2025-08-12,1359.37,beauty,0.043,UPI,1,0,,tier3,0,5,morning,0.2828521239790615,0.2794,0
2260cd82-74eb-4047-bc4b-c60fe98d7136,1adfba2a-67be-4047-b8d7-6fa58294836e,2025-03-29,4112.53,fashion,0.106,COD,0,7,0.456,tier2,1,3,evening,0.34129841122598414,0.5446,1
e7b03683-b0f5-479f-ab95-80a9df4a9612,787739e4-6bfc-4e51-b3b0-26408d0e386e,2025-07-06,1073.45,home,0.459,UPI,0,4,0.488,tier2,0,3,afternoon,0.3565159652552688,0.0791,0
222c9048-ce4b-4387-acac-3047695f3da8,7a4e9ee7-df87-4f79-9ec7-3f4c1f489075,2025-05-08,433.15,fashion,0.455,UPI,0,15,0.288,tier2,1,6,evening,0.23069756686430742,0.577,1
f1de33b5-cdaa-42a3-b120-ac8e63a20f4d,4e7e2663-eb2c-432d-96ec-3f130e2e0946,2025-02-11,250.0,home,0.152,netbanking,0,7,0.51,tier2,0,5,evening,0.3858310964520147,0.0857,0
0fb3ba78-538c-4f71-b1cf-9988370ed031,9e244b29-e59a-4151-9944-d0558be18f54,2025-03-03,1429.97,home,0.398,COD,0,5,0.317,metro,0,1,evening,0.3174880999559512,0.1602,0
10c6dbba-f222-4293-9438-95b506d966c4,69364563-029b-4b8d-b6d6-09b30bc268e8,2025-05-21,2918.72,electronics,0.355,COD,1,0,,tier2,0,2,evening,0.12664862946612027,0.3302,0
edd262cd-00c9-4644-bfb6-d50ad0e50077,1ec19d12-c4c9-4320-a035-98e17c951577,2025-07-03,1690.32,home,0.383,netbanking,0,13,0.251,tier3,0,5,morning,0.18576378008237582,0.0937,1
31859d0f-d2da-4af3-9748-44ad241232fe,f585f611-cabf-4eee-9c1c-24b1689ac52f,2025-05-28,1517.06,grocery,0.274,UPI,0,1,0.323,tier2,0,4,night,0.24420543477340984,0.0114,0
0f5658f2-9448-4383-b6c9-9a94d0d04797,d97949e2-16cb-45c2-93fe-d94e76f0dbc5,2025-06-10,407.58,beauty,0.262,card,0,1,0.33,metro,0,1,evening,0.3355449419523954,0.0766,0
e03f3664-5328-41ac-8bf3-115995d50aeb,b05cd307-ff39-4d35-b1c1-4cb2ba5733af,2025-01-08,2922.73,grocery,0.633,COD,0,1,0.099,metro,0,2,evening,0.11716756530475335,0.0382,0
357e9906-c243-4317-93e1-3fdbd2795467,16761a20-3269-4f16-945e-f043559094ff,2025-02-18,3744.06,beauty,0.093,UPI,0,5,0.053,metro,1,6,morning,0.021433052089598018,0.0254,0
d8c7de68-9ecc-4bea-8938-da8129e45980,ded4396a-49de-44e3-a773-49b635f42e59,2025-04-14,1871.51,fashion,0.053,UPI,0,4,0.709,tier2,1,1,morning,0.5527709467025828,0.2058,0
81a1f2cb-66ca-4901-9d41-97168d1ad3d8,16ddae25-3f28-41d0-8a77-c8c87723adfa,2025-05-15,642.09,fashion,0.324,UPI,0,6,0.43,metro,1,2,evening,0.30707185083804733,0.2617,0
d4024687-9e16-479e-981c-3c60f82e6b4f,c04c2c09-5f42-4b59-aeb5-6d35280a5d01,2025-06-09,3556.55,grocery,0.506,card,0,7,0.011,tier2,0,1,evening,0.06067469417646223,0.0102,0
c703b9ee-75cf-41a7-8e81-2916a666d5b5,f29f4a7d-0757-4045-9f25-b4cdee8a1894,2025-06-12,1335.98,home,0.42,UPI,0,1,0.27,metro,0,4,morning,0.11495022682730283,0.0775,1
ead13f2b-b63b-47a6-8a25-067154159b52,236d11d7-cc84-47c1-9d4b-15dd6891dcbc,2025-08-30,979.53,beauty,0.176,UPI,0,10,0.353,tier2,0,2,night,0.22121655786542901,0.0921,0
d74bc4e3-d30a-4b9d-8b30-f8cc3c0a1afb,10546d08-1053-4bf0-976f-4c40b2dcb1c8,2025-04-14,1720.02,fashion,0.33,UPI,0,5,0.07,metro,1,1,evening,0.021184252375003435,0.2111,0
b88d7790-d2fa-43a0-b1bf-9c2765c020e8,039d6dca-0464-482f-87cb-0f4ec3ec4ddd,2025-04-24,2469.94,fashion,0.263,COD,1,0,,tier2,1,1,morning,0.2241974074982748,0.6089,1
3c71e3c5-f51a-42ef-bbdf-aad3b6f4e7d8,9ec97215-3253-4c47-821c-fe8a3b89d257,2025-03-15,3760.25,home,0.128,COD,0,3,0.188,tier2,0,3,evening,0.2511919731705291,0.1534,0
d910829d-c799-4188-896a-35e734e71483,dea29f8e-ac26-475e-a225-300fac669ed0,2025-03-20,1746.45,fashion,0.293,COD,0,15,0.167,tier2,1,5,morning,0.2211439005048725,0.5503,0
3912ec81-0572-4003-85af-31a25a3b1d4e,e95af2c5-ffae-427d-a151-10aa5d3eac5d,2025-10-17,2487.74,home,0.298,netbanking,0,1,0.378,metro,0,4,evening,0.20300873036155653,0.0252,0
06060c62-ceae-40eb-b07d-9636a520abfc,48a2973f-59ba-4d33-a2e9-5e1b1c4043c8,2025-09-01,591.09,beauty,0.329,card,0,2,0.428,tier3,0,2,night,0.45650740325159334,0.3701,0
9d2fbc6c-fa5b-4019-bc86-90c0ea11a578,d58ed780-65ee-4c51-be5d-39ded6ec4c3d,2025-03-21,5750.06,beauty,0.592,UPI,1,0,,tier2,0,2,night,0.3745706193331196,0.3276,1
2fd864aa-4d55-4583-ac42-477862950947,0cba70d8-7b76-4a59-90e8-413b36d73797,2025-10-10,20000.0,electronics,0.443,UPI,0,5,0.1,tier3,0,7,afternoon,0.21055725528180214,0.0053,0
47e36c66-173f-4956-bb4f-5d1399d23d92,a55896b3-fb13-44ca-9f5b-cb9965b8c231,2025-03-12,2282.17,home,0.154,card,1,0,,metro,0,2,evening,0.5304662995952951,0.0672,0
22e055e7-3723-49c4-87cf-46c98f6ce18f,1c4f6d08-f28c-411b-ad7a-7123a63db32d,2025-07-20,865.45,grocery,0.449,netbanking,0,2,0.698,tier2,0,4,afternoon,0.6433649856347546,0.1479,0
be90ddec-0369-40b8-a754-64b314be01a3,2c576be7-69b1-4b4d-9e40-1bf81cad07fc,2025-05-04,800.34,grocery,0.042,COD,0,2,0.235,tier3,0,4,morning,0.46365026623247513,0.0576,0
2c8f96a9-f87f-4a4d-964e-0ad22140a2bf,99e318ff-1a69-4f68-addf-975990bd0414,2025-07-13,882.55,grocery,0.749,card,0,13,0.13,tier2,0,3,night,0.2434169799043869,0.0353,0
2f0f97be-e5e6-451e-af80-9a12266a6f5e,a4db88e6-ae16-4748-b823-872ab1d4baca,2025-07-23,6321.91,electronics,0.097,COD,1,0,,metro,0,1,night,0.23943546554719444,0.0901,0
ff658e32-a549-4990-89d8-9ecdedafe4ad,912383ff-d344-436a-862e-61ab640188b1,2025-08-02,15106.15,fashion,0.333,UPI,0,4,0.655,tier2,1,2,evening,0.668440832463893,0.1501,0
d551dc48-a9a2-4b40-b83d-c5c7097298a3,d3db41bc-bf8f-46e0-94b1-984f27ff9af2,2025-02-23,4328.74,electronics,0.33,COD,0,9,0.368,tier2,0,1,evening,0.33315409272597374,0.2692,0
a838c1a8-eba4-4b5f-8fc2-fc979012c397,3678c134-a42b-4685-ad15-81b9e73e73aa,2025-08-25,250.0,grocery,0.181,UPI,0,5,0.035,tier3,0,7,afternoon,0.1373435706874969,0.1048,0
87ddb05e-ab73-4695-a458-a1a03685e8ec,60ab47fa-fe76-4aa1-9125-a3006288e298,2025-07-15,3465.31,home,0.18,netbanking,0,10,0.24,tier3,0,5,evening,0.2897378778415542,0.0495,0
6608ecaa-e61d-4e96-a7e0-2bcc268f403b,236d11d7-cc84-47c1-9d4b-15dd6891dcbc,2025-05-14,707.47,electronics,0.067,netbanking,0,11,0.207,metro,0,5,evening,0.22121655786542901,0.0302,0
52676b7f-10b7-4aec-820d-98340b37b7bc,413744d3-be2d-4444-8321-84e3d4f2a883,2025-06-12,9141.01,fashion,0.403,UPI,0,1,0.183,tier3,1,5,morning,0.17611303556440555,0.1012,0
de3aee19-6ade-4660-aa30-f00828476ce3,fe679ebd-d7e3-420e-a610-8a0cfd64ae80,2025-08-22,2137.05,fashion,0.349,UPI,0,2,0.305,metro,0,4,morning,0.43544254381347786,0.0886,0
1c35275a-66bf-4f5c-a7ab-8cd5cce23c57,49a190f2-c9c8-441e-b450-f1343adf4d1a,2025-02-25,11467.84,home,0.331,COD,0,6,0.365,tier2,0,2,evening,0.4134664929263236,0.0466,0
f6c55aa1-b133-4e64-880d-7d231a218d59,19ae94ec-7d3b-445f-b9ac-092f54f91579,2025-08-20,670.86,beauty,0.431,COD,0,6,0.064,metro,0,1,evening,0.06852796151158619,0.1633,0
a0bed041-5afa-4058-bb1c-e6806e19683d,94a4d735-8ff1-40c0-8ba1-f19ff62fabcf,2025-10-20,819.92,fashion,0.247,card,1,0,,metro,1,3,night,0.27762091119656535,0.6563,0
d66d4a6a-6406-4ad7-9ef6-03e94d7c874d,f08d853b-6894-4bb3-971c-4183b39fae0e,2025-07-21,1023.07,home,0.238,card,0,5,0.256,tier3,0,4,evening,0.2486017792851423,0.0548,0
546069a8-3def-4e6f-96a6-350759e9ebfc,ce8ac74b-c6d0-4367-a531-d43bfe5b2bf6,2025-01-25,794.63,home,0.265,UPI,0,4,0.501,tier2,0,1,evening,0.32830159764792616,0.1235,0
09d903ec-25ce-4a7f-9306-0fac13678e04,2302316f-5078-43eb-8c52-2fc10011451b,2025-04-07,5241.59,electronics,0.115,UPI,0,1,0.389,tier3,0,7,afternoon,0.26860084009967505,0.0664,0
b6099c63-398f-402e-b4ec-b92748f6c8fa,b05a9304-5220-4778-ae22-fcb79cf0a0d0,2025-10-11,250.0,home,0.213,UPI,1,0,,tier2,0,1,morning,0.27701546047133413,0.4297,0
021bab36-66d1-45c3-99fc-a8a431e14797,2c8c4ed5-0ee6-4145-a8e3-a232e31c8b98,2025-04-28,4177.41,electronics,0.163,card,1,0,,metro,0,2,afternoon,0.28803227133965226,0.0724,0
bf05cd47-87ff-4cb1-9529-6ec37f0a87fa,c86a75f4-eea7-4fce-b017-88f6e68c8ccf,2025-06-20,250.0,beauty,0.594,COD,0,3,0.416,tier2,0,4,evening,0.32801543383093573,0.4027,0
df4e1bf0-3465-40c8-934b-78ee73270955,0b6f3e2b-84fe-456b-ad93-ffcb76fb728f,2025-05-20,2096.74,fashion,0.413,UPI,0,10,0.06,metro,0,5,afternoon,0.19762424986659227,0.0548,0
671ca7dc-4d2b-4e33-8007-d65f88fe72c0,2b77e152-ac97-4061-9e6a-5abdc78bc29a,2025-03-03,16523.72,electronics,0.309,COD,0,8,0.235,metro,0,4,afternoon,0.29832839962512075,0.0092,0
1c3d266c-d9e2-4a40-8c37-088941e37c21,a4db88e6-ae16-4748-b823-872ab1d4baca,2025-09-04,899.26,fashion,0.446,UPI,0,1,0.249,tier2,1,1,night,0.23943546554719444,0.2975,1
daa5ddec-35a8-4e5e-9b78-8ec22e3e7661,36f429a5-f9cd-4178-8452-85593f1caac7,2025-06-21,1731.43,home,0.035,UPI,0,2,0.114,tier3,0,2,night,0.07704457522442643,0.037,0
b5345d07-875a-47af-8c5f-8a36811bb2a5,ba9504c7-b413-4ee9-861d-702ad1482abd,2025-05-16,1490.07,electronics,0.438,card,0,4,0.254,tier2,0,2,morning,0.21485681318313843,0.0693,0
479737a3-d6cd-43fe-9770-71ab7658d26a,b8d02904-601f-4dd7-a3d1-5fb98038da28,2025-01-02,684.34,fashion,0.233,card,0,2,0.087,tier2,0,8,afternoon,0.10839420542924075,0.1778,0
e25b87e8-b584-49db-8ead-9659f422f8b5,5f406040-6dfb-4ae2-9890-7f640e616156,2025-04-23,11080.77,home,0.097,COD,0,4,0.385,metro,0,7,evening,0.2831068452109286,0.0354,0
3ddc28ae-7067-41d5-a78b-c28508e11a70,c3f1cc06-68c1-442a-b18b-6338217bcf62,2025-01-11,896.95,fashion,0.357,UPI,0,6,0.208,tier2,1,5,morning,0.1091421274751211,0.2879,0
bc5a5b94-601d-421a-9aa4-2a741dd8027a,830587ef-e382-4480-9a46-f2fb1f6d1a0b,2025-05-01,461.99,fashion,0.384,UPI,0,8,0.284,tier2,1,1,night,0.29038571770418864,0.4493,1
075436ad-a15e-45a7-8985-d5dea93f1683,76af2820-184c-47d9-9bd2-4b2f7eb04dc2,2025-08-24,2382.78,home,0.325,UPI,0,4,0.0,metro,0,2,evening,0.03002375015151436,0.0132,0
84bbfcb0-ee73-4554-b1d8-6de33faa102f,49a190f2-c9c8-441e-b450-f1343adf4d1a,2025-07-29,2651.04,fashion,0.283,UPI,0,7,0.427,metro,1,7,night,0.4134664929263236,0.2921,0
8f33660b-2c09-4ee8-b23b-1e82f82a2d7d,6bfa235b-d4d0-446f-85d2-e8dc00a3d98f,2025-09-21,2155.96,home,0.198,UPI,0,6,0.688,tier2,0,1,evening,0.6039320915435429,0.2363,1
80e7642a-c6e3-4979-8b43-6f78f2b269e4,23e32764-758e-4794-955b-dcf8340ad6bc,2025-10-19,1880.7,home,0.549,COD,0,2,0.319,tier3,0,4,afternoon,0.2484904830770941,0.3855,1
376b92d4-b5f0-4bcb-9230-d15b74a16763,e6b84507-0320-4dab-b918-04a7dcb15931,2025-02-26,252.25,electronics,0.56,COD,0,2,0.257,tier2,0,4,afternoon,0.27966983742156076,0.1986,0
bca7d45b-93f3-4cb8-8f29-f539020a12a9,bd73a907-2b0c-4809-a5e4-fda97fc0021c,2025-09-19,3644.93,beauty,0.319,COD,1,0,,tier2,0,1,night,0.060512424782000425,0.4223,1
674d5f22-38b3-47eb-ac73-7d881c03e964,4d47ad50-ed68-4545-af4f-485a9b29b711,2025-09-19,2612.51,home,0.12,card,0,8,0.208,metro,0,2,night,0.21989011196511407,0.0273,0
9343af1f-1987-4087-a455-2052a584b619,dea29f8e-ac26-475e-a225-300fac669ed0,2025-03-01,10082.9,fashion,0.184,UPI,0,16,0.236,tier2,0,4,night,0.2211439005048725,0.0521,0
40f4084b-5ff7-4e1b-abba-b91535eccdd1,99e318ff-1a69-4f68-addf-975990bd0414,2025-03-01,470.63,home,0.235,COD,0,14,0.232,tier2,0,1,morning,0.2434169799043869,0.2488,0
a4b83a98-3b5c-474a-b703-c949bc9f91f4,c5e8aef0-7362-4837-9a04-8b3fa7ff821e,2025-09-06,458.79,fashion,0.388,COD,0,9,0.507,metro,0,1,morning,0.5144941083307562,0.7166,1
b7b0cf79-4f8b-4712-9fbd-fe455aed74d5,f3145bea-0697-4659-8b9e-3e13d84ec40f,2025-05-12,1645.64,fashion,0.136,UPI,0,1,0.233,metro,1,2,morning,0.19519031892731586,0.1385,0
c6c6e905-cef0-4cfb-9b75-6711bf83bda7,4cd14e7d-39b8-4f81-a0df-c5d6d5a1e463,2025-03-26,458.94,beauty,0.301,COD,0,2,0.116,tier2,0,10,evening,0.152939181594962,0.3327,0
d7bde075-3f4b-4768-86f5-cba7c967b97a,00ee6a6c-7fdb-4d2c-971d-b1bfa29fc269,2025-09-22,877.51,home,0.24,card,0,7,0.19,tier2,0,5,afternoon,0.18608348760507418,0.0559,0
faf36f78-73eb-4c1b-9757-a97df7918dfa,9e94bd7f-0751-4b3d-8ad4-2e1e913839e7,2025-01-31,3104.09,home,0.189,UPI,0,2,0.344,tier2,0,2,night,0.3358319706571889,0.0624,0
c2b8742a-f2ea-4e68-a40e-c73bbaabb297,68d271d2-8307-4663-83d1-e915ae715123,2025-03-19,250.0,fashion,0.392,COD,0,2,0.245,metro,1,5,afternoon,0.2881986119409372,0.391,0
96ec348f-b0f1-45b5-8163-091507049bef,d5ed1c34-161c-414d-b34b-6029b6051817,2025-09-03,5010.63,home,0.281,UPI,0,3,0.234,metro,0,2,night,0.21478291236143027,0.0755,0
458f5c0b-5bb6-4060-8476-ec9b411d2e28,2bf1c610-a75b-412d-b0ce-9dc111d20e3c,2025-01-31,646.7,home,0.277,card,0,5,0.296,metro,0,4,evening,0.27780100478810504,0.0835,1
02ffd027-13a8-4a53-a551-44291c4956ec,ef1d53e6-12e1-40f5-9e0d-4f8b588573fb,2025-06-08,1399.62,fashion,0.24,COD,0,1,0.497,tier3,1,3,evening,0.342931829566947,0.5977,0
c6bb75e9-6dac-49ab-a38a-521fca47f8a6,a601bb98-ed14-4e71-93e5-2be8eb49e370,2025-07-17,4402.72,fashion,0.117,COD,0,3,0.42,tier2,1,3,afternoon,0.4143300984213656,0.4961,0
ee63922a-ab0f-4e4c-aa70-4acdbb17ea4b,550da023-005b-43b9-aa0d-1336177847cc,2025-03-25,765.53,beauty,0.374,card,0,2,0.009,metro,0,5,evening,0.09566624421358363,0.1511,0
390dc3b0-44e2-4c15-8a37-0feb1f37dac7,fef95b95-e8b3-4b99-bd01-70cdb0afe2fe,2025-10-17,765.4,fashion,0.166,card,0,1,0.246,metro,1,2,evening,0.3049431715733594,0.4642,1
2a40e4ec-eebb-488a-8ff0-e2f6afb6ce0d,92f8f8f3-1a19-41b0-9888-9ad14e0b35ba,2025-08-28,1568.87,fashion,0.168,UPI,0,7,0.154,tier2,0,5,morning,0.14720873128711998,0.0558,0
1abbad7c-8dc7-4d91-830b-70c891193ca4,19407932-d8b1-4cf9-823a-27cc0a751c71,2025-05-09,1337.79,fashion,0.153,COD,0,2,0.253,metro,1,1,evening,0.24939791763606534,0.4709,1
803a41f1-f5dd-42c9-89ec-69273af45fa4,a3430c85-65c8-4f9b-82e9-f40624864565,2025-03-19,250.0,fashion,0.305,card,0,2,0.244,metro,1,1,afternoon,0.2098480405685214,0.3418,0
c7142c0d-ca3b-4b2b-be44-0c566e16023a,c6a0b833-3377-4046-a0dd-379e39f2778e,2025-05-10,815.81,fashion,0.138,UPI,0,1,0.575,metro,1,2,night,0.5079322839859531,0.2521,1
b03ecfc3-d42d-49e4-ae64-88d1aafa995a,2286f067-3fb8-4d9d-8502-469f39a46441,2025-02-03,471.32,fashion,0.198,COD,0,8,0.369,tier3,1,5,evening,0.2798863894924076,0.4649,1
2da43a40-e2cc-4813-b109-a5dfb2268f05,4ed8649d-1f98-49ba-9ac7-95ad3fde0f37,2025-10-16,2333.15,beauty,0.146,card,0,1,0.347,tier2,0,3,evening,0.36581399891508337,0.1404,0
d4683786-9f21-4021-8683-338cbacdc675,0b6f3e2b-84fe-456b-ad93-ffcb76fb728f,2025-07-16,2028.67,fashion,0.081,UPI,0,11,0.132,metro,1,6,evening,0.19762424986659227,0.0912,0
0011fa6e-287c-448d-bfe7-a2a892951fba,b2fd4d0a-9c5c-49f9-b3af-f73bf96d9468,2025-05-01,8484.73,fashion,0.493,COD,1,0,,metro,1,1,evening,0.29966387224425906,0.5423,1
9f766eeb-fe98-47b4-b57b-a4800b1208c1,1890b31b-1dee-42e9-ac0d-c65f3ce14b55,2025-07-17,414.47,electronics,0.141,UPI,0,2,0.039,tier3,0,4,evening,0.1840815893241802,0.0309,0
7347deaa-c3cb-4d58-8228-4ba6296f3a42,d9bc17ca-80dd-47e2-8dc5-79922a30764c,2025-10-17,386.19,home,0.308,COD,0,3,0.449,tier2,0,3,morning,0.34134778732339127,0.2926,0
164edac3-330e-4ac1-8c6c-d4b90eb247a0,7a4e9ee7-df87-4f79-9ec7-3f4c1f489075,2025-04-23,377.5,fashion,0.63,card,0,16,0.09,metro,1,1,morning,0.23069756686430742,0.1441,0
f8f1c485-61d0-4aa3-a8f1-9ee735acdc4c,99147503-441a-4858-9bd7-29926eb2f3c3,2025-01-19,2131.68,fashion,0.488,UPI,0,9,0.423,metro,1,1,morning,0.3870026797871902,0.1851,0
da5b9eeb-dede-4755-a9a6-d3bec097822e,b409e3d7-b9a4-422f-952f-eaf1d5521144,2025-01-27,11667.28,home,0.301,card,0,9,0.34,metro,0,6,evening,0.3974441051585353,0.008,0
7adad36e-71f8-4bf8-91b2-f0bfbf5096ae,0b6f3e2b-84fe-456b-ad93-ffcb76fb728f,2025-04-08,1305.2,beauty,0.066,UPI,0,12,0.234,metro,0,5,evening,0.19762424986659227,0.2082,0
ca576f4b-73b6-4a9f-a15c-8cac84e1c16e,d58ed780-65ee-4c51-be5d-39ded6ec4c3d,2025-07-15,5725.46,beauty,0.263,UPI,0,1,0.225,metro,0,2,afternoon,0.3745706193331196,0.0174,0
abbebc4c-5c20-47c2-b2ce-27176d3b149e,e6d6ae67-c6d0-4b03-a3d2-c00767e82e6d,2025-01-27,302.06,home,0.169,COD,0,1,0.128,tier2,0,2,evening,0.1683531119228636,0.2453,1
636a7b4e-4434-4a4e-a8db-15a067d706e1,c987e835-2514-40cd-834c-f4d2261dd56b,2025-04-15,2940.04,beauty,0.338,UPI,0,4,0.11,tier2,1,4,evening,0.06015710717930573,0.0774,1
ad27f89a-7d41-42fa-9c8b-91f32c2d25ef,26a2a8f1-fd8f-4235-a9c7-77f65704c530,2025-05-19,1937.59,home,0.103,card,0,8,0.365,metro,0,4,afternoon,0.24597285000833133,0.0121,0
fb8f020c-bc60-4cdb-9b12-e00b15f5e678,00ee6a6c-7fdb-4d2c-971d-b1bfa29fc269,2025-06-16,280.9,electronics,0.276,COD,0,8,0.147,metro,0,4,afternoon,0.18608348760507418,0.146,0
2031917b-a790-494d-b835-8b9e59e89d8b,265ca8d0-3df8-4d6f-9712-d08685f17132,2025-08-31,377.05,home,0.161,UPI,0,12,0.255,tier3,0,6,evening,0.1913603605753747,0.3647,1
b3be4494-2ce9-4928-b62d-95bab36c75df,c5d85ede-c256-42df-b993-35deb12a5516,2025-05-01,626.05,electronics,0.091,netbanking,0,7,0.305,tier2,0,3,night,0.3517803851773976,0.0326,0
3c6c241d-9429-4e18-90f5-b6a665d9f278,4efa302f-3150-404a-9806-87f520177fa7,2025-06-14,250.0,fashion,0.191,card,1,0,,tier2,1,1,morning,0.1593139112983569,0.68,0
61785950-5e6b-4449-a412-00f8a1077774,f4f735d1-c919-4369-ab4f-6b41507a930d,2025-01-25,9085.26,grocery,0.555,UPI,0,1,0.308,metro,0,2,afternoon,0.4606189281415165,0.0512,0
52ad7a86-f59e-45f4-ae6b-7a38505645f9,a65430c1-b88c-4a75-8504-7fad44dca109,2025-09-20,4220.16,home,0.35,card,0,3,0.073,tier2,0,6,evening,0.18723773115835693,0.0315,0
dac56fb5-13bc-46d4-a711-9835b2d883b5,0cba70d8-7b76-4a59-90e8-413b36d73797,2025-07-11,3176.16,fashion,0.155,UPI,0,6,0.088,tier2,1,5,afternoon,0.21055725528180214,0.0484,0
fc191b7c-a658-4923-af9f-7a03319085ec,0cba70d8-7b76-4a59-90e8-413b36d73797,2025-02-11,250.0,electronics,0.379,UPI,0,7,0.216,tier3,0,4,afternoon,0.21055725528180214,0.0571,0
791b8312-c841-4778-9378-06e9c6220599,087cb0b3-1825-4e07-8f99-15e51db5e4d5,2025-04-03,654.1,beauty,0.11,COD,1,0,,tier2,0,2,morning,0.36187966998918064,0.5489,1
5496cacd-7769-4df3-b1d6-b67fc6d72419,ecf7432d-87ec-467d-9c61-1102e6ef87c1,2025-03-25,336.94,beauty,0.356,card,0,4,0.094,tier2,0,3,evening,0.1036578444265268,0.029,0
67a229f0-1117-4864-a4eb-2576ecf8037b,8b84f422-bb78-4d5b-8e7c-ee05fa3b7db7,2025-01-15,1967.84,beauty,0.143,COD,0,3,0.108,metro,0,4,evening,0.130383422505818,0.1545,0
561b6765-675b-4f6d-b0fc-3992e10a34af,5a11ae1b-953c-41af-83dc-44c210b745e5,2025-02-23,1452.87,home,0.335,COD,0,2,0.223,metro,0,3,evening,0.13954174495960747,0.1735,0
22de37ab-15f1-42c9-ae8e-365ea24e5398,d477e243-3255-42be-a122-a88f8d1ace77,2025-05-28,1615.32,fashion,0.352,UPI,0,3,0.341,tier2,1,3,morning,0.14992661347758604,0.1901,0
08c66611-0770-490a-a536-745d43f00f4b,e6b84507-0320-4dab-b918-04a7dcb15931,2025-05-17,995.31,fashion,0.358,UPI,0,3,0.342,tier3,0,3,morning,0.27966983742156076,0.1571,0
292d5062-00b6-4749-9e47-5809f425ffb7,906a171c-f8ef-4c41-9106-4dedffaed9e4,2025-03-08,461.56,home,0.199,COD,0,5,0.147,metro,0,2,afternoon,0.14849469586761202,0.128,0
8aa4f881-edc0-4115-8f96-2d380e571fa0,5a11ae1b-953c-41af-83dc-44c210b745e5,2025-06-10,250.0,home,0.209,card,0,3,0.025,metro,0,3,afternoon,0.13954174495960747,0.0488,0
e44fe7f8-d199-42ae-9f5c-376c5a2f9415,1ec19d12-c4c9-4320-a035-98e17c951577,2025-06-05,250.0,grocery,0.389,card,0,14,0.149,metro,0,2,afternoon,0.18576378008237582,0.081,0
5281fbb1-9544-4447-9d13-89aa3990b6ec,bd8faecc-d38d-4f13-8a42-c17d6f850d10,2025-06-02,4230.17,grocery,0.257,COD,0,3,0.351,metro,0,4,morning,0.26335659719559446,0.0432,0
fe4c3c2b-e9af-4169-9792-646793c2f7bf,56a30258-3565-44b2-a8d7-1d0adece59a8,2025-06-16,397.08,electronics,0.16,COD,0,10,0.144,tier2,0,6,morning,0.1548544510371693,0.1508,0
19245dfc-c84c-4dc5-9a02-e37305160128,6d166871-97f4-4b3f-908e-05be679376d9,2025-06-18,254.54,grocery,0.039,netbanking,0,1,0.137,metro,0,1,morning,0.158432901455159,0.0241,0
a0a14812-1df6-4bda-85ce-3b9d48446e8d,d791bcfc-6cd9-4eda-a5d0-91e637fbc4f9,2025-06-03,2438.37,beauty,0.466,UPI,0,1,0.298,metro,0,2,evening,0.2674753910173624,0.0539,0
193df9b6-e1bf-40fc-a922-e52a668f2a3d,486a908c-5502-4cc0-9b75-37b03e21f6b3,2025-01-01,1387.82,fashion,0.105,card,0,3,0.048,tier3,1,5,evening,0.20531948812490197,0.342,0
48fdf547-4332-4d83-af60-fd6ad84dcae9,4d47ad50-ed68-4545-af4f-485a9b29b711,2025-02-07,2498.92,beauty,0.024,COD,0,9,0.192,metro,1,6,night,0.21989011196511407,0.1629,0
ba0e9236-2b42-487f-8734-6a0666d01610,f04ea3ca-68ee-4efe-a612-fe50610fd2dd,2025-02-17,1046.52,electronics,0.137,UPI,0,10,0.147,tier3,0,6,morning,0.2242312963277271,0.0841,0
03b56744-62ff-4132-8c9a-08ba0dc702e9,99147503-441a-4858-9bd7-29926eb2f3c3,2025-04-18,5904.55,home,0.232,UPI,0,10,0.298,metro,0,4,afternoon,0.3870026797871902,0.029,0
5c11c663-4a49-4fe8-93b8-070b0bb2b834,4e3fc6b0-f121-4028-91ed-489282daa465,2025-10-11,4752.83,home,0.06,UPI,1,0,,metro,0,1,afternoon,0.07820534188507672,0.0571,0
d74df3c4-df9a-4f50-aa76-8b2a24d33c16,d3db41bc-bf8f-46e0-94b1-984f27ff9af2,2025-04-14,3150.28,fashion,0.11,UPI,0,10,0.325,metro,1,3,night,0.33315409272597374,0.3429,1
628518df-2659-4187-8540-6624cc3f5ab5,49a190f2-c9c8-441e-b450-f1343adf4d1a,2025-01-13,1261.38,beauty,0.382,card,0,8,0.425,metro,0,1,evening,0.4134664929263236,0.1359,0
cf1bc184-ef2b-43d3-975e-63ead5c3d1b3,359835d2-74a6-4ae7-bdf8-2bdc4ed675dd,2025-05-21,1065.69,electronics,0.32,UPI,0,3,0.015,metro,0,1,evening,0.05662677973259444,0.0237,0
6f898355-29f4-4c1c-b370-4f0a20087f64,c967d130-c116-4a5c-8589-391097b66b37,2025-06-02,1703.64,home,0.416,card,0,13,0.0,metro,0,5,evening,0.04915448350944119,0.0292,0
0668e8dd-00fa-41dd-9681-89adcf50f749,a601bb98-ed14-4e71-93e5-2be8eb49e370,2025-06-08,346.19,fashion,0.043,card,0,4,0.419,tier2,1,2,afternoon,0.4143300984213656,0.3946,0
7cd7c5e5-4cce-4ab7-a58b-37179d655626,2a56f047-dcfb-47fe-b09d-c3fc8366e398,2025-05-29,839.56,home,0.317,UPI,0,1,0.362,metro,0,1,afternoon,0.3758845675178493,0.1098,1
774f64ce-7e38-43ca-9f21-2340fdf8bca3,735fdab8-3c31-4c12-8344-b632847001e7,2025-08-29,2023.4,beauty,0.361,COD,0,4,0.568,metro,0,6,night,0.6231863021915255,0.3159,0
ff1493a6-a6d7-4585-9dbe-0cb129767722,627c64b8-7f4f-48a1-ac38-9594119b679b,2025-05-25,3672.68,fashion,0.49,COD,0,3,0.9,metro,1,2,afternoon,0.7642110094338409,0.8144,0
9a91716b-4f01-4164-a7e0-31743c945756,4aa94a46-4510-4080-b9b0-34eb1ca77cd6,2025-01-19,2315.39,home,0.544,UPI,0,2,0.118,tier3,0,4,evening,0.11496764830095485,0.0621,0
138e9d13-25c7-4ddf-af3a-868ad6518263,0b6f3e2b-84fe-456b-ad93-ffcb76fb728f,2025-07-12,19757.02,beauty,0.249,UPI,0,13,0.224,metro,0,1,night,0.19762424986659227,0.0027,0
f7c12966-0fa3-4cf2-b26c-3b37a5c5a1c0,0fba06d8-d561-4e1e-8221-f56fd92a018c,2025-07-27,3631.48,fashion,0.413,COD,0,7,0.596,tier3,1,5,morning,0.41585134920398,0.6055,1
42654e21-01cc-486d-971e-775170bfb1e1,4c4f2800-1fc4-4701-bb18-1c82517eb39d,2025-07-05,599.9,beauty,0.18,UPI,0,2,0.112,metro,0,3,morning,0.12149518069965874,0.0472,0
71108804-c4c0-486d-96f4-4d4acd60c3f8,32dc089d-efad-4b52-ad01-a10342bd60d4,2025-02-11,778.79,home,0.141,card,1,0,,metro,0,5,morning,0.3168272953486334,0.0475,0
5da3617e-8ce3-4f8d-a833-ad75a557c12c,1ec19d12-c4c9-4320-a035-98e17c951577,2025-08-07,4787.81,grocery,0.574,card,0,15,0.115,tier2,0,4,evening,0.18576378008237582,0.0195,0
7ca8f8d6-6953-4244-be51-a0bf74d7b7e0,11eb7869-4707-43e9-b027-e2ca5551f9c8,2025-02-11,1987.3,electronics,0.141,card,1,0,,metro,0,4,evening,0.06885084713508903,0.0985,0
66b18cf3-12bf-4cb8-bb33-e9773004f109,06685c5f-2341-4003-97cd-809136d21d44,2025-04-06,634.55,fashion,0.272,COD,0,6,0.421,tier2,0,5,morning,0.391147140695262,0.3412,0
5092203b-91fa-4901-b9ad-434df5714fb7,3b68140d-c04c-4ece-87a7-1b051083612b,2025-08-03,2233.63,electronics,0.157,netbanking,0,4,0.202,metro,0,1,evening,0.3098477304837669,0.0316,0
e7d2bad9-78f2-4683-81d6-d194e4382f0b,9d1d8bca-9218-4856-8619-cfee194da74f,2025-09-18,361.81,beauty,0.448,COD,0,12,0.273,tier2,0,1,night,0.24874291058771908,0.2063,1
eacaf866-9c25-4aec-b778-259be4ec9b56,809440e5-dc7b-48de-8000-53ac94935dec,2025-06-19,15699.92,beauty,0.597,COD,0,5,0.212,tier3,0,4,afternoon,0.17298841463602524,0.0744,0
b876266f-d505-47a6-bca3-414d87873c10,cd8465b3-5dc0-4918-a21f-702a430fdf4a,2025-05-20,250.0,home,0.129,COD,0,2,0.103,tier2,0,3,afternoon,0.07981520295766234,0.1822,0
5441058f-d9b7-4918-9429-28c348a78631,4d47ad50-ed68-4545-af4f-485a9b29b711,2025-10-01,1173.55,home,0.455,UPI,0,10,0.223,tier2,0,6,night,0.21989011196511407,0.2537,1
0c713292-cc5a-45e7-a3a5-5b2882c7422c,4e7e2663-eb2c-432d-96ec-3f130e2e0946,2025-05-03,3364.07,home,0.083,UPI,0,8,0.275,metro,0,3,morning,0.3858310964520147,0.0304,0
9dc68f70-684e-41d5-b4dc-fddbd831253d,dda5b132-3c35-48db-8feb-21f14075f104,2025-06-26,2985.67,beauty,0.097,UPI,0,4,0.263,tier2,1,3,morning,0.23310699843617838,0.0882,0
208f7a64-813b-4433-8ea1-4c533da59f28,938245c2-8647-4454-aa1b-998878f08b78,2025-06-15,14927.96,fashion,0.201,UPI,0,11,0.42,tier2,1,1,afternoon,0.29048499029100583,0.0586,0
d1758fda-5416-44e9-8614-7676d57156f1,b5613467-d329-4102-b724-eb47dc04ed5f,2025-10-22,1635.88,fashion,0.237,UPI,0,3,0.447,tier2,1,2,morning,0.2676344641423701,0.2385,0
29695172-8e71-43ba-b3d5-a4649b39cfbe,a7943808-f923-4e87-95b7-ac6a0c8b53d8,2025-07-08,4948.44,electronics,0.359,UPI,0,2,0.687,tier2,0,1,afternoon,0.5777434668907969,0.1089,0
f358bfa8-c165-4394-9273-b51fdee67370,b411f36e-bf74-4ba0-bff0-a67770bd35c5,2025-10-08,734.58,fashion,0.434,COD,0,5,0.568,tier2,1,3,night,0.4451782602422671,0.7697,0
5d11e75c-148b-445d-8aef-50acbe15d2aa,9367bd08-231f-4959-95da-cf979f7ee187,2025-09-19,1456.58,grocery,0.028,card,0,1,0.306,metro,0,2,morning,0.3052133289526958,0.0097,0
9e955215-5684-4332-ae51-1cfceadabcd7,c3f1cc06-68c1-442a-b18b-6338217bcf62,2025-06-07,454.11,fashion,0.263,card,0,7,0.041,metro,0,1,evening,0.1091421274751211,0.0465,0
9f11f4dd-8635-430f-aaf1-89b9c5ad1dc8,fd788034-3caa-492f-9c7e-57dee41c5244,2025-04-10,4241.6,fashion,0.498,COD,1,0,,metro,1,7,morning,0.3607060487773846,0.6344,1
9a272edc-58ae-4f41-88f2-364d536da630,3a457f70-d47f-43a5-88c5-b74c7d8ab2dc,2025-02-06,2442.87,grocery,0.099,COD,0,1,0.288,tier2,0,3,afternoon,0.3408921063238981,0.0232,0
44d56c07-8f48-4cdb-9da6-348960f5897e,328a3f2e-4f4c-43bf-9e08-f4acd5615061,2025-09-30,3719.68,fashion,0.071,COD,0,1,0.196,tier2,1,4,evening,0.12950940053657903,0.5344,1
684e7171-7624-47f5-a79e-35657b1badda,26a2a8f1-fd8f-4235-a9c7-77f65704c530,2025-02-16,250.0,home,0.592,netbanking,0,9,0.373,tier2,0,5,morning,0.24597285000833133,0.0837,0
69abc9ef-933d-45dc-a2dd-fe2092f8f30e,94ff867d-812f-4c7d-a9dc-a22007e79604,2025-10-09,6825.02,fashion,0.355,UPI,0,1,0.0,tier2,1,1,afternoon,0.030140451518511184,0.1619,0
afc5f6cc-56dc-4f2a-b3cf-107156896ef5,3c0df3e1-c239-441b-b4dd-153f99532574,2025-04-23,428.6,beauty,0.336,card,0,2,0.509,tier2,0,2,afternoon,0.5866676553486984,0.101,0
e79e8267-f95d-4cf5-bb15-6662716c8948,692c356c-e5c8-445b-bcd2-2bb91d2ac4cc,2025-06-28,3284.95,fashion,0.195,COD,1,0,,tier2,1,4,night,0.3299635449412858,0.7369,0
80097d78-0d6d-4313-8dd5-fd50f8b6170f,fecd2a5b-e5c7-4055-bc33-7f5143f2fb37,2025-06-24,688.92,fashion,0.341,COD,1,0,,tier2,1,3,afternoon,0.13948659265221522,0.8391,1
44152a52-536d-418a-b7fb-70e93c317cf4,787739e4-6bfc-4e51-b3b0-26408d0e386e,2025-10-16,682.19,fashion,0.405,COD,0,5,0.388,tier3,1,7,night,0.3565159652552688,0.4763,1
6627407d-921d-428d-95dc-3ea59b42d837,a2a6e4a7-73f0-4f60-8023-1d364c305e4d,2025-03-28,2260.61,beauty,0.561,COD,0,7,0.132,metro,0,3,evening,0.23228588338828865,0.2188,0
780859a6-3c14-4c92-88c2-ea8cf6418443,c5d85ede-c256-42df-b993-35deb12a5516,2025-02-17,2643.53,fashion,0.353,COD,0,8,0.293,metro,1,5,afternoon,0.3517803851773976,0.6806,0
cb1afd21-d8c5-4f9e-9c00-62e6d029cccf,dea29f8e-ac26-475e-a225-300fac669ed0,2025-05-12,5170.19,electronics,0.437,UPI,0,17,0.157,tier2,0,1,afternoon,0.2211439005048725,0.04,0
471ff6e1-1ca1-4850-ba74-906507c2c98c,7226a281-8501-4f86-91cc-afa9ca3514d0,2025-04-18,947.45,grocery,0.31,COD,0,1,0.532,metro,0,1,evening,0.519733870835829,0.2051,0
b7db01b0-22b5-4b8a-b25d-877db2e3ec00,af2adf9c-435e-4fe7-a1a9-ef7535a438fc,2025-07-20,1089.97,fashion,0.75,card,0,1,0.458,tier2,1,2,morning,0.46524312849146254,0.5516,1
a920fb8e-14d7-41a7-9cb0-b2143fe4584f,6998bf5b-2957-4b20-9fbb-95e19c4d485a,2025-08-17,1134.34,fashion,0.141,card,0,2,0.174,metro,1,5,night,0.2923331864352393,0.2361,0
2973105d-d3ca-4502-827c-d515d7872dae,a65430c1-b88c-4a75-8504-7fad44dca109,2025-07-10,1661.87,fashion,0.141,UPI,0,4,0.372,metro,1,8,afternoon,0.18723773115835693,0.3722,1
7ce416a3-d3a3-4caa-beaf-c73691beb556,9367bd08-231f-4959-95da-cf979f7ee187,2025-08-31,803.07,fashion,0.503,netbanking,0,2,0.204,metro,1,3,afternoon,0.3052133289526958,0.2551,0
683f5947-47b8-41d2-b7f5-62344a8083d0,ac8ee436-067a-4aac-8496-8e40cfb19bfd,2025-01-28,1105.44,electronics,0.374,card,0,14,0.219,tier2,0,2,morning,0.2595265118239566,0.0667,1
0808f481-ca1b-4d6e-b171-46cbad57e3e5,9f87915f-01a2-44c6-8555-3aafe4b68808,2025-08-09,250.0,grocery,0.016,UPI,1,0,,tier3,0,4,morning,0.360977463801103,0.0598,0
9e57e26a-35ae-4dfd-b704-af6dec3eb010,83fe6a19-57b5-4519-982d-d7d7bca39396,2025-02-25,991.64,fashion,0.427,card,0,4,0.192,tier3,1,5,night,0.26357426902472036,0.1816,0
fd3081a1-ec88-44e0-9df1-8f10009453e7,17b4ac80-5793-4301-bfa9-f9aefc25fff1,2025-07-15,1023.24,fashion,0.122,card,0,6,0.172,tier3,1,6,night,0.12601617248198352,0.3341,0
74ee6360-352b-48c4-912a-46d426d99cdb,49a190f2-c9c8-441e-b450-f1343adf4d1a,2025-09-13,792.34,fashion,0.497,UPI,0,9,0.425,tier3,1,7,evening,0.4134664929263236,0.5299,0
910f4b9e-47e5-4a8f-8708-395a7c55455e,5a11ae1b-953c-41af-83dc-44c210b745e5,2025-07-30,3245.59,electronics,0.146,COD,0,4,0.112,metro,0,1,night,0.13954174495960747,0.1281,0
727c305a-5893-4f32-b32a-865ef3460438,e6bb513f-2cd0-4bcf-9534-bae7ee504b7c,2025-06-21,1497.17,beauty,0.139,COD,0,1,0.022,metro,1,3,night,0.09342709211833844,0.4513,1
5af9a18e-e7ef-4272-bec1-ba0cc954694f,a98ac6ed-5c74-42d1-a5a7-c801d82116e4,2025-07-28,621.5,fashion,0.302,UPI,0,1,0.745,metro,1,2,evening,0.7830202777801657,0.3373,0
7fd91d20-7c60-4c47-ade0-d2d4e201d2eb,8c24e923-2dbf-4f43-b0b2-6e851d21fa34,2025-06-17,2461.7,electronics,0.116,COD,0,17,0.019,metro,0,2,night,0.10820090543681238,0.0477,0
374531ad-3424-48cf-9544-4e2f34d4d202,3b68140d-c04c-4ece-87a7-1b051083612b,2025-01-29,506.06,fashion,0.205,netbanking,0,5,0.401,metro,1,2,evening,0.3098477304837669,0.1729,0
f662c111-0888-4dfb-94cb-c129dc74470e,ed0d4cec-07d4-440d-a77d-2f0af2663244,2025-01-14,1002.47,fashion,0.085,COD,0,2,0.577,tier2,1,2,evening,0.6645072620284929,0.7486,1
2abaad14-48a5-45fa-850f-3a6537e6910c,4c2d0fbf-fe06-450e-8a17-136766d2e685,2025-02-05,736.43,beauty,0.218,UPI,0,5,0.159,metro,0,5,evening,0.23081817084314912,0.0298,0
ebb3d9d0-430b-4a5c-8e07-68fdd8af21ab,83fe6a19-57b5-4519-982d-d7d7bca39396,2025-06-16,250.0,home,0.221,COD,0,5,0.304,metro,0,2,evening,0.26357426902472036,0.2193,0
8a8b5409-9dde-4e45-a05b-6cf8e17dc707,9d2096d1-96a7-40b1-b834-bd63f99029e7,2025-04-06,3296.17,home,0.47,UPI,0,4,0.082,tier2,0,3,night,0.15808045554802053,0.0261,0
3ab0bf1d-fa22-4d9b-9eeb-c3417b83d944,c98a4cb4-7028-4dff-af37-84307e0c0e6f,2025-05-27,649.79,fashion,0.289,COD,0,3,0.13,tier2,1,1,afternoon,0.16177634634701885,0.6665,0
77f9a1e9-e19b-4a46-8753-4c3970d1006a,e90f2e94-525b-47c4-b592-56daaf0983cc,2025-07-29,250.0,fashion,0.153,netbanking,0,3,0.204,tier3,1,3,evening,0.20763912883986363,0.3276,1
46fbffaf-cdfc-4c1c-8a03-4809f0343bfc,3c0df3e1-c239-441b-b4dd-153f99532574,2025-01-06,1269.21,grocery,0.074,UPI,0,3,0.65,metro,0,2,evening,0.5866676553486984,0.025,0
fd9e9f21-7db5-45e8-bcbb-da34230972b9,93e4f60d-9a3b-4673-814d-a1c4b7fe7865,2025-08-29,2709.61,grocery,0.498,UPI,0,4,0.374,tier2,0,1,afternoon,0.46001324343588723,0.1326,0
b3e484a4-543e-4ce5-8806-8df56a776d23,8d6c684a-fe5a-4cfe-97ee-5cf4f3d27e8b,2025-03-03,1113.65,fashion,0.064,card,1,0,,metro,1,2,evening,0.2971102685881172,0.2106,0
a4f1af1c-77ff-41eb-984a-91395afeb872,63d8dd12-39d4-4e1e-bdd7-72b1c1a0b1c0,2025-05-02,251.0,fashion,0.067,UPI,0,7,0.312,tier2,1,1,evening,0.22490754943212576,0.216,0
8897a8cc-191f-4920-8465-29f1e537d407,80281626-ed74-46d1-a595-e40cdac50a8a,2025-03-10,250.0,beauty,0.209,UPI,0,6,0.245,tier2,0,8,evening,0.25979890009270734,0.0356,0
fcf73fc9-8ef8-4eea-bd4c-cc58b2b4f068,141851fb-39b4-4b0b-8cc4-7cd819c8a26e,2025-03-22,1832.4,home,0.109,UPI,0,1,0.396,tier2,0,3,evening,0.3750474517068999,0.0941,1
0f7316c5-a5d1-445a-83d1-a046fb527ad8,9677154b-4520-41fa-a08e-f8dd49dc79e4,2025-07-06,5710.91,beauty,0.295,UPI,0,1,0.247,tier2,0,3,afternoon,0.13728543870125234,0.0386,0
98338483-7c40-48d7-9337-8837f6d33b7a,8c24e923-2dbf-4f43-b0b2-6e851d21fa34,2025-10-16,3857.61,beauty,0.75,card,0,18,0.167,metro,0,4,night,0.10820090543681238,0.0865,0
2a999040-3470-435d-9cf7-cd38498165cd,835b4038-88dc-4965-b6b8-921d3b0ad19c,2025-03-29,3141.34,home,0.12,UPI,0,10,0.221,tier2,0,3,evening,0.18168234468688693,0.0237,0
8b367d99-b1ca-4f55-b723-1ca7dd29a5ff,67939c94-864b-476c-adbc-b69702fdd112,2025-04-21,764.56,home,0.053,UPI,0,4,0.298,metro,0,4,afternoon,0.3325622338548419,0.0268,0
03171d67-6156-40b3-b9c9-b39fbc379476,48b73317-327f-4f67-934a-b6dd2d521db4,2025-06-23,332.78,fashion,0.24,UPI,0,5,0.284,metro,1,4,afternoon,0.24989906497225137,0.1658,0
be5be493-d712-4d6f-ab4b-deba67b350f9,3acfe917-5eda-40b5-8596-6954ab6007a4,2025-06-29,568.69,fashion,0.193,UPI,1,0,,metro,1,6,afternoon,0.20370978877684995,0.6221,1
92a45525-8dff-41f3-9a49-58a341052eae,6bf452e9-0173-469d-bfec-d17e576fd561,2025-03-29,2745.98,grocery,0.198,UPI,0,3,0.227,tier3,0,6,evening,0.11826527161057414,0.0423,0
205fd8ea-d8d0-4d64-8ea2-a1f9a2344b43,48b73317-327f-4f67-934a-b6dd2d521db4,2025-03-31,1093.72,electronics,0.055,COD,0,6,0.239,tier2,0,2,night,0.24989906497225137,0.0682,0
f330ea59-2c50-48de-b1ed-d5574840d6f5,9d1d8bca-9218-4856-8619-cfee194da74f,2025-09-08,1517.08,home,0.704,card,0,13,0.409,tier2,0,3,evening,0.24874291058771908,0.052,0
fba30137-2c82-44db-a885-0877fd1aa11c,a2a6e4a7-73f0-4f60-8023-1d364c305e4d,2025-10-05,3100.16,electronics,0.397,UPI,0,8,0.184,tier2,0,1,evening,0.23228588338828865,0.1439,0
47cb64cb-c9ce-4c44-83d5-96b5e8c04b98,b01e41e4-d9e6-44b4-9cd5-b93bcad02d3e,2025-07-09,320.56,electronics,0.272,COD,0,1,0.139,tier2,0,4,evening,0.12605441282590366,0.0369,0
6e1e3bfe-44aa-4e85-b345-0d9c40082c95,2302316f-5078-43eb-8c52-2fc10011451b,2025-09-26,250.0,electronics,0.385,UPI,0,2,0.22,metro,0,3,evening,0.26860084009967505,0.1183,0
59992a4b-5951-4bde-a27c-ee6c0d0bfc18,4490790e-4fea-4b93-a5b7-205d0c72419a,2025-06-12,1317.06,electronics,0.006,COD,1,0,,metro,0,3,morning,0.33375713618452035,0.2383,0
7a75fb3b-2267-43b9-9321-e87e98601d2e,63d8dd12-39d4-4e1e-bdd7-72b1c1a0b1c0,2025-08-02,2253.39,fashion,0.257,COD,0,8,0.326,tier2,0,4,night,0.22490754943212576,0.2645,0
f40202bd-8ada-45ef-8d0d-0bbfc7c751fb,dda5b132-3c35-48db-8feb-21f14075f104,2025-09-20,1800.88,home,0.391,COD,0,5,0.226,tier2,0,1,night,0.23310699843617838,0.1591,0
98f0db11-22b2-4a6c-8c6f-dc2b4454f689,adad285c-dcfb-40e6-a362-2c3954e9b92d,2025-07-12,946.64,electronics,0.329,UPI,1,0,,tier2,0,4,afternoon,0.6171434097870331,0.2459,0
974f1878-4492-4b71-b141-19b06c67b4f5,6dc5134b-6c84-4084-ad9c-5cfbc77e8a21,2025-07-10,896.29,beauty,0.688,card,0,2,0.351,tier2,0,2,evening,0.31538639948094277,0.3342,0
71b09130-ca83-46f8-8a6f-0cb58c1e9951,600c04cc-363f-4f75-9850-6d7f60dcc5cd,2025-05-12,250.0,beauty,0.343,COD,0,1,0.084,tier2,1,3,evening,0.12241533806316059,0.5371,1
7900fdf8-c1ce-4815-80b4-af35f824bc96,c987e835-2514-40cd-834c-f4d2261dd56b,2025-09-24,428.24,fashion,0.2,UPI,0,5,0.0,tier2,0,3,night,0.06015710717930573,0.1586,0
d627d611-a80f-4079-9e31-f5feb95ea8d1,dea29f8e-ac26-475e-a225-300fac669ed0,2025-03-20,1726.08,electronics,0.115,COD,0,18,0.253,tier2,0,6,afternoon,0.2211439005048725,0.064,0
8f53ffad-e660-4323-9436-94b551bd2a60,1e875744-08ed-4a3f-8cdb-457e2c478f1b,2025-10-06,756.64,home,0.345,UPI,0,1,0.146,tier2,0,2,evening,0.11390723161822383,0.0513,0
931fa037-7930-443e-8a21-8fe21fc70bcd,16ddae25-3f28-41d0-8a77-c8c87723adfa,2025-06-01,250.0,fashion,0.53,UPI,0,7,0.32,tier2,1,6,evening,0.30707185083804733,0.3642,1
762ce2d4-e12b-4bd0-9e77-9c8e379f43a2,735fdab8-3c31-4c12-8344-b632847001e7,2025-08-28,2691.43,fashion,0.133,COD,0,5,0.694,metro,1,1,afternoon,0.6231863021915255,0.505,1
8835dd30-c569-4e39-ad16-8831e9861784,c3f1cc06-68c1-442a-b18b-6338217bcf62,2025-03-02,1177.33,fashion,0.139,UPI,0,8,0.0,tier3,0,7,evening,0.1091421274751211,0.1341,0
114c8181-bc7f-4ff3-ba8d-04c21d469c6e,93e4f60d-9a3b-4673-814d-a1c4b7fe7865,2025-07-09,9383.87,beauty,0.144,UPI,0,5,0.275,metro,1,1,evening,0.46001324343588723,0.0769,0
f991d62f-2294-4593-8164-6224b2181563,b86ee3a9-928c-4ec5-8783-0beb41950f27,2025-05-24,250.0,electronics,0.75,COD,0,7,0.12,tier2,0,4,evening,0.05573145024510638,0.2723,0
59ec98f6-17ef-471b-8522-a05af9dd31c0,4c113ca6-2f3e-4575-82ea-ec032586d824,2025-06-30,3147.53,fashion,0.372,COD,0,2,0.044,tier2,1,3,evening,0.0920841435969077,0.4764,0
8086cb8f-3719-43f4-8f98-6e8e1050d6a8,e6d6ae67-c6d0-4b03-a3d2-c00767e82e6d,2025-08-09,1264.72,grocery,0.156,card,0,2,0.14,tier3,0,2,evening,0.1683531119228636,0.0215,0
b127865c-66cf-4ba4-b00e-a5c1d5ff9742,d58ed780-65ee-4c51-be5d-39ded6ec4c3d,2025-04-20,447.28,beauty,0.569,COD,0,2,0.515,metro,0,4,night,0.3745706193331196,0.708,1
e08abd66-b35d-4f4f-8e2c-c29fe1f606a5,1ec19d12-c4c9-4320-a035-98e17c951577,2025-05-16,382.06,electronics,0.364,COD,0,16,0.16,metro,0,3,evening,0.18576378008237582,0.1047,0
b0ed66b0-d197-46d5-bd5c-a2675c294d1b,af9a11bb-3658-4e05-918c-ac3f7c175c59,2025-05-23,261.34,electronics,0.155,COD,0,2,0.095,metro,0,6,morning,0.10073875282927403,0.0878,0
8dfd4a93-9e79-4e66-a056-e8f14d2434d6,b8d02904-601f-4dd7-a3d1-5fb98038da28,2025-02-09,250.0,beauty,0.384,COD,0,3,0.027,tier2,0,3,night,0.10839420542924075,0.2574,0
0ea94ab6-9eb2-4617-af8d-30209024ee29,835b4038-88dc-4965-b6b8-921d3b0ad19c,2025-07-25,2421.0,fashion,0.052,netbanking,0,11,0.247,metro,0,1,afternoon,0.18168234468688693,0.1165,0
fd3b0dd3-d500-47bf-9c92-d39d1e1406e0,3c0df3e1-c239-441b-b4dd-153f99532574,2025-04-21,3619.7,grocery,0.175,netbanking,0,4,0.482,metro,0,4,night,0.5866676553486984,0.0157,0
66a9f31c-c0c0-4b09-97a1-47131205fac5,fecd2a5b-e5c7-4055-bc33-7f5143f2fb37,2025-08-06,1364.97,fashion,0.315,UPI,0,1,0.087,metro,0,7,evening,0.13948659265221522,0.1003,0
8b5eb419-cfdb-4c2e-badb-81f5f6f9f044,0b6f3e2b-84fe-456b-ad93-ffcb76fb728f,2025-06-19,1519.79,beauty,0.478,card,0,14,0.279,tier2,1,4,afternoon,0.19762424986659227,0.1846,0
2a2e5c61-3eeb-45fb-9b90-74724c099c01,30888fd2-16bc-4533-a06f-0e0d4ed50f9d,2025-02-21,4221.18,grocery,0.243,UPI,0,6,0.201,metro,0,6,night,0.22452854262691951,0.011,0
db38a26d-0fec-41f2-9551-05e0f4f269ea,4c4f2800-1fc4-4701-bb18-1c82517eb39d,2025-01-24,6313.29,home,0.052,UPI,0,3,0.013,metro,0,3,night,0.12149518069965874,0.0102,0
abd0a843-ddc4-45e6-9628-9ce80ab2fae1,c3f1cc06-68c1-442a-b18b-6338217bcf62,2025-03-04,1960.2,fashion,0.407,UPI,0,9,0.093,tier3,1,3,evening,0.1091421274751211,0.1738,1
19371516-9bc6-4368-81ad-0faa7a43dd92,4e3fc6b0-f121-4028-91ed-489282daa465,2025-06-25,915.91,fashion,0.393,UPI,0,1,0.101,tier2,1,5,afternoon,0.07820534188507672,0.3958,0
ef153f98-9b80-4375-b8ed-12b58c18462a,092dea67-00b9-4796-9eca-80e49d11c18c,2025-06-16,1759.74,home,0.104,COD,0,2,0.162,tier3,0,6,afternoon,0.16694172135754215,0.2066,0
7e82d410-ef12-4cc9-9589-7fb4172c6529,2a7fb427-4c3e-481a-9333-4b2ce1a6dfcb,2025-01-25,1861.53,grocery,0.484,UPI,0,3,0.0,metro,0,3,evening,0.04633846991413163,0.0171,0
af7763fc-0e82-47f6-ba22-067e18d8ba94,cd508d92-15fe-4a35-9c1b-37a278d36ea4,2025-03-06,886.68,electronics,0.551,COD,0,13,0.34,metro,0,1,night,0.2771725532528444,0.475,1
ab888d3a-0dd5-404a-b255-b1eb3026cf84,5ba373d1-7e45-4023-8ecb-0f7518d9311a,2025-08-23,1453.88,home,0.343,COD,1,0,,tier3,0,5,night,0.17798509488768136,0.6987,0
6903a91e-1569-4302-8230-60951b6c45fa,c3f1cc06-68c1-442a-b18b-6338217bcf62,2025-01-29,3609.92,grocery,0.373,COD,0,10,0.083,tier2,0,6,night,0.1091421274751211,0.1921,0
1fd8b151-9437-450d-b685-149070a55843,1b07e0e4-483c-461f-a950-6cf31ced0959,2025-07-22,1189.5,fashion,0.2,COD,0,1,0.363,tier2,1,4,morning,0.19264547693073103,0.4061,0
9f9b9050-0b0b-4bc3-8a4b-16d0980e52f9,f4f65833-e9e9-40f8-a25b-d72cb6b53f4b,2025-01-19,3223.21,beauty,0.201,UPI,0,1,0.26,metro,0,2,evening,0.13254072284680365,0.0863,0
33a72ac1-f0c5-4150-984b-39022f7421b9,44408e56-9a11-44d5-8a79-5e1ddafd28e1,2025-09-24,1938.72,fashion,0.287,netbanking,0,12,0.306,metro,1,6,morning,0.24706696213115537,0.5429,1
daf84432-f2ae-4999-b646-750956fe5427,c35917e3-aa41-4cb2-9a55-27d4893431b1,2025-06-30,922.8,electronics,0.019,COD,0,6,0.38,metro,0,2,night,0.4237639813012678,0.0915,0
71bf7d34-f72b-4385-8747-e8a7488ebe35,38543a37-c3ff-4947-a0be-4c688daad6b3,2025-03-06,250.0,electronics,0.053,card,0,4,0.331,metro,0,2,evening,0.3007027884503935,0.0373,0
df6dd11a-bb39-44fe-b9d2-bbb2ae954637,c90b84a2-7b60-419e-8e7a-dbf2170a48b4,2025-05-26,1242.89,beauty,0.469,UPI,1,0,,metro,0,2,night,0.08902327951143335,0.1685,1
82c6d033-3ad7-4d34-a731-7e6c2c3395d2,9ee005c0-f8a6-4c23-9732-63abf3e6c333,2025-09-20,1553.19,beauty,0.346,COD,0,3,0.363,metro,0,2,evening,0.3983115828087851,0.2749,1
f4eca4d6-c9f4-4e51-852e-a35a45046035,e4fc2035-70f1-45b1-82d0-0ee396f0a984,2025-08-10,583.7,beauty,0.267,UPI,0,11,0.112,tier2,0,3,evening,0.21199326223067969,0.2104,0
f9472044-4923-45c7-b57a-6d1d1d82e8e6,67939c94-864b-476c-adbc-b69702fdd112,2025-03-01,3007.39,fashion,0.348,COD,0,5,0.19,tier2,1,3,evening,0.3325622338548419,0.4416,0
146ce7d7-f0ce-498f-aac9-7eb761e12e0a,6bf452e9-0173-469d-bfec-d17e576fd561,2025-06-27,250.0,home,0.517,card,0,4,0.163,tier3,0,6,evening,0.11826527161057414,0.1262,0
a46c647f-3ad0-45a9-b81c-d288e4d66570,a65430c1-b88c-4a75-8504-7fad44dca109,2025-03-15,1391.21,electronics,0.388,netbanking,0,5,0.276,metro,0,1,afternoon,0.18723773115835693,0.0532,0
32da8f95-6301-4f3c-a579-54d0c5433e37,0b6f3e2b-84fe-456b-ad93-ffcb76fb728f,2025-07-16,951.9,fashion,0.453,card,0,15,0.371,tier2,1,1,evening,0.19762424986659227,0.5003,1
09c11946-6995-4f3c-91b9-d08769e893ea,f809ca0e-f147-4dfb-b162-7c1694166381,2025-07-29,1519.67,grocery,0.343,UPI,1,0,,metro,0,2,night,0.7587990740316559,0.0168,0
67dd85b0-169b-47d1-8fbf-1d62b7c0f6cd,2b77e152-ac97-4061-9e6a-5abdc78bc29a,2025-01-24,317.2,fashion,0.055,UPI,0,9,0.368,tier3,1,5,afternoon,0.29832839962512075,0.2992,0
eb35ff2e-8215-4711-aea0-1139017c9b59,a8563692-0b6a-402e-a73b-0a42908c0fb4,2025-02-13,526.02,fashion,0.202,card,0,1,0.0,metro,1,3,afternoon,0.05848742659984804,0.1208,0
9c0c3200-1e12-4984-a286-7822b5994840,5a633e28-f5a6-4ba7-ad44-926d3c088ff1,2025-09-20,1587.38,home,0.143,COD,0,1,0.145,metro,0,1,afternoon,0.15422316215847254,0.0781,0
5461cb1a-7aa3-4b2a-a46b-000a05a023a9,cb8611ae-38b8-43ce-b1e3-ac68753f2f95,2025-02-02,4805.13,fashion,0.376,UPI,0,5,0.281,tier2,1,2,afternoon,0.18284841178251302,0.0687,0
022c74fc-ff7a-4209-bee3-4ed5fb5a07ec,803b90da-18d4-43ed-b399-f19121b16143,2025-08-26,1591.1,electronics,0.37,UPI,1,0,,tier3,0,2,afternoon,0.1284164011515337,0.2181,1
ca2ff7fb-450c-45be-a598-4aca18b774e6,cba0fbf1-c8e0-4aa6-8a6b-48f3baba929d,2025-08-08,895.5,grocery,0.205,COD,0,7,0.448,metro,0,2,evening,0.3706024922013499,0.0804,1
24ee83f2-ea77-4e4b-ac34-af71c2c55388,c5e8aef0-7362-4837-9a04-8b3fa7ff821e,2025-06-02,746.74,fashion,0.321,UPI,0,10,0.488,tier3,0,8,morning,0.5144941083307562,0.3701,0
c48ca828-3590-45a8-a628-5c1ec697e631,ded4396a-49de-44e3-a773-49b635f42e59,2025-01-15,875.08,fashion,0.561,UPI,0,5,0.584,metro,1,2,night,0.5527709467025828,0.2836,0
82355058-4ed4-4ed5-9d95-9434cc8030ae,24dc633c-de4a-4152-ae24-3e42211235f1,2025-07-24,1213.46,electronics,0.021,UPI,0,6,0.053,metro,0,2,morning,0.03297163095944513,0.0069,0
0af86896-196a-49b0-a260-5199affa097c,4098d612-8245-4c3b-a1f0-2fc74fb77ef2,2025-03-10,1174.23,beauty,0.168,UPI,0,2,0.294,tier3,0,4,afternoon,0.28679047154820847,0.05,0
9e963349-ec5c-4906-87c8-c077f77a23ea,6fddc7e9-9340-4919-b90f-305d21b0adaf,2025-06-29,4364.38,fashion,0.048,UPI,1,0,,tier2,1,2,afternoon,0.2414560380735231,0.2104,0
9fa68189-2e62-4131-bf20-bf442c2dab30,9a961340-7bf0-40b9-a285-d934dafdbce8,2025-06-03,516.53,grocery,0.153,UPI,0,1,0.224,tier3,0,3,evening,0.3724144400903301,0.0124,0
16792990-0566-4f79-8733-de6de5cc2b41,c98a4cb4-7028-4dff-af37-84307e0c0e6f,2025-07-15,349.5,electronics,0.333,UPI,0,4,0.1,tier2,0,3,afternoon,0.16177634634701885,0.0619,0
efdbf1e3-69a2-42fc-815f-b6509250c50a,f5069c4e-0691-43d9-b3e0-3efe7073ec31,2025-02-10,1012.8,fashion,0.457,UPI,0,6,0.011,metro,1,2,evening,0.03542903995029727,0.3867,1
37a6a93d-7fbd-49c2-9ee1-d455257470d4,5e758f8f-c2ad-4e0c-b4fc-026916c24854,2025-04-03,2636.32,electronics,0.067,UPI,0,18,0.0,metro,0,2,evening,0.048627470043128354,0.004,0
dcc72ce5-fd36-41b8-a3ae-ce05965692e8,c901a58c-6ac4-4a3a-a5d1-4198a13622e7,2025-10-21,722.22,electronics,0.377,COD,0,5,0.077,tier3,0,4,evening,0.15906278458837203,0.1256,0
99e76a34-91d8-434b-8968-393b4a3fdbd2,eb654173-692d-41d4-b3fd-d891332bd628,2025-05-22,262.17,grocery,0.322,card,1,0,,tier2,0,6,afternoon,0.33153779940461287,0.1154,0
41dd20b7-c7ea-4dd0-a3bb-73b0cc80af5f,2b0aed48-0816-4dd9-b18b-7acd4c255c96,2025-02-21,618.04,home,0.444,card,0,5,0.219,tier2,0,5,morning,0.19975800750299405,0.092,0
58538899-7923-42ea-8cd8-34bf53f3ea25,a05b51d4-cf4b-43df-8143-fc2defc4213c,2025-02-26,6863.55,fashion,0.033,card,0,2,0.176,tier2,1,5,night,0.13102794820675195,0.1352,0
9ed43320-b37a-47c3-b5a4-4febf9efd93a,c5e8aef0-7362-4837-9a04-8b3fa7ff821e,2025-05-09,1677.94,fashion,0.549,COD,0,11,0.501,tier2,1,2,afternoon,0.5144941083307562,0.6282,0
7a07329b-1227-4f2f-ad59-ed89e602aab4,c54b4d61-dda5-4d05-96b1-4aca694d9671,2025-07-12,2826.16,electronics,0.248,UPI,0,2,0.133,tier3,0,4,morning,0.15960867264431888,0.0368,1
fcaaaf72-dfab-46b5-9a85-bfc77495bd81,4d47ad50-ed68-4545-af4f-485a9b29b711,2025-08-24,1814.63,fashion,0.341,COD,0,11,0.085,tier2,1,2,morning,0.21989011196511407,0.3723,1
ea24bf8b-344b-4816-9130-0e9b46146a61,3678c134-a42b-4685-ad15-81b9e73e73aa,2025-09-13,422.99,beauty,0.022,UPI,0,6,0.19,metro,0,7,morning,0.1373435706874969,0.0845,1
8a7da281-6e94-463d-bc3c-61033ee871ab,db6771cb-3b45-42da-94c6-4d191a5421eb,2025-09-05,751.52,fashion,0.574,UPI,1,0,,metro,1,2,afternoon,0.32003705418313455,0.7556,1
3cbc2942-05e0-4ef2-9934-f9e50dca4c09,7a4e9ee7-df87-4f79-9ec7-3f4c1f489075,2025-09-18,2827.9,fashion,0.31,COD,0,17,0.094,tier2,1,1,night,0.23069756686430742,0.3794,1
9aee4d3f-5719-4776-b66e-0b9f263b2cdd,0b6f3e2b-84fe-456b-ad93-ffcb76fb728f,2025-06-26,578.31,beauty,0.152,COD,0,16,0.019,tier3,0,2,night,0.19762424986659227,0.3695,0
a6248121-e3d0-4d88-afe2-ca2f3551844e,6fddc7e9-9340-4919-b90f-305d21b0adaf,2025-10-18,2233.63,electronics,0.09,card,0,1,0.156,metro,0,2,morning,0.2414560380735231,0.0277,0
730cd409-845d-44dd-8eae-aefc5b791ad1,cd8465b3-5dc0-4918-a21f-702a430fdf4a,2025-05-04,447.1,fashion,0.3,UPI,0,3,0.131,tier2,1,5,night,0.07981520295766234,0.1152,1
cc8dd3bc-7928-4353-b663-378417910bd0,236d11d7-cc84-47c1-9d4b-15dd6891dcbc,2025-02-10,1494.82,beauty,0.533,COD,0,12,0.11,tier3,0,3,afternoon,0.22121655786542901,0.4732,0
16b24262-ba8e-4b92-97f8-003a50c20903,acd6bd3e-5e54-412a-b390-342f9074721c,2025-04-23,1936.42,grocery,0.317,UPI,0,2,0.086,tier3,0,6,evening,0.15860848909227618,0.0389,0
18b415bd-7917-4745-af8b-0a6b10833f0e,e6d6ae67-c6d0-4b03-a3d2-c00767e82e6d,2025-10-13,1219.86,fashion,0.367,COD,0,3,0.046,tier2,1,2,night,0.1683531119228636,0.6493,1
c04f01d3-dc3a-4ced-9099-0cba9093e700,b209d179-6418-4f8c-bd42-8e4f831f0776,2025-03-27,807.2,electronics,0.094,card,0,13,0.248,metro,0,3,evening,0.27580452681496,0.0595,0
d03c9029-c86a-44cf-aa4f-bf93a8b337d4,1d389e03-f41d-4493-8048-8d028a5d27f2,2025-09-16,2689.59,electronics,0.251,UPI,0,3,0.283,tier2,0,3,morning,0.3251850941589013,0.0812,0
bb921a39-fb7c-4787-b609-894f4066dea0,84e3d206-844c-45aa-8b3f-787f108268f6,2025-09-26,437.43,electronics,0.57,card,0,1,0.015,tier2,0,1,afternoon,0.19112787889257196,0.0499,0
9c372f1a-1145-48bf-983c-e2a0f08c2468,5a71659c-1263-4448-8731-60f1df983197,2025-02-28,286.31,electronics,0.505,UPI,0,16,0.477,tier2,0,3,afternoon,0.4468118022423648,0.0808,0
8fb3bd8d-1731-4b15-b285-75ccb2e9c0a2,835b4038-88dc-4965-b6b8-921d3b0ad19c,2025-02-13,3384.98,home,0.448,UPI,0,12,0.154,tier2,0,6,evening,0.18168234468688693,0.0832,0
fca83c20-3711-423e-be52-dfc9e100c950,14dacb7a-4c30-4243-939a-a0e29b7f206e,2025-06-29,655.35,fashion,0.257,card,0,2,0.267,tier3,1,4,evening,0.3923137330147234,0.1584,1
9010a3d1-a760-4a38-881e-aea178e52838,835b4038-88dc-4965-b6b8-921d3b0ad19c,2025-08-05,15565.49,home,0.499,UPI,0,13,0.294,metro,0,1,evening,0.18168234468688693,0.0062,0
222f73a2-22c4-426b-a439-f9a62defe1d0,dea29f8e-ac26-475e-a225-300fac669ed0,2025-08-22,6286.78,beauty,0.29,card,0,19,0.264,metro,0,2,evening,0.2211439005048725,0.0245,0
65141179-4cb9-4bf5-a7b8-5545acf3f6f4,5a71659c-1263-4448-8731-60f1df983197,2025-07-09,968.33,grocery,0.565,UPI,0,17,0.53,tier3,0,6,night,0.4468118022423648,0.0682,0
9774a632-2836-4d33-8509-564bf1eb86e5,08aef544-c5e9-4643-9aa9-07339815a3b1,2025-03-27,250.0,fashion,0.525,card,0,3,0.395,tier3,0,2,evening,0.3389478327833424,0.2813,0
2a1663d3-31bf-4b79-a91f-cc927c172e2d,236d11d7-cc84-47c1-9d4b-15dd6891dcbc,2025-10-19,2339.59,fashion,0.233,COD,0,13,0.173,tier2,0,6,evening,0.22121655786542901,0.2999,0
d23ad78c-0d3a-4702-a5b8-67a0312a4590,486a908c-5502-4cc0-9b75-37b03e21f6b3,2025-07-20,12317.57,fashion,0.122,UPI,0,4,0.137,tier2,1,7,afternoon,0.20531948812490197,0.0345,0
a2677142-d7de-44d6-8ab0-4b14a1d5a1af,bd73a907-2b0c-4809-a5e4-fda97fc0021c,2025-03-23,1023.22,beauty,0.09,COD,0,1,0.158,tier3,0,4,afternoon,0.060512424782000425,0.0937,0
439720e9-8dee-4f9a-a768-cc2731413527,a202a749-e45e-4d7b-b9e4-97714e27bcb1,2025-04-18,3011.75,fashion,0.17,COD,0,1,0.173,tier2,1,2,afternoon,0.1838032082155034,0.2328,0
4ec9fe0f-36b8-4fa3-8aec-674b7c7c341b,a202a749-e45e-4d7b-b9e4-97714e27bcb1,2025-09-22,2613.47,fashion,0.211,UPI,0,2,0.261,tier3,0,5,evening,0.1838032082155034,0.1291,0
55df5581-d54a-4c76-94c1-f45216f65093,e75b5a37-ac60-4066-a040-3617f0d903ea,2025-06-20,705.59,fashion,0.22,COD,0,11,0.182,tier2,1,1,morning,0.24645297721478737,0.4103,1
b1c445e4-4638-4281-b7ab-714b4530f51b,a2a6e4a7-73f0-4f60-8023-1d364c305e4d,2025-07-28,4223.01,electronics,0.175,UPI,0,9,0.301,tier3,0,4,afternoon,0.23228588338828865,0.0424,0
5c3033e2-7c61-4e5f-a1cb-0afb0aaa2acf,30888fd2-16bc-4533-a06f-0e0d4ed50f9d,2025-04-16,975.76,electronics,0.05,COD,0,7,0.319,metro,0,4,afternoon,0.22452854262691951,0.0612,0
1eb834bd-343c-4d87-b0e6-4bc29621db58,8c24e923-2dbf-4f43-b0b2-6e851d21fa34,2025-06-14,1851.63,home,0.168,COD,0,19,0.092,tier2,0,5,evening,0.10820090543681238,0.1524,0
8edfc1e9-69a3-48ca-9954-b9184005a2bf,5a633e28-f5a6-4ba7-ad44-926d3c088ff1,2025-06-09,2522.66,home,0.398,COD,0,2,0.208,metro,0,4,afternoon,0.15422316215847254,0.2294,0
ed21b808-b7aa-4fc8-9cb7-11e63547e252,d3db41bc-bf8f-46e0-94b1-984f27ff9af2,2025-02-05,1036.53,fashion,0.186,card,0,11,0.344,tier2,1,2,evening,0.33315409272597374,0.1239,1
c2ca9889-7fcb-41d6-93f0-b4c0119c45e5,912383ff-d344-436a-862e-61ab640188b1,2025-10-03,1378.86,fashion,0.313,COD,0,5,0.639,metro,1,2,morning,0.668440832463893,0.5454,0
37ce19b2-7234-4d5e-afb3-2377ec46132a,c987e835-2514-40cd-834c-f4d2261dd56b,2025-05-17,2100.82,fashion,0.068,card,0,6,0.068,metro,1,2,evening,0.06015710717930573,0.0379,1
423111af-5bc9-42f8-af4b-89932a8640c1,c04c2c09-5f42-4b59-aeb5-6d35280a5d01,2025-08-01,407.62,fashion,0.222,UPI,0,8,0.037,tier3,1,5,evening,0.06067469417646223,0.2985,1
8af71fc1-0ad6-4113-9d58-730cf16a35ef,23e32764-758e-4794-955b-dcf8340ad6bc,2025-01-07,1099.67,home,0.202,COD,0,3,0.227,tier2,0,5,evening,0.2484904830770941,0.4472,1
1b90062a-4979-4a64-84c1-f75064657082,6b914b9c-926e-4431-b82e-f178aae9d5c0,2025-08-08,250.0,fashion,0.676,card,0,6,0.321,metro,1,2,morning,0.2677657562695904,0.527,0
49a743f1-59db-49c5-b1e6-fb183cfb2463,4efa302f-3150-404a-9806-87f520177fa7,2025-04-04,1111.99,fashion,0.441,UPI,0,1,0.077,tier2,1,5,night,0.1593139112983569,0.2234,0
ac65fd65-2693-41bd-8eab-f00c906c0de6,98848c8f-53cb-4b0b-8be8-9294f7bfb808,2025-01-12,4408.98,grocery,0.272,UPI,1,0,,metro,0,6,night,0.2718983331475167,0.0583,0
caad675c-0ee0-44b9-ab3f-ba45b082b9ff,d0d8fe24-c852-4ca5-ba50-638075dc7939,2025-08-19,3302.82,fashion,0.209,UPI,0,3,0.0,tier2,1,3,evening,0.2216976101384966,0.1636,0
66cb30fa-c580-4692-8f25-c15431fc572e,236d11d7-cc84-47c1-9d4b-15dd6891dcbc,2025-03-01,776.34,fashion,0.424,COD,0,14,0.233,metro,0,3,night,0.22121655786542901,0.1881,0
8f2b1a88-d65a-4fbc-8924-4d3194499be2,19407932-d8b1-4cf9-823a-27cc0a751c71,2025-02-04,250.0,fashion,0.303,COD,0,3,0.211,metro,1,3,morning,0.24939791763606534,0.4689,1
bfda5ac3-8bd5-450f-93e4-f9159c8e49d2,76d2e938-826e-436d-8e9e-46c56a7a791e,2025-08-24,250.0,grocery,0.521,COD,0,7,0.183,tier3,0,7,evening,0.22287364608691065,0.2093,0
7275a2c9-db9d-497a-a6ea-74e9f8e9417b,c5d85ede-c256-42df-b993-35deb12a5516,2025-10-21,1493.4,electronics,0.616,netbanking,0,9,0.589,metro,0,2,afternoon,0.3517803851773976,0.1117,0
8fa2913e-929c-49fa-950b-9b3811b70965,c3f1cc06-68c1-442a-b18b-6338217bcf62,2025-09-16,2349.75,home,0.168,COD,0,11,0.119,metro,0,4,evening,0.1091421274751211,0.0786,0
e57b29d5-d908-4fcd-af89-cf2b9350d173,95812633-1bca-4485-8e82-3cf1daf05ab6,2025-07-25,3009.98,beauty,0.17,card,0,4,0.121,metro,1,6,night,0.16802115856295066,0.1074,0
23d5f446-4b52-4844-8f33-657aaa238076,2bf1c610-a75b-412d-b0ce-9dc111d20e3c,2025-04-07,3801.6,fashion,0.086,card,0,6,0.249,metro,1,1,afternoon,0.27780100478810504,0.0616,0
c7024ef3-ee84-4c5c-ab66-c5898c4be50d,d3db41bc-bf8f-46e0-94b1-984f27ff9af2,2025-01-01,3134.43,electronics,0.486,COD,0,12,0.325,tier2,0,2,night,0.33315409272597374,0.1273,0
e087386b-3eba-41f0-8001-c561fd767bff,906a171c-f8ef-4c41-9106-4dedffaed9e4,2025-05-03,547.17,electronics,0.035,card,0,6,0.001,metro,0,4,evening,0.14849469586761202,0.0281,0
275dd681-e4b9-4983-b47d-7daf83f769fc,809440e5-dc7b-48de-8000-53ac94935dec,2025-07-30,2359.25,beauty,0.311,COD,0,6,0.015,metro,0,2,morning,0.17298841463602524,0.1323,0
c04d2a35-34fd-4986-8a51-d4b99176558e,5e758f8f-c2ad-4e0c-b4fc-026916c24854,2025-09-16,6107.91,home,0.322,UPI,0,19,0.055,tier3,0,5,afternoon,0.048627470043128354,0.0356,0
2636b6d9-1e1f-48e3-af1d-9403bf83e450,b411f36e-bf74-4ba0-bff0-a67770bd35c5,2025-08-04,4333.34,fashion,0.258,netbanking,0,6,0.462,metro,1,3,afternoon,0.4451782602422671,0.2794,1
2b20eeb9-c89d-4057-a7fe-094d6cbb9251,be8e3722-c7d5-4b43-9715-82493f5ea53d,2025-06-23,314.13,beauty,0.307,COD,0,2,0.418,metro,0,3,evening,0.354621720738092,0.2688,0
adf6ebe0-add6-4b54-9a9e-27f1bc28a0c1,5c3a491b-f023-457b-9da7-95a4eedebd89,2025-05-23,250.0,electronics,0.309,UPI,0,11,0.208,metro,0,2,morning,0.12936071938754626,0.0457,0
c7631e04-1a26-40b5-9498-b47071b34b4a,07d595ee-a44c-4570-8bfa-2bff3ad2838e,2025-03-14,3707.02,fashion,0.584,COD,1,0,,tier2,1,2,morning,0.23491334035445868,0.7961,1
c6400f87-272b-4fd2-8275-aa568e530e1e,3c95a78d-0f50-490e-9311-b357bfdd355f,2025-02-14,1485.04,grocery,0.375,COD,1,0,,metro,0,4,afternoon,0.12548365143904397,0.3857,0
22f8c0a0-1b30-4b42-a54f-22f1396826ff,e13d21db-d1a8-4f0a-9fc2-ba3d05772804,2025-03-13,1491.76,home,0.152,UPI,0,6,0.143,tier3,0,7,evening,0.06565876288364696,0.0585,0
67dc3374-3329-44c9-932b-de8be75293de,f2811512-6d74-428f-81ae-77df22796b31,2025-05-10,1137.09,fashion,0.336,COD,0,13,0.26,tier3,1,6,evening,0.2916477929418046,0.6954,1
b312abe2-df2d-4d21-a6fa-a6cc77aa86c3,53b4d10e-b44e-487e-ba6b-5ab60f585f58,2025-03-29,1135.14,beauty,0.298,card,1,0,,tier2,1,1,morning,0.10843217168086294,0.2942,0
2ce36498-5f03-4dff-9787-40ab81d9cfe2,47c8a40a-5a46-43c6-9be3-3ced3fc16085,2025-08-31,429.9,electronics,0.072,COD,0,2,0.303,metro,0,1,evening,0.23564858214539242,0.0656,0
5a1c7c14-8417-4b98-8cd8-7c3722cfd68d,7a4e9ee7-df87-4f79-9ec7-3f4c1f489075,2025-03-29,3566.27,fashion,0.206,UPI,0,18,0.146,metro,1,1,evening,0.23069756686430742,0.1151,0
341994ff-c6ce-4db9-b806-2d0b258f3761,84583f8e-3a44-4e32-9350-0f96b6a5ea82,2025-07-21,1749.19,fashion,0.37,UPI,0,1,0.19,metro,1,1,afternoon,0.3031590335061441,0.2694,1
16d9b343-a111-4ae3-85ff-9ec88f9888e9,069a01df-3e36-4784-81cc-f8f82ef233fb,2025-10-19,626.26,home,0.186,UPI,1,0,,tier2,0,2,morning,0.07564649186667005,0.0943,0
39fccc16-2ae3-4670-b076-48fb42695442,f2811512-6d74-428f-81ae-77df22796b31,2025-10-08,250.0,fashion,0.091,COD,0,14,0.161,tier2,0,2,afternoon,0.2916477929418046,0.3983,0
4d4d1bb5-a397-456a-8de8-db6a27f8b107,54ae18a8-9bfb-4960-b8da-b4eb93a697a7,2025-03-17,1197.58,beauty,0.221,UPI,0,1,0.071,tier2,0,2,night,0.13672888574706193,0.0511,0
c64e0d51-5ac3-436e-984f-6a79d4d19423,06685c5f-2341-4003-97cd-809136d21d44,2025-05-25,9353.27,fashion,0.215,UPI,0,7,0.259,tier3,1,7,evening,0.391147140695262,0.0981,0
4b5d1de3-e017-4a6a-abee-cb105d9c49a8,e8236567-e21a-46bf-9ba0-de610564b03d,2025-01-26,611.46,grocery,0.198,COD,0,6,0.162,tier3,0,2,evening,0.0912579377429543,0.1308,0
2ba81841-8283-49c9-910a-f735272aab1f,6c3f0a1a-8fec-42d8-96f9-176f7e65ba57,2025-07-27,554.63,fashion,0.332,COD,0,1,0.196,tier2,1,5,morning,0.2765406569294239,0.5509,0
e1ba738e-e7bc-45a9-9244-6cd8cecd5879,cd508d92-15fe-4a35-9c1b-37a278d36ea4,2025-09-17,2772.16,fashion,0.185,COD,0,14,0.25,tier2,1,1,evening,0.2771725532528444,0.2841,1
d0160b41-5387-4784-8afa-994d8736c7f7,9d1d8bca-9218-4856-8619-cfee194da74f,2025-03-26,4298.0,fashion,0.104,UPI,0,14,0.228,tier3,1,5,afternoon,0.24874291058771908,0.07,0
49c2c443-3f76-4230-b387-4bcfb1bbf2cb,2c5ef819-911b-4ca2-bf34-ae94b16c5272,2025-08-21,1159.22,electronics,0.056,UPI,1,0,,metro,0,1,night,0.17267604750076926,0.1828,0
ffc53ff8-bf08-4875-bf50-de916e2c11b3,cda74f38-f117-46e6-86c1-27f5329aede0,2025-07-22,879.47,beauty,0.479,card,0,2,0.543,metro,0,4,night,0.5362129046914219,0.1893,0
f5449b63-f734-4512-82e2-0dce01fa0b78,1e875744-08ed-4a3f-8cdb-457e2c478f1b,2025-04-19,629.52,fashion,0.297,COD,0,2,0.085,tier2,1,1,night,0.11390723161822383,0.7042,1
4ff7f16b-2cea-4742-b3e8-fbe5c642cc90,93e4f60d-9a3b-4673-814d-a1c4b7fe7865,2025-04-18,879.87,fashion,0.739,card,0,6,0.568,tier3,1,7,night,0.46001324343588723,0.6006,1
4eb747fb-21a9-42de-bc4e-03acc61e7356,3a457f70-d47f-43a5-88c5-b74c7d8ab2dc,2025-03-14,2154.31,fashion,0.172,UPI,0,2,0.393,tier3,1,5,morning,0.3408921063238981,0.2897,1
dd8d8d60-20d7-4362-8c35-5990a78d5861,8d879d73-1aec-41e5-95f5-f7034d86ff07,2025-05-11,1329.25,fashion,0.508,UPI,0,1,0.0,metro,1,6,evening,0.049577018851452645,0.1343,0
5fdba0d5-49ce-467d-b92b-37b7ebe58628,938245c2-8647-4454-aa1b-998878f08b78,2025-06-22,1893.99,home,0.144,card,0,12,0.115,metro,0,7,evening,0.29048499029100583,0.0294,0
206f72e5-197a-4516-b5e0-2a198baaf8c3,4d47ad50-ed68-4545-af4f-485a9b29b711,2025-04-20,10836.46,electronics,0.173,UPI,0,12,0.224,tier3,0,8,night,0.21989011196511407,0.0142,0
6435ccb0-ea54-4ce2-80cf-a2529759de16,2286f067-3fb8-4d9d-8502-469f39a46441,2025-01-05,1197.41,fashion,0.021,COD,0,9,0.287,tier3,1,4,afternoon,0.2798863894924076,0.6695,0
1047c2df-78fa-49e3-b6b3-c05c7e0303d5,a2a6e4a7-73f0-4f60-8023-1d364c305e4d,2025-01-15,560.07,fashion,0.192,UPI,0,10,0.236,tier2,0,1,morning,0.23228588338828865,0.1371,0
5405e74b-1dfc-4a14-be41-e9b05029f6ce,8c644659-9832-432b-b635-3578f419696a,2025-05-17,1922.84,grocery,0.384,UPI,0,3,0.204,metro,0,3,evening,0.18587087319682674,0.0497,0
be8167b2-982b-4e0d-9403-05dfe30f7de5,9fb6398e-0d03-4ef7-b82b-f7d4b5edc8a2,2025-01-16,3198.96,electronics,0.238,card,0,3,0.217,tier3,0,6,afternoon,0.2145242588320448,0.1809,0
fb4d8897-f5ad-42b0-84e8-f4a1bb2d050e,a202a749-e45e-4d7b-b9e4-97714e27bcb1,2025-03-14,3416.45,beauty,0.282,card,0,3,0.158,metro,1,1,afternoon,0.1838032082155034,0.1543,0
556ef0ee-b259-48d7-a0c8-6d189d392ce3,44408e56-9a11-44d5-8a79-5e1ddafd28e1,2025-10-19,447.13,fashion,0.163,card,0,13,0.104,tier2,1,7,night,0.24706696213115537,0.3467,0
28fd2f7e-1489-47f0-a8a7-fcec3aa28ced,a2a6e4a7-73f0-4f60-8023-1d364c305e4d,2025-03-24,4173.77,beauty,0.451,COD,0,11,0.401,tier2,0,4,evening,0.23228588338828865,0.2568,0
ca7831c1-2426-4ca4-b245-ad3327cf27ee,b0694581-e5bf-4757-913a-46834d324ff0,2025-07-27,4113.15,fashion,0.263,COD,0,9,0.228,metro,1,5,morning,0.2365731909103324,0.5188,1
5a118c62-921b-4412-973c-4c4c93e8fe73,ba9504c7-b413-4ee9-861d-702ad1482abd,2025-05-04,2158.0,fashion,0.52,UPI,0,5,0.215,metro,1,3,evening,0.21485681318313843,0.2796,0
cc145528-4c1e-4cf3-8b81-362f1051e891,e95af2c5-ffae-427d-a151-10aa5d3eac5d,2025-08-31,2050.87,beauty,0.67,COD,0,2,0.147,metro,1,3,night,0.20300873036155653,0.6011,1
cef91b8e-d927-41a4-bd6b-ef523cbd34dd,ac8ee436-067a-4aac-8496-8e40cfb19bfd,2025-10-12,10742.85,electronics,0.75,netbanking,0,15,0.152,tier2,0,1,afternoon,0.2595265118239566,0.0242,0
65b00a3a-2c8a-4b9e-b00f-44d2583ab1fd,b03cb31b-e35c-455f-b819-43d10b10f4de,2025-01-13,560.55,beauty,0.132,COD,0,2,0.188,tier2,0,4,afternoon,0.18263332309352803,0.2578,0
6d915f9b-d227-4002-89c1-983c3ce2e5dc,5a71659c-1263-4448-8731-60f1df983197,2025-04-08,523.79,beauty,0.242,COD,0,18,0.432,tier2,0,6,morning,0.4468118022423648,0.4343,1
b934eb91-9940-4156-b3ad-e8797c9ee521,4e40c152-4279-4fbe-8a2f-a127f5613ef3,2025-07-20,2548.0,home,0.171,netbanking,0,16,0.111,metro,0,2,evening,0.08097222048102413,0.028,0
d5e5d96b-a640-4d3f-bca2-11af5327ee23,5c3a491b-f023-457b-9da7-95a4eedebd89,2025-07-14,3133.35,fashion,0.393,COD,0,12,0.222,metro,1,1,evening,0.12936071938754626,0.2111,1
f57314cd-447c-4ae3-9c3c-1282bb8cce15,95812633-1bca-4485-8e82-3cf1daf05ab6,2025-09-15,3634.99,fashion,0.409,UPI,0,5,0.177,metro,1,3,afternoon,0.16802115856295066,0.1876,0
c929ec22-878c-4217-a5b0-2c5e7131cbae,b411f36e-bf74-4ba0-bff0-a67770bd35c5,2025-05-25,1827.07,fashion,0.564,UPI,0,7,0.461,metro,1,4,evening,0.4451782602422671,0.4186,0
24bb13ce-d26d-42df-9c38-7b96c4556d2a,e8236567-e21a-46bf-9ba0-de610564b03d,2025-07-18,489.97,fashion,0.28,netbanking,0,7,0.148,tier3,1,7,night,0.0912579377429543,0.1987,0
4db9b567-d583-4176-ac12-1f0c5d5c0675,d2e06185-41b3-4488-a0c7-7165ae31370e,2025-06-05,1598.39,grocery,0.668,UPI,0,8,0.456,tier2,0,2,night,0.4955830568370258,0.0935,0
90e4043c-5871-4620-9dc7-d645900c2be9,694022be-f45b-4b98-8a1e-01682ff6e821,2025-10-07,1330.31,home,0.206,UPI,0,2,0.139,metro,0,5,afternoon,0.09634270484326586,0.0529,0
cc6111d4-25c4-404b-84ff-d947c6f49078,2b0aed48-0816-4dd9-b18b-7acd4c255c96,2025-07-27,8749.07,electronics,0.464,UPI,0,6,0.16,tier3,0,7,afternoon,0.19975800750299405,0.0711,0
87a9b1b9-c856-4134-9842-1dc865fe7cdd,58eb14ed-023a-4334-8bbc-19b18b208832,2025-02-12,1851.41,fashion,0.052,COD,1,0,,tier2,1,2,evening,0.5069067023823574,0.6495,1
86f86987-d092-4c5e-8e6e-0ee554741828,3678c134-a42b-4685-ad15-81b9e73e73aa,2025-03-03,250.0,electronics,0.215,COD,0,7,0.104,metro,0,4,evening,0.1373435706874969,0.1561,0
e994c3b4-c967-4fd4-b468-8c2b32c704a5,6bfa235b-d4d0-446f-85d2-e8dc00a3d98f,2025-07-09,579.12,fashion,0.381,COD,0,7,0.584,tier3,1,3,afternoon,0.6039320915435429,0.7128,0
eaf7ae62-e068-47e5-bd00-dd912830b2b9,49906f06-7aa4-4267-a704-c6b97c5260ba,2025-01-04,12411.85,home,0.413,UPI,0,1,0.428,tier2,0,1,morning,0.35048631763167787,0.021,0
0487a2a6-30d1-44cc-a0b8-4ecb32eace66,2302316f-5078-43eb-8c52-2fc10011451b,2025-04-17,11414.88,home,0.154,COD,0,3,0.237,tier2,0,2,evening,0.26860084009967505,0.0376,0
c71e7df3-6dc3-4da5-8452-e46c5bffb638,10546d08-1053-4bf0-976f-4c40b2dcb1c8,2025-01-29,2755.63,fashion,0.204,UPI,0,6,0.054,metro,1,3,afternoon,0.021184252375003435,0.0832,0
33cacd57-dcca-41f5-bf91-9f19b8e8f4c9,48b73317-327f-4f67-934a-b6dd2d521db4,2025-08-10,328.51,beauty,0.248,netbanking,0,7,0.225,metro,0,1,afternoon,0.24989906497225137,0.0697,0
1a4894a4-e728-4cb4-be48-054c7939e2a2,0b6f3e2b-84fe-456b-ad93-ffcb76fb728f,2025-08-11,6339.03,fashion,0.099,COD,0,17,0.174,tier2,1,3,evening,0.19762424986659227,0.2686,0
78341cd6-f19e-4c36-8443-be58c843b8ee,af83d87a-0ad5-4481-96d3-93e58e1d8963,2025-04-18,414.63,fashion,0.323,netbanking,1,0,,metro,0,3,night,0.23300559791872896,0.3373,0
47b67d68-b6b4-4408-b31f-07f0bac1981e,3396f583-20d7-4d8a-83aa-dff5b5ea02d4,2025-08-25,250.0,beauty,0.137,COD,0,4,0.051,tier2,0,8,afternoon,0.032458508417533755,0.249,1
38816d49-8e4b-4c4c-9042-22b593c97fc2,c86a75f4-eea7-4fce-b017-88f6e68c8ccf,2025-06-01,866.2,home,0.553,COD,0,4,0.288,metro,0,1,night,0.32801543383093573,0.3158,1
9bac4506-b5a4-42c7-bbc1-7307add08b3f,c5d85ede-c256-42df-b993-35deb12a5516,2025-06-01,7611.33,fashion,0.067,UPI,0,10,0.333,tier2,0,1,evening,0.3517803851773976,0.0923,0
8a086501-0c6c-4c70-bf76-39e4954e986d,4ed8649d-1f98-49ba-9ac7-95ad3fde0f37,2025-10-12,852.1,fashion,0.265,UPI,0,2,0.274,metro,1,2,evening,0.36581399891508337,0.3808,1
bc32816b-6bdd-4bfa-8a34-d12fc062fa06,f08d853b-6894-4bb3-971c-4183b39fae0e,2025-01-17,3079.2,electronics,0.234,UPI,0,6,0.352,tier2,0,3,morning,0.2486017792851423,0.0507,0
2597323a-ff28-4a96-9e69-8f803d11fc80,d36a7387-21ab-43e5-bcb9-dcddf807849d,2025-05-22,3019.08,home,0.24,COD,0,6,0.214,tier2,0,6,night,0.30018529874356914,0.3721,1
d3720961-8c56-4ef9-a3a5-abe523969723,2286f067-3fb8-4d9d-8502-469f39a46441,2025-06-21,2328.23,beauty,0.573,UPI,0,10,0.215,metro,0,1,evening,0.2798863894924076,0.2126,0
b1535d37-a119-4e74-ba47-b2aad916f0de,5e758f8f-c2ad-4e0c-b4fc-026916c24854,2025-04-20,1226.13,fashion,0.433,UPI,0,20,0.129,tier2,1,4,night,0.048627470043128354,0.2528,0
79d4ed97-aa8a-4c43-966b-d04abe3ae3b8,aea406eb-bc1a-4601-b2b0-92e65ab755cd,2025-02-06,250.0,electronics,0.09,netbanking,1,0,,metro,0,2,night,0.5424554488796087,0.0752,0
c40416bc-5801-49ee-a49b-718012f136cc,3c0df3e1-c239-441b-b4dd-153f99532574,2025-09-08,363.78,beauty,0.269,COD,0,5,0.748,tier2,0,3,night,0.5866676553486984,0.3816,0
5180c1b5-1688-45b0-8daf-9b07081237ae,002f6f59-2b6f-4dbc-9ecc-d120b6566c6c,2025-09-15,766.16,fashion,0.37,COD,1,0,,metro,1,4,evening,0.5259008100699633,0.7365,1
6ae44dcd-599d-4d69-a926-08bc41820adc,a59c702d-fd94-4d73-b8a6-f59316b5b63c,2025-01-13,1372.8,beauty,0.214,COD,0,2,0.17,metro,0,2,night,0.2334842811017492,0.1379,0
670fd75f-b201-46e1-a51c-403c896c643c,1e875744-08ed-4a3f-8cdb-457e2c478f1b,2025-03-23,1496.6,beauty,0.289,UPI,0,3,0.097,tier3,0,3,morning,0.11390723161822383,0.0487,0
af80a008-7021-46c8-b951-b3a5a16346a8,3acfe917-5eda-40b5-8596-6954ab6007a4,2025-08-21,3326.45,electronics,0.225,card,0,1,0.235,tier3,0,5,afternoon,0.20370978877684995,0.0248,0
9d8b3fba-9044-4fab-a9d3-96588bf30aa5,f4f65833-e9e9-40f8-a25b-d72cb6b53f4b,2025-08-14,926.5,fashion,0.336,COD,0,2,0.244,metro,0,2,evening,0.13254072284680365,0.2372,0
49e288e3-c527-4e45-b2a6-80b4172ba462,9fb6398e-0d03-4ef7-b82b-f7d4b5edc8a2,2025-08-17,455.21,home,0.224,card,0,4,0.095,metro,0,2,afternoon,0.2145242588320448,0.0374,0
92e13c88-29ad-4373-b4ed-aeed8709325b,39e67ff8-0ce4-494c-8717-1d4f63efa14d,2025-07-05,1371.88,fashion,0.35,UPI,0,2,0.078,metro,1,3,afternoon,0.07293918209014336,0.0608,0
dc7630a7-c134-4dd1-a70e-6bb03f57b743,e75b5a37-ac60-4066-a040-3617f0d903ea,2025-10-16,2485.69,fashion,0.568,COD,0,12,0.227,tier2,1,4,evening,0.24645297721478737,0.67,1
ddb32d3e-c354-4103-adfd-bdb08ca9a0c6,803488e3-f195-4510-8729-476cfdddc9b9,2025-08-21,1609.85,fashion,0.358,card,0,3,0.393,metro,1,7,morning,0.44640490282899387,0.4739,1
1c4a3175-a078-4ea6-b0d5-aaac0460f5a2,ed0d4cec-07d4-440d-a77d-2f0af2663244,2025-03-27,451.33,grocery,0.557,netbanking,0,3,0.674,tier2,0,4,evening,0.6645072620284929,0.1593,0
ec16545f-dd54-4cc9-b11f-c2f0e4d719a6,656d807b-3ef4-48cc-9899-631836666484,2025-01-09,725.7,grocery,0.468,UPI,1,0,,tier2,0,4,morning,0.1709351531350458,0.0329,0
1810bb2f-0c26-4915-914d-b51c29d08be9,eb07b44d-b3fe-4da4-86bc-808ae9a3182b,2025-10-09,250.0,fashion,0.312,UPI,0,3,0.728,tier2,1,1,afternoon,0.6823689291324807,0.4339,0
d902f1eb-743c-427b-8759-ba6615e9b0e3,359835d2-74a6-4ae7-bdf8-2bdc4ed675dd,2025-07-18,1051.8,fashion,0.167,UPI,0,4,0.21,metro,1,3,evening,0.05662677973259444,0.1904,1
a6a29301-3ae2-482d-93f6-873970015c68,2bb85dc3-de8b-437b-aa19-641e451bf309,2025-06-27,10246.8,electronics,0.284,UPI,0,1,0.252,metro,0,6,morning,0.21474519574388043,0.0352,0
35c3bc49-65ec-4002-94d4-34283570bde9,4cd14e7d-39b8-4f81-a0df-c5d6d5a1e463,2025-01-30,1249.74,electronics,0.467,UPI,0,3,0.013,metro,0,4,morning,0.152939181594962,0.1528,0
12647449-996e-4b5d-b19a-338527ca157c,80f51681-2009-48ac-926e-7b7901f96486,2025-03-13,854.77,electronics,0.504,card,0,5,0.0,tier2,0,1,night,0.025007063694987345,0.0592,0
aa0d243f-5fd5-4286-833e-e7819bb28aae,d9880fdd-7299-4313-8d0b-42329dd516aa,2025-02-21,305.61,grocery,0.135,UPI,1,0,,tier2,0,2,afternoon,0.08737050463352446,0.0689,1
b19c420b-d029-47ca-9642-4c2afd047d37,328a3f2e-4f4c-43bf-9e08-f4acd5615061,2025-01-30,250.0,grocery,0.209,COD,0,2,0.212,metro,0,2,evening,0.12950940053657903,0.0918,0
b293c21e-3bbe-4e99-aff6-665b8983f1f4,9e5d4987-8d7d-4c47-8cdd-0d477afd0d41,2025-09-24,2229.74,fashion,0.138,COD,0,5,0.137,metro,1,1,morning,0.09221080951028436,0.2179,0
9807992a-9ea3-4197-8436-04e3ba00ce7e,c5d85ede-c256-42df-b993-35deb12a5516,2025-05-14,1892.62,fashion,0.192,netbanking,0,11,0.328,tier2,1,4,evening,0.3517803851773976,0.1468,0
6d90199b-fcfa-435d-8c8d-0602c53fe319,6b914b9c-926e-4431-b82e-f178aae9d5c0,2025-10-02,872.61,electronics,0.297,COD,0,7,0.247,metro,0,3,afternoon,0.2677657562695904,0.2186,0
810c9de3-942c-4108-a9e3-4e29a904a1fb,830587ef-e382-4480-9a46-f2fb1f6d1a0b,2025-01-07,250.0,grocery,0.125,UPI,0,9,0.291,metro,0,6,evening,0.29038571770418864,0.05,0
9bbd63c8-5199-473d-8f16-f7bdc196f7e6,ccb655d6-cf38-407a-8bc7-0e7e075b7b40,2025-02-26,1411.11,beauty,0.081,COD,0,2,0.264,metro,0,2,evening,0.24986565117884016,0.1321,0
ecf72b14-ed71-490a-bd06-299228866b45,7e3187ea-5ab7-4cd8-84fa-6ff053c09d04,2025-08-09,845.17,fashion,0.062,COD,0,3,0.196,metro,1,5,evening,0.21026090580847182,0.1598,0
ee9a2cac-cd5c-41a0-9577-b58e7e2e33a1,5a71659c-1263-4448-8731-60f1df983197,2025-04-30,449.43,grocery,0.14,netbanking,0,19,0.538,tier3,0,3,afternoon,0.4468118022423648,0.0157,0
3b42241b-30e0-4f39-91da-7151e7c20a54,d3db41bc-bf8f-46e0-94b1-984f27ff9af2,2025-01-27,1261.69,electronics,0.508,UPI,0,13,0.377,metro,0,5,evening,0.33315409272597374,0.0812,0
6b7f130e-4b9f-4b84-84a1-42704e994388,2286f067-3fb8-4d9d-8502-469f39a46441,2025-09-15,2854.99,electronics,0.121,card,0,11,0.206,tier2,0,2,afternoon,0.2798863894924076,0.0326,0
95e1a4bf-7f8d-4ccf-ba6f-74016e04ea00,d36a7387-21ab-43e5-bcb9-dcddf807849d,2025-08-06,250.0,beauty,0.121,UPI,0,7,0.306,metro,0,1,afternoon,0.30018529874356914,0.064,1
ff37039d-0b96-4f77-93e5-1cc868cf6dff,6c3f0a1a-8fec-42d8-96f9-176f7e65ba57,2025-10-15,2214.24,fashion,0.11,COD,0,2,0.074,metro,1,4,evening,0.2765406569294239,0.3955,0
9a59b119-81ff-4b15-a3ed-f98ff3b0f312,c5d85ede-c256-42df-b993-35deb12a5516,2025-10-10,605.24,fashion,0.566,COD,0,12,0.406,metro,0,6,morning,0.3517803851773976,0.574,0
ce3ffb97-8a2e-47ec-b52e-b86156a1921d,67939c94-864b-476c-adbc-b69702fdd112,2025-02-27,1873.09,fashion,0.362,card,0,6,0.283,metro,1,6,morning,0.3325622338548419,0.1048,0
3884309b-a0a2-4f89-8e29-795a71e5cc92,584ba5bc-dd82-4ec0-8a02-0c78788b93d7,2025-07-08,3107.54,grocery,0.22,card,1,0,,tier2,0,4,evening,0.36385813299321307,0.164,0
913b1db9-fb11-4f0b-b840-c06637521726,7df49286-f10b-4148-a2d3-fc893ae7ac45,2025-10-19,737.61,grocery,0.387,COD,1,0,,tier2,0,4,evening,0.20978013032524798,0.0657,0
43f24876-eeed-43e1-b65e-d3d4eee10e0f,b5363dc8-2a80-4394-8468-4ca1bc562c90,2025-01-28,2182.79,fashion,0.258,UPI,0,1,0.142,metro,1,3,night,0.2828521239790615,0.116,0
500169fd-3106-426e-9900-028f0af6d855,5a71659c-1263-4448-8731-60f1df983197,2025-09-23,314.99,fashion,0.307,UPI,0,20,0.477,tier3,0,4,evening,0.4468118022423648,0.1526,0
c13099d8-b3e5-474a-9f4c-e254de97dbeb,a2a6e4a7-73f0-4f60-8023-1d364c305e4d,2025-03-15,387.67,fashion,0.649,COD,0,12,0.336,metro,0,5,night,0.23228588338828865,0.5477,0
0480bdf4-785e-4d72-b279-01848e474936,9fb6398e-0d03-4ef7-b82b-f7d4b5edc8a2,2025-09-09,547.49,electronics,0.294,COD,0,5,0.258,metro,0,4,night,0.2145242588320448,0.0728,0
c4781872-0bfe-41cc-9c14-81b1f77fa253,b03cb31b-e35c-455f-b819-43d10b10f4de,2025-01-26,1200.67,electronics,0.201,UPI,0,3,0.183,tier3,0,3,evening,0.18263332309352803,0.079,0
d9045996-7099-4d03-8ad2-fe5b67709086,938245c2-8647-4454-aa1b-998878f08b78,2025-06-02,1775.18,grocery,0.581,UPI,0,13,0.327,tier2,0,5,evening,0.29048499029100583,0.0473,0
8e21fd4a-efd3-4af7-83e2-647bae850ce9,4c4f2800-1fc4-4701-bb18-1c82517eb39d,2025-02-02,694.73,home,0.527,COD,0,4,0.139,metro,0,1,evening,0.12149518069965874,0.3005,0
965d8552-727f-4b54-9e60-9b79b8da40be,63d8dd12-39d4-4e1e-bdd7-72b1c1a0b1c0,2025-02-13,17306.23,home,0.143,UPI,0,9,0.134,metro,0,5,evening,0.22490754943212576,0.0009,0
55477dd3-84ef-4b8f-bb4d-fbc385af9208,d5ed1c34-161c-414d-b34b-6029b6051817,2025-07-31,289.4,grocery,0.275,UPI,0,4,0.334,metro,0,3,evening,0.21478291236143027,0.0296,0
b81a1a9d-ccbf-4baa-a368-7e4c5284c811,445901bf-0ebc-40a0-8471-e8dbff607138,2025-10-21,1422.9,fashion,0.334,COD,1,0,,tier2,0,1,afternoon,0.3522819979765525,0.6557,0
cf17360b-678b-4f44-a9f8-f63aee5bb501,e75b5a37-ac60-4066-a040-3617f0d903ea,2025-06-09,6624.11,fashion,0.1,card,0,13,0.179,metro,1,1,evening,0.24645297721478737,0.0354,0
90e7b7b0-6f0c-4196-b0ad-3c81e86dc71d,4cd14e7d-39b8-4f81-a0df-c5d6d5a1e463,2025-02-06,2286.77,grocery,0.38,COD,0,4,0.16,tier3,0,7,morning,0.152939181594962,0.1477,0
650973f5-9f29-4371-975f-78a995a17229,a202a749-e45e-4d7b-b9e4-97714e27bcb1,2025-09-24,2126.22,grocery,0.165,COD,0,4,0.101,metro,0,1,evening,0.1838032082155034,0.0523,1
b2ba593d-9d29-4bac-8cac-ddd853b19dbc,ccb655d6-cf38-407a-8bc7-0e7e075b7b40,2025-09-22,734.52,fashion,0.328,COD,0,3,0.237,tier3,0,6,afternoon,0.24986565117884016,0.4998,0
a95f00e8-4611-4110-a044-3a096c326e97,c5d85ede-c256-42df-b993-35deb12a5516,2025-04-14,1143.91,electronics,0.446,card,0,13,0.42,metro,0,2,evening,0.3517803851773976,0.0674,0
f428ff86-24ce-4cd3-b713-ffe964e72c07,84583f8e-3a44-4e32-9350-0f96b6a5ea82,2025-02-08,1748.2,electronics,0.532,card,0,2,0.272,metro,0,6,afternoon,0.3031590335061441,0.1387,0
3f7ff975-652a-420e-87cf-88d5cfee91aa,68d271d2-8307-4663-83d1-e915ae715123,2025-08-06,867.81,fashion,0.325,COD,0,3,0.388,metro,1,4,morning,0.2881986119409372,0.5618,0
cb3d8353-354c-4e75-aba7-463c85cdc07c,06685c5f-2341-4003-97cd-809136d21d44,2025-10-07,3578.34,fashion,0.517,COD,0,8,0.466,metro,1,3,afternoon,0.391147140695262,0.5755,0
7bfa8ad4-7229-46af-a93c-1a357de5bc9d,5a71659c-1263-4448-8731-60f1df983197,2025-06-11,543.82,fashion,0.311,card,0,21,0.628,tier2,1,1,evening,0.4468118022423648,0.3116,0
dd38e4e9-8aa4-48f3-a0ff-acf499081e4c,9367bd08-231f-4959-95da-cf979f7ee187,2025-07-28,590.86,beauty,0.529,card,0,3,0.366,tier3,0,4,afternoon,0.3052133289526958,0.1232,1
7e53c8d9-0d7f-4f30-a482-7b1585c698a9,f04ea3ca-68ee-4efe-a612-fe50610fd2dd,2025-04-20,250.0,fashion,0.18,UPI,0,11,0.312,metro,1,5,evening,0.2242312963277271,0.255,0
adf454bb-bef1-4472-9415-45513a2c5643,9d1d8bca-9218-4856-8619-cfee194da74f,2025-05-04,2294.83,fashion,0.181,COD,0,15,0.292,tier2,1,5,evening,0.24874291058771908,0.3095,0
b108100b-a6d1-4891-8f54-a75638fad4cd,f08d853b-6894-4bb3-971c-4183b39fae0e,2025-08-31,544.99,home,0.304,COD,0,7,0.44,metro,0,4,afternoon,0.2486017792851423,0.4167,0
755199e8-5a1f-44ee-bfd7-edae151e8ba6,36f429a5-f9cd-4178-8452-85593f1caac7,2025-06-04,561.93,fashion,0.348,COD,0,3,0.0,metro,1,1,afternoon,0.07704457522442643,0.6769,0
25d16f8d-dfca-4f4b-90e8-93f0d06f3f5b,2302316f-5078-43eb-8c52-2fc10011451b,2025-03-30,4538.58,fashion,0.389,UPI,0,4,0.119,metro,1,2,afternoon,0.26860084009967505,0.0927,1
7a2a9ff6-4b06-43cd-8459-f9e2100dfe98,ccb655d6-cf38-407a-8bc7-0e7e075b7b40,2025-08-19,1787.71,fashion,0.165,card,0,4,0.343,tier2,1,2,evening,0.24986565117884016,0.1349,0
04ee3b8a-4cc4-457b-babf-34775de06fb6,830587ef-e382-4480-9a46-f2fb1f6d1a0b,2025-06-20,2387.21,fashion,0.123,card,0,10,0.257,tier2,1,2,morning,0.29038571770418864,0.2049,0
67229acc-dafe-42a3-b706-f839abf31938,2a56f047-dcfb-47fe-b09d-c3fc8366e398,2025-08-10,620.92,grocery,0.268,UPI,0,2,0.348,tier2,0,4,morning,0.3758845675178493,0.0497,0
7cbffbee-bc05-4028-9608-7e00fad01e4f,31a583d0-4fa7-49b3-9881-d237a7af9e9c,2025-10-21,377.28,electronics,0.411,COD,0,1,0.256,metro,0,4,morning,0.11173338786746698,0.1665,0
38961541-938b-4399-b6a5-14206070ed41,b409e3d7-b9a4-422f-952f-eaf1d5521144,2025-04-06,1131.19,beauty,0.392,COD,0,10,0.304,metro,0,1,evening,0.3974441051585353,0.3344,0
648ab04a-f42f-4ee0-9fe5-c2ffd9d8bd94,d36a7387-21ab-43e5-bcb9-dcddf807849d,2025-01-04,1082.88,electronics,0.1,UPI,0,8,0.301,tier3,0,6,night,0.30018529874356914,0.111,0
3111f92a-6428-4cbb-b1c5-b493c9cefd58,d9358869-66e4-4ee6-bb2e-f9062117fa78,2025-02-17,3229.54,beauty,0.507,UPI,0,8,0.162,metro,0,3,afternoon,0.2042925306906814,0.048,0
d1a5e235-a442-47d2-9337-d3f91bfcc5f7,c3f1cc06-68c1-442a-b18b-6338217bcf62,2025-08-27,1136.15,electronics,0.314,COD,0,12,0.113,metro,0,1,afternoon,0.1091421274751211,0.0704,0
10e9ce58-e372-41e7-ab78-5bb3fbffcf9e,7f51804d-0307-4367-8d0c-719db1094ae8,2025-07-22,2158.48,grocery,0.423,UPI,0,3,0.217,metro,0,1,afternoon,0.21082490652703922,0.0094,0
f89274a6-0696-4e19-8544-6831ea722ff4,be8e3722-c7d5-4b43-9715-82493f5ea53d,2025-08-14,250.0,electronics,0.176,COD,0,3,0.38,tier3,0,5,evening,0.354621720738092,0.089,1
0a363172-3434-4309-a36b-34c4dd73848c,1e875744-08ed-4a3f-8cdb-457e2c478f1b,2025-08-04,3069.91,fashion,0.173,netbanking,0,4,0.011,metro,1,1,morning,0.11390723161822383,0.0566,0
d56e4db0-8206-4b2c-a33b-419fa345467d,10546d08-1053-4bf0-976f-4c40b2dcb1c8,2025-09-03,348.99,fashion,0.161,COD,0,7,0.005,tier2,1,3,morning,0.021184252375003435,0.3079,0
dbbc3e1b-73aa-4ec6-94a9-b6f9222f4329,40842a00-ef3b-4689-9811-b9d52c77638b,2025-05-10,1260.54,fashion,0.253,UPI,0,1,0.236,tier2,1,2,evening,0.15250618963621082,0.3028,1
9926a4ae-668a-4a98-8424-7649ea0988e6,adad285c-dcfb-40e6-a362-2c3954e9b92d,2025-03-15,554.48,fashion,0.06,UPI,0,1,0.65,tier2,1,3,evening,0.6171434097870331,0.3973,0
56aaf29c-d447-43a9-ae12-9205ae6d1cf2,cce5c7f6-4ae5-4d71-8510-ce1baced4c0a,2025-03-22,3166.15,beauty,0.083,UPI,1,0,,metro,0,1,evening,0.40080141861945334,0.132,0
322cea74-bdde-4072-9974-d67e50f1f32a,d3db41bc-bf8f-46e0-94b1-984f27ff9af2,2025-04-16,1668.53,fashion,0.434,COD,0,14,0.28,metro,1,2,evening,0.33315409272597374,0.4699,1
0e7ff42d-3f10-431e-a4eb-82ed1cc6ebb1,cba0fbf1-c8e0-4aa6-8a6b-48f3baba929d,2025-01-01,4565.22,home,0.014,COD,0,8,0.304,tier2,0,4,afternoon,0.3706024922013499,0.2882,0
95f25a39-00d1-43e3-80b1-ec086ce32f03,67939c94-864b-476c-adbc-b69702fdd112,2025-01-12,748.08,home,0.249,UPI,0,7,0.212,tier3,0,9,afternoon,0.3325622338548419,0.063,0
4301cc55-e0cb-4665-b49b-09eb7776a29d,c901a58c-6ac4-4a3a-a5d1-4198a13622e7,2025-07-01,4471.69,electronics,0.295,COD,0,6,0.196,metro,0,8,afternoon,0.15906278458837203,0.0894,0
58d9746c-f780-4ec6-880b-7976f5de5594,68262a6a-6ac1-42fe-98a7-276d26ecc4bd,2025-09-04,10312.48,fashion,0.601,COD,0,1,0.42,metro,1,6,morning,0.43588893355319247,0.4343,1
fe9dcceb-f2e0-44ee-8b41-c3b0780daef0,cba0fbf1-c8e0-4aa6-8a6b-48f3baba929d,2025-07-08,250.0,grocery,0.333,UPI,0,9,0.419,tier2,0,1,morning,0.3706024922013499,0.0287,0
4eb4237e-9a87-4889-9c6b-76728d7edd0f,8c644659-9832-432b-b635-3578f419696a,2025-03-21,250.0,grocery,0.243,COD,0,4,0.149,tier3,0,6,afternoon,0.18587087319682674,0.1133,0
f135bcf4-013a-49f0-aaea-aa9ad1f7f000,c987e835-2514-40cd-834c-f4d2261dd56b,2025-03-13,395.43,fashion,0.086,UPI,0,7,0.0,metro,1,2,evening,0.06015710717930573,0.052,0
aec6e58d-5ea3-4101-8707-a7cb6f39ce84,adb45e54-c9f3-4b21-b54b-39616818eb97,2025-08-18,4873.63,electronics,0.144,COD,0,1,0.405,tier2,0,5,morning,0.4600954461872477,0.0844,0
6e60210a-dae4-4a71-8285-ba004c2f0872,9a93ae46-0d1a-4537-a767-159ea6656f6d,2025-05-19,739.24,fashion,0.283,UPI,0,1,0.204,metro,1,4,afternoon,0.10784218495956682,0.3635,0
5bd9c2c4-fefe-4496-81d1-c365a1e45eba,63d8dd12-39d4-4e1e-bdd7-72b1c1a0b1c0,2025-06-29,566.83,fashion,0.393,card,0,10,0.209,metro,1,4,evening,0.22490754943212576,0.2581,0
94312955-a47c-417f-b8f1-cf44ca0468e7,dea29f8e-ac26-475e-a225-300fac669ed0,2025-04-21,549.92,fashion,0.084,UPI,0,20,0.379,tier2,1,1,afternoon,0.2211439005048725,0.4669,0
aab3b179-2289-4c01-89b0-78b4defb721e,bd3a6289-ca9f-4419-850e-e8e8edf0e3fe,2025-01-13,1815.93,fashion,0.476,COD,0,1,0.496,tier2,1,1,evening,0.5280280326519072,0.8149,1
de4ce27c-fa86-4676-90e7-5dccc9f8a2c1,c987e835-2514-40cd-834c-f4d2261dd56b,2025-01-15,1637.09,fashion,0.246,netbanking,0,8,0.141,metro,1,1,afternoon,0.06015710717930573,0.0667,0
ce664976-4158-458a-a01d-f5febb762e04,cd8465b3-5dc0-4918-a21f-702a430fdf4a,2025-06-03,1954.12,electronics,0.543,netbanking,0,4,0.114,tier3,0,6,afternoon,0.07981520295766234,0.0531,0
4ca7ee0c-86ab-4525-a11a-5e788a9ff579,d0d8fe24-c852-4ca5-ba50-638075dc7939,2025-08-19,870.41,home,0.305,UPI,0,4,0.27,tier3,0,3,evening,0.2216976101384966,0.2104,1
5d6d2614-171f-4c0d-8211-f59d779cfed6,b23dbe0c-d303-4353-b36f-ff05fe62747d,2025-03-21,2706.89,fashion,0.187,card,0,1,0.049,tier2,1,2,night,0.024014279411654592,0.1176,0
d8f42136-4e53-43aa-a95e-65b438495ce2,fb1954cc-c93f-44b4-9155-10ddd8571b6d,2025-09-27,1549.31,fashion,0.212,UPI,0,3,0.191,metro,1,3,morning,0.23865381601921165,0.0736,1
6aac2f2a-3d7e-43f0-b23e-79d523fd3738,9e244b29-e59a-4151-9944-d0558be18f54,2025-05-17,945.87,home,0.009,card,0,6,0.413,metro,0,4,morning,0.3174880999559512,0.0894,0
8feaea8c-7bd8-44b5-856e-7d09afd4ef7c,49a190f2-c9c8-441e-b450-f1343adf4d1a,2025-08-10,757.35,home,0.083,COD,0,10,0.296,metro,0,3,evening,0.4134664929263236,0.3075,1
e3955beb-6a2e-4d6b-9988-85d80a1e4850,80f51681-2009-48ac-926e-7b7901f96486,2025-04-13,1121.33,grocery,0.362,COD,0,6,0.119,tier2,0,2,night,0.025007063694987345,0.1797,0
752fb009-b3d4-4962-8e78-00350216e1ba,7e3187ea-5ab7-4cd8-84fa-6ff053c09d04,2025-02-25,1475.36,fashion,0.395,UPI,0,4,0.128,tier3,1,4,afternoon,0.21026090580847182,0.3313,0
b6b63a51-68fd-4986-bd92-8152379c1aeb,63d8dd12-39d4-4e1e-bdd7-72b1c1a0b1c0,2025-06-05,399.74,fashion,0.14,COD,0,11,0.214,metro,1,7,morning,0.22490754943212576,0.6304,1
6eb90e08-f821-43b3-889e-7bb378b388a3,2b77e152-ac97-4061-9e6a-5abdc78bc29a,2025-01-09,1116.41,fashion,0.105,netbanking,0,10,0.359,tier2,1,1,morning,0.29832839962512075,0.2664,1
00e095dc-6c40-447b-b178-2ea759896b52,e4fc2035-70f1-45b1-82d0-0ee396f0a984,2025-07-15,626.84,home,0.092,UPI,0,12,0.245,tier2,0,5,afternoon,0.21199326223067969,0.034,0
9ad04b28-e88e-4c33-a8f2-640dc6a26150,f8058711-faa6-4eca-a2ab-1fa0ad185832,2025-01-14,666.61,electronics,0.465,card,0,5,0.085,metro,0,3,morning,0.04047509547806022,0.0974,0
8c06ce0a-54ef-410b-ad57-3eabcca21c42,803488e3-f195-4510-8729-476cfdddc9b9,2025-04-27,380.56,fashion,0.16,UPI,0,4,0.429,metro,1,2,morning,0.44640490282899387,0.2176,0
5b261b1f-098c-4259-b881-6694bb42fb01,95812633-1bca-4485-8e82-3cf1daf05ab6,2025-04-17,250.0,home,0.388,UPI,0,6,0.0,tier3,0,3,morning,0.16802115856295066,0.2303,0
bc96e4c2-a5d3-4627-ab06-71d86dfa9291,059cd0cd-c524-403d-90a7-aa5e9d51749d,2025-09-24,5091.43,fashion,0.165,card,0,7,0.128,tier3,1,3,evening,0.2033814634391261,0.1025,0
ed5737c2-3c1f-43bf-be00-5f3df01a8ca6,6998bf5b-2957-4b20-9fbb-95e19c4d485a,2025-09-07,1260.97,fashion,0.37,card,0,3,0.233,metro,1,3,morning,0.2923331864352393,0.2014,0
2f290b87-0f07-49ea-b1bb-94d4b6f6aac9,59265d36-e12e-4bfc-b8a8-29de0a16e8c5,2025-01-02,2142.68,fashion,0.476,UPI,0,9,0.418,metro,0,5,afternoon,0.35941268307576457,0.0949,0
64b54521-e554-4e62-b91c-58b5d828e5b4,544b57dd-aae8-4d49-a2dc-9382a2b7ff69,2025-09-04,2371.31,electronics,0.374,COD,0,7,0.037,metro,0,1,afternoon,0.05655306904883348,0.1377,0
aa2b991d-8169-47f9-9244-010fe056ecdb,9d1d8bca-9218-4856-8619-cfee194da74f,2025-08-14,666.12,fashion,0.139,COD,0,16,0.116,tier3,1,6,afternoon,0.24874291058771908,0.7691,1
a13ffd65-878d-4aa1-9eba-0e6cdee32150,7f51804d-0307-4367-8d0c-719db1094ae8,2025-10-26,1436.91,fashion,0.468,UPI,0,4,0.111,metro,1,3,night,0.21082490652703922,0.3088,1
89cb876b-088e-45d0-ac02-6d56476a28c9,5a11ae1b-953c-41af-83dc-44c210b745e5,2025-03-19,329.92,beauty,0.248,UPI,0,5,0.122,metro,0,5,morning,0.13954174495960747,0.07,0
fba3e0e3-00ee-4184-a28c-05a55aba747b,487e0072-ff7c-4376-aa94-0ed39d21882d,2025-03-12,1606.67,beauty,0.429,COD,0,5,0.097,metro,0,1,afternoon,0.10058728392504118,0.1512,0
34671f3a-a1f9-4b29-9d47-a81901a04099,c987e835-2514-40cd-834c-f4d2261dd56b,2025-09-07,250.0,fashion,0.284,card,0,9,0.05,tier2,1,4,morning,0.06015710717930573,0.1435,0
87ac6b2f-2a2e-465e-b2bb-53f85cd7a3a0,b0694581-e5bf-4757-913a-46834d324ff0,2025-03-07,981.78,electronics,0.45,UPI,0,10,0.097,metro,0,7,afternoon,0.2365731909103324,0.1394,0
234febaf-92e9-4cc7-b1c2-ae6d098c96ca,a601bb98-ed14-4e71-93e5-2be8eb49e370,2025-09-17,377.7,home,0.019,card,0,5,0.289,tier2,0,4,morning,0.4143300984213656,0.044,0
3e0c6521-8f49-4c31-b998-5357968f1ac9,6998bf5b-2957-4b20-9fbb-95e19c4d485a,2025-10-24,296.3,electronics,0.137,COD,0,4,0.391,metro,0,4,morning,0.2923331864352393,0.045,0
dc39979e-cb47-4419-b070-1fe81f597660,5f406040-6dfb-4ae2-9890-7f640e616156,2025-04-09,4137.74,beauty,0.426,UPI,0,5,0.398,metro,0,2,morning,0.2831068452109286,0.3418,0
d398f487-d07f-4ee5-910b-8c29fe11771c,460bc87a-beb1-4f56-a5cd-1ec17422b34a,2025-03-02,769.69,fashion,0.505,UPI,0,3,0.081,tier2,1,2,morning,0.10883559867342446,0.3032,0
71040979-0eda-4a90-a1c5-daabdf61e9de,236d11d7-cc84-47c1-9d4b-15dd6891dcbc,2025-10-19,611.49,fashion,0.427,COD,0,15,0.213,metro,1,3,morning,0.22121655786542901,0.4445,1
8431afd0-0a95-4d3b-9b1c-1254ee3733dd,236d11d7-cc84-47c1-9d4b-15dd6891dcbc,2025-01-18,542.7,fashion,0.48,COD,0,16,0.23,metro,1,4,evening,0.22121655786542901,0.433,1
1165a7ab-c7a5-4db2-bfbb-0f2769ab1543,11174ed1-8ca6-4cf5-bbe2-8a4f930137ed,2025-08-14,255.56,beauty,0.101,COD,0,4,0.054,tier3,0,4,evening,0.06842336486313001,0.2345,0
5d346585-be6b-4226-9cd8-64b2eba9c6f9,a95498a7-53bd-42bd-b42f-c528553fc244,2025-07-14,2467.56,electronics,0.319,UPI,0,1,0.405,tier2,0,3,afternoon,0.399926813908544,0.0348,0
86a0b167-844e-4134-bcae-4c8fe48d8629,a601bb98-ed14-4e71-93e5-2be8eb49e370,2025-03-16,250.0,fashion,0.433,card,0,6,0.621,metro,1,4,evening,0.4143300984213656,0.3148,0
f8a1fb87-ce75-4e4a-9ef2-36dec1984f0c,6bf452e9-0173-469d-bfec-d17e576fd561,2025-07-17,250.0,fashion,0.07,card,0,5,0.052,tier2,1,1,afternoon,0.11826527161057414,0.1843,1
6f4f4701-7f5e-4c29-bb46-c2a8f9c0dfc9,31b3bbb8-aa06-40bb-a71f-aa588c7ead90,2025-10-10,898.18,fashion,0.307,card,0,8,0.262,metro,1,6,evening,0.23076225353726293,0.1803,0
08d1b990-93bc-471f-be69-f4843df43784,5a633e28-f5a6-4ba7-ad44-926d3c088ff1,2025-05-15,4087.12,home,0.36,card,0,3,0.025,tier2,0,2,evening,0.15422316215847254,0.0214,0
9dc4a005-0734-426e-aff7-094c99c50824,1152a6af-d25b-4b7b-9869-0b6a0e562cae,2025-02-13,8228.93,home,0.273,UPI,1,0,,tier2,0,2,evening,0.2384500662905658,0.0483,0
ceb6aff3-8ae6-4045-8d3e-e79bd3c75b73,32dc089d-efad-4b52-ad01-a10342bd60d4,2025-09-03,1864.95,grocery,0.377,UPI,0,1,0.327,metro,0,5,morning,0.3168272953486334,0.0279,0
52d34088-33f9-4312-9ff9-6836f7739da7,56a30258-3565-44b2-a8d7-1d0adece59a8,2025-02-14,5097.12,fashion,0.275,UPI,0,11,0.048,tier3,1,4,evening,0.1548544510371693,0.1151,0
7abaf2f8-5f84-4dbe-bcbc-9729117df444,dea29f8e-ac26-475e-a225-300fac669ed0,2025-05-08,250.0,beauty,0.2,COD,0,21,0.226,tier2,0,3,night,0.2211439005048725,0.1983,0
66991560-7210-44eb-a644-324e1b940203,e6b84507-0320-4dab-b918-04a7dcb15931,2025-08-31,989.79,fashion,0.313,card,0,4,0.123,metro,1,3,afternoon,0.27966983742156076,0.2177,1
acf51773-5601-4888-b051-663e6fc02080,4490790e-4fea-4b93-a5b7-205d0c72419a,2025-01-08,698.7,grocery,0.013,COD,0,1,0.386,metro,0,4,morning,0.33375713618452035,0.0434,0
fd064881-44c2-4b29-ada8-9c6137841bae,c5e8aef0-7362-4837-9a04-8b3fa7ff821e,2025-06-28,250.0,beauty,0.256,COD,0,12,0.621,metro,0,1,afternoon,0.5144941083307562,0.3784,1
2f01141a-6181-446d-bc93-ab0f2ee4553c,830587ef-e382-4480-9a46-f2fb1f6d1a0b,2025-05-28,1090.54,electronics,0.42,COD,0,11,0.276,tier2,0,4,afternoon,0.29038571770418864,0.1525,0
5829be65-4527-4c30-b6b4-ef8680d07df9,9e94bd7f-0751-4b3d-8ad4-2e1e913839e7,2025-09-03,459.2,electronics,0.394,COD,0,3,0.264,metro,0,2,morning,0.3358319706571889,0.1704,0
1f46ec9d-cb03-4ba3-b663-61c004819295,0ff3d3c4-7bad-4eb0-a3ea-a49b30616993,2025-01-18,1398.75,home,0.132,COD,0,2,0.425,metro,0,3,morning,0.46113145613975703,0.1264,0
0cf643fa-54b5-43a0-8d16-cf4bb3f42142,cd508d92-15fe-4a35-9c1b-37a278d36ea4,2025-01-25,1985.01,home,0.259,COD,0,15,0.375,metro,0,1,evening,0.2771725532528444,0.0657,0
3547e9a5-3459-47e6-a812-6a2e48ce9027,236d11d7-cc84-47c1-9d4b-15dd6891dcbc,2025-09-21,4865.5,beauty,0.573,UPI,0,17,0.164,metro,0,2,evening,0.22121655786542901,0.0789,0
9dd15485-82ee-40df-be7d-b2f443d2a798,9d1d8bca-9218-4856-8619-cfee194da74f,2025-08-13,551.51,beauty,0.172,UPI,0,17,0.334,tier3,1,5,evening,0.24874291058771908,0.3237,0
c43c7ab6-9097-48fd-aa53-2fa91642ac4a,95812633-1bca-4485-8e82-3cf1daf05ab6,2025-03-01,250.0,electronics,0.498,netbanking,0,7,0.175,tier2,0,3,evening,0.16802115856295066,0.0964,1
e85dcead-ef0d-4a73-a0e0-f324ceb84226,00ee6a6c-7fdb-4d2c-971d-b1bfa29fc269,2025-07-08,250.0,electronics,0.068,UPI,0,9,0.145,tier2,0,6,afternoon,0.18608348760507418,0.0257,0
3ef12d9e-cc43-4b05-9136-c847722cce78,429a3593-a1f1-41a7-8879-ead65bd1838e,2025-08-25,3417.52,fashion,0.473,UPI,0,3,0.075,metro,1,1,morning,0.17602227586818103,0.0805,0
d0caa599-292b-4b9c-9f74-fffe2578e83f,49a190f2-c9c8-441e-b450-f1343adf4d1a,2025-08-17,284.34,electronics,0.114,card,0,11,0.504,tier2,0,2,evening,0.4134664929263236,0.1162,0
19b216dc-ded9-412e-92e0-fb30ffbb7359,e6b84507-0320-4dab-b918-04a7dcb15931,2025-02-25,1690.91,beauty,0.161,UPI,0,5,0.375,tier2,0,3,evening,0.27966983742156076,0.1043,0
2a84aa18-933d-4708-9053-eb2761f7c7bf,76994c2c-807b-4d69-8281-3339451c46e2,2025-06-27,375.61,home,0.083,COD,0,2,0.152,tier2,0,4,morning,0.14594410347412967,0.1538,0
abec8709-7ba1-4287-8e04-7dcaa8a65f4a,22e9226e-161d-4c64-a061-7452d7b9e2b6,2025-05-09,924.22,fashion,0.18,card,0,1,0.122,tier2,1,3,evening,0.18270874579895838,0.2658,0
5066570c-d3f7-487f-9882-575f3f2d0af7,17b4ac80-5793-4301-bfa9-f9aefc25fff1,2025-05-04,610.1,beauty,0.046,UPI,0,7,0.073,metro,0,4,morning,0.12601617248198352,0.0624,0
08c24641-b59c-4c15-8f81-f49cfa75d6e4,9d2096d1-96a7-40b1-b834-bd63f99029e7,2025-01-19,810.35,electronics,0.341,UPI,0,5,0.225,tier2,0,7,evening,0.15808045554802053,0.0892,0
9f1abafb-d4b2-4736-8275-9fbfe23038f0,9770188e-26df-49a0-9585-a1ffa837217a,2025-01-19,607.93,electronics,0.15,COD,0,3,0.354,tier2,0,4,evening,0.2537284053397563,0.2974,0
305044ee-9414-4873-acc5-2be02b0edd0a,60ab47fa-fe76-4aa1-9125-a3006288e298,2025-06-09,1996.17,home,0.137,UPI,0,11,0.216,metro,0,4,night,0.2897378778415542,0.113,0
cbcf3776-d9f6-44a3-8f06-b2fc7980f51a,4ed8649d-1f98-49ba-9ac7-95ad3fde0f37,2025-09-14,3913.98,fashion,0.263,COD,0,3,0.306,metro,1,2,afternoon,0.36581399891508337,0.5429,1
81786b06-0882-4b7f-b25f-cf2dc5654cfb,a601bb98-ed14-4e71-93e5-2be8eb49e370,2025-05-29,841.49,fashion,0.212,UPI,0,7,0.423,metro,1,5,evening,0.4143300984213656,0.3338,1
76f7f2c8-908e-49c7-99b6-b16eef8ae580,4a942cba-c277-4ef3-9510-65b3301f67fa,2025-10-02,250.0,fashion,0.074,UPI,0,1,0.249,metro,1,3,night,0.1562196164642481,0.1685,0
fd81f94b-8854-42bb-8c2d-3d6e88496a2a,8d45fb6b-5cb0-49b8-a37f-9809c0571d61,2025-08-18,1983.58,grocery,0.129,COD,1,0,,tier3,0,5,morning,0.15600093316577332,0.1683,0
5ea59a93-91d0-4c7b-9a8f-8495e53b7950,835b4038-88dc-4965-b6b8-921d3b0ad19c,2025-10-11,495.74,fashion,0.553,UPI,0,14,0.282,metro,0,2,evening,0.18168234468688693,0.262,1
509bde9f-1dae-4839-b738-ea7551472b89,cb772ef9-45e1-4d4b-9ad9-1d46caab33c8,2025-04-19,843.5,fashion,0.378,COD,0,1,0.245,tier2,1,2,evening,0.14258967185168278,0.4363,1
40b36721-8abe-4b0a-9820-8a55be255ab8,0c4e5dbb-4b57-4f04-9753-79f273dbd64f,2025-05-11,946.19,fashion,0.239,UPI,1,0,,tier3,1,3,evening,0.21438054858203234,0.4554,1
45378f9e-d0c6-4d8d-ba6d-bc23fc3851a8,d3db41bc-bf8f-46e0-94b1-984f27ff9af2,2025-09-26,250.0,fashion,0.16,COD,0,15,0.377,tier2,1,2,morning,0.33315409272597374,0.4214,1
cc46614c-4119-4d5b-b500-df2bb2c1b009,9d1d8bca-9218-4856-8619-cfee194da74f,2025-03-23,375.69,electronics,0.374,UPI,0,18,0.136,metro,0,3,afternoon,0.24874291058771908,0.0527,0
c5b134e2-5fcc-4058-b855-67c3204f731d,900d95d3-c948-4d1c-af4a-449e3d16028c,2025-03-11,2033.03,fashion,0.243,COD,1,0,,tier2,0,4,afternoon,0.32711616961778794,0.3692,0
52edd145-0bbd-4da9-a2f5-1b56c574aba3,8f7406c2-6849-4d3e-92b7-6e3b17489d67,2025-07-25,486.41,electronics,0.525,UPI,0,2,0.295,metro,0,4,evening,0.3269451502115473,0.0777,0
4f34f3d9-ff3b-4b04-8637-652adcda711e,b86ee3a9-928c-4ec5-8783-0beb41950f27,2025-01-13,9390.32,electronics,0.086,UPI,0,8,0.073,tier2,0,5,morning,0.05573145024510638,0.0071,0
60fe63b3-8e8d-40f4-b2a3-61f48e5d80ab,da84b692-c6d8-43fa-a00f-13d4135959fb,2025-06-22,2114.39,fashion,0.151,COD,0,3,0.329,tier2,1,2,night,0.4069919336009818,0.5902,1
8ecf9e11-0169-46ce-b150-b150cf7cf871,d9358869-66e4-4ee6-bb2e-f9062117fa78,2025-04-21,1368.91,fashion,0.416,UPI,0,9,0.174,metro,1,1,afternoon,0.2042925306906814,0.3555,0
efdfe6cb-601b-4504-8f70-b1622da217bc,c901a58c-6ac4-4a3a-a5d1-4198a13622e7,2025-10-22,2965.81,home,0.629,card,0,7,0.21,metro,0,4,evening,0.15906278458837203,0.1111,0
b33ef104-f388-49b7-bb58-757c4e00f2e9,1ec19d12-c4c9-4320-a035-98e17c951577,2025-06-11,2222.46,fashion,0.144,UPI,0,17,0.166,tier2,1,2,evening,0.18576378008237582,0.0681,0
a007a55e-81a6-4ddc-894f-b307c7743397,7c6b9da7-8248-429f-b8c2-d73b993f51d9,2025-05-27,279.42,grocery,0.19,card,1,0,,metro,0,8,morning,0.3017312798128869,0.1163,0
df0dada0-f809-4eb5-b66a-f1e96a4a7e14,2302316f-5078-43eb-8c52-2fc10011451b,2025-10-10,1065.59,home,0.448,UPI,0,5,0.302,metro,0,4,night,0.26860084009967505,0.1463,0
30c1a8b3-cb55-4385-840d-da9af21498d6,99e318ff-1a69-4f68-addf-975990bd0414,2025-08-20,3136.37,electronics,0.319,card,0,15,0.0,tier2,0,5,morning,0.2434169799043869,0.0283,0
6c59ba97-ad9d-47a4-bed8-8b3374cc4e3a,a601bb98-ed14-4e71-93e5-2be8eb49e370,2025-06-18,1365.22,electronics,0.35,COD,0,8,0.603,tier3,0,4,morning,0.4143300984213656,0.4044,1
16c738a7-8a34-40f3-b360-b0c070d1008c,cd508d92-15fe-4a35-9c1b-37a278d36ea4,2025-08-20,707.94,home,0.139,COD,0,16,0.313,metro,0,3,evening,0.2771725532528444,0.2476,0
868b1dd6-cfaa-491a-8ac0-bcb917591cef,a3430c85-65c8-4f9b-82e9-f40624864565,2025-08-14,1206.64,home,0.423,card,0,3,0.323,tier2,0,5,afternoon,0.2098480405685214,0.042,0
c7e97689-ad2c-4880-8820-ce6847001f4e,830587ef-e382-4480-9a46-f2fb1f6d1a0b,2025-08-10,6288.67,electronics,0.21,netbanking,0,12,0.351,metro,0,3,afternoon,0.29038571770418864,0.041,0
45b538fb-357e-4727-aa56-99667979b29f,359835d2-74a6-4ae7-bdf8-2bdc4ed675dd,2025-05-29,1881.64,fashion,0.174,COD,0,5,0.0,tier2,1,2,evening,0.05662677973259444,0.2824,0
9bbf9777-2376-42a9-b08d-6cc790a64c71,236d11d7-cc84-47c1-9d4b-15dd6891dcbc,2025-01-30,285.06,fashion,0.204,COD,0,18,0.316,tier2,1,5,morning,0.22121655786542901,0.3017,0
318a53ec-fe9b-41fc-b4ba-e0bcf877c60d,87c90f8c-18d5-41bd-a017-72dc3f5b1ad3,2025-02-27,250.0,fashion,0.455,card,0,6,0.393,metro,0,6,night,0.32765833124561905,0.2667,0
9a6c61f1-77cf-4cec-ba51-fc9b034d3a85,b7fee608-f381-4167-a173-bf1ad38bdb79,2025-10-27,2625.99,fashion,0.149,UPI,0,6,0.113,metro,1,5,afternoon,0.05881659853496958,0.0874,0
8981c89e-0499-4155-bbb7-b22c12eabcc8,6b914b9c-926e-4431-b82e-f178aae9d5c0,2025-10-13,492.51,grocery,0.402,UPI,0,8,0.383,tier2,0,2,night,0.2677657562695904,0.0855,0
af4482de-d30e-4bfc-b521-8975aef80a51,d58ed780-65ee-4c51-be5d-39ded6ec4c3d,2025-06-17,608.4,beauty,0.216,COD,0,3,0.54,metro,0,3,morning,0.3745706193331196,0.3524,1
a8f79d7a-62a7-4750-9ecd-e8575515a89d,9e94bd7f-0751-4b3d-8ad4-2e1e913839e7,2025-09-13,3262.95,fashion,0.569,UPI,0,4,0.264,metro,1,5,evening,0.3358319706571889,0.3117,0
63a3c906-e1b4-4b0f-96b2-65083526a12d,4e40c152-4279-4fbe-8a2f-a127f5613ef3,2025-03-21,2091.29,grocery,0.133,COD,0,17,0.142,tier3,0,3,evening,0.08097222048102413,0.0399,0
bf7fb158-f0ea-4d83-b3d2-dd486c175856,f0a8c6bf-2809-4029-9113-e981813368f5,2025-01-30,15526.22,beauty,0.038,card,0,1,0.364,metro,0,6,morning,0.29458700556517403,0.0078,0
14cbd8b7-3c43-4110-ad8d-595eb603725f,b075ba2a-dc8a-4f00-8b48-c2bd3a0cbe65,2025-02-08,1186.97,home,0.036,card,0,2,0.172,tier3,0,4,night,0.2426758876131097,0.0467,0
f95feca1-b13b-4800-a36d-8c925b4cb27f,2b0aed48-0816-4dd9-b18b-7acd4c255c96,2025-09-01,1096.73,electronics,0.331,COD,0,7,0.152,tier2,0,2,evening,0.19975800750299405,0.2066,0
41f096c5-9b20-4dd4-ad0b-c0177e96dcfa,f6ca696a-e455-41c1-9dc8-0f15409a4068,2025-09-12,5050.63,fashion,0.054,card,0,2,0.042,tier2,1,3,afternoon,0.10854267231058526,0.1556,1
1ee543bf-74be-4770-819a-04a606bf65cc,ac8ee436-067a-4aac-8496-8e40cfb19bfd,2025-07-05,12189.09,fashion,0.449,card,0,16,0.274,metro,1,1,night,0.2595265118239566,0.0851,0
4fe68238-184e-45db-bcb9-bea5d9a02489,4e40c152-4279-4fbe-8a2f-a127f5613ef3,2025-10-18,1615.57,home,0.418,UPI,0,18,0.037,tier2,0,5,afternoon,0.08097222048102413,0.0406,0
2e24ac1a-8724-4e29-84d1-c38a3a2b3f3b,9e5d4987-8d7d-4c47-8cdd-0d477afd0d41,2025-03-29,2103.06,electronics,0.419,UPI,0,6,0.029,metro,0,4,evening,0.09221080951028436,0.0294,0
f8c51f21-5010-4d7f-ade8-67cf557a418e,98389b8b-658b-4eca-b919-9c37c2dbce1f,2025-10-07,250.0,home,0.27,card,0,4,0.0,tier3,0,4,morning,0.04552205229964168,0.0874,0
e14808f2-3920-4965-b46c-bf322a5e5221,00ee6a6c-7fdb-4d2c-971d-b1bfa29fc269,2025-01-22,1943.36,fashion,0.315,card,0,10,0.134,metro,1,3,evening,0.18608348760507418,0.284,0
ac724ea5-e2ba-4a5d-af44-3df37120584a,3c287f81-302b-49d7-b333-502c52764540,2025-05-09,9134.19,beauty,0.071,COD,0,2,0.459,tier3,0,3,evening,0.46015210405281526,0.0956,0
d245b22a-d93d-4db8-8a6b-d650792dde43,6b914b9c-926e-4431-b82e-f178aae9d5c0,2025-07-04,3883.39,electronics,0.204,UPI,0,9,0.402,tier2,0,4,evening,0.2677657562695904,0.0619,0
2f3f2e76-cb0f-4a36-92c0-f0d4c6fc7fd9,40842a00-ef3b-4689-9811-b9d52c77638b,2025-08-15,404.78,grocery,0.418,netbanking,0,2,0.205,metro,0,4,afternoon,0.15250618963621082,0.0139,0
1d107b10-22ce-42e2-9849-3890a199ae0e,f0363d6c-fd9e-4890-9ccf-48ddaef523b7,2025-03-04,1199.84,home,0.061,COD,1,0,,tier2,0,5,evening,0.5393163232471033,0.2559,0
5a624b47-1029-40d1-b79e-cb1c012f0c63,265ca8d0-3df8-4d6f-9712-d08685f17132,2025-05-04,689.73,home,0.147,card,0,13,0.307,metro,0,1,evening,0.1913603605753747,0.0853,0
b59a2baa-5681-4b9f-9047-c0d44d577284,f9852313-5fdc-437c-9c37-d03dbf8c8f0e,2025-05-01,2529.63,home,0.134,card,0,2,0.161,metro,0,4,afternoon,0.13745108080776064,0.0085,0
399e125f-e3e4-474f-b91e-9dc43b6b91d6,06685c5f-2341-4003-97cd-809136d21d44,2025-10-26,715.49,fashion,0.407,netbanking,0,9,0.332,tier2,1,2,evening,0.391147140695262,0.4856,0
27b96071-f12c-4944-af79-10dbdbdc47b3,69364563-029b-4b8d-b6d6-09b30bc268e8,2025-10-20,2854.39,beauty,0.075,COD,0,1,0.14,tier2,0,3,evening,0.12664862946612027,0.1442,0
4bfa9870-737e-4037-9337-bd07d6a11840,ed0d4cec-07d4-440d-a77d-2f0af2663244,2025-05-18,2598.52,beauty,0.083,UPI,0,4,0.61,tier3,0,5,evening,0.6645072620284929,0.127,0
fd158619-5ad4-4db1-a783-5424f874787a,92daba51-94b3-4e77-81a5-fab65b28e08f,2025-05-03,250.0,fashion,0.047,COD,0,1,0.039,tier2,1,4,night,0.04287065580036544,0.1227,0
ce8d9712-a5e8-432f-8629-b0a6bf4cb9ed,6998bf5b-2957-4b20-9fbb-95e19c4d485a,2025-01-31,5593.59,home,0.173,card,0,5,0.328,tier3,0,4,evening,0.2923331864352393,0.0792,0
04209f14-f3d4-4c12-b929-c2bcd154eb6a,19ae94ec-7d3b-445f-b9ac-092f54f91579,2025-08-20,4168.26,home,0.437,COD,0,7,0.105,metro,0,2,evening,0.06852796151158619,0.298,0
efbb764c-0b89-4dae-8022-bbf9ef1fd3cf,b0694581-e5bf-4757-913a-46834d324ff0,2025-10-10,996.29,fashion,0.392,COD,0,11,0.193,tier2,0,3,afternoon,0.2365731909103324,0.3127,1
3ccf502e-6d85-4d58-9a0c-f7dacb796700,9795bb9c-a3cd-4116-8a06-f4746212d4c6,2025-06-25,832.75,beauty,0.551,UPI,0,3,0.168,metro,0,3,evening,0.1410845122933714,0.0831,0
4ba31a1d-fdad-42fb-a7bc-3731c6b78503,7ca7f9cd-0550-485d-bcdc-2895d9f93958,2025-07-13,2297.85,beauty,0.202,UPI,1,0,,metro,0,3,afternoon,0.06704705650959249,0.1032,0
92d92f87-1554-4d2f-8321-c8453242d68a,cb8611ae-38b8-43ce-b1e3-ac68753f2f95,2025-10-15,370.04,home,0.222,COD,0,6,0.353,metro,0,1,evening,0.18284841178251302,0.2652,0
586e27ba-60d9-4e1e-95f9-b5823a382b75,d9358869-66e4-4ee6-bb2e-f9062117fa78,2025-04-12,250.0,electronics,0.493,UPI,0,10,0.301,metro,0,3,afternoon,0.2042925306906814,0.1404,0
a3852d5b-d427-457e-8162-c5063e63923a,423107d7-155f-4bae-92aa-4c3cfbee5d71,2025-08-14,8475.84,grocery,0.105,netbanking,0,4,0.323,metro,0,1,evening,0.3108899842101137,0.0107,0
f2296d7d-3b88-42a4-a072-4b5cb95b1d9c,ddee46c8-c4fe-41ab-a3e6-fcd9fe51e97f,2025-01-07,640.69,fashion,0.645,UPI,0,1,0.279,tier2,1,1,afternoon,0.20565504312437694,0.3569,0
9db25037-4d77-4cae-837e-90d150f943d7,ace1ab49-d6e4-4784-9490-26eccef63611,2025-05-16,904.62,beauty,0.242,UPI,0,7,0.234,tier3,0,3,morning,0.1503348970823547,0.1785,0
b3fd637e-0e1c-47d6-aa2a-b1dcbf374dd0,cba0fbf1-c8e0-4aa6-8a6b-48f3baba929d,2025-04-01,3016.24,home,0.294,netbanking,0,10,0.231,tier2,0,4,afternoon,0.3706024922013499,0.0327,0
b1c91d84-fe98-4f18-b853-7eb7832d8f4f,7a4e9ee7-df87-4f79-9ec7-3f4c1f489075,2025-06-23,308.26,electronics,0.255,UPI,0,19,0.167,metro,0,1,morning,0.23069756686430742,0.0903,0
829e2cb7-5a04-4f3f-994f-07daacd4c022,4e40c152-4279-4fbe-8a2f-a127f5613ef3,2025-03-28,10849.49,fashion,0.26,UPI,0,19,0.182,metro,1,2,night,0.08097222048102413,0.0945,0
ba4d84d6-f814-4c55-8b14-789983725281,7a4e9ee7-df87-4f79-9ec7-3f4c1f489075,2025-08-22,304.25,beauty,0.365,COD,0,20,0.0,tier2,0,3,afternoon,0.23069756686430742,0.1866,1
b3d0b766-a800-4a10-b914-eb10c37a63d7,48b73317-327f-4f67-934a-b6dd2d521db4,2025-03-20,2217.73,electronics,0.115,COD,0,8,0.229,tier3,0,4,evening,0.24989906497225137,0.2866,1
bf9dc13e-5ea3-4cef-a2ad-32d35cc0224d,5a71659c-1263-4448-8731-60f1df983197,2025-09-21,432.47,home,0.336,COD,0,22,0.412,metro,0,5,evening,0.4468118022423648,0.3861,0
31838807-8d0c-47d2-829b-62d826dd6dc3,490b4f9b-7a60-4944-99ea-3b20eab2f09a,2025-08-31,382.56,fashion,0.333,netbanking,1,0,,tier2,1,3,evening,0.22427206235251892,0.4794,1
f9262fe5-908d-4aab-87dd-d99197dafc7b,36f429a5-f9cd-4178-8452-85593f1caac7,2025-02-25,1227.95,home,0.339,card,0,4,0.202,tier2,0,1,afternoon,0.07704457522442643,0.0606,1
b7658ed9-634f-4b46-bee5-838c673c6b75,6e877c23-17b9-44a1-a836-4c3851a7d84d,2025-04-30,742.83,beauty,0.402,UPI,0,1,0.473,metro,1,2,evening,0.4803988607673801,0.3481,0
e664cba5-289c-4253-b536-48a836921442,803488e3-f195-4510-8729-476cfdddc9b9,2025-04-19,250.0,grocery,0.193,card,0,5,0.414,tier2,0,2,afternoon,0.44640490282899387,0.03,0
1bdc3ff3-1e6e-4b5d-ba72-79972ca83078,5e758f8f-c2ad-4e0c-b4fc-026916c24854,2025-03-11,250.0,fashion,0.15,COD,0,21,0.228,metro,1,4,evening,0.048627470043128354,0.589,0
1be8b8ba-ad83-44e4-9ff5-015dea629f3f,056e3d76-8183-4716-9184-151a4135f404,2025-07-02,250.0,fashion,0.467,netbanking,0,3,0.123,tier2,1,1,morning,0.25703386186733934,0.2299,1
f3ea2ee9-e9a3-4315-9ca0-5160a230a4a5,eb07b44d-b3fe-4da4-86bc-808ae9a3182b,2025-06-03,815.66,electronics,0.241,UPI,0,4,0.632,tier2,0,3,evening,0.6823689291324807,0.3518,0
3a98f600-1656-4bb2-8b06-5f0c792ec62d,265ca8d0-3df8-4d6f-9712-d08685f17132,2025-01-29,3121.59,home,0.192,UPI,0,14,0.169,tier3,0,4,afternoon,0.1913603605753747,0.0634,0
4e51f969-7081-4569-a3ac-cfd27422aea4,aea406eb-bc1a-4601-b2b0-92e65ab755cd,2025-07-08,4240.56,fashion,0.054,UPI,0,1,0.594,metro,1,1,afternoon,0.5424554488796087,0.079,0
68d110a2-60fc-4d8c-b9dc-8120aa9ad741,429a3593-a1f1-41a7-8879-ead65bd1838e,2025-04-28,3198.14,fashion,0.51,UPI,0,4,0.262,tier2,1,2,evening,0.17602227586818103,0.4225,0
530098f0-a3ac-461c-aa37-23cd9917fe60,76af2820-184c-47d9-9bd2-4b2f7eb04dc2,2025-06-29,732.79,electronics,0.211,UPI,0,5,0.0,metro,0,5,afternoon,0.03002375015151436,0.0239,0
932b5435-dbae-4783-b9d6-7189b2aca9f4,ec11d559-7980-4914-89e3-b56e72adba0b,2025-07-14,7213.01,electronics,0.202,card,0,10,0.123,metro,0,3,afternoon,0.1561219227039281,0.0046,0
68d11654-c3a3-45b9-bff8-3cbc6716c671,9d1d8bca-9218-4856-8619-cfee194da74f,2025-03-05,1202.33,fashion,0.39,COD,0,19,0.288,tier2,1,4,evening,0.24874291058771908,0.7846,1
6d0ddca0-5b2f-44c3-8219-2b8e92b21e4f,6296a5bf-1d0d-4787-913b-ade30d6d7648,2025-06-04,4512.47,beauty,0.122,UPI,0,1,0.287,tier3,0,2,afternoon,0.2810349509629501,0.2376,0
abbabd64-edbf-4569-a3fe-6966fb70db11,c96a9e4f-f6e2-4582-900e-e47a05c7f83a,2025-06-18,394.64,home,0.214,UPI,0,9,0.371,tier2,0,1,afternoon,0.45454338905514596,0.129,1
a503ee0a-b2e0-47ef-b724-844da51e3a5d,f661c41f-f2fc-4735-9d23-1a0bca669dd2,2025-07-19,1454.53,fashion,0.525,UPI,1,0,,metro,1,2,morning,0.5344403543326108,0.6093,1
4677d1f4-dbe0-48c6-bd19-67a900d4d36b,8c24e923-2dbf-4f43-b0b2-6e851d21fa34,2025-08-26,712.11,fashion,0.502,COD,0,20,0.136,metro,1,5,night,0.10820090543681238,0.5608,0
3c104ee4-3fd0-412c-a635-ab30d2eb3ebd,f585f611-cabf-4eee-9c1c-24b1689ac52f,2025-08-22,266.99,electronics,0.181,UPI,0,2,0.238,tier2,0,2,evening,0.24420543477340984,0.0778,0
121b5666-83d7-4b77-b8a7-753637dc2081,6bfa235b-d4d0-446f-85d2-e8dc00a3d98f,2025-07-31,1874.36,fashion,0.443,COD,0,8,0.697,tier2,1,3,afternoon,0.6039320915435429,0.6634,1
e391bff3-e9b7-40d9-8ccb-f8ff2418ca1e,d3db41bc-bf8f-46e0-94b1-984f27ff9af2,2025-04-08,810.77,fashion,0.52,UPI,0,16,0.42,metro,1,1,evening,0.33315409272597374,0.3457,0
abed2538-d379-44e1-af3e-9eaaebc7829a,460bc87a-beb1-4f56-a5cd-1ec17422b34a,2025-08-12,5010.01,grocery,0.296,card,0,4,0.108,metro,0,4,morning,0.10883559867342446,0.011,0
d62555ef-3e21-4a50-ac68-fbe386670565,ec11d559-7980-4914-89e3-b56e72adba0b,2025-04-11,1485.98,home,0.12,netbanking,0,11,0.077,metro,0,1,evening,0.1561219227039281,0.036,0
3c33a387-cfa0-4684-82e6-6eebc781e9d8,2b77e152-ac97-4061-9e6a-5abdc78bc29a,2025-03-07,2400.74,fashion,0.249,COD,0,11,0.423,metro,1,6,afternoon,0.29832839962512075,0.3323,0
8503a303-40c3-418c-9b79-1f0457aac10e,c5fd9c94-3843-4ddf-b5c7-c489fcb0d769,2025-01-18,616.4,fashion,0.259,netbanking,0,1,0.372,tier2,1,4,morning,0.24457454490629368,0.4011,0
797605d3-0e5d-44d7-b033-0cc16d579972,79d62d2f-2160-4129-951e-311e22c29fba,2025-01-06,885.05,fashion,0.316,UPI,0,1,0.544,tier2,1,3,evening,0.4187693037372645,0.3669,0
c8201162-e1e6-46a4-8f2f-2a5a858a0353,48a2973f-59ba-4d33-a2e9-5e1b1c4043c8,2025-09-21,3675.68,fashion,0.299,UPI,0,3,0.497,tier2,1,4,evening,0.45650740325159334,0.338,1
8e6337a7-af7c-4c13-bc98-b436bd4d2ec6,355c1afc-1679-4d65-ad99-f75eb14259ee,2025-09-09,250.0,fashion,0.155,card,1,0,,metro,1,3,afternoon,0.21649485300724722,0.4289,1
7abbb2c7-77c6-4ac1-a21f-0ff79263b9f5,5a11ae1b-953c-41af-83dc-44c210b745e5,2025-07-20,1538.75,beauty,0.159,netbanking,0,6,0.124,tier3,0,3,evening,0.13954174495960747,0.0192,0
14c13fcd-d102-46f1-ae29-7b4c008fb019,c5e8aef0-7362-4837-9a04-8b3fa7ff821e,2025-03-26,673.06,home,0.07,COD,0,13,0.445,metro,0,5,afternoon,0.5144941083307562,0.2266,0
315a3c15-f087-43da-9c2a-2f3e192271ff,8c644659-9832-432b-b635-3578f419696a,2025-04-22,6007.47,fashion,0.394,COD,0,5,0.096,metro,1,1,night,0.18587087319682674,0.368,0
024ab226-a8b7-4d2f-bf3a-e2a51b55997a,f2811512-6d74-428f-81ae-77df22796b31,2025-04-30,6040.51,fashion,0.193,UPI,0,15,0.259,metro,1,2,morning,0.2916477929418046,0.0601,0
470ed6e1-3944-4ce9-ac0f-7caa1da70864,d36a7387-21ab-43e5-bcb9-dcddf807849d,2025-10-18,540.39,fashion,0.324,UPI,0,9,0.341,metro,1,2,evening,0.30018529874356914,0.2567,0
a6a89082-5f17-4ed5-8460-098f3b273342,73c86e02-e5ca-48e1-80c8-5b17175fd508,2025-04-16,622.65,beauty,0.338,UPI,1,0,,tier3,0,7,morning,0.12413535134917797,0.2764,0
42c3274c-cec2-4a74-af1f-efda2c8bbe90,28660f34-5a61-4e07-8f8c-96c4fb8d6d70,2025-02-22,1105.08,home,0.303,UPI,0,7,0.0,tier2,0,1,afternoon,0.052918216172000036,0.0681,0
25105343-4c0f-4b22-a3b0-9565f96990f5,e13d21db-d1a8-4f0a-9fc2-ba3d05772804,2025-10-20,501.27,electronics,0.156,COD,0,7,0.0,tier2,0,6,evening,0.06565876288364696,0.1182,0
9ca21859-1a26-473f-a94b-fbac3a59d2d1,99e318ff-1a69-4f68-addf-975990bd0414,2025-09-21,674.81,fashion,0.548,card,0,16,0.309,tier3,1,2,evening,0.2434169799043869,0.1988,1
1e41b1b9-9eea-446c-bfb6-f9887a31bcbb,002f6f59-2b6f-4dbc-9ecc-d120b6566c6c,2025-03-19,2135.14,beauty,0.516,COD,0,1,0.595,tier3,0,4,evening,0.5259008100699633,0.331,1
5d970ad0-9f91-45c0-ae8c-44e6648e5657,ac8ee436-067a-4aac-8496-8e40cfb19bfd,2025-03-10,1396.01,fashion,0.482,UPI,0,17,0.269,tier2,0,2,night,0.2595265118239566,0.2404,0
1c4d3eb8-1be3-4cf2-9d5c-512c69a295bc,ef2bc7c9-4e5e-4bbd-bcd6-426302deb030,2025-03-30,501.23,home,0.325,UPI,0,1,0.053,metro,0,4,afternoon,0.11140768335427466,0.0718,0
ab5e002f-eefd-443b-b3be-fe4ba35ad7f9,16ddae25-3f28-41d0-8a77-c8c87723adfa,2025-08-19,250.0,grocery,0.364,COD,0,8,0.446,tier2,0,4,evening,0.30707185083804733,0.4315,0
7567edff-72c6-48da-b6a2-33714a768ca8,5a71659c-1263-4448-8731-60f1df983197,2025-09-11,676.94,fashion,0.189,COD,0,23,0.443,tier2,0,5,night,0.4468118022423648,0.376,0
d63ea33c-5d68-4355-9fc4-815de8c46444,1d389e03-f41d-4493-8048-8d028a5d27f2,2025-09-01,637.19,beauty,0.369,UPI,0,4,0.326,tier2,1,3,afternoon,0.3251850941589013,0.0969,0
ee41b412-ac51-42b4-b0b4-51e6595c8f11,c287c9ce-296a-4388-9fc4-948757440938,2025-06-29,903.96,home,0.365,card,0,4,0.618,metro,0,4,morning,0.5885383197450833,0.2751,1
1123831e-2f07-45c2-b8d2-a086cd3392e7,ba149ce6-bcc3-4f2f-ad92-eb8ab9371d5a,2025-02-02,1479.19,electronics,0.193,COD,0,2,0.407,metro,0,3,morning,0.40428580651687857,0.2355,0
bcac21b7-7e22-4423-a7cf-38b8195afee1,439a976e-4f98-4615-9a4e-0cdb0eefe422,2025-03-03,8336.71,home,0.165,card,0,1,0.273,metro,0,4,evening,0.2625171002989132,0.0122,0
47253282-881c-4abd-a42b-2e381752dedc,92f8f8f3-1a19-41b0-9888-9ad14e0b35ba,2025-07-19,2231.01,electronics,0.229,UPI,0,8,0.254,tier3,0,7,evening,0.14720873128711998,0.1118,0
a40cb03b-53ec-4656-9777-d522078f6b45,6d6ae56d-11fa-4053-be24-184c1da67ec2,2025-08-30,2029.87,fashion,0.236,card,0,4,0.214,tier2,1,1,afternoon,0.13845962298865533,0.2137,0
7b16ffdb-1728-4e3d-a996-48b0a303fdb2,79d62d2f-2160-4129-951e-311e22c29fba,2025-08-04,2494.4,electronics,0.308,COD,0,2,0.479,metro,0,1,evening,0.4187693037372645,0.1034,0
af0828f2-cf9b-4065-b528-d7b1961e1b8d,02a5f6e6-ed13-4112-bdc9-2c7b67f3867c,2025-03-18,736.1,beauty,0.271,COD,0,2,0.116,tier2,0,9,evening,0.19943866470802457,0.301,0
10a80147-4f3c-4115-9feb-66d36ae67f78,95812633-1bca-4485-8e82-3cf1daf05ab6,2025-04-14,8722.08,home,0.477,UPI,0,8,0.073,metro,0,1,morning,0.16802115856295066,0.0167,0
079b5223-99d0-47ea-8809-860bf6b9d030,b209d179-6418-4f8c-bd42-8e4f831f0776,2025-03-18,373.36,beauty,0.249,COD,0,14,0.293,tier2,0,2,afternoon,0.27580452681496,0.1292,0
b7c7cf46-2c34-48fd-b061-34ce6d686150,c967d130-c116-4a5c-8589-391097b66b37,2025-09-10,3945.86,home,0.059,card,0,14,0.126,tier3,0,5,afternoon,0.04915448350944119,0.0307,0
b20f550a-520e-426c-8311-a1ad936c070b,cd508d92-15fe-4a35-9c1b-37a278d36ea4,2025-07-14,1817.18,fashion,0.22,card,0,17,0.234,tier2,1,5,afternoon,0.2771725532528444,0.2715,0
a5aac15f-f71f-4e0f-89fb-f6202c1f5ef5,49a190f2-c9c8-441e-b450-f1343adf4d1a,2025-10-05,712.62,fashion,0.198,COD,0,12,0.437,tier3,1,3,afternoon,0.4134664929263236,0.586,0
e0d8df9a-8946-4e63-8650-ac42e413cc70,19407932-d8b1-4cf9-823a-27cc0a751c71,2025-09-10,1028.61,beauty,0.377,netbanking,0,4,0.317,tier2,0,4,morning,0.24939791763606534,0.0853,0
8198aabd-9fed-418c-abd9-641216903260,6bf452e9-0173-469d-bfec-d17e576fd561,2025-08-11,256.99,fashion,0.326,COD,0,6,0.203,tier3,1,9,morning,0.11826527161057414,0.7004,1
1db1aa67-914b-4bfc-8909-21f675bb596d,60ab47fa-fe76-4aa1-9125-a3006288e298,2025-05-31,269.85,beauty,0.306,UPI,0,12,0.34,tier3,0,5,morning,0.2897378778415542,0.1325,0
443eeb37-7ed2-434a-8d26-92ff11ee7c9a,38543a37-c3ff-4947-a0be-4c688daad6b3,2025-06-01,1393.31,fashion,0.502,UPI,0,5,0.191,metro,1,3,evening,0.3007027884503935,0.1689,1
37f1f177-548c-4ea7-bf3f-0edaaae2d049,49906f06-7aa4-4267-a704-c6b97c5260ba,2025-03-22,743.65,home,0.044,UPI,0,2,0.336,tier2,0,5,evening,0.35048631763167787,0.0737,0
998593ef-84a2-4385-b1cf-bdccc1e7e079,2c576be7-69b1-4b4d-9e40-1bf81cad07fc,2025-03-29,713.03,electronics,0.182,UPI,0,3,0.484,metro,0,2,evening,0.46365026623247513,0.0573,0
2ceea692-afe2-47b3-b60e-55100a75e8bd,b9ab6a4e-9e61-4225-8298-12bde10de7a7,2025-10-01,3313.77,fashion,0.289,COD,0,6,0.379,metro,0,2,evening,0.20154150931374812,0.4928,0
1d04dae3-1e04-443a-8f56-132a68c16cdc,5a11ae1b-953c-41af-83dc-44c210b745e5,2025-05-10,1750.84,beauty,0.214,UPI,0,7,0.114,metro,0,8,morning,0.13954174495960747,0.1118,0
dd7ea102-e43a-48db-b645-a71da5f68ccb,7df49286-f10b-4148-a2d3-fc893ae7ac45,2025-05-28,1817.73,grocery,0.246,UPI,0,1,0.102,metro,0,3,evening,0.20978013032524798,0.0306,0
fc93f970-9496-43d3-b3d6-1a58cfc27340,84e3d206-844c-45aa-8b3f-787f108268f6,2025-02-07,1157.7,fashion,0.083,COD,0,2,0.15,tier3,1,3,evening,0.19112787889257196,0.1912,0
884c6a00-9402-43a6-821e-f3794ca68c2f,4e40c152-4279-4fbe-8a2f-a127f5613ef3,2025-03-23,412.53,electronics,0.33,COD,0,20,0.044,tier2,0,1,morning,0.08097222048102413,0.2017,0
a89a45b1-3d65-447f-b822-d880bfa2ddfe,584f334e-48dd-4f27-a4f0-094f67166b6e,2025-05-04,909.11,electronics,0.262,card,0,4,0.467,tier2,0,5,morning,0.3900564499123696,0.1331,1
a5d4a742-35c7-4254-b965-d9882e6734d6,46403c97-9a4e-49b6-b0d7-3e6899cc1250,2025-10-02,418.39,beauty,0.295,UPI,1,0,,metro,0,4,afternoon,0.17336200340258245,0.0794,0
6e8da83e-ef4f-42cd-ba28-b98f85b2b089,7a4e9ee7-df87-4f79-9ec7-3f4c1f489075,2025-01-21,1740.48,electronics,0.089,UPI,0,21,0.25,tier2,0,4,afternoon,0.23069756686430742,0.0236,0
9d8da400-545b-4c39-9ab7-84fcde1a2f80,1d1d60f9-18c7-4b9b-921e-fb57d670462b,2025-08-16,2956.77,fashion,0.357,UPI,0,1,0.046,tier3,1,2,afternoon,0.03256332504746043,0.126,0
c05e3750-3696-4466-952a-2d9059b367b6,e6bb513f-2cd0-4bcf-9534-bae7ee504b7c,2025-06-08,821.53,fashion,0.397,card,0,2,0.094,metro,0,1,night,0.09342709211833844,0.1895,1
9c06aacb-32d7-4887-bc3b-9f857b24cbaf,0b6f3e2b-84fe-456b-ad93-ffcb76fb728f,2025-03-26,4426.92,beauty,0.022,UPI,0,18,0.262,metro,0,1,afternoon,0.19762424986659227,0.062,0
e5ff0257-6f93-45bd-a4ac-f6a8de00e022,a3430c85-65c8-4f9b-82e9-f40624864565,2025-07-17,1413.65,grocery,0.423,COD,0,4,0.189,metro,0,3,night,0.2098480405685214,0.057,0
2447cd51-7dc2-4421-b499-1c5a5125f31e,4d47ad50-ed68-4545-af4f-485a9b29b711,2025-02-12,931.32,fashion,0.062,COD,0,13,0.247,tier2,1,4,evening,0.21989011196511407,0.24,1
2fbb5672-4352-4fab-813e-3494d1295199,6c3f0a1a-8fec-42d8-96f9-176f7e65ba57,2025-01-11,734.96,electronics,0.213,UPI,0,3,0.363,metro,0,2,night,0.2765406569294239,0.0153,0
f9200223-3791-4674-b426-15f57e62f76b,e75b5a37-ac60-4066-a040-3617f0d903ea,2025-04-08,1278.91,fashion,0.056,UPI,0,14,0.269,metro,1,2,evening,0.24645297721478737,0.0594,0
9729f594-a9f9-4980-806c-7fc78fb37937,4e7e2663-eb2c-432d-96ec-3f130e2e0946,2025-07-23,3923.89,electronics,0.535,netbanking,0,9,0.433,metro,0,4,night,0.3858310964520147,0.0447,1
843f949b-67fe-447f-b36b-217c37df750a,5523c0bd-3cee-4a56-9cf8-0e419a061593,2025-06-06,250.0,fashion,0.125,card,0,1,0.181,metro,1,3,afternoon,0.0830364113260189,0.111,0
1279b613-474e-438d-a19c-fecd5f6c9c35,d3db41bc-bf8f-46e0-94b1-984f27ff9af2,2025-03-31,5623.94,home,0.454,card,0,17,0.39,metro,0,3,evening,0.33315409272597374,0.0561,0
75c45ebd-160b-4f39-ae87-5488f1f5a1c9,10546d08-1053-4bf0-976f-4c40b2dcb1c8,2025-03-19,988.08,fashion,0.074,card,0,8,0.001,tier2,1,4,evening,0.021184252375003435,0.1668,0
0add432e-3968-4d0d-852e-31dd11786a59,c5e8aef0-7362-4837-9a04-8b3fa7ff821e,2025-10-02,250.0,electronics,0.205,UPI,0,14,0.527,tier2,0,2,afternoon,0.5144941083307562,0.1043,0
3e24da9f-2a50-4c57-9193-5bf55bbfbbce,a05b51d4-cf4b-43df-8143-fc2defc4213c,2025-10-26,369.44,beauty,0.212,COD,0,3,0.19,tier2,0,2,evening,0.13102794820675195,0.1515,1
45e80e02-ed6a-439a-a068-926ddfbe0559,573ef44a-b7bb-44cb-ae0d-923c3a996227,2025-10-07,1366.0,fashion,0.132,card,0,4,0.404,tier2,1,4,afternoon,0.419905690979168,0.2214,1
593c291e-cb19-41da-9fa2-523789a3aae0,ace1ab49-d6e4-4784-9490-26eccef63611,2025-08-16,253.65,fashion,0.255,UPI,0,8,0.058,metro,1,1,afternoon,0.1503348970823547,0.1103,0
14695969-bc25-490f-beff-6e1b3fbf6bc4,af989da4-8ff4-45a1-a5d5-4794c1a3f060,2025-06-25,2723.8,home,0.154,UPI,1,0,,metro,0,5,afternoon,0.38183286991587256,0.0797,0
a2290a3e-22f7-4a59-82b9-f961985d3fab,938245c2-8647-4454-aa1b-998878f08b78,2025-08-24,1101.4,fashion,0.336,netbanking,0,14,0.277,tier3,1,3,afternoon,0.29048499029100583,0.2746,1
c4d6c4f9-bdf4-44c7-b93e-6fafc25b30df,ac8ee436-067a-4aac-8496-8e40cfb19bfd,2025-03-26,997.99,fashion,0.44,COD,0,18,0.247,tier3,0,3,afternoon,0.2595265118239566,0.546,1
e0e981bb-038b-419b-ad7c-f2842bdb7914,3ae5064b-f3c7-4936-8de7-de055b245a44,2025-10-19,535.67,electronics,0.1,UPI,0,2,0.166,tier2,0,3,evening,0.13085373507915285,0.0669,0
65a3c581-ad3e-4869-85a7-5744eeef5344,a601bb98-ed14-4e71-93e5-2be8eb49e370,2025-03-12,678.35,electronics,0.324,UPI,0,9,0.461,metro,0,4,night,0.4143300984213656,0.0486,0
db87f47f-b34b-4305-be6f-41b9d561c38f,60ab47fa-fe76-4aa1-9125-a3006288e298,2025-04-26,2236.5,fashion,0.196,UPI,0,13,0.252,tier2,1,2,evening,0.2897378778415542,0.1879,0
6cce2a13-2cda-4475-8d6c-0e2d21b5710d,2929132f-018d-4ec6-b28b-c00b8b85075c,2025-08-11,1790.89,fashion,0.234,UPI,0,1,0.354,metro,1,2,night,0.39012206789628884,0.2831,1
2d8f29ee-3a1c-42ae-ba84-2c3e8c28e36b,5a71659c-1263-4448-8731-60f1df983197,2025-08-06,250.0,fashion,0.189,UPI,0,24,0.482,tier3,1,6,evening,0.4468118022423648,0.403,0
0f1979e5-de13-4c60-add5-f1ad37ab82e7,d3db41bc-bf8f-46e0-94b1-984f27ff9af2,2025-02-09,2232.86,fashion,0.257,COD,0,18,0.274,metro,1,5,morning,0.33315409272597374,0.3479,0
6d597367-0a0c-44c1-8cdb-17be5e5e4de4,ac8ee436-067a-4aac-8496-8e40cfb19bfd,2025-01-30,936.42,grocery,0.109,COD,0,19,0.21,tier2,0,2,afternoon,0.2595265118239566,0.119,0
7b18bdc1-0aef-46dd-8cef-9f365ef484f3,b9ab6a4e-9e61-4225-8298-12bde10de7a7,2025-05-04,4750.19,home,0.359,UPI,0,7,0.179,metro,0,1,night,0.20154150931374812,0.0567,0
65200a87-707f-4be1-bc30-f3a2bd598648,161df1c7-36db-490d-9f64-9879a7de2f27,2025-02-12,1822.39,electronics,0.238,COD,0,2,0.203,tier3,0,4,morning,0.24074547305735522,0.1483,1
2ed6699c-a90b-4f4b-89cd-182e52711999,a55896b3-fb13-44ca-9f5b-cb9965b8c231,2025-07-05,729.33,home,0.339,COD,0,1,0.575,tier2,0,1,afternoon,0.5304662995952951,0.2308,1
489eee85-1590-4767-834a-fa7e65323d5d,95812633-1bca-4485-8e82-3cf1daf05ab6,2025-02-25,294.98,fashion,0.021,card,0,9,0.1,tier2,1,6,morning,0.16802115856295066,0.0827,0
9ee1ccc5-2cba-481d-9a44-6a8e571b6a00,d5a77746-a0ad-485f-ad36-97ce60d4dbba,2025-07-09,250.0,grocery,0.445,netbanking,1,0,,metro,0,1,evening,0.47099044798312795,0.1164,0
3571351f-d23d-49da-8dc5-0730f4fe07ae,d3db41bc-bf8f-46e0-94b1-984f27ff9af2,2025-03-31,455.6,fashion,0.19,UPI,0,19,0.443,tier2,1,9,morning,0.33315409272597374,0.4303,1
ad8bc6fe-7455-47dd-9d54-b5f8dbd16bcc,2bf1c610-a75b-412d-b0ce-9dc111d20e3c,2025-09-09,684.03,home,0.091,netbanking,0,7,0.237,tier3,0,4,night,0.27780100478810504,0.0397,0
151f9a57-d0c6-4219-ba43-a0a808a02261,f04ea3ca-68ee-4efe-a612-fe50610fd2dd,2025-05-07,1706.37,fashion,0.487,COD,0,12,0.264,tier2,1,3,morning,0.2242312963277271,0.6911,1
c9b35ba4-f518-444e-8dac-528d068f2665,f3145bea-0697-4659-8b9e-3e13d84ec40f,2025-01-08,1038.58,electronics,0.347,card,0,2,0.343,tier3,0,4,afternoon,0.19519031892731586,0.0722,0
62ec39c4-7c60-4cbc-833b-050192794160,28ec42d4-b23f-4146-a22d-131afdd06fec,2025-05-21,881.58,fashion,0.353,UPI,0,5,0.468,tier2,1,2,morning,0.3958288561774479,0.1546,0
9979414f-0243-4e1f-8325-90f800af3b90,f5069c4e-0691-43d9-b3e0-3efe7073ec31,2025-10-25,644.84,electronics,0.319,UPI,0,7,0.148,tier3,0,6,evening,0.03542903995029727,0.1109,0
dd77ea48-4166-4b50-a1d3-5d53477f0c4d,1d389e03-f41d-4493-8048-8d028a5d27f2,2025-05-15,1935.41,fashion,0.098,UPI,0,5,0.385,tier2,1,2,afternoon,0.3251850941589013,0.1866,0
1d5b0955-0604-4135-a22b-d50f041dd8e1,c967d130-c116-4a5c-8589-391097b66b37,2025-08-31,2441.43,fashion,0.072,card,0,15,0.101,metro,1,3,evening,0.04915448350944119,0.0884,0
4d787ecd-443f-4444-8330-614a0325570f,dea29f8e-ac26-475e-a225-300fac669ed0,2025-03-16,1948.69,home,0.177,card,0,22,0.242,tier3,0,6,evening,0.2211439005048725,0.1408,0
d547b3da-26f4-484e-acb0-163305c04e99,cd03dd27-2fc9-486c-998f-c61cf34b93ab,2025-01-14,2341.46,fashion,0.344,UPI,0,2,0.395,metro,1,1,evening,0.35614412579298554,0.4257,0
e362819e-4072-487b-bc67-0d8dd55aed69,7a4e9ee7-df87-4f79-9ec7-3f4c1f489075,2025-10-07,494.74,beauty,0.22,COD,0,22,0.181,tier3,1,5,morning,0.23069756686430742,0.4898,1
84dbd09e-7f5a-4f21-bc63-183c5a316942,7a4e9ee7-df87-4f79-9ec7-3f4c1f489075,2025-02-26,1100.68,beauty,0.268,card,0,23,0.309,metro,0,10,night,0.23069756686430742,0.0851,0
111fb968-45d3-4803-89b7-458d768fa33d,762dc9ed-5415-436c-b6a9-6504149e79d2,2025-07-08,964.1,fashion,0.541,UPI,1,0,,metro,1,2,morning,0.08058041829298626,0.2483,0
666f78fc-68b8-4b4c-815f-8243097aaa8c,ce8ac74b-c6d0-4367-a531-d43bfe5b2bf6,2025-09-09,467.86,fashion,0.369,COD,0,5,0.5,tier2,1,4,evening,0.32830159764792616,0.7147,1
798c0009-a437-485e-a74d-7cb4e9c7455b,d56f7193-f59e-423c-9468-0a8efe5cd8c9,2025-07-22,1918.29,beauty,0.294,COD,0,2,0.354,tier3,0,4,morning,0.394675253137179,0.303,1
f20f87a2-6973-4c60-8e43-761769120cc8,be194749-c270-40eb-9ff8-a980595ca209,2025-08-08,925.94,fashion,0.239,UPI,1,0,,tier3,1,4,afternoon,0.15358953817365018,0.3455,0
878dc17b-32da-4067-846d-eacf3f2b9e33,4d47ad50-ed68-4545-af4f-485a9b29b711,2025-04-01,2644.46,fashion,0.274,COD,0,14,0.235,metro,1,4,morning,0.21989011196511407,0.2966,0
769df6ab-12b9-4b4b-877c-78a334966277,ba9504c7-b413-4ee9-861d-702ad1482abd,2025-07-04,1447.68,beauty,0.49,UPI,0,6,0.221,tier2,0,1,morning,0.21485681318313843,0.2486,0
768cfd79-386a-4398-a440-6b08209789d6,6d89b6da-05be-4f09-b2f2-542a975f2f53,2025-09-17,607.82,grocery,0.542,card,0,3,0.198,tier2,0,1,morning,0.3016559281489719,0.0912,0
6220f4ea-ed38-43ef-b374-fe4ff212ec17,ace1ab49-d6e4-4784-9490-26eccef63611,2025-05-17,11133.42,beauty,0.227,UPI,0,9,0.185,tier2,0,1,morning,0.1503348970823547,0.0344,0
24e3a30a-96ce-44e8-a9e5-27c23259922c,824298c1-27f8-4100-90c0-f043e8d233be,2025-01-26,5972.83,fashion,0.339,UPI,0,1,0.1,tier2,0,3,afternoon,0.06816197410621759,0.104,0
fc5de5ac-aa3c-4843-a81f-1f08ac96a040,7a4e9ee7-df87-4f79-9ec7-3f4c1f489075,2025-07-04,298.96,fashion,0.33,UPI,0,24,0.215,tier2,0,2,afternoon,0.23069756686430742,0.1733,1
277bc32b-72da-42fc-a20d-d16a983b2b43,5779a513-dc65-4e08-b149-9296dd2713d4,2025-04-25,767.06,electronics,0.206,COD,0,2,0.391,metro,0,3,evening,0.2961471020437191,0.0853,0
a358eac1-5552-4da0-97d8-a4bc1627f9da,05454bf9-427a-4473-a52d-c95d8b3bf7ff,2025-01-26,1479.03,electronics,0.352,UPI,0,2,0.286,tier3,0,6,night,0.19326835646210286,0.1072,0
cd95497e-576e-4518-9d2d-e77dbf262a6a,dea29f8e-ac26-475e-a225-300fac669ed0,2025-10-15,651.89,electronics,0.15,COD,0,23,0.305,metro,0,1,morning,0.2211439005048725,0.1693,0
2c8cffef-fd82-415b-8c20-e26e3cf8f265,7f51804d-0307-4367-8d0c-719db1094ae8,2025-09-14,616.85,grocery,0.177,COD,0,5,0.323,metro,0,1,morning,0.21082490652703922,0.0704,0
cfb5a1db-68e4-4f09-be83-8f029172b472,8abd559a-1477-46ff-abdb-32d2db795792,2025-07-10,1462.13,electronics,0.111,UPI,0,2,0.375,metro,0,8,afternoon,0.3571737769623766,0.0655,0
dedd005b-a412-4c0b-b143-d024a4b7125f,4c113ca6-2f3e-4575-82ea-ec032586d824,2025-07-04,606.01,fashion,0.3,UPI,0,3,0.011,metro,1,4,morning,0.0920841435969077,0.2112,1
3ac0d872-f7b3-43f6-b9ba-0d69b0ccacbc,4490790e-4fea-4b93-a5b7-205d0c72419a,2025-01-01,471.23,fashion,0.119,COD,0,2,0.267,tier2,1,1,afternoon,0.33375713618452035,0.5928,1
885103b6-72c6-43d8-ba68-653ccd40f40a,460bc87a-beb1-4f56-a5cd-1ec17422b34a,2025-03-18,1922.4,home,0.626,COD,0,5,0.076,tier3,0,3,afternoon,0.10883559867342446,0.4001,1
35f35bd0-dcb1-42c9-80dc-c5128fb2e88b,d58ed780-65ee-4c51-be5d-39ded6ec4c3d,2025-03-05,1137.86,home,0.374,COD,0,4,0.359,metro,0,3,afternoon,0.3745706193331196,0.1937,1
95e8ce25-9e65-4e4d-8e2e-61f5593a1297,6726dd8b-487c-42b4-a0c7-20aaf05de3de,2025-07-13,492.03,electronics,0.351,UPI,1,0,,tier3,0,4,evening,0.36643236650295463,0.1008,0
906458d9-091e-4fed-9296-6e393079e99d,b411f36e-bf74-4ba0-bff0-a67770bd35c5,2025-05-24,1766.08,beauty,0.24,UPI,0,8,0.469,tier3,1,7,morning,0.4451782602422671,0.5143,1
8fa90712-9c17-4f81-9c69-c6aa30022531,c96a9e4f-f6e2-4582-900e-e47a05c7f83a,2025-03-14,1785.73,fashion,0.116,UPI,0,10,0.431,metro,1,3,morning,0.45454338905514596,0.2242,0
660f3108-37d2-4a45-82fb-39d246e6dcb3,79870c14-e7a8-4b74-b080-737281e6f542,2025-01-04,3657.62,fashion,0.453,netbanking,1,0,,tier2,1,2,evening,0.2743314634685149,0.375,0
c66b1305-0928-42d2-9cfb-533c73affff1,06685c5f-2341-4003-97cd-809136d21d44,2025-01-24,705.65,beauty,0.075,card,0,10,0.445,metro,1,3,night,0.391147140695262,0.0534,0
c3a76e74-0a54-4891-aa24-73b0afd44382,e4fc2035-70f1-45b1-82d0-0ee396f0a984,2025-03-24,250.0,fashion,0.354,netbanking,0,13,0.169,metro,1,4,afternoon,0.21199326223067969,0.308,0
543f1d50-9d63-477b-a666-234f4944e21f,c98a4cb4-7028-4dff-af37-84307e0c0e6f,2025-03-02,1433.96,fashion,0.189,UPI,0,5,0.24,metro,1,2,evening,0.16177634634701885,0.2061,0
926917ad-4fb2-4997-b2f7-9ec6701406e3,487e0072-ff7c-4376-aa94-0ed39d21882d,2025-04-30,1056.92,fashion,0.43,COD,0,6,0.219,metro,1,2,afternoon,0.10058728392504118,0.4307,0
1dcedc61-af52-49bb-abad-1b19b74c69cc,945dbbbe-9d42-495a-b3dc-bd8ca5144cf0,2025-06-09,553.23,electronics,0.514,UPI,0,1,0.014,tier2,0,3,evening,0.03758950939721761,0.0792,0
e925fa47-0af4-435a-b3e5-5e8d4c0255e8,aea406eb-bc1a-4601-b2b0-92e65ab755cd,2025-05-08,284.34,fashion,0.52,COD,0,2,0.42,metro,1,7,night,0.5424554488796087,0.8573,1
96ef1337-c500-4e86-b69d-6696a81327b3,b409e3d7-b9a4-422f-952f-eaf1d5521144,2025-09-21,788.67,fashion,0.058,UPI,0,11,0.394,tier2,1,2,morning,0.3974441051585353,0.1165,0
6fe7ca93-11b6-4635-be7e-b1b68d1984c3,d2e06185-41b3-4488-a0c7-7165ae31370e,2025-07-26,984.02,beauty,0.102,UPI,0,9,0.478,tier2,0,1,evening,0.4955830568370258,0.185,0
4e331737-05f0-4da9-b2a0-67b28f5cbe8f,835b4038-88dc-4965-b6b8-921d3b0ad19c,2025-07-15,425.54,electronics,0.213,COD,0,15,0.13,tier2,0,1,afternoon,0.18168234468688693,0.08,0
31a4f30f-5371-4d14-8797-8a5820b260a8,95812633-1bca-4485-8e82-3cf1daf05ab6,2025-04-25,2116.92,electronics,0.527,card,0,10,0.248,metro,0,2,afternoon,0.16802115856295066,0.0312,0
ba3b2669-3ec1-417b-a7a5-e5d99d732ba2,5e758f8f-c2ad-4e0c-b4fc-026916c24854,2025-08-18,658.12,fashion,0.291,card,0,22,0.02,metro,0,3,evening,0.048627470043128354,0.0725,0
e8dae9ed-166d-4e5a-98c3-e137b8c3df5c,f8058711-faa6-4eca-a2ab-1fa0ad185832,2025-05-06,1761.74,fashion,0.08,card,0,6,0.097,metro,0,2,morning,0.04047509547806022,0.1174,0
db255158-0c3f-4174-af8e-6c5fa5b1a2f8,b3cf3447-78bb-4c56-ad60-4b6d8aa2c4ed,2025-01-30,4258.74,fashion,0.228,card,1,0,,metro,1,2,afternoon,0.49997027811458317,0.2002,0
0f550989-ea60-41da-b59a-d0987d353212,487e0072-ff7c-4376-aa94-0ed39d21882d,2025-08-30,250.0,home,0.2,UPI,0,7,0.096,metro,0,2,afternoon,0.10058728392504118,0.0453,0
ceff7d5e-5655-4aa3-b2bf-bf6581126c32,b1336f06-4498-4785-9356-a28b8e793e2a,2025-02-02,431.33,fashion,0.7,UPI,0,1,0.116,tier2,0,3,afternoon,0.1290336246566356,0.1053,0
8a1de747-6e10-4fbe-bcaf-c23f87b5d83d,c86a75f4-eea7-4fce-b017-88f6e68c8ccf,2025-06-03,366.52,grocery,0.526,COD,0,5,0.374,metro,0,1,evening,0.32801543383093573,0.1962,0
ac91da88-6e37-49a1-bcda-3d8f823ab655,22adfe02-060f-43f8-80f6-782603b888e9,2025-05-10,5611.41,electronics,0.424,COD,0,1,0.497,tier2,0,3,evening,0.39867930835006377,0.0987,0
31827845-6c1a-45ca-995f-ba1444200819,c6a0b833-3377-4046-a0dd-379e39f2778e,2025-01-14,3158.87,fashion,0.247,netbanking,0,2,0.408,tier2,1,3,afternoon,0.5079322839859531,0.185,1
f8e55ab1-ff64-4567-80be-8afc018623db,e4fc2035-70f1-45b1-82d0-0ee396f0a984,2025-10-07,1203.98,fashion,0.181,card,0,14,0.0,tier2,0,4,evening,0.21199326223067969,0.1333,0
127671b5-2a2f-40f4-bc9c-df2dc5d91628,e95af2c5-ffae-427d-a151-10aa5d3eac5d,2025-01-30,7340.49,electronics,0.158,card,0,3,0.364,tier3,0,5,night,0.20300873036155653,0.0177,0
350e6861-f53a-4d59-8555-baaa6819cd73,6a72a586-9fca-4e98-a9df-52567df72a6a,2025-04-05,890.55,home,0.421,UPI,1,0,,tier2,0,2,evening,0.2510628995968812,0.2622,0
7db4e6bb-abd5-4c9f-a317-a844954fc68a,23e32764-758e-4794-955b-dcf8340ad6bc,2025-02-08,1309.71,fashion,0.36,UPI,0,4,0.231,tier2,1,1,evening,0.2484904830770941,0.2891,1
1c3073d1-c232-4c5f-8099-e737c35d238a,c967d130-c116-4a5c-8589-391097b66b37,2025-05-16,1576.13,fashion,0.399,UPI,0,16,0.064,tier2,1,1,night,0.04915448350944119,0.226,0
148c7703-9a9c-4713-bd8c-cf634a03ce33,894cacb0-1a22-4a51-98a1-cbc234902593,2025-01-08,3219.58,fashion,0.75,COD,1,0,,tier3,1,6,morning,0.06133481491675551,0.7584,1
80dac5eb-505e-475d-a536-548e13bc8b49,ac8ee436-067a-4aac-8496-8e40cfb19bfd,2025-05-27,3213.29,electronics,0.318,UPI,0,20,0.23,tier2,0,2,evening,0.2595265118239566,0.0503,0
3e305da6-92dc-405d-b947-3739ff02f81f,c3f1cc06-68c1-442a-b18b-6338217bcf62,2025-09-15,1837.99,electronics,0.243,netbanking,0,13,0.061,metro,0,3,morning,0.1091421274751211,0.0272,0
697d3252-d0b2-4210-be16-918969ec12cd,446be13a-a36f-4af4-a641-229b2b47a163,2025-10-20,2982.7,fashion,0.253,UPI,1,0,,tier2,1,2,morning,0.25827168717093074,0.3173,0
bc7fec38-65be-4d45-af47-08ae1fd6e79d,486a908c-5502-4cc0-9b75-37b03e21f6b3,2025-10-06,1063.98,electronics,0.358,COD,0,5,0.167,metro,0,3,evening,0.20531948812490197,0.1934,0
eb198cba-0d18-4147-af44-028c72e1220d,1ec19d12-c4c9-4320-a035-98e17c951577,2025-03-19,3250.64,fashion,0.501,UPI,0,18,0.158,tier2,1,3,evening,0.18576378008237582,0.1181,0
90631f3f-f2df-4be2-8d2b-c8aaacc466b6,e6b84507-0320-4dab-b918-04a7dcb15931,2025-10-20,1962.93,home,0.291,UPI,0,6,0.252,metro,0,3,morning,0.27966983742156076,0.0407,0
2ad6ab77-312b-4381-8b1f-9cd99c80e1e0,a19b74ce-2dd0-448c-9596-cfd94fb916d8,2025-08-23,1897.85,electronics,0.369,UPI,1,0,,tier2,0,1,afternoon,0.17240635799463866,0.1323,0
efe7230b-ff96-4b29-8164-84b9faf8e03a,dda5b132-3c35-48db-8feb-21f14075f104,2025-07-27,513.88,fashion,0.299,netbanking,0,6,0.259,tier3,1,3,night,0.23310699843617838,0.5161,0
1332f37f-1af7-4bd2-87ec-485ca929c44f,af96ed19-8040-4988-b823-c92d3c4310f9,2025-04-03,2083.91,home,0.244,UPI,0,1,0.168,tier3,0,7,morning,0.23815835049683093,0.0327,0
c87db770-d55e-41e0-902e-2c32c76987b2,a19b74ce-2dd0-448c-9596-cfd94fb916d8,2025-01-15,2603.87,electronics,0.154,UPI,0,1,0.111,metro,0,2,morning,0.17240635799463866,0.0285,0
9df9a1c2-653b-429b-b06b-44680d47ccb3,83fe6a19-57b5-4519-982d-d7d7bca39396,2025-07-22,1759.42,electronics,0.624,COD,0,6,0.241,metro,0,5,night,0.26357426902472036,0.1873,0
e0784744-0f77-417b-894e-5afc6a06a983,7ec9d46b-0141-4835-accd-a9841843ca7e,2025-07-22,930.74,electronics,0.246,COD,0,4,0.11,metro,0,3,morning,0.07319325355511432,0.151,0
0301ad6f-c600-4ad7-b606-b609ba277002,cba0fbf1-c8e0-4aa6-8a6b-48f3baba929d,2025-08-15,1422.33,home,0.298,COD,0,11,0.234,tier3,0,4,afternoon,0.3706024922013499,0.1705,0
18b00aea-3e8e-4491-abe6-018534c1fa3a,d58ed780-65ee-4c51-be5d-39ded6ec4c3d,2025-03-04,1001.05,fashion,0.22,COD,0,5,0.419,tier2,1,2,evening,0.3745706193331196,0.4974,1
584bf0ec-8f0c-42e8-9a24-1f48f3bc287c,b7fee608-f381-4167-a173-bf1ad38bdb79,2025-03-05,467.42,fashion,0.438,COD,0,7,0.161,metro,1,3,afternoon,0.05881659853496958,0.344,0
00bfcd70-063c-4d0b-a9d0-182aa7c3547d,735fdab8-3c31-4c12-8344-b632847001e7,2025-05-04,2684.83,fashion,0.473,COD,0,6,0.504,tier2,1,3,evening,0.6231863021915255,0.5746,1
f5fdae43-2a4f-4899-ab17-36662a266880,b2fd4d0a-9c5c-49f9-b3af-f73bf96d9468,2025-02-24,482.73,fashion,0.372,COD,0,1,0.245,tier2,1,3,evening,0.29966387224425906,0.6412,1
4d11ef05-3203-4ecf-aabd-d7a6fdaf3323,1890b31b-1dee-42e9-ac0d-c65f3ce14b55,2025-01-17,1159.5,fashion,0.412,UPI,0,3,0.17,tier2,1,5,afternoon,0.1840815893241802,0.3016,0
c83a2226-7ab1-455b-b5ef-cb12761d0e9d,6d89b6da-05be-4f09-b2f2-542a975f2f53,2025-04-18,1107.47,electronics,0.152,UPI,0,4,0.267,metro,0,3,evening,0.3016559281489719,0.0349,0
cf4dd407-5136-4055-87ac-b1727fd324bc,e95326db-226d-4edd-9876-be5a977af4cd,2025-03-05,3140.22,beauty,0.182,UPI,1,0,,tier2,0,4,morning,0.32308733883501667,0.2166,1
c4ba764f-3cdc-45c4-8ce0-0467c8e06744,1ec19d12-c4c9-4320-a035-98e17c951577,2025-01-18,5581.49,electronics,0.53,COD,0,19,0.112,tier3,0,7,afternoon,0.18576378008237582,0.4622,0
d23aa665-b2c5-4446-98be-4c0fbb67397b,056e3d76-8183-4716-9184-151a4135f404,2025-03-10,612.32,fashion,0.071,COD,0,4,0.187,metro,1,4,afternoon,0.25703386186733934,0.2439,0
c57e391b-ae17-474e-b8af-2bca61dca8ff,0fe52a77-ffec-403b-ae12-f19964a0cf7b,2025-05-30,5660.51,fashion,0.714,card,1,0,,tier3,1,3,afternoon,0.07638737713356161,0.5619,0
2b02bda5-e08f-4025-8cfa-9d20daea0ea3,19bfd115-238b-4d11-9450-534330a1d394,2025-06-11,5657.74,grocery,0.142,UPI,1,0,,tier2,0,3,afternoon,0.2819624566275652,0.0335,0
2c0fd5bc-6811-4aaf-86d8-887fc15cc61f,d3db41bc-bf8f-46e0-94b1-984f27ff9af2,2025-10-05,2874.5,fashion,0.229,netbanking,0,20,0.232,tier3,1,7,afternoon,0.33315409272597374,0.4099,0
89cefb6b-c3c7-4b2d-a358-afc5e52b333e,7a4e9ee7-df87-4f79-9ec7-3f4c1f489075,2025-01-22,581.56,fashion,0.102,COD,0,25,0.243,metro,0,2,morning,0.23069756686430742,0.1728,0
fcb5a8d0-9598-42e5-b9c5-14f57ea98fc7,e4fc2035-70f1-45b1-82d0-0ee396f0a984,2025-05-28,722.38,fashion,0.172,UPI,0,15,0.293,metro,1,3,evening,0.21199326223067969,0.2948,0
336c2d6d-baed-40c7-a662-cd076d5c78e5,7a4e9ee7-df87-4f79-9ec7-3f4c1f489075,2025-05-05,685.89,home,0.37,COD,0,26,0.124,tier2,0,1,evening,0.23069756686430742,0.1999,0
dd43f61c-9687-423e-aab9-8aab5bc006ab,dcbde8ed-15e6-42ec-925b-4029065441d2,2025-03-11,1835.78,fashion,0.492,COD,1,0,,tier2,1,4,morning,0.05688903923637369,0.7029,1
fe2609cf-40c5-4d61-81ab-7604d732309a,e09861f6-9c54-4161-8abc-0cbec05336cd,2025-08-25,1164.76,electronics,0.374,UPI,0,1,0.136,tier3,0,7,afternoon,0.18766250228601905,0.0999,0
943e5a8a-5c0f-4ee9-a5d3-8d6e2a7203db,dcfb9946-a9ab-4782-b840-e6aa0ca016ed,2025-10-14,3434.92,electronics,0.156,netbanking,0,2,0.599,metro,0,1,afternoon,0.5048241459567955,0.0535,0
2ff39d8a-9ac0-4777-a64d-e3ad3fa3fb14,d36a7387-21ab-43e5-bcb9-dcddf807849d,2025-02-08,946.26,fashion,0.179,UPI,0,10,0.363,tier2,1,5,morning,0.30018529874356914,0.1542,1
34d89e56-6b32-4bb3-b433-5bcc4a579261,a6d7cc39-c408-4a35-a826-06da3efd2983,2025-06-17,250.0,electronics,0.088,COD,0,4,0.291,tier3,0,5,evening,0.3734683492632352,0.1739,0
76884e17-4146-405f-b1d5-e6bae0bccd37,835b4038-88dc-4965-b6b8-921d3b0ad19c,2025-04-22,10438.01,fashion,0.27,COD,0,16,0.297,metro,1,3,night,0.18168234468688693,0.2959,1
19d09a56-ece5-48ee-ad7a-3595d285e0b6,7f51804d-0307-4367-8d0c-719db1094ae8,2025-07-20,2569.71,fashion,0.158,COD,0,6,0.17,tier2,1,2,morning,0.21082490652703922,0.2079,1
1986b587-9acf-4650-94cc-6d857989ca77,19ae94ec-7d3b-445f-b9ac-092f54f91579,2025-02-18,1432.39,grocery,0.468,COD,0,8,0.038,metro,0,2,afternoon,0.06852796151158619,0.0937,0
5fe32aa6-94b0-4fe3-9d84-9117fa063aef,906a171c-f8ef-4c41-9106-4dedffaed9e4,2025-02-28,3019.94,home,0.308,COD,0,7,0.0,metro,0,3,morning,0.14849469586761202,0.1712,0
6331416c-cf32-4dbf-8b01-4a32ee236c9c,7bbedb9d-6c11-41cd-96f0-86c776beff82,2025-06-16,1163.57,fashion,0.172,UPI,1,0,,tier2,0,2,morning,0.2135570560405219,0.2289,1
9440410f-1507-4791-ae18-feba8fb7eb69,c901a58c-6ac4-4a3a-a5d1-4198a13622e7,2025-01-13,3419.44,electronics,0.146,UPI,0,8,0.166,tier2,0,6,evening,0.15906278458837203,0.0336,0
aa7c8897-c65f-45d4-9de1-83a260c810f3,e8236567-e21a-46bf-9ba0-de610564b03d,2025-09-11,8437.71,grocery,0.213,UPI,0,8,0.0,tier2,0,4,morning,0.0912579377429543,0.0067,0
69a89e6b-2f80-41f9-8c83-1ae8c3bcb037,a111ab22-4c88-4d83-b499-448d82133ae3,2025-04-02,2093.8,fashion,0.097,card,0,5,0.309,metro,1,2,evening,0.2568909066288726,0.0885,0
ca0a7875-05a0-4634-934d-b5b908972d87,236d11d7-cc84-47c1-9d4b-15dd6891dcbc,2025-01-13,1157.66,fashion,0.165,UPI,0,19,0.1,tier2,1,3,afternoon,0.22121655786542901,0.1515,1
ea04d614-9769-44ab-8577-ab3a81621ba2,c5e8aef0-7362-4837-9a04-8b3fa7ff821e,2025-02-13,250.0,beauty,0.553,COD,0,15,0.434,tier2,0,4,afternoon,0.5144941083307562,0.6984,0
9aec3d5f-6cca-43be-a871-add18525e770,17b4ac80-5793-4301-bfa9-f9aefc25fff1,2025-10-05,250.0,beauty,0.247,COD,0,8,0.243,tier3,0,9,night,0.12601617248198352,0.3201,0
b05b30b7-5099-46c3-bfd4-17a0d54907a2,544b57dd-aae8-4d49-a2dc-9382a2b7ff69,2025-10-11,768.82,grocery,0.462,card,0,8,0.069,metro,0,3,afternoon,0.05655306904883348,0.0287,0
b3e5ea30-9b71-4948-a7e6-5bf8aa8d24ea,bd8faecc-d38d-4f13-8a42-c17d6f850d10,2025-09-02,2856.98,fashion,0.194,UPI,0,4,0.158,tier2,1,4,evening,0.26335659719559446,0.0939,0
d6152619-16c3-46a1-bef3-3543f640732b,4e40c152-4279-4fbe-8a2f-a127f5613ef3,2025-02-12,3974.79,fashion,0.064,UPI,0,21,0.023,metro,0,2,morning,0.08097222048102413,0.046,0
261dc417-0282-42be-b06c-0a2e19501246,f04ea3ca-68ee-4efe-a612-fe50610fd2dd,2025-03-29,767.8,fashion,0.112,UPI,0,13,0.253,tier3,1,2,evening,0.2242312963277271,0.1336,0
5b73013e-e797-4961-af02-ede210000de0,cd508d92-15fe-4a35-9c1b-37a278d36ea4,2025-10-15,250.0,electronics,0.51,netbanking,0,18,0.312,tier3,0,7,morning,0.2771725532528444,0.1472,0
62977f63-6b12-4a1f-80e8-1ce9cb55485f,9d1d8bca-9218-4856-8619-cfee194da74f,2025-10-17,4804.45,electronics,0.445,card,0,20,0.165,metro,0,4,afternoon,0.24874291058771908,0.0069,0
2dd70f0b-d515-4d07-abed-89ac1ba66b48,5c3a491b-f023-457b-9da7-95a4eedebd89,2025-08-01,250.0,home,0.277,card,0,13,0.026,metro,0,3,evening,0.12936071938754626,0.0527,0
2edc7f01-9245-4d69-baa3-bde87d2f9f46,dda5b132-3c35-48db-8feb-21f14075f104,2025-04-07,3574.67,electronics,0.186,UPI,0,7,0.112,metro,0,2,night,0.23310699843617838,0.0264,0
64816048-2032-4fa7-b9f6-bb37041e7bf4,7ec9d46b-0141-4835-accd-a9841843ca7e,2025-09-06,1013.14,fashion,0.328,COD,0,5,0.011,metro,1,6,evening,0.07319325355511432,0.3263,0
3e000d3a-82bd-4df6-bbc1-ff1d3d6845a3,1d389e03-f41d-4493-8048-8d028a5d27f2,2025-03-20,4974.18,home,0.534,COD,0,6,0.34,tier2,0,7,afternoon,0.3251850941589013,0.2029,0
c3532ed4-e143-4434-8a1e-8a01e954bd9a,bd3a6289-ca9f-4419-850e-e8e8edf0e3fe,2025-03-05,1875.06,home,0.177,COD,0,2,0.492,metro,0,3,evening,0.5280280326519072,0.1378,0
c7f52147-b0fb-44b6-8278-3d9a8db40c70,4c2d0fbf-fe06-450e-8a17-136766d2e685,2025-07-06,289.89,home,0.105,UPI,0,6,0.278,tier3,0,5,afternoon,0.23081817084314912,0.1153,0
ced8a11b-8159-4a03-84c1-eaa65beeb1cb,c5d85ede-c256-42df-b993-35deb12a5516,2025-04-06,701.46,home,0.257,UPI,0,14,0.23,metro,0,6,evening,0.3517803851773976,0.0656,0
8cf4fd69-18f2-4433-9027-87faeabcd5db,70fbd7a9-7e4e-471f-a184-24d9cda9ee4b,2025-03-10,2027.08,beauty,0.235,UPI,0,1,0.271,metro,0,2,evening,0.28318456286061405,0.1389,0
c5484b8b-d776-499c-b0b8-60e08090408f,44408e56-9a11-44d5-8a79-5e1ddafd28e1,2025-07-09,703.54,fashion,0.242,card,0,14,0.196,metro,1,3,evening,0.24706696213115537,0.3548,1
3f829b4c-b16d-4818-af7c-f99dc6fd6489,60ab47fa-fe76-4aa1-9125-a3006288e298,2025-08-24,250.0,beauty,0.413,COD,0,14,0.154,metro,0,4,night,0.2897378778415542,0.2536,1
6b8ca99e-712b-4b91-b08b-a6f535c3913a,e6b84507-0320-4dab-b918-04a7dcb15931,2025-08-09,250.0,beauty,0.039,COD,0,7,0.273,metro,0,4,night,0.27966983742156076,0.3295,0
570119b7-33d3-4af2-a11b-abc044ba2b29,6a72a586-9fca-4e98-a9df-52567df72a6a,2025-01-20,313.84,electronics,0.296,netbanking,0,1,0.377,tier2,0,4,evening,0.2510628995968812,0.169,0
6f465557-8e98-4d8a-a62e-7fe0c6c75331,6b914b9c-926e-4431-b82e-f178aae9d5c0,2025-04-30,1195.35,fashion,0.136,COD,0,10,0.407,tier2,1,6,evening,0.2677657562695904,0.5998,1
274423e2-4199-4f09-b279-23d6cfee3fc5,6bfa235b-d4d0-446f-85d2-e8dc00a3d98f,2025-10-20,4164.76,home,0.714,UPI,0,9,0.767,tier2,0,5,morning,0.6039320915435429,0.1373,0
655dc626-f52e-4a65-8dbb-d6a8710c1509,67939c94-864b-476c-adbc-b69702fdd112,2025-09-20,2920.62,fashion,0.174,UPI,0,8,0.386,metro,0,3,evening,0.3325622338548419,0.1089,0
a8e59c20-dcf8-4cdb-b088-7e69ebcaa098,4a12f04d-57b1-402a-bbea-6785ac8ca8a5,2025-09-20,1078.08,beauty,0.122,card,0,1,0.218,metro,0,4,evening,0.06025214601248902,0.0597,0
07fe1570-5e5a-453c-a301-6a866d44d394,f08d853b-6894-4bb3-971c-4183b39fae0e,2025-06-13,3986.41,grocery,0.576,COD,0,8,0.156,tier3,0,3,night,0.2486017792851423,0.0814,0
862ea462-0f9a-4f33-abc4-3639d7db6d0b,f3ddac43-fdf3-4ccb-ae62-1bdf88af5fc3,2025-02-22,1289.42,home,0.126,UPI,0,2,0.313,tier2,0,4,night,0.2445339867991523,0.1833,0
e2e83ec0-5549-42f9-9b5a-b4f072f8adaf,adad285c-dcfb-40e6-a362-2c3954e9b92d,2025-08-24,838.09,fashion,0.374,UPI,0,2,0.495,metro,1,1,morning,0.6171434097870331,0.431,1
d4430117-b947-4f83-8dc7-32f11c6f5a64,8d6c684a-fe5a-4cfe-97ee-5cf4f3d27e8b,2025-02-13,1917.58,fashion,0.103,UPI,0,1,0.395,metro,1,2,evening,0.2971102685881172,0.0895,0
f6b3a8a4-3abe-4f28-9e35-41f7d0269d5a,ba9504c7-b413-4ee9-861d-702ad1482abd,2025-03-31,1903.57,home,0.054,card,0,7,0.108,tier3,0,3,night,0.21485681318313843,0.0596,0
a8f87325-291b-4024-9408-1a3f54deebcf,1d389e03-f41d-4493-8048-8d028a5d27f2,2025-10-05,1683.49,fashion,0.359,UPI,0,7,0.36,tier3,1,4,evening,0.3251850941589013,0.3305,0
9ef7cef1-226a-4b67-ac76-59521175e655,87c90f8c-18d5-41bd-a017-72dc3f5b1ad3,2025-04-03,2959.96,fashion,0.068,netbanking,0,7,0.294,metro,1,2,night,0.32765833124561905,0.1579,0
499f2bd2-37c3-45de-9912-7539db0a5ea2,387e3c02-124e-491f-b2e5-61469a52d190,2025-05-15,7401.98,grocery,0.159,UPI,0,4,0.173,metro,0,1,morning,0.11300670394722269,0.0066,0
b79d722e-7062-4c6e-846a-f6d10b2dbfd9,24dc633c-de4a-4152-ae24-3e42211235f1,2025-10-01,8225.1,home,0.178,COD,0,7,0.127,tier3,0,3,evening,0.03297163095944513,0.0307,0
38873db5-3fd2-45ca-a56b-ba47359b4760,056e3d76-8183-4716-9184-151a4135f404,2025-04-07,1558.09,grocery,0.193,card,0,5,0.323,tier3,0,4,night,0.25703386186733934,0.0652,0
f7a391ee-9c4b-4d71-9604-c95413960c6f,7b8bbb80-9288-4110-8551-1cae9b4fc549,2025-08-28,5087.2,beauty,0.252,card,0,2,0.057,tier2,0,4,morning,0.13908231984528782,0.1043,0
1c1179ce-379e-46a7-9b03-ba4949081c1c,a6256430-3c71-4085-bbd4-f11ec5db53de,2025-10-22,438.34,beauty,0.543,netbanking,0,4,0.207,metro,0,2,morning,0.20459557629689876,0.0973,0
4a6de132-cff3-4ed9-8058-84348282ed76,cda74f38-f117-46e6-86c1-27f5329aede0,2025-03-24,269.51,home,0.127,COD,0,3,0.561,metro,0,1,evening,0.5362129046914219,0.2212,1
836942fa-5fdc-46fb-9c94-662a95fb5186,92f8f8f3-1a19-41b0-9888-9ad14e0b35ba,2025-04-26,448.94,electronics,0.173,COD,0,9,0.109,tier3,0,7,night,0.14720873128711998,0.3045,0
ee126743-24eb-46c7-8b13-0e4af132af42,c5e8aef0-7362-4837-9a04-8b3fa7ff821e,2025-10-21,386.11,home,0.028,UPI,0,16,0.374,metro,0,2,morning,0.5144941083307562,0.0469,0
2ce7ba94-db88-43b5-8c72-ddf89910b8de,fddab96a-bc23-43d2-a1f4-76de3a7b7f5c,2025-07-02,1615.11,beauty,0.63,UPI,0,8,0.095,tier2,0,3,afternoon,0.08979930230446,0.184,0
d71f68ff-e3bf-410c-92e3-828709a80ed4,ec11d559-7980-4914-89e3-b56e72adba0b,2025-04-14,5651.8,fashion,0.014,UPI,0,12,0.171,metro,1,2,evening,0.1561219227039281,0.0613,0
ea381987-c399-4efa-b87e-b99b7946868a,78cceba9-3d2c-474b-9fa6-2572b3f3cad0,2025-09-25,3362.87,fashion,0.284,UPI,0,2,0.169,tier2,1,2,evening,0.26241881723183863,0.11,1
f899cfd2-e218-4f6e-ba29-61ced9466b00,a111ab22-4c88-4d83-b499-448d82133ae3,2025-08-23,8674.36,grocery,0.478,COD,0,6,0.207,tier3,0,3,afternoon,0.2568909066288726,0.0371,1
5533264a-8eb1-4922-b8b8-8be2cda49fcd,00ee6a6c-7fdb-4d2c-971d-b1bfa29fc269,2025-05-19,3148.47,grocery,0.169,COD,0,11,0.203,tier2,0,5,evening,0.18608348760507418,0.0521,0
60d9e44c-b7e6-41f7-80a3-d37a66b1c55d,44408e56-9a11-44d5-8a79-5e1ddafd28e1,2025-09-06,1009.67,fashion,0.381,COD,0,15,0.27,metro,1,3,afternoon,0.24706696213115537,0.4915,1
a1ae92ab-32b4-4b09-acee-e4653cbc0ae1,1c3bd688-9adf-4f99-a3fe-1e21e9441cc3,2025-07-11,274.74,electronics,0.588,COD,0,1,0.197,metro,0,2,evening,0.20995383460968203,0.1221,0
017d6c59-93fa-46bc-a604-ba9208ee4e21,e90f2e94-525b-47c4-b592-56daaf0983cc,2025-06-12,1764.4,beauty,0.082,card,0,4,0.32,tier3,0,2,evening,0.20763912883986363,0.0876,0
d4422d3c-d764-4e00-8ef4-20c729032ef7,60ab47fa-fe76-4aa1-9125-a3006288e298,2025-06-13,2199.28,home,0.461,COD,0,15,0.373,metro,0,5,afternoon,0.2897378778415542,0.0719,0
2435873f-9b0e-48d9-ae53-995393d2de8b,d2e06185-41b3-4488-a0c7-7165ae31370e,2025-10-14,2195.59,home,0.241,COD,0,10,0.523,tier3,0,4,night,0.4955830568370258,0.3708,0
aef69a3c-f5e7-4ae5-887c-90f2b2285ba3,e95af2c5-ffae-427d-a151-10aa5d3eac5d,2025-06-03,496.04,beauty,0.457,COD,0,4,0.403,metro,0,2,afternoon,0.20300873036155653,0.4192,1
a79e0d2b-05f9-4d84-9f10-afb2ded2e9c4,c987e835-2514-40cd-834c-f4d2261dd56b,2025-10-11,250.0,home,0.24,COD,0,10,0.058,metro,0,1,afternoon,0.06015710717930573,0.0893,0
510f5c12-eea0-47a1-aee9-51ae9a79221e,f2c8ae0e-52fe-4eca-b75b-3a0db84124de,2025-09-02,1359.71,electronics,0.388,UPI,0,1,0.508,tier2,0,4,evening,0.4893639098666145,0.1062,0
f0ad9625-7680-4e02-a8be-d0a7c6ac6db8,59265d36-e12e-4bfc-b8a8-29de0a16e8c5,2025-06-24,5051.56,fashion,0.167,COD,0,10,0.379,metro,1,3,morning,0.35941268307576457,0.2471,0
37b6f306-09b4-49e1-9062-fd6022124ca9,af2adf9c-435e-4fe7-a1a9-ef7535a438fc,2025-01-28,1346.55,beauty,0.307,UPI,0,2,0.515,tier3,0,4,night,0.46524312849146254,0.1359,0
af28e3d8-ac7c-4185-a2ab-ab07913d40cb,c287c9ce-296a-4388-9fc4-948757440938,2025-01-12,10369.9,fashion,0.253,COD,0,5,0.583,metro,1,2,afternoon,0.5885383197450833,0.2192,1
e7187220-a47a-4e52-bea9-e8258c036a7a,b2fd4d0a-9c5c-49f9-b3af-f73bf96d9468,2025-04-07,706.21,home,0.234,UPI,0,2,0.258,tier3,0,3,morning,0.29966387224425906,0.0873,0
c366729c-83c9-4ee5-a720-0de94d388a0c,c04c2c09-5f42-4b59-aeb5-6d35280a5d01,2025-03-16,550.27,electronics,0.146,UPI,0,9,0.153,tier3,0,6,evening,0.06067469417646223,0.049,0
e6bc81c0-34b5-4139-bb6b-82a47f9bccd8,16761a20-3269-4f16-945e-f043559094ff,2025-07-19,1157.1,beauty,0.427,UPI,0,6,0.09,metro,0,4,night,0.021433052089598018,0.0841,0
8bfd47d5-214f-4792-bfe3-ae835eba8596,c287c9ce-296a-4388-9fc4-948757440938,2025-05-07,4014.95,fashion,0.505,card,0,6,0.603,tier2,1,8,evening,0.5885383197450833,0.6515,1
e25dcd4c-0223-4ba8-a41c-e6743eee2491,429a3593-a1f1-41a7-8879-ead65bd1838e,2025-06-19,11535.61,beauty,0.273,netbanking,0,5,0.112,metro,0,3,evening,0.17602227586818103,0.0181,0
f03f5d02-af02-49c7-9427-845fc60cae36,16761a20-3269-4f16-945e-f043559094ff,2025-07-23,435.69,beauty,0.676,COD,0,7,0.011,metro,0,2,afternoon,0.021433052089598018,0.2495,0
4f2ce637-a9b5-45a6-9c2e-0c8f8996ea0f,85fb6dde-4673-4009-b279-08f034a747e3,2025-01-30,1554.55,fashion,0.262,card,0,2,0.264,metro,1,4,evening,0.2901295476709541,0.331,0
3c4604ef-02bb-4e09-8e9f-39fe6c3d060f,30888fd2-16bc-4533-a06f-0e0d4ed50f9d,2025-06-04,854.31,grocery,0.565,COD,0,8,0.294,tier2,0,1,morning,0.22452854262691951,0.2707,0
f2cbb103-6f39-4d5a-a29e-1729e9660512,a6256430-3c71-4085-bbd4-f11ec5db53de,2025-01-21,2170.18,fashion,0.177,UPI,0,5,0.2,metro,1,3,evening,0.20459557629689876,0.2176,0
f3539d8c-81ba-4548-8ec2-7e245a10610b,01c1b480-0c36-490f-be2c-8c7d6e7b971c,2025-03-13,340.84,beauty,0.1,COD,1,0,,tier3,0,2,afternoon,0.10351613948793689,0.473,1
9b68a21e-539c-48d1-ad0d-aabb976c5e55,0b6f3e2b-84fe-456b-ad93-ffcb76fb728f,2025-04-07,1553.23,fashion,0.088,COD,0,19,0.277,metro,1,1,evening,0.19762424986659227,0.3958,0
258953c1-5911-48a9-9676-38906cca8188,ba9504c7-b413-4ee9-861d-702ad1482abd,2025-02-23,250.0,fashion,0.036,COD,0,8,0.213,metro,1,4,night,0.21485681318313843,0.4373,0
84d6a97a-6896-4a40-ba48-29f8d2b9b3f5,28ec42d4-b23f-4146-a22d-131afdd06fec,2025-06-06,622.56,electronics,0.422,COD,0,6,0.327,metro,0,4,night,0.3958288561774479,0.3385,1
b2c58224-76c2-432d-a7ef-7cf7468547a8,ac8ee436-067a-4aac-8496-8e40cfb19bfd,2025-01-19,1639.31,grocery,0.321,UPI,0,21,0.1,metro,0,1,night,0.2595265118239566,0.015,0
e5c68b40-33ca-4b0a-a299-784c43367bdc,99147503-441a-4858-9bd7-29926eb2f3c3,2025-06-19,1369.92,fashion,0.061,UPI,0,11,0.28,metro,1,3,night,0.3870026797871902,0.1434,1
f9cf415f-5803-4fcb-af7c-3b79a27458e1,b5732716-378d-4d65-9eee-84ef8d625d58,2025-01-17,5647.13,fashion,0.231,card,0,1,0.159,tier3,1,4,afternoon,0.13269837554654837,0.2011,1
91118d18-883c-4ce1-995b-f81e4e22d784,5c3a491b-f023-457b-9da7-95a4eedebd89,2025-01-18,755.82,fashion,0.375,UPI,0,14,0.057,tier2,1,1,evening,0.12936071938754626,0.2319,0
2b3010b3-2924-4c65-bea6-23cb540d78b3,0852e904-4ae3-4e94-9040-aafca8116b30,2025-07-17,977.89,home,0.283,UPI,0,1,0.449,tier3,0,6,evening,0.40770299645353353,0.174,0
96b6aeb2-1f2a-4b74-a659-c173ba568207,5e758f8f-c2ad-4e0c-b4fc-026916c24854,2025-08-31,2156.15,beauty,0.352,COD,0,23,0.08,tier2,0,10,night,0.048627470043128354,0.3317,0
ae838f75-9dca-4027-911a-c62f91e1b77d,99147503-441a-4858-9bd7-29926eb2f3c3,2025-03-15,791.64,fashion,0.041,UPI,0,12,0.484,metro,1,3,morning,0.3870026797871902,0.1247,0
352a4da3-da24-4db3-b7e4-8b76c8711ff8,7ad27a3a-8478-4e6e-8267-856a59ca60a6,2025-10-06,390.79,fashion,0.284,UPI,0,1,0.187,tier3,1,6,afternoon,0.24671647255501258,0.4812,0
c1d8bbd2-e5d0-4775-a753-0e6edae36731,b7ef314c-9925-4a16-acaa-b6ca39d9a8d7,2025-06-29,509.8,fashion,0.097,netbanking,0,2,0.513,metro,0,6,afternoon,0.3456855814787548,0.1023,0
0747f40d-e288-4df7-a027-a2be649c4c11,5838baf1-7a04-4a52-9d9d-c2ef48187e91,2025-10-19,741.12,fashion,0.386,card,0,4,0.541,tier2,1,8,afternoon,0.5633005631276558,0.4223,0
a4d4c07f-4837-41d9-ab5f-12cc44e2313c,be194749-c270-40eb-9ff8-a980595ca209,2025-07-29,378.6,fashion,0.741,UPI,0,1,0.0,tier3,1,3,evening,0.15358953817365018,0.2059,0
ad86e270-5dfb-4586-b20f-30f07728e3a9,787739e4-6bfc-4e51-b3b0-26408d0e386e,2025-07-19,1988.28,electronics,0.216,netbanking,0,6,0.305,tier2,0,1,evening,0.3565159652552688,0.0402,0
f6261b04-63b1-471f-b07b-2920cda9c174,98bb6a4e-5816-4c18-b212-7ca3230dbc5b,2025-04-30,1516.74,fashion,0.125,card,0,2,0.334,tier2,1,4,afternoon,0.23555814035267542,0.2551,0
b8767e6a-aee4-48e9-91b7-0998d3f7c44a,85fb6dde-4673-4009-b279-08f034a747e3,2025-05-16,4056.44,grocery,0.288,UPI,0,3,0.335,metro,0,1,afternoon,0.2901295476709541,0.0228,0
2771a708-ab36-42cd-a3de-5a49f50e8b41,735fdab8-3c31-4c12-8344-b632847001e7,2025-10-21,5718.63,fashion,0.293,UPI,0,7,0.811,metro,1,2,night,0.6231863021915255,0.2182,1
3bb0ee1e-d4a3-4f8a-8147-09ad319bcbcb,3acfe917-5eda-40b5-8596-6954ab6007a4,2025-08-17,2312.11,fashion,0.344,COD,0,2,0.367,tier2,1,1,evening,0.20370978877684995,0.562,0
99172b34-1bb3-4c2f-bf01-35692aa05bd2,6c3f0a1a-8fec-42d8-96f9-176f7e65ba57,2025-02-03,484.17,grocery,0.444,netbanking,0,4,0.396,metro,0,3,night,0.2765406569294239,0.0622,0
3e81d81f-51ca-4230-88a1-fd69d6b23b73,9fb6398e-0d03-4ef7-b82b-f7d4b5edc8a2,2025-08-24,250.0,electronics,0.501,COD,0,6,0.183,metro,0,1,afternoon,0.2145242588320448,0.1094,0
fff43543-cfc1-431a-b8fd-40e28d1e4abb,d3db41bc-bf8f-46e0-94b1-984f27ff9af2,2025-09-19,2038.03,beauty,0.338,UPI,0,21,0.271,metro,1,6,evening,0.33315409272597374,0.3131,1
bfb7349b-59ef-4011-a509-f9b2b6a060c4,49a190f2-c9c8-441e-b450-f1343adf4d1a,2025-03-22,1666.95,fashion,0.331,card,0,13,0.164,metro,0,1,afternoon,0.4134664929263236,0.148,0
3875ac9c-bfd4-47f1-927a-a399e7b62c74,32dc089d-efad-4b52-ad01-a10342bd60d4,2025-04-06,299.37,home,0.277,UPI,0,2,0.395,tier2,0,4,afternoon,0.3168272953486334,0.0471,0
4852892e-7b16-434f-8f64-aacfc735613c,c96a9e4f-f6e2-4582-900e-e47a05c7f83a,2025-03-15,6430.08,beauty,0.323,COD,0,11,0.445,tier2,0,3,evening,0.45454338905514596,0.3611,0
ce453f13-61b7-4817-9ed1-153960a2426c,486a908c-5502-4cc0-9b75-37b03e21f6b3,2025-01-24,1635.69,electronics,0.159,card,0,6,0.348,tier3,0,5,evening,0.20531948812490197,0.0505,0
3a846056-46ae-4292-b060-d719ee8f47fb,4490790e-4fea-4b93-a5b7-205d0c72419a,2025-10-22,653.48,fashion,0.406,card,0,3,0.297,tier2,1,4,afternoon,0.33375713618452035,0.1956,0
860493a4-8ad1-4c3d-9ed1-d9dbbe2d6150,d477e243-3255-42be-a122-a88f8d1ace77,2025-04-14,1006.56,fashion,0.113,card,0,4,0.009,tier2,0,2,afternoon,0.14992661347758604,0.0359,0
43d198da-aba7-45ab-b16f-3395799a033f,c967d130-c116-4a5c-8589-391097b66b37,2025-01-19,4528.76,beauty,0.261,netbanking,0,17,0.0,tier2,1,3,evening,0.04915448350944119,0.0296,1
79afb7f9-2fe2-4e75-8928-4adcbb6231a3,9d1d8bca-9218-4856-8619-cfee194da74f,2025-09-28,1580.19,electronics,0.25,COD,0,21,0.067,tier2,0,6,night,0.24874291058771908,0.1162,0
7143cdc4-11e3-4d6b-a51a-5fe1f29da4d0,0651ab9e-5b2b-46c4-9215-ff97762857c1,2025-07-07,1718.39,fashion,0.45,UPI,0,4,0.449,tier2,1,1,evening,0.3926881472493449,0.2537,0
c6831e7d-2498-4eb6-8f57-91f1b82555d2,c987e835-2514-40cd-834c-f4d2261dd56b,2025-08-12,2425.53,home,0.462,UPI,0,11,0.012,tier2,0,3,night,0.06015710717930573,0.0316,0
6e5b2a02-54b4-49c4-bc84-aa02d69cdf41,f5069c4e-0691-43d9-b3e0-3efe7073ec31,2025-03-25,4927.98,fashion,0.419,card,0,8,0.0,tier3,1,6,morning,0.03542903995029727,0.1648,0
3cf80e6e-82ce-409d-af81-44b03551cd9a,5f406040-6dfb-4ae2-9890-7f640e616156,2025-04-29,9531.94,fashion,0.141,UPI,0,6,0.28,tier2,1,1,morning,0.2831068452109286,0.1514,0
222093e4-2a6d-4c32-ad96-2ad4c2874851,a55896b3-fb13-44ca-9f5b-cb9965b8c231,2025-06-05,1350.31,beauty,0.408,UPI,0,2,0.483,tier2,0,6,night,0.5304662995952951,0.1469,0
ca600dda-784f-4b66-931d-c69037ad85ff,f08d853b-6894-4bb3-971c-4183b39fae0e,2025-03-03,2663.9,electronics,0.587,UPI,0,9,0.191,tier2,0,2,morning,0.2486017792851423,0.0611,0
0b0d1fdd-0a97-4bae-81f0-4ff197ed34c7,c5d85ede-c256-42df-b993-35deb12a5516,2025-09-15,332.67,fashion,0.375,UPI,0,15,0.388,tier2,1,1,afternoon,0.3517803851773976,0.4215,1
ca7119fb-a0c2-4c7c-be98-0903e1f9669e,236f7d6b-10bd-4a54-8746-7d49b7da7128,2025-09-16,311.3,electronics,0.576,UPI,0,1,0.39,metro,0,5,evening,0.5811731376045629,0.2904,0
6e4059be-c78b-4afc-8229-514dca29141f,e8893ea0-a5e5-47c5-a190-3687521ebdb2,2025-01-10,307.05,home,0.454,UPI,1,0,,tier2,0,1,morning,0.039760932857473216,0.2432,1
acea215d-bb0c-47c0-968b-909a3ba92cfc,9e5d4987-8d7d-4c47-8cdd-0d477afd0d41,2025-09-04,3518.31,grocery,0.525,netbanking,0,7,0.009,tier2,0,1,afternoon,0.09221080951028436,0.0318,1
22bac32d-1b2e-43c9-a7bf-a9ec159b0fb1,544b57dd-aae8-4d49-a2dc-9382a2b7ff69,2025-10-02,1284.0,fashion,0.318,COD,0,9,0.0,metro,1,3,evening,0.05655306904883348,0.4626,1
1b7c7edb-5cef-4bae-a6ab-a14111856641,2bf1c610-a75b-412d-b0ce-9dc111d20e3c,2025-09-22,250.0,electronics,0.324,card,0,8,0.268,metro,0,3,afternoon,0.27780100478810504,0.0803,0
ece19537-dd93-419d-8743-2a5d15e440ff,47f823ff-61be-4208-9ddb-40e533de3e46,2025-10-26,756.29,beauty,0.341,netbanking,0,1,0.089,tier3,1,5,evening,0.13082075119550465,0.0774,0
f3e404ba-9f70-435b-9ca9-b1a4b705cb68,16ddae25-3f28-41d0-8a77-c8c87723adfa,2025-05-02,250.0,beauty,0.361,COD,0,9,0.254,metro,0,2,morning,0.30707185083804733,0.1783,0
7232d54b-0e3e-46b8-9dfc-b61ad1e9e59f,945dbbbe-9d42-495a-b3dc-bd8ca5144cf0,2025-06-30,2675.79,beauty,0.192,UPI,0,2,0.02,tier3,0,3,evening,0.03758950939721761,0.0793,0
3294dc3c-24ac-4aba-a3bb-0b74aac05106,ac8ee436-067a-4aac-8496-8e40cfb19bfd,2025-03-13,2114.68,grocery,0.293,UPI,0,22,0.352,metro,0,1,afternoon,0.2595265118239566,0.0201,0
d0ac21bb-cd7f-4940-acbf-f7fc20beb192,ba9504c7-b413-4ee9-861d-702ad1482abd,2025-01-05,5282.99,electronics,0.121,COD,0,9,0.213,tier3,0,5,evening,0.21485681318313843,0.0378,0
507b8555-be1d-4d50-8f03-8f736f41c51d,d58ed780-65ee-4c51-be5d-39ded6ec4c3d,2025-07-18,879.27,beauty,0.309,UPI,0,6,0.36,metro,0,4,evening,0.3745706193331196,0.0873,0
2732f27d-12a1-4212-8433-2a186559bc04,4490790e-4fea-4b93-a5b7-205d0c72419a,2025-10-23,1443.74,grocery,0.445,UPI,0,4,0.355,tier3,0,6,evening,0.33375713618452035,0.1071,0
a2ce1c72-8927-4e54-a89b-81f9f175b93e,4df6a3b0-7a24-4c8d-9f36-45157f53066e,2025-04-27,602.11,home,0.613,card,0,2,0.459,tier3,0,4,afternoon,0.42258989063174557,0.2815,1
21f4dfa4-b072-492e-be3f-08f019024697,460bc87a-beb1-4f56-a5cd-1ec17422b34a,2025-03-20,18213.05,home,0.415,UPI,0,6,0.166,tier2,0,5,afternoon,0.10883559867342446,0.007,0
6a1371cc-bb04-4580-a80d-80f4af2120ce,8f7406c2-6849-4d3e-92b7-6e3b17489d67,2025-04-11,804.93,electronics,0.454,COD,0,3,0.306,tier2,0,4,evening,0.3269451502115473,0.09,1
71f4a77a-33a5-4d3e-9e0e-f1a71d41731f,a4db88e6-ae16-4748-b823-872ab1d4baca,2025-09-16,7690.41,fashion,0.203,COD,0,2,0.335,metro,1,1,morning,0.23943546554719444,0.2356,0
413d6460-9eeb-4737-a544-79f4e39064d2,6df9a58c-9831-41d7-8a30-4c1802eb1988,2025-02-23,812.46,home,0.164,COD,0,3,0.127,metro,0,2,night,0.14393935494351567,0.0612,0
b218516b-b089-4e12-9180-114f804e23e0,60ab47fa-fe76-4aa1-9125-a3006288e298,2025-06-14,2582.64,grocery,0.086,card,0,16,0.287,tier2,0,1,afternoon,0.2897378778415542,0.028,0
520530cc-9eda-41ae-bb48-60aee8b194f8,d2e06185-41b3-4488-a0c7-7165ae31370e,2025-01-18,6746.08,fashion,0.424,UPI,0,11,0.561,tier2,1,3,evening,0.4955830568370258,0.2659,0
d8870b63-64e9-4be9-9c3b-1bcd11bc57a4,cd03dd27-2fc9-486c-998f-c61cf34b93ab,2025-08-18,1366.79,fashion,0.188,COD,0,3,0.458,tier3,0,8,afternoon,0.35614412579298554,0.381,0
0dcf6597-67cf-4c6c-ae54-98f988981afa,2286f067-3fb8-4d9d-8502-469f39a46441,2025-08-18,2076.94,electronics,0.272,card,0,12,0.402,tier2,0,7,afternoon,0.2798863894924076,0.038,0
e14442c1-2edb-4a80-9418-5d13717a490f,3678c134-a42b-4685-ad15-81b9e73e73aa,2025-07-12,4455.6,electronics,0.391,UPI,0,8,0.227,tier3,0,5,evening,0.1373435706874969,0.0923,0
7acb179f-d30d-4022-aadc-0392775c5e12,af989da4-8ff4-45a1-a5d5-4794c1a3f060,2025-06-05,2931.91,fashion,0.253,COD,0,1,0.376,metro,1,4,evening,0.38183286991587256,0.4518,0
948cbcfd-0026-4a2d-b168-50d96f3ab31a,830587ef-e382-4480-9a46-f2fb1f6d1a0b,2025-02-05,1398.88,fashion,0.216,COD,0,13,0.247,metro,1,3,morning,0.29038571770418864,0.2732,0
2c6f3df9-be3b-4592-9397-b72ae1be07ea,9d1d8bca-9218-4856-8619-cfee194da74f,2025-10-24,407.82,fashion,0.164,card,0,22,0.154,tier2,1,5,evening,0.24874291058771908,0.3729,0
7fc4af0f-8745-4267-a864-4b79483854e7,ace1ab49-d6e4-4784-9490-26eccef63611,2025-07-22,1242.69,home,0.231,UPI,0,10,0.0,tier2,0,1,evening,0.1503348970823547,0.0505,0
7b9ba52c-083b-448e-9894-da0d23f92d21,fb1954cc-c93f-44b4-9155-10ddd8571b6d,2025-10-18,736.95,home,0.454,COD,0,4,0.248,tier2,0,4,afternoon,0.23865381601921165,0.1973,1
a9cd30ea-c6ba-41ac-a606-20d02099138b,087cb0b3-1825-4e07-8f99-15e51db5e4d5,2025-10-01,3106.15,fashion,0.272,card,0,1,0.494,tier2,1,4,afternoon,0.36187966998918064,0.3818,0
b0d12b64-e0b3-43e1-98d5-0132bb118404,835b4038-88dc-4965-b6b8-921d3b0ad19c,2025-03-18,1605.29,beauty,0.18,netbanking,0,17,0.209,metro,0,5,morning,0.18168234468688693,0.0879,0
917e1482-dc87-433d-b42f-47718bfeba02,7ec9d46b-0141-4835-accd-a9841843ca7e,2025-02-08,1245.65,fashion,0.158,netbanking,0,6,0.037,metro,1,1,evening,0.07319325355511432,0.164,0
0d9d8217-571c-4e10-a6e9-83c9330c82d2,4ed8649d-1f98-49ba-9ac7-95ad3fde0f37,2025-02-25,1655.5,fashion,0.75,card,0,4,0.29,metro,1,1,evening,0.36581399891508337,0.4124,1
795fc884-5505-49e2-9b6c-1905eac69471,80281626-ed74-46d1-a595-e40cdac50a8a,2025-04-27,335.35,fashion,0.132,UPI,0,7,0.283,metro,1,5,morning,0.25979890009270734,0.1044,0
c0076632-cdba-41e9-ae2b-366509ba4977,787739e4-6bfc-4e51-b3b0-26408d0e386e,2025-10-23,717.68,fashion,0.404,UPI,0,7,0.361,metro,1,1,afternoon,0.3565159652552688,0.177,0
4c08defe-fb38-491c-8f9e-194ac4716a24,694022be-f45b-4b98-8a1e-01682ff6e821,2025-09-16,256.2,beauty,0.141,COD,0,3,0.034,tier3,1,4,night,0.09634270484326586,0.2696,0
01c6195e-150c-4acb-8c50-759407babc7a,69364563-029b-4b8d-b6d6-09b30bc268e8,2025-06-09,260.34,home,0.168,COD,0,2,0.022,metro,0,1,night,0.12664862946612027,0.0393,0
dccfa20f-7bbd-4b0a-99fc-a1811b8d7efa,ccb655d6-cf38-407a-8bc7-0e7e075b7b40,2025-06-07,1020.76,fashion,0.659,UPI,0,5,0.266,tier2,1,3,evening,0.24986565117884016,0.428,0
b121e879-8671-4a25-b3bf-b63582bad9a9,b411f36e-bf74-4ba0-bff0-a67770bd35c5,2025-10-25,5891.79,beauty,0.551,COD,0,9,0.573,tier2,0,3,morning,0.4451782602422671,0.2811,0
59921585-a835-4129-92be-d4d9ecbadd8a,67939c94-864b-476c-adbc-b69702fdd112,2025-04-24,250.0,fashion,0.169,UPI,0,9,0.346,tier2,1,5,afternoon,0.3325622338548419,0.2591,0
110f5841-9edc-4137-bec9-e8f98fec7565,d36a7387-21ab-43e5-bcb9-dcddf807849d,2025-03-07,775.84,fashion,0.237,card,0,11,0.33,tier2,1,3,afternoon,0.30018529874356914,0.4662,0
f7cea813-31bb-4b97-b6f1-d66a458573e1,835b4038-88dc-4965-b6b8-921d3b0ad19c,2025-06-13,2371.56,beauty,0.183,COD,0,18,0.186,tier2,0,3,afternoon,0.18168234468688693,0.0874,0
e3ad1f40-5947-4f58-abe9-8dd1a36b9716,5a11ae1b-953c-41af-83dc-44c210b745e5,2025-09-02,958.42,fashion,0.637,UPI,0,8,0.217,metro,1,2,morning,0.13954174495960747,0.3257,0
76f8835b-aca9-4126-acf0-2bf8a9c69700,63d8dd12-39d4-4e1e-bdd7-72b1c1a0b1c0,2025-03-24,250.0,beauty,0.412,COD,0,12,0.094,metro,0,3,morning,0.22490754943212576,0.1293,0
62573b9f-30d4-4d7f-a9eb-d69b97fb2cec,2bf0d062-3044-43ad-afc7-95617e9ef54d,2025-08-07,410.33,home,0.246,netbanking,0,4,0.215,tier2,0,1,evening,0.24614417619698423,0.1524,0
66ca8a40-deab-4a08-b74d-f566751babe3,735fdab8-3c31-4c12-8344-b632847001e7,2025-09-06,2203.85,beauty,0.206,card,0,8,0.693,tier3,0,5,evening,0.6231863021915255,0.0972,0
6712765b-92d3-4c87-8345-a560d7ed2938,c987e835-2514-40cd-834c-f4d2261dd56b,2025-02-13,393.11,home,0.324,card,0,12,0.051,metro,0,2,evening,0.06015710717930573,0.1535,0
e7b11440-1150-4205-ad90-bf2867b7421f,ace1ab49-d6e4-4784-9490-26eccef63611,2025-04-10,2140.15,electronics,0.16,card,0,11,0.239,metro,0,2,morning,0.1503348970823547,0.0182,0
50dec9a5-a33a-4c52-85b8-92c7ccef3d4a,b7fee608-f381-4167-a173-bf1ad38bdb79,2025-02-27,844.7,beauty,0.301,COD,0,8,0.134,tier2,0,3,morning,0.05881659853496958,0.2389,0
b495c48f-7b63-4fc5-adad-624f8957a0d9,2b0aed48-0816-4dd9-b18b-7acd4c255c96,2025-06-21,1169.84,fashion,0.396,UPI,0,8,0.245,tier2,1,3,evening,0.19975800750299405,0.3314,0
9ae72722-aac8-42ab-af1d-d9202b327a0e,83fe6a19-57b5-4519-982d-d7d7bca39396,2025-08-17,1834.94,home,0.272,COD,0,7,0.334,tier2,0,1,evening,0.26357426902472036,0.2962,0
4d1196ad-ece9-40b0-a493-e97b1c0988df,87c90f8c-18d5-41bd-a017-72dc3f5b1ad3,2025-07-01,1842.45,beauty,0.187,COD,0,8,0.204,metro,0,3,evening,0.32765833124561905,0.0896,0
edf916c6-07a4-425a-ab74-c88a35c0b2e0,7a4e9ee7-df87-4f79-9ec7-3f4c1f489075,2025-06-17,5976.68,electronics,0.034,COD,0,27,0.307,metro,0,3,morning,0.23069756686430742,0.0241,0
47b9bcfd-3149-4a97-ac35-9dd11002e880,60ab47fa-fe76-4aa1-9125-a3006288e298,2025-09-09,1166.91,fashion,0.499,COD,0,17,0.345,metro,1,1,morning,0.2897378778415542,0.4933,1
f5517813-1705-41e3-9ab5-2505e8166da9,6b914b9c-926e-4431-b82e-f178aae9d5c0,2025-10-06,5016.09,fashion,0.313,COD,0,11,0.139,metro,1,1,afternoon,0.2677657562695904,0.3718,0
442bfc94-ac88-4a08-aaa4-71444aa1a38c,3c0df3e1-c239-441b-b4dd-153f99532574,2025-05-04,1698.66,home,0.079,COD,0,6,0.566,tier2,0,1,evening,0.5866676553486984,0.2237,0
0ec13eb2-4391-4baf-8ca9-ca32739870c8,835b4038-88dc-4965-b6b8-921d3b0ad19c,2025-07-28,3154.07,beauty,0.187,COD,0,19,0.236,tier3,0,4,morning,0.18168234468688693,0.2983,0
45d119d8-2242-4691-8a60-044e9a7f8d6f,0651ab9e-5b2b-46c4-9215-ff97762857c1,2025-03-01,490.89,fashion,0.098,COD,0,5,0.44,tier2,0,4,afternoon,0.3926881472493449,0.2328,1
229ae9da-d89e-4fb1-b4fe-cb7dc798d596,5a71659c-1263-4448-8731-60f1df983197,2025-02-08,308.82,electronics,0.311,UPI,0,25,0.376,tier2,0,2,afternoon,0.4468118022423648,0.0766,0
22876702-7e7f-4198-9ca5-b4a44668d9de,b411f36e-bf74-4ba0-bff0-a67770bd35c5,2025-03-20,1458.33,electronics,0.164,netbanking,0,10,0.337,tier3,0,5,evening,0.4451782602422671,0.0646,0
b341f03a-2ac0-4bcf-a006-0832ed69bddc,5a48b72f-7311-4233-8e19-238ff40a366f,2025-05-06,623.45,fashion,0.436,UPI,0,3,0.08,tier2,0,5,night,0.10212483545629032,0.1307,0
8336e87f-ee7a-4ae1-8c9b-1dd96795ccee,95812633-1bca-4485-8e82-3cf1daf05ab6,2025-10-08,378.36,beauty,0.321,COD,0,11,0.18,tier3,0,7,evening,0.16802115856295066,0.4326,1
76defd2a-4040-423c-b49c-51dd14551af6,5838baf1-7a04-4a52-9d9d-c2ef48187e91,2025-03-08,2614.79,home,0.046,netbanking,0,5,0.714,metro,0,4,night,0.5633005631276558,0.1393,0
7c686564-c73a-4a82-aeb0-6c3f2908897f,44408e56-9a11-44d5-8a79-5e1ddafd28e1,2025-07-11,1467.18,fashion,0.336,COD,0,16,0.28,tier2,1,6,afternoon,0.24706696213115537,0.4891,0
ecfc0f5b-b47c-4a80-af7b-7b089e9be192,5e758f8f-c2ad-4e0c-b4fc-026916c24854,2025-03-02,10129.72,fashion,0.213,UPI,0,24,0.179,tier3,1,5,evening,0.048627470043128354,0.0509,1
8a966f96-c50c-4f23-ba65-3a8b7e25bcc4,b0694581-e5bf-4757-913a-46834d324ff0,2025-06-24,1184.51,fashion,0.398,card,0,12,0.091,metro,1,2,evening,0.2365731909103324,0.2298,0
a8959acb-d13b-4c89-ad87-f899ed1bc73f,f585f611-cabf-4eee-9c1c-24b1689ac52f,2025-01-01,6835.73,beauty,0.359,UPI,0,3,0.225,metro,0,2,afternoon,0.24420543477340984,0.0461,0
2a019e92-36f6-4c54-87ff-c486a0241d79,f5069c4e-0691-43d9-b3e0-3efe7073ec31,2025-10-13,1521.77,home,0.053,UPI,0,9,0.0,metro,0,4,evening,0.03542903995029727,0.0506,0
91d56eb4-ff7d-468c-85f0-74a284d3abd5,1890b31b-1dee-42e9-ac0d-c65f3ce14b55,2025-06-24,6984.54,electronics,0.679,UPI,0,4,0.335,metro,0,6,morning,0.1840815893241802,0.0625,0
22b859a0-e9ff-4a7b-9514-1f213a4d6746,b411f36e-bf74-4ba0-bff0-a67770bd35c5,2025-03-30,1918.01,grocery,0.117,UPI,0,11,0.423,metro,0,5,morning,0.4451782602422671,0.0221,0
364fbcc2-8099-471c-b55c-526dbb289fd9,40842a00-ef3b-4689-9811-b9d52c77638b,2025-04-21,3111.44,fashion,0.309,COD,0,3,0.175,metro,1,5,afternoon,0.15250618963621082,0.5934,1
c693c885-0fd9-4e1f-9c5a-b7d5305e2ab3,cb772ef9-45e1-4d4b-9ad9-1d46caab33c8,2025-05-17,5894.7,home,0.247,UPI,0,2,0.239,metro,0,6,evening,0.14258967185168278,0.0463,0
aff94f22-c3bc-4c71-b1f8-3681628e46be,19407932-d8b1-4cf9-823a-27cc0a751c71,2025-01-03,624.21,home,0.182,UPI,0,5,0.352,tier2,0,1,night,0.24939791763606534,0.1174,0
1c3f1a2c-5580-46b2-8af2-5838dc3710ac,11174ed1-8ca6-4cf5-bbe2-8a4f930137ed,2025-04-24,1193.96,electronics,0.197,card,0,5,0.0,metro,0,4,morning,0.06842336486313001,0.011,0
61850bad-3259-4b2c-8d01-f0cf6a455a2f,af96ed19-8040-4988-b823-c92d3c4310f9,2025-03-01,2250.58,home,0.38,COD,0,2,0.176,tier2,0,2,afternoon,0.23815835049683093,0.1747,0
22600917-1f30-4c10-9942-034228040735,16761a20-3269-4f16-945e-f043559094ff,2025-03-07,615.87,fashion,0.484,COD,0,8,0.0,tier3,1,2,afternoon,0.021433052089598018,0.6908,1
9916fae4-bbef-4687-8cd1-f3fdcecaa39c,dea29f8e-ac26-475e-a225-300fac669ed0,2025-06-04,310.45,beauty,0.104,UPI,0,24,0.234,tier3,0,4,evening,0.2211439005048725,0.0963,0
99a5f64b-fc8c-478b-a3cc-8f294a09dff3,906a171c-f8ef-4c41-9106-4dedffaed9e4,2025-03-22,254.36,fashion,0.663,card,0,8,0.153,metro,1,3,afternoon,0.14849469586761202,0.3152,0
b9c94112-f4c5-4538-9971-8ae5bc23ec84,7d3a9b66-b1bb-44b5-8a13-b20768503009,2025-07-15,377.83,beauty,0.078,card,0,2,0.195,tier3,0,4,morning,0.11388016972116154,0.0266,0
8de50055-222e-4792-93e1-9afc366544c7,2b77e152-ac97-4061-9e6a-5abdc78bc29a,2025-05-12,3779.04,home,0.243,card,0,12,0.253,tier2,0,4,morning,0.29832839962512075,0.0477,0
61a64356-ed02-4253-9e42-352264d1a7cb,946e674c-f4ec-4a5f-844c-dd92739c41ac,2025-10-02,906.06,fashion,0.366,COD,1,0,,metro,1,2,night,0.6014601912708131,0.8502,1
066da638-c778-49cb-ac81-1378bfd03cd9,236d11d7-cc84-47c1-9d4b-15dd6891dcbc,2025-05-20,1718.83,electronics,0.093,UPI,0,20,0.2,tier3,0,6,night,0.22121655786542901,0.0586,1
3486b9b5-e9f5-4565-acc4-3aa2a62b4bb4,6c3f0a1a-8fec-42d8-96f9-176f7e65ba57,2025-01-26,442.09,electronics,0.325,netbanking,0,5,0.213,tier2,0,2,morning,0.2765406569294239,0.0877,0
0d617237-19f9-4082-a263-4273ff9d209a,c3bd6bd5-5d29-4bd3-a1c6-008db743b055,2025-07-02,2347.87,electronics,0.152,COD,1,0,,metro,0,3,evening,0.3173771501855524,0.1751,0
b1b2fd1b-d955-4192-92df-a1d4e7bf76b1,59265d36-e12e-4bfc-b8a8-29de0a16e8c5,2025-06-14,538.26,home,0.124,COD,0,11,0.367,metro,0,1,night,0.35941268307576457,0.1467,0
28a2addf-433b-4c95-b834-035e58cbdb7a,7d3a9b66-b1bb-44b5-8a13-b20768503009,2025-01-11,1388.04,home,0.2,COD,0,3,0.226,metro,0,4,evening,0.11388016972116154,0.139,0
349efaee-2554-4bea-84bd-a09b56a44bb7,80281626-ed74-46d1-a595-e40cdac50a8a,2025-04-19,3407.59,electronics,0.202,COD,0,8,0.054,metro,0,2,evening,0.25979890009270734,0.0904,1
32d36564-dd0c-43dd-8fa1-20ddd9224078,2a7fb427-4c3e-481a-9333-4b2ce1a6dfcb,2025-05-11,829.62,beauty,0.128,COD,0,4,0.013,metro,0,5,afternoon,0.04633846991413163,0.1754,1
b3b9cf56-b4bb-4e33-ad77-85d6033f62f3,c287c9ce-296a-4388-9fc4-948757440938,2025-06-01,3907.89,home,0.122,UPI,0,7,0.508,tier3,0,5,morning,0.5885383197450833,0.1143,0
81536ceb-7434-4928-bda0-9404b0e13e28,60ab47fa-fe76-4aa1-9125-a3006288e298,2025-08-20,2812.43,fashion,0.054,netbanking,0,18,0.322,tier3,1,4,evening,0.2897378778415542,0.1516,0
3dfe7852-2559-4c5a-abc3-c868540e56dc,945dbbbe-9d42-495a-b3dc-bd8ca5144cf0,2025-09-23,4665.62,beauty,0.215,netbanking,0,3,0.0,metro,0,3,evening,0.03758950939721761,0.0314,0
b630175b-7a2e-4123-9bd6-2009269fd5dd,cb8611ae-38b8-43ce-b1e3-ac68753f2f95,2025-02-18,804.53,electronics,0.595,netbanking,0,7,0.201,metro,0,4,evening,0.18284841178251302,0.0385,0
c7c6ae11-97bd-4490-b76a-d8d1d770dfbd,f3ddac43-fdf3-4ccb-ae62-1bdf88af5fc3,2025-07-30,1677.23,beauty,0.124,UPI,0,3,0.308,tier3,0,6,morning,0.2445339867991523,0.1286,0
bbe1b30a-e11f-44d5-91c3-e4c62e66c8c4,835b4038-88dc-4965-b6b8-921d3b0ad19c,2025-07-17,1628.6,home,0.074,UPI,0,20,0.175,tier2,0,3,afternoon,0.18168234468688693,0.014,0
c8e9086d-13b8-4bde-b768-17fe0a9adbde,c3f1cc06-68c1-442a-b18b-6338217bcf62,2025-03-02,591.48,home,0.75,COD,0,14,0.037,metro,0,3,afternoon,0.1091421274751211,0.1296,0
b6dfe3a8-55f8-41d3-8596-74ac2db3a955,b1a30137-7368-48c3-8194-6c835d158d6d,2025-03-18,5625.92,beauty,0.316,UPI,1,0,,tier2,0,6,evening,0.33042386606575225,0.1783,0
42cf40b9-4a36-4dd6-a0a4-f6a02f305813,cba0fbf1-c8e0-4aa6-8a6b-48f3baba929d,2025-01-25,1529.5,fashion,0.306,card,0,12,0.405,metro,0,5,night,0.3706024922013499,0.1815,0
4b2e449f-12c9-4d64-adcc-d94559483375,912383ff-d344-436a-862e-61ab640188b1,2025-04-15,3452.63,electronics,0.279,COD,0,6,0.666,tier3,0,5,evening,0.668440832463893,0.1412,0
ed5d3892-5907-4acf-8047-7ee2ee7b1f9e,906a171c-f8ef-4c41-9106-4dedffaed9e4,2025-04-06,1420.37,fashion,0.464,COD,0,9,0.159,metro,0,4,evening,0.14849469586761202,0.3714,1
66324720-79f6-487c-bff2-9ffe73d219b5,39e67ff8-0ce4-494c-8717-1d4f63efa14d,2025-08-08,316.3,beauty,0.311,card,0,3,0.325,tier2,1,4,afternoon,0.07293918209014336,0.184,0
aacc863d-5015-49b7-8bb6-58179f72a012,056e3d76-8183-4716-9184-151a4135f404,2025-08-04,5881.48,fashion,0.133,netbanking,0,6,0.22,tier2,1,4,afternoon,0.25703386186733934,0.1805,0
868e0e7e-1f13-4727-b9ab-f8bc6847694b,d9358869-66e4-4ee6-bb2e-f9062117fa78,2025-03-31,1426.9,fashion,0.427,COD,0,11,0.18,metro,1,2,night,0.2042925306906814,0.6685,0
3ce55c3b-95a1-4c1c-a8d8-81223db74520,6df9a58c-9831-41d7-8a30-4c1802eb1988,2025-07-12,12490.53,fashion,0.243,card,0,4,0.09,metro,0,5,afternoon,0.14393935494351567,0.0042,0
514bd1e4-a791-41ba-b6ff-8cc0aeef7260,c967d130-c116-4a5c-8589-391097b66b37,2025-04-25,2039.74,fashion,0.178,COD,0,18,0.013,tier3,1,4,afternoon,0.04915448350944119,0.6332,1
f1662fa6-40b0-4bdf-bbc6-42b62bdd8484,69364563-029b-4b8d-b6d6-09b30bc268e8,2025-03-18,2839.78,fashion,0.396,UPI,0,3,0.106,metro,0,3,evening,0.12664862946612027,0.1387,0
b949a51f-4c10-4a2c-a8fb-6463e6a9d822,bd8faecc-d38d-4f13-8a42-c17d6f850d10,2025-05-19,2497.92,fashion,0.258,netbanking,0,5,0.215,metro,1,4,afternoon,0.26335659719559446,0.2144,0
210c0473-e623-479b-8c5f-ced0f7f7aae7,00ee6a6c-7fdb-4d2c-971d-b1bfa29fc269,2025-02-09,308.33,fashion,0.271,COD,0,12,0.143,tier3,1,7,morning,0.18608348760507418,0.5399,1
6389f109-7c20-4f88-9363-9b2e03322511,f6e4c618-dbe9-4a39-a228-6cbd7c2f3e59,2025-04-30,250.0,electronics,0.287,COD,1,0,,metro,0,5,night,0.46479456251644435,0.398,0
17f133a2-da6e-478d-9a52-ac47813ea17e,5a633e28-f5a6-4ba7-ad44-926d3c088ff1,2025-10-25,573.36,grocery,0.088,COD,0,4,0.109,tier2,0,1,night,0.15422316215847254,0.0725,0
dc5a6d2c-c5e8-406d-a49a-1b8c60c3d634,9e5d4987-8d7d-4c47-8cdd-0d477afd0d41,2025-02-19,1901.19,electronics,0.159,card,0,8,0.185,tier3,0,5,night,0.09221080951028436,0.0719,0
1d101ac8-13e9-49a5-83d4-c5ed8e359d18,5c3a491b-f023-457b-9da7-95a4eedebd89,2025-10-20,4792.24,fashion,0.353,COD,0,15,0.017,metro,1,2,evening,0.12936071938754626,0.3015,1
64ac8c5c-a4ce-4938-bf2a-75a782a68c9c,f2811512-6d74-428f-81ae-77df22796b31,2025-07-19,3026.66,fashion,0.358,COD,0,16,0.337,tier2,1,3,afternoon,0.2916477929418046,0.5623,0
8ef8c384-39a7-4f38-87b1-2ad5b67420ce,a98ac6ed-5c74-42d1-a5a7-c801d82116e4,2025-02-15,2586.8,beauty,0.387,card,0,2,0.818,tier2,0,3,afternoon,0.7830202777801657,0.3,0
a4795276-2fe3-43ad-bc84-655502ce0b8c,d5ed1c34-161c-414d-b34b-6029b6051817,2025-05-13,957.0,home,0.409,card,0,5,0.192,tier2,0,3,afternoon,0.21478291236143027,0.0302,0
3bca780d-d12f-4b9c-bd71-ac00b3c53dea,a08246dd-24d9-48bb-b9d1-2b3dd9ac343f,2025-09-20,1087.34,home,0.169,COD,0,7,0.237,tier3,0,5,evening,0.19434600150643108,0.1706,0
b626d3b5-f6ca-4e7c-9cd3-2e4311e68aaa,60ab47fa-fe76-4aa1-9125-a3006288e298,2025-10-22,1160.66,grocery,0.363,UPI,0,19,0.365,metro,0,5,afternoon,0.2897378778415542,0.0372,0
50b9c069-86f7-4272-8e9c-fe1c5289a5ae,f29f4a7d-0757-4045-9f25-b4cdee8a1894,2025-03-02,1402.32,beauty,0.26,COD,0,2,0.322,metro,0,2,afternoon,0.11495022682730283,0.161,0
05f912bd-aaf5-49d7-8c93-ef968a40d6dc,ac8ee436-067a-4aac-8496-8e40cfb19bfd,2025-06-25,608.48,fashion,0.227,UPI,0,23,0.208,tier2,1,3,morning,0.2595265118239566,0.3633,0
42da58c0-f4d3-46f7-bfb0-9ea4fce3f870,6bfa235b-d4d0-446f-85d2-e8dc00a3d98f,2025-02-04,717.37,home,0.551,UPI,0,10,0.641,tier2,0,3,morning,0.6039320915435429,0.4342,1
bca1bc75-b0b2-40d7-b3b0-8eaeda149770,63d8dd12-39d4-4e1e-bdd7-72b1c1a0b1c0,2025-02-07,4046.29,home,0.097,UPI,0,13,0.274,tier3,0,4,morning,0.22490754943212576,0.0505,0
6a2700eb-aab3-447e-af14-32a4c5d1040e,c987e835-2514-40cd-834c-f4d2261dd56b,2025-10-19,387.93,beauty,0.17,UPI,0,13,0.081,tier2,0,3,morning,0.06015710717930573,0.0699,0
3305a696-0875-458c-98da-9d93edb0310b,7a4e9ee7-df87-4f79-9ec7-3f4c1f489075,2025-04-20,250.0,home,0.156,COD,0,28,0.174,tier2,0,1,night,0.23069756686430742,0.1823,0
9e1018c5-acfe-431d-9b3e-0de797e3ca64,d36a7387-21ab-43e5-bcb9-dcddf807849d,2025-01-18,1650.02,grocery,0.127,UPI,0,12,0.242,tier3,0,2,evening,0.30018529874356914,0.0116,0
d455b127-372a-406d-b1f3-fa092a382777,2286f067-3fb8-4d9d-8502-469f39a46441,2025-02-28,3069.82,fashion,0.232,card,0,13,0.319,tier3,1,6,morning,0.2798863894924076,0.1867,0
9d1daee2-df9f-4740-940e-8813969ab034,ce8ac74b-c6d0-4367-a531-d43bfe5b2bf6,2025-03-12,382.55,home,0.037,UPI,0,6,0.257,metro,0,1,evening,0.32830159764792616,0.0302,0
b97adb0b-4088-4b8b-be6d-0f04e9aa5328,a20df474-d4a0-4bf5-aa94-0fa372496968,2025-08-23,1700.38,beauty,0.483,COD,0,3,0.305,metro,0,1,morning,0.28099909876364537,0.3727,0
e56f60cb-b745-4c0b-8b3c-8f4b14f2bd36,d58ed780-65ee-4c51-be5d-39ded6ec4c3d,2025-06-23,445.96,fashion,0.342,card,0,7,0.496,metro,1,5,night,0.3745706193331196,0.2666,0
6f0e91e5-01f3-42b6-bbbb-23d3c8e9f71c,573ef44a-b7bb-44cb-ae0d-923c3a996227,2025-10-23,3761.68,fashion,0.124,card,0,5,0.177,tier2,1,3,morning,0.419905690979168,0.1296,0
fe4fa020-7a46-4313-8fe6-5e0eb1a9a712,cce5c7f6-4ae5-4d71-8510-ce1baced4c0a,2025-10-27,490.03,electronics,0.233,UPI,0,1,0.281,metro,0,3,afternoon,0.40080141861945334,0.0499,0
3709892d-b5c1-416a-ad79-5cefc6d6b7c1,00258287-8a04-42ba-9650-7b0d59933005,2025-09-07,1272.11,electronics,0.167,COD,0,1,0.134,tier2,0,5,morning,0.08621449582989908,0.0921,0
97eac79d-7dda-4e2d-ae36-70d081a133e2,2c8c4ed5-0ee6-4145-a8e3-a232e31c8b98,2025-08-15,4756.83,beauty,0.128,card,0,1,0.286,tier2,0,6,afternoon,0.28803227133965226,0.1865,0
444e23b5-1739-4a8d-b52c-81235d87151e,787739e4-6bfc-4e51-b3b0-26408d0e386e,2025-06-29,1416.38,grocery,0.356,card,0,8,0.305,metro,0,5,afternoon,0.3565159652552688,0.0359,0
0b387b5e-630b-4fc1-968b-3b6c79cfdb9d,4d47ad50-ed68-4545-af4f-485a9b29b711,2025-02-05,2471.28,beauty,0.376,card,0,15,0.088,metro,0,3,night,0.21989011196511407,0.1316,0
852f1c5f-f67a-4129-970c-2d336a198aa0,44408e56-9a11-44d5-8a79-5e1ddafd28e1,2025-01-31,14249.19,beauty,0.118,COD,0,17,0.372,tier2,0,3,afternoon,0.24706696213115537,0.024,0
0fdb92c7-7c72-429d-9494-b8a70b41c63e,1c4f6d08-f28c-411b-ad7a-7123a63db32d,2025-03-03,1185.82,beauty,0.188,UPI,0,3,0.755,tier2,0,4,evening,0.6433649856347546,0.0943,0
5794872d-9973-4af3-a73e-36284b97fcf7,135cec2a-b281-4cc8-92bb-64df5ed2c49f,2025-02-06,936.45,beauty,0.268,COD,0,1,0.586,tier2,0,6,evening,0.5069207836417344,0.558,1
e12c542b-d041-4ba8-a917-e37847f1b428,4d47ad50-ed68-4545-af4f-485a9b29b711,2025-02-08,563.46,home,0.126,UPI,0,16,0.155,metro,0,2,evening,0.21989011196511407,0.0516,0
fe3a95e8-b3c0-4b7d-b5cc-9d2012c37762,4f3c225f-0b4b-4f93-b874-e66903ab3dc3,2025-03-24,1699.82,fashion,0.269,netbanking,1,0,,tier2,1,5,evening,0.1551769252887446,0.4872,0
ef6f423b-ce60-4101-8ca4-1ffaa1025648,cb772ef9-45e1-4d4b-9ad9-1d46caab33c8,2025-07-06,640.73,electronics,0.176,COD,0,3,0.127,metro,0,5,evening,0.14258967185168278,0.246,0
5f2e9599-65ff-4e08-896b-a2b2572ef1e1,c5d85ede-c256-42df-b993-35deb12a5516,2025-08-14,546.43,grocery,0.264,card,0,16,0.282,tier3,0,6,evening,0.3517803851773976,0.0684,0
66c329e6-15c3-4c55-949d-9cdf9ac23494,2bf1c610-a75b-412d-b0ce-9dc111d20e3c,2025-01-26,609.03,beauty,0.191,UPI,0,9,0.345,metro,0,4,morning,0.27780100478810504,0.1011,0
15da3fb0-7c8c-49cc-9fe1-556ac00fd9c8,16ddae25-3f28-41d0-8a77-c8c87723adfa,2025-06-21,250.0,electronics,0.228,UPI,0,10,0.282,metro,0,4,afternoon,0.30707185083804733,0.0444,0
8b8cc66b-49c5-448c-b8d0-0507fb9b04e1,d2e06185-41b3-4488-a0c7-7165ae31370e,2025-01-12,2380.4,electronics,0.12,UPI,0,12,0.454,tier2,0,5,evening,0.4955830568370258,0.0582,1
96244d5c-b296-4174-89f6-837ddda1a1ac,9d1d8bca-9218-4856-8619-cfee194da74f,2025-04-15,1248.07,fashion,0.279,UPI,0,23,0.198,tier2,1,2,evening,0.24874291058771908,0.2488,0
a72b4e46-ff73-4817-a07b-85650eb51518,ed0d4cec-07d4-440d-a77d-2f0af2663244,2025-06-03,1304.76,fashion,0.376,COD,0,5,0.635,tier2,1,6,afternoon,0.6645072620284929,0.7976,1
83153426-2e79-4b4b-a7bf-b6c352f6a950,a202a749-e45e-4d7b-b9e4-97714e27bcb1,2025-03-22,1845.49,electronics,0.15,card,0,5,0.078,tier2,0,1,afternoon,0.1838032082155034,0.0391,0
e7e2402a-54ed-409c-90df-365dbe9bedc6,4d47ad50-ed68-4545-af4f-485a9b29b711,2025-01-29,1931.84,grocery,0.31,UPI,0,17,0.279,metro,0,2,evening,0.21989011196511407,0.0104,0
cf1510fd-9c1f-4c3c-b23b-f1339c13ff66,e09861f6-9c54-4161-8abc-0cbec05336cd,2025-07-13,12349.28,fashion,0.18,card,0,2,0.246,metro,1,2,afternoon,0.18766250228601905,0.0857,0
504820b7-2214-4397-be8a-2cb1a428a01a,397d373a-f33e-473f-9362-3154a53fe5ef,2025-08-26,3120.91,electronics,0.113,card,0,5,0.291,tier3,0,7,afternoon,0.3797344893685818,0.0625,0
150d67a7-6f7c-4ce7-8568-b77cf7e03d13,59265d36-e12e-4bfc-b8a8-29de0a16e8c5,2025-04-29,883.11,home,0.281,UPI,0,12,0.446,tier2,0,4,afternoon,0.35941268307576457,0.2353,0
8af9f820-b0bd-41da-a3a9-b2b0ec765bfc,59265d36-e12e-4bfc-b8a8-29de0a16e8c5,2025-09-19,527.16,electronics,0.327,COD,0,13,0.589,metro,0,4,night,0.35941268307576457,0.1541,1
e25a43bd-7692-4c98-8002-d2d4b7619378,b0694581-e5bf-4757-913a-46834d324ff0,2025-04-15,992.07,fashion,0.233,card,0,13,0.281,metro,1,2,evening,0.2365731909103324,0.1533,0
5fdb4879-2f77-443f-aec5-948bdef1eeea,1b822a8e-29be-454a-8638-28001d1c069c,2025-08-02,701.12,fashion,0.117,UPI,1,0,,metro,1,6,night,0.5646604890779957,0.408,0
aeddea16-ed1d-4927-a0c4-db464e210a26,6f63d08a-29ec-4cc2-91f3-053e58856a7a,2025-02-01,1081.49,fashion,0.433,COD,1,0,,metro,1,7,evening,0.03745152246394023,0.7007,1
3a6316ce-69b4-4391-8cfa-02ee1c70ebb4,0651ab9e-5b2b-46c4-9215-ff97762857c1,2025-09-25,1218.66,electronics,0.096,UPI,0,6,0.334,metro,0,2,afternoon,0.3926881472493449,0.0509,0
89af8fdb-14a6-4bd3-86bc-21aedc1edcf5,26a2a8f1-fd8f-4235-a9c7-77f65704c530,2025-07-16,5411.54,fashion,0.335,COD,0,10,0.191,metro,1,4,night,0.24597285000833133,0.4382,0
47d5eaa0-f4b9-49d8-9ec4-f66b18580447,0b6f3e2b-84fe-456b-ad93-ffcb76fb728f,2025-10-07,855.29,fashion,0.6,UPI,0,20,0.13,tier3,1,4,afternoon,0.19762424986659227,0.5696,1
bcd21e86-e412-4e8a-a8a5-f04382eb1bb4,5c3a491b-f023-457b-9da7-95a4eedebd89,2025-10-21,1196.88,fashion,0.708,COD,0,16,0.076,tier3,1,7,evening,0.12936071938754626,0.6489,1
2b07652b-ede4-4383-84f9-3bbdf0e547df,d3db41bc-bf8f-46e0-94b1-984f27ff9af2,2025-05-21,608.43,fashion,0.338,UPI,0,22,0.208,tier2,1,3,morning,0.33315409272597374,0.2028,0
4ebb81fe-44a6-4b69-8ef2-da6f18477c1b,9770188e-26df-49a0-9585-a1ffa837217a,2025-04-27,2822.72,electronics,0.227,netbanking,0,4,0.388,tier2,0,6,evening,0.2537284053397563,0.1009,0
96d39b13-b1e1-4f26-810c-0e6c2af4cfa3,f6e4c618-dbe9-4a39-a228-6cbd7c2f3e59,2025-05-22,436.17,fashion,0.218,UPI,0,1,0.576,tier2,1,4,night,0.46479456251644435,0.2161,0
a4411bf4-0111-4988-a287-322408caea14,056e3d76-8183-4716-9184-151a4135f404,2025-01-05,1272.73,home,0.192,UPI,0,7,0.24,tier3,0,6,evening,0.25703386186733934,0.146,0
651f3446-2ba1-47a6-b553-6794976d6d85,cba0fbf1-c8e0-4aa6-8a6b-48f3baba929d,2025-03-07,446.31,fashion,0.177,UPI,0,13,0.491,metro,0,1,evening,0.3706024922013499,0.1267,1
48c4101a-897d-41fd-b7de-f4712e7f7799,c1d72fdc-2ec8-4a56-acd3-5dc9168f5ab8,2025-03-23,621.52,fashion,0.234,COD,0,3,0.056,tier2,1,1,morning,0.16482652189748134,0.3441,0
c98fa33a-22f3-4da8-9913-1bbff8e56367,55e616ee-57f6-4114-bf71-66ec938bb019,2025-05-25,889.99,electronics,0.75,COD,1,0,,metro,0,1,afternoon,0.372235180820969,0.1513,0
484cd946-e478-4484-953d-8066b576bff3,265ca8d0-3df8-4d6f-9712-d08685f17132,2025-09-25,264.43,home,0.099,UPI,0,15,0.239,metro,0,3,evening,0.1913603605753747,0.0596,0
fb114ca7-b405-4960-896c-d0a523467c5a,79d62d2f-2160-4129-951e-311e22c29fba,2025-03-30,9457.56,electronics,0.153,UPI,0,3,0.541,tier2,0,8,evening,0.4187693037372645,0.0574,0
6c2a82bd-3c49-4ee3-9ba2-6e0e397e981e,c987e835-2514-40cd-834c-f4d2261dd56b,2025-04-30,1381.3,home,0.519,COD,0,14,0.016,tier3,0,3,evening,0.06015710717930573,0.1304,0
ab564401-b4ef-4aff-b9a3-757514c75950,787739e4-6bfc-4e51-b3b0-26408d0e386e,2025-04-17,250.0,home,0.23,COD,0,9,0.435,tier3,0,3,evening,0.3565159652552688,0.3377,1
971c8c71-e085-4267-a67e-08fa2cfb1bff,171da275-1177-47e0-8508-b0c0b9a18def,2025-03-01,3810.99,electronics,0.284,UPI,0,4,0.298,tier3,0,6,evening,0.2333357897188074,0.0893,0
f0077d81-5a39-4ac8-96ea-c4f5d2d38201,0cba70d8-7b76-4a59-90e8-413b36d73797,2025-03-17,4204.12,grocery,0.29,COD,0,8,0.244,tier2,0,4,evening,0.21055725528180214,0.0444,0
35269676-8763-48be-aa65-b79ffdfad9ec,0c4e5dbb-4b57-4f04-9753-79f273dbd64f,2025-06-15,3684.93,fashion,0.385,COD,0,1,0.249,tier2,1,4,evening,0.21438054858203234,0.4913,1
a7c1b356-b16a-42f9-872e-9b1c2ca57f70,5c3a491b-f023-457b-9da7-95a4eedebd89,2025-08-13,672.37,electronics,0.115,UPI,0,17,0.171,tier2,0,2,afternoon,0.12936071938754626,0.0671,0
763d7ec4-4248-4f7e-af98-71eae1ede3de,48b73317-327f-4f67-934a-b6dd2d521db4,2025-02-20,2913.44,fashion,0.329,UPI,0,9,0.316,metro,1,2,evening,0.24989906497225137,0.2036,0
0e15ddf1-18a4-45ba-9acf-bffb3eef8304,c5e8aef0-7362-4837-9a04-8b3fa7ff821e,2025-08-21,1281.01,electronics,0.328,UPI,0,17,0.61,metro,0,4,evening,0.5144941083307562,0.1209,0
c4105620-a2ba-4ab5-a9b5-670b55654219,c54de631-aee5-4701-9f59-a9acda7c1bd1,2025-01-04,1072.26,fashion,0.558,UPI,0,1,0.532,metro,1,3,evening,0.46341394989494955,0.365,0
26d8df59-afbe-41b5-b3a6-7e7d804b65d8,2b0aed48-0816-4dd9-b18b-7acd4c255c96,2025-06-26,648.07,fashion,0.142,COD,0,9,0.079,tier3,1,7,morning,0.19975800750299405,0.6188,0
2b076b06-1758-4466-878d-f32af1df61f6,b9ab6a4e-9e61-4225-8298-12bde10de7a7,2025-05-31,1767.79,electronics,0.153,UPI,0,8,0.093,tier2,0,3,morning,0.20154150931374812,0.0126,0
8a65506a-db3f-43d8-bab1-d82a5277016c,9fb6398e-0d03-4ef7-b82b-f7d4b5edc8a2,2025-05-24,466.06,home,0.018,UPI,0,7,0.212,metro,0,2,evening,0.2145242588320448,0.0656,0
843bdbbf-4c39-45ea-bfbf-c644d37d6dc0,11174ed1-8ca6-4cf5-bbe2-8a4f930137ed,2025-05-06,1818.0,grocery,0.086,card,0,6,0.05,tier2,0,2,evening,0.06842336486313001,0.031,0
f06b20c0-c37e-4027-92bd-9ac8bf1b180a,87c90f8c-18d5-41bd-a017-72dc3f5b1ad3,2025-01-31,250.0,fashion,0.097,netbanking,0,9,0.256,metro,0,2,afternoon,0.32765833124561905,0.0641,0
3884a0ed-f8b4-4bb9-aea0-e5691a51ec2a,f4f65833-e9e9-40f8-a25b-d72cb6b53f4b,2025-07-02,2034.85,fashion,0.529,netbanking,0,3,0.309,tier2,1,4,night,0.13254072284680365,0.2117,0
d3ffc1c9-f2f5-4fab-83b2-3ae7d16a8519,3c0df3e1-c239-441b-b4dd-153f99532574,2025-03-26,383.18,home,0.222,COD,0,7,0.459,tier2,0,2,afternoon,0.5866676553486984,0.5099,1
fb57547f-94a0-4e80-98d8-fdfa75d7b505,95d1a91d-5976-4563-a2a5-37d836d6cf96,2025-02-24,839.91,fashion,0.127,COD,1,0,,metro,1,2,night,0.42296540799688903,0.6697,0
74172797-7513-43d6-9ae4-3a586c0e3b40,1ec19d12-c4c9-4320-a035-98e17c951577,2025-04-12,1599.62,fashion,0.227,COD,0,20,0.082,metro,1,3,night,0.18576378008237582,0.1666,0
60bbeb2b-0bce-45a6-9997-22f8c0816acf,a2a6e4a7-73f0-4f60-8023-1d364c305e4d,2025-02-20,3008.43,home,0.75,UPI,0,13,0.278,tier3,0,3,afternoon,0.23228588338828865,0.1394,0
a2689ac8-dc30-456f-b8d7-6123442c09fe,0b6f3e2b-84fe-456b-ad93-ffcb76fb728f,2025-06-04,710.72,electronics,0.177,card,0,21,0.212,tier2,0,5,afternoon,0.19762424986659227,0.0178,0
e590f7ef-ccfc-4495-b723-b3af9af2076b,b411f36e-bf74-4ba0-bff0-a67770bd35c5,2025-10-04,250.0,fashion,0.194,UPI,0,12,0.384,tier3,1,7,evening,0.4451782602422671,0.3625,0
e4ff525b-3fb1-4610-b5f5-3cfe535d75ed,cd508d92-15fe-4a35-9c1b-37a278d36ea4,2025-06-20,829.07,fashion,0.44,UPI,0,19,0.366,metro,0,5,evening,0.2771725532528444,0.1681,0
f795fd3c-4efe-4fc5-aa30-eee51054e24c,76d2e938-826e-436d-8e9e-46c56a7a791e,2025-01-13,1841.07,electronics,0.26,netbanking,0,8,0.152,tier2,0,1,morning,0.22287364608691065,0.0632,0
ee567839-b6ee-4672-b589-1b154a185965,6d89b6da-05be-4f09-b2f2-542a975f2f53,2025-09-07,303.31,beauty,0.24,card,0,5,0.311,tier2,0,3,morning,0.3016559281489719,0.1087,0
c92a0015-23b8-4e42-8321-a6dcef6475b7,ce8ac74b-c6d0-4367-a531-d43bfe5b2bf6,2025-02-15,250.0,electronics,0.158,UPI,0,7,0.401,tier3,0,5,afternoon,0.32830159764792616,0.1865,0
f7eadf32-f2cd-456d-829c-752cd1f8b266,429a3593-a1f1-41a7-8879-ead65bd1838e,2025-09-20,15011.0,fashion,0.16,card,0,6,0.243,tier2,1,1,night,0.17602227586818103,0.0304,0
da384a7e-4438-4a57-a0cd-cfcf1b11b203,7f51804d-0307-4367-8d0c-719db1094ae8,2025-08-13,3280.1,home,0.511,card,0,7,0.219,metro,0,5,morning,0.21082490652703922,0.0221,0
84978fa0-93f6-4461-814c-5a2294ef714b,d9bc17ca-80dd-47e2-8dc5-79922a30764c,2025-10-02,928.87,fashion,0.258,COD,0,4,0.408,metro,1,1,evening,0.34134778732339127,0.5821,1
cf29182e-8334-4f08-947f-b5971c112b00,e6b84507-0320-4dab-b918-04a7dcb15931,2025-08-20,1821.76,electronics,0.066,COD,0,8,0.269,tier2,0,5,evening,0.27966983742156076,0.1126,0
4e1366b9-1762-4f97-ab02-fb7a7c3ea0f0,d9bc17ca-80dd-47e2-8dc5-79922a30764c,2025-05-09,4600.98,beauty,0.401,COD,0,5,0.369,metro,0,4,morning,0.34134778732339127,0.1699,0
defd123e-5865-4f66-a928-52efb1de9f59,6d89b6da-05be-4f09-b2f2-542a975f2f53,2025-06-13,763.45,fashion,0.09,UPI,0,6,0.183,metro,0,2,afternoon,0.3016559281489719,0.1425,0
83a64b62-af4a-4284-825d-3e0f5d83a43b,d9bc17ca-80dd-47e2-8dc5-79922a30764c,2025-01-13,418.39,beauty,0.292,COD,0,6,0.367,tier2,0,4,evening,0.34134778732339127,0.4126,1
eb039848-5fa7-4251-906c-9d80d03f419f,573ef44a-b7bb-44cb-ae0d-923c3a996227,2025-08-26,4884.05,beauty,0.273,card,0,6,0.561,tier2,0,3,morning,0.419905690979168,0.0529,0
fae435f7-3204-491e-bb18-e71fc26b1ff3,ecf7432d-87ec-467d-9c61-1102e6ef87c1,2025-06-01,515.92,fashion,0.335,COD,0,5,0.06,metro,1,1,afternoon,0.1036578444265268,0.4389,1
4dbb7a20-13a4-49cc-8d05-208dbd1421bd,c3f1cc06-68c1-442a-b18b-6338217bcf62,2025-08-22,1327.45,beauty,0.277,card,0,15,0.276,tier2,0,1,afternoon,0.1091421274751211,0.1917,1
d5074ae6-d448-42d1-947f-7e3b20bc8a5b,b5613467-d329-4102-b724-eb47dc04ed5f,2025-07-23,967.46,grocery,0.064,UPI,0,4,0.297,tier2,0,4,evening,0.2676344641423701,0.0259,0
29bf3cb1-9b77-4b56-ad66-d0998b7245f1,ce8ac74b-c6d0-4367-a531-d43bfe5b2bf6,2025-01-24,250.0,beauty,0.257,card,0,8,0.274,metro,0,5,evening,0.32830159764792616,0.0435,0
1710dda9-145c-4112-9ae6-2935d181c2b0,906a171c-f8ef-4c41-9106-4dedffaed9e4,2025-07-08,3261.22,beauty,0.382,COD,0,10,0.215,metro,0,3,morning,0.14849469586761202,0.2019,0
bf07815b-c3dc-4441-866a-0f4df09da7aa,d3db41bc-bf8f-46e0-94b1-984f27ff9af2,2025-04-02,409.35,fashion,0.156,UPI,0,23,0.312,tier2,1,2,evening,0.33315409272597374,0.2045,0
3297f022-7e3d-4c06-ba60-248a0b2143a1,3b68140d-c04c-4ece-87a7-1b051083612b,2025-08-03,13950.94,beauty,0.226,COD,0,6,0.182,tier2,1,2,morning,0.3098477304837669,0.0728,0
6eece27e-1bcb-472a-bdc5-557ebdad32cc,63d8dd12-39d4-4e1e-bdd7-72b1c1a0b1c0,2025-07-05,1015.31,beauty,0.376,COD,0,14,0.198,metro,1,1,afternoon,0.22490754943212576,0.2415,0
69340aec-3a85-4ded-93f8-fb404e8c8113,3b68140d-c04c-4ece-87a7-1b051083612b,2025-02-05,337.15,fashion,0.097,UPI,0,7,0.283,metro,1,3,morning,0.3098477304837669,0.2117,0
44c82833-02f2-4030-bfbb-4f4cae93b70b,f5069c4e-0691-43d9-b3e0-3efe7073ec31,2025-04-15,1776.89,fashion,0.133,COD,0,10,0.013,tier3,0,5,afternoon,0.03542903995029727,0.1539,0
b8510f8b-775a-42f4-9e27-cc98786b36f6,cd508d92-15fe-4a35-9c1b-37a278d36ea4,2025-01-02,489.28,electronics,0.195,netbanking,0,20,0.305,tier2,0,4,afternoon,0.2771725532528444,0.0939,1
16167478-e1d7-4803-90d0-0308f47d3c79,5e758f8f-c2ad-4e0c-b4fc-026916c24854,2025-02-18,978.9,fashion,0.033,COD,0,25,0.058,tier3,1,6,morning,0.048627470043128354,0.6127,1
c8aaab85-e665-483c-a5f3-9d886c7ab47e,af2adf9c-435e-4fe7-a1a9-ef7535a438fc,2025-02-13,250.0,fashion,0.092,UPI,0,3,0.42,tier2,1,1,evening,0.46524312849146254,0.2799,1
f08f0cf3-d7b2-442f-9c4b-86464ae99578,48a2973f-59ba-4d33-a2e9-5e1b1c4043c8,2025-07-15,689.98,electronics,0.239,UPI,0,4,0.415,metro,0,1,morning,0.45650740325159334,0.0377,0
48d5f941-a629-4c61-ba21-f550d237cf1b,36f429a5-f9cd-4178-8452-85593f1caac7,2025-09-05,880.46,fashion,0.026,UPI,0,5,0.105,tier3,1,6,evening,0.07704457522442643,0.1386,0
096c9c82-c2fb-4121-b4bf-d77b2c5b205c,8ea8ec03-416f-4438-a527-3c864c97142a,2025-02-02,381.26,fashion,0.357,COD,0,2,0.192,metro,1,2,afternoon,0.13620156896909216,0.4865,0
11338fb8-1ce3-42a2-8419-96c7a6bb3df1,f134d52c-56c6-4690-ae11-0984246a9110,2025-06-27,1145.14,grocery,0.172,UPI,0,1,0.617,tier3,0,2,morning,0.6281196686103381,0.0746,0
c46f46e8-5ba5-4460-9a15-05404f32d786,79d62d2f-2160-4129-951e-311e22c29fba,2025-02-15,2562.91,grocery,0.323,COD,0,4,0.305,tier3,0,4,evening,0.4187693037372645,0.0849,0
817b2e2a-7eb9-4f03-859f-575c57fcc9ab,8c644659-9832-432b-b635-3578f419696a,2025-02-25,484.38,fashion,0.209,UPI,0,6,0.257,metro,1,5,evening,0.18587087319682674,0.1746,0
d5bc8a8f-f4bc-496a-a909-7b387e3584f9,ae369547-fee2-49f7-9496-0e050aec2a89,2025-10-21,540.12,fashion,0.247,UPI,0,2,0.455,tier3,1,5,afternoon,0.5692182601492508,0.4563,0
d6fc1c64-33ca-403c-8ba2-7661d983c92d,6405d452-0d48-4c53-b3bc-cf7e9b11d207,2025-06-04,918.41,electronics,0.475,UPI,0,2,0.381,tier2,0,8,evening,0.37075169622686466,0.2273,0
8214ab6e-bd13-4555-aa5a-5c32430b9e77,0a38d757-2fc6-4f05-91b9-51a9ac6ebb75,2025-09-14,671.4,electronics,0.579,COD,0,1,0.296,tier3,0,6,morning,0.391495687627119,0.3901,1
ba3b1bb1-5ec3-49b0-bcc6-005f17f28b06,627c64b8-7f4f-48a1-ac38-9594119b679b,2025-01-14,1182.9,home,0.136,UPI,0,4,0.84,tier3,0,4,night,0.7642110094338409,0.2395,0
14e54ca7-eef7-4865-a986-8d116f7b8bd9,94ff867d-812f-4c7d-a9dc-a22007e79604,2025-08-23,2571.28,electronics,0.303,netbanking,0,2,0.047,tier2,0,3,morning,0.030140451518511184,0.0345,0
94d0e7fe-fd36-4cdd-a10c-54453ad4a5b5,8f7406c2-6849-4d3e-92b7-6e3b17489d67,2025-06-14,461.2,grocery,0.185,card,0,4,0.251,metro,0,2,afternoon,0.3269451502115473,0.0316,0
c6193705-d703-42be-85e0-874b634e9ba8,da84b692-c6d8-43fa-a00f-13d4135959fb,2025-02-15,12733.46,electronics,0.372,netbanking,0,4,0.435,tier2,0,5,evening,0.4069919336009818,0.0118,0
e35cd575-f273-46b8-8bba-b59f523f8f09,460bc87a-beb1-4f56-a5cd-1ec17422b34a,2025-03-20,406.5,home,0.685,card,0,7,0.224,metro,0,3,evening,0.10883559867342446,0.153,0
6acf136c-cb25-4edc-94a1-81d6650b2215,627c64b8-7f4f-48a1-ac38-9594119b679b,2025-05-27,4334.59,home,0.633,netbanking,0,5,0.809,tier3,0,4,afternoon,0.7642110094338409,0.4201,0
fcbf57d1-1797-4514-bbdb-5b23b5673e63,c2761ffa-b403-4ed6-b73a-dc379007a279,2025-06-09,1860.46,fashion,0.469,card,1,0,,tier2,1,3,afternoon,0.10515668766504281,0.5246,0
7afd891c-12d3-4279-b43c-d7ad5762de04,d9bc17ca-80dd-47e2-8dc5-79922a30764c,2025-02-13,1076.89,fashion,0.462,UPI,0,7,0.45,metro,1,1,morning,0.34134778732339127,0.3807,0
a6e31577-abb7-4308-a6d7-5257e0b4fd21,946e674c-f4ec-4a5f-844c-dd92739c41ac,2025-08-11,987.47,electronics,0.066,COD,0,1,0.542,tier2,0,1,night,0.6014601912708131,0.1169,0
c0f81ddc-d428-4524-8c9b-d23bd8d7b531,f2c8ae0e-52fe-4eca-b75b-3a0db84124de,2025-04-09,888.28,fashion,0.336,card,0,2,0.502,metro,1,5,afternoon,0.4893639098666145,0.3566,1
4a740df5-ce56-4fe2-9f09-d3e7eefd4e48,900d95d3-c948-4d1c-af4a-449e3d16028c,2025-06-19,3002.17,fashion,0.228,UPI,0,1,0.383,metro,1,5,afternoon,0.32711616961778794,0.0586,0
299b9236-a333-4c99-821e-e84372f505b4,b39e2820-63bb-4385-b9d7-44c8956fa1b1,2025-10-24,2904.34,fashion,0.395,COD,0,2,0.286,tier2,1,1,evening,0.2798243783472397,0.578,1
f41213e7-049d-4b5b-b02a-f6977f98620f,ba9504c7-b413-4ee9-861d-702ad1482abd,2025-04-04,638.66,home,0.19,COD,0,10,0.344,tier2,0,2,evening,0.21485681318313843,0.3776,1
b3b9fccf-5f6d-49b7-ab94-00616ed5981b,f5069c4e-0691-43d9-b3e0-3efe7073ec31,2025-07-01,1580.91,fashion,0.284,COD,0,11,0.027,tier2,1,1,afternoon,0.03542903995029727,0.2983,0
a444eb2d-cf3b-4b1f-9527-520b621197d9,0651ab9e-5b2b-46c4-9215-ff97762857c1,2025-02-02,368.67,fashion,0.176,UPI,0,7,0.376,tier2,1,1,morning,0.3926881472493449,0.2387,0
2f5c99c9-e479-4240-ae93-a7585a2f929f,2286f067-3fb8-4d9d-8502-469f39a46441,2025-06-24,3253.39,beauty,0.324,card,0,14,0.207,metro,0,1,morning,0.2798863894924076,0.1009,0
86ba503a-50ee-45b7-8c79-a6cf32e7f01c,f8058711-faa6-4eca-a2ab-1fa0ad185832,2025-05-10,2119.06,beauty,0.455,COD,0,7,0.0,metro,0,6,afternoon,0.04047509547806022,0.1375,0
b2cdeed2-e170-4fb5-8c93-0e24547c9a21,26a2a8f1-fd8f-4235-a9c7-77f65704c530,2025-09-28,2021.14,electronics,0.646,UPI,0,11,0.354,tier3,0,5,night,0.24597285000833133,0.1624,0
7474beb8-1d99-4dad-a66e-15210a8502e0,b03cb31b-e35c-455f-b819-43d10b10f4de,2025-06-09,9519.08,electronics,0.745,COD,0,4,0.159,tier2,0,2,evening,0.18263332309352803,0.0626,0
4e1db293-cce1-44c4-af8c-890b4f252cab,a601bb98-ed14-4e71-93e5-2be8eb49e370,2025-07-21,1929.16,fashion,0.09,card,0,10,0.485,metro,1,3,afternoon,0.4143300984213656,0.2479,0
daa7553f-976a-41a4-b152-5b050aa076a3,80f51681-2009-48ac-926e-7b7901f96486,2025-01-29,250.0,fashion,0.361,COD,0,7,0.0,tier2,1,4,afternoon,0.025007063694987345,0.4051,0
ecf7aabb-819b-4280-8f81-73c318676a5f,cce5c7f6-4ae5-4d71-8510-ce1baced4c0a,2025-05-02,1073.28,grocery,0.143,UPI,0,2,0.618,tier3,0,4,afternoon,0.40080141861945334,0.0108,0
521f5c4d-c4d7-45ba-ad31-a52ff49b76ad,6405d452-0d48-4c53-b3bc-cf7e9b11d207,2025-05-27,922.73,fashion,0.119,COD,0,3,0.223,tier2,1,3,morning,0.37075169622686466,0.2803,0
0895e1a8-b5ca-4fc4-b7ab-3aaca0baee40,387e3c02-124e-491f-b2e5-61469a52d190,2025-10-24,967.24,home,0.398,UPI,0,5,0.194,tier2,0,4,evening,0.11300670394722269,0.0802,0
3853e864-fd37-49d4-b2bc-86cf7bc41a9a,80281626-ed74-46d1-a595-e40cdac50a8a,2025-07-24,1307.26,grocery,0.248,COD,0,9,0.041,tier2,0,2,evening,0.25979890009270734,0.1809,0
7403ef55-6d6a-4801-b405-231e66d91559,c54b4d61-dda5-4d05-96b1-4aca694d9671,2025-07-20,1489.82,fashion,0.194,netbanking,0,3,0.037,metro,1,2,evening,0.15960867264431888,0.1134,0
b4c13848-7bef-4290-ba72-8199e96dcb0b,9f87915f-01a2-44c6-8555-3aafe4b68808,2025-01-24,2312.32,grocery,0.305,card,0,1,0.52,tier3,0,7,morning,0.360977463801103,0.0458,1
9d40fc84-60bc-4497-a2e1-e2c2fa2913ff,8f7667f3-a752-424e-84a5-43d9d2e5f8e9,2025-07-12,619.14,beauty,0.483,card,1,0,,tier2,0,2,evening,0.2709409123393363,0.323,0
b00b974b-6c86-4e7a-a1f2-cb49c32ce988,06a55a66-90e1-4cb6-a2be-f26bb9c97d79,2025-03-19,12034.02,electronics,0.285,COD,0,2,0.042,tier2,0,3,evening,0.12972182350309738,0.0041,0
893a6398-c491-4093-9c52-0890f04906b7,9fb6398e-0d03-4ef7-b82b-f7d4b5edc8a2,2025-09-01,795.3,beauty,0.179,UPI,0,8,0.18,tier3,0,3,afternoon,0.2145242588320448,0.1744,0
e2c86da1-86b0-4b65-a02c-d01c6f96db21,47c8a40a-5a46-43c6-9be3-3ced3fc16085,2025-06-22,410.35,fashion,0.096,COD,0,3,0.192,metro,0,6,evening,0.23564858214539242,0.3509,0
1473e8a3-13f1-4677-9cd1-fe43286ddca3,2aaeb018-2f2d-4450-8a9d-5980ffdd1d50,2025-07-21,1026.73,home,0.403,UPI,0,2,0.293,metro,0,6,evening,0.30789316130355804,0.0862,0
e4c52950-2afd-4e49-83e8-b3674da5b2fc,0cba70d8-7b76-4a59-90e8-413b36d73797,2025-04-14,1113.57,electronics,0.633,UPI,0,9,0.154,tier2,0,1,afternoon,0.21055725528180214,0.1356,0
bd0b43cb-8101-4677-aa6d-d864082348c0,e424d903-5aee-46a2-9bee-5ac04c5e6567,2025-09-14,7104.28,fashion,0.314,COD,1,0,,metro,1,4,afternoon,0.3901665947912998,0.5084,1
70d816be-608d-4781-bb5c-07e093eaaea8,cb772ef9-45e1-4d4b-9ad9-1d46caab33c8,2025-04-26,1049.17,electronics,0.076,card,0,4,0.278,tier2,0,3,evening,0.14258967185168278,0.038,0
e8def7e3-0aa8-4c57-abbf-7676b1b82794,bea95939-f856-40c9-895d-bd824c2d37e7,2025-02-03,2789.88,fashion,0.427,UPI,1,0,,metro,1,1,night,0.27201136630063183,0.4686,0
6c9b2cc8-6bb6-4ed3-8f5f-e97c7c9a80fb,9fb6398e-0d03-4ef7-b82b-f7d4b5edc8a2,2025-03-18,463.75,fashion,0.592,UPI,0,9,0.213,tier3,1,5,evening,0.2145242588320448,0.3927,1
414ed2f1-6feb-460d-9264-d7a01cf36bbe,a202a749-e45e-4d7b-b9e4-97714e27bcb1,2025-02-28,3413.53,beauty,0.258,COD,0,6,0.032,metro,0,6,afternoon,0.1838032082155034,0.1574,0
916bceec-f298-4c07-8a30-ff93b6e763d9,dda5b132-3c35-48db-8feb-21f14075f104,2025-03-25,2973.42,fashion,0.285,COD,0,8,0.242,tier3,1,4,morning,0.23310699843617838,0.5416,1
1827cb29-5ee7-4e85-b4c8-0591ddc08d9a,7ca03023-719d-4cb2-9bcd-973891b6804d,2025-02-26,3681.17,beauty,0.445,card,0,2,0.11,tier2,0,1,evening,0.12638520817096505,0.0554,0
9bf6d775-1a5a-41da-8fc1-52c9b3f6cbe3,11174ed1-8ca6-4cf5-bbe2-8a4f930137ed,2025-07-11,1675.39,fashion,0.152,UPI,0,7,0.107,tier2,1,2,evening,0.06842336486313001,0.1365,0
5500c9e6-a3e9-4380-b287-0ab6e18e6162,f2811512-6d74-428f-81ae-77df22796b31,2025-08-23,7027.94,grocery,0.268,COD,0,17,0.292,metro,0,1,evening,0.2916477929418046,0.0177,0
c8947680-abb3-4448-9a2a-5b7821ba51c7,f2811512-6d74-428f-81ae-77df22796b31,2025-05-22,1355.85,electronics,0.53,COD,0,18,0.282,metro,0,2,morning,0.2916477929418046,0.1023,0
3173e5cb-8240-4fd9-a083-609b62a3bd0c,7ca7f9cd-0550-485d-bcdc-2895d9f93958,2025-01-14,397.16,beauty,0.059,UPI,0,1,0.088,metro,1,5,evening,0.06704705650959249,0.0326,0
291634a7-5125-4479-9704-57d75bb501ae,359835d2-74a6-4ae7-bdf8-2bdc4ed675dd,2025-10-22,411.63,electronics,0.265,UPI,0,6,0.129,tier2,0,7,morning,0.05662677973259444,0.0806,0
dc38df2f-7ad1-4965-b555-9824f1b664de,0b6f3e2b-84fe-456b-ad93-ffcb76fb728f,2025-03-01,2907.88,home,0.603,UPI,0,22,0.209,metro,0,4,morning,0.19762424986659227,0.067,0
b439cf07-915e-44e1-b85a-1d58547b59dd,85fb6dde-4673-4009-b279-08f034a747e3,2025-02-09,578.63,grocery,0.295,UPI,0,4,0.297,metro,0,6,evening,0.2901295476709541,0.022,0
139e6e8f-8be9-4db2-8123-aa91546ce4c1,a111ab22-4c88-4d83-b499-448d82133ae3,2025-05-02,13080.96,grocery,0.226,UPI,0,7,0.246,tier2,0,4,night,0.2568909066288726,0.004,0
667af0dc-2aed-4ded-85c3-e93237589550,135cec2a-b281-4cc8-92bb-64df5ed2c49f,2025-09-18,4502.99,beauty,0.706,card,0,2,0.591,metro,0,2,morning,0.5069207836417344,0.0924,0
e62be5f5-414e-4ce3-813f-faf5ef4237f4,37917302-ee8a-4b62-a7bd-6ce861425fc2,2025-07-04,7418.14,electronics,0.456,UPI,0,2,0.296,tier2,0,1,afternoon,0.17989879744905538,0.0365,0
a0c84d1e-7de1-45fa-b6cc-329262067464,9e5d4987-8d7d-4c47-8cdd-0d477afd0d41,2025-09-16,3279.93,beauty,0.635,UPI,0,9,0.136,metro,0,4,afternoon,0.09221080951028436,0.142,0
53779f8e-a3ef-4fba-ba9e-50ab67d959a8,7e3187ea-5ab7-4cd8-84fa-6ff053c09d04,2025-01-08,1572.67,electronics,0.22,card,0,5,0.233,tier2,0,6,evening,0.21026090580847182,0.1302,0
08920054-eb55-4365-b32a-d7d3ae93afae,762dc9ed-5415-436c-b6a9-6504149e79d2,2025-03-17,710.13,home,0.284,COD,0,1,0.092,metro,0,4,afternoon,0.08058041829298626,0.131,0
24366bf7-dafc-4cae-aa89-90b52c437760,a601bb98-ed14-4e71-93e5-2be8eb49e370,2025-08-07,2938.97,beauty,0.101,UPI,0,11,0.248,metro,0,5,afternoon,0.4143300984213656,0.0431,0
7acaf13d-1e0b-46da-af8d-1e5adcab354a,3f6b91e9-96c3-4fc7-8a88-dd310964eed1,2025-07-05,2559.51,fashion,0.435,UPI,0,1,0.018,metro,1,1,afternoon,0.0723604930788396,0.0579,0
93dc5ac9-709f-4eb7-8320-ef22b21a363a,e35609cd-6640-4073-ae52-82ba85ac02f1,2025-01-30,2510.75,home,0.25,netbanking,1,0,,tier2,0,4,evening,0.20019100806330278,0.0605,0
6b766cbb-9d0d-46bd-ae32-fdd25da40d2a,b209d179-6418-4f8c-bd42-8e4f831f0776,2025-01-07,2434.12,home,0.133,UPI,0,15,0.162,metro,0,2,afternoon,0.27580452681496,0.0801,0
a97f3e33-a9c5-4ffc-809f-92cbed4bd7ae,07d595ee-a44c-4570-8bfa-2bff3ad2838e,2025-04-27,1962.33,home,0.09,COD,0,1,0.255,tier2,0,8,evening,0.23491334035445868,0.191,0
095b986c-eada-4ff7-b29b-aa0f3a7176b8,c86a75f4-eea7-4fce-b017-88f6e68c8ccf,2025-05-30,913.92,fashion,0.675,COD,0,6,0.279,tier3,1,4,night,0.32801543383093573,0.8341,1
4b609101-2a4f-46a8-a58d-0c20249743a9,30888fd2-16bc-4533-a06f-0e0d4ed50f9d,2025-04-06,2794.18,grocery,0.497,UPI,0,9,0.234,tier3,0,4,afternoon,0.22452854262691951,0.0147,0
26d48fd8-a076-45cc-962e-0c344c451b34,24dc633c-de4a-4152-ae24-3e42211235f1,2025-04-30,1305.34,home,0.307,UPI,0,8,0.006,tier2,0,3,afternoon,0.03297163095944513,0.0508,0
bc65a3e4-bbf9-4780-9cba-e1d1ecbff6d6,359835d2-74a6-4ae7-bdf8-2bdc4ed675dd,2025-09-26,2229.2,fashion,0.132,COD,0,7,0.005,tier2,0,3,afternoon,0.05662677973259444,0.0649,0
11a51ea3-7abe-4734-9935-8b078722cda5,c1d72fdc-2ec8-4a56-acd3-5dc9168f5ab8,2025-06-05,830.82,fashion,0.357,UPI,0,4,0.107,metro,1,1,evening,0.16482652189748134,0.0615,0
78c3af9c-28bf-42e0-9792-30dfbd124af6,98366b27-63ea-4f07-ba55-425588277375,2025-04-04,7783.29,fashion,0.197,UPI,0,1,0.183,metro,1,1,evening,0.1494736716851247,0.039,0
8ac6a3ca-7d60-4b49-87a5-6aef00a80dfe,cd508d92-15fe-4a35-9c1b-37a278d36ea4,2025-02-02,1915.44,electronics,0.242,card,0,21,0.306,metro,0,4,afternoon,0.2771725532528444,0.1207,0
4cd07907-d794-43c8-a229-49b1a5867217,787739e4-6bfc-4e51-b3b0-26408d0e386e,2025-01-12,5407.89,fashion,0.492,card,0,10,0.205,metro,1,2,morning,0.3565159652552688,0.1062,0
09ef8bbd-15fe-44d1-bcf5-6af239f939ee,98389b8b-658b-4eca-b919-9c37c2dbce1f,2025-03-21,1144.49,beauty,0.268,UPI,0,5,0.098,tier2,1,1,afternoon,0.04552205229964168,0.2401,0
6f976484-5c15-4af7-8da2-72be7f99db15,98389b8b-658b-4eca-b919-9c37c2dbce1f,2025-01-16,729.82,fashion,0.058,UPI,0,6,0.021,tier2,1,2,afternoon,0.04552205229964168,0.1117,0
0cebd991-0c0f-4da9-86aa-3ba9f2bb7f97,fb1954cc-c93f-44b4-9155-10ddd8571b6d,2025-08-03,543.76,electronics,0.048,card,0,5,0.198,tier3,0,5,afternoon,0.23865381601921165,0.0959,0
3ea44705-b005-439b-a46d-73348b95d2f6,10546d08-1053-4bf0-976f-4c40b2dcb1c8,2025-05-21,1071.48,beauty,0.182,UPI,0,9,0.059,metro,0,2,night,0.021184252375003435,0.0691,0
cf101e49-81d8-4788-a5d8-5b7a0ad9739b,6d89b6da-05be-4f09-b2f2-542a975f2f53,2025-01-17,281.61,fashion,0.162,UPI,0,7,0.391,tier3,1,2,morning,0.3016559281489719,0.484,1
c1de065e-e3f1-46c9-bc09-a87e37ba53a3,ef2bc7c9-4e5e-4bbd-bcd6-426302deb030,2025-03-11,1622.42,home,0.314,COD,0,2,0.196,metro,0,4,afternoon,0.11140768335427466,0.1174,0
f5f0376d-b5c6-4ae2-a124-564948380ee0,ac8ee436-067a-4aac-8496-8e40cfb19bfd,2025-05-11,8242.12,fashion,0.308,UPI,0,24,0.242,metro,1,1,evening,0.2595265118239566,0.0958,0
d5b73b2f-3d54-4326-aa30-5c9a373625f9,e8236567-e21a-46bf-9ba0-de610564b03d,2025-05-21,443.57,fashion,0.343,card,0,9,0.107,tier3,1,4,evening,0.0912579377429543,0.2777,0
0fb98e78-57b1-49d4-abfe-f66337035503,adea2b29-dc57-4c22-baa5-2b62090b278e,2025-02-10,996.75,beauty,0.018,COD,0,3,0.416,tier3,0,3,evening,0.4117868133302571,0.5962,0
757d3144-48d6-468f-ade1-f89ba376a567,c3f1cc06-68c1-442a-b18b-6338217bcf62,2025-08-10,764.12,electronics,0.506,card,0,16,0.086,tier2,0,3,morning,0.1091421274751211,0.1129,0
fc212ff1-ef77-426c-b087-f7cb19fdf3f6,b409e3d7-b9a4-422f-952f-eaf1d5521144,2025-10-19,1207.28,electronics,0.242,UPI,0,12,0.396,metro,0,6,evening,0.3974441051585353,0.0703,1
91033870-df30-4941-bf58-247da203f923,5779a513-dc65-4e08-b149-9296dd2713d4,2025-07-21,664.64,fashion,0.351,UPI,0,3,0.423,metro,1,2,evening,0.2961471020437191,0.5711,1
aea4c76b-48b7-4dd3-aaf5-5ee38be85481,694022be-f45b-4b98-8a1e-01682ff6e821,2025-03-23,328.05,beauty,0.474,card,0,4,0.0,metro,1,2,afternoon,0.09634270484326586,0.3914,0
989292fb-cb16-46cd-9aca-89c0351889bd,9c2cd6aa-a796-483b-9998-6799b40e2d51,2025-06-18,993.21,home,0.247,UPI,1,0,,tier2,0,2,night,0.3442859159134522,0.1238,0
41b17830-65d3-48bb-93d5-98b9a9219805,a111ab22-4c88-4d83-b499-448d82133ae3,2025-05-02,2429.96,electronics,0.38,UPI,0,8,0.241,tier2,0,4,afternoon,0.2568909066288726,0.0669,1
80f3e9ab-31de-43c3-852c-3c24a255a3e5,85fb6dde-4673-4009-b279-08f034a747e3,2025-01-23,1325.21,grocery,0.246,netbanking,0,5,0.424,tier2,0,2,night,0.2901295476709541,0.0307,0
abd2418e-28c7-4320-84fd-49cad6871c2f,ace1ab49-d6e4-4784-9490-26eccef63611,2025-02-24,1092.04,fashion,0.106,UPI,0,12,0.189,tier2,0,2,morning,0.1503348970823547,0.037,0
0b71aeaf-229a-40af-b5dc-cb1a8ad3c8ba,b86ee3a9-928c-4ec5-8783-0beb41950f27,2025-03-13,11838.85,grocery,0.515,UPI,0,9,0.216,tier3,0,2,evening,0.05573145024510638,0.0121,0
e9ef78fb-e373-486c-82ba-a1aa72b73e25,c987e835-2514-40cd-834c-f4d2261dd56b,2025-10-03,1131.51,grocery,0.213,UPI,0,15,0.131,metro,0,1,evening,0.06015710717930573,0.0031,0
01c8b9d3-325a-444b-85b9-4871dbd10014,f5069c4e-0691-43d9-b3e0-3efe7073ec31,2025-10-20,1346.81,fashion,0.242,card,0,12,0.049,tier3,1,7,afternoon,0.03542903995029727,0.2496,1
d74755f2-87f0-4702-b681-4e462f393458,912383ff-d344-436a-862e-61ab640188b1,2025-07-09,4128.36,electronics,0.627,UPI,0,7,0.669,tier3,0,2,evening,0.668440832463893,0.1567,0
e13c7c02-9d39-41e4-b243-48613a828603,7f51804d-0307-4367-8d0c-719db1094ae8,2025-07-14,456.51,fashion,0.355,COD,0,8,0.218,tier2,1,4,night,0.21082490652703922,0.5144,0
38391311-fad1-4943-99bc-9d1490d46d5f,af989da4-8ff4-45a1-a5d5-4794c1a3f060,2025-07-19,1203.74,fashion,0.515,card,0,2,0.411,metro,1,5,afternoon,0.38183286991587256,0.3058,0
5d27cf14-1b1e-482e-9d62-6a534f490e83,6e3b3be3-2b1b-41c1-848d-db21927445a2,2025-09-15,550.27,fashion,0.214,UPI,1,0,,tier3,1,5,afternoon,0.03833526651775298,0.3833,0
58474b1d-556c-4772-a109-c4e50f14be2a,906a171c-f8ef-4c41-9106-4dedffaed9e4,2025-01-23,4954.94,electronics,0.071,card,0,11,0.204,metro,0,2,afternoon,0.14849469586761202,0.0063,0
10e7c42d-78db-436c-ac98-171274a27cb4,056e3d76-8183-4716-9184-151a4135f404,2025-08-04,1445.87,home,0.534,card,0,8,0.0,tier2,0,3,evening,0.25703386186733934,0.038,0
2993a6d0-882c-40a2-bdfb-ae3375d01d0e,2bf1c610-a75b-412d-b0ce-9dc111d20e3c,2025-06-01,1227.59,fashion,0.056,UPI,0,10,0.417,metro,1,3,evening,0.27780100478810504,0.1679,0
791e117f-80aa-4d8d-9c11-5bc360678ee3,11174ed1-8ca6-4cf5-bbe2-8a4f930137ed,2025-08-18,891.99,electronics,0.127,COD,0,8,0.0,tier2,0,1,afternoon,0.06842336486313001,0.0859,0
19ec3bc6-99d8-4890-8743-0fbef3312e6f,bcc99e15-d7f5-4fc0-8cbf-4b5918b86cb6,2025-09-01,955.82,electronics,0.53,UPI,0,1,0.55,tier2,0,2,night,0.511775030466044,0.2199,0
c3f491d5-307b-485d-93fe-c1dca1106523,a6256430-3c71-4085-bbd4-f11ec5db53de,2025-02-22,3973.07,electronics,0.666,UPI,0,6,0.145,tier3,0,5,night,0.20459557629689876,0.0597,0
45f141d5-6e00-4610-b4bb-96128581d8fa,42a14875-57df-44bd-b0ae-141793f01b7e,2025-09-26,526.42,home,0.483,UPI,0,2,0.276,metro,0,4,morning,0.32814923883527064,0.0576,0
746fab7f-8da4-4bfd-a71c-f7a97fc38fd3,86b86741-a37f-448f-af1d-dcca16f9e52a,2025-04-15,481.35,grocery,0.148,UPI,1,0,,tier3,0,8,afternoon,0.48914444803003615,0.101,0
d0aafb0a-f1e8-4dd8-99d4-8d0a5bff722e,af2adf9c-435e-4fe7-a1a9-ef7535a438fc,2025-10-27,2238.53,fashion,0.111,COD,0,4,0.508,tier2,0,5,evening,0.46524312849146254,0.1065,0
ceab72d1-74c0-414a-ae51-9d2c9686e1cc,0651ab9e-5b2b-46c4-9215-ff97762857c1,2025-06-07,364.15,fashion,0.673,card,0,8,0.297,metro,1,3,evening,0.3926881472493449,0.4211,1
3e9976fa-f07b-45cc-ba2d-6cea237c863b,8c24e923-2dbf-4f43-b0b2-6e851d21fa34,2025-09-05,961.03,beauty,0.481,card,0,21,0.025,tier3,0,5,morning,0.10820090543681238,0.1529,0
228f9333-16f6-466e-b335-9b01531b33da,6dc5134b-6c84-4084-ad9c-5cfbc77e8a21,2025-10-04,1616.59,grocery,0.126,card,0,3,0.307,metro,0,4,afternoon,0.31538639948094277,0.0461,0
d5982873-eb2c-43e8-a484-319914a73cbf,e75b5a37-ac60-4066-a040-3617f0d903ea,2025-10-05,497.74,fashion,0.154,card,0,15,0.186,tier2,1,5,night,0.24645297721478737,0.2261,0
71b4a7d3-31b9-4a46-a2ba-76ff6925eb9e,9770188e-26df-49a0-9585-a1ffa837217a,2025-06-02,4460.68,fashion,0.308,UPI,0,5,0.191,metro,0,1,evening,0.2537284053397563,0.0362,0
93729967-b2c1-4aa9-8f09-c803e7ead234,5a71659c-1263-4448-8731-60f1df983197,2025-10-15,849.24,fashion,0.381,COD,0,26,0.54,metro,1,3,afternoon,0.4468118022423648,0.5012,0
36a63625-98ea-476a-b98b-71e6cdcb83be,d36a7387-21ab-43e5-bcb9-dcddf807849d,2025-08-01,856.25,electronics,0.325,UPI,0,13,0.199,tier2,0,1,afternoon,0.30018529874356914,0.0568,0
f6fb1624-e964-46a1-9132-c7375d1e9812,def0c023-330e-4030-a7ed-9fe647574285,2025-07-25,3460.85,electronics,0.364,COD,0,1,0.449,metro,0,5,night,0.4286541617216226,0.104,1
7968aa89-c420-4408-b7cd-c63828e73039,19407932-d8b1-4cf9-823a-27cc0a751c71,2025-06-20,6146.98,electronics,0.453,UPI,0,6,0.228,metro,0,2,evening,0.24939791763606534,0.0154,0
f6ea5226-239e-4b9f-a09d-bdab04adbf01,787739e4-6bfc-4e51-b3b0-26408d0e386e,2025-03-26,250.0,beauty,0.489,COD,0,11,0.449,tier2,0,3,evening,0.3565159652552688,0.3266,1
600e3198-b403-44db-89a8-227162d008bd,9677154b-4520-41fa-a08e-f8dd49dc79e4,2025-08-20,745.91,grocery,0.596,COD,0,2,0.215,metro,0,3,afternoon,0.13728543870125234,0.2019,1
26ba2bde-38cc-485b-93bc-02cc446d757f,3b68140d-c04c-4ece-87a7-1b051083612b,2025-04-18,1140.66,fashion,0.198,COD,0,8,0.415,metro,0,5,morning,0.3098477304837669,0.3405,0
1f6a1c1a-934a-4a0c-8f94-bb5b51d80ddd,e6bb513f-2cd0-4bcf-9534-bae7ee504b7c,2025-02-09,1242.3,electronics,0.121,UPI,0,3,0.162,tier2,0,3,afternoon,0.09342709211833844,0.0593,0
eef55a0c-11a0-43db-8cd5-1f51f9fc2bf2,8714fcd0-23dc-4c36-b38e-ddb6e137e038,2025-09-23,1006.97,fashion,0.442,UPI,0,1,0.328,metro,1,3,afternoon,0.3176453119835616,0.1966,0
202c0c74-4aeb-4d35-9963-4516eb22e77f,92f8f8f3-1a19-41b0-9888-9ad14e0b35ba,2025-04-19,615.53,fashion,0.253,COD,0,10,0.332,tier3,1,4,night,0.14720873128711998,0.7363,0
bb5b68fb-c5e7-470b-ac61-8deabe21c138,8b84f422-bb78-4d5b-8e7c-ee05fa3b7db7,2025-10-25,433.0,electronics,0.136,card,0,4,0.115,tier3,0,6,morning,0.130383422505818,0.0786,0
ca634252-200e-4d43-9f8c-b2f8f7eae86b,9e5d4987-8d7d-4c47-8cdd-0d477afd0d41,2025-01-17,262.98,home,0.219,UPI,0,10,0.183,tier2,0,1,afternoon,0.09221080951028436,0.0844,0
1ebdab9d-0b21-4d37-9463-2fc359bb07b4,48b73317-327f-4f67-934a-b6dd2d521db4,2025-02-11,1591.78,electronics,0.071,UPI,0,10,0.267,metro,0,3,night,0.24989906497225137,0.0311,0
2d7f22e2-8cfd-4919-9e2b-2b5646c00622,84572a47-a77d-46d8-86cc-c2d51f78a29c,2025-07-25,880.15,electronics,0.317,UPI,0,1,0.08,tier3,0,6,morning,0.06840185073953457,0.0185,0
2db3893f-dd10-48c7-afac-f9ad58481fb9,ad32bb54-de2a-4c14-949d-7ce36416f720,2025-03-21,1571.18,home,0.15,UPI,0,1,0.278,metro,0,2,afternoon,0.3082745733551808,0.1103,0
befbaa64-bacf-4f74-8823-2eb0c282c4b4,c1d72fdc-2ec8-4a56-acd3-5dc9168f5ab8,2025-07-31,692.05,electronics,0.442,card,0,5,0.152,metro,0,5,evening,0.16482652189748134,0.0685,0
162f5a68-9b2d-4e20-a9b2-92b2ad117f6c,5a11ae1b-953c-41af-83dc-44c210b745e5,2025-09-19,3193.9,beauty,0.194,COD,0,9,0.155,metro,0,1,afternoon,0.13954174495960747,0.0669,1
38c20678-7a17-480c-a91e-bfc821b69e7a,f04ea3ca-68ee-4efe-a612-fe50610fd2dd,2025-01-21,4233.2,fashion,0.307,UPI,0,14,0.144,tier2,1,6,evening,0.2242312963277271,0.4485,0
41973967-00b0-4d02-85e8-dd112f52fee9,912383ff-d344-436a-862e-61ab640188b1,2025-08-30,832.64,electronics,0.132,COD,0,8,0.676,tier2,0,6,morning,0.668440832463893,0.3041,0
3d80926d-04f2-4599-a313-8f29e0cb6e02,93e4f60d-9a3b-4673-814d-a1c4b7fe7865,2025-10-22,484.86,fashion,0.183,UPI,0,7,0.41,tier2,1,4,night,0.46001324343588723,0.2372,0
bc73ce8c-afae-4dd2-b324-93aad3d64551,7950cbc5-8eee-4ebd-a1fb-7444b8b3a4b8,2025-05-10,4806.81,home,0.316,netbanking,0,4,0.131,tier2,0,3,evening,0.19283338499564623,0.0233,0
65b2f8d6-0690-489e-a516-5aa1d8f9397f,83fe6a19-57b5-4519-982d-d7d7bca39396,2025-02-26,2565.66,fashion,0.282,COD,0,8,0.215,metro,1,3,afternoon,0.26357426902472036,0.2871,0
2bcf160c-0b10-49eb-915b-309cff0640e6,265ca8d0-3df8-4d6f-9712-d08685f17132,2025-01-28,1116.19,home,0.283,card,0,16,0.015,metro,0,1,afternoon,0.1913603605753747,0.0185,0
36c66781-131a-4ee6-8c22-22e2aa6bd46c,80281626-ed74-46d1-a595-e40cdac50a8a,2025-04-03,1265.73,fashion,0.295,UPI,0,10,0.264,tier2,1,4,afternoon,0.25979890009270734,0.1949,0
fbe3dc32-f402-4566-984a-468114283d74,98130890-4899-4c39-bc27-fff25da0726a,2025-07-17,400.22,grocery,0.081,COD,0,4,0.157,metro,0,1,night,0.14213974082226472,0.0483,0
3b9fb4c5-41ff-4d5c-b0c1-611d8ac54a65,711f5cd0-684e-467d-8f71-3d79c61f74e2,2025-05-06,465.28,electronics,0.211,UPI,1,0,,tier2,0,1,morning,0.170527023331992,0.1663,0
bcf8b8bc-ab34-48c0-b440-da7ca6afe350,ac001004-0e39-45ca-9077-5b2eda63a395,2025-08-31,666.96,fashion,0.418,COD,0,3,0.03,tier2,1,1,night,0.10949310651314134,0.2296,1
c57d8028-e99f-4de0-b12d-ae596b97d2ee,b409e3d7-b9a4-422f-952f-eaf1d5521144,2025-09-20,2805.66,home,0.463,UPI,0,13,0.363,metro,0,2,evening,0.3974441051585353,0.0539,0
a3b9604d-f505-4878-b23d-115fd8f0e597,d9358869-66e4-4ee6-bb2e-f9062117fa78,2025-04-13,1137.49,home,0.404,COD,0,12,0.129,tier2,0,2,evening,0.2042925306906814,0.1111,0
6c981246-4099-498b-9316-791f03b2846e,63d8dd12-39d4-4e1e-bdd7-72b1c1a0b1c0,2025-02-22,1410.1,electronics,0.209,UPI,0,15,0.201,metro,0,2,afternoon,0.22490754943212576,0.0639,0
0037b0ea-3435-4107-89a8-8f7ac395300c,0cba70d8-7b76-4a59-90e8-413b36d73797,2025-04-06,915.2,fashion,0.518,UPI,0,10,0.133,tier3,1,6,evening,0.21055725528180214,0.5032,0
24163671-f649-4ad9-a12f-56e6a8562a8c,b411f36e-bf74-4ba0-bff0-a67770bd35c5,2025-01-31,684.96,fashion,0.415,COD,0,13,0.497,metro,1,1,afternoon,0.4451782602422671,0.3323,0
2bc82a73-de86-4ece-9a9e-85748ec82e3b,6405d452-0d48-4c53-b3bc-cf7e9b11d207,2025-06-01,420.3,fashion,0.14,UPI,0,4,0.389,tier2,1,5,afternoon,0.37075169622686466,0.2227,1
5742d451-9e0a-4890-812b-22a6b2e0a17a,711f5cd0-684e-467d-8f71-3d79c61f74e2,2025-07-22,3362.65,electronics,0.478,card,0,1,0.068,metro,0,2,morning,0.170527023331992,0.0835,0
1d195a83-165e-494c-b083-c569c380094a,84583f8e-3a44-4e32-9350-0f96b6a5ea82,2025-03-27,4548.8,fashion,0.598,UPI,0,3,0.295,metro,0,4,afternoon,0.3031590335061441,0.1832,0
4cb284ac-3646-4eda-ab89-c66fd827b91e,59265d36-e12e-4bfc-b8a8-29de0a16e8c5,2025-07-17,250.0,home,0.198,netbanking,0,14,0.498,tier3,0,4,evening,0.35941268307576457,0.1066,0
68bd3223-5804-4657-820d-e474dde50ef4,a228e990-7b22-4983-997d-00faaa3c7dff,2025-10-07,4562.67,home,0.185,COD,1,0,,tier2,0,3,evening,0.05810633967327533,0.2676,0
401df626-4b40-4d66-8c32-dcf08afd8663,17b4ac80-5793-4301-bfa9-f9aefc25fff1,2025-10-20,999.73,electronics,0.33,COD,0,9,0.013,metro,0,1,evening,0.12601617248198352,0.1595,0
310185fc-88f9-4524-948c-1691bb595518,ac8ee436-067a-4aac-8496-8e40cfb19bfd,2025-02-14,327.55,home,0.093,COD,0,25,0.24,metro,0,3,night,0.2595265118239566,0.3217,1
9f5d61ce-0cd9-4f33-9d14-76c9541e91c2,0b6f3e2b-84fe-456b-ad93-ffcb76fb728f,2025-08-08,597.2,electronics,0.185,COD,0,23,0.326,tier3,0,7,evening,0.19762424986659227,0.1887,0
85bd0b25-dff9-4e87-abe2-eb55afb9df8a,0cba70d8-7b76-4a59-90e8-413b36d73797,2025-09-23,4386.23,beauty,0.239,UPI,0,11,0.235,tier2,0,3,morning,0.21055725528180214,0.1125,0
8a3b630b-cc03-41ae-9418-068df3ee53b1,b0694581-e5bf-4757-913a-46834d324ff0,2025-01-21,737.49,fashion,0.349,UPI,0,14,0.246,tier2,1,1,afternoon,0.2365731909103324,0.2078,0
27c813d5-c19d-4847-8246-9c88226d55a4,9a93ae46-0d1a-4537-a767-159ea6656f6d,2025-03-26,430.71,fashion,0.138,COD,0,2,0.212,tier2,1,3,night,0.10784218495956682,0.3296,1
de1efd7c-acd7-47bf-81aa-7b031f2066f3,26a2a8f1-fd8f-4235-a9c7-77f65704c530,2025-05-03,543.54,beauty,0.283,UPI,0,12,0.152,tier2,1,3,evening,0.24597285000833133,0.1512,0
d0e3560c-3a6f-4acd-af63-68affaf1e9bb,a601bb98-ed14-4e71-93e5-2be8eb49e370,2025-04-23,1990.8,grocery,0.289,COD,0,12,0.507,tier2,0,1,evening,0.4143300984213656,0.1323,0
d0fde5c6-3f16-4cc6-866f-f979e8342254,f920e7f3-d39f-4f68-a6df-bf5a555ec155,2025-07-13,250.0,home,0.352,card,0,3,0.168,metro,0,2,evening,0.2063369651501635,0.1098,0
6f8bfd17-4099-4466-bfe2-2c33f89dfbc2,2e46de50-f2d0-4553-ad5f-5feee0d8f2f6,2025-04-18,460.32,grocery,0.491,UPI,0,2,0.188,tier2,0,4,night,0.1410237131485087,0.0434,0
0acccf8e-d525-4c1d-99c7-0289223d97ee,fef95b95-e8b3-4b99-bd01-70cdb0afe2fe,2025-02-23,1154.13,home,0.147,UPI,0,2,0.279,tier2,0,3,night,0.3049431715733594,0.0491,0
431b27a0-3c52-4893-afd3-ddf7639a27ef,a08246dd-24d9-48bb-b9d1-2b3dd9ac343f,2025-07-26,1466.9,fashion,0.625,COD,0,8,0.281,tier2,1,5,evening,0.19434600150643108,0.4972,0
5fa8bb7d-a886-4dae-bd31-7d27ed257cf5,ccb655d6-cf38-407a-8bc7-0e7e075b7b40,2025-04-27,250.0,grocery,0.145,COD,0,6,0.25,metro,0,4,evening,0.24986565117884016,0.0967,0
b410f339-da70-4cab-916a-fd57e5062f77,584f334e-48dd-4f27-a4f0-094f67166b6e,2025-06-12,3489.27,fashion,0.521,UPI,0,5,0.426,tier3,1,3,evening,0.3900564499123696,0.3593,0
30f79094-d1f5-4970-892f-c8d0bf2fe551,835b4038-88dc-4965-b6b8-921d3b0ad19c,2025-02-24,450.59,home,0.146,UPI,0,21,0.149,metro,0,6,morning,0.18168234468688693,0.0754,0
cf660aab-b05b-4ba6-9df6-b62949899eaf,98389b8b-658b-4eca-b919-9c37c2dbce1f,2025-03-27,7898.29,fashion,0.335,UPI,0,7,0.166,metro,0,3,afternoon,0.04552205229964168,0.0486,0
cb0a02fd-2a7c-4233-8cb0-549d50c3c022,a4db88e6-ae16-4748-b823-872ab1d4baca,2025-03-14,250.0,beauty,0.093,COD,0,3,0.225,tier2,0,3,evening,0.23943546554719444,0.3579,0
74b594cb-8676-422c-a601-09d158830186,b409e3d7-b9a4-422f-952f-eaf1d5521144,2025-07-04,544.96,beauty,0.583,COD,0,14,0.376,metro,0,3,evening,0.3974441051585353,0.5407,0
24a02505-396e-488d-9f36-9558addd8538,cd03dd27-2fc9-486c-998f-c61cf34b93ab,2025-08-16,591.57,home,0.201,UPI,0,4,0.231,tier3,0,8,evening,0.35614412579298554,0.1732,0
a61b1d23-8b9d-41a4-b50d-af61ca9f780b,2aaeb018-2f2d-4450-8a9d-5980ffdd1d50,2025-04-13,4595.12,fashion,0.162,UPI,0,3,0.15,tier2,1,3,night,0.30789316130355804,0.1086,0
063aa8bd-f57a-4468-813a-992373b2c3dd,dea29f8e-ac26-475e-a225-300fac669ed0,2025-09-17,954.79,beauty,0.345,UPI,0,25,0.205,tier2,1,2,night,0.2211439005048725,0.0931,0
e490ac0f-6d2a-45a8-aa32-c1bc2f57a53e,3f6b91e9-96c3-4fc7-8a88-dd310964eed1,2025-04-17,596.13,electronics,0.193,UPI,0,2,0.127,tier2,0,4,evening,0.0723604930788396,0.0325,0
c3aa5be9-e9f2-4214-9faf-0a8eb5c444f3,46403c97-9a4e-49b6-b0d7-3e6899cc1250,2025-10-23,450.69,electronics,0.15,COD,0,1,0.18,metro,0,2,afternoon,0.17336200340258245,0.1002,0
85d3dc93-3f3d-4fdb-9957-0ef6f9ad6f3a,397d373a-f33e-473f-9362-3154a53fe5ef,2025-04-11,1265.84,electronics,0.397,card,0,6,0.37,metro,0,2,morning,0.3797344893685818,0.0484,0
3d556e95-774c-432c-ab6b-5104a92e759c,b209d179-6418-4f8c-bd42-8e4f831f0776,2025-08-05,346.33,electronics,0.1,UPI,0,16,0.354,tier3,0,7,afternoon,0.27580452681496,0.1194,0
03645157-859a-4c75-bce8-fc27dccbb14f,b5613467-d329-4102-b724-eb47dc04ed5f,2025-09-07,1375.92,fashion,0.094,UPI,0,5,0.322,metro,1,1,evening,0.2676344641423701,0.1668,0
2e7c87a9-d518-4b64-9937-0e34f65a7e4c,98848c8f-53cb-4b0b-8be8-9294f7bfb808,2025-03-22,1391.78,grocery,0.172,UPI,0,1,0.189,tier3,0,6,evening,0.2718983331475167,0.0236,1
3718ba30-8496-4de6-8407-696055efc6a9,99e318ff-1a69-4f68-addf-975990bd0414,2025-01-17,2113.52,fashion,0.243,COD,0,17,0.315,tier2,0,2,evening,0.2434169799043869,0.4758,0
cbdc6b8c-733c-4d57-8fb9-982b1d90af88,a2a6e4a7-73f0-4f60-8023-1d364c305e4d,2025-04-08,2363.74,electronics,0.032,COD,0,14,0.149,metro,0,2,evening,0.23228588338828865,0.0842,0
753f7466-6c8a-4e64-a1bc-f457904633e0,fe679ebd-d7e3-420e-a610-8a0cfd64ae80,2025-09-26,2027.4,home,0.632,UPI,0,3,0.405,tier2,0,2,evening,0.43544254381347786,0.1644,0
b7e86801-89fb-49a8-a51a-902956ce5c71,912383ff-d344-436a-862e-61ab640188b1,2025-07-18,1220.81,fashion,0.23,COD,0,9,0.577,tier2,1,3,evening,0.668440832463893,0.751,0
35471ab1-405c-41c5-b3ec-d0fdd128e011,830587ef-e382-4480-9a46-f2fb1f6d1a0b,2025-08-30,964.83,home,0.224,COD,0,14,0.213,metro,0,4,night,0.29038571770418864,0.1038,1
e86c2eea-2479-41f7-9bc6-9d6eb503d784,f29f4a7d-0757-4045-9f25-b4cdee8a1894,2025-02-23,552.36,electronics,0.145,UPI,0,3,0.037,metro,0,1,afternoon,0.11495022682730283,0.0208,0
d561eee6-52de-46fd-b49f-7926577e4f42,6998bf5b-2957-4b20-9fbb-95e19c4d485a,2025-04-24,3011.81,grocery,0.159,card,0,6,0.275,tier2,0,1,evening,0.2923331864352393,0.0173,0
083a9a79-c3c2-479e-a4c4-c861d97aad4b,059cd0cd-c524-403d-90a7-aa5e9d51749d,2025-09-29,1930.9,electronics,0.499,UPI,0,8,0.209,tier3,0,2,evening,0.2033814634391261,0.1123,0
2bbe8370-6f3e-47c4-8cb0-f636174f23d2,fd788034-3caa-492f-9c7e-57dee41c5244,2025-08-12,3122.79,fashion,0.113,COD,0,1,0.382,metro,1,1,night,0.3607060487773846,0.3882,1
5a0c0860-a9a2-4bab-89f8-bc6c50d51129,8c24e923-2dbf-4f43-b0b2-6e851d21fa34,2025-06-07,293.38,beauty,0.356,card,0,22,0.197,tier3,0,7,morning,0.10820090543681238,0.5549,0
dc6147c5-0971-4ad7-a9e0-a437d03df8f6,fddab96a-bc23-43d2-a1f4-76de3a7b7f5c,2025-01-06,963.29,fashion,0.462,UPI,0,9,0.057,metro,1,2,morning,0.08979930230446,0.1257,0
218f8fae-b15f-4420-96a0-c3d6311ee13a,80281626-ed74-46d1-a595-e40cdac50a8a,2025-10-03,605.77,electronics,0.141,netbanking,0,11,0.348,tier2,0,3,morning,0.25979890009270734,0.0592,0
77f86ea2-b5b9-436c-8aa2-feed96e8a019,1152a6af-d25b-4b7b-9869-0b6a0e562cae,2025-06-21,331.67,fashion,0.249,COD,0,1,0.226,metro,0,2,evening,0.2384500662905658,0.2476,0
bb379f43-40a4-4d9c-bbea-6bf03353b414,44408e56-9a11-44d5-8a79-5e1ddafd28e1,2025-10-23,5339.76,home,0.374,UPI,0,18,0.11,tier2,0,2,afternoon,0.24706696213115537,0.0541,0
912fcd2d-6fe9-4c63-af01-ce015b4e63a0,00ee6a6c-7fdb-4d2c-971d-b1bfa29fc269,2025-05-19,319.93,electronics,0.323,netbanking,0,13,0.024,metro,0,2,afternoon,0.18608348760507418,0.0701,0
7d0296bf-0363-4bad-b1da-c8bdd6c41d36,4e7e2663-eb2c-432d-96ec-3f130e2e0946,2025-10-27,485.14,home,0.157,UPI,0,10,0.458,metro,0,5,afternoon,0.3858310964520147,0.089,0
1e5f5e09-a5af-4873-87ab-2611dca3b4cc,26a2a8f1-fd8f-4235-a9c7-77f65704c530,2025-08-09,458.97,beauty,0.303,UPI,0,13,0.112,metro,1,3,morning,0.24597285000833133,0.1684,1
d4a170c5-1ce1-44dc-9f2f-7858ea6a2c7a,63d8dd12-39d4-4e1e-bdd7-72b1c1a0b1c0,2025-03-08,250.0,home,0.452,card,0,16,0.314,tier2,0,4,night,0.22490754943212576,0.1014,0
fc1571cf-8b20-4b6d-9671-9e4bc051bd9a,3396f583-20d7-4d8a-83aa-dff5b5ea02d4,2025-05-07,427.7,fashion,0.406,UPI,0,5,0.0,tier3,1,2,night,0.032458508417533755,0.475,0
69e96e61-b7b8-4ef0-9ebc-504dccc8b731,787739e4-6bfc-4e51-b3b0-26408d0e386e,2025-02-17,1370.43,grocery,0.136,UPI,0,12,0.275,metro,0,1,night,0.3565159652552688,0.0168,0
ae0813f0-f7f4-4d52-a0ac-f7c1b1accd54,ace1ab49-d6e4-4784-9490-26eccef63611,2025-02-14,968.59,fashion,0.445,UPI,0,13,0.226,tier3,1,4,evening,0.1503348970823547,0.068,0
7960eabc-2d92-4a26-82a0-43fd1333710f,2286f067-3fb8-4d9d-8502-469f39a46441,2025-10-20,1577.54,electronics,0.163,UPI,0,15,0.251,metro,0,2,evening,0.2798863894924076,0.0266,0
49afc5ac-b080-4b27-99ca-02954a9dd27c,6bf452e9-0173-469d-bfec-d17e576fd561,2025-09-17,3441.26,beauty,0.573,COD,0,7,0.255,tier2,0,1,evening,0.11826527161057414,0.5916,0
c66e5a4a-3505-477d-b066-5d35a50fb6d0,8f7667f3-a752-424e-84a5-43d9d2e5f8e9,2025-01-04,794.09,fashion,0.024,COD,0,1,0.33,metro,1,5,afternoon,0.2709409123393363,0.2167,0
9a7c677f-c26b-4523-8121-45e6d5e3f831,8f7406c2-6849-4d3e-92b7-6e3b17489d67,2025-03-17,1697.94,fashion,0.499,card,0,5,0.422,tier2,1,5,afternoon,0.3269451502115473,0.4208,1
763ca60d-0b52-478f-ba90-75ace769a5ca,e35609cd-6640-4073-ae52-82ba85ac02f1,2025-07-14,250.0,home,0.302,UPI,0,1,0.206,tier3,0,3,afternoon,0.20019100806330278,0.0649,0
6e6a0fed-4f3b-40c5-8af4-8ed598d173f9,1e875744-08ed-4a3f-8cdb-457e2c478f1b,2025-09-17,15490.38,electronics,0.461,UPI,0,5,0.0,tier2,0,1,night,0.11390723161822383,0.0088,0
a2d6dc93-27d9-43fb-8927-207c7ce85e98,b209d179-6418-4f8c-bd42-8e4f831f0776,2025-05-18,519.21,beauty,0.16,UPI,0,17,0.194,tier2,1,2,evening,0.27580452681496,0.2498,1
3a1f4cd4-3aaa-4dfc-b27b-983f1c0de1c8,adb45e54-c9f3-4b21-b54b-39616818eb97,2025-02-09,284.88,grocery,0.298,UPI,0,2,0.527,tier3,0,4,evening,0.4600954461872477,0.0558,0
499151b5-877f-4e3c-a080-d4bae0c03201,19407932-d8b1-4cf9-823a-27cc0a751c71,2025-02-08,3096.98,home,0.23,card,0,7,0.28,metro,0,7,evening,0.24939791763606534,0.1236,0
f5f658aa-5319-4696-be94-dfd37d3528ff,830587ef-e382-4480-9a46-f2fb1f6d1a0b,2025-04-09,656.24,fashion,0.162,UPI,0,15,0.235,tier3,1,6,night,0.29038571770418864,0.4576,0
08e6c5d6-9197-4e4d-b63e-775b0d724299,735fdab8-3c31-4c12-8344-b632847001e7,2025-01-02,327.29,fashion,0.238,COD,0,9,0.686,metro,1,4,night,0.6231863021915255,0.6705,1
c528d7aa-a5de-43ba-977a-297f583a6d57,c10c20d7-5510-41b0-8340-28bf31f5165f,2025-07-31,2929.67,fashion,0.506,UPI,1,0,,tier2,1,1,afternoon,0.39222478041522824,0.4711,0
1772d153-7d32-4bb6-bb74-f164f88bb4b2,1c3bd688-9adf-4f99-a3fe-1e21e9441cc3,2025-02-28,1836.14,fashion,0.436,UPI,0,2,0.082,metro,1,5,afternoon,0.20995383460968203,0.1712,0
29697de1-2527-43b4-bccb-1fb1cf6ec9ed,ba9504c7-b413-4ee9-861d-702ad1482abd,2025-08-11,410.22,home,0.254,COD,0,11,0.153,metro,0,3,evening,0.21485681318313843,0.1043,0
27eadc21-804b-4ff5-9c53-ce4190b3de5c,24f462d2-ab23-4d64-b4cd-5e1193e7769f,2025-05-15,3237.6,beauty,0.308,UPI,0,3,0.619,tier2,0,1,morning,0.5997722687005431,0.0714,0
f2388d68-cacb-4501-9f32-144ce111fa2b,087d0d0a-beb0-4941-a8f2-ebeab4ce587e,2025-10-22,988.1,grocery,0.338,COD,0,2,0.389,metro,0,9,night,0.3378139318232394,0.1857,0
f31f3348-a5ee-408f-adb5-121de5abf484,b05cd307-ff39-4d35-b1c1-4cb2ba5733af,2025-03-25,1423.76,fashion,0.265,COD,0,2,0.162,tier3,1,4,afternoon,0.11716756530475335,0.5188,1
1559111c-2ffa-4f84-b88c-99159466ce30,2c576be7-69b1-4b4d-9e40-1bf81cad07fc,2025-07-26,323.72,fashion,0.723,UPI,0,4,0.482,tier2,1,3,morning,0.46365026623247513,0.598,0
d0bec040-242a-42e2-b16e-895f22e91d36,e13d21db-d1a8-4f0a-9fc2-ba3d05772804,2025-05-26,250.0,electronics,0.196,UPI,0,8,0.147,tier2,0,3,afternoon,0.06565876288364696,0.0818,0
c3416106-6a6e-45e2-86eb-bc6d1c4bcd67,4e40c152-4279-4fbe-8a2f-a127f5613ef3,2025-08-23,1023.93,grocery,0.235,COD,0,22,0.032,metro,0,5,evening,0.08097222048102413,0.0509,0
81ffaa7c-cf74-4032-a91b-40d7816142d4,8f7406c2-6849-4d3e-92b7-6e3b17489d67,2025-01-30,1055.39,electronics,0.339,COD,0,6,0.458,tier3,0,7,night,0.3269451502115473,0.5122,0
bef8907b-6dee-4828-aa73-66e934a3761b,cd8465b3-5dc0-4918-a21f-702a430fdf4a,2025-03-11,1311.72,beauty,0.434,COD,0,5,0.053,metro,1,3,evening,0.07981520295766234,0.1482,1
9b7b6971-6677-4e93-9a02-161987fdd4c8,8f4779cb-b618-4f81-bb3c-2fc51bd97d88,2025-06-26,1776.21,electronics,0.276,COD,0,1,0.309,metro,0,2,afternoon,0.3820936747712913,0.318,0
4423a3e4-c3b7-4071-a6ea-4b9f8906c862,397d373a-f33e-473f-9362-3154a53fe5ef,2025-08-12,250.0,electronics,0.23,UPI,0,7,0.428,tier2,0,4,morning,0.3797344893685818,0.0788,0
593d31e4-4c9f-4287-94cd-e3089b1bbc30,28660f34-5a61-4e07-8f8c-96c4fb8d6d70,2025-05-22,2674.0,electronics,0.241,UPI,0,8,0.043,metro,0,4,evening,0.052918216172000036,0.0168,0
93d181f0-806b-41d9-8fa6-fe6bfb8ae8b7,d3db41bc-bf8f-46e0-94b1-984f27ff9af2,2025-07-16,2340.29,home,0.368,UPI,0,24,0.28,tier3,0,4,afternoon,0.33315409272597374,0.092,0
e1d7ada8-71a2-401c-9fc6-e4d14024f04d,f2811512-6d74-428f-81ae-77df22796b31,2025-09-17,3278.49,fashion,0.059,UPI,0,19,0.468,tier3,1,2,evening,0.2916477929418046,0.39,0
745969ac-7bf5-421e-b182-cc051196ebb9,c04c2c09-5f42-4b59-aeb5-6d35280a5d01,2025-04-02,468.98,home,0.298,COD,0,10,0.029,metro,0,3,evening,0.06067469417646223,0.0974,0
153da2fc-960d-455b-8c7c-3f95709fa334,906a171c-f8ef-4c41-9106-4dedffaed9e4,2025-03-29,759.12,electronics,0.156,COD,0,12,0.152,tier2,0,2,morning,0.14849469586761202,0.1229,1
e702ce01-348e-4218-af2d-9858d5e0c18a,6d89b6da-05be-4f09-b2f2-542a975f2f53,2025-09-07,1032.38,fashion,0.049,COD,0,8,0.306,metro,0,1,afternoon,0.3016559281489719,0.1298,0
2889331f-9a85-450e-b8cf-13169a380c58,a202a749-e45e-4d7b-b9e4-97714e27bcb1,2025-08-14,4188.88,electronics,0.275,COD,0,7,0.197,metro,0,6,morning,0.1838032082155034,0.129,0
65287bea-15cd-4b61-8c27-87e0a47e33fd,c5d85ede-c256-42df-b993-35deb12a5516,2025-07-30,2301.9,fashion,0.31,UPI,0,17,0.411,tier3,1,4,evening,0.3517803851773976,0.4775,0
0894eb3f-01c0-4088-8ff0-8cd29936282b,7e3187ea-5ab7-4cd8-84fa-6ff053c09d04,2025-08-25,1108.21,fashion,0.176,netbanking,0,6,0.068,metro,1,4,afternoon,0.21026090580847182,0.1614,0
1e268cbd-bc1e-42c0-bd30-dfe7e4b8dd95,3acfe917-5eda-40b5-8596-6954ab6007a4,2025-03-31,455.36,fashion,0.197,COD,0,3,0.131,metro,0,1,evening,0.20370978877684995,0.1943,0
014c6095-7ed0-4d22-b31f-5bd840af15b2,d3db41bc-bf8f-46e0-94b1-984f27ff9af2,2025-08-02,1635.32,beauty,0.321,COD,0,25,0.326,tier2,0,1,evening,0.33315409272597374,0.2164,0
5b6380e6-5cd3-402f-a534-f97aa6a50a11,ec11d559-7980-4914-89e3-b56e72adba0b,2025-03-11,417.97,home,0.352,UPI,0,13,0.08,tier2,0,4,morning,0.1561219227039281,0.0799,0
2fe6b359-4888-4553-96be-61175a1aaafd,938245c2-8647-4454-aa1b-998878f08b78,2025-05-19,1501.9,electronics,0.391,UPI,0,15,0.319,metro,0,4,afternoon,0.29048499029100583,0.0834,0
cbc90eb1-ce21-485a-80b6-a68674ebe41c,93e4f60d-9a3b-4673-814d-a1c4b7fe7865,2025-03-24,1480.51,fashion,0.224,card,0,8,0.373,metro,1,1,morning,0.46001324343588723,0.3216,1
ab48a258-f336-46fa-8926-469976b8c72b,1d389e03-f41d-4493-8048-8d028a5d27f2,2025-06-22,261.31,fashion,0.504,COD,0,8,0.275,metro,1,4,evening,0.3251850941589013,0.4256,1
15b4f59e-dbf2-4941-bfe2-1a59698c3574,76994c2c-807b-4d69-8281-3339451c46e2,2025-03-13,1411.87,electronics,0.201,UPI,0,3,0.352,tier3,0,4,evening,0.14594410347412967,0.0486,0
bed622e0-6a6c-4c46-b1b0-8c474afff674,6f63d08a-29ec-4cc2-91f3-053e58856a7a,2025-03-26,2932.94,fashion,0.314,UPI,0,1,0.069,tier2,1,4,evening,0.03745152246394023,0.2969,1
65c9629d-ca0e-4403-91fb-a19386c16248,47c8a40a-5a46-43c6-9be3-3ced3fc16085,2025-09-04,1515.09,home,0.034,UPI,0,4,0.201,tier3,0,4,afternoon,0.23564858214539242,0.0723,0
cc6b2d10-3932-4459-abe6-cb3d3900f177,cda74f38-f117-46e6-86c1-27f5329aede0,2025-04-01,2440.21,home,0.156,card,0,4,0.559,tier2,0,2,afternoon,0.5362129046914219,0.0939,0
43e002cb-ebca-4c70-8ebc-083a1364e854,0651ab9e-5b2b-46c4-9215-ff97762857c1,2025-10-19,703.58,fashion,0.535,COD,0,9,0.523,metro,1,1,afternoon,0.3926881472493449,0.7577,1
846e9710-7852-458a-91f1-43d8c48fc23b,c54de631-aee5-4701-9f59-a9acda7c1bd1,2025-06-26,7733.22,fashion,0.281,UPI,0,2,0.427,tier2,1,1,evening,0.46341394989494955,0.0378,0
d035b98a-0949-4415-8e8c-57e4757e065b,b96486fd-b67d-407e-a617-7d6dfba9c556,2025-04-11,1363.57,fashion,0.439,UPI,1,0,,tier2,1,2,morning,0.09321757150181577,0.5737,1
aa7a7738-bfa8-4946-bbdd-8032dfe01ff9,5d6641a7-2c66-4278-98f6-6d3c2303ebb9,2025-09-08,4428.67,home,0.089,card,1,0,,tier3,0,3,afternoon,0.22661788203429245,0.3282,1
7d083740-1c17-4699-afb5-d66d241a0a21,6f63d08a-29ec-4cc2-91f3-053e58856a7a,2025-07-13,4850.2,fashion,0.675,UPI,0,2,0.0,tier2,0,8,morning,0.03745152246394023,0.1401,1
b001025a-a80d-4aa7-80dd-134d427a89a9,7e3187ea-5ab7-4cd8-84fa-6ff053c09d04,2025-02-13,8283.34,home,0.227,UPI,0,7,0.243,metro,0,3,afternoon,0.21026090580847182,0.0238,0
fc5b32f4-bf44-4a2a-86ad-5542d3b597a4,0fba06d8-d561-4e1e-8221-f56fd92a018c,2025-07-22,1904.31,home,0.441,card,0,8,0.427,metro,0,2,afternoon,0.41585134920398,0.084,0
afc458d5-e90e-4e6e-bca8-c4be498ef120,ba9504c7-b413-4ee9-861d-702ad1482abd,2025-09-22,694.56,grocery,0.44,netbanking,0,12,0.246,metro,0,7,morning,0.21485681318313843,0.0287,0
2c270fe6-7927-48e3-979c-27657707a03e,d2e06185-41b3-4488-a0c7-7165ae31370e,2025-02-20,5700.25,beauty,0.267,UPI,0,13,0.522,tier2,0,1,afternoon,0.4955830568370258,0.0567,0
22220dcb-ef2d-47ec-a775-4165a6b8102f,1c4f6d08-f28c-411b-ad7a-7123a63db32d,2025-07-26,1612.93,fashion,0.138,UPI,0,4,0.752,tier3,1,3,night,0.6433649856347546,0.5199,0
70c7eef6-0653-4556-8cd4-ca0a338f6702,ba9504c7-b413-4ee9-861d-702ad1482abd,2025-08-13,289.92,fashion,0.139,COD,0,13,0.187,metro,1,4,evening,0.21485681318313843,0.4585,1
1f85daea-04b5-48a4-83f0-904dc71361ec,44408e56-9a11-44d5-8a79-5e1ddafd28e1,2025-06-27,2291.39,fashion,0.289,UPI,0,19,0.186,tier3,0,8,afternoon,0.24706696213115537,0.1048,1
9f5337e8-d971-469b-9f58-97cfc045fdde,7950cbc5-8eee-4ebd-a1fb-7444b8b3a4b8,2025-08-30,250.0,fashion,0.307,COD,0,5,0.272,metro,1,7,afternoon,0.19283338499564623,0.4557,0
158fa406-8427-4944-9957-f1b3eaf4d202,b5613467-d329-4102-b724-eb47dc04ed5f,2025-07-19,2232.69,fashion,0.362,COD,0,6,0.267,tier2,1,1,evening,0.2676344641423701,0.3931,0
fa1e5f91-f72a-4b13-ad8e-e4f02e96614f,2286f067-3fb8-4d9d-8502-469f39a46441,2025-06-09,2896.35,beauty,0.259,UPI,0,16,0.139,tier2,0,5,morning,0.2798863894924076,0.0683,0
5f37fb22-793f-4279-9508-ad8247dabab4,f56ad4f3-b71a-44ec-80ba-95707d2ea8e8,2025-01-19,801.57,grocery,0.052,COD,0,3,0.0,tier3,0,4,night,0.0851383244395845,0.0489,0
fab31a0d-f5d9-49f1-a543-b2301069d26a,835b4038-88dc-4965-b6b8-921d3b0ad19c,2025-05-02,3112.06,fashion,0.275,COD,0,22,0.207,tier3,1,4,evening,0.18168234468688693,0.4211,1
127a8ad3-8ada-469d-b215-4aa0251081d1,0651ab9e-5b2b-46c4-9215-ff97762857c1,2025-02-26,943.21,electronics,0.228,card,0,10,0.246,metro,0,1,night,0.3926881472493449,0.026,0
eadd8db4-fb8c-4d37-84a9-527b027ab04e,23ac10de-578c-4d97-8a7d-5bc1a1fa17ef,2025-07-22,1111.46,beauty,0.235,COD,0,1,0.121,tier2,0,5,night,0.1036324280316437,0.3718,0
b930f35e-3e99-49dc-8e3d-afe927b48607,694022be-f45b-4b98-8a1e-01682ff6e821,2025-03-16,1636.83,grocery,0.213,UPI,0,5,0.032,tier2,0,2,afternoon,0.09634270484326586,0.0228,0
c28cff75-656e-4c63-ba2f-e719c71429f5,a55896b3-fb13-44ca-9f5b-cb9965b8c231,2025-08-02,567.75,electronics,0.3,COD,0,3,0.425,tier2,0,2,evening,0.5304662995952951,0.1817,1
f8216bcc-0110-4daf-807d-7119f019d321,c3bd6bd5-5d29-4bd3-a1c6-008db743b055,2025-06-09,2290.1,grocery,0.385,UPI,0,1,0.388,metro,0,3,evening,0.3173771501855524,0.0213,0
0ebfaced-b12e-4b0a-83dd-fef2d4ce80b8,3a457f70-d47f-43a5-88c5-b74c7d8ab2dc,2025-08-17,803.58,fashion,0.536,card,0,3,0.352,tier2,1,5,afternoon,0.3408921063238981,0.3269,1
fc3be2c6-990a-41d3-b41f-279c66a02028,aff1ce45-76e8-4351-bf60-ff2e95431e9b,2025-06-15,916.02,grocery,0.663,UPI,0,1,0.581,tier2,0,2,night,0.5318032893846185,0.2004,0
1272cfd6-bbc5-4044-8f87-8db62eeea62e,db6771cb-3b45-42da-94c6-4d191a5421eb,2025-07-23,3301.67,electronics,0.249,COD,0,1,0.301,tier2,0,5,night,0.32003705418313455,0.2582,0
c9878538-8b1e-4e08-a831-20b8a3c3c72a,2303f419-f5e1-47e2-b4ab-9d14e1b545ef,2025-03-07,3009.17,electronics,0.285,COD,0,1,0.478,tier3,0,4,morning,0.4006136338939826,0.1466,0
66c91719-d2ca-4caa-8334-136509f24e76,11eb7869-4707-43e9-b027-e2ca5551f9c8,2025-05-11,2568.35,electronics,0.098,card,0,1,0.092,tier3,0,4,evening,0.06885084713508903,0.0246,0
6071c678-ab3b-4cb8-87c0-b9e5309a8423,4e3fc6b0-f121-4028-91ed-489282daa465,2025-04-19,578.1,home,0.25,card,0,2,0.033,tier2,0,4,evening,0.07820534188507672,0.0214,0
4a0b9ca0-fcad-4a4f-b5f9-160278e14984,7a4e9ee7-df87-4f79-9ec7-3f4c1f489075,2025-10-24,338.09,home,0.351,COD,0,29,0.251,tier2,0,2,evening,0.23069756686430742,0.1084,0
3be91546-5ebd-48b9-bdba-d3a7d82c5d14,b96b994e-0ecd-4a39-8a9c-94c3875de033,2025-01-23,1177.09,fashion,0.383,card,0,1,0.186,tier2,1,5,afternoon,0.31973660715339725,0.275,1
ea532fcc-1c6f-45b8-be03-5ed4923f77e4,94a4d735-8ff1-40c0-8ba1-f19ff62fabcf,2025-04-27,1823.84,home,0.08,card,0,1,0.445,metro,0,2,evening,0.27762091119656535,0.0446,0
a617a7ab-a337-4337-8db7-ca66c3d4dee3,83fe6a19-57b5-4519-982d-d7d7bca39396,2025-02-24,1376.94,beauty,0.116,card,0,9,0.242,tier2,0,4,evening,0.26357426902472036,0.0557,0
31cf26fa-c6b7-49ac-8745-aa25ca6c3bb8,b7fee608-f381-4167-a173-bf1ad38bdb79,2025-02-01,2589.2,electronics,0.155,COD,0,9,0.017,tier2,0,1,morning,0.05881659853496958,0.0563,0
beaed025-694b-4e7a-96d0-7ef9c381e149,30888fd2-16bc-4533-a06f-0e0d4ed50f9d,2025-05-20,2430.24,fashion,0.283,card,0,10,0.2,tier3,1,6,afternoon,0.22452854262691951,0.3198,0
44f04d7a-e860-4e77-ab7f-6527f61ca3c6,1152a6af-d25b-4b7b-9869-0b6a0e562cae,2025-01-15,1604.88,home,0.491,COD,0,2,0.408,metro,0,3,afternoon,0.2384500662905658,0.2702,1
00e6c7c5-7afd-400e-813e-42890cac7a37,573ef44a-b7bb-44cb-ae0d-923c3a996227,2025-07-03,548.96,grocery,0.254,UPI,0,7,0.374,tier2,0,3,night,0.419905690979168,0.0781,0
c099fe7b-925f-40e5-9062-025fed979158,6fc8aff2-462f-4dc6-bb1f-7051df7b8179,2025-07-01,1312.93,fashion,0.154,COD,1,0,,tier2,1,5,evening,0.2830374206843244,0.8951,1
3740c8a6-1d9e-4f6d-a14c-df5abb1e5389,1d1d60f9-18c7-4b9b-921e-fb57d670462b,2025-05-11,3448.58,home,0.59,UPI,0,2,0.066,tier2,0,4,night,0.03256332504746043,0.037,0
db1947b3-3ac7-44a1-9594-4d4eac1884ca,10546d08-1053-4bf0-976f-4c40b2dcb1c8,2025-02-07,813.56,electronics,0.148,UPI,0,10,0.0,metro,0,3,evening,0.021184252375003435,0.0127,0
b92fd078-3345-47b5-af53-bb43d6926aef,1ec19d12-c4c9-4320-a035-98e17c951577,2025-02-19,992.62,fashion,0.336,UPI,0,21,0.257,metro,1,3,evening,0.18576378008237582,0.4228,1
af006c3f-0d41-4ac2-8f42-f4f6b216d5ed,3a10c9d8-7244-4111-ab9e-df23dad5c58b,2025-06-14,1730.42,beauty,0.525,COD,0,1,0.389,tier3,0,6,afternoon,0.33399605777104996,0.4649,1
5b023130-3eba-4491-ba12-5e0dd9e6c0d7,2bf0d062-3044-43ad-afc7-95617e9ef54d,2025-05-02,6176.2,electronics,0.523,COD,0,5,0.192,tier2,0,2,evening,0.24614417619698423,0.1688,0
594ed742-8855-43b0-afbf-139f8f6f5686,b409e3d7-b9a4-422f-952f-eaf1d5521144,2025-01-16,2767.72,beauty,0.239,UPI,0,15,0.283,tier2,0,2,afternoon,0.3974441051585353,0.0409,1
5b4e11be-3bed-49dd-b9e2-0512bbc09ec4,ecf7432d-87ec-467d-9c61-1102e6ef87c1,2025-07-21,995.6,home,0.295,UPI,0,6,0.0,metro,0,6,evening,0.1036578444265268,0.0334,0
7d8009ca-ded2-4529-bce8-b2fad58edf0b,f8058711-faa6-4eca-a2ab-1fa0ad185832,2025-10-19,2590.29,fashion,0.355,UPI,0,8,0.0,tier3,1,6,evening,0.04047509547806022,0.3377,0
c130b446-3a3e-480f-8e5b-24f8e0093b79,735fdab8-3c31-4c12-8344-b632847001e7,2025-09-13,1703.29,home,0.293,UPI,0,10,0.513,metro,0,2,evening,0.6231863021915255,0.0491,0
b7436f5e-ddbb-4428-a3bc-7eef3c2f8757,e1a003ea-5c5b-42d1-ba24-ccd143e04a66,2025-06-11,717.83,electronics,0.219,card,0,1,0.291,metro,0,2,night,0.44476856839523915,0.1177,0
b4bfc20b-97cb-48c0-9750-78c274732eb3,aeb809c7-7345-49c5-915c-5731c06a32e9,2025-01-03,1829.38,beauty,0.236,card,0,2,0.523,metro,0,1,night,0.412352927877719,0.1517,0
36cda587-716b-41be-85c6-dded04024d5c,11eb7869-4707-43e9-b027-e2ca5551f9c8,2025-10-22,1501.02,electronics,0.085,card,0,2,0.123,tier2,0,5,afternoon,0.06885084713508903,0.0208,0
28d5bd96-5e69-4003-8b37-db577378a418,2b77e152-ac97-4061-9e6a-5abdc78bc29a,2025-07-20,700.2,fashion,0.177,COD,0,13,0.23,metro,1,6,morning,0.29832839962512075,0.697,1
5de60956-e536-4812-a22a-842edb4f9625,6296a5bf-1d0d-4787-913b-ade30d6d7648,2025-07-14,2474.25,electronics,0.376,COD,0,2,0.303,metro,0,2,evening,0.2810349509629501,0.1828,0
c85402ca-7ae4-400e-8089-70c4bf411204,f2811512-6d74-428f-81ae-77df22796b31,2025-09-04,547.68,beauty,0.161,card,0,20,0.266,metro,0,2,night,0.2916477929418046,0.0639,1
c5fae5ef-0b49-481d-9224-1a6aeef51220,f9691f62-eba3-4973-ac0d-3de0ec286d88,2025-07-16,1579.34,electronics,0.359,COD,0,2,0.439,tier3,0,3,afternoon,0.33946126851350195,0.2578,0
c8c303f0-a767-4910-8857-ba9d4fd1e59b,c5d85ede-c256-42df-b993-35deb12a5516,2025-02-04,634.06,beauty,0.194,UPI,0,18,0.346,metro,0,2,evening,0.3517803851773976,0.0281,0
6764f2d9-b29b-4bf0-93e0-61a7df97e26e,d9bc17ca-80dd-47e2-8dc5-79922a30764c,2025-05-10,554.2,electronics,0.425,COD,0,8,0.312,metro,0,1,afternoon,0.34134778732339127,0.0992,0
a71c12e5-431c-4ee0-8394-d97a28e82ecc,a601bb98-ed14-4e71-93e5-2be8eb49e370,2025-10-15,1951.08,beauty,0.433,UPI,0,13,0.391,tier2,0,4,evening,0.4143300984213656,0.1983,0
363f8b75-c2f7-4bf5-ab2e-59e6a76ecefa,5c3a491b-f023-457b-9da7-95a4eedebd89,2025-06-27,1408.54,electronics,0.182,card,0,18,0.169,metro,0,2,morning,0.12936071938754626,0.038,0
0a086970-eeb8-4104-9193-778ea020c3b2,6d6ae56d-11fa-4053-be24-184c1da67ec2,2025-07-11,2824.52,beauty,0.75,COD,0,5,0.101,metro,0,5,afternoon,0.13845962298865533,0.4605,0
855aeef2-01ee-4239-8acb-f517bcbf327a,4a942cba-c277-4ef3-9510-65b3301f67fa,2025-05-07,622.42,fashion,0.69,card,0,2,0.232,metro,1,3,morning,0.1562196164642481,0.4022,1
a4972ec9-2793-45c9-997e-d68121f60dbc,6e3b3be3-2b1b-41c1-848d-db21927445a2,2025-06-23,318.06,fashion,0.189,COD,0,1,0.0,tier3,1,5,night,0.03833526651775298,0.2556,1
0dbc4160-fd02-405d-a36a-13d35aa4db44,1adfba2a-67be-4047-b8d7-6fa58294836e,2025-09-27,250.0,electronics,0.446,UPI,0,8,0.438,metro,0,2,afternoon,0.34129841122598414,0.0533,0
425f0995-a788-486d-ae12-17aa7a87414b,f04ea3ca-68ee-4efe-a612-fe50610fd2dd,2025-04-19,1873.36,electronics,0.261,COD,0,15,0.084,metro,0,6,evening,0.2242312963277271,0.0799,0
48ae4f73-d192-49af-82f0-841ec3244af4,a202a749-e45e-4d7b-b9e4-97714e27bcb1,2025-06-23,282.29,fashion,0.158,UPI,0,8,0.202,tier3,1,5,afternoon,0.1838032082155034,0.18,1
f7d365df-ba05-4550-aad1-52a14ab0630b,3678c134-a42b-4685-ad15-81b9e73e73aa,2025-02-08,1384.51,grocery,0.179,COD,0,9,0.195,tier3,0,5,evening,0.1373435706874969,0.0884,1
e44bedc4-fe12-4f85-abcc-9f99a68c36c9,b209d179-6418-4f8c-bd42-8e4f831f0776,2025-07-09,3544.53,fashion,0.439,netbanking,0,18,0.307,metro,1,3,afternoon,0.27580452681496,0.3417,0
74ffe4f4-9c30-46af-87e9-334f55b7cc81,4e40c152-4279-4fbe-8a2f-a127f5613ef3,2025-03-21,250.0,fashion,0.466,COD,0,23,0.089,metro,1,2,evening,0.08097222048102413,0.5673,0
426268dd-85d9-413d-80f9-bd422d5af1bd,c96a9e4f-f6e2-4582-900e-e47a05c7f83a,2025-08-30,628.79,fashion,0.071,UPI,0,12,0.503,metro,1,2,evening,0.45454338905514596,0.3796,1
add7e2d0-0b1d-4431-9299-fc837c0d184f,3ae5064b-f3c7-4936-8de7-de055b245a44,2025-09-01,524.21,fashion,0.197,UPI,0,3,0.0,tier2,0,2,evening,0.13085373507915285,0.1112,0
f7165fb3-7b62-45d6-a403-2da17c0580a0,f08d853b-6894-4bb3-971c-4183b39fae0e,2025-09-17,498.97,electronics,0.433,COD,0,10,0.3,metro,0,2,afternoon,0.2486017792851423,0.1549,0
1cbcf538-46f5-4d8f-b133-63a655f26e6d,171e4a10-810d-497f-9f03-8fd70e81b526,2025-08-30,534.55,home,0.48,UPI,0,1,0.293,tier2,0,3,night,0.27177374067259585,0.0576,0
9e53d77a-bb84-45d2-bfd7-45beabb2e2b6,f6e4c618-dbe9-4a39-a228-6cbd7c2f3e59,2025-03-11,12106.92,beauty,0.044,UPI,0,2,0.365,tier2,0,1,evening,0.46479456251644435,0.0237,0
f763003d-2b88-48b0-85ec-a0305160528d,5e758f8f-c2ad-4e0c-b4fc-026916c24854,2025-02-23,1260.06,fashion,0.32,COD,0,26,0.195,metro,1,2,evening,0.048627470043128354,0.388,1
e45abeea-e4a4-4f0b-955e-18a50553d9da,1aedda60-9451-4ebe-a71a-cb45e1d3d498,2025-05-28,1166.67,fashion,0.438,netbanking,1,0,,metro,0,4,morning,0.3259641018177863,0.4045,1
aa185b9f-8a20-4f58-8be5-0d9b797f346f,ce8ac74b-c6d0-4367-a531-d43bfe5b2bf6,2025-07-11,1857.37,grocery,0.086,UPI,0,9,0.403,tier3,0,8,morning,0.32830159764792616,0.0304,0
f96de5a5-558e-4e19-b357-1517d8285b89,60380c0a-3b79-449f-9563-1759bfe93615,2025-03-27,3777.46,electronics,0.173,UPI,0,1,0.519,tier3,0,6,morning,0.406655373188852,0.1882,1
0744a105-73a4-44f9-940e-1396b9571148,f5069c4e-0691-43d9-b3e0-3efe7073ec31,2025-07-12,942.25,beauty,0.501,UPI,0,13,0.0,metro,0,1,morning,0.03542903995029727,0.182,0
44222dfb-ec8e-400b-9ca0-280ae54cba82,787739e4-6bfc-4e51-b3b0-26408d0e386e,2025-03-07,892.49,grocery,0.304,UPI,0,13,0.357,metro,0,3,afternoon,0.3565159652552688,0.0212,0
8f0f4134-e8c3-4255-a3d3-05ba3097902e,80f51681-2009-48ac-926e-7b7901f96486,2025-01-30,1329.03,home,0.125,UPI,0,8,0.023,tier2,0,2,evening,0.025007063694987345,0.0475,0
fbb8d851-11dd-46e7-9ecf-0b91bc23dc02,b0694581-e5bf-4757-913a-46834d324ff0,2025-03-09,7807.34,beauty,0.194,COD,0,15,0.224,metro,1,8,evening,0.2365731909103324,0.0744,0
e9b339dc-7333-4ca8-bc97-a986ca13b5a5,cd03dd27-2fc9-486c-998f-c61cf34b93ab,2025-07-09,1632.57,beauty,0.294,card,0,5,0.342,metro,0,5,evening,0.35614412579298554,0.0547,0
e6975c4d-4e0a-4129-9869-437610574d20,60ab47fa-fe76-4aa1-9125-a3006288e298,2025-07-21,1784.71,home,0.29,UPI,0,20,0.305,tier3,0,3,evening,0.2897378778415542,0.0577,0
d90fabbe-e6b8-450e-aba7-7f94abed3423,277a79e8-5c1c-4c5a-b093-506fa7146b60,2025-05-22,4535.42,grocery,0.25,COD,0,1,0.029,metro,0,4,morning,0.16757657415686808,0.0233,0
bc405d6b-2a84-4056-b467-3faa873a9960,fe5966ee-16a8-40bf-bfa7-b25c4843d418,2025-10-24,274.21,grocery,0.178,COD,0,1,0.145,metro,0,4,afternoon,0.08260669207550075,0.0513,0
260a277c-93da-4ea6-9ae7-1b382aa88126,b209d179-6418-4f8c-bd42-8e4f831f0776,2025-07-13,465.72,grocery,0.346,UPI,0,19,0.337,metro,0,2,evening,0.27580452681496,0.0241,0
6edba466-8d74-4deb-9d6c-3018aa4ae38f,087d0d0a-beb0-4941-a8f2-ebeab4ce587e,2025-01-23,1530.67,home,0.089,COD,0,3,0.296,tier3,0,4,morning,0.3378139318232394,0.1998,0
ab17cca0-7737-42a0-8143-85c90f9e3a24,7a4e9ee7-df87-4f79-9ec7-3f4c1f489075,2025-03-11,2738.45,fashion,0.606,UPI,0,30,0.239,tier2,1,6,afternoon,0.23069756686430742,0.1859,0
8bd3a201-49b1-4e38-ba41-ba0fea6f4aa7,894cacb0-1a22-4a51-98a1-cbc234902593,2025-03-10,1177.09,electronics,0.103,UPI,0,1,0.034,tier3,0,7,morning,0.06133481491675551,0.0844,0
7dd4bc30-8717-4b17-891e-0a024a588bf9,1ec19d12-c4c9-4320-a035-98e17c951577,2025-06-22,1396.53,fashion,0.138,COD,0,22,0.153,metro,1,3,afternoon,0.18576378008237582,0.2025,0
891b4f3d-caa8-4098-b6f2-2d8c604fd086,835b4038-88dc-4965-b6b8-921d3b0ad19c,2025-06-17,337.03,fashion,0.283,COD,0,23,0.002,metro,1,1,morning,0.18168234468688693,0.3531,0
54e6772e-f57a-4609-89c1-29fe72cf9e1b,59265d36-e12e-4bfc-b8a8-29de0a16e8c5,2025-05-10,1165.39,grocery,0.669,COD,0,15,0.465,metro,0,2,night,0.35941268307576457,0.1538,0
b4028880-be0f-419f-b8c1-17c28d4d33be,ea33c317-383c-4dec-8cf7-6ce5f6000a9f,2025-02-08,6019.47,electronics,0.241,netbanking,1,0,,tier2,0,1,evening,0.21839807662579255,0.1107,0
babeedb8-0771-4d90-8cb0-963292366f81,76af2820-184c-47d9-9bd2-4b2f7eb04dc2,2025-08-19,521.36,electronics,0.424,UPI,0,6,0.082,metro,0,5,afternoon,0.03002375015151436,0.0409,0
9d8eb9a7-d58c-4ab2-b0c3-9ce0e3597550,36f429a5-f9cd-4178-8452-85593f1caac7,2025-04-30,994.82,grocery,0.229,UPI,0,6,0.2,metro,0,3,morning,0.07704457522442643,0.0508,0
11d6c79e-2d5d-4a1f-a99b-6cbf20ac1711,265ca8d0-3df8-4d6f-9712-d08685f17132,2025-04-02,1264.24,home,0.431,UPI,0,17,0.095,tier2,0,3,evening,0.1913603605753747,0.0959,0
c8b3fa02-b4b2-4742-a899-e3bdaf9cde9c,eb654173-692d-41d4-b3fd-d891332bd628,2025-09-04,2878.71,grocery,0.264,COD,0,1,0.232,metro,0,1,evening,0.33153779940461287,0.0351,0
a0fe61f3-bba8-4b4b-9537-ceddaea9bc42,d58ed780-65ee-4c51-be5d-39ded6ec4c3d,2025-06-27,1971.64,beauty,0.649,UPI,0,8,0.445,tier2,0,3,night,0.3745706193331196,0.1745,1
9bbe340e-f8b1-4473-a9aa-8412e50dfd9a,84572a47-a77d-46d8-86cc-c2d51f78a29c,2025-01-16,1846.49,fashion,0.411,COD,0,2,0.106,tier2,1,3,evening,0.06840185073953457,0.4364,0
46bed3db-6abb-4ac1-a053-0c1e5302dd2c,c5e8aef0-7362-4837-9a04-8b3fa7ff821e,2025-02-12,759.96,fashion,0.259,COD,0,18,0.459,tier2,1,3,afternoon,0.5144941083307562,0.6863,0
b34b1f49-e67a-4af0-8f9c-4376126081ee,a65430c1-b88c-4a75-8504-7fad44dca109,2025-07-07,3192.69,home,0.438,COD,0,6,0.243,tier3,0,4,afternoon,0.18723773115835693,0.2415,0
efe88403-fee0-4c89-bb60-18e3067a99ab,265ca8d0-3df8-4d6f-9712-d08685f17132,2025-02-08,1799.27,electronics,0.253,COD,0,18,0.33,tier2,0,5,morning,0.1913603605753747,0.1316,0
4affb917-54e8-4bc5-acdf-adc2f9672f3f,dea29f8e-ac26-475e-a225-300fac669ed0,2025-04-08,1220.28,home,0.312,COD,0,26,0.091,tier3,0,7,morning,0.2211439005048725,0.1802,0
58de1d42-8eac-4bfa-8781-31725752c3a5,cd508d92-15fe-4a35-9c1b-37a278d36ea4,2025-04-15,1033.05,home,0.237,COD,0,22,0.159,tier3,0,6,night,0.2771725532528444,0.3186,0
d838a7fc-8fbd-4a35-bd08-ab80b1fc499a,2c576be7-69b1-4b4d-9e40-1bf81cad07fc,2025-10-09,640.13,fashion,0.324,card,0,5,0.391,tier2,1,6,morning,0.46365026623247513,0.3434,0
9b655ce3-595f-4f1d-89a5-c156c5d6b2f4,a2a6e4a7-73f0-4f60-8023-1d364c305e4d,2025-07-27,4704.58,electronics,0.133,UPI,0,15,0.371,tier3,0,6,evening,0.23228588338828865,0.0334,0
57a92219-dcfd-4c69-ba31-5bc5e52926ae,c987e835-2514-40cd-834c-f4d2261dd56b,2025-08-29,368.64,fashion,0.292,UPI,0,16,0.163,tier3,1,3,afternoon,0.06015710717930573,0.1586,0
63f1f0de-c107-4d3d-b81a-4157132969d2,ace1ab49-d6e4-4784-9490-26eccef63611,2025-07-18,1670.99,beauty,0.11,UPI,0,14,0.201,tier3,0,9,evening,0.1503348970823547,0.1591,0
3e431805-6ab9-4c78-ab39-805f350d03f4,e95af2c5-ffae-427d-a151-10aa5d3eac5d,2025-04-21,5493.07,grocery,0.107,card,0,5,0.211,tier2,0,3,evening,0.20300873036155653,0.0049,0
3f0497b4-aedf-452a-971b-cf605a4c9a2d,93c72a44-1cc1-40bb-845b-a5d322967643,2025-09-18,250.0,fashion,0.4,card,0,1,0.0,tier2,1,3,evening,0.14186857706837255,0.2846,0
9eaebc08-37bf-494b-9e62-f8f2b5a07f7d,76994c2c-807b-4d69-8281-3339451c46e2,2025-03-08,1052.29,beauty,0.087,card,0,4,0.226,tier3,0,5,morning,0.14594410347412967,0.0769,0
a4b94156-3eb5-4837-8415-7d3952fbd3cc,236d11d7-cc84-47c1-9d4b-15dd6891dcbc,2025-10-11,1875.64,fashion,0.091,COD,0,21,0.313,tier2,1,2,evening,0.22121655786542901,0.3117,0
c1515e55-0d33-4d5f-a1d2-d24e352b0d9f,c6829464-1335-46ed-adb7-4a3c9b07a5a8,2025-07-12,484.92,home,0.675,card,0,4,0.266,tier3,0,8,evening,0.2732031279049196,0.1723,1
b6fbee19-b4a9-4fde-931f-9ddb184fb470,c5e8aef0-7362-4837-9a04-8b3fa7ff821e,2025-04-18,1484.1,beauty,0.211,card,0,19,0.545,tier3,0,4,evening,0.5144941083307562,0.1506,0
e9be9729-70de-4059-8552-0499f30841cf,08aef544-c5e9-4643-9aa9-07339815a3b1,2025-01-15,3007.73,fashion,0.231,COD,0,4,0.332,tier2,1,2,morning,0.3389478327833424,0.3494,1
be0f9548-d190-4218-b302-4062d4160895,a46a2b9d-9e01-4de2-ae6b-488580dd4d62,2025-08-26,1193.6,electronics,0.149,UPI,0,2,0.347,metro,0,4,afternoon,0.36242851871884985,0.0327,0
f7a6a16e-636d-47d4-86be-5e740a27e8ae,2b77e152-ac97-4061-9e6a-5abdc78bc29a,2025-09-30,343.85,grocery,0.176,COD,0,14,0.263,tier2,0,2,evening,0.29832839962512075,0.1531,0
e408d6fd-e332-45c5-879a-8d51db5fa08c,cd972b68-9a19-4d2a-be70-d383d6f3386f,2025-08-03,558.68,fashion,0.389,UPI,1,0,,tier3,1,7,evening,0.1971474204620167,0.5948,1
ca29752a-c023-421f-9440-1ca082040802,0cba70d8-7b76-4a59-90e8-413b36d73797,2025-05-01,511.41,fashion,0.204,UPI,0,12,0.171,metro,1,5,morning,0.21055725528180214,0.1764,0
f167a743-673e-4fec-b719-b69d557f4040,af96ed19-8040-4988-b823-c92d3c4310f9,2025-05-31,323.57,fashion,0.22,COD,0,3,0.305,tier2,1,1,morning,0.23815835049683093,0.3818,0
9dd1a11c-356a-4d90-ade2-48211c88c16a,49a190f2-c9c8-441e-b450-f1343adf4d1a,2025-06-09,976.82,grocery,0.293,UPI,0,14,0.409,tier3,0,6,afternoon,0.4134664929263236,0.1248,1
df204803-edb8-4ebf-8f3d-62f1c3c9fcb6,938245c2-8647-4454-aa1b-998878f08b78,2025-04-21,442.07,electronics,0.208,COD,0,16,0.258,metro,0,5,morning,0.29048499029100583,0.242,1
3027a40a-f3b3-403a-a7a2-c555c3e9d9b5,5c3a491b-f023-457b-9da7-95a4eedebd89,2025-01-27,403.14,electronics,0.75,UPI,0,19,0.218,tier3,0,7,evening,0.12936071938754626,0.215,0
e88eaa44-b317-403f-bb82-a028eb897388,f6ca696a-e455-41c1-9dc8-0f15409a4068,2025-07-30,4026.6,electronics,0.17,card,0,3,0.166,tier3,0,4,evening,0.10854267231058526,0.0733,0
0be6cf4f-87a0-4a37-b82d-0a0130f79f94,2aaeb018-2f2d-4450-8a9d-5980ffdd1d50,2025-07-13,5660.95,fashion,0.328,UPI,0,4,0.395,tier2,1,1,afternoon,0.30789316130355804,0.132,0
9fce0023-349c-4f47-84a3-e75bb01fa6b9,b7fee608-f381-4167-a173-bf1ad38bdb79,2025-02-17,3937.99,fashion,0.203,COD,0,10,0.015,metro,1,5,morning,0.05881659853496958,0.334,0
848124fd-5ce6-4085-999b-53f1b3ef9e2b,ec11d559-7980-4914-89e3-b56e72adba0b,2025-01-16,1706.09,beauty,0.203,COD,0,14,0.191,tier2,0,4,evening,0.1561219227039281,0.1473,0
80a8a10b-628c-40cb-a3fb-6d27f2457e2d,f04ea3ca-68ee-4efe-a612-fe50610fd2dd,2025-07-18,1412.78,electronics,0.244,card,0,16,0.265,tier2,0,3,night,0.2242312963277271,0.0403,0
fb13e998-7208-46cb-bd78-db2b04fd5b7b,2bf1c610-a75b-412d-b0ce-9dc111d20e3c,2025-01-30,5712.27,fashion,0.041,card,0,11,0.32,metro,1,2,afternoon,0.27780100478810504,0.1744,0
b797d492-b321-4f6c-80d4-b8844509f73b,d2e06185-41b3-4488-a0c7-7165ae31370e,2025-05-11,3079.64,beauty,0.222,card,0,14,0.43,tier2,0,2,morning,0.4955830568370258,0.0732,0
785ec53e-b930-4ea1-be60-b7754f4c3071,49a190f2-c9c8-441e-b450-f1343adf4d1a,2025-05-02,4462.2,electronics,0.162,COD,0,15,0.58,metro,0,4,evening,0.4134664929263236,0.0656,0
d7b6827f-0d68-470b-b98a-ac50d27944d0,0b6f3e2b-84fe-456b-ad93-ffcb76fb728f,2025-08-29,863.1,fashion,0.094,UPI,0,24,0.222,tier2,1,1,morning,0.19762424986659227,0.0675,0
ad37ace8-2c63-4b58-97dd-5aece1a1061c,6a72a586-9fca-4e98-a9df-52567df72a6a,2025-09-13,401.67,home,0.456,UPI,0,2,0.288,tier2,0,6,evening,0.2510628995968812,0.1547,0
fa554fb8-aebb-45bf-8688-cf366c9ac834,b209d179-6418-4f8c-bd42-8e4f831f0776,2025-03-04,3123.81,electronics,0.377,card,0,20,0.366,metro,0,6,afternoon,0.27580452681496,0.0371,0
35b3ae91-58e6-4206-b3ef-3178f785f36a,d0d8fe24-c852-4ca5-ba50-638075dc7939,2025-06-29,2115.67,fashion,0.371,UPI,0,5,0.18,metro,1,3,afternoon,0.2216976101384966,0.4294,1
0926a264-4a09-4bac-bca0-b2aac2d697f7,7a4e9ee7-df87-4f79-9ec7-3f4c1f489075,2025-01-16,3656.85,fashion,0.116,UPI,0,31,0.223,tier2,1,2,morning,0.23069756686430742,0.2983,0
0cd6bae9-d603-4344-bd2b-b63c62f93a63,f2811512-6d74-428f-81ae-77df22796b31,2025-08-15,1361.06,grocery,0.088,card,0,21,0.233,metro,0,2,night,0.2916477929418046,0.0031,0
02c8a84e-f5f3-442a-8363-d695365592cd,8ea9021b-0ac2-46d4-a8aa-e3c8ec9cb830,2025-06-23,400.94,electronics,0.303,card,1,0,,tier3,0,4,evening,0.10315842761541319,0.3496,0
ce885d8e-b95f-419f-a891-140dd46e7e3b,99147503-441a-4858-9bd7-29926eb2f3c3,2025-06-02,1640.88,fashion,0.566,UPI,0,13,0.335,metro,1,6,morning,0.3870026797871902,0.2826,0
268fae1b-c7f3-40a7-8ef6-87cfae3d3b2a,92f8f8f3-1a19-41b0-9888-9ad14e0b35ba,2025-06-30,319.61,home,0.067,COD,0,11,0.187,metro,0,2,evening,0.14720873128711998,0.2274,1
2397bdf3-01d2-4738-8a38-28abb1051d55,11eb7869-4707-43e9-b027-e2ca5551f9c8,2025-05-11,5446.08,electronics,0.512,UPI,0,3,0.132,metro,0,4,afternoon,0.06885084713508903,0.0563,1
0304cfd0-0b3d-4c1f-984c-9779fc1bd337,4d47ad50-ed68-4545-af4f-485a9b29b711,2025-09-03,2005.87,beauty,0.129,COD,0,18,0.311,tier2,0,3,afternoon,0.21989011196511407,0.3287,0
64a24972-00d2-4b6e-b844-d570dc94ec55,ab72089d-78f0-4591-b9db-3c9821a17149,2025-10-12,1188.75,fashion,0.036,COD,1,0,,tier3,1,3,evening,0.45142648803811186,0.8523,1
29c2da4e-2428-4004-93ea-fe6d7ae1d6a8,b05a9304-5220-4778-ae22-fcb79cf0a0d0,2025-04-30,2078.87,fashion,0.243,card,0,1,0.244,tier2,1,2,morning,0.27701546047133413,0.1113,0
4409583a-fa76-49ab-b8db-e62f3e7d7155,d9bc17ca-80dd-47e2-8dc5-79922a30764c,2025-04-09,250.0,fashion,0.277,COD,0,9,0.368,tier2,1,5,morning,0.34134778732339127,0.4059,0
f36e5844-88a9-4115-ac7f-e0383dacea06,f5069c4e-0691-43d9-b3e0-3efe7073ec31,2025-09-09,404.24,electronics,0.211,UPI,0,14,0.146,tier2,0,3,afternoon,0.03542903995029727,0.0724,0
70e6a42c-80b2-4482-87a1-dc796181a4e1,b39e2820-63bb-4385-b9d7-44c8956fa1b1,2025-10-24,2846.68,fashion,0.109,UPI,0,3,0.005,tier3,1,5,night,0.2798243783472397,0.1441,0
c3d7f0fc-e425-489a-bada-61d4f5956722,2bf1c610-a75b-412d-b0ce-9dc111d20e3c,2025-05-30,1994.62,fashion,0.32,UPI,0,12,0.32,metro,1,4,morning,0.27780100478810504,0.2835,0
17c753f4-66ae-41d2-b9b2-c22de0ab0995,4ed8649d-1f98-49ba-9ac7-95ad3fde0f37,2025-04-10,833.58,fashion,0.3,COD,0,5,0.429,tier3,1,5,afternoon,0.36581399891508337,0.57,0
7a5b1d4d-d978-42e0-82be-0b769de01a8c,b03cb31b-e35c-455f-b819-43d10b10f4de,2025-09-19,326.48,beauty,0.118,card,0,5,0.049,metro,0,2,afternoon,0.18263332309352803,0.0821,0
4c4a8fee-0982-4a75-abe0-7300c1f065c4,c5d85ede-c256-42df-b993-35deb12a5516,2025-05-02,1074.94,fashion,0.716,card,0,19,0.213,metro,1,2,evening,0.3517803851773976,0.2041,0
1ce084a8-86e0-490d-83ed-5681dedf1994,11eb7869-4707-43e9-b027-e2ca5551f9c8,2025-02-24,484.29,fashion,0.266,COD,0,4,0.115,tier2,1,4,morning,0.06885084713508903,0.7115,1
9182575a-d647-41cd-8793-9a263e10a16b,7a4e9ee7-df87-4f79-9ec7-3f4c1f489075,2025-06-11,3876.84,electronics,0.139,card,0,32,0.356,tier3,0,6,evening,0.23069756686430742,0.208,0
08fd93c4-5978-450b-b156-0b2c3592a50e,818da809-860b-48e5-b6b5-f75a1c3a3e97,2025-01-13,702.5,beauty,0.522,card,1,0,,metro,0,5,morning,0.16575944830463707,0.0994,0
069ccee5-5004-4838-86dd-cfd54556fb02,8ca2a1b1-e386-4bc2-966c-9f22b3b8e472,2025-06-05,1165.76,home,0.03,UPI,0,2,0.313,tier2,0,3,evening,0.142405855423258,0.1226,0
192e1788-8424-419d-9130-0d411c9f4ab2,06a55a66-90e1-4cb6-a2be-f26bb9c97d79,2025-08-30,993.81,electronics,0.569,UPI,0,3,0.053,metro,0,2,afternoon,0.12972182350309738,0.0219,0
aff85f79-3c03-4eb5-927b-fbd2bcaff6c2,6a72a586-9fca-4e98-a9df-52567df72a6a,2025-01-09,740.16,home,0.173,COD,0,3,0.26,metro,0,1,evening,0.2510628995968812,0.2058,0
90a4edd9-c83c-4a5d-bde2-52250226465f,0651ab9e-5b2b-46c4-9215-ff97762857c1,2025-08-16,2182.86,fashion,0.071,UPI,0,11,0.378,tier2,1,4,morning,0.3926881472493449,0.1142,0
714bd5da-df21-4726-9cac-c24218325064,1d059e81-4c88-428b-b0f4-8f2d675e8af3,2025-08-09,516.9,electronics,0.385,card,1,0,,tier3,0,4,evening,0.3429201594793872,0.2543,1
4f78ef21-b38f-464e-8866-7dc1974d6d68,11174ed1-8ca6-4cf5-bbe2-8a4f930137ed,2025-07-30,15758.04,home,0.167,COD,0,9,0.0,tier3,0,5,night,0.06842336486313001,0.0086,0
f9943434-6494-411c-ab37-fc889cd6f95c,1152a6af-d25b-4b7b-9869-0b6a0e562cae,2025-03-26,1283.17,grocery,0.2,COD,0,3,0.14,tier2,0,1,evening,0.2384500662905658,0.087,0
c349a4f1-2fa9-4dda-a6d1-d5122dc75530,41f5f8b3-7e3a-44d9-8602-d4cc35847329,2025-07-08,1452.97,electronics,0.324,COD,1,0,,tier2,0,7,afternoon,0.21207519145076628,0.3589,0
2d9ca7a9-5352-46e4-b156-a5d24e673d41,694022be-f45b-4b98-8a1e-01682ff6e821,2025-08-24,4113.04,grocery,0.185,UPI,0,6,0.0,metro,0,3,afternoon,0.09634270484326586,0.0085,0
5d54a9a8-6ec1-46bf-bd9f-a3498ae1445d,dfcf4ff2-0355-46ac-ae56-28d7acb70d60,2025-05-04,491.33,fashion,0.038,UPI,1,0,,tier2,1,1,afternoon,0.1822357329755217,0.3923,0
92754f2c-f6d3-42ac-90e5-bb2d7c4f7ee8,a4db88e6-ae16-4748-b823-872ab1d4baca,2025-07-06,10562.98,home,0.277,card,0,4,0.238,tier2,0,4,evening,0.23943546554719444,0.007,0
83b37866-9fff-4a55-809a-0d362781cb77,5a71659c-1263-4448-8731-60f1df983197,2025-08-07,727.87,fashion,0.225,card,0,27,0.479,metro,0,6,night,0.4468118022423648,0.2592,0
c99a08da-589c-4c59-9df6-870d0144f67f,4c2d0fbf-fe06-450e-8a17-136766d2e685,2025-08-29,1867.65,electronics,0.356,UPI,0,7,0.227,tier2,0,4,afternoon,0.23081817084314912,0.0483,0
e1bba23d-5c55-4636-851f-b3237e573768,60ab47fa-fe76-4aa1-9125-a3006288e298,2025-10-14,704.37,beauty,0.235,UPI,0,21,0.327,tier2,0,1,evening,0.2897378778415542,0.0429,0
b9b31940-d5b2-47ee-b122-641e5066cf88,49a190f2-c9c8-441e-b450-f1343adf4d1a,2025-07-06,4049.31,beauty,0.355,COD,0,16,0.348,tier2,0,3,evening,0.4134664929263236,0.2959,1
7a9948a2-2af7-424e-9989-f4c3721037b5,627c64b8-7f4f-48a1-ac38-9594119b679b,2025-09-25,1657.47,beauty,0.16,COD,0,6,0.558,tier3,0,8,morning,0.7642110094338409,0.3339,0
8a1977c5-2779-4952-891e-58501387c3d7,397d373a-f33e-473f-9362-3154a53fe5ef,2025-03-04,1358.35,home,0.03,netbanking,0,8,0.314,tier2,0,6,evening,0.3797344893685818,0.0726,0
2747c41c-622f-4d3c-b2bc-2c89950e9990,4f3c225f-0b4b-4f93-b874-e66903ab3dc3,2025-02-26,661.62,grocery,0.171,UPI,0,1,0.304,metro,0,1,night,0.1551769252887446,0.0297,0
e4c09491-e8fa-43e3-8562-a765ad3ee8f6,49a190f2-c9c8-441e-b450-f1343adf4d1a,2025-08-05,1582.81,grocery,0.25,UPI,0,17,0.391,tier2,0,4,afternoon,0.4134664929263236,0.0363,0
f9b68980-b15d-432e-ba75-e24875861c1d,4e7e2663-eb2c-432d-96ec-3f130e2e0946,2025-09-01,1205.68,home,0.276,COD,0,11,0.242,metro,0,3,evening,0.3858310964520147,0.1736,0
d31ea91d-5998-4a2a-a988-69c75a512e57,f0363d6c-fd9e-4890-9ccf-48ddaef523b7,2025-09-04,290.0,fashion,0.663,COD,0,1,0.582,tier2,1,4,evening,0.5393163232471033,0.841,1
7216af06-97f7-43cf-a66c-d8e068c496dd,98130890-4899-4c39-bc27-fff25da0726a,2025-03-23,298.24,home,0.169,card,0,5,0.128,tier2,0,3,evening,0.14213974082226472,0.0506,0
2e59895c-044c-46ac-a89f-f028c05f216d,694022be-f45b-4b98-8a1e-01682ff6e821,2025-09-30,1229.3,beauty,0.326,COD,0,7,0.002,tier2,0,1,evening,0.09634270484326586,0.2897,0
92430781-4223-4f2a-b8be-2961affdd01d,e4fc2035-70f1-45b1-82d0-0ee396f0a984,2025-06-19,468.48,electronics,0.199,UPI,0,16,0.215,metro,0,2,evening,0.21199326223067969,0.083,0
06b43b8c-c916-407b-a99f-c58b5bd2357f,84583f8e-3a44-4e32-9350-0f96b6a5ea82,2025-08-07,1012.41,fashion,0.199,netbanking,0,4,0.117,tier2,1,1,evening,0.3031590335061441,0.1413,0
8fd39cea-e19f-44a1-a787-16fa5164754e,cba0fbf1-c8e0-4aa6-8a6b-48f3baba929d,2025-08-03,250.0,fashion,0.225,COD,0,14,0.439,metro,1,5,evening,0.3706024922013499,0.4314,0
8837cb6e-8fb1-499d-82f7-7d91ece5ff3d,b7fee608-f381-4167-a173-bf1ad38bdb79,2025-03-31,1427.16,electronics,0.08,netbanking,0,11,0.0,tier3,0,4,afternoon,0.05881659853496958,0.0461,0
ef534ade-cb17-4451-bd6a-5d32a415fedc,694022be-f45b-4b98-8a1e-01682ff6e821,2025-10-19,845.86,fashion,0.205,UPI,0,8,0.136,metro,1,5,afternoon,0.09634270484326586,0.3336,0
deef479d-8dfb-4451-b43b-2e7e116c48f5,41f5f8b3-7e3a-44d9-8602-d4cc35847329,2025-02-15,1015.5,fashion,0.548,UPI,0,1,0.229,tier2,0,1,evening,0.21207519145076628,0.317,0
2c40e727-8e7a-4c70-a869-497768cae4ea,2c576be7-69b1-4b4d-9e40-1bf81cad07fc,2025-06-02,250.0,beauty,0.051,UPI,0,6,0.52,metro,0,2,afternoon,0.46365026623247513,0.0552,0
28d63b87-b411-4fe1-b774-18a661905d03,94a4d735-8ff1-40c0-8ba1-f19ff62fabcf,2025-03-19,1205.84,electronics,0.138,COD,0,2,0.182,metro,0,1,evening,0.27762091119656535,0.0835,0
48f3207c-fa0b-432b-b0a6-6fd61abf2c21,d3db41bc-bf8f-46e0-94b1-984f27ff9af2,2025-10-01,2540.66,fashion,0.427,card,0,26,0.494,metro,1,4,evening,0.33315409272597374,0.1887,0
4c022612-d121-437c-9f87-79f2ddbac8e9,ec11d559-7980-4914-89e3-b56e72adba0b,2025-01-29,1167.1,electronics,0.244,card,0,15,0.102,metro,0,1,morning,0.1561219227039281,0.0826,0
a2e0de4d-32e6-43db-93af-db808ad18b82,28660f34-5a61-4e07-8f8c-96c4fb8d6d70,2025-07-26,1960.27,electronics,0.236,netbanking,0,9,0.0,metro,0,3,evening,0.052918216172000036,0.0338,0
a1202ca6-bcdf-47fe-b9dc-d02f20d82a87,5d6641a7-2c66-4278-98f6-6d3c2303ebb9,2025-01-04,956.0,fashion,0.107,COD,0,1,0.128,metro,1,7,evening,0.22661788203429245,0.2619,0
2b70608e-0b97-4ce9-b109-ccc0a92253ef,7a4e9ee7-df87-4f79-9ec7-3f4c1f489075,2025-01-28,636.85,beauty,0.261,COD,0,33,0.047,tier2,0,7,afternoon,0.23069756686430742,0.2017,0
f0b09e36-7281-4d4f-8a74-001b80ba542a,445901bf-0ebc-40a0-8471-e8dbff607138,2025-07-18,2273.6,home,0.061,UPI,0,1,0.55,tier3,0,4,evening,0.3522819979765525,0.0488,0
28472e73-2a68-45ef-a262-8ffe7356b65d,56a30258-3565-44b2-a8d7-1d0adece59a8,2025-04-20,641.03,fashion,0.35,COD,0,12,0.244,tier3,0,6,morning,0.1548544510371693,0.4073,0
20a275d5-124b-4679-a750-27d12b97dd70,3a10c9d8-7244-4111-ab9e-df23dad5c58b,2025-09-27,3392.31,beauty,0.471,card,0,2,0.361,metro,0,1,night,0.33399605777104996,0.1246,0
5865d868-32fd-4aec-9152-0f63a2c55d9f,3b68140d-c04c-4ece-87a7-1b051083612b,2025-01-04,6290.15,fashion,0.591,card,0,9,0.235,tier2,1,3,morning,0.3098477304837669,0.1471,0
0f11d0ae-3c1d-42e8-a0f9-c99cfcb5bb25,db6771cb-3b45-42da-94c6-4d191a5421eb,2025-09-29,7306.13,home,0.032,UPI,0,2,0.434,tier2,0,2,afternoon,0.32003705418313455,0.0286,0
3bb267d7-846d-46ca-a14c-77f7d6c98cc3,b9ab6a4e-9e61-4225-8298-12bde10de7a7,2025-03-22,390.58,beauty,0.129,card,0,9,0.11,metro,0,4,morning,0.20154150931374812,0.0654,0
9186646c-2167-49ab-89fe-b6501514011f,1ec19d12-c4c9-4320-a035-98e17c951577,2025-01-13,907.34,home,0.151,COD,0,23,0.084,metro,0,5,afternoon,0.18576378008237582,0.0402,0
9c411d16-5838-45e3-9a1b-ba5180d0feda,cd508d92-15fe-4a35-9c1b-37a278d36ea4,2025-05-22,3049.74,fashion,0.626,COD,0,23,0.369,tier2,1,3,evening,0.2771725532528444,0.3545,1
97eeb291-76f1-4cd8-a8ce-45c33a9440ba,ed0d4cec-07d4-440d-a77d-2f0af2663244,2025-03-06,4302.29,fashion,0.191,card,0,6,0.527,tier2,1,2,afternoon,0.6645072620284929,0.177,0
14f7e66c-8ba1-4aea-a501-b579f297c20f,98366b27-63ea-4f07-ba55-425588277375,2025-02-26,1307.88,fashion,0.612,UPI,0,2,0.0,tier2,0,1,afternoon,0.1494736716851247,0.0981,0
3f2b804e-1b96-45b0-8928-2a697a4a53c8,355c1afc-1679-4d65-ad99-f75eb14259ee,2025-08-19,667.78,home,0.277,COD,0,1,0.207,tier2,0,6,evening,0.21649485300724722,0.3014,1
8ab64ea0-4109-417a-bf2b-ba9be8a69b38,b209d179-6418-4f8c-bd42-8e4f831f0776,2025-01-02,321.8,fashion,0.156,card,0,21,0.34,tier2,1,2,night,0.27580452681496,0.2044,1
49311be0-050b-42ff-9be8-6f14446bcdf2,c967d130-c116-4a5c-8589-391097b66b37,2025-06-13,6814.97,home,0.183,COD,0,19,0.152,metro,0,1,afternoon,0.04915448350944119,0.0826,0
16edfd4a-7779-4604-80e0-8516d512657e,4df6a3b0-7a24-4c8d-9f36-45157f53066e,2025-08-30,503.07,electronics,0.181,COD,0,3,0.433,tier3,0,7,afternoon,0.42258989063174557,0.3455,0
41c24599-493f-45e1-bee3-00867a19d353,4c2d0fbf-fe06-450e-8a17-136766d2e685,2025-06-10,4210.54,fashion,0.179,UPI,0,8,0.179,tier2,1,2,afternoon,0.23081817084314912,0.1962,0
8968b928-4167-4ff6-ba34-2d40fa0fe70e,67939c94-864b-476c-adbc-b69702fdd112,2025-06-14,1414.75,fashion,0.389,card,0,10,0.183,metro,1,3,evening,0.3325622338548419,0.1696,1
59e58341-53d3-4597-831d-ef371e09efb8,7a4e9ee7-df87-4f79-9ec7-3f4c1f489075,2025-08-05,1155.55,beauty,0.054,card,0,34,0.167,tier2,0,2,evening,0.23069756686430742,0.0502,0
0946fa09-84dc-4182-8f69-7c22ab2ff76e,0b6f3e2b-84fe-456b-ad93-ffcb76fb728f,2025-05-02,1354.31,home,0.485,COD,0,25,0.248,metro,0,4,evening,0.19762424986659227,0.4829,1
b7596f63-495f-4fce-8295-d7f59ecc1503,fddab96a-bc23-43d2-a1f4-76de3a7b7f5c,2025-01-23,6139.09,electronics,0.318,UPI,0,10,0.15,tier3,0,4,evening,0.08979930230446,0.0162,0
937cfcb9-bbec-4e91-babf-f8dcda883858,76d2e938-826e-436d-8e9e-46c56a7a791e,2025-03-09,1018.29,fashion,0.253,UPI,0,9,0.306,metro,0,3,evening,0.22287364608691065,0.161,0
86b971c9-51d5-443c-a8d9-179aa55e4999,1adfba2a-67be-4047-b8d7-6fa58294836e,2025-05-06,635.91,fashion,0.268,UPI,0,9,0.345,tier3,1,4,evening,0.34129841122598414,0.4624,0
d5ad4011-0d6f-4cde-9eeb-e6b70b753606,c86a75f4-eea7-4fce-b017-88f6e68c8ccf,2025-01-09,2068.7,fashion,0.314,COD,0,7,0.363,metro,1,2,morning,0.32801543383093573,0.5277,0
6b10616d-65c7-40a9-83b2-e5b182f071cf,092dea67-00b9-4796-9eca-80e49d11c18c,2025-01-12,800.44,electronics,0.122,card,0,3,0.254,metro,0,4,morning,0.16694172135754215,0.0622,0
8458be42-277b-454c-8860-8a75dcc19228,a202a749-e45e-4d7b-b9e4-97714e27bcb1,2025-08-28,6467.63,home,0.684,UPI,0,9,0.019,metro,0,4,evening,0.1838032082155034,0.0436,0
56c47647-60cf-43b1-b552-99b0d4d3ba87,ac8ee436-067a-4aac-8496-8e40cfb19bfd,2025-05-07,3344.92,fashion,0.411,card,0,26,0.105,tier3,1,4,morning,0.2595265118239566,0.2747,0
5aebfa76-a965-4d0c-a30e-216c269017ca,227da601-2210-48e7-822a-a1c29f1604a5,2025-07-10,4050.01,beauty,0.286,COD,1,0,,metro,1,5,evening,0.16399293522662764,0.4707,1
5bfceca0-1d2a-49c3-a034-d5b103a39598,2919a604-f022-4626-bed2-a972acbbe3b4,2025-10-04,9915.36,fashion,0.286,UPI,1,0,,tier3,1,4,morning,0.5115239173587337,0.1086,0
07a518a4-b660-4d20-a6ad-2b01c4c8c481,99147503-441a-4858-9bd7-29926eb2f3c3,2025-10-18,250.0,fashion,0.38,COD,0,14,0.559,metro,0,1,afternoon,0.3870026797871902,0.4189,1
c22017a1-450b-4c9b-9e75-7471ea2862cb,fddab96a-bc23-43d2-a1f4-76de3a7b7f5c,2025-02-27,1046.69,home,0.47,COD,0,11,0.033,tier3,0,6,evening,0.08979930230446,0.142,0
2197f17d-97fa-4136-85d8-8ba9715cfde4,cfa6718c-6425-4250-8ae9-f124849a2a34,2025-05-08,250.0,home,0.311,UPI,0,3,0.114,tier2,0,1,night,0.26428705277408854,0.1109,1
66c96171-2dbc-4da2-8f6e-c901a42d7c7a,694022be-f45b-4b98-8a1e-01682ff6e821,2025-07-27,496.89,fashion,0.3,UPI,0,9,0.196,metro,1,1,morning,0.09634270484326586,0.2208,1
bb84373e-7a0b-42db-9b48-834f04afb776,2b77e152-ac97-4061-9e6a-5abdc78bc29a,2025-08-31,1112.79,electronics,0.38,COD,0,15,0.426,metro,0,1,evening,0.29832839962512075,0.2948,0
dfab8c77-1040-4345-a7cf-61f630bb3be7,1d389e03-f41d-4493-8048-8d028a5d27f2,2025-09-11,250.0,electronics,0.436,UPI,0,9,0.246,tier3,0,6,afternoon,0.3251850941589013,0.0747,0
45b40960-cf6a-4b5c-b6cd-7ab2991950ac,4c2d0fbf-fe06-450e-8a17-136766d2e685,2025-03-23,18654.21,fashion,0.07,card,0,9,0.165,metro,1,4,evening,0.23081817084314912,0.0115,0
03e9d324-9261-4491-8f98-78aa0ac02d3e,cd8465b3-5dc0-4918-a21f-702a430fdf4a,2025-02-11,563.41,home,0.424,UPI,0,6,0.0,tier2,0,2,evening,0.07981520295766234,0.0783,0
93799a8d-baa4-4fa2-bc53-f00d31264d7a,e1a003ea-5c5b-42d1-ba24-ccd143e04a66,2025-07-30,533.39,fashion,0.504,COD,0,2,0.467,tier3,1,4,afternoon,0.44476856839523915,0.9003,1
d04163bb-de9f-44f0-b539-63640fd65c61,d2e06185-41b3-4488-a0c7-7165ae31370e,2025-05-17,2605.11,fashion,0.279,card,0,15,0.502,tier2,1,1,night,0.4955830568370258,0.2556,0
17cdfc35-a13c-4edf-998a-94a244b8931e,c901a58c-6ac4-4a3a-a5d1-4198a13622e7,2025-04-14,1026.83,electronics,0.639,COD,0,9,0.143,metro,0,3,evening,0.15906278458837203,0.1502,0
0e35d2e0-0929-4fd1-ac33-f4a5a989f63d,ce8ac74b-c6d0-4367-a531-d43bfe5b2bf6,2025-07-22,3416.39,grocery,0.07,card,0,10,0.35,tier2,0,6,evening,0.32830159764792616,0.0263,0
26fd3c84-dcd9-4d58-b89a-1919f6a131e6,68fe5c45-8009-4a9e-a90c-9439ebe48e46,2025-05-13,250.0,fashion,0.366,UPI,0,1,0.281,tier3,1,3,evening,0.24680180551951414,0.5836,1
ec7d4c47-0cdc-47d7-ac84-4d737fa4467b,0fba06d8-d561-4e1e-8221-f56fd92a018c,2025-06-05,250.0,fashion,0.167,netbanking,0,9,0.354,tier2,1,1,afternoon,0.41585134920398,0.3735,1
85cde85f-bcba-45af-b7d3-bc289305fb6a,4df6a3b0-7a24-4c8d-9f36-45157f53066e,2025-09-24,696.81,fashion,0.322,COD,0,4,0.424,tier2,1,5,afternoon,0.42258989063174557,0.6826,0
fb3ecc49-36f2-4287-af04-25857ae8e95f,83fe6a19-57b5-4519-982d-d7d7bca39396,2025-03-28,549.14,beauty,0.465,COD,0,10,0.327,tier3,0,7,afternoon,0.26357426902472036,0.4275,0
8492a997-b9e1-4232-99bc-7cde4e6120fe,85fb6dde-4673-4009-b279-08f034a747e3,2025-02-23,1189.38,home,0.309,UPI,0,6,0.29,metro,0,3,night,0.2901295476709541,0.0632,0
7f981631-814a-4be6-a248-3d0ac4e01bb6,a916a5f6-5d2b-40c3-94e9-1d4bd329d0de,2025-01-11,725.81,electronics,0.349,netbanking,0,2,0.673,tier3,0,5,evening,0.7296899354667504,0.3297,0
ec0442ed-a33a-4179-8166-6f8d66e0ecce,d2e06185-41b3-4488-a0c7-7165ae31370e,2025-07-04,481.84,fashion,0.176,netbanking,0,16,0.454,metro,1,5,afternoon,0.4955830568370258,0.2088,0
c29835c9-a810-467b-8e49-dd63ae43edcc,835b4038-88dc-4965-b6b8-921d3b0ad19c,2025-06-05,439.47,beauty,0.669,COD,0,24,0.102,tier2,0,3,evening,0.18168234468688693,0.2889,1
d74b3b64-bf05-48a7-a71b-39eb8687ca07,bd3a6289-ca9f-4419-850e-e8e8edf0e3fe,2025-01-21,510.9,beauty,0.083,card,0,3,0.624,metro,1,4,morning,0.5280280326519072,0.0814,1
3158260d-9f70-4e1a-bd2f-9acd7b93fb6d,5a633e28-f5a6-4ba7-ad44-926d3c088ff1,2025-09-10,1577.3,fashion,0.186,UPI,0,5,0.139,tier2,1,4,evening,0.15422316215847254,0.0729,0
c8d43076-cdcd-434c-b8ac-95c8c49d0dfa,af2adf9c-435e-4fe7-a1a9-ef7535a438fc,2025-09-06,4638.16,beauty,0.129,UPI,0,5,0.247,tier2,0,2,evening,0.46524312849146254,0.0917,0
5836e9f2-d57b-495b-8aed-6887aaad56b9,af9a11bb-3658-4e05-918c-ac3f7c175c59,2025-06-30,644.54,fashion,0.358,COD,0,3,0.102,tier2,1,3,afternoon,0.10073875282927403,0.2061,0
63d3fe13-6fbd-4c49-bb55-38ea56578d55,486a908c-5502-4cc0-9b75-37b03e21f6b3,2025-06-13,329.93,electronics,0.58,UPI,0,7,0.321,tier2,0,5,morning,0.20531948812490197,0.253,0
c332a6bd-c6aa-40a3-a102-fa5d21a0ac4d,76d2e938-826e-436d-8e9e-46c56a7a791e,2025-06-05,4277.57,fashion,0.081,UPI,0,10,0.128,tier2,1,2,evening,0.22287364608691065,0.0881,0
081e9120-8aad-4d2b-85a9-2494e28eae47,f04ea3ca-68ee-4efe-a612-fe50610fd2dd,2025-05-02,2988.5,grocery,0.37,UPI,0,17,0.145,tier3,0,4,afternoon,0.2242312963277271,0.0382,0
43790bc9-fcef-4e71-9a64-3f06c7d497cd,a19b74ce-2dd0-448c-9596-cfd94fb916d8,2025-08-14,1611.45,electronics,0.453,COD,0,2,0.064,metro,0,5,afternoon,0.17240635799463866,0.2169,1
763ddb81-a2ae-457e-a8a3-1ba7a3a3faac,d0d8fe24-c852-4ca5-ba50-638075dc7939,2025-02-20,1586.04,electronics,0.275,card,0,6,0.124,metro,0,3,night,0.2216976101384966,0.0267,0
7827f729-ef78-4310-9637-c269f67b4d9c,ac8ee436-067a-4aac-8496-8e40cfb19bfd,2025-09-04,318.32,grocery,0.017,COD,0,27,0.229,metro,0,2,morning,0.2595265118239566,0.0763,0
ae0f4ef2-3c88-4270-ad7f-2f13f41868d0,7d3a9b66-b1bb-44b5-8a13-b20768503009,2025-04-29,1710.28,home,0.313,card,0,4,0.176,tier2,0,3,afternoon,0.11388016972116154,0.0361,0
d4a3be9d-dd26-4bf6-9dcb-a077db903c97,8c24e923-2dbf-4f43-b0b2-6e851d21fa34,2025-05-04,1428.38,electronics,0.233,card,0,23,0.156,metro,0,2,afternoon,0.10820090543681238,0.0244,0
d414c66c-f286-4d9e-969f-3e73eb90a9d9,9d1d8bca-9218-4856-8619-cfee194da74f,2025-04-29,2710.42,grocery,0.519,COD,0,24,0.18,tier2,0,3,afternoon,0.24874291058771908,0.1283,0
b1d855ca-c8af-454a-86ba-c6d1f3931b44,3a4025ba-356f-419f-90da-97af7ddb2e4d,2025-01-02,4563.59,grocery,0.404,COD,0,1,0.386,metro,0,5,afternoon,0.30768308227881586,0.0897,0
5745ea81-6971-4675-92a3-bc6594b39f7c,c5d85ede-c256-42df-b993-35deb12a5516,2025-08-07,353.39,fashion,0.562,card,0,20,0.325,tier3,1,5,afternoon,0.3517803851773976,0.5025,1
394a7ed8-e983-4d48-9f3c-220eed007937,f2811512-6d74-428f-81ae-77df22796b31,2025-05-11,446.84,electronics,0.123,UPI,0,22,0.186,metro,0,3,evening,0.2916477929418046,0.0883,0
e903c532-dfac-4ef8-8436-13aabc573512,161df1c7-36db-490d-9f64-9879a7de2f27,2025-02-21,5729.41,beauty,0.253,COD,0,3,0.25,metro,0,4,morning,0.24074547305735522,0.1024,0
52c867f0-c831-45e4-bfdf-f2082f15bba1,7a4fc53b-21ff-41ad-a5a9-02767753a86c,2025-07-27,2805.27,beauty,0.566,card,1,0,,tier2,0,1,morning,0.1542229457137064,0.4502,1
fd0cda85-f94f-49c2-a446-0a13407d43af,23e32764-758e-4794-955b-dcf8340ad6bc,2025-09-18,4338.66,beauty,0.416,card,0,5,0.212,metro,0,1,afternoon,0.2484904830770941,0.0611,0
b5c1babd-ea4e-44d5-823a-b748b6b5e490,c6a0b833-3377-4046-a0dd-379e39f2778e,2025-10-08,250.0,fashion,0.285,UPI,0,3,0.459,tier3,1,6,afternoon,0.5079322839859531,0.5559,1
aa272c00-ba89-402c-a1bc-9e04afd1286e,3d4207ab-ec65-45dc-ae2b-200ac349cb11,2025-01-01,3694.36,beauty,0.157,UPI,1,0,,tier2,0,3,afternoon,0.4375803082647143,0.1895,1
d66be4ad-cd7d-4fdd-84b3-61886c6ca6f4,6fddc7e9-9340-4919-b90f-305d21b0adaf,2025-10-18,643.68,home,0.34,COD,0,2,0.194,metro,0,4,afternoon,0.2414560380735231,0.1445,0
912bf9d2-01f2-4ffa-8b19-3ff1cc5d9493,19407932-d8b1-4cf9-823a-27cc0a751c71,2025-05-07,445.03,fashion,0.414,UPI,0,8,0.292,metro,1,1,evening,0.24939791763606534,0.2985,0
e9616767-ff5c-43b1-a5f4-1f792c7b88e5,b409e3d7-b9a4-422f-952f-eaf1d5521144,2025-10-06,2064.1,home,0.378,UPI,0,16,0.285,metro,0,2,morning,0.3974441051585353,0.0324,0
76643869-f918-4479-90f8-616c545ec81d,ded4396a-49de-44e3-a773-49b635f42e59,2025-10-04,6693.03,beauty,0.337,COD,0,6,0.382,tier3,0,8,evening,0.5527709467025828,0.2639,1
82007c61-4b93-45e3-b2eb-2c9c6c419c13,99e318ff-1a69-4f68-addf-975990bd0414,2025-08-05,299.83,fashion,0.271,UPI,0,18,0.278,tier3,1,10,afternoon,0.2434169799043869,0.3786,1
465534a2-ca25-4194-ba9d-e02724bf6687,9ec97215-3253-4c47-821c-fe8a3b89d257,2025-04-24,324.03,fashion,0.113,UPI,0,4,0.235,metro,1,6,night,0.2511919731705291,0.2779,0
c13c21fd-633b-4532-9fd4-50458b69188f,3678c134-a42b-4685-ad15-81b9e73e73aa,2025-08-02,20000.0,electronics,0.543,UPI,0,10,0.226,metro,0,3,evening,0.1373435706874969,0.004,0
3fb69041-a7d5-47dd-9b0e-35592e33ff78,f9852313-5fdc-437c-9c37-d03dbf8c8f0e,2025-08-20,1337.68,electronics,0.287,COD,0,3,0.086,tier2,0,1,afternoon,0.13745108080776064,0.2898,1
ac6c2679-b392-4808-a9b2-b51250f909af,ef0ff2d2-35b5-48b5-b806-a1f742caa3de,2025-02-12,615.69,fashion,0.406,card,0,2,0.259,tier2,0,3,night,0.22359865383939137,0.0694,0
e76ff400-54cf-41ca-8b9f-1b7135424229,fddab96a-bc23-43d2-a1f4-76de3a7b7f5c,2025-05-02,3650.48,beauty,0.147,UPI,0,12,0.148,tier2,0,4,morning,0.08979930230446,0.0215,0
de302b3d-7cea-4faa-abd9-fc3b39e5f152,99147503-441a-4858-9bd7-29926eb2f3c3,2025-06-19,285.95,beauty,0.292,card,0,15,0.275,tier3,0,8,evening,0.3870026797871902,0.1087,0
be98a03a-ed80-4d82-a422-87e8469a6d6e,06685c5f-2341-4003-97cd-809136d21d44,2025-08-24,4451.24,home,0.273,UPI,0,11,0.419,tier3,0,6,morning,0.391147140695262,0.0975,1
7a4d4079-55c6-4028-ab95-c98f4f247c95,6405d452-0d48-4c53-b3bc-cf7e9b11d207,2025-02-04,6181.12,electronics,0.136,COD,0,5,0.376,metro,0,1,morning,0.37075169622686466,0.0414,0
14447031-f352-43dc-b9e5-9dbacbfca844,a7943808-f923-4e87-95b7-ac6a0c8b53d8,2025-04-14,592.97,fashion,0.041,UPI,0,3,0.451,tier3,1,6,morning,0.5777434668907969,0.2131,0
8db229b3-a32c-40c9-abba-018f0b2d1065,a2a6e4a7-73f0-4f60-8023-1d364c305e4d,2025-09-25,1853.91,beauty,0.476,netbanking,0,16,0.244,tier3,0,4,evening,0.23228588338828865,0.1039,1
cc1195e3-f731-463e-8614-21ae6495a72b,ab72089d-78f0-4591-b9db-3c9821a17149,2025-03-05,4612.56,fashion,0.503,UPI,0,1,0.496,tier3,1,4,night,0.45142648803811186,0.1729,0
a1317bf9-3ee9-4b64-b046-ff8f4c7d6929,8f7406c2-6849-4d3e-92b7-6e3b17489d67,2025-03-30,562.13,beauty,0.449,UPI,0,7,0.369,tier2,0,2,afternoon,0.3269451502115473,0.1857,0
a5bfb009-3a6d-4dc8-93b0-dbadc0d57966,c96a9e4f-f6e2-4582-900e-e47a05c7f83a,2025-09-01,354.48,fashion,0.107,UPI,0,13,0.393,tier2,1,5,afternoon,0.45454338905514596,0.2887,1
9246f7ce-b145-4a2e-9a95-d0343dd31136,eb654173-692d-41d4-b3fd-d891332bd628,2025-10-17,894.04,electronics,0.283,COD,0,2,0.393,metro,0,3,morning,0.33153779940461287,0.0852,0
1af10ce5-1cea-4308-86a6-2e0de696b371,68262a6a-6ac1-42fe-98a7-276d26ecc4bd,2025-06-13,1126.35,electronics,0.569,UPI,0,2,0.501,metro,0,4,afternoon,0.43588893355319247,0.1799,0
3ac073b0-e9b8-4f0d-83ae-886ca5965534,3678c134-a42b-4685-ad15-81b9e73e73aa,2025-09-07,2083.69,fashion,0.276,UPI,0,11,0.145,tier2,1,5,afternoon,0.1373435706874969,0.0892,0
b9f1b97f-161c-4671-9325-e6435f0a26a6,260e9e5f-a7bb-4cd3-bd60-0ea20ea0d751,2025-01-03,2255.62,electronics,0.523,COD,1,0,,metro,0,2,afternoon,0.2750254085529053,0.2645,1
165d8b91-e4dc-4e0a-aa5e-584ae44a1046,6b914b9c-926e-4431-b82e-f178aae9d5c0,2025-09-11,520.31,electronics,0.049,COD,0,12,0.216,tier3,0,3,evening,0.2677657562695904,0.154,0
7648e51c-5821-40a7-91f9-756b7e89b8ab,ded4396a-49de-44e3-a773-49b635f42e59,2025-05-14,565.21,fashion,0.23,card,0,7,0.797,metro,1,3,evening,0.5527709467025828,0.3816,0
c28d1a8d-912b-4712-895a-a29f0bee3bbc,830587ef-e382-4480-9a46-f2fb1f6d1a0b,2025-09-08,1821.78,electronics,0.313,UPI,0,16,0.277,metro,0,3,night,0.29038571770418864,0.0197,0
26171829-1e44-430b-8704-67dccc84bb19,2286f067-3fb8-4d9d-8502-469f39a46441,2025-05-12,735.48,electronics,0.318,COD,0,17,0.262,metro,0,2,afternoon,0.2798863894924076,0.1894,1
3c947627-a90f-4a74-9d64-5ce4855c7736,3ae5064b-f3c7-4936-8de7-de055b245a44,2025-03-22,639.75,electronics,0.311,card,0,4,0.037,tier3,0,4,afternoon,0.13085373507915285,0.0565,0
e931da58-9c27-4850-9ffe-608603439771,9d1d8bca-9218-4856-8619-cfee194da74f,2025-05-09,6436.02,grocery,0.046,UPI,0,25,0.201,metro,0,2,afternoon,0.24874291058771908,0.0235,0
49f182bc-8632-457e-b54d-0778890fabc3,056e3d76-8183-4716-9184-151a4135f404,2025-08-04,893.06,fashion,0.406,UPI,0,9,0.334,metro,1,4,evening,0.25703386186733934,0.3436,0
7fd8e46e-d7ba-452c-b32f-2b57b093bf52,95812633-1bca-4485-8e82-3cf1daf05ab6,2025-01-29,538.8,fashion,0.341,UPI,0,12,0.06,tier3,1,4,night,0.16802115856295066,0.4536,0
cbf2a7b6-09dd-4473-9e8b-8d0f4ed9ddf3,95812633-1bca-4485-8e82-3cf1daf05ab6,2025-07-08,347.32,fashion,0.223,COD,0,13,0.079,tier2,1,4,night,0.16802115856295066,0.2905,0
c9ff8db0-6e04-40c9-ba72-88d850bae223,b0694581-e5bf-4757-913a-46834d324ff0,2025-10-01,457.78,home,0.353,COD,0,16,0.273,tier3,0,5,afternoon,0.2365731909103324,0.1335,1
f777431b-99be-4955-93c6-235df6d51083,c987e835-2514-40cd-834c-f4d2261dd56b,2025-08-07,365.74,electronics,0.08,UPI,0,17,0.0,tier2,0,4,afternoon,0.06015710717930573,0.0661,1
e3bf98ed-19e3-4f82-a0b6-51c7dbec9f07,056e3d76-8183-4716-9184-151a4135f404,2025-02-28,1204.07,home,0.342,UPI,0,10,0.313,tier2,0,2,morning,0.25703386186733934,0.1106,0
1368aac7-a0ce-4c5e-bf44-830b96f5a8b1,835b4038-88dc-4965-b6b8-921d3b0ad19c,2025-10-21,250.0,beauty,0.505,COD,0,25,0.205,metro,0,3,evening,0.18168234468688693,0.5405,1
450a1e2a-4267-412d-8066-94639c7b1099,9fb6398e-0d03-4ef7-b82b-f7d4b5edc8a2,2025-05-06,1241.02,fashion,0.592,UPI,0,10,0.292,metro,1,2,afternoon,0.2145242588320448,0.4693,0
bb724f3b-cf56-4c39-a5fa-cee8306033f6,039d6dca-0464-482f-87cb-0f4ec3ec4ddd,2025-01-04,3505.74,electronics,0.257,COD,0,1,0.271,metro,0,4,afternoon,0.2241974074982748,0.1648,0
ab1ff87e-c602-418f-ba12-70a648b99425,7f51804d-0307-4367-8d0c-719db1094ae8,2025-07-20,5648.46,fashion,0.363,COD,0,9,0.116,tier3,1,4,afternoon,0.21082490652703922,0.4182,1
cf4c292e-c940-4cf3-b91f-7aa8594ac730,ace1ab49-d6e4-4784-9490-26eccef63611,2025-03-13,2489.26,electronics,0.058,card,0,15,0.174,metro,0,3,evening,0.1503348970823547,0.0141,0
b3d63fd8-4db1-4256-a46f-4c58f935d2ba,b5732716-378d-4d65-9eee-84ef8d625d58,2025-04-03,2211.33,fashion,0.308,card,0,2,0.0,metro,1,5,afternoon,0.13269837554654837,0.0771,0
e55d6ace-b5e9-49bd-94fe-0aa4f9b35471,5a71659c-1263-4448-8731-60f1df983197,2025-07-24,2304.02,electronics,0.299,UPI,0,28,0.531,metro,0,4,evening,0.4468118022423648,0.0204,0
6d241b2a-3851-4861-8bbc-9cd35491262d,d9358869-66e4-4ee6-bb2e-f9062117fa78,2025-10-07,6789.24,home,0.248,UPI,0,13,0.275,tier2,0,6,afternoon,0.2042925306906814,0.0325,0
8aea11dc-c917-41be-992c-86397e64618a,c1d72fdc-2ec8-4a56-acd3-5dc9168f5ab8,2025-05-21,410.99,grocery,0.346,card,0,6,0.301,metro,0,6,night,0.16482652189748134,0.0459,0
8384bc7a-8fa5-481d-aad9-5febc1fe9efd,eb07b44d-b3fe-4da4-86bc-808ae9a3182b,2025-01-10,896.98,beauty,0.593,card,0,5,0.661,metro,0,1,evening,0.6823689291324807,0.2331,0
62b401c2-e661-408f-95cd-609ad9025759,44408e56-9a11-44d5-8a79-5e1ddafd28e1,2025-05-29,731.54,grocery,0.085,UPI,0,20,0.315,metro,0,2,evening,0.24706696213115537,0.0224,0
e33682de-b4bb-4b13-b65b-03088e98e666,0cba70d8-7b76-4a59-90e8-413b36d73797,2025-03-05,372.58,beauty,0.2,COD,0,13,0.177,metro,0,1,morning,0.21055725528180214,0.0573,0
ca1218e7-a844-439c-9e57-062d34b9017e,b7fee608-f381-4167-a173-bf1ad38bdb79,2025-02-20,2348.4,electronics,0.113,COD,0,12,0.04,tier3,0,7,afternoon,0.05881659853496958,0.1286,1
17aa7153-cdd3-4c09-a88b-856e79a4a508,e6bb513f-2cd0-4bcf-9534-bae7ee504b7c,2025-08-28,2457.75,fashion,0.146,netbanking,0,4,0.0,tier2,0,3,afternoon,0.09342709211833844,0.1411,0
3f32b3e9-5b72-4367-ae6d-f96cb13f4f8b,a87c4e0a-d519-4ce1-a149-fe0f406dbb4b,2025-05-11,4253.61,beauty,0.362,COD,0,1,0.078,metro,0,4,afternoon,0.1339182046543242,0.0786,0
a14ab20b-c2a6-42a2-a14d-c2f56d7752f4,6726dd8b-487c-42b4-a0c7-20aaf05de3de,2025-09-05,746.29,beauty,0.404,card,0,1,0.288,tier2,0,2,evening,0.36643236650295463,0.06,1
d1a7668b-22ba-4a29-ad90-532cddd7059a,23ac10de-578c-4d97-8a7d-5bc1a1fa17ef,2025-02-23,674.6,electronics,0.293,UPI,0,2,0.116,tier3,0,5,afternoon,0.1036324280316437,0.0246,0
96cb883c-8fa0-489e-b10d-6efbfefe39a8,d36a7387-21ab-43e5-bcb9-dcddf807849d,2025-05-14,400.99,grocery,0.044,UPI,0,14,0.283,tier2,0,6,night,0.30018529874356914,0.024,0
dd04d71d-be02-48a0-a0d4-339b66d8698c,966b6ee7-2d58-4b01-b2f1-b62362bf1b4d,2025-09-13,6712.61,electronics,0.515,COD,0,1,0.313,tier2,0,2,evening,0.37008993339073415,0.1015,0
5bf303e3-0f8e-4a02-9daf-50d5e6b445ae,397d373a-f33e-473f-9362-3154a53fe5ef,2025-09-02,440.48,fashion,0.095,UPI,0,9,0.362,metro,1,3,night,0.3797344893685818,0.2165,0
dee8db69-684d-493a-9836-b10522e74464,76d2e938-826e-436d-8e9e-46c56a7a791e,2025-10-17,250.0,fashion,0.205,COD,0,11,0.413,metro,1,2,night,0.22287364608691065,0.5932,1
05a3a098-38f9-4064-bdb4-e8bdd776a1e5,28660f34-5a61-4e07-8f8c-96c4fb8d6d70,2025-10-26,1436.13,electronics,0.513,UPI,0,10,0.212,metro,0,1,afternoon,0.052918216172000036,0.0344,0
20a65764-e6a1-4c99-ac1b-8f8053805291,08aef544-c5e9-4643-9aa9-07339815a3b1,2025-03-13,974.11,fashion,0.114,COD,0,5,0.294,metro,1,5,evening,0.3389478327833424,0.3173,0
cdbbbd8e-3f95-4ebb-a682-87ab9fd3699f,2286f067-3fb8-4d9d-8502-469f39a46441,2025-01-26,380.03,fashion,0.648,COD,0,18,0.438,tier2,0,4,evening,0.2798863894924076,0.3249,0
e7f26df8-0f14-45b8-bbe4-e327f88fd91a,5a633e28-f5a6-4ba7-ad44-926d3c088ff1,2025-03-28,907.43,fashion,0.141,COD,0,6,0.238,tier2,1,2,afternoon,0.15422316215847254,0.4948,1
c1047740-c0de-4266-bf56-f5c65f380907,ac8ee436-067a-4aac-8496-8e40cfb19bfd,2025-05-31,4126.21,beauty,0.31,COD,0,28,0.269,metro,0,3,night,0.2595265118239566,0.1208,1
e8138c60-7809-4f74-8e5a-a52cec1e57a6,087cb0b3-1825-4e07-8f99-15e51db5e4d5,2025-10-22,3162.48,electronics,0.483,UPI,0,2,0.288,tier2,0,5,evening,0.36187966998918064,0.0594,0
4fdbedea-5aa3-48b4-8a1b-68287a285aa6,2286f067-3fb8-4d9d-8502-469f39a46441,2025-03-11,1070.13,electronics,0.233,card,0,19,0.275,tier2,0,2,evening,0.2798863894924076,0.1161,0
daebfefa-4520-4679-8f93-f00af0ce4b78,a98ac6ed-5c74-42d1-a5a7-c801d82116e4,2025-07-31,1608.55,fashion,0.642,COD,0,3,0.689,metro,1,3,evening,0.7830202777801657,0.7674,1
52cf404b-53cd-4c68-a4f3-09be893d75c6,5a71659c-1263-4448-8731-60f1df983197,2025-05-16,424.0,beauty,0.235,card,0,29,0.398,metro,0,2,evening,0.4468118022423648,0.2397,1
60c62210-0827-4e56-8ff1-64cca82f6658,3c287f81-302b-49d7-b333-502c52764540,2025-04-22,600.84,grocery,0.119,COD,0,3,0.574,metro,0,7,evening,0.46015210405281526,0.1943,0
eb36cb93-5fe2-4929-ac4f-7ea55a1825c0,00ee6a6c-7fdb-4d2c-971d-b1bfa29fc269,2025-09-18,467.33,fashion,0.089,UPI,0,14,0.151,tier2,1,1,evening,0.18608348760507418,0.136,0
8e5ad3ac-faa2-4cb1-986b-6d477fc86b92,2b77e152-ac97-4061-9e6a-5abdc78bc29a,2025-04-30,2928.09,home,0.496,card,0,16,0.316,tier2,0,3,afternoon,0.29832839962512075,0.0508,0
ad59541a-fcc9-405a-9196-3d3ff92600e8,2b0aed48-0816-4dd9-b18b-7acd4c255c96,2025-02-18,2007.48,grocery,0.141,UPI,0,10,0.16,metro,0,4,morning,0.19975800750299405,0.0147,0
48eed0bd-c4cf-4cb4-b636-55ba52dc4ddc,16761a20-3269-4f16-945e-f043559094ff,2025-02-27,900.76,electronics,0.089,card,0,9,0.0,tier2,0,3,afternoon,0.021433052089598018,0.051,0
d1623d51-4e25-4003-b45f-298e4568c1ce,ef2bc7c9-4e5e-4bbd-bcd6-426302deb030,2025-05-10,630.65,home,0.314,COD,0,3,0.037,metro,0,3,afternoon,0.11140768335427466,0.0672,0
05838447-356e-4602-857f-5711e651f52b,99147503-441a-4858-9bd7-29926eb2f3c3,2025-07-03,643.92,grocery,0.215,card,0,16,0.466,metro,0,2,morning,0.3870026797871902,0.0255,0
d280aaca-70b1-4bae-ade4-6f32aa4c4e54,b5d3d3f1-49c6-47d2-a860-1917d3fa3322,2025-10-18,1336.23,fashion,0.16,COD,0,4,0.43,tier3,1,5,evening,0.34116143905998736,0.4128,0
a01841b9-8645-401b-a7b5-b0ad3f913978,cd508d92-15fe-4a35-9c1b-37a278d36ea4,2025-09-16,2077.45,fashion,0.124,UPI,0,24,0.151,tier3,1,5,morning,0.2771725532528444,0.1446,0
64b4c98a-600b-4d74-b3fa-ce0839e720a4,c6829464-1335-46ed-adb7-4a3c9b07a5a8,2025-03-15,1803.22,fashion,0.343,UPI,0,5,0.286,metro,1,4,evening,0.2732031279049196,0.2542,1
504716db-8055-4c04-8eab-fd147d107f66,dea29f8e-ac26-475e-a225-300fac669ed0,2025-08-20,2485.75,electronics,0.139,UPI,0,27,0.309,tier2,0,4,afternoon,0.2211439005048725,0.0447,0
476ec9a0-99f3-45a3-bb11-d5c325418522,f04ea3ca-68ee-4efe-a612-fe50610fd2dd,2025-06-01,958.77,fashion,0.011,netbanking,0,18,0.119,tier2,1,1,evening,0.2242312963277271,0.1519,0
1274746c-adc3-44ff-bfc3-ec10185db161,dea29f8e-ac26-475e-a225-300fac669ed0,2025-05-07,280.88,electronics,0.238,COD,0,28,0.218,tier2,0,4,morning,0.2211439005048725,0.0742,0
f2f2517a-150f-4163-9ceb-90b673699b6b,3d684aee-c602-4c35-90c8-0a1931d92253,2025-02-14,1792.49,fashion,0.19,COD,1,0,,tier2,1,3,morning,0.2476863298562034,0.727,1
e9a8bad1-eebb-4d40-837c-28128ee7cb1f,2bf1c610-a75b-412d-b0ce-9dc111d20e3c,2025-03-03,3432.01,fashion,0.622,card,0,13,0.351,metro,1,1,evening,0.27780100478810504,0.4084,0
0850667e-5b32-4ec3-bc06-fee8b40d8085,1adfba2a-67be-4047-b8d7-6fa58294836e,2025-09-03,992.27,fashion,0.133,card,0,10,0.395,tier2,1,2,afternoon,0.34129841122598414,0.2081,0
ba0f9a63-16f7-4004-b06e-92aefee7ed5e,b5adb6ae-4bba-486c-b089-5405a79751a5,2025-05-18,1037.34,home,0.47,COD,1,0,,tier2,0,4,evening,0.08802142828916741,0.322,0
c9b75e05-03f4-42ef-9772-8d2eea2360ce,d9358869-66e4-4ee6-bb2e-f9062117fa78,2025-10-06,3283.91,fashion,0.388,UPI,0,14,0.221,tier2,1,4,evening,0.2042925306906814,0.2925,0
206a9423-8944-4ece-85a9-7b464909fa28,9fb6398e-0d03-4ef7-b82b-f7d4b5edc8a2,2025-07-05,1672.46,fashion,0.252,UPI,0,11,0.426,tier3,1,7,afternoon,0.2145242588320448,0.5498,1
cb38db9a-c93d-4712-b598-571daf4f060f,b23dbe0c-d303-4353-b36f-ff05fe62747d,2025-07-30,250.0,fashion,0.145,card,0,2,0.168,tier2,1,2,evening,0.024014279411654592,0.2168,0
a561896d-04f3-4ee7-93e2-bd8f7322be6a,98389b8b-658b-4eca-b919-9c37c2dbce1f,2025-08-09,250.0,fashion,0.567,card,0,8,0.194,metro,1,1,afternoon,0.04552205229964168,0.2071,0
43915f1a-00c9-4982-a414-df56c0d8afde,b209d179-6418-4f8c-bd42-8e4f831f0776,2025-09-12,2041.32,electronics,0.204,COD,0,22,0.339,tier2,0,3,evening,0.27580452681496,0.0785,0
4fea69ac-02bb-45fc-9639-456789f7ba84,dda5b132-3c35-48db-8feb-21f14075f104,2025-03-24,783.25,electronics,0.207,COD,0,9,0.349,metro,0,1,evening,0.23310699843617838,0.1825,1
22379bef-482e-4542-ba94-455734cf78c9,387e3c02-124e-491f-b2e5-61469a52d190,2025-08-27,573.55,electronics,0.344,UPI,0,6,0.125,metro,0,6,night,0.11300670394722269,0.0253,0
30a74e51-6cc4-411b-9bf0-d7e404190f3a,b0694581-e5bf-4757-913a-46834d324ff0,2025-08-04,263.13,beauty,0.473,UPI,0,17,0.173,metro,0,3,evening,0.2365731909103324,0.0499,1
3b4f1e43-fb77-431a-987d-972583af3a6f,4e7e2663-eb2c-432d-96ec-3f130e2e0946,2025-01-11,7193.42,fashion,0.497,COD,0,12,0.519,tier3,1,8,morning,0.3858310964520147,0.6089,0
b597e612-149e-4462-8e94-93a9eef5c68c,9a961340-7bf0-40b9-a285-d934dafdbce8,2025-04-25,250.0,fashion,0.084,COD,0,2,0.257,metro,1,3,evening,0.3724144400903301,0.6252,1
f461915a-50a6-4ea7-924d-32e3f48501ea,711f5cd0-684e-467d-8f71-3d79c61f74e2,2025-07-21,1521.99,grocery,0.164,COD,0,2,0.249,tier2,0,3,morning,0.170527023331992,0.1303,0
fa364f74-9ed6-457d-b4ec-5644f50c1a4c,cfa6718c-6425-4250-8ae9-f124849a2a34,2025-07-18,330.55,home,0.414,card,0,4,0.315,tier3,0,3,morning,0.26428705277408854,0.1682,0
3ce2d813-67f1-42a4-a32f-fd05ed2bfd3b,938245c2-8647-4454-aa1b-998878f08b78,2025-05-19,618.8,electronics,0.393,UPI,0,17,0.353,metro,0,4,morning,0.29048499029100583,0.0219,0
5eb7b359-0c99-4505-9785-e0dacc1c1056,59265d36-e12e-4bfc-b8a8-29de0a16e8c5,2025-07-05,1460.19,fashion,0.127,UPI,0,16,0.262,tier2,1,3,afternoon,0.35941268307576457,0.0517,0
7b128b91-ad46-47c8-98e7-cc7b2cef7fd9,8593b0e7-2c9a-4ab9-9088-ff8446374920,2025-05-15,445.72,fashion,0.513,UPI,1,0,,tier2,1,5,night,0.21619857349767982,0.5304,0
8676341d-147e-4634-b791-1af9e56e6ed6,c5d85ede-c256-42df-b993-35deb12a5516,2025-01-21,2216.4,fashion,0.154,COD,0,21,0.287,metro,1,5,morning,0.3517803851773976,0.6197,1
9c305c08-7287-4a7e-a7ba-5e5ed6d051f6,2b0aed48-0816-4dd9-b18b-7acd4c255c96,2025-08-24,1616.34,electronics,0.371,UPI,0,11,0.211,tier3,0,7,afternoon,0.19975800750299405,0.0573,0
186288ad-22a3-4765-9f69-2c224770416f,9770188e-26df-49a0-9585-a1ffa837217a,2025-01-21,504.91,electronics,0.222,COD,0,6,0.308,metro,0,3,evening,0.2537284053397563,0.215,0
92601071-e069-43d2-a422-f497fc4f4e3b,11174ed1-8ca6-4cf5-bbe2-8a4f930137ed,2025-07-15,1715.9,electronics,0.047,card,0,10,0.0,tier2,0,2,evening,0.06842336486313001,0.0288,0
ef9ec10c-c13c-4f6e-9495-7d98be42aa05,236f7d6b-10bd-4a54-8746-7d49b7da7128,2025-04-20,3290.37,fashion,0.253,UPI,0,2,0.637,tier3,1,3,night,0.5811731376045629,0.2633,0
d2256159-827e-49ab-b967-af37ccdf8bd3,835b4038-88dc-4965-b6b8-921d3b0ad19c,2025-02-14,2513.07,electronics,0.246,card,0,26,0.275,tier2,0,5,afternoon,0.18168234468688693,0.0357,0
54aaab7f-54f9-4cb8-a6a1-e87bf814a07e,ded4396a-49de-44e3-a773-49b635f42e59,2025-06-26,1161.81,grocery,0.203,COD,0,8,0.409,tier2,0,1,evening,0.5527709467025828,0.0442,0
675a0509-6939-4aae-98de-83e1c44d23e2,24dc633c-de4a-4152-ae24-3e42211235f1,2025-07-25,2899.58,beauty,0.345,card,0,9,0.052,metro,0,2,afternoon,0.03297163095944513,0.0612,0
42f4825d-1ed3-4627-888d-f3f29304f6c0,b5613467-d329-4102-b724-eb47dc04ed5f,2025-05-24,611.05,electronics,0.05,card,0,7,0.356,tier2,0,2,evening,0.2676344641423701,0.0335,0
6e4198fd-9680-4d66-a3eb-bccc9d5bca1d,328a3f2e-4f4c-43bf-9e08-f4acd5615061,2025-08-09,266.58,beauty,0.316,COD,0,3,0.038,tier2,1,1,morning,0.12950940053657903,0.4722,0
51037e2b-f599-4fa2-afb9-92712430dbd8,434d3577-d083-4b8b-b994-7cbc72a24b1a,2025-10-04,753.98,fashion,0.299,UPI,0,1,0.321,metro,1,4,evening,0.2773816073359342,0.2112,0
9d2f707e-90f1-42e1-9640-0d18693d729e,ed0d4cec-07d4-440d-a77d-2f0af2663244,2025-03-01,319.45,home,0.268,card,0,7,0.567,tier3,0,5,night,0.6645072620284929,0.1496,0
53925edd-79ed-43f8-8dcd-36429285bce3,e8236567-e21a-46bf-9ba0-de610564b03d,2025-05-26,515.15,fashion,0.505,UPI,0,10,0.137,tier2,1,2,afternoon,0.0912579377429543,0.1019,0
776246a7-69f9-4cb3-aef7-4e9d149a946c,c6829464-1335-46ed-adb7-4a3c9b07a5a8,2025-06-07,250.0,fashion,0.394,COD,0,6,0.39,tier2,0,6,morning,0.2732031279049196,0.556,1
a315dbbd-8aad-411f-bb9b-746443da8104,cb8611ae-38b8-43ce-b1e3-ac68753f2f95,2025-03-02,595.98,beauty,0.309,COD,0,8,0.368,tier3,0,10,afternoon,0.18284841178251302,0.4699,1
fbbaad12-5eae-450e-8f4f-6a06ab9c3385,d36a7387-21ab-43e5-bcb9-dcddf807849d,2025-03-05,542.58,fashion,0.297,UPI,0,15,0.362,tier2,1,5,afternoon,0.30018529874356914,0.4665,1
da3d0099-d8dd-496f-8b5e-088e4339a51b,1ec19d12-c4c9-4320-a035-98e17c951577,2025-07-17,1268.78,home,0.037,card,0,24,0.188,tier2,0,3,afternoon,0.18576378008237582,0.0277,0
986850f6-ade0-41e0-bc31-4959a1d38d6b,bd8faecc-d38d-4f13-8a42-c17d6f850d10,2025-07-26,534.3,beauty,0.599,card,0,6,0.148,metro,0,1,morning,0.26335659719559446,0.144,0
8ba5f1b3-01a7-4d26-8a0e-9d927870dcdb,359835d2-74a6-4ae7-bdf8-2bdc4ed675dd,2025-04-16,250.0,home,0.231,card,0,8,0.007,tier3,0,7,morning,0.05662677973259444,0.1083,0
3fde8a67-29a1-4373-905f-63dc2b4c871e,cd22e339-d3f8-4cc3-a7e9-96ec53435b80,2025-09-27,2215.26,fashion,0.468,UPI,0,3,0.329,tier2,1,4,night,0.1965713354260339,0.1552,0
22ecedc3-b886-4f68-b4e1-cb4c4dfdcc57,f12f9975-0712-4d09-b5cc-14bee6fd60bc,2025-01-02,332.03,fashion,0.354,netbanking,0,1,0.444,tier3,1,8,evening,0.443593609971502,0.3887,0
2074dd5b-f754-48dc-b4b1-e09c5eb69387,3a10c9d8-7244-4111-ab9e-df23dad5c58b,2025-01-24,752.23,electronics,0.18,UPI,0,3,0.302,metro,0,6,morning,0.33399605777104996,0.0321,0
c2ef22e6-543b-4b26-8071-ca8ee4ef9181,9770188e-26df-49a0-9585-a1ffa837217a,2025-05-19,1105.39,home,0.108,UPI,0,7,0.264,tier2,0,1,evening,0.2537284053397563,0.0315,0
3a7f277c-fe28-4b23-b989-46cdbe78bef1,d2e06185-41b3-4488-a0c7-7165ae31370e,2025-09-29,2343.41,fashion,0.199,card,0,17,0.44,tier3,1,3,evening,0.4955830568370258,0.2359,0
3b132894-de9c-42cd-8bb5-3cbc5a9ced06,835b4038-88dc-4965-b6b8-921d3b0ad19c,2025-05-22,2259.84,fashion,0.052,UPI,0,27,0.163,metro,1,3,evening,0.18168234468688693,0.0743,0
027eb68c-071a-45f1-a4f4-3d6d917400f5,7a4e9ee7-df87-4f79-9ec7-3f4c1f489075,2025-05-13,1050.91,electronics,0.249,UPI,0,35,0.339,tier3,0,4,evening,0.23069756686430742,0.074,0
f1db0853-8b2a-489a-81c5-c07bccd0552c,ce8ac74b-c6d0-4367-a531-d43bfe5b2bf6,2025-09-08,697.91,beauty,0.399,COD,0,11,0.317,metro,0,2,morning,0.32830159764792616,0.3548,0
64a73915-e68f-4fe3-8a69-0a43f12e3c36,9a93ae46-0d1a-4537-a767-159ea6656f6d,2025-03-14,631.73,home,0.7,UPI,0,3,0.109,tier2,0,4,evening,0.10784218495956682,0.1755,0
339e3f89-4013-41b1-8f2c-28e87c508a22,835b4038-88dc-4965-b6b8-921d3b0ad19c,2025-04-07,413.6,fashion,0.356,UPI,0,28,0.213,tier3,1,6,morning,0.18168234468688693,0.4887,0
e30b49bd-601c-42de-9edf-69ceed473f03,835b4038-88dc-4965-b6b8-921d3b0ad19c,2025-07-15,1373.37,beauty,0.335,UPI,0,29,0.033,tier3,0,5,evening,0.18168234468688693,0.0764,0
ac47cfc6-2ce8-40b5-801f-708afafbceda,6b914b9c-926e-4431-b82e-f178aae9d5c0,2025-08-04,250.0,home,0.464,COD,0,13,0.314,tier3,0,4,evening,0.2677657562695904,0.2824,1
5c5842dd-5c20-4d6f-8509-725d24b6c7b4,ce8ac74b-c6d0-4367-a531-d43bfe5b2bf6,2025-07-12,250.0,home,0.317,COD,0,12,0.169,tier2,0,5,night,0.32830159764792616,0.1208,0
c6f14f09-a120-4cb8-a32c-16b4bbed84d8,53b4d10e-b44e-487e-ba6b-5ab60f585f58,2025-05-25,20000.0,fashion,0.269,UPI,0,1,0.26,tier3,1,6,evening,0.10843217168086294,0.0401,0
21253bf3-5de9-409e-a9bd-f7a663ee084e,d9bc17ca-80dd-47e2-8dc5-79922a30764c,2025-06-17,1756.52,home,0.714,COD,0,10,0.33,metro,0,3,afternoon,0.34134778732339127,0.4608,1
cac3d0d7-1fab-4d28-b2c8-a340f101ddb0,5f406040-6dfb-4ae2-9890-7f640e616156,2025-06-21,10453.89,fashion,0.129,UPI,0,7,0.096,tier3,1,6,evening,0.2831068452109286,0.1436,0
64822574-66bc-4f76-a603-c628c4cea9bb,2b0aed48-0816-4dd9-b18b-7acd4c255c96,2025-10-09,250.0,beauty,0.19,COD,0,12,0.273,metro,0,3,evening,0.19975800750299405,0.2287,1
00f4908d-4557-4ad5-a099-ef64197365ab,f56ad4f3-b71a-44ec-80ba-95707d2ea8e8,2025-06-27,532.17,beauty,0.209,card,0,4,0.068,metro,0,1,afternoon,0.0851383244395845,0.0424,0
f22dc30e-46f7-4e59-aae1-25e37f291eef,e6b84507-0320-4dab-b918-04a7dcb15931,2025-10-19,507.92,fashion,0.524,netbanking,0,9,0.283,metro,1,1,evening,0.27966983742156076,0.1914,0
6252e934-da9d-41da-bae9-69f4e024dd8f,8288f7bc-eed9-4ffd-afc1-d1e03cc4826b,2025-09-17,614.85,home,0.394,UPI,0,1,0.133,tier2,0,2,evening,0.1171182105953482,0.0384,0
c03a3309-dfc4-4df6-a026-018c547198df,16ddae25-3f28-41d0-8a77-c8c87723adfa,2025-10-12,9963.51,home,0.233,UPI,0,11,0.192,tier2,0,2,afternoon,0.30707185083804733,0.006,0
25f620c5-0077-4e06-a600-a92fde43909a,87c90f8c-18d5-41bd-a017-72dc3f5b1ad3,2025-09-17,3055.93,fashion,0.195,COD,0,10,0.238,metro,1,5,morning,0.32765833124561905,0.4795,1
e5bfb8b3-a455-4aa5-8588-3cecbda569ab,7a4e9ee7-df87-4f79-9ec7-3f4c1f489075,2025-07-16,318.14,fashion,0.387,COD,0,36,0.058,metro,0,3,afternoon,0.23069756686430742,0.333,0
9826529d-94a8-4aa2-b357-5f5f347865a6,e6bb513f-2cd0-4bcf-9534-bae7ee504b7c,2025-08-12,1511.76,home,0.127,COD,0,5,0.141,metro,0,1,morning,0.09342709211833844,0.3251,0
7f587a54-be0b-448b-9c1e-4378c8211e92,41f5f8b3-7e3a-44d9-8602-d4cc35847329,2025-03-12,329.85,beauty,0.196,UPI,0,2,0.272,metro,0,2,morning,0.21207519145076628,0.0709,0
ae7ebec2-231e-43fe-9446-88de3b91b424,d36a7387-21ab-43e5-bcb9-dcddf807849d,2025-01-15,522.63,home,0.15,COD,0,16,0.285,metro,0,4,morning,0.30018529874356914,0.1656,0
b07a09f4-f9d3-4b36-9d5d-786b2499f96b,946e674c-f4ec-4a5f-844c-dd92739c41ac,2025-08-14,1785.33,beauty,0.581,COD,0,2,0.498,metro,1,2,evening,0.6014601912708131,0.6175,1
5fc923c4-dec8-4aea-9819-49935b3b5072,2225d59c-1951-4103-b4e4-8098c0126d66,2025-05-02,367.32,fashion,0.212,UPI,1,0,,tier2,1,3,night,0.14314615018899832,0.5046,1
3ae596c3-3994-4f4b-bc6f-dfea5f612e1a,05454bf9-427a-4473-a52d-c95d8b3bf7ff,2025-02-27,8229.05,fashion,0.206,netbanking,0,3,0.193,metro,1,5,evening,0.19326835646210286,0.0436,0
5906d1d2-00e7-42bf-9b3f-85ef935d19ed,2bf1c610-a75b-412d-b0ce-9dc111d20e3c,2025-01-23,415.81,electronics,0.492,card,0,14,0.238,metro,0,3,afternoon,0.27780100478810504,0.0747,0
00166a04-911f-49c9-8b38-aed362a42a70,99e318ff-1a69-4f68-addf-975990bd0414,2025-05-30,797.45,electronics,0.272,COD,0,19,0.272,tier3,0,5,morning,0.2434169799043869,0.2777,1
4a3cba3a-f0ef-4b73-9485-838a8724e751,59265d36-e12e-4bfc-b8a8-29de0a16e8c5,2025-01-24,334.83,electronics,0.279,netbanking,0,17,0.228,tier3,0,4,morning,0.35941268307576457,0.1852,0
963cdc46-e4fa-4887-ae1b-588dc5200133,cd03dd27-2fc9-486c-998f-c61cf34b93ab,2025-08-14,2891.77,grocery,0.294,COD,0,6,0.3,metro,0,3,night,0.35614412579298554,0.0411,0
d32e8793-67b1-462d-8005-b02329ca1ed0,dda5b132-3c35-48db-8feb-21f14075f104,2025-07-18,1772.54,fashion,0.474,UPI,0,10,0.255,metro,0,7,morning,0.23310699843617838,0.1959,0
8585763c-7a08-4d9f-a61c-e0d0f214a1cb,56a30258-3565-44b2-a8d7-1d0adece59a8,2025-10-08,5405.17,electronics,0.047,COD,0,13,0.203,metro,0,3,morning,0.1548544510371693,0.0476,0
2fc9fdce-b84c-4bf9-8f2f-0a03d855b1fc,830587ef-e382-4480-9a46-f2fb1f6d1a0b,2025-05-30,860.72,electronics,0.71,COD,0,17,0.27,tier3,0,6,afternoon,0.29038571770418864,0.3811,0
3a0eba0a-2a30-42d6-8e82-25083bb193d7,39e67ff8-0ce4-494c-8717-1d4f63efa14d,2025-04-12,525.98,electronics,0.387,UPI,0,4,0.118,metro,0,1,evening,0.07293918209014336,0.0871,0
8d8e4408-364f-4c50-9e90-4fd27c5de4dc,68fe5c45-8009-4a9e-a90c-9439ebe48e46,2025-02-18,447.99,beauty,0.261,UPI,0,2,0.186,tier3,0,7,evening,0.24680180551951414,0.3947,1
75481cd2-798c-4d0d-ab35-0ecd75042a7f,b209d179-6418-4f8c-bd42-8e4f831f0776,2025-09-18,250.0,home,0.045,card,0,23,0.317,tier3,0,6,night,0.27580452681496,0.1245,0
218ab9f7-8279-40ff-8e6f-8860337c8a68,966b6ee7-2d58-4b01-b2f1-b62362bf1b4d,2025-05-18,9933.64,fashion,0.199,UPI,0,2,0.305,tier3,1,5,afternoon,0.37008993339073415,0.058,0
47ff58d6-723c-433d-8b6e-5f87a88db85e,a2a6e4a7-73f0-4f60-8023-1d364c305e4d,2025-02-12,5726.81,fashion,0.089,card,0,17,0.217,metro,0,1,afternoon,0.23228588338828865,0.0176,0
2fd470cf-e5eb-47d4-8118-181df473dc0a,49a190f2-c9c8-441e-b450-f1343adf4d1a,2025-09-12,250.0,fashion,0.24,COD,0,18,0.42,metro,1,1,morning,0.4134664929263236,0.5099,0
0dbb7a29-e286-4c66-92fe-cfd063dc978a,b209d179-6418-4f8c-bd42-8e4f831f0776,2025-01-23,8490.17,electronics,0.329,UPI,0,24,0.281,metro,0,3,evening,0.27580452681496,0.0329,0
c27d470b-0328-47ab-a3b9-d2ed56ad26bd,f08d853b-6894-4bb3-971c-4183b39fae0e,2025-07-25,7520.83,beauty,0.194,COD,0,11,0.252,tier3,0,5,afternoon,0.2486017792851423,0.0981,0
c9a2058d-1a61-4c13-a3e0-0ddffa2c0b3d,5a11ae1b-953c-41af-83dc-44c210b745e5,2025-04-12,2038.4,grocery,0.326,UPI,0,10,0.205,metro,0,4,afternoon,0.13954174495960747,0.0268,0
d3f01625-c10e-48d1-b82d-f60493b24485,c98a4cb4-7028-4dff-af37-84307e0c0e6f,2025-04-24,633.02,fashion,0.151,UPI,0,6,0.121,tier2,0,1,afternoon,0.16177634634701885,0.2543,0
54438091-074f-41b4-a410-6317a9d08697,c6829464-1335-46ed-adb7-4a3c9b07a5a8,2025-10-09,1128.17,fashion,0.251,COD,0,7,0.188,tier2,1,3,morning,0.2732031279049196,0.547,0
be262e0e-3724-49ba-b65a-fa9536bf171d,fddab96a-bc23-43d2-a1f4-76de3a7b7f5c,2025-03-30,3784.15,home,0.113,UPI,0,13,0.087,tier3,0,7,evening,0.08979930230446,0.0503,0
c0749693-53a2-4751-b6b3-2e4ac7a270e8,a05b51d4-cf4b-43df-8143-fc2defc4213c,2025-01-10,2279.37,fashion,0.042,UPI,0,4,0.013,tier2,1,3,night,0.13102794820675195,0.0495,0
5f10e209-eaa4-4a4f-8d4d-d1767988460e,423107d7-155f-4bae-92aa-4c3cfbee5d71,2025-02-11,1171.37,home,0.185,card,0,5,0.209,tier2,0,1,afternoon,0.3108899842101137,0.1,0
cace8ecd-38ef-489c-9464-96f6bdc3cf2c,98389b8b-658b-4eca-b919-9c37c2dbce1f,2025-06-04,7096.54,home,0.226,COD,0,9,0.0,metro,0,2,morning,0.04552205229964168,0.065,0
7fa6596a-b6e6-4467-9eff-bd4aea2ca22c,abd8a3cf-9bcc-4d08-a0fc-d5f3d68636e9,2025-08-02,10665.87,home,0.231,card,1,0,,metro,0,3,evening,0.22490603406589493,0.0563,0
7231e5c0-e76a-4f23-857e-aa97d2f2e2d1,c86a75f4-eea7-4fce-b017-88f6e68c8ccf,2025-07-02,9077.27,beauty,0.346,UPI,0,8,0.301,metro,0,3,evening,0.32801543383093573,0.0147,0
a73d6aee-5478-4640-bc94-da2545bd58a9,6dc5134b-6c84-4084-ad9c-5cfbc77e8a21,2025-04-29,2913.36,beauty,0.243,UPI,0,4,0.34,metro,1,2,afternoon,0.31538639948094277,0.1209,0
8fe96ed1-cbb5-48ca-b6d1-4e62393925d7,397d373a-f33e-473f-9362-3154a53fe5ef,2025-08-23,305.2,fashion,0.293,COD,0,10,0.543,tier2,0,3,afternoon,0.3797344893685818,0.5404,1
c6efbc2a-c3ca-4159-908a-2f1ea8efcb1f,5e758f8f-c2ad-4e0c-b4fc-026916c24854,2025-02-21,764.65,home,0.188,COD,0,27,0.079,tier2,0,3,evening,0.048627470043128354,0.0634,0
58fdfa96-13b5-415c-b3ec-06dc4bd8af35,8c644659-9832-432b-b635-3578f419696a,2025-02-04,2842.71,home,0.308,netbanking,0,7,0.245,tier3,0,6,afternoon,0.18587087319682674,0.1047,0
3e91fec8-b972-4d30-88cb-8b4ef6651b99,46c021ed-36fe-45b9-9d68-1bcdcc001bcb,2025-05-10,320.47,beauty,0.299,UPI,1,0,,tier3,1,4,afternoon,0.4369142138857339,0.6039,1
72f50a40-9af2-4ab4-ab0f-8839b4477f72,99e318ff-1a69-4f68-addf-975990bd0414,2025-05-23,1647.05,beauty,0.335,UPI,0,20,0.229,tier2,0,4,evening,0.2434169799043869,0.0645,0
51b7a0b6-7fb5-4dd7-93f7-4cb7711977d0,d9bc17ca-80dd-47e2-8dc5-79922a30764c,2025-02-09,549.55,fashion,0.127,card,0,11,0.212,metro,1,2,afternoon,0.34134778732339127,0.2818,1
1903a308-187f-4fb4-ad7d-2506c934b1a7,0852e904-4ae3-4e94-9040-aafca8116b30,2025-09-29,2517.74,home,0.19,UPI,0,2,0.475,tier3,0,5,night,0.40770299645353353,0.0943,0
6306306a-abc6-4ebb-ba58-69b66531139c,d3e75926-09ff-434e-951d-7f53b6f62e65,2025-07-09,1992.3,beauty,0.346,COD,0,1,0.047,tier3,0,5,morning,0.08541324673316718,0.2178,0
b09ec706-9b7c-4988-b6bd-5cfaccc8f36b,2225d59c-1951-4103-b4e4-8098c0126d66,2025-04-21,1041.96,beauty,0.116,card,0,1,0.086,metro,0,5,evening,0.14314615018899832,0.0804,0
df9c0e45-623b-4618-a831-9be5fe5b2491,dda5b132-3c35-48db-8feb-21f14075f104,2025-08-09,2368.96,fashion,0.218,COD,0,11,0.272,tier2,1,3,night,0.23310699843617838,0.3171,1
96327e9c-08fc-4291-a0a1-c1664978baed,1b07e0e4-483c-461f-a950-6cf31ced0959,2025-09-17,972.87,electronics,0.282,UPI,0,2,0.057,metro,0,2,afternoon,0.19264547693073103,0.0179,0
99ee1233-4020-41f1-af77-68a07f0480e6,fe679ebd-d7e3-420e-a610-8a0cfd64ae80,2025-07-12,944.74,electronics,0.422,COD,0,4,0.445,tier3,0,3,afternoon,0.43544254381347786,0.2672,0
09d4fabf-98e8-462b-ae2a-fbf4c8b762a4,fb1954cc-c93f-44b4-9155-10ddd8571b6d,2025-08-23,2266.68,electronics,0.322,UPI,0,6,0.374,tier2,0,3,morning,0.23865381601921165,0.0743,0
ff62fee9-43b7-4e0c-b89d-2fcd726a8311,99e318ff-1a69-4f68-addf-975990bd0414,2025-10-14,752.59,fashion,0.265,UPI,0,21,0.189,metro,1,4,morning,0.2434169799043869,0.2275,0
4b87d9ac-d449-4926-b2c3-f71a4656be0b,b411f36e-bf74-4ba0-bff0-a67770bd35c5,2025-01-30,1105.41,fashion,0.355,netbanking,0,14,0.466,tier2,1,2,evening,0.4451782602422671,0.3839,1
fcf51035-8260-437e-9013-4cce3a257061,056e3d76-8183-4716-9184-151a4135f404,2025-03-17,431.94,fashion,0.143,card,0,11,0.131,tier2,1,1,evening,0.25703386186733934,0.128,1
8ddd1edc-91d0-4b26-8c8f-bd95654cc6ac,f5069c4e-0691-43d9-b3e0-3efe7073ec31,2025-07-23,2125.17,fashion,0.336,COD,0,15,0.099,metro,1,4,morning,0.03542903995029727,0.4142,0
c70b6a05-0d10-4448-b49a-f95db603ad5b,24f462d2-ab23-4d64-b4cd-5e1193e7769f,2025-08-01,893.0,fashion,0.332,UPI,0,4,0.635,tier2,1,3,morning,0.5997722687005431,0.3923,1
99060272-0b55-4609-8bec-9b7d8fcfa78c,5f9eac01-8f5d-4989-906a-69e974e88d1b,2025-01-28,4737.97,electronics,0.412,COD,1,0,,tier2,0,1,night,0.16676799610424997,0.4476,0
d4b51a6f-ac08-48d9-bc7d-dbd3a70b38df,99147503-441a-4858-9bd7-29926eb2f3c3,2025-04-27,2764.19,electronics,0.206,COD,0,17,0.283,tier3,0,6,morning,0.3870026797871902,0.2863,0
fe9a1519-a94a-44a7-9068-bde2190e15f9,f3145bea-0697-4659-8b9e-3e13d84ec40f,2025-09-26,250.0,fashion,0.303,UPI,0,3,0.278,tier2,1,6,evening,0.19519031892731586,0.4049,0
40bcb2dd-2297-4a90-bf6b-e77c37554312,c3f1cc06-68c1-442a-b18b-6338217bcf62,2025-01-23,7108.47,home,0.518,card,0,17,0.141,metro,0,4,evening,0.1091421274751211,0.0301,0
acca97cc-c8df-4141-8aa7-e70af18c064f,b39e2820-63bb-4385-b9d7-44c8956fa1b1,2025-05-19,358.22,grocery,0.173,COD,0,4,0.185,metro,0,3,morning,0.2798243783472397,0.0553,0
50195d14-6448-4d50-8ac4-a11106baf7d8,ed0d4cec-07d4-440d-a77d-2f0af2663244,2025-06-29,250.0,home,0.365,UPI,0,8,0.729,metro,0,3,night,0.6645072620284929,0.1545,0
3582558d-b474-458d-8def-59103d3d1f8f,99147503-441a-4858-9bd7-29926eb2f3c3,2025-09-10,523.69,beauty,0.18,card,0,18,0.122,tier3,0,9,afternoon,0.3870026797871902,0.1417,0
7b13ea53-d912-4f1a-9ee2-62868f667181,767607d0-4d2d-44a6-b6ef-7324a793d146,2025-05-23,2380.23,electronics,0.417,card,0,1,0.099,tier2,0,1,evening,0.03200477582582108,0.0802,0
b730e8d3-3648-40a5-a906-c0bd2c6d4521,4d47ad50-ed68-4545-af4f-485a9b29b711,2025-09-23,1577.44,electronics,0.383,netbanking,0,19,0.102,tier2,0,5,morning,0.21989011196511407,0.023,0
fe592f93-95aa-41f0-9ee7-9ed869328d74,83fe6a19-57b5-4519-982d-d7d7bca39396,2025-05-21,477.5,fashion,0.145,COD,0,11,0.31,metro,1,4,morning,0.26357426902472036,0.3452,0
f79de9f4-dfa2-41b9-b4cc-5255d207d7d4,276d280b-25fa-4fe4-a60b-fae1cca9860d,2025-05-19,696.92,fashion,0.312,UPI,1,0,,tier2,1,6,afternoon,0.1486689431184178,0.6986,0
0e3c4a72-598a-4223-a41e-651571d47c19,6bfa235b-d4d0-446f-85d2-e8dc00a3d98f,2025-04-29,1608.45,home,0.628,UPI,0,11,0.668,metro,0,2,morning,0.6039320915435429,0.1485,0
ecb6093c-e65b-4d66-8061-fd23eb1c8801,d9bc17ca-80dd-47e2-8dc5-79922a30764c,2025-08-08,571.95,electronics,0.176,card,0,12,0.526,metro,0,4,night,0.34134778732339127,0.0397,0
39de23eb-ce93-4d6f-b95d-2f2551075845,9367bd08-231f-4959-95da-cf979f7ee187,2025-04-07,1773.6,fashion,0.418,COD,0,4,0.292,metro,1,3,morning,0.3052133289526958,0.6445,0
662bc2b8-a977-4854-94ff-e5515741e20a,37917302-ee8a-4b62-a7bd-6ce861425fc2,2025-06-09,250.0,beauty,0.667,COD,0,3,0.312,metro,0,1,evening,0.17989879744905538,0.4492,1
3b8120e7-eeef-4e68-a3a1-49148d864753,9d1d8bca-9218-4856-8619-cfee194da74f,2025-02-09,783.04,home,0.429,UPI,0,26,0.36,metro,0,4,evening,0.24874291058771908,0.1107,0
d9297c72-44b6-446a-8b9a-5d0050431498,9ed30459-baa2-46a2-ad3b-80868919e0f4,2025-01-06,519.57,electronics,0.114,COD,0,1,0.125,metro,0,5,evening,0.22367316697863052,0.1306,0
c4b6e296-006d-4a2f-ac4c-7daefb44b406,4ed8649d-1f98-49ba-9ac7-95ad3fde0f37,2025-05-31,787.66,electronics,0.431,UPI,0,6,0.311,metro,0,2,night,0.36581399891508337,0.0636,0
c8b4f160-3847-4406-89e8-9aa6d63259ec,68a3ee92-a813-4868-9f47-108eb364180f,2025-08-01,2436.29,fashion,0.107,UPI,1,0,,metro,1,3,afternoon,0.2439801007675435,0.2749,0
912d73da-e7ba-4d49-ac92-7b67e578a14a,3678c134-a42b-4685-ad15-81b9e73e73aa,2025-06-06,703.42,home,0.072,COD,0,12,0.074,tier2,0,4,evening,0.1373435706874969,0.128,0
0d7b5e3c-1704-4d3b-a272-cfe1a4ccd939,a111ab22-4c88-4d83-b499-448d82133ae3,2025-04-19,874.51,electronics,0.698,UPI,0,9,0.259,tier2,0,3,afternoon,0.2568909066288726,0.1026,0
ee5c2194-8462-416c-934a-1fa2227d6b76,d36a7387-21ab-43e5-bcb9-dcddf807849d,2025-07-08,391.52,fashion,0.063,card,0,17,0.363,metro,1,1,evening,0.30018529874356914,0.1563,0
25d05f5a-9474-4f09-a2b9-468b06cefaa6,6d89b6da-05be-4f09-b2f2-542a975f2f53,2025-09-11,7276.37,beauty,0.063,COD,0,9,0.274,tier2,0,4,evening,0.3016559281489719,0.049,0
8d9818bb-21d1-42ab-b518-d46f427d84ca,e3264985-4341-4da8-839f-f668e7bf8fb0,2025-03-16,1013.0,fashion,0.333,UPI,1,0,,tier3,1,3,evening,0.30369779202070374,0.4403,1
29350de3-306b-49ec-9c3e-0f238f9cf64b,f04ea3ca-68ee-4efe-a612-fe50610fd2dd,2025-04-08,1798.7,fashion,0.216,UPI,0,19,0.225,tier2,1,2,afternoon,0.2242312963277271,0.1539,1
fe80351d-fff7-4f3b-9db0-dbc3962a95bc,d9358869-66e4-4ee6-bb2e-f9062117fa78,2025-01-21,525.61,electronics,0.118,COD,0,15,0.274,metro,0,2,afternoon,0.2042925306906814,0.0395,0
f10b18d6-4ed7-402f-845c-f13cb75faa61,96548d63-d341-4206-a268-42e6fde9bfb5,2025-07-21,2385.04,electronics,0.067,COD,0,2,0.193,metro,0,3,evening,0.20321741031586962,0.1008,0
713e0009-9d63-4e94-bf14-9c006d0e1f0b,a46a2b9d-9e01-4de2-ae6b-488580dd4d62,2025-04-16,3148.1,grocery,0.411,COD,0,3,0.525,tier2,0,6,afternoon,0.36242851871884985,0.1864,0
f17c7748-2041-428d-8db4-915383d4aa33,cb981f0f-fd00-4428-90bc-c86edb6ad570,2025-07-24,3509.72,fashion,0.201,UPI,0,1,0.362,tier3,1,6,night,0.26371837835861184,0.4657,0
6ee2af62-5922-491a-860a-9e906395c859,cb8611ae-38b8-43ce-b1e3-ac68753f2f95,2025-06-11,793.22,electronics,0.209,COD,0,9,0.138,tier2,0,5,evening,0.18284841178251302,0.0614,0
20f7a33e-249b-4d0a-b62b-692dd63d0c74,487e0072-ff7c-4376-aa94-0ed39d21882d,2025-01-09,1254.43,electronics,0.08,UPI,0,8,0.179,metro,0,4,night,0.10058728392504118,0.0158,0
c26ce6b6-37ba-44f5-991a-246b72deb049,2bf1c610-a75b-412d-b0ce-9dc111d20e3c,2025-02-26,1555.83,fashion,0.155,COD,0,15,0.408,metro,1,5,afternoon,0.27780100478810504,0.5528,0
9237504a-5c34-4997-ac5c-4ac231cf0355,f2811512-6d74-428f-81ae-77df22796b31,2025-07-26,1646.48,home,0.265,card,0,23,0.211,tier3,0,2,evening,0.2916477929418046,0.0415,0
38dc0022-5b99-42fb-a8f5-ff8ea3896cd7,84396155-0245-4770-b3a5-7c428cd5be40,2025-01-10,3199.87,home,0.381,UPI,0,1,0.284,metro,0,4,evening,0.4390524811910615,0.063,0
69c47651-3d20-41b9-bb9d-add5c95ad496,b5a8da77-1ba0-4430-8b90-102d0cd1bde1,2025-09-26,662.3,electronics,0.13,COD,1,0,,metro,0,1,night,0.2447413991389511,0.2093,0
321843b4-2285-4f9a-ad7b-b27032f96590,d97949e2-16cb-45c2-93fe-d94e76f0dbc5,2025-05-21,739.68,electronics,0.065,UPI,0,2,0.452,tier2,0,10,evening,0.3355449419523954,0.1703,1
ff2b55e8-b682-4988-9f38-b9e6173c0301,b411f36e-bf74-4ba0-bff0-a67770bd35c5,2025-04-21,1424.2,grocery,0.248,card,0,15,0.526,tier3,0,3,afternoon,0.4451782602422671,0.0543,0
6dcdf553-b51f-4fd7-9f17-4c7d8b1a766d,17b4ac80-5793-4301-bfa9-f9aefc25fff1,2025-06-07,439.59,electronics,0.354,netbanking,0,10,0.18,tier3,0,3,afternoon,0.12601617248198352,0.0738,0
a13bc6b7-8593-49e5-89f7-6abb26970b47,5c3a491b-f023-457b-9da7-95a4eedebd89,2025-01-25,1467.86,electronics,0.046,card,0,20,0.067,tier3,0,4,morning,0.12936071938754626,0.0385,0
11c4ecb9-0f44-49f8-bcf9-6f2820579f31,900d95d3-c948-4d1c-af4a-449e3d16028c,2025-07-09,3391.41,electronics,0.665,COD,0,2,0.172,metro,0,3,afternoon,0.32711616961778794,0.1084,0
3d2370bc-a324-4861-9191-0138dd609cee,5e758f8f-c2ad-4e0c-b4fc-026916c24854,2025-07-22,2230.88,electronics,0.141,UPI,0,28,0.065,tier3,0,3,night,0.048627470043128354,0.0255,0
472f1844-4e00-49ff-94e4-1fa4d4dca3c5,cd508d92-15fe-4a35-9c1b-37a278d36ea4,2025-01-15,5090.49,fashion,0.396,card,0,25,0.049,tier3,1,2,morning,0.2771725532528444,0.0932,0
fe4f16a7-28ad-4005-b695-cee9b473503c,487e0072-ff7c-4376-aa94-0ed39d21882d,2025-04-19,682.9,fashion,0.513,UPI,0,9,0.035,tier3,1,6,evening,0.10058728392504118,0.4604,1
1a4944d9-9fd1-4a03-828e-1f24eab9931e,89eac406-612d-4301-9b93-ba1b6674831e,2025-09-30,250.0,fashion,0.005,COD,0,2,0.136,tier2,1,1,afternoon,0.13931901060737575,0.4423,1
08607dd3-95b5-4af8-a82e-77fe225b3fe1,d3db41bc-bf8f-46e0-94b1-984f27ff9af2,2025-04-16,948.41,fashion,0.073,COD,0,27,0.436,metro,1,2,evening,0.33315409272597374,0.2996,0
65132eae-1a96-4ec9-b700-788e8ead4b71,3b68140d-c04c-4ece-87a7-1b051083612b,2025-04-16,1501.84,electronics,0.132,card,0,10,0.365,metro,0,2,evening,0.3098477304837669,0.0363,0
b5cc57bb-d13e-4eb2-9de9-c8a2537c407b,62495bdf-4c58-4340-ad9d-ff02c9b987a7,2025-07-10,1093.01,fashion,0.168,COD,1,0,,tier3,1,5,afternoon,0.47881282251185314,0.7376,1
f2e6306c-2f94-4b02-b73b-dc42043c9478,fddab96a-bc23-43d2-a1f4-76de3a7b7f5c,2025-08-23,250.0,home,0.395,netbanking,0,14,0.0,tier2,0,2,night,0.08979930230446,0.033,0
af74bd00-8255-4014-83ed-c4ba2beb074f,80281626-ed74-46d1-a595-e40cdac50a8a,2025-08-24,966.79,grocery,0.692,UPI,0,12,0.316,tier2,0,3,morning,0.25979890009270734,0.0995,0
12b163f8-6646-49b4-a467-ec9f8484687b,059cd0cd-c524-403d-90a7-aa5e9d51749d,2025-06-21,3797.91,home,0.112,UPI,0,9,0.208,metro,0,4,morning,0.2033814634391261,0.0162,0
998b3715-f814-4585-84cb-6c78a7b439a6,487e0072-ff7c-4376-aa94-0ed39d21882d,2025-08-20,4578.21,grocery,0.23,netbanking,0,10,0.0,metro,0,5,evening,0.10058728392504118,0.0037,0
a240ee63-a321-465d-adda-3b1020453de6,85fb6dde-4673-4009-b279-08f034a747e3,2025-04-07,482.01,fashion,0.257,COD,0,7,0.275,metro,1,1,night,0.2901295476709541,0.4661,0
f8795e11-381d-42a7-b107-16f8392747b3,6bf452e9-0173-469d-bfec-d17e576fd561,2025-02-01,7699.19,fashion,0.224,netbanking,0,8,0.0,tier3,1,4,afternoon,0.11826527161057414,0.1094,0
848beda2-b256-4e0a-ab45-44d91c35ba15,f08d853b-6894-4bb3-971c-4183b39fae0e,2025-05-09,1098.52,fashion,0.286,UPI,0,12,0.332,tier2,0,3,morning,0.2486017792851423,0.228,0
d988732b-b6f8-4729-a625-bf18785a5114,ef0ff2d2-35b5-48b5-b806-a1f742caa3de,2025-02-19,6185.38,fashion,0.321,COD,0,3,0.16,metro,1,4,evening,0.22359865383939137,0.3057,0
39e776e6-658e-4f82-a0c1-f07ada6c51e8,8288f7bc-eed9-4ffd-afc1-d1e03cc4826b,2025-02-02,278.64,fashion,0.468,COD,0,2,0.06,tier3,1,8,evening,0.1171182105953482,0.541,1
1715fec0-9c91-4d36-96dd-8fbc68bdf32a,5a11ae1b-953c-41af-83dc-44c210b745e5,2025-02-12,1338.74,fashion,0.24,COD,0,11,0.141,tier2,1,3,evening,0.13954174495960747,0.6746,0
64bc9742-6ae8-445a-886a-7fcf14ca2b48,dfcf4ff2-0355-46ac-ae56-28d7acb70d60,2025-07-08,369.99,electronics,0.122,UPI,0,1,0.008,tier2,0,4,night,0.1822357329755217,0.037,0
46f208f2-1e65-4930-bb98-8d7818ac1f47,39e67ff8-0ce4-494c-8717-1d4f63efa14d,2025-05-27,5038.15,electronics,0.226,UPI,0,5,0.059,tier2,0,1,morning,0.07293918209014336,0.0126,0
b23253bf-3140-4e9b-b3af-4c793ec0d892,b411f36e-bf74-4ba0-bff0-a67770bd35c5,2025-04-29,5294.13,fashion,0.121,COD,0,16,0.445,metro,1,4,night,0.4451782602422671,0.4352,0
3e576519-b0f1-4305-8dda-7679bad908d9,265ca8d0-3df8-4d6f-9712-d08685f17132,2025-04-01,2250.95,home,0.135,UPI,0,19,0.068,metro,0,4,afternoon,0.1913603605753747,0.0391,0
3d37d41d-8a61-4a6f-bed5-c4efb08ec881,7b8bbb80-9288-4110-8551-1cae9b4fc549,2025-04-01,640.62,fashion,0.362,card,0,3,0.004,tier2,1,3,morning,0.13908231984528782,0.4714,0
342529ee-41dc-40fb-bedc-e8ebe86d406d,80281626-ed74-46d1-a595-e40cdac50a8a,2025-10-23,250.0,beauty,0.264,COD,0,13,0.163,tier3,0,5,night,0.25979890009270734,0.4861,1
2cd991d6-d2e4-481a-bfc4-a5c3614261da,f0363d6c-fd9e-4890-9ccf-48ddaef523b7,2025-10-15,983.64,electronics,0.439,UPI,0,2,0.43,tier2,0,2,afternoon,0.5393163232471033,0.0886,0
5ddc9b24-a3c1-418f-ad37-ab3ba38b0ae9,3c0df3e1-c239-441b-b4dd-153f99532574,2025-08-02,2451.06,home,0.485,UPI,0,8,0.566,tier2,0,1,afternoon,0.5866676553486984,0.0785,0
8d0c7aa1-9c52-450d-8b2a-66fc22c938b4,6c3f0a1a-8fec-42d8-96f9-176f7e65ba57,2025-06-05,2003.88,beauty,0.101,netbanking,0,6,0.428,tier2,0,1,evening,0.2765406569294239,0.058,0
64e2a12a-1e12-4d7d-907b-1cd42fe68350,ef0ff2d2-35b5-48b5-b806-a1f742caa3de,2025-10-10,1071.43,fashion,0.423,card,0,4,0.267,tier2,1,2,evening,0.22359865383939137,0.0917,0
a4848768-c093-4330-be26-db9d00ae8760,2bf1c610-a75b-412d-b0ce-9dc111d20e3c,2025-08-10,621.84,home,0.231,COD,0,16,0.301,tier3,0,5,evening,0.27780100478810504,0.2517,1
6695a5cd-fd0b-456d-ab34-b9e78cc49049,ac8ee436-067a-4aac-8496-8e40cfb19bfd,2025-03-15,2217.73,grocery,0.126,COD,0,29,0.133,tier2,0,3,night,0.2595265118239566,0.0929,0
3aa3346f-34d8-4b61-bf7b-7549df6f19d5,5a48b72f-7311-4233-8e19-238ff40a366f,2025-06-02,2256.72,fashion,0.448,UPI,0,4,0.141,tier3,1,9,evening,0.10212483545629032,0.3214,0
be8c046c-9e64-4955-bb6d-3d08b45469f5,6df9a58c-9831-41d7-8a30-4c1802eb1988,2025-05-04,7787.77,home,0.201,COD,0,5,0.131,tier2,0,4,evening,0.14393935494351567,0.0799,0
294cfe40-915b-4b4c-977f-b00e839fe7aa,d9358869-66e4-4ee6-bb2e-f9062117fa78,2025-04-14,898.08,fashion,0.339,UPI,0,16,0.191,tier3,1,3,afternoon,0.2042925306906814,0.3835,1
361edd28-7cd5-43a7-aaaa-8e26bed3c054,f9852313-5fdc-437c-9c37-d03dbf8c8f0e,2025-06-19,5254.45,fashion,0.334,UPI,0,4,0.209,metro,1,2,morning,0.13745108080776064,0.2468,0
5b8aa033-9c89-48be-92ac-e475808093db,4e7e2663-eb2c-432d-96ec-3f130e2e0946,2025-06-19,427.63,beauty,0.332,UPI,0,13,0.377,metro,0,2,evening,0.3858310964520147,0.1248,0
7ce54745-0236-4af8-8e45-ddc71fb8f60d,ded4396a-49de-44e3-a773-49b635f42e59,2025-01-23,1050.89,home,0.287,netbanking,0,9,0.549,metro,0,2,morning,0.5527709467025828,0.0957,0
74e9e619-b860-441c-b7cd-2b31d1f7717e,b23dbe0c-d303-4353-b36f-ff05fe62747d,2025-07-12,4202.75,electronics,0.496,COD,0,3,0.058,tier3,0,7,afternoon,0.024014279411654592,0.1237,0
d7e47a8b-ded4-4ccb-b8ad-5b41b4c31878,6bfa235b-d4d0-446f-85d2-e8dc00a3d98f,2025-06-16,2293.4,beauty,0.445,COD,0,12,0.693,tier3,0,8,evening,0.6039320915435429,0.7608,1
818edaf3-aa9f-4b0f-9392-fd68c2a4db20,b86ee3a9-928c-4ec5-8783-0beb41950f27,2025-08-29,779.23,fashion,0.264,UPI,0,10,0.0,metro,0,3,evening,0.05573145024510638,0.0556,1
51fdcb3f-1704-40c6-a5f7-61f8a8610e02,6b914b9c-926e-4431-b82e-f178aae9d5c0,2025-03-19,765.68,beauty,0.143,COD,0,14,0.151,metro,1,4,night,0.2677657562695904,0.53,1
76005ffc-15d1-4253-9a04-0391d18928ed,24dc633c-de4a-4152-ae24-3e42211235f1,2025-03-09,828.39,home,0.521,UPI,0,10,0.0,tier3,0,6,evening,0.03297163095944513,0.1061,0
236ce036-9abf-42ec-8a26-2d47c0175bbb,a228e990-7b22-4983-997d-00faaa3c7dff,2025-04-09,736.42,electronics,0.228,COD,0,1,0.017,metro,0,2,evening,0.05810633967327533,0.0566,1
167c5eb4-5c22-456b-9b13-e164002d980f,10546d08-1053-4bf0-976f-4c40b2dcb1c8,2025-09-10,646.62,home,0.26,UPI,0,11,0.082,metro,0,5,morning,0.021184252375003435,0.0619,0
b6700d30-a534-4a71-8d18-c55fb1364a01,ac8ee436-067a-4aac-8496-8e40cfb19bfd,2025-07-24,2711.94,home,0.556,COD,0,30,0.314,tier2,0,1,morning,0.2595265118239566,0.2921,0
f54588df-9d2d-4f0f-8d09-c2acc14ccd84,4d47ad50-ed68-4545-af4f-485a9b29b711,2025-02-27,1683.75,home,0.206,UPI,0,20,0.362,metro,0,2,evening,0.21989011196511407,0.0227,0
fed12205-31f6-4345-8711-f0100fb3d3a4,2b0aed48-0816-4dd9-b18b-7acd4c255c96,2025-09-30,5434.41,home,0.289,COD,0,13,0.085,metro,0,3,afternoon,0.19975800750299405,0.1159,0
0771d599-c138-47d8-bb48-fa2ec9fa1bd2,41f5f8b3-7e3a-44d9-8602-d4cc35847329,2025-01-26,334.28,home,0.312,card,0,3,0.283,tier2,0,5,afternoon,0.21207519145076628,0.0328,0
07ae2a95-8cc7-44b2-96ad-46c10e9eed4d,78f8646d-d401-40a1-8b6d-605e45f29fb6,2025-04-14,2238.41,home,0.613,UPI,0,3,0.184,tier2,0,6,evening,0.2928560981860891,0.3268,1
ec86ca6a-6f97-4e2f-a1a2-d3fed6f1b777,5e758f8f-c2ad-4e0c-b4fc-026916c24854,2025-02-16,739.13,fashion,0.462,UPI,0,29,0.14,tier3,1,7,night,0.048627470043128354,0.1996,0
aa2072ae-0793-4dc7-a53b-8129f6fb58cb,c987e835-2514-40cd-834c-f4d2261dd56b,2025-07-25,303.53,fashion,0.052,COD,0,18,0.018,tier3,1,4,afternoon,0.06015710717930573,0.4049,1
e05e1084-aa2b-43e1-9e06-019bd3a3a8a9,6998bf5b-2957-4b20-9fbb-95e19c4d485a,2025-08-23,8209.72,fashion,0.355,card,0,7,0.392,tier2,1,5,afternoon,0.2923331864352393,0.171,0
c998301d-91b6-49a8-9589-bcd0139c736a,6dc5134b-6c84-4084-ad9c-5cfbc77e8a21,2025-01-04,443.6,grocery,0.241,COD,0,5,0.316,tier3,0,7,afternoon,0.31538639948094277,0.2592,0
d8dec110-8c00-4b73-a7de-b0a9ddc5c7d1,d3db41bc-bf8f-46e0-94b1-984f27ff9af2,2025-05-09,2106.06,electronics,0.233,COD,0,28,0.451,tier2,0,2,evening,0.33315409272597374,0.078,0
974331aa-549c-4f3e-8f8a-e7c5a5c05a8c,98366b27-63ea-4f07-ba55-425588277375,2025-03-02,2490.79,fashion,0.119,UPI,0,3,0.157,tier2,1,2,night,0.1494736716851247,0.1777,0
3dac7ab7-6b65-4002-a62b-13710f093146,231db961-5754-4a8c-b74b-efb8b810643a,2025-03-09,1306.91,fashion,0.356,COD,1,0,,metro,0,1,night,0.20834846029705875,0.3471,0
d1fcf9de-35af-4a76-b1da-9582dc9959cc,b209d179-6418-4f8c-bd42-8e4f831f0776,2025-09-07,1960.57,fashion,0.069,COD,0,25,0.072,tier2,0,1,afternoon,0.27580452681496,0.2055,0
92dea89f-c61c-4f1c-a58f-0bedf29537cc,b409e3d7-b9a4-422f-952f-eaf1d5521144,2025-10-14,5998.04,fashion,0.29,card,0,17,0.437,tier3,1,3,morning,0.3974441051585353,0.0732,0
ba924d82-1ab2-490b-9ab9-4e471bac7aab,9795bb9c-a3cd-4116-8a06-f4746212d4c6,2025-04-16,1317.67,fashion,0.111,card,0,4,0.207,tier2,1,6,evening,0.1410845122933714,0.2674,0
4d6f7b0a-312a-4886-b33d-27332b50561f,c96a9e4f-f6e2-4582-900e-e47a05c7f83a,2025-05-16,1232.74,beauty,0.39,netbanking,0,14,0.346,tier2,0,7,afternoon,0.45454338905514596,0.3132,0
af9f3dcc-03f9-4c10-8c34-658233fb9cff,9ee005c0-f8a6-4c23-9732-63abf3e6c333,2025-06-25,3226.53,fashion,0.258,card,0,4,0.339,metro,1,3,afternoon,0.3983115828087851,0.1525,0
69c251cd-4a2c-4a0d-8562-398c7b672b0d,11174ed1-8ca6-4cf5-bbe2-8a4f930137ed,2025-01-14,949.23,beauty,0.23,card,0,11,0.173,tier3,0,4,evening,0.06842336486313001,0.093,0
925cd7f0-2d2a-47a6-8496-1000270f1f77,4cb70c15-d54c-46e0-9216-83c75c9d0fbf,2025-08-15,895.05,electronics,0.03,UPI,1,0,,tier3,0,4,evening,0.21181038098956262,0.149,0
e5f23813-35a8-48d1-8e6b-7c30f2b2822a,3b68140d-c04c-4ece-87a7-1b051083612b,2025-04-12,1808.84,fashion,0.191,card,0,11,0.23,tier3,1,3,morning,0.3098477304837669,0.2623,0
c9bc6aa8-4643-432d-8044-edb20ec73445,eeeee0f2-1f3d-4a12-bf16-0541752490ff,2025-05-31,255.59,fashion,0.344,UPI,1,0,,tier3,1,3,morning,0.5074769095568444,0.34,1
1bc763c9-ac2a-4adf-935f-07e1db2047da,328a3f2e-4f4c-43bf-9e08-f4acd5615061,2025-02-11,695.47,grocery,0.552,netbanking,0,4,0.255,metro,0,2,evening,0.12950940053657903,0.0217,0
4e8102d2-1347-4f7c-89a9-1b1c9cf6a9fc,c3f1cc06-68c1-442a-b18b-6338217bcf62,2025-05-02,3679.83,fashion,0.317,COD,0,18,0.062,tier3,1,5,morning,0.1091421274751211,0.32,1
5004ae7f-ed5a-4c47-b3c6-ac84eb105b5c,dfcf4ff2-0355-46ac-ae56-28d7acb70d60,2025-06-22,3513.59,electronics,0.206,COD,0,2,0.061,tier3,0,8,night,0.1822357329755217,0.1321,0
2ffb08b8-cf60-40d6-bc07-3ecdc89ced29,584f334e-48dd-4f27-a4f0-094f67166b6e,2025-05-18,555.38,beauty,0.109,UPI,0,6,0.4,tier3,0,2,afternoon,0.3900564499123696,0.0895,0
c8dd00bf-e6a8-4639-b8f7-c03fae6b06f0,6b914b9c-926e-4431-b82e-f178aae9d5c0,2025-05-01,1182.32,fashion,0.324,COD,0,15,0.275,metro,1,3,morning,0.2677657562695904,0.4729,0
c36c0ae4-ddc6-4cab-a43d-ed6ceb08cc1c,6fc8aff2-462f-4dc6-bb1f-7051df7b8179,2025-03-08,2837.94,beauty,0.045,card,0,1,0.461,tier2,0,1,afternoon,0.2830374206843244,0.1127,1
48c4d807-b346-4e77-86af-27392cf9e24d,8ea9021b-0ac2-46d4-a8aa-e3c8ec9cb830,2025-08-21,1099.21,grocery,0.344,netbanking,0,1,0.249,tier2,0,3,morning,0.10315842761541319,0.0279,0
baaecdef-99dd-47ed-8116-167184cb44f9,a6256430-3c71-4085-bbd4-f11ec5db53de,2025-10-05,1220.85,fashion,0.169,card,0,7,0.048,tier2,1,2,morning,0.20459557629689876,0.0879,0
4dab190f-188c-4279-a627-4abfcdbe7b82,c54de631-aee5-4701-9f59-a9acda7c1bd1,2025-09-04,354.43,electronics,0.709,netbanking,0,3,0.389,metro,0,5,evening,0.46341394989494955,0.1818,0
62bb4dd1-0ab8-4024-ac1e-76d1dbc66e2f,7ca03023-719d-4cb2-9bcd-973891b6804d,2025-09-28,398.15,fashion,0.632,UPI,0,3,0.0,tier3,1,4,morning,0.12638520817096505,0.5283,1
93cd7790-be66-43d0-811c-a12d5f113be5,c5d85ede-c256-42df-b993-35deb12a5516,2025-07-03,475.32,fashion,0.234,UPI,0,22,0.191,metro,1,2,afternoon,0.3517803851773976,0.2284,0
5e69903a-3e25-4fda-bde5-6127580da4e2,1ec19d12-c4c9-4320-a035-98e17c951577,2025-09-19,2665.81,electronics,0.289,UPI,0,25,0.106,tier3,0,6,evening,0.18576378008237582,0.0477,0
d680014b-55bb-45db-94f3-51393d7fd276,2aaeb018-2f2d-4450-8a9d-5980ffdd1d50,2025-05-13,294.98,fashion,0.091,UPI,0,5,0.394,metro,0,7,afternoon,0.30789316130355804,0.1321,0
abc34c08-410f-4396-bfd0-10bbaaaf606d,0b6f3e2b-84fe-456b-ad93-ffcb76fb728f,2025-04-08,1485.93,grocery,0.181,COD,0,26,0.156,tier2,0,5,afternoon,0.19762424986659227,0.0498,0
1f476bbc-a548-4855-82c5-718edf83411b,7ad27a3a-8478-4e6e-8267-856a59ca60a6,2025-01-09,1894.03,beauty,0.463,card,0,2,0.218,tier3,0,4,evening,0.24671647255501258,0.15,0
d4e1ab5b-5d2b-4f88-adae-24c220fa1a30,bd8faecc-d38d-4f13-8a42-c17d6f850d10,2025-03-25,647.4,grocery,0.104,UPI,0,7,0.291,tier3,0,4,evening,0.26335659719559446,0.0097,0
15fbea58-6fc7-4e98-8f71-5db349653d40,0cba70d8-7b76-4a59-90e8-413b36d73797,2025-10-19,1921.01,fashion,0.547,COD,0,14,0.195,tier2,1,1,afternoon,0.21055725528180214,0.5618,1
ebc88364-b814-49ab-9223-c5229bc4029c,59265d36-e12e-4bfc-b8a8-29de0a16e8c5,2025-05-07,1078.48,fashion,0.317,UPI,0,18,0.333,metro,1,4,afternoon,0.35941268307576457,0.2231,0
e22159a4-ced7-44c0-a0b5-ea49fcba5986,c96a9e4f-f6e2-4582-900e-e47a05c7f83a,2025-01-21,2042.29,home,0.121,UPI,0,15,0.354,tier2,0,1,afternoon,0.45454338905514596,0.1067,1
6a4d64a9-4792-4fc4-8350-e10e237b244a,6d89b6da-05be-4f09-b2f2-542a975f2f53,2025-10-18,5478.52,fashion,0.431,UPI,0,10,0.208,tier2,0,4,afternoon,0.3016559281489719,0.0414,0
7544ad2a-0b33-4c75-953d-c3e158757fd0,fc9e341a-a365-4581-a9c0-db191af5f46a,2025-05-21,3338.12,grocery,0.477,COD,0,1,0.39,tier2,0,2,evening,0.40238115717858614,0.0637,0
dea530be-fd5a-4172-8a76-05b58f6d411c,d97949e2-16cb-45c2-93fe-d94e76f0dbc5,2025-08-17,1556.81,electronics,0.526,UPI,0,3,0.349,metro,0,1,afternoon,0.3355449419523954,0.0982,0
496b8ec9-3dc0-48fc-9819-88342d7776f8,b9ab6a4e-9e61-4225-8298-12bde10de7a7,2025-07-12,3087.39,fashion,0.595,netbanking,0,10,0.242,metro,1,7,evening,0.20154150931374812,0.485,0
0f3126c6-5aaa-4ee1-9ea5-6b44c24b18b0,b7fee608-f381-4167-a173-bf1ad38bdb79,2025-01-21,1146.51,electronics,0.297,card,0,13,0.077,tier2,0,1,night,0.05881659853496958,0.0408,0
b3e08da8-035b-4335-a4df-56dccddd8cb9,9770188e-26df-49a0-9585-a1ffa837217a,2025-05-20,5759.75,fashion,0.518,COD,0,8,0.188,metro,1,4,night,0.2537284053397563,0.3175,0
26399f6f-2cc9-4a76-8634-5a1eb4368531,5206e474-5d4f-487d-aaaa-b87df2281dbf,2025-07-30,337.61,fashion,0.438,UPI,0,2,0.0,tier3,1,7,evening,0.1720539793002365,0.248,0
0d3fad36-64dd-40a4-82ea-fd56373012fe,894cacb0-1a22-4a51-98a1-cbc234902593,2025-02-07,928.65,grocery,0.499,COD,0,2,0.056,metro,0,1,evening,0.06133481491675551,0.0849,0
f9afdeb4-7b01-4941-b2fc-86f3a0d43154,429a3593-a1f1-41a7-8879-ead65bd1838e,2025-08-06,517.15,fashion,0.421,UPI,0,7,0.214,tier3,1,5,evening,0.17602227586818103,0.2148,0
8a101eca-e204-4c3f-b584-ea323916f8d0,c42bc598-4a98-4903-948b-a9b78ea3bb53,2025-06-19,1246.09,fashion,0.134,COD,1,0,,tier3,1,4,afternoon,0.07153330527420901,0.4637,0
11f326d8-6140-43f9-861c-0a41a73d2808,70fbd7a9-7e4e-471f-a184-24d9cda9ee4b,2025-03-11,579.79,grocery,0.116,UPI,0,2,0.335,tier2,0,4,evening,0.28318456286061405,0.0415,0
a99d3391-86ae-4a9d-82da-c8002f6bad76,cd508d92-15fe-4a35-9c1b-37a278d36ea4,2025-09-04,250.0,electronics,0.304,UPI,0,26,0.316,tier2,0,4,evening,0.2771725532528444,0.0462,0
53708dd6-2d7c-4c6a-9ba2-4a72039b6fd7,fa4f8d42-a990-41f1-b060-eb5eb160d41b,2025-01-05,831.35,grocery,0.042,COD,1,0,,tier3,0,4,night,0.11565315745837781,0.2262,0
161a74e0-9854-4d47-befa-6db37855aa45,0ff3d3c4-7bad-4eb0-a3ea-a49b30616993,2025-05-09,250.0,fashion,0.457,UPI,0,3,0.457,tier3,1,4,evening,0.46113145613975703,0.4523,1
e49d0dda-01c1-4ba1-9862-25d439b2706f,c5d85ede-c256-42df-b993-35deb12a5516,2025-01-07,476.73,beauty,0.146,COD,0,23,0.42,tier3,0,4,afternoon,0.3517803851773976,0.4344,1
1d1b97e7-afc4-4308-93b2-8d280845fb6f,056e3d76-8183-4716-9184-151a4135f404,2025-03-13,675.27,grocery,0.716,UPI,0,12,0.362,tier2,0,1,afternoon,0.25703386186733934,0.0462,0
d05d1ab5-e0b1-41bb-8bf0-4e58eb9bca82,87c90f8c-18d5-41bd-a017-72dc3f5b1ad3,2025-01-22,4975.23,grocery,0.113,COD,0,11,0.36,tier2,0,5,morning,0.32765833124561905,0.0759,0
c8a96456-2276-45c7-962c-bafe5d44b8a4,9e5d4987-8d7d-4c47-8cdd-0d477afd0d41,2025-03-22,302.24,beauty,0.238,netbanking,0,11,0.132,tier2,0,1,afternoon,0.09221080951028436,0.0789,0
8dbb6dfd-34e3-487d-9ed1-b0c0ed79fd57,445901bf-0ebc-40a0-8471-e8dbff607138,2025-01-03,2267.06,home,0.111,COD,0,2,0.342,metro,0,5,afternoon,0.3522819979765525,0.0589,0
7a12cee7-f5a8-4ee2-86d0-6135977dc589,938245c2-8647-4454-aa1b-998878f08b78,2025-10-16,250.0,beauty,0.152,card,0,18,0.32,metro,0,2,night,0.29048499029100583,0.0523,0
9d8a95b8-d090-4d57-b089-1913f3c7bf35,584f334e-48dd-4f27-a4f0-094f67166b6e,2025-01-11,306.12,fashion,0.356,UPI,0,7,0.43,metro,0,5,evening,0.3900564499123696,0.1269,0
86abfdf6-7667-4f71-925f-bbc281960587,d58ed780-65ee-4c51-be5d-39ded6ec4c3d,2025-04-24,364.99,fashion,0.059,card,0,9,0.319,metro,1,3,evening,0.3745706193331196,0.2185,0
f96f80a8-6506-4519-b827-377782d665fe,a2a6e4a7-73f0-4f60-8023-1d364c305e4d,2025-04-27,6506.16,electronics,0.575,netbanking,0,18,0.174,tier3,0,5,night,0.23228588338828865,0.0283,0
3469a9b1-d8aa-418e-abc9-c3700b293ba4,19407932-d8b1-4cf9-823a-27cc0a751c71,2025-07-24,617.92,beauty,0.228,UPI,0,9,0.323,metro,0,1,morning,0.24939791763606534,0.0414,0
569566c7-08fb-4f93-8252-833be19954d4,359835d2-74a6-4ae7-bdf8-2bdc4ed675dd,2025-06-25,1067.98,grocery,0.122,UPI,0,9,0.047,tier3,0,5,afternoon,0.05662677973259444,0.017,0
f3af2d95-9ff7-4817-acfc-be62ff1ff1e0,e2845fad-4462-4694-a0bf-742b4e105928,2025-09-30,341.06,fashion,0.443,UPI,0,2,0.03,metro,1,5,afternoon,0.04088977977161757,0.3092,1
6229d775-b9e2-463e-a93e-ae89d0d48bb1,b3cf3447-78bb-4c56-ad60-4b6d8aa2c4ed,2025-06-10,2057.21,beauty,0.198,UPI,0,1,0.399,tier2,0,4,night,0.49997027811458317,0.1022,0
8ba470d1-f1c1-4c45-a3a9-389796ef7d60,5a633e28-f5a6-4ba7-ad44-926d3c088ff1,2025-08-21,2499.67,grocery,0.068,COD,0,7,0.218,tier2,0,6,evening,0.15422316215847254,0.0557,0
032fd401-39c2-41bf-954f-6cde05d4139b,6998bf5b-2957-4b20-9fbb-95e19c4d485a,2025-07-22,413.3,home,0.292,UPI,0,8,0.375,metro,0,1,morning,0.2923331864352393,0.1176,0
8fff632f-7f50-46b3-b5dd-6a979053df77,83fe6a19-57b5-4519-982d-d7d7bca39396,2025-03-11,620.4,home,0.081,netbanking,0,12,0.32,tier2,0,4,afternoon,0.26357426902472036,0.0374,0
3f176fbc-2dea-464e-8578-5a03b4358bc0,a426c8c9-d502-449a-b27f-7fdb3c29bf5a,2025-04-18,815.26,home,0.32,COD,0,1,0.202,tier2,0,4,afternoon,0.17228835136124024,0.4285,1
9cb7e344-ffc2-4f66-8304-01ed3e077a89,67939c94-864b-476c-adbc-b69702fdd112,2025-05-18,250.0,fashion,0.337,UPI,0,11,0.398,tier2,1,4,afternoon,0.3325622338548419,0.5711,0
b5ae92d2-fbba-44b2-869a-5d4c1acbd5a9,9ed30459-baa2-46a2-ad3b-80868919e0f4,2025-02-27,460.84,beauty,0.286,card,0,2,0.229,tier3,0,6,morning,0.22367316697863052,0.12,0
0ddb85f7-b43f-4405-9848-56c317ac9704,b7fee608-f381-4167-a173-bf1ad38bdb79,2025-04-01,465.58,electronics,0.466,COD,0,14,0.189,metro,0,3,evening,0.05881659853496958,0.1724,0
8df53471-7dd4-47e6-a6d6-da45ede3acf1,cda74f38-f117-46e6-86c1-27f5329aede0,2025-06-06,1041.26,beauty,0.462,UPI,0,5,0.487,tier3,0,7,evening,0.5362129046914219,0.2574,0
d98622b0-866c-40f3-882b-4f1935d465c8,809440e5-dc7b-48de-8000-53ac94935dec,2025-07-02,1443.17,grocery,0.555,UPI,0,7,0.324,metro,0,3,morning,0.17298841463602524,0.0324,0
d2b0286d-fa26-4006-9589-6878fefa4fec,2286f067-3fb8-4d9d-8502-469f39a46441,2025-02-21,4707.76,electronics,0.462,UPI,0,20,0.31,metro,0,5,evening,0.2798863894924076,0.0721,1
a901d1b8-0dbd-4dfa-a6b6-7bf403bd11c5,69021a82-6d98-4eb8-95ba-5cdc432d316a,2025-03-08,13423.65,grocery,0.341,COD,0,2,0.439,metro,0,3,afternoon,0.3666490656306323,0.0081,0
ae83c27d-5f49-4957-a723-2ba73096cd8b,a6d7cc39-c408-4a35-a826-06da3efd2983,2025-08-25,746.73,fashion,0.082,UPI,0,5,0.377,tier2,1,4,evening,0.3734683492632352,0.1849,0
bb814bca-e281-4538-b8e4-5bfd37cb3dd5,835b4038-88dc-4965-b6b8-921d3b0ad19c,2025-05-08,664.53,fashion,0.099,UPI,0,30,0.205,tier2,1,2,afternoon,0.18168234468688693,0.2259,1
d0835116-1f93-4f95-8247-e2a75492e38c,767607d0-4d2d-44a6-b6ef-7324a793d146,2025-10-05,2327.55,fashion,0.255,UPI,0,2,0.043,tier2,0,4,afternoon,0.03200477582582108,0.1738,0
acf2c4a8-b474-4893-9e2f-324502e75a4c,7b8bbb80-9288-4110-8551-1cae9b4fc549,2025-03-02,1926.57,fashion,0.087,UPI,0,4,0.045,tier3,1,6,afternoon,0.13908231984528782,0.3401,0
e6cd8aa3-96c1-4d82-87de-0d6ca4175236,92f8f8f3-1a19-41b0-9888-9ad14e0b35ba,2025-03-02,3398.37,electronics,0.36,UPI,0,12,0.206,tier2,0,2,evening,0.14720873128711998,0.0291,0
ea80f149-4a9e-467c-8a04-ad89861e1278,0fba06d8-d561-4e1e-8221-f56fd92a018c,2025-03-21,270.86,fashion,0.249,COD,0,10,0.609,tier3,1,3,evening,0.41585134920398,0.5649,1
bc492d93-bc45-4106-872f-8e857d7b1058,d56f7193-f59e-423c-9468-0a8efe5cd8c9,2025-09-20,382.43,fashion,0.12,COD,0,3,0.364,metro,1,4,morning,0.394675253137179,0.3781,1
3df85f53-95f4-4b85-99dd-117ee1f998b9,9e94bd7f-0751-4b3d-8ad4-2e1e913839e7,2025-05-30,3402.69,home,0.313,card,0,5,0.352,metro,0,1,night,0.3358319706571889,0.1256,0
1bc0cc2c-755f-430b-af11-dd4a6af12ca1,cd508d92-15fe-4a35-9c1b-37a278d36ea4,2025-02-25,1328.51,fashion,0.409,card,0,27,0.157,tier2,0,3,night,0.2771725532528444,0.1744,0
6ed1b188-6bfb-4b4d-a7cd-c1e3ad186abf,c987e835-2514-40cd-834c-f4d2261dd56b,2025-10-02,1147.24,fashion,0.071,COD,0,19,0.034,tier3,1,6,afternoon,0.06015710717930573,0.7959,1
0ce4c4a4-73bc-480c-8f81-7d78b74c85ed,359835d2-74a6-4ae7-bdf8-2bdc4ed675dd,2025-07-07,652.41,home,0.176,card,0,10,0.265,metro,0,2,afternoon,0.05662677973259444,0.0754,0
96db345e-528c-4e63-9614-7c73352af12d,328a3f2e-4f4c-43bf-9e08-f4acd5615061,2025-07-19,886.38,fashion,0.111,UPI,0,5,0.123,metro,1,1,morning,0.12950940053657903,0.2942,1
ae613168-65a5-455f-bee1-e66f7db16268,e75b5a37-ac60-4066-a040-3617f0d903ea,2025-09-29,410.44,electronics,0.16,COD,0,16,0.177,tier2,0,2,afternoon,0.24645297721478737,0.1242,0
52cbb4d4-4f74-4c9e-b46a-bbd2dfa3f3a9,b01e41e4-d9e6-44b4-9cd5-b93bcad02d3e,2025-10-01,5500.31,fashion,0.593,UPI,0,2,0.127,metro,1,3,evening,0.12605441282590366,0.0996,0
deb445a9-f420-4bb8-9b16-7c5dc4c10b7c,3396f583-20d7-4d8a-83aa-dff5b5ea02d4,2025-01-21,1119.72,electronics,0.16,card,0,6,0.03,metro,0,5,morning,0.032458508417533755,0.1034,0
764acfd3-d763-44a0-b219-951b99572749,912383ff-d344-436a-862e-61ab640188b1,2025-04-15,2464.77,fashion,0.206,COD,0,10,0.726,tier2,0,4,evening,0.668440832463893,0.2514,0
baf434ed-e142-4d9a-8401-7c5257e4503d,584f334e-48dd-4f27-a4f0-094f67166b6e,2025-03-16,275.54,electronics,0.235,netbanking,0,8,0.386,metro,0,1,evening,0.3900564499123696,0.0736,0
54a4fa93-2d4a-4e6c-b471-1917686b8e5a,7f51804d-0307-4367-8d0c-719db1094ae8,2025-04-12,1944.12,home,0.46,COD,0,10,0.259,tier2,0,3,night,0.21082490652703922,0.2447,0
52f1dc5e-5af6-4b76-8f65-377a43332f09,46403c97-9a4e-49b6-b0d7-3e6899cc1250,2025-04-25,317.59,electronics,0.463,card,0,2,0.243,metro,0,4,evening,0.17336200340258245,0.0501,0
dc63e094-d512-4d10-95b2-5761b93f935f,e6b84507-0320-4dab-b918-04a7dcb15931,2025-09-09,1699.5,fashion,0.507,card,0,10,0.394,metro,1,3,night,0.27966983742156076,0.3427,0
1e3492a9-ae9c-46dd-b466-8796a2c45911,c0ad9749-7526-4f9f-8e47-2c1619a7bb5e,2025-01-17,3144.37,fashion,0.158,COD,1,0,,metro,1,4,afternoon,0.4024591935367866,0.5176,1
91c62bb9-550a-43c4-a9e2-48b4c7fdd136,2286f067-3fb8-4d9d-8502-469f39a46441,2025-04-06,2394.36,fashion,0.274,UPI,0,21,0.223,metro,1,3,morning,0.2798863894924076,0.1057,0
ae0d5a95-b4c0-4fa1-8e11-118d98b965a8,e52e07df-4f5e-4595-95ad-af2d474a1973,2025-01-09,796.11,grocery,0.071,COD,1,0,,tier3,0,6,evening,0.46818673352621776,0.1321,0
a843a2b2-5f7c-461d-ba61-344c82807881,cba0fbf1-c8e0-4aa6-8a6b-48f3baba929d,2025-08-23,2442.93,home,0.126,UPI,0,15,0.417,metro,0,4,evening,0.3706024922013499,0.0675,0
4fd8e18b-b4bb-49a8-8835-9181779374f2,c5d85ede-c256-42df-b993-35deb12a5516,2025-04-13,891.71,beauty,0.363,COD,0,24,0.341,tier2,0,2,morning,0.3517803851773976,0.2127,0
439caa3b-6087-4998-beb3-4d00e34396b2,2bf1c610-a75b-412d-b0ce-9dc111d20e3c,2025-03-27,3603.57,grocery,0.1,COD,0,17,0.081,tier2,0,2,afternoon,0.27780100478810504,0.0291,0
9947aa7b-4f43-4591-ba93-20ad2928d7e8,f7a4e8a7-7220-4335-a86f-61df264e6a20,2025-01-19,250.0,electronics,0.469,COD,1,0,,metro,0,3,morning,0.07629969923959505,0.2493,1
54a366b0-c0aa-4292-b15a-ad2272be3e20,ee601db4-f23d-480b-a1c4-1c67f7f5affb,2025-05-28,647.17,electronics,0.55,UPI,1,0,,tier2,0,8,morning,0.0769127123959318,0.168,0
01549a70-4ba8-46e6-be28-53eb919bccc2,7ad27a3a-8478-4e6e-8267-856a59ca60a6,2025-10-10,937.31,fashion,0.023,COD,0,3,0.157,tier2,0,2,evening,0.24671647255501258,0.1917,0
e28227af-1f66-4d99-b872-af901867593a,99e318ff-1a69-4f68-addf-975990bd0414,2025-01-22,1355.24,fashion,0.55,card,0,22,0.228,tier2,0,3,evening,0.2434169799043869,0.0979,0
8349edcf-b14d-4cb1-bfc7-4ff26bb83d9c,ac8ee436-067a-4aac-8496-8e40cfb19bfd,2025-03-13,1344.79,fashion,0.513,UPI,0,31,0.355,tier2,1,2,night,0.2595265118239566,0.2985,1
33927ef6-6bc2-450c-b99f-d0f66aefe93f,0cba70d8-7b76-4a59-90e8-413b36d73797,2025-02-02,1984.4,home,0.117,COD,0,15,0.076,tier3,0,5,afternoon,0.21055725528180214,0.1798,1
f353c5a3-d7fc-4738-99ba-27ff125e7e41,bc085a64-9ee4-4a4a-ba18-bf9b6c5b5a59,2025-01-10,2735.73,grocery,0.378,COD,0,3,0.112,tier2,0,5,evening,0.20401397040683977,0.1,0
2468c759-828b-45c5-9798-0c4d0ed4d351,ff08f1a0-5c45-40a0-96db-07b451a14375,2025-03-24,1441.63,electronics,0.359,UPI,1,0,,metro,0,2,morning,0.34032658305918173,0.0949,0
945127c3-1d57-404c-9a0a-1b4adc7d2c64,a20df474-d4a0-4bf5-aa94-0fa372496968,2025-06-25,4776.97,beauty,0.066,COD,0,4,0.246,tier2,0,3,evening,0.28099909876364537,0.0719,0
63c2bac9-d153-45ca-8d44-ee63a5d93fb5,9770188e-26df-49a0-9585-a1ffa837217a,2025-05-30,1467.33,electronics,0.396,COD,0,9,0.119,tier3,0,6,morning,0.2537284053397563,0.3793,1
eb085f79-2ea0-4b46-aa0a-c0058e6b1ebb,be8e3722-c7d5-4b43-9715-82493f5ea53d,2025-02-13,4297.77,fashion,0.34,UPI,0,4,0.335,metro,1,3,night,0.354621720738092,0.2047,1
a210729c-8a89-4162-a9bd-988d77f07424,63d8dd12-39d4-4e1e-bdd7-72b1c1a0b1c0,2025-07-02,1935.27,fashion,0.147,COD,0,17,0.151,metro,1,3,evening,0.22490754943212576,0.3804,1
9873ce32-b747-43b5-98cf-79dddb2e6458,277a79e8-5c1c-4c5a-b093-506fa7146b60,2025-04-27,915.28,beauty,0.273,COD,0,2,0.228,metro,0,1,morning,0.16757657415686808,0.3337,0
ec727bbd-e3db-45e9-9633-fc67561d2f20,e75b5a37-ac60-4066-a040-3617f0d903ea,2025-06-05,2833.18,electronics,0.339,UPI,0,17,0.28,metro,0,1,evening,0.24645297721478737,0.0773,0
e5cf26d8-bd5f-4c90-9584-f21312aca4db,6fc8aff2-462f-4dc6-bb1f-7051df7b8179,2025-07-09,1918.74,fashion,0.488,UPI,0,2,0.34,tier3,1,5,evening,0.2830374206843244,0.4812,0
bec19dfb-e6e9-41d5-b266-f01aec231b78,f9852313-5fdc-437c-9c37-d03dbf8c8f0e,2025-01-13,250.0,fashion,0.207,UPI,0,5,0.195,metro,1,1,morning,0.13745108080776064,0.0703,0
bae436c5-bad9-41ef-997f-7a73ebf049ef,787739e4-6bfc-4e51-b3b0-26408d0e386e,2025-07-26,1168.63,beauty,0.333,card,0,14,0.388,metro,0,1,afternoon,0.3565159652552688,0.0749,0
5d5e5d7a-c3aa-4a47-b029-38d47a1cbd2c,17b4ac80-5793-4301-bfa9-f9aefc25fff1,2025-03-01,582.57,electronics,0.205,COD,0,11,0.057,metro,0,4,afternoon,0.12601617248198352,0.0443,0
df5077ba-343a-4a49-8752-2bbf050fe261,c6a0b833-3377-4046-a0dd-379e39f2778e,2025-08-03,437.01,grocery,0.276,UPI,0,4,0.36,tier2,0,2,afternoon,0.5079322839859531,0.0984,0
7754ae90-3d89-43c8-9e5b-1d71f4bb5c8a,f9691f62-eba3-4973-ac0d-3de0ec286d88,2025-09-15,1417.98,electronics,0.229,UPI,0,3,0.326,tier3,0,5,afternoon,0.33946126851350195,0.0575,0
cb99c541-a6aa-47e9-9aea-029d5ddf169c,a0d51492-1a9d-4d8c-bef3-c77305837da5,2025-09-08,1234.04,home,0.315,UPI,0,2,0.036,tier2,0,1,afternoon,0.07875622019451736,0.0367,0
90c7e83a-13dc-4c46-9460-0d519faa42b7,2b77e152-ac97-4061-9e6a-5abdc78bc29a,2025-02-17,642.19,beauty,0.168,UPI,0,17,0.297,metro,0,5,evening,0.29832839962512075,0.0871,1
6587b636-5dd5-4f7c-b526-4e7cfbb35c0d,00ee6a6c-7fdb-4d2c-971d-b1bfa29fc269,2025-09-11,1389.04,beauty,0.294,UPI,0,15,0.188,metro,0,5,evening,0.18608348760507418,0.096,0
afd0f358-ce5d-4a3b-b384-806fbf43ac7f,9d1d8bca-9218-4856-8619-cfee194da74f,2025-05-15,250.0,fashion,0.272,COD,0,27,0.272,tier2,0,6,afternoon,0.24874291058771908,0.4847,0
4c0539f1-9510-460f-8770-043ae9581ca6,4aa94a46-4510-4080-b9b0-34eb1ca77cd6,2025-03-29,391.67,fashion,0.065,UPI,0,3,0.071,tier3,1,9,evening,0.11496764830095485,0.2213,1
73d295dd-9a1d-44d4-90a6-bbc0089eae7f,99147503-441a-4858-9bd7-29926eb2f3c3,2025-09-12,853.19,fashion,0.636,netbanking,0,19,0.213,metro,0,1,evening,0.3870026797871902,0.3383,1
eca457b2-d05e-4539-9a36-a7248a72e143,a19b74ce-2dd0-448c-9596-cfd94fb916d8,2025-10-06,1630.91,fashion,0.213,COD,0,3,0.199,metro,1,3,evening,0.17240635799463866,0.3113,0
69519b2c-990e-4c10-bc43-11d3ed3e194f,c967d130-c116-4a5c-8589-391097b66b37,2025-01-28,342.24,electronics,0.159,UPI,0,20,0.064,metro,0,2,morning,0.04915448350944119,0.0129,0
0e43af8c-5ed0-4268-b9e1-120b81b6808a,5838baf1-7a04-4a52-9d9d-c2ef48187e91,2025-01-02,250.0,fashion,0.2,UPI,0,6,0.524,tier2,0,5,afternoon,0.5633005631276558,0.1642,0
a45400f7-6d4b-4877-b226-bd6010a622af,08aef544-c5e9-4643-9aa9-07339815a3b1,2025-06-23,560.05,electronics,0.329,COD,0,6,0.374,tier2,0,1,afternoon,0.3389478327833424,0.1719,0
93eeaf98-21fc-4946-887a-5d8d1343de06,d3db41bc-bf8f-46e0-94b1-984f27ff9af2,2025-02-24,391.27,electronics,0.208,UPI,0,29,0.536,metro,0,1,morning,0.33315409272597374,0.0987,0
8ad3fafa-6eea-4fff-bd1c-307d745bbca2,c1d72fdc-2ec8-4a56-acd3-5dc9168f5ab8,2025-02-18,1437.51,fashion,0.191,UPI,0,7,0.044,metro,0,1,afternoon,0.16482652189748134,0.1142,0
1c8f2091-f4be-4843-af68-da28d8fa9852,787739e4-6bfc-4e51-b3b0-26408d0e386e,2025-06-19,1272.68,grocery,0.366,COD,0,15,0.328,metro,0,4,afternoon,0.3565159652552688,0.0656,0
3c20b82e-9702-479a-a7c1-0faefad5e16d,6bfa235b-d4d0-446f-85d2-e8dc00a3d98f,2025-05-23,526.27,fashion,0.104,netbanking,0,13,0.696,tier2,1,4,night,0.6039320915435429,0.125,0
5a3ead79-d162-4607-82b7-9e298f3e895d,55b78563-2ded-4186-afbd-90362653b82d,2025-04-14,1531.89,grocery,0.208,COD,1,0,,tier2,0,2,afternoon,0.5597936769680356,0.4398,0
23e34363-b726-4281-b8e8-42e0bdc92f18,a05b51d4-cf4b-43df-8143-fc2defc4213c,2025-07-13,2870.94,home,0.449,UPI,0,5,0.231,tier2,0,5,night,0.13102794820675195,0.0824,0
04557acd-e9e9-45b0-80ce-9b115050cfca,dda5b132-3c35-48db-8feb-21f14075f104,2025-06-21,405.69,electronics,0.562,card,0,12,0.203,metro,0,2,afternoon,0.23310699843617838,0.0247,0
750748dd-73fa-4797-9d6d-318baaeb4a37,a202a749-e45e-4d7b-b9e4-97714e27bcb1,2025-04-18,1736.79,electronics,0.323,UPI,0,10,0.103,metro,0,1,afternoon,0.1838032082155034,0.0147,0
ba08beef-adc3-4f94-9d89-e3a64321f044,3c0df3e1-c239-441b-b4dd-153f99532574,2025-01-06,8302.1,electronics,0.18,UPI,0,9,0.583,tier2,0,5,morning,0.5866676553486984,0.0353,0
da46ae98-9d52-41fb-9684-d031b9a677ad,44408e56-9a11-44d5-8a79-5e1ddafd28e1,2025-03-05,2665.08,home,0.361,UPI,0,21,0.234,metro,0,2,afternoon,0.24706696213115537,0.0431,0
c15447c1-61af-4782-ac08-f0465210e268,05ff9cef-55e0-48f2-b972-3eb727c7b8bc,2025-02-21,478.87,home,0.308,card,1,0,,metro,0,3,night,0.03093946774227127,0.2687,0
e3f232c5-084d-4720-b8fc-ccc86a7b7d1f,906a171c-f8ef-4c41-9106-4dedffaed9e4,2025-01-02,332.74,beauty,0.281,UPI,0,13,0.219,tier2,1,2,night,0.14849469586761202,0.1346,0
9d058353-c977-4aad-9b06-a4835ce3f7f5,31b3bbb8-aa06-40bb-a71f-aa588c7ead90,2025-03-12,5447.04,home,0.187,COD,0,9,0.347,tier2,0,2,evening,0.23076225353726293,0.1063,0
ad111b71-656c-44e8-b168-49735e70980f,2bf0d062-3044-43ad-afc7-95617e9ef54d,2025-06-15,638.56,home,0.251,UPI,0,6,0.311,tier2,0,7,evening,0.24614417619698423,0.0798,0
ed25d7eb-3952-477f-ba89-5cd163667fbf,ccb655d6-cf38-407a-8bc7-0e7e075b7b40,2025-09-19,5718.7,home,0.205,COD,0,7,0.311,tier2,0,3,evening,0.24986565117884016,0.0987,0
6a539188-3eb0-4079-be36-c5d6b49c9037,6bf452e9-0173-469d-bfec-d17e576fd561,2025-02-25,9364.74,fashion,0.378,COD,0,9,0.125,metro,1,5,evening,0.11826527161057414,0.1769,0
5d342838-65dc-4b49-92ff-7ce3919c932d,8c24e923-2dbf-4f43-b0b2-6e851d21fa34,2025-08-03,1261.35,grocery,0.228,COD,0,24,0.067,metro,0,6,evening,0.10820090543681238,0.1417,0
e5b1a233-e7c4-442c-9062-35d537a552ae,195d09db-3869-4cad-9b66-f224746d5e53,2025-04-05,2652.51,home,0.534,COD,1,0,,metro,0,1,afternoon,0.3702859929902147,0.447,0
9a875d3a-e1d5-4421-ab73-83d3d38ec5b1,a87c4e0a-d519-4ce1-a149-fe0f406dbb4b,2025-06-21,250.0,electronics,0.144,netbanking,0,2,0.155,metro,0,3,morning,0.1339182046543242,0.0383,0
c91b0c80-fd47-4be1-9cbc-324759b8bcff,46c021ed-36fe-45b9-9d68-1bcdcc001bcb,2025-01-28,2531.92,beauty,0.379,UPI,0,1,0.367,metro,0,4,afternoon,0.4369142138857339,0.1393,0
f8e8b86c-8b80-4889-8bdd-93478936fc81,7a4fc53b-21ff-41ad-a5a9-02767753a86c,2025-09-26,4316.62,fashion,0.363,card,0,1,0.151,metro,1,5,afternoon,0.1542229457137064,0.2496,0
93e57b15-2ba7-49c8-8bbc-bb11e5acf8c6,0b6f3e2b-84fe-456b-ad93-ffcb76fb728f,2025-07-27,5748.45,grocery,0.2,card,0,27,0.23,metro,0,1,afternoon,0.19762424986659227,0.0051,0
f6be7116-fa1b-4c73-85f4-e9349685266f,7d3a9b66-b1bb-44b5-8a13-b20768503009,2025-01-03,2645.62,beauty,0.302,COD,0,5,0.0,metro,0,3,night,0.11388016972116154,0.0863,0
06621d97-bae4-4076-b584-d430e3be4519,6c3f0a1a-8fec-42d8-96f9-176f7e65ba57,2025-07-12,2441.23,fashion,0.389,COD,0,7,0.211,metro,1,2,afternoon,0.2765406569294239,0.4511,1
690c4d50-0655-4be2-bef8-ae11ad2060e8,b7fee608-f381-4167-a173-bf1ad38bdb79,2025-01-03,352.93,fashion,0.36,card,0,15,0.096,tier2,0,2,afternoon,0.05881659853496958,0.1283,0
2e608be9-6392-4ecb-a930-9d16b1f7fc19,a0d51492-1a9d-4d8c-bef3-c77305837da5,2025-04-09,2151.81,fashion,0.252,COD,0,3,0.0,tier2,1,1,afternoon,0.07875622019451736,0.2567,1
1deeedac-b3c9-4cc5-b781-75ce3a622b99,039d6dca-0464-482f-87cb-0f4ec3ec4ddd,2025-08-28,250.0,fashion,0.384,COD,0,2,0.075,tier3,1,5,night,0.2241974074982748,0.2739,0
93c7e691-6656-48b0-99ac-377f6e182dd9,809440e5-dc7b-48de-8000-53ac94935dec,2025-04-16,2128.72,fashion,0.546,COD,0,8,0.118,tier3,1,4,night,0.17298841463602524,0.517,0
ec4c866d-5378-4c64-bdbb-1e6c97443b88,3a457f70-d47f-43a5-88c5-b74c7d8ab2dc,2025-03-22,2446.63,electronics,0.607,COD,0,4,0.239,tier3,0,6,afternoon,0.3408921063238981,0.3698,0
99c0a80d-62fb-41a6-90ea-da4beee50dbd,4d47ad50-ed68-4545-af4f-485a9b29b711,2025-09-28,4720.08,fashion,0.211,COD,0,21,0.26,tier2,1,2,night,0.21989011196511407,0.5295,0
e03f52f3-85e8-47e1-a9a4-e60a1f9d015c,5a71659c-1263-4448-8731-60f1df983197,2025-09-18,418.31,fashion,0.315,COD,0,30,0.423,metro,1,6,evening,0.4468118022423648,0.6296,0
ad31521e-8432-4fd5-8bb2-ddd8537c1a2b,56a30258-3565-44b2-a8d7-1d0adece59a8,2025-01-29,17783.04,fashion,0.295,COD,0,14,0.139,tier2,1,1,afternoon,0.1548544510371693,0.0603,0
afe4aa71-0936-407c-82c3-d8786dd8cf53,0f376e8f-3acc-439a-9351-a8dcaf0aef51,2025-07-21,718.77,home,0.277,UPI,1,0,,metro,0,3,morning,0.29435576014073195,0.1024,0
59e5dabe-b1ed-4cbf-9c30-d3f212c962ce,c35917e3-aa41-4cb2-9a55-27d4893431b1,2025-08-25,638.89,electronics,0.384,card,0,7,0.493,tier3,0,4,afternoon,0.4237639813012678,0.1285,0
bdb31955-d7ea-4e6a-9f0c-2eb8eb9e5026,ded4396a-49de-44e3-a773-49b635f42e59,2025-04-21,3043.72,fashion,0.313,UPI,0,10,0.626,metro,0,4,afternoon,0.5527709467025828,0.1228,1
2abe9d25-38cf-4efe-8861-5fab3b7d7873,5a633e28-f5a6-4ba7-ad44-926d3c088ff1,2025-08-04,5428.42,beauty,0.401,card,0,8,0.123,metro,0,1,evening,0.15422316215847254,0.0583,0
a0871925-e85f-4957-8627-665ca74db1c8,0cba70d8-7b76-4a59-90e8-413b36d73797,2025-02-12,634.14,electronics,0.111,UPI,0,16,0.259,tier3,0,2,afternoon,0.21055725528180214,0.0729,0
4dd7215f-d44a-47b6-bf06-5f7ae944c378,6b914b9c-926e-4431-b82e-f178aae9d5c0,2025-10-19,349.56,beauty,0.268,COD,0,16,0.249,tier2,0,4,afternoon,0.2677657562695904,0.4433,0
1353b54e-8300-4afc-9d28-133944580f55,9e244b29-e59a-4151-9944-d0558be18f54,2025-08-11,3728.81,fashion,0.189,UPI,0,7,0.434,tier2,1,2,afternoon,0.3174880999559512,0.2155,0
27db9a3c-315f-4351-b7c4-ffdd205a8290,f5069c4e-0691-43d9-b3e0-3efe7073ec31,2025-07-10,1180.15,grocery,0.605,netbanking,0,16,0.053,tier2,0,1,evening,0.03542903995029727,0.0551,0
1d6fcb43-1bca-48d8-8887-b8144d01fa1c,0b6f3e2b-84fe-456b-ad93-ffcb76fb728f,2025-01-29,1295.33,fashion,0.109,COD,0,28,0.263,metro,1,2,morning,0.19762424986659227,0.191,0
5159def4-f255-48e9-9ed8-f0d76d3ab536,8f7406c2-6849-4d3e-92b7-6e3b17489d67,2025-02-28,2024.67,fashion,0.337,COD,0,8,0.356,tier2,1,3,evening,0.3269451502115473,0.5666,0
264c2774-55ae-4d17-aefd-8d6ca0dac9dc,3262b713-ea11-4e4d-9da2-2688e2cb903b,2025-04-29,323.79,electronics,0.212,UPI,0,1,0.081,metro,0,1,night,0.16468907167168612,0.0574,0
d8487d1e-1fb4-46ee-ba83-942b1d1cb7ad,98389b8b-658b-4eca-b919-9c37c2dbce1f,2025-05-10,1084.66,electronics,0.057,UPI,0,10,0.063,metro,0,2,evening,0.04552205229964168,0.0253,0
99efa4a9-5657-40ff-83be-bee9149e94ef,98389b8b-658b-4eca-b919-9c37c2dbce1f,2025-07-29,250.0,beauty,0.187,UPI,0,11,0.044,metro,0,3,afternoon,0.04552205229964168,0.0516,0
194bba9e-f65b-4908-a304-70184017053d,b8d02904-601f-4dd7-a3d1-5fb98038da28,2025-01-31,2524.01,beauty,0.366,UPI,0,4,0.153,metro,0,1,afternoon,0.10839420542924075,0.0553,0
90ba4a0b-ebcf-4fa3-bdc0-ca39e19e2921,e1a003ea-5c5b-42d1-ba24-ccd143e04a66,2025-07-08,1189.83,fashion,0.382,UPI,0,3,0.503,tier3,1,5,afternoon,0.44476856839523915,0.6477,0
6df9cbe7-1351-4190-a3a7-24449c7249a0,0cba70d8-7b76-4a59-90e8-413b36d73797,2025-09-10,5095.03,electronics,0.319,UPI,0,17,0.366,tier3,0,6,afternoon,0.21055725528180214,0.0253,0
8190d720-614e-44cf-ba03-165c7f92e2b5,a4db88e6-ae16-4748-b823-872ab1d4baca,2025-03-16,2408.38,home,0.388,COD,0,5,0.317,tier3,0,6,evening,0.23943546554719444,0.4896,0
76a6fc07-f8f0-4011-b85c-58657c2c30b7,3ed33650-72f1-4c12-8a0e-6d951ecb1307,2025-05-14,6292.88,home,0.072,UPI,1,0,,tier2,0,1,morning,0.11081812330422901,0.0719,0
50539b83-ed46-4ef0-8640-60d01fc0b094,4c4f2800-1fc4-4701-bb18-1c82517eb39d,2025-09-03,888.48,beauty,0.522,UPI,0,5,0.082,tier2,0,5,morning,0.12149518069965874,0.0844,0
a4d04adb-1a2e-44f7-8e38-52e1618a668e,5e758f8f-c2ad-4e0c-b4fc-026916c24854,2025-05-05,1525.04,fashion,0.193,card,0,30,0.0,tier2,1,3,morning,0.048627470043128354,0.1828,0
9e551c54-16aa-4b87-a888-b77822448fd9,b5613467-d329-4102-b724-eb47dc04ed5f,2025-03-23,2977.93,fashion,0.218,COD,0,8,0.042,tier2,1,4,evening,0.2676344641423701,0.3815,0
f752c220-f6ea-489b-918c-4869ea273cdf,a4db88e6-ae16-4748-b823-872ab1d4baca,2025-10-20,250.0,home,0.295,card,0,6,0.23,metro,0,5,night,0.23943546554719444,0.0413,0
07c7cc5f-dce9-43f0-bf99-dc2e8f702b57,f45b091a-9cb1-4a31-93be-6a3c7b54a42d,2025-02-17,1645.07,fashion,0.13,card,0,3,0.166,tier2,0,5,evening,0.15829274806408117,0.1485,0
bc693dae-492c-48fd-b80f-12112b6a4781,6c3f0a1a-8fec-42d8-96f9-176f7e65ba57,2025-05-27,1248.2,fashion,0.322,UPI,0,8,0.228,tier2,1,4,evening,0.2765406569294239,0.2666,0
fef5bdc2-f462-43f9-b3a1-3fa911a4e7de,5b28faec-c3fb-4eb8-91fd-16aba77c9614,2025-04-14,1849.28,fashion,0.254,UPI,1,0,,metro,1,3,afternoon,0.10726439398882659,0.2362,1
f18a75ce-b393-4bd4-ab51-34c8078de632,a111ab22-4c88-4d83-b499-448d82133ae3,2025-04-05,1678.87,grocery,0.166,netbanking,0,10,0.298,tier3,0,5,morning,0.2568909066288726,0.0776,0
55770aba-7ae0-43fa-803c-79ea42ec1157,f3145bea-0697-4659-8b9e-3e13d84ec40f,2025-06-26,20000.0,fashion,0.461,UPI,0,4,0.167,tier2,1,1,evening,0.19519031892731586,0.0304,0
e8c6f861-e680-4135-8219-cf51949c8c31,c86a75f4-eea7-4fce-b017-88f6e68c8ccf,2025-07-12,250.0,electronics,0.216,card,0,9,0.27,metro,0,1,evening,0.32801543383093573,0.0653,0
e055584d-a1e0-459e-92b2-08294fcc8ce0,c6829464-1335-46ed-adb7-4a3c9b07a5a8,2025-09-19,5270.87,beauty,0.21,UPI,0,8,0.271,metro,1,1,evening,0.2732031279049196,0.1343,0
e21d200b-2b5e-4d29-9305-b9d766b9cac8,5192ac9a-c7a8-48db-bb73-9ce757c9e6ea,2025-10-01,622.5,home,0.205,UPI,0,2,0.122,metro,0,6,evening,0.10300308681977859,0.0655,0
50e0696b-1846-4ea8-88ce-4b663f1d3241,d2e06185-41b3-4488-a0c7-7165ae31370e,2025-09-05,775.9,fashion,0.347,COD,0,18,0.516,tier3,0,5,morning,0.4955830568370258,0.6421,0
21c5771c-3820-4ff4-80ce-33946e6d0a82,8b84f422-bb78-4d5b-8e7c-ee05fa3b7db7,2025-10-15,250.0,home,0.182,COD,0,5,0.223,metro,0,2,afternoon,0.130383422505818,0.2255,1
1dabefaa-9081-4130-a566-13657e05f539,00ee6a6c-7fdb-4d2c-971d-b1bfa29fc269,2025-05-23,3437.13,fashion,0.25,card,0,16,0.188,tier3,1,4,afternoon,0.18608348760507418,0.1398,0
cf8faeac-19ea-4e6d-8990-4cf9bda4dbe8,40842a00-ef3b-4689-9811-b9d52c77638b,2025-07-30,674.53,grocery,0.319,UPI,0,4,0.081,metro,0,2,morning,0.15250618963621082,0.0218,0
c7d2a094-35d5-48ed-9cc7-f5f0a7906741,6dc5134b-6c84-4084-ad9c-5cfbc77e8a21,2025-07-24,2239.8,electronics,0.378,UPI,0,6,0.357,metro,0,2,evening,0.31538639948094277,0.0443,0
d211a0ce-a6de-4fc5-88ba-d3b7ac0ec6d8,6296a5bf-1d0d-4787-913b-ade30d6d7648,2025-07-03,2495.77,beauty,0.109,UPI,0,3,0.275,tier2,1,6,night,0.2810349509629501,0.2881,0
51e1dda0-839d-4590-8d63-ae87e65b836e,9367bd08-231f-4959-95da-cf979f7ee187,2025-07-18,1095.55,electronics,0.314,card,0,5,0.195,tier3,0,3,night,0.3052133289526958,0.031,0
4434960d-ebf9-4659-a404-9495940a0979,056e3d76-8183-4716-9184-151a4135f404,2025-04-06,4659.1,fashion,0.347,netbanking,0,13,0.28,metro,1,2,afternoon,0.25703386186733934,0.1775,0
8d4b6f28-da85-4e52-b21d-a4a416bba43a,9e244b29-e59a-4151-9944-d0558be18f54,2025-05-27,1317.03,electronics,0.091,COD,0,8,0.324,tier3,0,5,afternoon,0.3174880999559512,0.2902,0
3b82d4ce-309c-4db5-8e65-43f2155d5ebc,59265d36-e12e-4bfc-b8a8-29de0a16e8c5,2025-04-06,4558.97,fashion,0.405,UPI,0,19,0.37,metro,1,3,evening,0.35941268307576457,0.1009,0
c5a27de5-40d8-48b9-a255-2b85ea0c690d,6bfa235b-d4d0-446f-85d2-e8dc00a3d98f,2025-06-10,420.57,fashion,0.212,card,0,14,0.492,tier2,1,3,evening,0.6039320915435429,0.34,0
83acb8b9-a9e6-4231-bb93-b51b50de5166,98389b8b-658b-4eca-b919-9c37c2dbce1f,2025-04-19,4633.95,electronics,0.139,UPI,0,12,0.056,tier3,0,2,morning,0.04552205229964168,0.048,0
6037b536-8b1a-4f34-b5e1-2e6e298da814,17b4ac80-5793-4301-bfa9-f9aefc25fff1,2025-09-26,566.16,fashion,0.258,card,0,12,0.162,tier2,1,8,night,0.12601617248198352,0.2272,0
f53411ae-de13-42b6-8915-7d08295e5006,a65430c1-b88c-4a75-8504-7fad44dca109,2025-09-09,1385.36,electronics,0.174,COD,0,7,0.231,tier3,0,7,evening,0.18723773115835693,0.2018,1
5d257053-11fe-4e51-aae7-5ea719d76956,aa5a6f5e-380c-4ba0-8ed5-06cf5919dea1,2025-05-18,901.55,fashion,0.153,COD,1,0,,tier2,1,5,afternoon,0.13977477266415714,0.6085,1
371cf20a-df25-41f5-833c-0bac246b5c6b,e8236567-e21a-46bf-9ba0-de610564b03d,2025-08-28,1731.75,fashion,0.069,COD,0,11,0.057,tier2,1,1,night,0.0912579377429543,0.1904,0
ca8ac8b6-72a4-4390-ab76-6f4683de593e,06685c5f-2341-4003-97cd-809136d21d44,2025-01-19,250.0,fashion,0.565,COD,0,12,0.298,tier2,0,1,evening,0.391147140695262,0.4439,0
19d6d1cb-37f8-4d9d-a96e-5c7eaf3b0bfe,a87c4e0a-d519-4ce1-a149-fe0f406dbb4b,2025-04-14,2229.9,home,0.258,UPI,0,3,0.025,tier2,0,2,night,0.1339182046543242,0.0317,0
0669b21e-370d-4f47-bcf4-f01fae202d03,906a171c-f8ef-4c41-9106-4dedffaed9e4,2025-01-20,2253.71,home,0.26,UPI,0,14,0.277,metro,0,2,afternoon,0.14849469586761202,0.0214,0
8ca4465d-37ad-405f-92bf-3b4661df5778,d58ed780-65ee-4c51-be5d-39ded6ec4c3d,2025-10-24,728.62,fashion,0.159,COD,0,10,0.424,metro,1,1,evening,0.3745706193331196,0.6726,1
93431192-040b-4429-a0ba-baed4f31ee08,8f151c93-ac72-4837-b003-315c27a0dd24,2025-03-17,612.35,beauty,0.184,card,1,0,,tier2,0,2,evening,0.015741543537136977,0.2103,0
0b4c2ff1-2452-43c9-818e-8a7e6aa73954,9ed30459-baa2-46a2-ad3b-80868919e0f4,2025-05-09,568.67,fashion,0.236,UPI,0,3,0.183,metro,1,2,evening,0.22367316697863052,0.154,0
bd799a7b-c641-4c26-9156-3043091deb8f,13182ea4-be24-4b97-856d-8d507c92c272,2025-10-09,9280.97,grocery,0.167,card,0,2,0.169,tier2,0,2,afternoon,0.25921265445369807,0.0055,0
2db58071-b9fe-4d5a-b3f8-f7ede117c9d2,835b4038-88dc-4965-b6b8-921d3b0ad19c,2025-09-01,4835.78,fashion,0.291,COD,0,31,0.248,metro,1,1,afternoon,0.18168234468688693,0.2484,0
15de7743-a647-41e8-a66e-dfd806ce0027,ce8ac74b-c6d0-4367-a531-d43bfe5b2bf6,2025-01-26,1419.61,fashion,0.285,card,0,13,0.366,metro,0,3,morning,0.32830159764792616,0.0851,0
7490f3b5-611e-40b2-b41c-2ef7fe27883e,e4fc2035-70f1-45b1-82d0-0ee396f0a984,2025-03-07,14579.4,electronics,0.164,COD,0,17,0.306,metro,0,1,evening,0.21199326223067969,0.0135,0
3e5291c4-cd3b-430a-9d9f-76c43b4c131f,4e7e2663-eb2c-432d-96ec-3f130e2e0946,2025-07-15,250.0,fashion,0.16,UPI,0,14,0.436,tier2,1,3,evening,0.3858310964520147,0.1826,1
22350817-8b8c-44a8-bc19-057449755549,809440e5-dc7b-48de-8000-53ac94935dec,2025-09-01,1685.4,fashion,0.25,UPI,0,9,0.326,metro,1,3,morning,0.17298841463602524,0.262,1
a2393238-fe5a-4216-8050-69472c70b5bf,6c3f0a1a-8fec-42d8-96f9-176f7e65ba57,2025-01-21,250.0,fashion,0.353,UPI,0,9,0.435,tier3,0,6,night,0.2765406569294239,0.1215,0
3e167331-8ed0-4f1c-966b-be515b34cc76,be194749-c270-40eb-9ff8-a980595ca209,2025-01-16,1723.98,fashion,0.186,COD,0,2,0.222,metro,1,3,evening,0.15358953817365018,0.3772,1
83560bf4-dc00-4f51-9001-0b734a621a1d,735fdab8-3c31-4c12-8344-b632847001e7,2025-02-20,519.82,fashion,0.286,card,0,11,0.651,metro,1,3,afternoon,0.6231863021915255,0.2499,0
713b78c7-9930-435d-acc9-7756655201d0,0cba70d8-7b76-4a59-90e8-413b36d73797,2025-08-22,394.61,beauty,0.378,COD,0,18,0.304,metro,0,1,morning,0.21055725528180214,0.3786,0
b39ad413-b479-4a63-be5c-aeb207f48a70,dda5b132-3c35-48db-8feb-21f14075f104,2025-10-25,531.85,grocery,0.369,UPI,0,13,0.368,metro,0,3,afternoon,0.23310699843617838,0.036,0
b1c9a0bb-4569-449d-b133-b1e9d5a68e07,5a633e28-f5a6-4ba7-ad44-926d3c088ff1,2025-08-05,948.43,home,0.194,COD,0,9,0.121,metro,0,6,morning,0.15422316215847254,0.1963,0
522f6978-29a3-459a-aa2b-6e5ce2f11f70,9ec97215-3253-4c47-821c-fe8a3b89d257,2025-04-15,5157.64,electronics,0.292,COD,0,5,0.171,tier3,0,4,evening,0.2511919731705291,0.0731,0
9799bde6-c0e2-4e77-9a17-26ddc50196da,787739e4-6bfc-4e51-b3b0-26408d0e386e,2025-03-11,999.49,electronics,0.291,UPI,0,16,0.317,tier3,0,6,evening,0.3565159652552688,0.2109,0
36fea731-a964-464d-aa80-59844ed77776,44408e56-9a11-44d5-8a79-5e1ddafd28e1,2025-01-19,2249.61,fashion,0.413,card,0,22,0.248,metro,1,1,evening,0.24706696213115537,0.1132,0
3e22954e-7a8f-4544-90d4-44bb7f43d222,d477e243-3255-42be-a122-a88f8d1ace77,2025-01-27,7150.31,electronics,0.226,COD,0,5,0.074,tier2,0,2,afternoon,0.14992661347758604,0.0336,1
f599fb00-f2c7-4b95-9afb-a9d83e3954a3,c96a9e4f-f6e2-4582-900e-e47a05c7f83a,2025-08-25,1249.75,home,0.535,UPI,0,16,0.532,tier2,0,3,afternoon,0.45454338905514596,0.1035,0
574a120a-9514-4a19-9971-e69a5a852bd6,cd508d92-15fe-4a35-9c1b-37a278d36ea4,2025-03-07,6937.56,fashion,0.124,card,0,28,0.104,tier2,1,5,night,0.2771725532528444,0.0724,0
2228ce43-00cd-4165-a194-66f43f565593,236d11d7-cc84-47c1-9d4b-15dd6891dcbc,2025-10-08,963.32,home,0.276,COD,0,22,0.257,tier2,0,2,morning,0.22121655786542901,0.2121,0
b0dcc525-14fa-43aa-aa3b-737936a49a7d,9d2096d1-96a7-40b1-b834-bd63f99029e7,2025-09-07,578.22,electronics,0.17,COD,0,6,0.208,tier3,0,5,night,0.15808045554802053,0.0792,0
71be39e3-c9f2-4081-9649-f87c9a9523fd,fef95b95-e8b3-4b99-bd01-70cdb0afe2fe,2025-08-25,12054.4,home,0.213,UPI,0,3,0.397,tier3,0,5,evening,0.3049431715733594,0.0115,0
8a4e1b4d-5080-4240-abe0-6207230aba3a,11eb7869-4707-43e9-b027-e2ca5551f9c8,2025-07-02,1999.3,fashion,0.377,UPI,0,5,0.0,tier3,0,4,evening,0.06885084713508903,0.062,0
e3b77bb5-9cf7-4e82-8144-984b031fd360,c96a9e4f-f6e2-4582-900e-e47a05c7f83a,2025-01-06,3178.71,fashion,0.364,UPI,0,17,0.407,tier3,1,4,morning,0.45454338905514596,0.1533,0
a54bb851-22ed-4bce-84a6-9f35087a6964,ec11d559-7980-4914-89e3-b56e72adba0b,2025-05-23,1020.66,home,0.452,UPI,0,16,0.258,metro,0,1,afternoon,0.1561219227039281,0.0572,0
dfa143fb-0cbe-4991-926a-71ca34a5124b,dea29f8e-ac26-475e-a225-300fac669ed0,2025-04-04,405.32,fashion,0.265,UPI,0,29,0.293,metro,0,1,evening,0.2211439005048725,0.2863,1
37b9b2e7-5719-411e-8dcc-35cecfee3f29,2286f067-3fb8-4d9d-8502-469f39a46441,2025-02-28,408.58,beauty,0.597,netbanking,0,22,0.291,metro,0,3,afternoon,0.2798863894924076,0.1614,1
fe38ae1e-3233-493b-b261-b57ee0e48696,63d8dd12-39d4-4e1e-bdd7-72b1c1a0b1c0,2025-07-19,250.0,fashion,0.111,UPI,0,18,0.31,metro,1,5,evening,0.22490754943212576,0.132,0
56a22e13-c73e-43ed-881a-cf1ab2866348,0c9b2f44-db07-40fd-a5e8-321ab5ffef6f,2025-10-18,2463.68,fashion,0.458,card,0,3,0.326,metro,1,4,night,0.2560233812776348,0.211,0
2b92d231-8185-485d-adcb-d6e6bc39afb9,4e40c152-4279-4fbe-8a2f-a127f5613ef3,2025-04-15,587.12,beauty,0.036,card,0,24,0.138,tier2,1,2,morning,0.08097222048102413,0.043,0
e3a766dc-0b4e-42d8-bac5-4fe8ba805caa,b5adb6ae-4bba-486c-b089-5405a79751a5,2025-10-23,666.25,electronics,0.181,netbanking,0,1,0.196,metro,0,4,morning,0.08802142828916741,0.0157,0
141b7ea5-6c54-4422-b272-de8710d83065,06685c5f-2341-4003-97cd-809136d21d44,2025-02-14,3058.97,home,0.383,COD,0,13,0.471,metro,0,4,evening,0.391147140695262,0.1371,0
888c56c5-98f4-4779-ac05-1a668f35cd34,e4fc2035-70f1-45b1-82d0-0ee396f0a984,2025-10-14,4856.49,grocery,0.235,COD,0,18,0.322,metro,0,4,evening,0.21199326223067969,0.0217,0
3e2a88eb-bfca-41a0-9551-4b7dc69241f6,5a71659c-1263-4448-8731-60f1df983197,2025-02-10,1524.82,beauty,0.158,COD,0,31,0.414,tier2,0,4,afternoon,0.4468118022423648,0.3469,1
3fbc6c94-f039-4432-b8b6-a8a62676ab5a,4e7e2663-eb2c-432d-96ec-3f130e2e0946,2025-07-13,309.93,grocery,0.118,COD,0,15,0.427,tier2,0,2,afternoon,0.3858310964520147,0.266,0
e3b9a862-0c10-4881-88c2-38964765a11b,30888fd2-16bc-4533-a06f-0e0d4ed50f9d,2025-07-13,4305.49,beauty,0.276,UPI,0,11,0.282,tier2,1,7,afternoon,0.22452854262691951,0.2283,0
f7771c03-e76a-49aa-b8db-174f688bbbe8,99e318ff-1a69-4f68-addf-975990bd0414,2025-05-09,15950.44,home,0.494,UPI,0,23,0.299,metro,0,3,evening,0.2434169799043869,0.0071,0
530d755e-2336-4f11-8c61-64e922de6e05,6bf452e9-0173-469d-bfec-d17e576fd561,2025-06-20,278.56,grocery,0.353,card,0,10,0.129,tier2,0,3,night,0.11826527161057414,0.0343,0
6c85ecaf-ac7a-4b78-a473-28e78e2fd512,adb45e54-c9f3-4b21-b54b-39616818eb97,2025-08-03,1339.74,home,0.475,COD,0,3,0.39,metro,0,2,afternoon,0.4600954461872477,0.3396,1
e64cbd17-005a-446b-9929-ef8f41cb9029,c86a75f4-eea7-4fce-b017-88f6e68c8ccf,2025-02-20,1384.06,electronics,0.5,UPI,0,10,0.322,tier3,0,6,evening,0.32801543383093573,0.1751,1
bc8bd1b8-0226-4fb8-bb7d-71df08dfc421,4df6a3b0-7a24-4c8d-9f36-45157f53066e,2025-09-10,2655.26,fashion,0.243,COD,0,5,0.396,metro,1,5,afternoon,0.42258989063174557,0.6446,0
1bf53a68-054d-4f3e-98ad-1e4865a61311,c5e8aef0-7362-4837-9a04-8b3fa7ff821e,2025-08-03,250.0,fashion,0.458,COD,0,20,0.376,metro,1,3,morning,0.5144941083307562,0.438,1
bcb1ad62-2446-4010-b8d2-528679e4dc80,544b57dd-aae8-4d49-a2dc-9382a2b7ff69,2025-09-26,2530.02,electronics,0.212,COD,0,10,0.0,metro,0,4,night,0.05655306904883348,0.0728,0
1a0f2687-258b-4759-aa12-123766d58f32,3262b713-ea11-4e4d-9da2-2688e2cb903b,2025-02-23,839.86,fashion,0.196,UPI,0,2,0.077,tier2,1,3,afternoon,0.16468907167168612,0.1699,1
c3a8b932-92d0-4f99-a3e7-4694a01fe0a6,a111ab22-4c88-4d83-b499-448d82133ae3,2025-05-19,669.51,home,0.21,UPI,0,11,0.247,tier3,0,5,morning,0.2568909066288726,0.0731,0
1b2f2820-5e5d-46a2-8296-67cb517990a6,31a583d0-4fa7-49b3-9881-d237a7af9e9c,2025-02-03,452.85,fashion,0.419,UPI,0,2,0.126,metro,0,3,morning,0.11173338786746698,0.0525,0
83853413-fedc-451d-96e0-96b63570cb89,f08d853b-6894-4bb3-971c-4183b39fae0e,2025-08-06,3848.96,fashion,0.216,COD,0,13,0.183,metro,1,4,evening,0.2486017792851423,0.1459,0
1b07c94f-7676-40e5-93b6-526027b45264,0fba06d8-d561-4e1e-8221-f56fd92a018c,2025-02-20,250.0,home,0.167,UPI,0,11,0.359,tier3,0,6,evening,0.41585134920398,0.2589,0
dfaf117b-854b-41b4-a98a-5f74238df86b,1b07e0e4-483c-461f-a950-6cf31ced0959,2025-07-04,2614.7,electronics,0.307,UPI,0,3,0.223,metro,0,2,morning,0.19264547693073103,0.0626,0
2568405a-bbc2-4c5b-aefd-3d528c665dc4,30888fd2-16bc-4533-a06f-0e0d4ed50f9d,2025-01-01,2082.43,beauty,0.13,COD,0,12,0.133,metro,0,2,night,0.22452854262691951,0.0664,0
e57dd8d8-d0a3-4413-89cf-e2a04c66277b,5a71659c-1263-4448-8731-60f1df983197,2025-02-24,519.87,grocery,0.147,COD,0,32,0.464,metro,0,2,morning,0.4468118022423648,0.0344,0
30faef81-4516-4018-9b45-645664427b55,00ee6a6c-7fdb-4d2c-971d-b1bfa29fc269,2025-06-08,599.59,electronics,0.259,COD,0,17,0.085,tier3,0,5,night,0.18608348760507418,0.1588,0
255e6a43-478a-4d18-b3bc-4e25b25857c2,2286f067-3fb8-4d9d-8502-469f39a46441,2025-04-23,15294.67,electronics,0.013,COD,0,23,0.271,tier2,0,5,morning,0.2798863894924076,0.0134,0
3beb3133-3adb-43e1-9384-9c2847393a9c,b5adb6ae-4bba-486c-b089-5405a79751a5,2025-01-15,471.24,fashion,0.236,UPI,0,2,0.0,metro,0,2,night,0.08802142828916741,0.0312,0
fab53d24-24a4-4227-b889-0d6071d2ead0,3a457f70-d47f-43a5-88c5-b74c7d8ab2dc,2025-10-26,2255.03,electronics,0.247,COD,0,5,0.317,tier2,0,2,evening,0.3408921063238981,0.3677,0
a08fc2a9-407a-4a64-bc3f-4d02ac95c553,aea406eb-bc1a-4601-b2b0-92e65ab755cd,2025-05-07,3051.75,beauty,0.478,UPI,0,3,0.49,tier2,1,3,afternoon,0.5424554488796087,0.4232,1
f695df22-f36d-4c0c-baef-107299af3a97,e8236567-e21a-46bf-9ba0-de610564b03d,2025-05-08,3187.33,electronics,0.259,COD,0,12,0.117,metro,0,5,night,0.0912579377429543,0.042,0
3a1670e1-f73a-4a78-8deb-443dfa045357,0651ab9e-5b2b-46c4-9215-ff97762857c1,2025-04-28,1270.43,grocery,0.399,COD,0,12,0.454,metro,0,4,night,0.3926881472493449,0.2382,0
26c37a64-240d-4482-9bdb-e44045c83305,f2c8ae0e-52fe-4eca-b75b-3a0db84124de,2025-05-09,945.97,fashion,0.546,card,0,3,0.387,tier3,0,8,afternoon,0.4893639098666145,0.3923,0
d98b2e69-fc01-4f75-b016-f5a47c5c5cde,b5363dc8-2a80-4394-8468-4ca1bc562c90,2025-05-17,3194.96,fashion,0.297,UPI,0,2,0.298,tier3,1,4,morning,0.2828521239790615,0.3217,0
34cc86ff-84f6-450d-b188-f69667ba3cb7,6d89b6da-05be-4f09-b2f2-542a975f2f53,2025-08-28,1266.36,electronics,0.559,UPI,0,11,0.269,metro,0,2,afternoon,0.3016559281489719,0.0496,0
cb1683b3-da5c-4984-a29e-1419a9a501ab,d9358869-66e4-4ee6-bb2e-f9062117fa78,2025-01-18,18338.85,electronics,0.2,UPI,0,17,0.29,metro,0,2,night,0.2042925306906814,0.0049,0
67a7d64b-a97f-4cf9-ba42-11ae55c0d8fa,835b4038-88dc-4965-b6b8-921d3b0ad19c,2025-04-26,2471.49,fashion,0.432,UPI,0,32,0.119,tier2,1,1,evening,0.18168234468688693,0.5052,0
254f892a-2057-4d41-8d50-44dac88872da,3b68140d-c04c-4ece-87a7-1b051083612b,2025-06-17,1692.39,fashion,0.149,UPI,0,12,0.32,tier2,1,1,afternoon,0.3098477304837669,0.3383,0
bad0c3a5-170a-43b2-a0e4-ca824403d0d9,8d45fb6b-5cb0-49b8-a37f-9809c0571d61,2025-08-21,1577.93,home,0.385,UPI,0,1,0.167,tier2,0,2,afternoon,0.15600093316577332,0.1121,0
060708e0-2de4-42e4-80df-0e72310608ed,9e94bd7f-0751-4b3d-8ad4-2e1e913839e7,2025-05-06,8186.54,electronics,0.524,netbanking,0,6,0.291,metro,0,2,night,0.3358319706571889,0.0098,0
3c487e38-bceb-4ee6-9323-38b23980571d,56a30258-3565-44b2-a8d7-1d0adece59a8,2025-02-21,2889.18,fashion,0.307,UPI,0,15,0.164,metro,0,3,evening,0.1548544510371693,0.1254,0
1427ec14-ed1d-44f3-9007-d4ac766e9b91,ec11d559-7980-4914-89e3-b56e72adba0b,2025-07-03,1381.03,fashion,0.057,UPI,0,17,0.241,metro,1,2,morning,0.1561219227039281,0.1678,1
f44314e4-72e8-443d-b675-a3ff6bb47459,63d8dd12-39d4-4e1e-bdd7-72b1c1a0b1c0,2025-03-19,2138.41,fashion,0.112,UPI,0,19,0.215,metro,1,4,evening,0.22490754943212576,0.0847,0
4b023249-c640-4e87-8f9b-449bbb64f21f,63d8dd12-39d4-4e1e-bdd7-72b1c1a0b1c0,2025-07-05,2902.6,beauty,0.326,netbanking,0,20,0.104,metro,0,4,afternoon,0.22490754943212576,0.0448,0
f333fcfe-8e18-4310-8470-8c4be9f9b68a,6c3f0a1a-8fec-42d8-96f9-176f7e65ba57,2025-09-12,769.58,home,0.086,COD,0,10,0.282,metro,0,4,morning,0.2765406569294239,0.1333,1
7f2a6293-eee1-4cd1-a6de-26e433449fd3,0b6f3e2b-84fe-456b-ad93-ffcb76fb728f,2025-10-07,20000.0,fashion,0.438,COD,0,29,0.204,tier2,0,4,night,0.19762424986659227,0.0432,0
357fd757-8fae-424c-b19a-d252620aba94,dda5b132-3c35-48db-8feb-21f14075f104,2025-02-22,2523.22,grocery,0.175,UPI,0,14,0.351,metro,0,4,afternoon,0.23310699843617838,0.0088,0
801f1c72-5626-43cd-af22-630483849b3e,b6fa0dbc-8637-4a12-8403-be4fb2f1cf30,2025-06-12,965.55,fashion,0.145,UPI,1,0,,tier2,1,3,morning,0.5532682722846394,0.422,0
e669d054-6425-4327-937b-e4bde1e8f7a8,28660f34-5a61-4e07-8f8c-96c4fb8d6d70,2025-09-19,1246.1,beauty,0.184,UPI,0,11,0.016,tier3,0,8,morning,0.052918216172000036,0.1911,0
128d003c-0c89-4374-8956-c1e5a878ede4,16761a20-3269-4f16-945e-f043559094ff,2025-05-27,488.73,home,0.258,netbanking,0,10,0.07,tier3,0,6,night,0.021433052089598018,0.1245,1
ba2f15ab-6cc3-40d3-a9cc-d28a853b00c1,4e40c152-4279-4fbe-8a2f-a127f5613ef3,2025-08-04,1246.59,home,0.461,card,0,25,0.0,tier2,0,1,evening,0.08097222048102413,0.0382,0
a184665d-77df-49cd-b578-7ee40c2ffe94,a6256430-3c71-4085-bbd4-f11ec5db53de,2025-01-18,8784.62,home,0.065,UPI,0,8,0.18,tier3,0,4,evening,0.20459557629689876,0.0225,0
6fe4842c-8105-4241-aaab-22a1348e392a,6296a5bf-1d0d-4787-913b-ade30d6d7648,2025-06-27,250.0,beauty,0.247,UPI,0,4,0.335,metro,0,1,afternoon,0.2810349509629501,0.1202,0
58d9523d-e858-42dc-a80f-925805b16fb5,9ed30459-baa2-46a2-ad3b-80868919e0f4,2025-03-25,2019.08,fashion,0.289,card,0,4,0.258,metro,1,1,night,0.22367316697863052,0.0607,0
9a6e6c51-c6ab-4ef9-bd74-0a6e978d6195,c04c2c09-5f42-4b59-aeb5-6d35280a5d01,2025-05-07,1984.78,home,0.418,card,0,11,0.0,tier3,0,5,morning,0.06067469417646223,0.0835,0
2f98bc84-8452-4e1c-9a35-4ced0a82dd25,d9bc17ca-80dd-47e2-8dc5-79922a30764c,2025-04-03,1031.22,fashion,0.233,UPI,0,13,0.383,metro,1,3,afternoon,0.34134778732339127,0.2277,0
1cdf86f8-488f-4fbc-b767-fb822b6412e2,70245511-c1a0-45b4-bf85-37f24d95aaab,2025-06-21,3378.03,fashion,0.458,UPI,1,0,,tier3,1,4,morning,0.21229487492335847,0.2577,0
850163e4-fe27-4707-ab6a-a08e9fd9c45f,e4fc2035-70f1-45b1-82d0-0ee396f0a984,2025-06-02,266.69,home,0.456,UPI,0,19,0.348,metro,0,1,afternoon,0.21199326223067969,0.2736,1
b83b8c5b-b621-4f84-8f53-a49344130cd8,22e9226e-161d-4c64-a061-7452d7b9e2b6,2025-04-08,7854.41,home,0.565,card,0,2,0.151,tier2,0,5,evening,0.18270874579895838,0.0495,1
d69e98c5-761d-4f4d-8587-45e2718178ce,e4fc2035-70f1-45b1-82d0-0ee396f0a984,2025-09-29,908.14,beauty,0.085,UPI,0,20,0.217,tier2,1,3,afternoon,0.21199326223067969,0.1108,1
b9d36f3d-4b4d-423e-bc39-3b85f0c5f716,c967d130-c116-4a5c-8589-391097b66b37,2025-09-03,593.68,electronics,0.081,UPI,0,21,0.0,metro,0,5,night,0.04915448350944119,0.0148,0
8772b904-50a3-460f-960a-f46cd96bddc2,44d21b00-d54f-48d7-9418-d12221557978,2025-09-27,8524.45,home,0.309,UPI,0,2,0.34,tier3,0,5,evening,0.2557434906898539,0.041,0
fda43bf4-53df-4d6f-b799-3c8736e64a6e,ac8ee436-067a-4aac-8496-8e40cfb19bfd,2025-01-09,1629.86,grocery,0.58,card,0,32,0.218,metro,0,1,night,0.2595265118239566,0.0521,0
2294a783-fe83-4245-818d-5f4e3dfe9d26,a2a6e4a7-73f0-4f60-8023-1d364c305e4d,2025-03-20,20000.0,fashion,0.058,UPI,0,19,0.2,metro,0,2,evening,0.23228588338828865,0.01,0
f57cfe4d-9fe1-4060-88ae-cb1dc2e64948,9d1d8bca-9218-4856-8619-cfee194da74f,2025-05-24,1397.53,electronics,0.142,card,0,28,0.276,tier3,0,7,afternoon,0.24874291058771908,0.0688,0
0f219e96-1864-414f-8b2d-105f2a99d0b4,adea2b29-dc57-4c22-baa5-2b62090b278e,2025-10-22,1098.53,beauty,0.391,card,0,4,0.397,tier2,0,3,afternoon,0.4117868133302571,0.0683,0
0588ff73-62a3-41d0-8c60-121615b5655b,ac8ee436-067a-4aac-8496-8e40cfb19bfd,2025-07-18,4010.3,fashion,0.42,UPI,0,33,0.283,metro,1,3,afternoon,0.2595265118239566,0.1736,0
fd6129e7-eef6-495d-8474-d8a9319aa5ca,3a10c9d8-7244-4111-ab9e-df23dad5c58b,2025-07-06,4304.94,beauty,0.113,COD,0,4,0.281,tier2,0,5,morning,0.33399605777104996,0.127,0
7e9b4f85-97c7-44b0-aa37-275b3bcbe7f1,56a30258-3565-44b2-a8d7-1d0adece59a8,2025-05-16,7699.78,grocery,0.188,COD,0,16,0.27,metro,0,1,evening,0.1548544510371693,0.0647,0
6a33792c-ce73-4a20-ab14-618b3442b309,68d271d2-8307-4663-83d1-e915ae715123,2025-07-17,411.53,home,0.117,card,0,4,0.183,metro,0,2,afternoon,0.2881986119409372,0.0596,0
cfb0717a-906a-407e-966a-13a0633ed9f7,2c5ef819-911b-4ca2-bf34-ae94b16c5272,2025-01-19,4418.22,beauty,0.276,COD,0,1,0.087,tier2,0,3,evening,0.17267604750076926,0.1542,0
d7fd6d82-3e02-4e74-bf7f-b9de762cde44,3c287f81-302b-49d7-b333-502c52764540,2025-02-07,464.96,grocery,0.299,card,0,4,0.48,tier3,0,7,afternoon,0.46015210405281526,0.0647,0
1e28d00b-b084-406f-8005-82997f6aeb9e,b411f36e-bf74-4ba0-bff0-a67770bd35c5,2025-08-19,367.99,fashion,0.455,UPI,0,17,0.433,metro,0,2,evening,0.4451782602422671,0.2493,0
7dfb512d-162a-497b-babf-67c411208273,c86a75f4-eea7-4fce-b017-88f6e68c8ccf,2025-08-02,12097.01,electronics,0.152,card,0,11,0.579,metro,0,1,evening,0.32801543383093573,0.0074,0
7eff120d-2dda-465c-8670-76b4c73986cf,fd788034-3caa-492f-9c7e-57dee41c5244,2025-09-21,532.68,electronics,0.091,UPI,0,2,0.445,metro,0,7,night,0.3607060487773846,0.0743,0
6d34ef82-9021-42a9-9c50-371b094382c7,b39e2820-63bb-4385-b9d7-44c8956fa1b1,2025-06-01,755.95,grocery,0.31,COD,0,5,0.198,tier2,0,1,morning,0.2798243783472397,0.1486,0
678da292-70ec-401a-be75-35c34478c700,c987e835-2514-40cd-834c-f4d2261dd56b,2025-07-11,1374.55,home,0.072,COD,0,20,0.0,tier2,0,3,evening,0.06015710717930573,0.0981,0
56acb678-76b1-433d-8d17-15e48ddfc815,809440e5-dc7b-48de-8000-53ac94935dec,2025-06-03,3411.85,fashion,0.15,UPI,0,10,0.134,tier2,0,2,night,0.17298841463602524,0.1209,0
b5d745b8-2c6a-4dcf-adaf-57fc8be696a6,8ca2a1b1-e386-4bc2-966c-9f22b3b8e472,2025-05-01,3057.42,fashion,0.323,UPI,0,3,0.082,metro,1,5,evening,0.142405855423258,0.2632,0
578620c2-dade-4c13-9af5-7d752924e122,63d8dd12-39d4-4e1e-bdd7-72b1c1a0b1c0,2025-10-01,1048.2,fashion,0.455,COD,0,21,0.202,metro,1,3,afternoon,0.22490754943212576,0.6581,0
3b804afb-b899-4401-b94c-828414ea9877,4f3c225f-0b4b-4f93-b874-e66903ab3dc3,2025-05-04,2489.81,electronics,0.282,card,0,2,0.384,tier2,0,7,evening,0.1551769252887446,0.0747,0
a6bdf3c3-a68e-4f0c-be5f-ed0eb096b681,b7fee608-f381-4167-a173-bf1ad38bdb79,2025-06-27,13287.54,electronics,0.463,card,0,16,0.139,tier2,0,4,morning,0.05881659853496958,0.0062,0
456f7896-ab59-485b-a5da-50d84ff08964,830587ef-e382-4480-9a46-f2fb1f6d1a0b,2025-03-23,333.56,home,0.39,UPI,0,18,0.409,metro,0,3,afternoon,0.29038571770418864,0.0611,0
615035c3-c9cf-4122-8612-abb883738d7a,36f429a5-f9cd-4178-8452-85593f1caac7,2025-09-16,3612.05,electronics,0.221,COD,0,7,0.164,tier2,0,4,evening,0.07704457522442643,0.116,0
85094aa1-a54f-4299-9780-c7334d055d45,ddfc876a-1d41-4a01-b847-5b960366c16f,2025-05-01,1071.79,electronics,0.253,UPI,0,3,0.167,metro,0,4,evening,0.23305342178158567,0.0486,0
daddbba0-a3d7-4cbe-bc0d-f71a5f2f0c97,fb1954cc-c93f-44b4-9155-10ddd8571b6d,2025-03-05,1177.18,fashion,0.302,UPI,0,7,0.147,metro,1,1,evening,0.23865381601921165,0.1793,0
0af28294-abbf-400f-a750-cf4051627d3e,44408e56-9a11-44d5-8a79-5e1ddafd28e1,2025-07-14,822.83,beauty,0.281,COD,0,23,0.185,tier2,0,4,evening,0.24706696213115537,0.1772,1
ae79e509-4866-4f92-b689-a9b6d1ab4250,99147503-441a-4858-9bd7-29926eb2f3c3,2025-05-14,1045.84,home,0.42,COD,0,20,0.552,metro,0,4,afternoon,0.3870026797871902,0.3003,0
93b43de2-8e2e-44c7-aadb-642cf67d9a82,06a55a66-90e1-4cb6-a2be-f26bb9c97d79,2025-10-25,2661.84,fashion,0.319,card,0,4,0.098,metro,1,6,morning,0.12972182350309738,0.0891,1
51b89561-af92-487d-bc7d-6731bdd42fde,19ae94ec-7d3b-445f-b9ac-092f54f91579,2025-05-07,2101.15,grocery,0.31,COD,0,9,0.0,tier2,0,1,night,0.06852796151158619,0.0402,0
da52db79-31ff-48f0-9c51-34b6796c6fbe,d0d8fe24-c852-4ca5-ba50-638075dc7939,2025-10-08,1999.13,home,0.224,UPI,0,7,0.26,metro,0,5,afternoon,0.2216976101384966,0.0459,0
711f4b4d-1db1-447d-a5a5-13a7c2143096,6d89b6da-05be-4f09-b2f2-542a975f2f53,2025-06-02,1473.06,fashion,0.309,UPI,0,12,0.342,tier2,0,4,morning,0.3016559281489719,0.212,0
ae0ddf0d-d682-42f0-bd58-b28e1d0936e9,a98ac6ed-5c74-42d1-a5a7-c801d82116e4,2025-07-04,4094.56,fashion,0.466,COD,0,4,0.677,metro,0,4,morning,0.7830202777801657,0.5782,0
aa9af84a-b1ca-4f73-b11c-434aaaa10e31,4d47ad50-ed68-4545-af4f-485a9b29b711,2025-01-07,688.1,fashion,0.133,card,0,22,0.268,metro,0,6,evening,0.21989011196511407,0.0417,0
2c4a0d54-4ffe-4b51-8979-443dda6b14ce,40842a00-ef3b-4689-9811-b9d52c77638b,2025-02-17,332.12,fashion,0.226,UPI,0,5,0.161,metro,1,1,night,0.15250618963621082,0.0777,0
a2e937aa-221f-4f0b-8131-51bae7ee7120,3297fb2a-a8d6-4924-820e-240d86108779,2025-06-25,2849.82,home,0.167,UPI,1,0,,tier3,0,2,afternoon,0.3169418867271463,0.2012,0
da413fa5-e143-4208-a7cc-829add572e28,92f8f8f3-1a19-41b0-9888-9ad14e0b35ba,2025-06-16,532.36,fashion,0.342,UPI,0,13,0.244,tier2,1,4,afternoon,0.14720873128711998,0.2738,1
8b10b241-dcb9-404e-b609-54151e42984a,f2811512-6d74-428f-81ae-77df22796b31,2025-04-26,1817.75,fashion,0.229,UPI,0,24,0.205,metro,1,2,afternoon,0.2916477929418046,0.2252,0
5abb91a5-9c27-42c4-9cda-c62a56f98574,a2a6e4a7-73f0-4f60-8023-1d364c305e4d,2025-08-20,3094.17,grocery,0.248,COD,0,20,0.125,metro,0,1,morning,0.23228588338828865,0.033,0
31f662c6-69e7-4ee3-bd88-baf6f07831a9,573ef44a-b7bb-44cb-ae0d-923c3a996227,2025-10-17,2085.54,electronics,0.467,COD,0,8,0.395,tier2,0,2,morning,0.419905690979168,0.1746,0
307f6f5d-f064-45ca-b41c-bc2e6d6c29c0,93e4f60d-9a3b-4673-814d-a1c4b7fe7865,2025-04-15,2890.14,home,0.75,card,0,9,0.459,metro,0,4,evening,0.46001324343588723,0.1031,0
8c7abd67-34de-4cec-a975-b21375054253,5a11ae1b-953c-41af-83dc-44c210b745e5,2025-09-05,434.74,fashion,0.104,UPI,0,12,0.122,tier2,1,2,afternoon,0.13954174495960747,0.0384,0
033c6e92-4703-4e2f-ba33-34bf98adfea0,a403a957-14a9-40ff-a1ea-6ad7bcc534b4,2025-08-31,7943.71,fashion,0.415,UPI,0,1,0.156,tier2,1,2,night,0.02235684262044825,0.0537,1
bcf62c7a-64bd-4560-9738-2e0a43fe66a4,c6829464-1335-46ed-adb7-4a3c9b07a5a8,2025-01-19,5201.9,beauty,0.099,COD,0,9,0.19,tier3,1,3,evening,0.2732031279049196,0.1273,0
baabeb58-97d7-4583-8225-b2b08156294f,60380c0a-3b79-449f-9563-1759bfe93615,2025-04-09,2583.72,fashion,0.107,card,0,2,0.472,tier3,1,10,afternoon,0.406655373188852,0.198,0
9f5937e2-62f9-46fb-8911-03c3deb59349,cd03dd27-2fc9-486c-998f-c61cf34b93ab,2025-10-19,250.0,electronics,0.221,UPI,0,7,0.357,tier3,0,5,evening,0.35614412579298554,0.05,0
5c0f9a59-5139-4c87-9a13-24355ef68d86,c04c2c09-5f42-4b59-aeb5-6d35280a5d01,2025-03-27,522.25,home,0.284,UPI,0,12,0.077,tier3,0,4,evening,0.06067469417646223,0.0451,0
c04767d1-1049-4851-a574-477460bb76b8,6296a5bf-1d0d-4787-913b-ade30d6d7648,2025-10-23,1418.94,electronics,0.462,UPI,0,5,0.28,tier2,0,1,evening,0.2810349509629501,0.0703,0
15d1efb6-fcfe-41a6-9d0d-4be303ed9d60,11eb7869-4707-43e9-b027-e2ca5551f9c8,2025-10-01,1343.51,electronics,0.029,COD,0,6,0.059,metro,0,5,afternoon,0.06885084713508903,0.0853,0
8a36709a-9a3a-477c-a898-935b85bb12ff,7a4e9ee7-df87-4f79-9ec7-3f4c1f489075,2025-05-31,250.0,fashion,0.75,UPI,0,37,0.106,tier2,1,2,morning,0.23069756686430742,0.1069,0
ec90f908-a89d-4cd6-bcf8-013862e35eb6,c86a75f4-eea7-4fce-b017-88f6e68c8ccf,2025-07-06,448.0,home,0.443,UPI,0,12,0.313,metro,0,6,afternoon,0.32801543383093573,0.0812,0
d50c739c-0e1d-4b63-acad-5e2a718ad5e1,0ff3d3c4-7bad-4eb0-a3ea-a49b30616993,2025-05-26,844.21,fashion,0.12,COD,0,4,0.367,metro,0,2,afternoon,0.46113145613975703,0.1811,0
9bcb940f-4118-43b2-ab91-739ac77d2937,7ec9d46b-0141-4835-accd-a9841843ca7e,2025-02-08,1332.93,electronics,0.056,UPI,0,7,0.187,tier2,0,2,afternoon,0.07319325355511432,0.0133,0
b9b8d61a-0003-49e1-8568-f49d3855e202,9a93ae46-0d1a-4537-a767-159ea6656f6d,2025-10-08,2611.56,electronics,0.516,UPI,0,4,0.148,tier3,0,3,evening,0.10784218495956682,0.1282,0
ac728ce5-7c9f-40a7-bf1e-930be3feefdd,c04c2c09-5f42-4b59-aeb5-6d35280a5d01,2025-10-18,899.95,electronics,0.199,COD,0,13,0.0,metro,0,3,afternoon,0.06067469417646223,0.0441,0
1b536923-aae5-4e18-bf8d-4a684567d045,2286f067-3fb8-4d9d-8502-469f39a46441,2025-03-07,7732.07,electronics,0.172,UPI,0,24,0.317,metro,0,6,evening,0.2798863894924076,0.0288,0
69a2d3fe-61a5-47e1-865f-7fbccb3b90bf,6d6ae56d-11fa-4053-be24-184c1da67ec2,2025-06-17,597.08,fashion,0.253,card,0,6,0.32,metro,1,1,afternoon,0.13845962298865533,0.1433,0
593f8ea6-f89d-4ebf-8ee8-70f50450fd14,c86a75f4-eea7-4fce-b017-88f6e68c8ccf,2025-02-16,250.0,electronics,0.23,card,0,13,0.432,metro,0,4,afternoon,0.32801543383093573,0.1299,0
05c65757-39d2-4a5d-b0ee-a45a09597558,141851fb-39b4-4b0b-8cc4-7cd819c8a26e,2025-09-13,6225.32,beauty,0.462,UPI,0,2,0.363,tier2,0,3,afternoon,0.3750474517068999,0.0466,0
b6a5c93a-dd37-4050-b5bd-078158df50a3,49a190f2-c9c8-441e-b450-f1343adf4d1a,2025-07-04,881.56,fashion,0.305,UPI,0,19,0.365,tier2,1,3,night,0.4134664929263236,0.1949,0
28ea644b-cc98-4a57-9c6a-759c89f41a31,c967d130-c116-4a5c-8589-391097b66b37,2025-02-20,1332.24,grocery,0.355,card,0,22,0.019,tier2,0,3,afternoon,0.04915448350944119,0.0222,0
4b0d6cae-4f07-425f-b358-f3cfffe0567c,a403a957-14a9-40ff-a1ea-6ad7bcc534b4,2025-04-16,3103.95,grocery,0.174,UPI,0,2,0.008,tier2,0,3,afternoon,0.02235684262044825,0.0324,0
576e5e48-2707-4576-a42b-55a8354cf9d7,5a48b72f-7311-4233-8e19-238ff40a366f,2025-08-12,2250.25,fashion,0.191,COD,0,5,0.051,tier2,1,2,afternoon,0.10212483545629032,0.3899,1
06cd754e-f1ff-4e39-82ec-5bafe176443f,1c551f51-afaa-49c5-9ad6-c0c66f1e1add,2025-09-26,1988.6,fashion,0.351,UPI,0,1,0.185,tier3,1,4,night,0.31722889959077977,0.1927,0
d91d5177-dc8a-44a9-8720-fa46b700dac5,00ee6a6c-7fdb-4d2c-971d-b1bfa29fc269,2025-09-21,250.0,fashion,0.129,card,0,18,0.121,metro,1,1,afternoon,0.18608348760507418,0.166,0
2ebd1c64-ce67-4f9f-9b39-b06c5ef1007a,487e0072-ff7c-4376-aa94-0ed39d21882d,2025-04-25,1485.89,fashion,0.223,COD,0,11,0.149,tier3,1,6,afternoon,0.10058728392504118,0.4282,1
8fbac82b-81c9-4e24-8574-b29b7a8a1922,5e758f8f-c2ad-4e0c-b4fc-026916c24854,2025-02-01,2204.67,electronics,0.653,UPI,0,31,0.004,metro,0,2,afternoon,0.048627470043128354,0.1189,0
3093d6c1-ec2f-4922-b900-beb98d1de8bc,830d45e3-65f2-43df-a9de-2548e05279e6,2025-07-14,3940.64,fashion,0.638,COD,0,1,0.297,tier3,0,5,evening,0.3668195423950672,0.5563,0
4ece2e40-18a2-4364-b096-21ad9d1c8e02,01c1b480-0c36-490f-be2c-8c7d6e7b971c,2025-03-20,4489.78,grocery,0.099,UPI,0,1,0.178,metro,0,4,morning,0.10351613948793689,0.0099,0
583747ba-126a-45c2-a270-2b7dde6b15e6,6bfa235b-d4d0-446f-85d2-e8dc00a3d98f,2025-07-16,731.73,fashion,0.058,UPI,0,15,0.598,metro,1,6,evening,0.6039320915435429,0.3367,1
271b24fc-1222-4064-b678-3a7f8e948add,b409e3d7-b9a4-422f-952f-eaf1d5521144,2025-09-23,2386.56,electronics,0.076,card,0,18,0.345,metro,0,7,night,0.3974441051585353,0.0316,0
9c22d12a-5022-406e-b853-f3f06464ee75,44408e56-9a11-44d5-8a79-5e1ddafd28e1,2025-06-16,2489.29,home,0.069,COD,0,24,0.218,metro,0,3,evening,0.24706696213115537,0.099,0
ed7e3204-0dcb-4f4c-8a82-67e283fb7092,60380c0a-3b79-449f-9563-1759bfe93615,2025-08-15,255.4,grocery,0.418,netbanking,0,3,0.383,tier2,0,1,night,0.406655373188852,0.0829,0
005b6f0c-31ae-40c8-a045-19afdff60d44,0b6f3e2b-84fe-456b-ad93-ffcb76fb728f,2025-05-27,2166.99,home,0.222,card,0,30,0.188,metro,0,6,morning,0.19762424986659227,0.0983,0
7ee18560-c246-41ee-b02c-c1bef8dde212,d3db41bc-bf8f-46e0-94b1-984f27ff9af2,2025-05-12,1612.11,fashion,0.127,UPI,0,30,0.268,tier2,1,5,afternoon,0.33315409272597374,0.1518,0
ae0afd69-352f-4915-9ed6-7428bc2f5cc2,c5d85ede-c256-42df-b993-35deb12a5516,2025-05-12,1275.16,fashion,0.4,COD,0,25,0.461,metro,1,3,afternoon,0.3517803851773976,0.259,1
b510c05d-d98c-4b52-bf1b-a127c61bea8d,f2811512-6d74-428f-81ae-77df22796b31,2025-10-04,970.18,fashion,0.382,card,0,25,0.339,metro,1,6,afternoon,0.2916477929418046,0.4208,0
5c03da10-633d-45e1-84a1-236754769181,f661c41f-f2fc-4735-9d23-1a0bca669dd2,2025-03-21,458.7,fashion,0.21,COD,0,1,0.455,metro,1,3,morning,0.5344403543326108,0.432,0
53d8b9a4-30c5-4d6f-8df8-a53bc6c5ecfc,809440e5-dc7b-48de-8000-53ac94935dec,2025-04-19,373.89,electronics,0.143,UPI,0,11,0.212,tier3,0,7,evening,0.17298841463602524,0.1196,1
16a5f4b7-c232-4fd4-af37-1d1a71bd366c,9d1d8bca-9218-4856-8619-cfee194da74f,2025-06-18,1177.33,home,0.534,UPI,0,29,0.372,metro,0,2,morning,0.24874291058771908,0.048,0
40953646-253d-41d8-9226-76f02935c4fe,a59c702d-fd94-4d73-b8a6-f59316b5b63c,2025-07-20,6890.28,fashion,0.267,COD,0,3,0.195,metro,1,1,afternoon,0.2334842811017492,0.258,0
25645db6-93c9-40a3-b3fb-7f0440004e30,236d11d7-cc84-47c1-9d4b-15dd6891dcbc,2025-06-11,381.24,beauty,0.17,card,0,23,0.382,metro,0,1,afternoon,0.22121655786542901,0.0736,0
126173e2-8a57-491a-b8aa-6610279d516e,2286f067-3fb8-4d9d-8502-469f39a46441,2025-02-15,407.81,grocery,0.549,card,0,25,0.387,metro,0,2,night,0.2798863894924076,0.0447,0
8bd95e1e-028c-4e45-b72c-e9305820672d,37917302-ee8a-4b62-a7bd-6ce861425fc2,2025-08-01,533.23,grocery,0.143,UPI,0,4,0.118,tier3,0,3,evening,0.17989879744905538,0.0646,0
c33a5323-6066-4ca1-8fa0-0e4f50823455,9d1d8bca-9218-4856-8619-cfee194da74f,2025-09-30,1125.16,home,0.22,COD,0,30,0.194,metro,0,4,evening,0.24874291058771908,0.0999,0
17bf88c2-1e9e-4cb3-9d60-253258b6e968,ac8ee436-067a-4aac-8496-8e40cfb19bfd,2025-05-26,744.24,fashion,0.495,UPI,0,34,0.241,tier2,1,1,morning,0.2595265118239566,0.5184,0
dbdd3bbf-ddbb-4696-98cd-2f585df28091,3d5b7149-321d-4579-b690-b0dc26cb5183,2025-03-01,1013.36,fashion,0.278,card,1,0,,metro,1,3,afternoon,0.24797209991031588,0.6978,1
a2264a34-454c-4486-aa73-220f1cbd928b,1ec19d12-c4c9-4320-a035-98e17c951577,2025-02-11,681.68,fashion,0.168,UPI,0,26,0.222,tier2,1,4,evening,0.18576378008237582,0.1053,0
3bb60188-d451-4413-9a1d-3121322338b1,c3f1cc06-68c1-442a-b18b-6338217bcf62,2025-03-15,3695.35,electronics,0.153,UPI,0,19,0.056,metro,0,3,afternoon,0.1091421274751211,0.0114,0
14cd76f5-cbb9-4d3c-81da-da458544d2d2,3b7ac7f6-4a3a-4bf4-be91-2225a0386590,2025-06-30,637.71,electronics,0.291,UPI,0,1,0.192,metro,0,2,morning,0.1013123382625641,0.0418,0
ce827ec0-2d0c-45b1-a044-ee636c7cb7ea,a8563692-0b6a-402e-a73b-0a42908c0fb4,2025-02-23,1465.73,fashion,0.434,card,0,2,0.0,tier2,0,6,afternoon,0.05848742659984804,0.129,0
43cd6a01-bfcf-483d-9f3c-d5083226347a,ac001004-0e39-45ca-9077-5b2eda63a395,2025-10-21,8435.9,home,0.34,COD,0,4,0.209,metro,0,1,evening,0.10949310651314134,0.1159,0
09d70909-2e48-4194-b1d6-66988bf38b45,70fbd7a9-7e4e-471f-a184-24d9cda9ee4b,2025-07-02,488.35,fashion,0.22,UPI,0,3,0.252,tier2,0,2,evening,0.28318456286061405,0.2296,0
621f0dca-9717-4636-8578-4973518a6f0c,d3db41bc-bf8f-46e0-94b1-984f27ff9af2,2025-02-02,1053.46,grocery,0.607,UPI,0,31,0.332,metro,0,5,afternoon,0.33315409272597374,0.0421,0
d3942ff9-c640-4675-a997-e2bf45779a74,1d389e03-f41d-4493-8048-8d028a5d27f2,2025-10-18,1553.27,fashion,0.427,UPI,0,10,0.273,tier3,1,4,evening,0.3251850941589013,0.2347,0
952b6e65-33e3-4367-85de-42b4c629a50f,42a14875-57df-44bd-b0ae-141793f01b7e,2025-08-11,525.79,fashion,0.108,UPI,0,3,0.408,tier2,1,1,morning,0.32814923883527064,0.2055,0
392bd739-1c09-440c-856b-d2dc0b88cbb2,56a30258-3565-44b2-a8d7-1d0adece59a8,2025-07-21,398.55,grocery,0.094,COD,0,17,0.145,tier2,0,3,morning,0.1548544510371693,0.0719,1
6befd473-0615-45e2-aecc-24a352646d89,cd508d92-15fe-4a35-9c1b-37a278d36ea4,2025-08-04,1699.58,fashion,0.342,COD,0,29,0.285,tier3,1,5,evening,0.2771725532528444,0.3815,0
defd3cab-d969-4004-b8d1-9f92c28fc765,0fba06d8-d561-4e1e-8221-f56fd92a018c,2025-03-14,2196.27,fashion,0.48,UPI,0,12,0.314,metro,1,3,evening,0.41585134920398,0.1456,0
a0cac7fb-2caf-4354-b1b1-eccc541e2ba9,ecf7432d-87ec-467d-9c61-1102e6ef87c1,2025-03-28,250.0,home,0.144,UPI,0,7,0.11,tier2,0,2,evening,0.1036578444265268,0.0356,0
8ccf057f-076b-4ba9-bd80-b8e725b31875,85fb6dde-4673-4009-b279-08f034a747e3,2025-08-21,1701.15,fashion,0.47,netbanking,0,8,0.263,tier2,0,8,evening,0.2901295476709541,0.1736,1
f2dfe412-9e0b-4e0d-81ca-22432b336a18,4c001b50-0dc1-4b06-aef2-c6e4756abdc5,2025-04-29,871.59,fashion,0.305,COD,1,0,,metro,1,3,morning,0.1367751862386983,0.6043,1
d45ec8df-db28-4a0a-84e2-08137b66eade,86b86741-a37f-448f-af1d-dcca16f9e52a,2025-04-22,2232.28,grocery,0.135,netbanking,0,1,0.507,tier2,0,5,evening,0.48914444803003615,0.0104,0
dede1e83-b0b1-400f-8978-e49a5f7e121c,0b6f3e2b-84fe-456b-ad93-ffcb76fb728f,2025-06-20,250.0,fashion,0.136,UPI,0,31,0.177,metro,1,3,night,0.19762424986659227,0.1319,0
8e3110b0-de85-494f-ad5e-40215275e9e9,76d2e938-826e-436d-8e9e-46c56a7a791e,2025-02-18,250.0,electronics,0.181,UPI,0,12,0.116,metro,0,2,night,0.22287364608691065,0.018,0
36f78161-59d8-4363-8f6b-072c94ca4f00,cd508d92-15fe-4a35-9c1b-37a278d36ea4,2025-05-18,2468.95,grocery,0.205,UPI,0,30,0.241,tier3,0,2,morning,0.2771725532528444,0.0301,0
bdb46542-9ced-4bad-8afa-c30741797352,b5613467-d329-4102-b724-eb47dc04ed5f,2025-08-02,250.0,grocery,0.238,UPI,0,9,0.189,tier3,0,3,afternoon,0.2676344641423701,0.0189,0
40de70c5-3ebb-43ec-9d54-b266048aa27d,803488e3-f195-4510-8729-476cfdddc9b9,2025-01-13,1492.04,electronics,0.396,UPI,0,6,0.402,metro,0,5,morning,0.44640490282899387,0.0883,0
74500f39-c820-45c9-9126-779ad9cd11b9,c04c2c09-5f42-4b59-aeb5-6d35280a5d01,2025-06-25,620.14,beauty,0.359,card,0,14,0.067,metro,0,4,afternoon,0.06067469417646223,0.0631,0
79dbec18-0f22-4bef-9719-478f8f3d9655,899d1ec4-dd65-483a-b73c-de4ac803831f,2025-03-04,1852.88,grocery,0.357,card,0,3,0.255,tier3,0,4,evening,0.15705197005739738,0.0881,0
e3a221b1-75b1-44c5-aa5e-3394e0247a9b,80f51681-2009-48ac-926e-7b7901f96486,2025-02-08,9669.73,fashion,0.253,UPI,0,9,0.01,tier3,1,6,afternoon,0.025007063694987345,0.0939,0
0e93fef8-db63-4474-b662-74dc5dceb3e9,2e46de50-f2d0-4553-ad5f-5feee0d8f2f6,2025-04-16,2212.22,electronics,0.173,UPI,0,3,0.028,tier2,0,1,morning,0.1410237131485087,0.0267,0
cbb28048-9779-4033-a1ed-f18e41473e15,48b73317-327f-4f67-934a-b6dd2d521db4,2025-09-22,1837.56,home,0.163,COD,0,11,0.203,tier2,0,5,night,0.24989906497225137,0.1429,0
e8eba651-3817-426e-9ae0-73fb76ea1a1e,98366b27-63ea-4f07-ba55-425588277375,2025-05-15,526.51,fashion,0.314,UPI,0,4,0.153,metro,1,1,morning,0.1494736716851247,0.202,0
71a4491a-6882-4f2a-8561-8d6b78cf0ed9,0c4e5dbb-4b57-4f04-9753-79f273dbd64f,2025-03-23,594.23,home,0.16,UPI,0,2,0.256,tier2,0,1,afternoon,0.21438054858203234,0.0482,1
7a558460-e65f-4706-9229-0efb714cbaee,31a583d0-4fa7-49b3-9881-d237a7af9e9c,2025-05-11,1544.68,fashion,0.446,UPI,0,3,0.021,tier2,1,8,evening,0.11173338786746698,0.2379,0
8385b372-e546-4b11-aaa0-65e899c98561,acd6bd3e-5e54-412a-b390-342f9074721c,2025-10-13,537.85,beauty,0.221,UPI,0,3,0.049,tier2,0,5,afternoon,0.15860848909227618,0.0516,0
422b1d93-df6d-4bc7-92ae-7eb7529ea7de,2bf1c610-a75b-412d-b0ce-9dc111d20e3c,2025-06-14,631.29,electronics,0.166,card,0,18,0.355,tier2,0,4,afternoon,0.27780100478810504,0.0485,0
eb562f42-db7b-46c0-a8d8-915db19fa8d2,30888fd2-16bc-4533-a06f-0e0d4ed50f9d,2025-10-14,3250.3,grocery,0.188,card,0,13,0.104,tier2,0,1,afternoon,0.22452854262691951,0.0128,0
885756ec-81cb-41c3-9f30-0154d6566075,359835d2-74a6-4ae7-bdf8-2bdc4ed675dd,2025-08-12,409.0,home,0.417,UPI,0,11,0.0,tier2,0,9,night,0.05662677973259444,0.078,0
7781052a-8c57-4fb5-a68d-315b8745e751,4f650fe4-eb63-4e9a-936e-3cc777b5707e,2025-04-25,2045.36,electronics,0.523,UPI,0,1,0.362,metro,0,1,afternoon,0.42268110363427963,0.0775,1
d80890a9-7eb4-47c9-a7a4-b98cb15b57ac,c5e8aef0-7362-4837-9a04-8b3fa7ff821e,2025-01-02,1253.3,fashion,0.097,UPI,0,21,0.473,tier3,1,6,afternoon,0.5144941083307562,0.4317,1
c60f9508-1a95-45b2-8012-11cab8806104,4cd14e7d-39b8-4f81-a0df-c5d6d5a1e463,2025-07-23,4470.45,home,0.176,card,0,5,0.19,metro,0,1,evening,0.152939181594962,0.0498,0
d4f08462-9d0f-47c8-9a81-2cd2fc47aa7b,c5d85ede-c256-42df-b993-35deb12a5516,2025-06-16,1411.39,electronics,0.075,UPI,0,26,0.357,metro,0,5,evening,0.3517803851773976,0.0271,0
24c49a49-93d2-4f5f-be11-d4fa799962e0,6c3f0a1a-8fec-42d8-96f9-176f7e65ba57,2025-05-15,781.44,fashion,0.218,UPI,0,11,0.443,tier2,1,2,morning,0.2765406569294239,0.1388,0
16c9e641-d7d2-4f89-879e-3be66b89b01d,56a30258-3565-44b2-a8d7-1d0adece59a8,2025-10-04,250.0,fashion,0.066,COD,0,18,0.092,metro,1,6,afternoon,0.1548544510371693,0.4953,1
aa8248fe-0f78-4b84-85a7-e86d21261216,7a4e9ee7-df87-4f79-9ec7-3f4c1f489075,2025-05-05,1798.03,home,0.146,card,0,38,0.128,metro,0,1,afternoon,0.23069756686430742,0.1304,0
c9e1f0ae-58e1-4f05-8838-76952fc053b6,93e4f60d-9a3b-4673-814d-a1c4b7fe7865,2025-07-17,726.41,fashion,0.257,COD,0,10,0.428,tier3,1,6,morning,0.46001324343588723,0.7483,1
e67d74f1-f72f-4c23-97fc-de0e6f5b8cca,5e758f8f-c2ad-4e0c-b4fc-026916c24854,2025-10-11,3866.86,electronics,0.099,card,0,32,0.0,metro,0,4,afternoon,0.048627470043128354,0.0128,0
36579b17-a73b-491b-91ff-c75ea073dfaf,a2a6e4a7-73f0-4f60-8023-1d364c305e4d,2025-04-22,2429.74,beauty,0.589,COD,0,21,0.133,metro,0,5,afternoon,0.23228588338828865,0.2593,1
ee0ca1ac-8dfa-4f99-8e3e-0946a92d488f,19ae94ec-7d3b-445f-b9ac-092f54f91579,2025-02-14,20000.0,electronics,0.08,UPI,0,10,0.0,tier2,0,3,evening,0.06852796151158619,0.0018,0
fd5cfc2f-9dab-4df4-b13c-8512f697c35e,b7fee608-f381-4167-a173-bf1ad38bdb79,2025-09-29,749.75,home,0.052,COD,0,17,0.131,metro,0,4,afternoon,0.05881659853496958,0.0989,0
036c5bea-8fd9-48db-b83b-56013961e399,c987e835-2514-40cd-834c-f4d2261dd56b,2025-09-02,1926.59,fashion,0.059,UPI,0,21,0.123,tier2,1,4,night,0.06015710717930573,0.0759,0
c36093e8-ae00-4d0e-b5f6-cb934f44a781,a2a6e4a7-73f0-4f60-8023-1d364c305e4d,2025-01-23,920.82,home,0.089,COD,0,22,0.253,tier2,0,1,evening,0.23228588338828865,0.2483,1
0acdc405-ac62-4775-84d8-7819093d00a6,adea2b29-dc57-4c22-baa5-2b62090b278e,2025-06-20,303.88,electronics,0.279,card,0,5,0.333,metro,0,1,evening,0.4117868133302571,0.0412,0
226c5ec3-d826-4e17-9d4b-881f331d7782,11eb7869-4707-43e9-b027-e2ca5551f9c8,2025-01-25,610.89,beauty,0.138,UPI,0,7,0.14,tier3,0,6,night,0.06885084713508903,0.1656,0
45fe73ab-8272-4faa-bb12-a0f8cfbb9be3,fe679ebd-d7e3-420e-a610-8a0cfd64ae80,2025-06-20,319.08,electronics,0.251,UPI,0,5,0.339,metro,0,1,morning,0.43544254381347786,0.0847,0
e1fa6878-a127-46f7-a17b-66e69de878c7,a08246dd-24d9-48bb-b9d1-2b3dd9ac343f,2025-05-04,508.53,home,0.21,card,0,9,0.206,tier2,0,4,evening,0.19434600150643108,0.148,0
240d37c3-4deb-41e2-b0ae-17eb2ee79995,6d89b6da-05be-4f09-b2f2-542a975f2f53,2025-03-23,1044.03,fashion,0.205,UPI,0,13,0.254,tier2,1,1,night,0.3016559281489719,0.3011,0
7f5e130e-48e9-49c6-a57c-d80ac7f32381,85fb6dde-4673-4009-b279-08f034a747e3,2025-07-17,2863.45,grocery,0.325,card,0,9,0.292,tier2,0,2,evening,0.2901295476709541,0.0075,0
84cf593a-e367-4718-93e3-8242bbaececc,c901a58c-6ac4-4a3a-a5d1-4198a13622e7,2025-07-28,250.0,fashion,0.169,UPI,0,10,0.161,tier2,1,7,night,0.15906278458837203,0.1238,1
1b7d346d-600c-4919-a58c-db4dffa6faad,9e5d4987-8d7d-4c47-8cdd-0d477afd0d41,2025-04-22,852.67,fashion,0.3,UPI,0,12,0.094,tier3,0,3,evening,0.09221080951028436,0.1361,0
c781586c-150a-408f-99f7-b2e191558f95,8c24e923-2dbf-4f43-b0b2-6e851d21fa34,2025-04-05,18742.8,electronics,0.358,UPI,0,25,0.112,tier2,0,5,morning,0.10820090543681238,0.0106,0
309fa1ae-3f71-4278-8077-9cc7304197d4,f4f65833-e9e9-40f8-a25b-d72cb6b53f4b,2025-08-04,522.49,fashion,0.181,card,0,4,0.136,tier2,0,2,evening,0.13254072284680365,0.082,0
f1de1220-de37-4e6c-94ce-97684845e031,f9691f62-eba3-4973-ac0d-3de0ec286d88,2025-08-31,4297.25,electronics,0.27,UPI,0,4,0.418,metro,0,2,afternoon,0.33946126851350195,0.0173,0
33ef0b8d-94da-47eb-8b2c-2e2bdfcea017,6c3f0a1a-8fec-42d8-96f9-176f7e65ba57,2025-08-08,250.0,fashion,0.194,card,0,12,0.29,tier2,1,5,evening,0.2765406569294239,0.34,1
bb9945a0-b417-46d8-bbcc-7e1a1448f011,ace1ab49-d6e4-4784-9490-26eccef63611,2025-06-14,1165.85,fashion,0.006,UPI,0,16,0.172,tier2,1,1,night,0.1503348970823547,0.2989,0
c4d5467c-3987-4178-8e54-a56de56ea8f0,b411f36e-bf74-4ba0-bff0-a67770bd35c5,2025-09-14,4622.76,beauty,0.285,COD,0,18,0.512,metro,0,3,morning,0.4451782602422671,0.1258,0
f7511ca0-eb8b-435d-8214-15327280c8ce,eb07b44d-b3fe-4da4-86bc-808ae9a3182b,2025-01-16,295.9,beauty,0.455,UPI,0,6,0.473,metro,0,1,night,0.6823689291324807,0.1353,0
c09148af-8315-4d37-b610-2f07da340627,1d389e03-f41d-4493-8048-8d028a5d27f2,2025-02-17,7449.58,electronics,0.329,COD,0,11,0.314,tier2,0,4,night,0.3251850941589013,0.1909,1
b289097d-d1a3-476c-a083-89fc07a243df,44408e56-9a11-44d5-8a79-5e1ddafd28e1,2025-04-29,852.27,home,0.625,COD,0,25,0.252,metro,0,1,afternoon,0.24706696213115537,0.1564,1
859b9a47-67f3-45b3-af9d-adc45a32c8e1,e6b84507-0320-4dab-b918-04a7dcb15931,2025-02-15,18713.55,fashion,0.218,card,0,11,0.304,metro,0,4,afternoon,0.27966983742156076,0.0045,0
e3fdb0e4-b303-4c08-923f-ca6e8d7e2425,d9bc17ca-80dd-47e2-8dc5-79922a30764c,2025-09-15,2860.63,electronics,0.316,UPI,0,14,0.312,tier2,0,3,night,0.34134778732339127,0.0293,0
dadca29a-7b6b-4c5e-9c71-4e03ea8f0083,11174ed1-8ca6-4cf5-bbe2-8a4f930137ed,2025-03-24,2631.6,beauty,0.75,COD,0,12,0.0,tier3,0,4,morning,0.06842336486313001,0.3368,1
e620b140-c768-408c-954b-0116927ba906,95812633-1bca-4485-8e82-3cf1daf05ab6,2025-06-29,523.09,fashion,0.386,card,0,14,0.099,tier3,1,5,evening,0.16802115856295066,0.2481,0
f4c98084-60c9-4c49-9668-076b71136676,f2811512-6d74-428f-81ae-77df22796b31,2025-05-19,315.14,beauty,0.045,COD,0,26,0.269,tier3,0,5,evening,0.2916477929418046,0.1681,0
89d3bfe8-de93-45a5-a05c-4a08b19959cd,460bc87a-beb1-4f56-a5cd-1ec17422b34a,2025-08-29,1560.35,fashion,0.647,UPI,0,8,0.075,tier2,1,5,night,0.10883559867342446,0.4111,0
ce9bcd45-6b91-46ed-8d80-daf9b7572bb1,b8d02904-601f-4dd7-a3d1-5fb98038da28,2025-04-20,7537.06,beauty,0.237,UPI,0,5,0.093,tier2,0,5,morning,0.10839420542924075,0.0428,0
2c607983-9c26-4185-8280-740af4e8321f,2b77e152-ac97-4061-9e6a-5abdc78bc29a,2025-04-06,4751.29,grocery,0.484,COD,0,18,0.266,tier3,0,8,night,0.29832839962512075,0.2598,0
e1fd16b8-d7d7-45bb-98fb-0890dfd55bdd,b411f36e-bf74-4ba0-bff0-a67770bd35c5,2025-07-15,10971.46,fashion,0.309,UPI,0,19,0.356,metro,1,1,night,0.4451782602422671,0.073,0
604aa7cf-55ad-4052-84d0-17c6a3c61205,24dc633c-de4a-4152-ae24-3e42211235f1,2025-02-12,939.1,fashion,0.086,COD,0,11,0.114,tier2,1,2,morning,0.03297163095944513,0.4441,0
7e4fbf2e-beb6-4659-a11f-a97d42d51d44,5a71659c-1263-4448-8731-60f1df983197,2025-08-26,4050.95,grocery,0.148,UPI,0,33,0.565,tier3,0,3,morning,0.4468118022423648,0.0173,0
15c283d7-3990-4f34-8ce4-c83a7d1a59e0,c5d85ede-c256-42df-b993-35deb12a5516,2025-07-28,1262.14,fashion,0.199,card,0,27,0.419,tier3,1,6,evening,0.3517803851773976,0.4638,1
762e7ecc-50f3-4460-80c7-e44dc9a68c36,1aedda60-9451-4ebe-a71a-cb45e1d3d498,2025-02-18,1469.26,grocery,0.173,UPI,0,1,0.425,tier2,0,1,morning,0.3259641018177863,0.0522,0
262c775b-5481-4129-b4fd-3709e92b1e5d,265ca8d0-3df8-4d6f-9712-d08685f17132,2025-09-22,250.0,fashion,0.423,COD,0,20,0.305,metro,1,2,evening,0.1913603605753747,0.4195,1
2f9711d6-e270-48bc-a106-0b4beec8eb50,a0d51492-1a9d-4d8c-bef3-c77305837da5,2025-08-16,3682.13,grocery,0.383,COD,0,4,0.248,metro,0,3,evening,0.07875622019451736,0.0827,0
fe1105d3-ac25-4d2e-bef0-efbe63b6be80,0cba70d8-7b76-4a59-90e8-413b36d73797,2025-03-05,654.51,grocery,0.286,UPI,0,19,0.207,metro,0,2,evening,0.21055725528180214,0.0314,0
43fc3323-f37f-4bef-916f-43644ca3aa6b,4c113ca6-2f3e-4575-82ea-ec032586d824,2025-05-08,1966.48,fashion,0.187,card,0,4,0.302,tier3,1,4,morning,0.0920841435969077,0.2671,0
54ba6ce5-d4f4-43c8-a889-0830ee8e39ed,19407932-d8b1-4cf9-823a-27cc0a751c71,2025-10-19,677.17,fashion,0.137,COD,0,10,0.199,tier2,1,5,afternoon,0.24939791763606534,0.5576,0
1c117611-0c99-4536-959e-4d7dda90f67c,c54de631-aee5-4701-9f59-a9acda7c1bd1,2025-10-11,3708.71,fashion,0.293,UPI,0,4,0.608,metro,1,1,night,0.46341394989494955,0.2557,0
0b1f13f1-78a9-4919-b4eb-c2c804487fd2,ac8ee436-067a-4aac-8496-8e40cfb19bfd,2025-07-12,801.6,beauty,0.134,COD,0,35,0.305,metro,0,4,evening,0.2595265118239566,0.3052,0
bd9eb4b8-e26c-48a0-994e-0872f63eac8e,c5d85ede-c256-42df-b993-35deb12a5516,2025-04-19,1327.78,fashion,0.122,UPI,0,28,0.256,tier3,1,5,evening,0.3517803851773976,0.1295,0
976edfd0-dd0f-4bd6-8d72-a291c0458e06,e75b5a37-ac60-4066-a040-3617f0d903ea,2025-02-14,896.42,fashion,0.039,UPI,0,18,0.263,tier2,1,4,afternoon,0.24645297721478737,0.1108,0
815d7ba3-8696-42fa-971c-f640bac39478,93e4f60d-9a3b-4673-814d-a1c4b7fe7865,2025-02-07,1657.25,fashion,0.448,COD,0,11,0.435,metro,1,1,night,0.46001324343588723,0.5476,1
34ce7056-25f9-4d0a-8ccb-549e1f2d6351,694022be-f45b-4b98-8a1e-01682ff6e821,2025-08-29,3093.77,home,0.21,UPI,0,10,0.121,tier3,0,5,evening,0.09634270484326586,0.032,0
bed25a70-48b1-444b-a007-eb5a8d97f6bd,830587ef-e382-4480-9a46-f2fb1f6d1a0b,2025-10-04,470.29,beauty,0.069,UPI,0,19,0.303,metro,1,1,evening,0.29038571770418864,0.1398,0
12d126ea-76bb-4b37-b665-85c605ee3d90,762dc9ed-5415-436c-b6a9-6504149e79d2,2025-08-27,3128.34,electronics,0.166,COD,0,2,0.099,tier2,0,1,evening,0.08058041829298626,0.0648,0
155b9d4c-5bf5-437c-96d4-b7ccc4440226,9baca22c-7d50-4cc7-b010-bb4f392dc0f0,2025-10-25,1456.0,electronics,0.18,UPI,1,0,,metro,0,2,afternoon,0.06228375323818388,0.0703,0
493111fa-51fc-4e21-95f4-2e9149758ebf,3d684aee-c602-4c35-90c8-0a1931d92253,2025-04-12,20000.0,beauty,0.51,card,0,1,0.255,metro,0,2,afternoon,0.2476863298562034,0.0061,0
44f35377-ea01-4657-89a0-eed9318db83f,e09861f6-9c54-4161-8abc-0cbec05336cd,2025-07-20,864.99,beauty,0.183,UPI,0,3,0.257,tier2,0,4,morning,0.18766250228601905,0.0916,0
39f3f7ca-2195-4f99-a046-542b0a870e91,8cbd732d-d57a-4b45-b5e1-0c089747cbbe,2025-04-17,3172.55,home,0.025,COD,0,2,0.285,metro,0,4,afternoon,0.23983923810393037,0.0903,0
e488ea17-99b2-4f16-9b77-751be015f95d,5a71659c-1263-4448-8731-60f1df983197,2025-09-22,364.0,electronics,0.33,UPI,0,34,0.483,tier2,0,4,evening,0.4468118022423648,0.1242,0
31662b63-3438-4059-bf0a-c8793ed56f43,41f5f8b3-7e3a-44d9-8602-d4cc35847329,2025-04-10,3378.83,electronics,0.399,UPI,0,4,0.261,metro,0,2,evening,0.21207519145076628,0.0341,0
069319e3-8fee-4660-8ed6-6000f855ea47,adad285c-dcfb-40e6-a362-2c3954e9b92d,2025-02-12,634.0,fashion,0.104,card,0,3,0.707,tier2,1,5,evening,0.6171434097870331,0.1477,0
a3eb2d95-a023-4380-b21f-c238b0693ff7,0b6f3e2b-84fe-456b-ad93-ffcb76fb728f,2025-10-16,4286.44,fashion,0.264,UPI,0,32,0.148,tier3,1,3,evening,0.19762424986659227,0.2317,0
50d2af0d-dac8-46cd-b9b7-d3f738bf07c3,85fb6dde-4673-4009-b279-08f034a747e3,2025-03-15,544.01,grocery,0.1,UPI,0,10,0.282,tier2,0,3,afternoon,0.2901295476709541,0.0176,0
618c3b70-35db-4eaa-aa4e-0d3f4dfa68ff,f8058711-faa6-4eca-a2ab-1fa0ad185832,2025-10-09,460.54,fashion,0.182,card,0,9,0.086,metro,1,3,afternoon,0.04047509547806022,0.1672,0
9fb589ec-cf74-4e1e-97c0-2c1f99c398f0,39e67ff8-0ce4-494c-8717-1d4f63efa14d,2025-09-20,313.56,electronics,0.203,COD,0,6,0.0,metro,0,2,afternoon,0.07293918209014336,0.0902,0
66ac483a-5b03-4ea4-b9f7-9e7b739586b4,6c3f0a1a-8fec-42d8-96f9-176f7e65ba57,2025-02-05,262.11,fashion,0.214,card,0,13,0.257,metro,1,2,afternoon,0.2765406569294239,0.4953,0
f0028589-dd1e-449a-8c01-3e59d60f845d,08aef544-c5e9-4643-9aa9-07339815a3b1,2025-02-16,250.0,electronics,0.124,COD,0,7,0.3,metro,0,2,evening,0.3389478327833424,0.0285,0
17dd2216-b7d6-4fa6-a2db-d94b5a8b17b4,5a71659c-1263-4448-8731-60f1df983197,2025-05-07,1136.66,fashion,0.189,UPI,0,35,0.393,tier2,1,1,evening,0.4468118022423648,0.1892,1
46f08401-2141-4c7d-b724-57cefbd58b3f,711f5cd0-684e-467d-8f71-3d79c61f74e2,2025-02-02,250.0,fashion,0.345,UPI,0,3,0.265,tier3,1,4,morning,0.170527023331992,0.3714,1
386e71ad-ad36-4175-bd99-9c5af8449ab1,44408e56-9a11-44d5-8a79-5e1ddafd28e1,2025-03-25,1456.45,fashion,0.262,COD,0,26,0.172,metro,1,2,morning,0.24706696213115537,0.1935,0
ddde0dfc-0f2b-4992-af74-a6e7d92e9e58,49a190f2-c9c8-441e-b450-f1343adf4d1a,2025-05-14,935.34,home,0.255,UPI,0,20,0.396,tier2,0,5,afternoon,0.4134664929263236,0.0952,0
5dd4cdb2-da18-4032-8d5e-0e8ef569a648,e6bb513f-2cd0-4bcf-9534-bae7ee504b7c,2025-10-01,505.47,fashion,0.403,UPI,0,6,0.083,tier3,1,2,morning,0.09342709211833844,0.1227,0
82d214bf-456b-4369-9dbb-f0131fc5f23a,48b73317-327f-4f67-934a-b6dd2d521db4,2025-03-31,2738.38,beauty,0.248,COD,0,12,0.304,metro,0,4,morning,0.24989906497225137,0.1657,0
74a0bef0-af1b-4b52-9669-627edca2333e,80281626-ed74-46d1-a595-e40cdac50a8a,2025-05-24,250.0,fashion,0.172,card,0,14,0.278,tier3,1,6,evening,0.25979890009270734,0.3364,0
c370acf4-3e2e-4198-a611-29a9ebee0aab,0ff3d3c4-7bad-4eb0-a3ea-a49b30616993,2025-09-05,461.02,home,0.306,netbanking,0,5,0.309,tier3,0,12,evening,0.46113145613975703,0.227,0
aea8a1dd-a939-4804-b9ec-fc2d45169225,6bfa235b-d4d0-446f-85d2-e8dc00a3d98f,2025-04-28,1111.45,grocery,0.366,COD,0,16,0.543,metro,0,2,afternoon,0.6039320915435429,0.1676,0
adfb1743-2ab1-4c35-b4f2-905230e7c710,d58ed780-65ee-4c51-be5d-39ded6ec4c3d,2025-06-14,648.99,electronics,0.431,COD,0,11,0.53,tier2,0,1,evening,0.3745706193331196,0.1836,0
0d4a0b0d-53d5-4502-8374-3c507f1ea49e,a4db88e6-ae16-4748-b823-872ab1d4baca,2025-01-04,1107.03,electronics,0.422,UPI,0,7,0.388,tier2,0,7,afternoon,0.23943546554719444,0.1177,1
42138ba4-ffdf-4489-9265-e6b862551170,0ff3d3c4-7bad-4eb0-a3ea-a49b30616993,2025-10-13,282.82,grocery,0.467,UPI,0,6,0.438,tier2,0,1,night,0.46113145613975703,0.0849,0
e280f18a-5f55-44db-950e-c3398bbf3c42,dea29f8e-ac26-475e-a225-300fac669ed0,2025-02-11,2280.15,beauty,0.068,UPI,0,30,0.169,metro,0,3,morning,0.2211439005048725,0.0241,0
33bc9586-08f4-46f0-aac6-90b8e1c5e982,830587ef-e382-4480-9a46-f2fb1f6d1a0b,2025-05-30,4507.01,fashion,0.125,card,0,20,0.282,tier3,1,8,afternoon,0.29038571770418864,0.305,0
7d14badd-a96f-4dd5-b4f4-b60f46605b79,b8d02904-601f-4dd7-a3d1-5fb98038da28,2025-10-24,3786.32,fashion,0.137,COD,0,6,0.179,tier3,1,3,afternoon,0.10839420542924075,0.4098,0
56f596c2-861d-4a77-8a74-f56631215b43,2c576be7-69b1-4b4d-9e40-1bf81cad07fc,2025-03-30,2450.75,fashion,0.271,card,0,7,0.366,tier2,0,4,evening,0.46365026623247513,0.0564,0
d228818f-73df-4cbf-a5fe-f456a473b85d,b075ba2a-dc8a-4f00-8b48-c2bd3a0cbe65,2025-09-24,1424.43,grocery,0.372,COD,0,3,0.321,tier3,0,2,afternoon,0.2426758876131097,0.1347,0
94da4d55-c401-4f6d-9ae8-ac31305c05bc,6d386f88-7bb8-41a4-947a-d68227965bad,2025-06-18,1816.52,electronics,0.236,card,0,1,0.0,metro,0,9,afternoon,0.00915381002538853,0.0193,0
1d404c3a-371f-4f38-ac55-6deb81773919,7a4e9ee7-df87-4f79-9ec7-3f4c1f489075,2025-09-16,11279.95,fashion,0.519,card,0,39,0.188,tier2,1,1,afternoon,0.23069756686430742,0.0276,0
c2853568-5714-4611-8bbd-d14c3260c209,5b28faec-c3fb-4eb8-91fd-16aba77c9614,2025-07-28,618.8,fashion,0.188,UPI,0,1,0.013,metro,1,3,night,0.10726439398882659,0.1002,0
0fabb33e-9ce0-48d8-9f0d-cdce483493eb,76af2820-184c-47d9-9bd2-4b2f7eb04dc2,2025-01-23,480.31,fashion,0.239,UPI,0,7,0.107,tier3,1,7,evening,0.03002375015151436,0.2348,0
42bfbbca-d505-456e-9918-3a8dcf593ca4,dea29f8e-ac26-475e-a225-300fac669ed0,2025-10-11,250.0,beauty,0.278,card,0,31,0.244,tier3,0,5,evening,0.2211439005048725,0.3316,0
545bf39a-91be-41ba-883e-5eab30c8b24f,56a30258-3565-44b2-a8d7-1d0adece59a8,2025-04-22,489.52,fashion,0.35,COD,0,19,0.134,tier2,1,5,afternoon,0.1548544510371693,0.4045,0
981307b5-8528-423a-9626-aea640949482,99e318ff-1a69-4f68-addf-975990bd0414,2025-10-22,7373.76,fashion,0.468,COD,0,24,0.141,metro,1,1,afternoon,0.2434169799043869,0.2676,0
d097562c-9842-4607-884e-dbb5269d80b4,803488e3-f195-4510-8729-476cfdddc9b9,2025-01-30,488.01,grocery,0.349,UPI,0,7,0.472,metro,0,2,morning,0.44640490282899387,0.0576,0
e39a5391-e7f9-4953-be87-439a0672d557,938245c2-8647-4454-aa1b-998878f08b78,2025-05-09,334.95,fashion,0.368,UPI,0,19,0.183,metro,1,6,afternoon,0.29048499029100583,0.251,0
804e017f-bc3b-461b-8bc7-11088eff701c,10546d08-1053-4bf0-976f-4c40b2dcb1c8,2025-04-13,10789.34,fashion,0.249,card,0,12,0.092,tier3,1,6,morning,0.021184252375003435,0.0869,0
42b66840-ded7-4f3d-b63a-f211235a4889,2286f067-3fb8-4d9d-8502-469f39a46441,2025-05-16,4188.72,beauty,0.29,card,0,26,0.121,tier2,0,1,morning,0.2798863894924076,0.0352,0
8e706920-36f8-491c-8ccc-e3ca2262d02f,98bb6a4e-5816-4c18-b212-7ca3230dbc5b,2025-06-14,837.72,grocery,0.207,UPI,0,3,0.134,metro,0,1,morning,0.23555814035267542,0.0111,0
c808ae7d-c22f-4769-85fe-584ff2efde92,19ae94ec-7d3b-445f-b9ac-092f54f91579,2025-04-23,338.25,beauty,0.247,COD,0,11,0.035,metro,0,3,morning,0.06852796151158619,0.1141,0
3c0d597c-5564-4e20-995a-45960ae71336,487e0072-ff7c-4376-aa94-0ed39d21882d,2025-04-22,3892.59,electronics,0.682,card,0,12,0.087,metro,0,6,afternoon,0.10058728392504118,0.0312,0
19932db4-5cc9-4c32-9617-2ac8612c3833,9fb6398e-0d03-4ef7-b82b-f7d4b5edc8a2,2025-07-25,294.74,beauty,0.478,UPI,0,12,0.241,tier3,0,3,evening,0.2145242588320448,0.2178,0
fa34eb1c-4ba7-446e-95bc-3c3e776dc8f7,98389b8b-658b-4eca-b919-9c37c2dbce1f,2025-05-17,255.26,beauty,0.306,COD,0,13,0.0,tier3,0,4,evening,0.04552205229964168,0.2166,0
9aa769b2-0cec-41fd-a416-abb97889f1fe,8288f7bc-eed9-4ffd-afc1-d1e03cc4826b,2025-02-13,3240.05,fashion,0.1,COD,0,3,0.187,metro,1,2,afternoon,0.1171182105953482,0.2011,0
7e744a2f-a610-4a38-941d-b54bc0210441,a6d7cc39-c408-4a35-a826-06da3efd2983,2025-05-05,5210.28,home,0.107,UPI,0,6,0.424,tier3,0,6,evening,0.3734683492632352,0.0923,1
ecfffefc-9807-48ee-ba05-227b7d8a8a70,938245c2-8647-4454-aa1b-998878f08b78,2025-07-08,1317.39,beauty,0.274,card,0,20,0.222,tier3,0,4,morning,0.29048499029100583,0.0751,0
19393c45-1b24-4d4a-9586-f0e77b897034,1aedda60-9451-4ebe-a71a-cb45e1d3d498,2025-08-11,2706.46,electronics,0.13,card,0,2,0.283,metro,0,3,afternoon,0.3259641018177863,0.0054,0
99819a95-c46b-4f7a-aaca-ea4e660d3a4d,8c24e923-2dbf-4f43-b0b2-6e851d21fa34,2025-02-18,553.82,fashion,0.274,COD,0,26,0.072,metro,1,3,afternoon,0.10820090543681238,0.2999,1
7743113a-db02-4cee-9ea4-5c2e7811010f,e09861f6-9c54-4161-8abc-0cbec05336cd,2025-09-15,250.0,home,0.512,card,0,4,0.405,tier2,0,3,morning,0.18766250228601905,0.2101,0
26080f22-cd22-4a8e-9163-56544a7ff4e3,af989da4-8ff4-45a1-a5d5-4794c1a3f060,2025-02-11,4056.27,grocery,0.22,card,0,3,0.368,tier2,0,3,night,0.38183286991587256,0.0419,0
c68be042-ea59-49f7-a0b5-73e8bcfcfc4a,83fe6a19-57b5-4519-982d-d7d7bca39396,2025-07-20,463.55,fashion,0.138,card,0,13,0.376,tier2,1,1,morning,0.26357426902472036,0.1276,0
340abd2f-24cd-41e1-8e93-18449f8e890e,06685c5f-2341-4003-97cd-809136d21d44,2025-09-26,404.09,beauty,0.107,card,0,14,0.351,tier2,0,1,evening,0.391147140695262,0.0657,0
0f05bcf9-1f75-4b5d-bbb3-4c3d2fac9ef7,1aedda60-9451-4ebe-a71a-cb45e1d3d498,2025-10-10,410.26,electronics,0.548,UPI,0,3,0.388,tier2,0,2,evening,0.3259641018177863,0.1741,1
c9f67879-1767-42c0-9828-b5ee23cb818b,6405d452-0d48-4c53-b3bc-cf7e9b11d207,2025-05-09,1382.14,grocery,0.249,UPI,0,6,0.348,tier2,0,3,evening,0.37075169622686466,0.0147,0
7a221d82-c7d0-42fc-820b-64130888416b,ef2bc7c9-4e5e-4bbd-bcd6-426302deb030,2025-10-13,3121.25,home,0.359,UPI,0,4,0.097,tier2,0,2,evening,0.11140768335427466,0.0425,0
32910e37-c951-4ad5-a74b-85b878a25f8b,b411f36e-bf74-4ba0-bff0-a67770bd35c5,2025-08-31,1048.68,fashion,0.201,card,0,20,0.493,tier2,1,4,afternoon,0.4451782602422671,0.3245,1
c83adbc5-ced0-45ce-9f5e-c0e0a7b69c15,cd22e339-d3f8-4cc3-a7e9-96ec53435b80,2025-01-26,1743.13,fashion,0.524,UPI,0,4,0.206,tier3,1,4,night,0.1965713354260339,0.525,1
1c6f54f2-e408-4f59-9408-fc4cc63149d4,00ee6a6c-7fdb-4d2c-971d-b1bfa29fc269,2025-05-02,926.0,electronics,0.227,UPI,0,19,0.087,tier3,0,4,evening,0.18608348760507418,0.0395,0
3eaa2aa3-6bd0-4c7b-a535-3a3d79501b91,3c0df3e1-c239-441b-b4dd-153f99532574,2025-06-09,13959.58,electronics,0.142,COD,0,10,0.493,tier2,0,3,evening,0.5866676553486984,0.0141,0
f3a68bef-d82a-493f-b427-2704820efcf0,a7943808-f923-4e87-95b7-ac6a0c8b53d8,2025-05-25,12453.95,beauty,0.278,UPI,0,4,0.702,metro,0,4,morning,0.5777434668907969,0.0192,0
17c26026-3b72-47c1-8917-825f634266ba,946e674c-f4ec-4a5f-844c-dd92739c41ac,2025-07-31,807.22,fashion,0.387,UPI,0,3,0.719,tier3,1,6,night,0.6014601912708131,0.8528,1
524ed944-6cbb-452f-8579-1591b1f82836,fddab96a-bc23-43d2-a1f4-76de3a7b7f5c,2025-10-13,5246.23,electronics,0.233,COD,0,15,0.158,metro,0,2,afternoon,0.08979930230446,0.0678,0
57825cb4-ac91-4163-8b53-e21083d16cca,ddfc876a-1d41-4a01-b847-5b960366c16f,2025-01-06,3355.69,home,0.206,netbanking,0,4,0.156,metro,0,4,afternoon,0.23305342178158567,0.0709,0
f3e11628-10f1-40c7-9068-03b29316b214,544b57dd-aae8-4d49-a2dc-9382a2b7ff69,2025-10-17,573.98,home,0.078,COD,0,11,0.0,tier2,0,2,afternoon,0.05655306904883348,0.1077,0
9c5c460a-fd1c-4acb-a208-032c5783c76f,eff827ea-59dc-4c14-bfe3-18be375e530e,2025-08-07,397.5,electronics,0.181,COD,1,0,,metro,0,1,night,0.127619036693833,0.1663,0
cc71afc8-aa0b-4ad6-8a13-922c4468b988,a6d7cc39-c408-4a35-a826-06da3efd2983,2025-05-26,364.0,beauty,0.294,COD,0,7,0.263,metro,0,3,evening,0.3734683492632352,0.1385,0
18d84afe-9224-49e9-b369-1db2f713bbb0,906a171c-f8ef-4c41-9106-4dedffaed9e4,2025-02-16,2745.1,home,0.564,card,0,15,0.057,metro,0,1,evening,0.14849469586761202,0.0466,0
2414040c-9140-4860-8b6a-bf787abe3ba2,b9ab6a4e-9e61-4225-8298-12bde10de7a7,2025-05-24,250.0,fashion,0.361,COD,0,11,0.309,metro,1,1,evening,0.20154150931374812,0.6125,1
9a9b62b6-e56b-4c49-8f13-568231ba7431,cd508d92-15fe-4a35-9c1b-37a278d36ea4,2025-07-09,2132.07,beauty,0.525,COD,0,31,0.218,tier2,0,2,afternoon,0.2771725532528444,0.1507,0
3c276adc-cdc4-4904-bae5-f4b768e40f54,8da5d2dc-eaad-451b-a0b4-7374889bb0eb,2025-03-24,1756.58,home,0.251,UPI,1,0,,tier2,0,2,evening,0.4117635856604261,0.2249,0
a0ef1e55-4a88-4645-a79e-dcb3b983ae08,c967d130-c116-4a5c-8589-391097b66b37,2025-02-09,9120.96,beauty,0.333,UPI,0,23,0.0,metro,0,6,afternoon,0.04915448350944119,0.0117,0
eb777cae-adaa-4a8f-b448-95cc19df3abe,e8236567-e21a-46bf-9ba0-de610564b03d,2025-08-29,4326.55,beauty,0.532,netbanking,0,13,0.0,metro,0,1,afternoon,0.0912579377429543,0.0423,0
4b845855-a401-49b6-b4be-0d5174c8ebc0,6aa1786c-04b4-423a-9a87-fa33de1282dd,2025-08-30,326.02,grocery,0.065,COD,0,1,0.139,tier3,0,6,evening,0.13825855892486977,0.0905,0
04a7bc7e-37c4-4f5e-a782-f72ad862d67a,460bc87a-beb1-4f56-a5cd-1ec17422b34a,2025-10-08,2448.41,beauty,0.46,COD,0,9,0.036,tier2,0,2,morning,0.10883559867342446,0.256,0
5b1d7688-667a-47c6-b613-e3c8663d9826,544b57dd-aae8-4d49-a2dc-9382a2b7ff69,2025-01-01,9100.54,home,0.184,netbanking,0,12,0.046,tier2,0,4,afternoon,0.05655306904883348,0.0119,0
356b23bb-1dab-4908-96f4-93335d93b07a,49a190f2-c9c8-441e-b450-f1343adf4d1a,2025-08-11,500.48,home,0.21,UPI,0,21,0.475,metro,0,1,evening,0.4134664929263236,0.1141,0
9112eb6f-135d-442f-aa1d-7b42698e1a58,67939c94-864b-476c-adbc-b69702fdd112,2025-05-18,564.33,beauty,0.191,UPI,0,12,0.302,tier2,0,1,afternoon,0.3325622338548419,0.0786,0
01b0d5af-b531-48f9-9ace-cd829d8b9a43,236d11d7-cc84-47c1-9d4b-15dd6891dcbc,2025-01-19,982.28,electronics,0.679,netbanking,0,24,0.306,metro,0,4,morning,0.22121655786542901,0.1217,0
79b573e7-e7d4-414b-9102-46033fa64606,4490790e-4fea-4b93-a5b7-205d0c72419a,2025-02-03,491.48,beauty,0.307,COD,0,5,0.274,tier3,0,2,evening,0.33375713618452035,0.3092,0
a2242425-f24e-41a7-b5f4-d8f6047563b5,28ec42d4-b23f-4146-a22d-131afdd06fec,2025-09-15,253.82,electronics,0.323,COD,0,7,0.497,metro,0,4,afternoon,0.3958288561774479,0.2337,1
eed532ff-0198-46c9-a2c8-827e4ae2cc74,1e5d5205-f19c-44c2-900f-c0cedab424c9,2025-04-19,477.18,electronics,0.113,card,1,0,,metro,0,2,afternoon,0.3860272639174304,0.1059,1
2d940820-8ef3-4972-bde0-486de61e90f7,6726dd8b-487c-42b4-a0c7-20aaf05de3de,2025-07-18,2773.81,fashion,0.126,COD,0,2,0.489,metro,0,4,night,0.36643236650295463,0.2272,1
4b61ced2-eab4-4f44-84fb-494847b6b648,2bf1c610-a75b-412d-b0ce-9dc111d20e3c,2025-08-22,1110.07,home,0.522,card,0,19,0.25,metro,0,2,afternoon,0.27780100478810504,0.1741,0
e686e376-1591-423d-9eab-42177553cf33,7f51804d-0307-4367-8d0c-719db1094ae8,2025-05-23,250.0,electronics,0.477,UPI,0,11,0.235,metro,0,2,night,0.21082490652703922,0.0994,0
947fa338-b5f7-4ce5-b3f6-680dcbbe23d3,38543a37-c3ff-4947-a0be-4c688daad6b3,2025-04-13,5060.76,beauty,0.347,netbanking,0,6,0.299,metro,0,4,evening,0.3007027884503935,0.058,0
aed04ad5-cb15-4d77-8208-3300513ddf00,1e875744-08ed-4a3f-8cdb-457e2c478f1b,2025-07-19,530.71,grocery,0.169,card,0,6,0.205,metro,0,3,evening,0.11390723161822383,0.0152,0
870d32e6-c55c-487d-8d0d-b153e7f7dada,a46a2b9d-9e01-4de2-ae6b-488580dd4d62,2025-04-17,7382.98,home,0.334,UPI,0,4,0.219,tier2,0,4,evening,0.36242851871884985,0.1319,0
ce4cfb0f-ae17-49da-a5de-58d7e40bb049,b7fee608-f381-4167-a173-bf1ad38bdb79,2025-06-25,4223.64,home,0.058,UPI,0,18,0.0,metro,0,4,afternoon,0.05881659853496958,0.0444,0
e71d9a5f-e26e-485f-ac0d-bcd8d657753d,dda5b132-3c35-48db-8feb-21f14075f104,2025-03-04,951.88,electronics,0.492,card,0,15,0.193,tier3,0,4,evening,0.23310699843617838,0.0532,0
5763eeef-93aa-4f4f-a691-a3d687082173,67939c94-864b-476c-adbc-b69702fdd112,2025-09-26,531.38,fashion,0.062,card,0,13,0.305,tier2,1,3,evening,0.3325622338548419,0.2625,0
15192f22-fda2-4ab4-87ad-ee2b51f29f2e,a46a2b9d-9e01-4de2-ae6b-488580dd4d62,2025-05-27,250.0,fashion,0.143,UPI,0,5,0.578,tier2,1,6,morning,0.36242851871884985,0.5526,0
661459f2-2c01-470b-ac55-f93431b78ee3,1b07e0e4-483c-461f-a950-6cf31ced0959,2025-09-22,755.44,grocery,0.23,COD,0,4,0.077,tier3,0,5,evening,0.19264547693073103,0.1096,0
27802727-8820-45fa-b9aa-2b93fd42004b,f920e7f3-d39f-4f68-a6df-bf5a555ec155,2025-08-06,1756.05,fashion,0.055,UPI,0,4,0.226,metro,1,3,afternoon,0.2063369651501635,0.1234,0
3ff74714-98d6-4d21-9231-19948744ffc9,265ca8d0-3df8-4d6f-9712-d08685f17132,2025-01-09,15855.71,beauty,0.245,UPI,0,21,0.144,tier2,1,7,afternoon,0.1913603605753747,0.016,0
6a7e666e-8177-4f09-9c9f-dc5b57141369,6bfa235b-d4d0-446f-85d2-e8dc00a3d98f,2025-08-19,5686.79,home,0.387,COD,0,17,0.616,metro,0,3,night,0.6039320915435429,0.2387,0
f1f03d78-84c5-4106-b658-5a703644cb7c,c5d85ede-c256-42df-b993-35deb12a5516,2025-04-27,705.75,beauty,0.096,COD,0,29,0.324,tier2,0,2,afternoon,0.3517803851773976,0.1339,0
0a543d79-0526-43d4-a829-e7f95f5e29a6,0b6f3e2b-84fe-456b-ad93-ffcb76fb728f,2025-04-14,516.09,electronics,0.162,UPI,0,33,0.243,tier3,0,7,afternoon,0.19762424986659227,0.0638,0
67cac57c-90d8-4c23-b85b-c54da4159904,276d280b-25fa-4fe4-a60b-fae1cca9860d,2025-04-19,474.3,fashion,0.078,COD,0,1,0.36,metro,1,5,afternoon,0.1486689431184178,0.3124,0
56de5c2d-3c35-48d9-a4ed-6809b3715139,3b49789c-945c-4714-a699-87e36fa56daa,2025-03-01,250.0,electronics,0.438,UPI,0,2,0.278,metro,0,2,morning,0.09630629790643759,0.0896,0
e0e60832-3e3d-4250-8ff9-a557750f6e40,5c3a491b-f023-457b-9da7-95a4eedebd89,2025-08-12,1183.66,home,0.141,UPI,0,21,0.119,tier2,0,1,afternoon,0.12936071938754626,0.1021,0
4a754c06-ca38-4902-92c2-a184d1d50bca,c987e835-2514-40cd-834c-f4d2261dd56b,2025-07-20,801.95,fashion,0.681,card,0,22,0.102,tier2,1,3,morning,0.06015710717930573,0.2675,0
3f1fcfc9-6a2f-4516-89de-ac5da27216c2,60ab47fa-fe76-4aa1-9125-a3006288e298,2025-09-22,250.0,beauty,0.241,UPI,0,22,0.293,metro,0,4,evening,0.2897378778415542,0.0695,0
7d904a96-2aca-4ac8-875f-950644e99ff2,4c2d0fbf-fe06-450e-8a17-136766d2e685,2025-03-21,697.83,home,0.456,UPI,0,10,0.48,metro,0,3,afternoon,0.23081817084314912,0.2217,1
26adc540-446b-4f1b-9335-15cb1ce3227d,08aef544-c5e9-4643-9aa9-07339815a3b1,2025-08-02,6641.33,fashion,0.354,netbanking,0,8,0.389,metro,1,5,evening,0.3389478327833424,0.1003,1
5b78ed46-0ada-4e54-9198-639bcc50bb5e,161df1c7-36db-490d-9f64-9879a7de2f27,2025-07-13,4391.31,beauty,0.332,netbanking,0,4,0.305,tier3,0,7,afternoon,0.24074547305735522,0.0213,0
20ccde65-48ac-43a2-a1f0-d4f6b39dd40e,92f8f8f3-1a19-41b0-9888-9ad14e0b35ba,2025-02-24,250.0,fashion,0.16,COD,0,14,0.047,metro,1,5,evening,0.14720873128711998,0.6015,0
2aca9855-9098-445a-ad85-e98f6506c3a2,cce5c7f6-4ae5-4d71-8510-ce1baced4c0a,2025-03-14,1094.99,home,0.578,netbanking,0,3,0.358,tier2,0,3,evening,0.40080141861945334,0.2421,1
b02726e3-b3aa-4a7c-b92b-482e0fcc252a,11174ed1-8ca6-4cf5-bbe2-8a4f930137ed,2025-05-08,1446.9,electronics,0.593,card,0,13,0.181,tier3,0,4,afternoon,0.06842336486313001,0.1438,0
a818a6eb-4c79-4b7c-838b-87aa6754dd44,fb1954cc-c93f-44b4-9155-10ddd8571b6d,2025-02-28,1559.71,fashion,0.608,UPI,0,8,0.138,tier2,0,2,evening,0.23865381601921165,0.2137,0
6d8770ff-8f5e-4fe2-a3ae-3c22525b8553,f0a8c6bf-2809-4029-9113-e981813368f5,2025-04-16,567.75,fashion,0.265,card,0,2,0.489,metro,1,4,evening,0.29458700556517403,0.2574,0
17ab1050-29b7-42d0-b9f2-5cad11f9ccf0,4e40c152-4279-4fbe-8a2f-a127f5613ef3,2025-10-10,250.0,fashion,0.653,card,0,26,0.045,tier2,1,4,afternoon,0.08097222048102413,0.1335,0
5e6193b0-30bd-4db8-af89-92e3fe3d8d47,359835d2-74a6-4ae7-bdf8-2bdc4ed675dd,2025-05-20,451.19,home,0.203,UPI,0,12,0.137,metro,0,4,afternoon,0.05662677973259444,0.0426,0
2aef4c69-2478-4253-aa70-2c62bac060c2,6d89b6da-05be-4f09-b2f2-542a975f2f53,2025-04-23,2505.18,grocery,0.452,card,0,14,0.357,tier2,0,2,afternoon,0.3016559281489719,0.0363,0
a9eda62e-2b82-4f3b-98c7-18781a269558,4490790e-4fea-4b93-a5b7-205d0c72419a,2025-04-01,250.0,electronics,0.17,UPI,0,6,0.398,tier2,0,3,night,0.33375713618452035,0.0622,0
49c8afd5-41a3-4812-9ece-f667a7499af5,c967d130-c116-4a5c-8589-391097b66b37,2025-02-02,1555.04,fashion,0.396,UPI,0,24,0.0,tier2,0,3,morning,0.04915448350944119,0.1373,0
816fa8a2-7945-4028-bb85-555bea1c2375,434d3577-d083-4b8b-b994-7cbc72a24b1a,2025-07-31,365.25,fashion,0.273,COD,0,2,0.254,tier3,1,3,evening,0.2773816073359342,0.7545,0
8aae0c62-7713-4ba8-ae31-bc7f48adbaf0,ccb655d6-cf38-407a-8bc7-0e7e075b7b40,2025-06-16,677.17,electronics,0.344,card,0,8,0.216,metro,0,3,morning,0.24986565117884016,0.0516,0
31f7b03e-502e-4fd7-8e81-309661cedd4d,c2761ffa-b403-4ed6-b73a-dc379007a279,2025-02-25,993.44,fashion,0.045,COD,0,1,0.116,tier2,1,2,afternoon,0.10515668766504281,0.2939,0
26e0fb7b-7b49-4b62-a122-758092e2e0a1,f809ca0e-f147-4dfb-b162-7c1694166381,2025-04-02,1100.9,beauty,0.653,COD,0,1,0.754,tier3,1,8,afternoon,0.7587990740316559,0.923,1
b345e3b8-ffa4-4ebc-9bce-b57bb5966da6,7a4e9ee7-df87-4f79-9ec7-3f4c1f489075,2025-04-09,1979.68,beauty,0.292,UPI,0,40,0.237,tier3,0,5,afternoon,0.23069756686430742,0.0622,0
c55c3b56-da0f-4296-ab82-af131b880a17,16ddae25-3f28-41d0-8a77-c8c87723adfa,2025-03-11,1030.37,electronics,0.21,UPI,0,12,0.466,tier2,0,2,morning,0.30707185083804733,0.0676,0
33b1d4ca-7546-44e4-a287-4fea005c8cd6,2e76c875-ce73-48b8-bb52-d2936c93ded9,2025-09-19,7522.51,grocery,0.161,UPI,0,2,0.119,metro,0,2,morning,0.03696830256968456,0.0064,0
0403e10a-ef13-4c3a-9a56-f03e749d3ad6,d9358869-66e4-4ee6-bb2e-f9062117fa78,2025-10-05,1192.67,fashion,0.392,UPI,0,18,0.203,metro,1,3,night,0.2042925306906814,0.1453,0
997dca67-1b66-44b8-bfe6-cccf21c1422b,98366b27-63ea-4f07-ba55-425588277375,2025-07-02,1364.97,electronics,0.541,card,0,5,0.239,tier2,0,2,afternoon,0.1494736716851247,0.0667,0
0078d1b8-48e4-43c0-8a2b-7cb72b2e9397,24f462d2-ab23-4d64-b4cd-5e1193e7769f,2025-04-28,615.08,home,0.507,COD,0,5,0.49,metro,0,4,afternoon,0.5997722687005431,0.3041,0
02af6951-049a-4d5d-a4b5-cbc85f72172a,98389b8b-658b-4eca-b919-9c37c2dbce1f,2025-02-17,678.78,fashion,0.209,card,0,14,0.098,metro,1,1,morning,0.04552205229964168,0.2144,0
1e9107a9-d441-41f8-98c8-e9610e5c0226,26a2a8f1-fd8f-4235-a9c7-77f65704c530,2025-04-21,645.16,beauty,0.392,netbanking,0,14,0.247,tier2,0,3,morning,0.24597285000833133,0.0989,0
33277fff-ad65-45ec-8a07-0eb72cb539fc,d2e06185-41b3-4488-a0c7-7165ae31370e,2025-03-28,3129.64,electronics,0.142,card,0,19,0.527,tier2,0,2,evening,0.4955830568370258,0.0462,0
d2a244be-3701-46f0-9ad5-0ff984316448,946e674c-f4ec-4a5f-844c-dd92739c41ac,2025-03-06,9364.57,fashion,0.381,UPI,0,4,0.533,metro,0,5,afternoon,0.6014601912708131,0.0884,0
6973d7e7-68d4-499d-b55d-f1804bb0c3a2,f5069c4e-0691-43d9-b3e0-3efe7073ec31,2025-10-10,354.76,electronics,0.122,card,0,17,0.0,metro,0,6,morning,0.03542903995029727,0.0267,0
bdc5c6c3-4680-40e2-a705-d482e17ef120,e90f2e94-525b-47c4-b592-56daaf0983cc,2025-01-14,250.0,beauty,0.082,netbanking,0,5,0.068,metro,0,5,afternoon,0.20763912883986363,0.0285,0
ee4998ad-526b-4868-9339-80ac8a8b3564,f2811512-6d74-428f-81ae-77df22796b31,2025-09-29,1849.52,grocery,0.218,COD,0,27,0.404,tier3,0,3,afternoon,0.2916477929418046,0.3751,0
12312f60-3fc1-4142-a3f0-ebf34e0a59d0,ec11d559-7980-4914-89e3-b56e72adba0b,2025-09-19,3183.45,fashion,0.449,COD,0,18,0.141,tier3,1,2,evening,0.1561219227039281,0.4678,0
c59733d1-2d47-4586-ac50-1d9ab228095d,19407932-d8b1-4cf9-823a-27cc0a751c71,2025-10-06,384.19,fashion,0.449,UPI,0,11,0.335,tier2,1,2,evening,0.24939791763606534,0.3681,0
57b1a69f-da57-4215-b166-ac595a91038d,9795bb9c-a3cd-4116-8a06-f4746212d4c6,2025-03-19,876.59,fashion,0.283,card,0,5,0.105,tier3,1,4,evening,0.1410845122933714,0.2037,1
4da86b37-384b-4999-bc69-967363ebd0fa,b409e3d7-b9a4-422f-952f-eaf1d5521144,2025-05-20,575.76,grocery,0.086,COD,0,19,0.407,tier2,0,3,evening,0.3974441051585353,0.0394,0
6362747e-2b66-4d81-a6ce-d72c324bdd32,600c04cc-363f-4f75-9850-6d7f60dcc5cd,2025-08-30,1797.02,home,0.234,card,0,2,0.11,tier2,0,3,afternoon,0.12241533806316059,0.0376,0
18ef0571-7e61-448d-95a8-88f8e3629117,93e4f60d-9a3b-4673-814d-a1c4b7fe7865,2025-06-23,3124.3,home,0.54,UPI,0,12,0.371,metro,0,3,afternoon,0.46001324343588723,0.0501,0
08be9d37-0144-4033-beda-0f291d93c7d8,cb772ef9-45e1-4d4b-9ad9-1d46caab33c8,2025-01-15,348.43,fashion,0.092,UPI,0,5,0.228,tier3,1,2,evening,0.14258967185168278,0.2731,0
6bfea23f-ae63-45f9-8720-2abcd0893c0b,c967d130-c116-4a5c-8589-391097b66b37,2025-08-03,2233.01,grocery,0.125,COD,0,25,0.086,tier2,0,1,evening,0.04915448350944119,0.0567,0
d0cc826f-5b79-4878-ab58-b1f278d93217,17b4ac80-5793-4301-bfa9-f9aefc25fff1,2025-08-09,717.15,fashion,0.223,card,0,13,0.243,tier2,1,1,afternoon,0.12601617248198352,0.2757,0
65ce3345-9a1d-4fd1-a90b-e620848ca0a9,a6d7cc39-c408-4a35-a826-06da3efd2983,2025-05-04,3806.21,beauty,0.01,COD,0,8,0.392,metro,0,4,morning,0.3734683492632352,0.0669,1
b6a211aa-eec4-4f8b-989d-2fdc35e79efb,fddab96a-bc23-43d2-a1f4-76de3a7b7f5c,2025-07-03,284.84,electronics,0.255,card,0,16,0.109,metro,0,6,evening,0.08979930230446,0.0166,1
c0c18d9b-6801-40cb-8789-ed833f4fa3ab,a202a749-e45e-4d7b-b9e4-97714e27bcb1,2025-09-25,3170.99,fashion,0.27,COD,0,11,0.258,tier3,0,4,night,0.1838032082155034,0.0901,0
3611fa40-3cb5-44c7-a8a7-c9b7e825011c,977eb7bd-1fdc-4bbc-9e4c-3253c5232c29,2025-05-28,250.0,electronics,0.394,UPI,1,0,,tier2,0,1,night,0.1354858514772503,0.2006,0
b82db066-411f-4cd1-b5a3-a6ac299e4542,f9852313-5fdc-437c-9c37-d03dbf8c8f0e,2025-09-26,318.64,fashion,0.438,COD,0,6,0.193,metro,1,3,morning,0.13745108080776064,0.4343,0
9a33d5bd-0a4e-410d-b7bd-027ee3bd11c5,f12f9975-0712-4d09-b5cc-14bee6fd60bc,2025-03-10,250.0,electronics,0.567,COD,0,2,0.336,metro,0,2,night,0.443593609971502,0.1404,0
75de6853-51c4-4bc2-8853-86fbf4ea485d,ec11d559-7980-4914-89e3-b56e72adba0b,2025-02-13,4511.81,grocery,0.058,card,0,19,0.189,tier2,0,1,evening,0.1561219227039281,0.0162,0
7a92ac7a-7927-491c-861f-98f215c7ea2d,5e758f8f-c2ad-4e0c-b4fc-026916c24854,2025-03-21,4208.49,fashion,0.336,card,0,33,0.031,metro,1,5,afternoon,0.048627470043128354,0.1639,0
9a623066-bde3-49b5-bbc1-da24914286b7,1b30e152-01ef-4d52-adca-b900c4178f48,2025-09-29,1297.47,fashion,0.069,COD,0,1,0.182,tier2,0,1,evening,0.22077260281268474,0.2063,0
370bdfe4-af40-4e76-97d2-ea8741541781,c987e835-2514-40cd-834c-f4d2261dd56b,2025-07-17,252.68,fashion,0.067,UPI,0,23,0.0,tier2,1,6,afternoon,0.06015710717930573,0.1273,0
aeef050c-4955-4644-a2f4-2ecd289641e4,b411f36e-bf74-4ba0-bff0-a67770bd35c5,2025-06-29,3876.08,fashion,0.431,COD,0,21,0.362,tier2,1,4,evening,0.4451782602422671,0.466,1
2aec4b33-5b37-4537-ac54-dd6e0fbbcc78,7c695393-1146-4c5c-9c91-a8863126b0ce,2025-01-31,5738.24,electronics,0.463,COD,1,0,,tier2,0,1,morning,0.08000890940875684,0.3657,0
6a4882e7-ed38-4e48-82b5-c34d2b2b4cf0,14dacb7a-4c30-4243-939a-a0e29b7f206e,2025-05-28,250.0,electronics,0.411,COD,0,3,0.439,tier3,0,7,afternoon,0.3923137330147234,0.5288,1
a7c4a048-d37c-476c-b9fc-befaac028802,ba1289da-01c3-417d-b553-a139f52c21a9,2025-02-27,1998.82,fashion,0.246,netbanking,0,1,0.407,tier2,1,3,morning,0.2754386295631827,0.2116,0
e6b31b8b-906a-4d7c-865b-c9954171db2c,b23dbe0c-d303-4353-b36f-ff05fe62747d,2025-06-26,1164.26,beauty,0.186,UPI,0,4,0.0,tier2,0,2,night,0.024014279411654592,0.0555,0
40b6e655-2ade-4552-b627-424a118ba919,99147503-441a-4858-9bd7-29926eb2f3c3,2025-05-27,9099.87,electronics,0.206,card,0,21,0.497,metro,0,3,night,0.3870026797871902,0.2283,0
506446f5-6f5e-4756-9fe0-ed49ed18e26c,fb1954cc-c93f-44b4-9155-10ddd8571b6d,2025-09-28,332.83,fashion,0.134,UPI,0,9,0.161,tier2,1,2,afternoon,0.23865381601921165,0.4502,1
71d627d3-b4e8-49a4-a34c-efc13dfa2311,e8236567-e21a-46bf-9ba0-de610564b03d,2025-05-30,5315.42,home,0.376,UPI,0,14,0.092,metro,0,3,afternoon,0.0912579377429543,0.0317,0
d95e290c-f5ec-4554-bc26-2c21c21f055e,00d7ec6f-303a-4739-9752-1e02bd6c52f3,2025-01-30,497.56,beauty,0.24,COD,1,0,,metro,0,3,morning,0.10716924450824651,0.576,0
abddfab7-4e3e-41f0-b64b-a0f7e3e02750,2286f067-3fb8-4d9d-8502-469f39a46441,2025-05-09,2298.48,beauty,0.065,card,0,27,0.347,metro,0,2,morning,0.2798863894924076,0.0633,0
2147a26e-0c9d-4e17-8ec5-260c64c90106,ac8ee436-067a-4aac-8496-8e40cfb19bfd,2025-09-13,4500.49,electronics,0.176,card,0,36,0.159,tier2,0,3,afternoon,0.2595265118239566,0.0617,0
a7b5bc90-2e3c-4795-9157-ad27dcb670f1,265ca8d0-3df8-4d6f-9712-d08685f17132,2025-10-26,4101.09,fashion,0.41,UPI,0,22,0.223,tier2,1,2,afternoon,0.1913603605753747,0.1291,0
2c42e1d4-05a2-4133-a748-31dbc5d62408,fddab96a-bc23-43d2-a1f4-76de3a7b7f5c,2025-01-15,2635.77,fashion,0.455,UPI,0,17,0.038,metro,1,6,evening,0.08979930230446,0.2839,0
b1e87c7c-379b-4134-85b3-a23d7f85c342,f2811512-6d74-428f-81ae-77df22796b31,2025-04-21,3862.3,home,0.194,COD,0,28,0.273,metro,0,4,night,0.2916477929418046,0.1819,0
7a6037ea-6e13-4f4b-b952-f1dfdec35534,44408e56-9a11-44d5-8a79-5e1ddafd28e1,2025-01-30,1613.45,fashion,0.263,card,0,27,0.325,tier3,1,6,evening,0.24706696213115537,0.3273,1
663cc5a6-7d9f-4c86-a1a2-53992fc8a550,f920e7f3-d39f-4f68-a6df-bf5a555ec155,2025-08-26,930.9,home,0.237,UPI,0,5,0.352,metro,0,2,afternoon,0.2063369651501635,0.0525,0
cf22a526-5b12-47da-be9b-f22e685723f0,f809ca0e-f147-4dfb-b162-7c1694166381,2025-01-11,9816.61,fashion,0.196,card,0,2,0.815,tier2,1,4,night,0.7587990740316559,0.1775,0
69902823-e68a-4cad-891f-b2efffd53084,4ed8649d-1f98-49ba-9ac7-95ad3fde0f37,2025-06-16,5971.98,beauty,0.377,COD,0,7,0.393,tier2,0,2,evening,0.36581399891508337,0.0892,0
f63173b5-5e16-4795-b617-a515c90b4991,9fb6398e-0d03-4ef7-b82b-f7d4b5edc8a2,2025-07-17,3199.39,electronics,0.449,UPI,0,13,0.087,metro,0,4,afternoon,0.2145242588320448,0.0301,0
09b68d21-7f54-4ef0-955e-57ba18b84ddb,8c644659-9832-432b-b635-3578f419696a,2025-07-30,677.37,fashion,0.09,UPI,0,8,0.296,tier3,0,7,night,0.18587087319682674,0.1218,0
32dc2121-3f66-405a-8da8-8a52a752bad5,735fdab8-3c31-4c12-8344-b632847001e7,2025-05-18,4144.45,fashion,0.36,UPI,0,12,0.634,metro,1,6,morning,0.6231863021915255,0.4477,0
2daf726e-40b2-430c-aa39-8cfc81527de0,49a190f2-c9c8-441e-b450-f1343adf4d1a,2025-02-08,7130.9,fashion,0.108,UPI,0,22,0.523,metro,1,7,evening,0.4134664929263236,0.1728,0
fd7c0b1b-74a2-4957-b458-13cf70d63603,9d1d8bca-9218-4856-8619-cfee194da74f,2025-07-22,1148.3,electronics,0.139,netbanking,0,31,0.289,metro,0,3,morning,0.24874291058771908,0.0564,0
6f737076-b673-4f14-90c5-adbc34027f5c,a8d82596-a628-4090-9c9d-4dd32b4ae4d8,2025-05-17,953.97,electronics,0.127,card,0,2,0.0,tier3,0,4,evening,0.17068626302318904,0.0755,0
84a1065e-4ec2-43c1-bb21-1ad72af1f283,4c2d0fbf-fe06-450e-8a17-136766d2e685,2025-03-01,590.63,fashion,0.093,UPI,0,11,0.257,metro,1,3,afternoon,0.23081817084314912,0.0891,0
19fb2d05-01bd-4c40-ba85-b3ba2a6b58f4,85fb6dde-4673-4009-b279-08f034a747e3,2025-04-11,436.63,fashion,0.134,UPI,0,11,0.234,metro,1,7,evening,0.2901295476709541,0.4287,0
51689a4a-7eb8-423c-80e7-3ca1d3efee87,501f87a8-0c71-4495-b7af-ef3e2d01f6d1,2025-10-03,516.02,home,0.423,UPI,1,0,,tier3,0,8,afternoon,0.26234867347983615,0.4518,1
66ea4177-aba5-46a2-8d84-27cd3852e47d,2286f067-3fb8-4d9d-8502-469f39a46441,2025-09-03,502.51,home,0.064,UPI,0,28,0.242,tier2,0,1,evening,0.2798863894924076,0.0263,0
0fc3f0c0-43e6-4e75-9f8c-a5510b4bb4da,51202da5-6142-480a-9dbc-d5dee0a4de60,2025-07-26,504.1,electronics,0.032,card,1,0,,tier3,0,2,afternoon,0.24098515142643895,0.1697,0
c69fea61-609b-42f7-bf46-b0028518f67a,eb07b44d-b3fe-4da4-86bc-808ae9a3182b,2025-04-13,613.05,electronics,0.252,card,0,7,0.703,tier3,0,4,morning,0.6823689291324807,0.1939,0
9a558ad0-fdc3-44ee-98b1-6826a31d1f67,d36a7387-21ab-43e5-bcb9-dcddf807849d,2025-01-23,739.06,fashion,0.21,UPI,0,18,0.438,tier3,1,4,evening,0.30018529874356914,0.3662,0
59c6f482-2164-464d-b4b9-f84ecbe4f68d,48b73317-327f-4f67-934a-b6dd2d521db4,2025-04-24,319.17,home,0.396,COD,0,13,0.279,tier3,0,6,afternoon,0.24989906497225137,0.2522,0
7b78228b-f002-4308-9943-cc4fa2a9d9b6,83fe6a19-57b5-4519-982d-d7d7bca39396,2025-10-17,1112.5,fashion,0.055,card,0,14,0.337,metro,1,1,evening,0.26357426902472036,0.1562,0
f6f34a14-44aa-4fc0-b274-bfffa7600fc8,092dea67-00b9-4796-9eca-80e49d11c18c,2025-02-01,1081.32,electronics,0.111,COD,0,4,0.275,metro,0,5,evening,0.16694172135754215,0.1414,0
8b033885-984f-457f-a845-31462272c4fa,ef0ff2d2-35b5-48b5-b806-a1f742caa3de,2025-10-14,1229.92,electronics,0.471,card,0,5,0.261,tier2,0,3,night,0.22359865383939137,0.0801,0
9e08c8df-aa13-4ef1-8792-a0f50d08fd7b,056e3d76-8183-4716-9184-151a4135f404,2025-06-28,833.31,fashion,0.544,COD,0,14,0.179,metro,1,6,morning,0.25703386186733934,0.4119,0
400557c3-c1c0-48df-8f01-c62fc2bc1f70,8b84f422-bb78-4d5b-8e7c-ee05fa3b7db7,2025-02-09,2600.98,home,0.16,COD,0,6,0.272,metro,0,6,evening,0.130383422505818,0.1214,0
9bcc5dfa-006a-4c56-8c3f-92bd576567cc,e6d6ae67-c6d0-4b03-a3d2-c00767e82e6d,2025-01-15,266.96,grocery,0.106,card,0,4,0.222,metro,0,2,night,0.1683531119228636,0.0256,0
61741184-f7dc-429a-9a54-717a4f688f16,b5732716-378d-4d65-9eee-84ef8d625d58,2025-03-25,2254.59,beauty,0.216,COD,0,3,0.079,metro,0,3,evening,0.13269837554654837,0.1122,0
589b4f01-83f7-46ed-bd00-c65b7b2ccbd6,d58ed780-65ee-4c51-be5d-39ded6ec4c3d,2025-03-16,782.13,electronics,0.135,COD,0,12,0.35,tier2,0,3,afternoon,0.3745706193331196,0.3588,1
d7902f82-34a5-48b4-af5b-15eef1184c1e,a6256430-3c71-4085-bbd4-f11ec5db53de,2025-05-07,4270.07,fashion,0.424,card,0,9,0.32,tier2,0,3,afternoon,0.20459557629689876,0.1699,0
efdbdae0-c2b9-4835-9d4f-7ed9b5753f27,c3f1cc06-68c1-442a-b18b-6338217bcf62,2025-02-20,414.99,home,0.318,UPI,0,20,0.0,tier3,0,3,evening,0.1091421274751211,0.1107,0
497dc02e-93cb-41e4-b0c0-0608d5feee83,3c287f81-302b-49d7-b333-502c52764540,2025-07-20,930.95,electronics,0.471,netbanking,0,5,0.521,tier2,0,3,morning,0.46015210405281526,0.1357,0
bc1c986f-61a1-4eee-bb58-a094ab23a038,2bf0d062-3044-43ad-afc7-95617e9ef54d,2025-07-27,250.0,fashion,0.212,COD,0,7,0.274,tier2,1,4,afternoon,0.24614417619698423,0.4221,0
0b08dd7b-8475-4148-8dcd-96ed09cc1bb4,3a457f70-d47f-43a5-88c5-b74c7d8ab2dc,2025-08-24,1888.79,fashion,0.162,UPI,0,6,0.404,metro,1,3,afternoon,0.3408921063238981,0.3889,1
6f9fbace-2e39-408e-bc67-97139864e4ef,573ef44a-b7bb-44cb-ae0d-923c3a996227,2025-10-24,3157.3,grocery,0.647,card,0,9,0.372,tier2,0,1,night,0.419905690979168,0.0469,0
1a6cfc10-93f0-4345-a20d-892c33c3e8b2,2b77e152-ac97-4061-9e6a-5abdc78bc29a,2025-01-22,2013.05,electronics,0.381,UPI,0,19,0.335,metro,0,7,evening,0.29832839962512075,0.0787,0
bafbabb8-5a35-4e94-a6fd-7d377bb7d0de,3c287f81-302b-49d7-b333-502c52764540,2025-01-07,5862.79,fashion,0.378,UPI,0,6,0.474,metro,1,7,evening,0.46015210405281526,0.2183,1
f9a7be8d-1676-49c0-83d4-6ef542191bd5,c5e8aef0-7362-4837-9a04-8b3fa7ff821e,2025-02-28,1481.92,fashion,0.136,card,0,22,0.483,metro,1,1,afternoon,0.5144941083307562,0.1099,0
b3782ef3-c590-4676-909c-836bf7ebcb3e,445901bf-0ebc-40a0-8471-e8dbff607138,2025-10-23,1714.87,grocery,0.291,UPI,0,3,0.469,metro,0,4,afternoon,0.3522819979765525,0.0452,0
902990f6-3d76-4ad0-8dc5-6307216889f2,6b914b9c-926e-4431-b82e-f178aae9d5c0,2025-10-25,2136.22,beauty,0.109,COD,0,17,0.396,metro,1,1,morning,0.2677657562695904,0.411,0
477ef404-dd02-4082-9aa2-09619ce3cd1c,2c1b640e-7361-4bb4-ac90-0bffa313f1df,2025-06-09,2227.84,fashion,0.441,UPI,0,1,0.159,tier3,1,4,evening,0.11554696311015139,0.1996,0
fc061362-5fc1-4a48-9966-8d1711595cf6,803b90da-18d4-43ed-b399-f19121b16143,2025-03-30,2014.68,home,0.253,UPI,0,1,0.043,tier2,0,2,afternoon,0.1284164011515337,0.0402,0
17ea4538-a492-48a5-b3c7-77deb21bac2f,23ac10de-578c-4d97-8a7d-5bc1a1fa17ef,2025-10-02,1518.01,fashion,0.556,COD,0,3,0.194,metro,1,2,night,0.1036324280316437,0.3813,0
a2ec2077-064f-48ca-a999-c229b81294fb,da84b692-c6d8-43fa-a00f-13d4135959fb,2025-10-21,1384.9,beauty,0.077,card,0,5,0.423,metro,0,9,evening,0.4069919336009818,0.2302,0
85915300-a43f-4099-ab67-74814918e252,0fba06d8-d561-4e1e-8221-f56fd92a018c,2025-07-22,1554.97,fashion,0.206,COD,0,13,0.361,metro,0,1,morning,0.41585134920398,0.3332,0
e4f04020-29e8-4367-9945-6dbc301a382f,161df1c7-36db-490d-9f64-9879a7de2f27,2025-06-27,250.0,home,0.621,COD,0,5,0.08,metro,0,3,morning,0.24074547305735522,0.4323,1
a04b100d-e8ba-4a5b-ad2c-52a7b036fbe9,0651ab9e-5b2b-46c4-9215-ff97762857c1,2025-06-27,795.65,beauty,0.46,card,0,13,0.359,tier2,0,1,afternoon,0.3926881472493449,0.1253,0
d5c984b7-b6a1-46c6-8897-ed9decb92aa5,23ac10de-578c-4d97-8a7d-5bc1a1fa17ef,2025-05-18,813.42,home,0.423,UPI,0,4,0.166,metro,0,2,afternoon,0.1036324280316437,0.0974,0
1daac852-9ad2-4e80-9f5b-053ec9e09ae3,5d6641a7-2c66-4278-98f6-6d3c2303ebb9,2025-05-26,641.91,fashion,0.198,UPI,0,2,0.219,tier3,1,6,evening,0.22661788203429245,0.1484,0
cbe1fd6c-9e77-4167-a9a8-ee54cd5f3be4,aeb809c7-7345-49c5-915c-5731c06a32e9,2025-03-27,250.0,grocery,0.286,UPI,0,3,0.385,metro,0,4,morning,0.412352927877719,0.0281,0
05def967-9433-4ac3-8df7-45aad9adbaaa,6c3f0a1a-8fec-42d8-96f9-176f7e65ba57,2025-07-27,3549.72,fashion,0.225,card,0,14,0.291,metro,1,4,morning,0.2765406569294239,0.3638,0
1eb2552a-a0ed-4dc6-a1a3-cf91244e13d1,82ad75fa-0a2b-4ab9-b69f-b4abe86f6437,2025-02-14,343.2,fashion,0.251,COD,1,0,,tier2,1,7,night,0.32438169600546557,0.8127,1
e636194e-51ae-4f2d-b364-032da618d516,49a190f2-c9c8-441e-b450-f1343adf4d1a,2025-05-10,705.85,electronics,0.199,COD,0,23,0.439,metro,0,2,afternoon,0.4134664929263236,0.138,0
5da730cb-22bb-4b88-9abf-0a44729b725a,899d1ec4-dd65-483a-b73c-de4ac803831f,2025-08-12,926.88,fashion,0.14,COD,0,4,0.129,tier3,1,6,night,0.15705197005739738,0.2479,1
570d171e-dc0b-4e06-910f-7e2cc682a181,fb1954cc-c93f-44b4-9155-10ddd8571b6d,2025-05-22,250.0,fashion,0.309,COD,0,10,0.277,metro,1,4,afternoon,0.23865381601921165,0.5108,1
e80af940-8e8f-4f32-aa2c-31781f412473,835b4038-88dc-4965-b6b8-921d3b0ad19c,2025-07-07,3322.12,fashion,0.103,COD,0,33,0.181,tier2,1,2,night,0.18168234468688693,0.2489,0
97aa9844-78f1-4228-88d6-1a926f0296ad,56a30258-3565-44b2-a8d7-1d0adece59a8,2025-03-24,2138.58,fashion,0.241,card,0,20,0.242,tier3,1,8,night,0.1548544510371693,0.3891,0
06cd03dd-e930-4a0b-a547-4cc828cff2a2,e6bb513f-2cd0-4bcf-9534-bae7ee504b7c,2025-05-04,10334.01,beauty,0.078,UPI,0,7,0.164,tier3,0,5,morning,0.09342709211833844,0.0075,0
dd0fd9e1-1151-431c-9577-b8b0b522b9f4,1c4f6d08-f28c-411b-ad7a-7123a63db32d,2025-09-04,1225.84,electronics,0.136,UPI,0,5,0.56,tier2,0,1,afternoon,0.6433649856347546,0.1279,0
99da4f63-7b3b-462e-aaa3-e83eca985313,328a3f2e-4f4c-43bf-9e08-f4acd5615061,2025-01-14,6926.82,beauty,0.164,UPI,0,6,0.058,tier2,0,1,evening,0.12950940053657903,0.019,0
b0506bdd-19dc-4b31-9317-109b937c6cbf,00ee6a6c-7fdb-4d2c-971d-b1bfa29fc269,2025-06-28,1705.51,electronics,0.153,COD,0,20,0.246,metro,0,4,afternoon,0.18608348760507418,0.0545,0
af57a6ad-b947-4e16-ad7d-42f84d85b5c0,f08d853b-6894-4bb3-971c-4183b39fae0e,2025-09-08,441.37,fashion,0.144,COD,0,14,0.198,tier2,0,2,evening,0.2486017792851423,0.2936,1
471b5a3a-9278-47e1-85c6-cbe150c0a255,41f5f8b3-7e3a-44d9-8602-d4cc35847329,2025-05-13,931.49,beauty,0.288,COD,0,5,0.349,metro,0,1,evening,0.21207519145076628,0.4663,1
ee662096-713e-4165-bed9-9845e1f48df0,413744d3-be2d-4444-8321-84e3d4f2a883,2025-09-20,2783.67,beauty,0.434,UPI,0,2,0.118,metro,0,4,night,0.17611303556440555,0.0974,0
f4236ba5-c4c0-44b5-8a65-85e579993baf,b0694581-e5bf-4757-913a-46834d324ff0,2025-09-22,1778.65,beauty,0.698,card,0,18,0.215,metro,0,6,morning,0.2365731909103324,0.1992,0
de64f3d7-fffd-4b71-8f84-5ef92cd4db43,dda5b132-3c35-48db-8feb-21f14075f104,2025-10-19,1128.6,electronics,0.425,card,0,16,0.263,metro,0,2,evening,0.23310699843617838,0.046,0
6b23e2e4-2be2-40b6-83ce-7a16fa1ddd34,6d6ae56d-11fa-4053-be24-184c1da67ec2,2025-03-28,1054.12,fashion,0.038,COD,0,7,0.155,metro,0,2,night,0.13845962298865533,0.3246,1
2969e645-0e0a-448d-a4a4-569762218dc2,cba0fbf1-c8e0-4aa6-8a6b-48f3baba929d,2025-07-08,1939.68,home,0.18,UPI,0,16,0.235,tier2,0,3,morning,0.3706024922013499,0.0737,0
0c74594e-ee06-4cc8-8d95-a4960419f18c,c3f1cc06-68c1-442a-b18b-6338217bcf62,2025-09-09,250.0,fashion,0.266,card,0,21,0.152,tier2,0,1,afternoon,0.1091421274751211,0.0409,0
bd46e5c9-b9e1-4552-9e7c-f17de3d7d952,039d6dca-0464-482f-87cb-0f4ec3ec4ddd,2025-04-01,1446.39,grocery,0.082,UPI,0,3,0.166,tier2,0,3,evening,0.2241974074982748,0.0308,0
8bf0567d-fe30-4fe5-b7d7-30e2911a1819,f9852313-5fdc-437c-9c37-d03dbf8c8f0e,2025-05-01,2965.9,beauty,0.096,COD,0,7,0.218,metro,0,1,night,0.13745108080776064,0.1255,0
0abebe2b-9717-4524-b7d0-672f67097fc2,93e4f60d-9a3b-4673-814d-a1c4b7fe7865,2025-02-07,907.04,fashion,0.066,UPI,0,13,0.436,metro,1,2,morning,0.46001324343588723,0.1888,0
d3bec4bf-2ebe-43f7-8037-1101c149a2da,f08d853b-6894-4bb3-971c-4183b39fae0e,2025-03-22,7482.27,electronics,0.05,UPI,0,15,0.276,metro,0,6,afternoon,0.2486017792851423,0.0365,0
17fced5f-1e1e-44bc-8fd4-1db7fda92d61,59265d36-e12e-4bfc-b8a8-29de0a16e8c5,2025-10-27,1078.16,fashion,0.75,card,0,20,0.384,tier2,1,1,night,0.35941268307576457,0.3678,0
3ad4a5be-d53a-4622-8fce-8b4434883902,9770188e-26df-49a0-9585-a1ffa837217a,2025-09-28,3993.47,home,0.34,card,0,10,0.285,metro,0,4,afternoon,0.2537284053397563,0.0365,0
33bb5cdf-a903-4f0f-919b-21814f4b5036,83fe6a19-57b5-4519-982d-d7d7bca39396,2025-06-25,1326.23,beauty,0.302,card,0,15,0.214,metro,0,4,afternoon,0.26357426902472036,0.0679,0
8b057ab6-481f-4571-977a-bdeda6130a51,3678c134-a42b-4685-ad15-81b9e73e73aa,2025-01-31,1194.7,fashion,0.372,COD,0,13,0.066,tier2,1,1,evening,0.1373435706874969,0.5063,1
8810bea5-a109-44f6-aa57-86c0f1be2236,359835d2-74a6-4ae7-bdf8-2bdc4ed675dd,2025-07-11,250.0,fashion,0.681,UPI,0,13,0.177,tier2,1,1,afternoon,0.05662677973259444,0.2918,1
f4c77492-dd2e-43a8-a72e-657b421de200,6b914b9c-926e-4431-b82e-f178aae9d5c0,2025-07-21,382.81,beauty,0.156,UPI,0,18,0.195,metro,0,6,night,0.2677657562695904,0.0495,0
dab18562-12ff-4712-9d64-9b821b4319b1,787739e4-6bfc-4e51-b3b0-26408d0e386e,2025-02-14,906.29,beauty,0.685,UPI,0,17,0.216,tier2,1,4,morning,0.3565159652552688,0.2821,0
300fd9d5-feec-4466-b815-742c43aec740,7226a281-8501-4f86-91cc-afa9ca3514d0,2025-09-03,504.64,home,0.042,netbanking,0,2,0.506,tier3,0,4,night,0.519733870835829,0.0792,0
2de57a85-fa61-418b-97df-8e11d5af2a1d,d477e243-3255-42be-a122-a88f8d1ace77,2025-01-31,420.22,home,0.214,UPI,0,6,0.179,tier2,0,1,afternoon,0.14992661347758604,0.1611,0
8665d521-d5a2-4913-b04b-8a7ed0937369,cda74f38-f117-46e6-86c1-27f5329aede0,2025-04-02,2985.52,electronics,0.253,card,0,6,0.667,tier2,0,4,evening,0.5362129046914219,0.025,0
304c72e3-ab7b-46d7-b8d6-6999ac51e08e,f4f65833-e9e9-40f8-a25b-d72cb6b53f4b,2025-01-24,917.27,fashion,0.187,COD,0,5,0.088,tier2,1,5,morning,0.13254072284680365,0.5095,0
22312e81-6873-4879-92b6-2752fa99f97e,44408e56-9a11-44d5-8a79-5e1ddafd28e1,2025-10-21,1966.87,fashion,0.427,COD,0,28,0.157,tier2,0,4,morning,0.24706696213115537,0.1193,0
8dfa851b-fbb6-439b-87e4-4665b836d39c,c98a4cb4-7028-4dff-af37-84307e0c0e6f,2025-03-10,2057.54,beauty,0.024,UPI,0,7,0.172,metro,0,1,afternoon,0.16177634634701885,0.0361,0
a8412feb-7586-46e3-81f8-438a1ff6a753,3619f901-76a0-4d85-88c5-2c8345d5b144,2025-04-25,1605.95,fashion,0.721,COD,0,4,0.372,metro,1,5,afternoon,0.3753463445849248,0.5009,0
7e4995ef-0505-4629-a09e-92d2ddfe4d08,4f3c225f-0b4b-4f93-b874-e66903ab3dc3,2025-02-24,1743.87,fashion,0.113,UPI,0,3,0.134,tier2,0,2,night,0.1551769252887446,0.0319,0
6865c513-66dc-4608-91a0-c9d6a9a15581,75d01b16-6ada-4bc9-b0e7-fcd9549b8b09,2025-05-03,1950.93,grocery,0.187,card,0,3,0.418,metro,0,2,afternoon,0.278455179805805,0.0543,0
4a3fc07d-fdee-48cd-b3a6-64ad59a1e281,2c5ef819-911b-4ca2-bf34-ae94b16c5272,2025-05-27,1743.52,fashion,0.226,card,0,2,0.305,tier2,1,2,evening,0.17267604750076926,0.2867,0
07ba4dcb-9dd9-4d73-9cb1-feb96da1001d,c987e835-2514-40cd-834c-f4d2261dd56b,2025-06-12,250.0,fashion,0.188,COD,0,24,0.113,tier2,1,2,morning,0.06015710717930573,0.4107,1
ea0a81e2-b979-40cb-9894-d86d9d9d37f0,d9358869-66e4-4ee6-bb2e-f9062117fa78,2025-01-14,1942.21,electronics,0.26,COD,0,19,0.15,tier3,0,3,afternoon,0.2042925306906814,0.1512,0
17671380-b7b2-4297-a21d-38a6df64874c,a05b51d4-cf4b-43df-8143-fc2defc4213c,2025-01-03,397.76,beauty,0.32,UPI,0,6,0.112,tier2,1,7,evening,0.13102794820675195,0.1409,0
a0037e17-50bb-4c70-946c-9702dcb411f4,c6829464-1335-46ed-adb7-4a3c9b07a5a8,2025-02-04,613.18,beauty,0.248,UPI,0,10,0.286,tier3,0,4,evening,0.2732031279049196,0.0919,0
c69de4bc-fcd9-4099-a9c3-d097d4ae159c,5e758f8f-c2ad-4e0c-b4fc-026916c24854,2025-01-25,763.89,grocery,0.554,COD,0,34,0.0,tier2,0,6,evening,0.048627470043128354,0.0925,0
ac223221-e359-465b-aca3-523ac654d081,cd8465b3-5dc0-4918-a21f-702a430fdf4a,2025-06-24,348.02,fashion,0.254,COD,0,7,0.201,metro,1,3,morning,0.07981520295766234,0.335,0
c66f45b5-3e23-41c0-b659-8f97272b4b00,adb45e54-c9f3-4b21-b54b-39616818eb97,2025-06-18,306.66,beauty,0.039,COD,0,4,0.501,metro,0,5,afternoon,0.4600954461872477,0.1981,0
16a2fc6c-8e46-48d6-8fbc-a9fad40cc50f,4c2d0fbf-fe06-450e-8a17-136766d2e685,2025-01-29,276.7,electronics,0.241,card,0,12,0.262,metro,0,3,morning,0.23081817084314912,0.1062,0
460454ff-7f39-410b-b9ea-e0a98964694a,02a5f6e6-ed13-4112-bdc9-2c7b67f3867c,2025-10-23,250.0,beauty,0.286,UPI,0,3,0.147,metro,0,1,afternoon,0.19943866470802457,0.1041,0
5be8625b-2526-40ef-807d-3b9267eee80a,b209d179-6418-4f8c-bd42-8e4f831f0776,2025-07-05,862.31,home,0.698,COD,0,26,0.265,tier3,0,4,evening,0.27580452681496,0.4549,1
682e8168-d75f-44df-8411-9526d9f74036,9770188e-26df-49a0-9585-a1ffa837217a,2025-03-09,886.06,beauty,0.314,UPI,0,11,0.327,tier3,0,6,morning,0.2537284053397563,0.1008,0
4fd847c6-0f9f-4581-9825-196f7871a843,af2adf9c-435e-4fe7-a1a9-ef7535a438fc,2025-10-03,1391.11,fashion,0.27,UPI,0,6,0.543,metro,1,4,night,0.46524312849146254,0.3334,0
61fc37e2-a8f8-47f7-956c-d22fc43aac6b,694022be-f45b-4b98-8a1e-01682ff6e821,2025-07-02,498.35,grocery,0.163,card,0,11,0.092,tier3,0,7,evening,0.09634270484326586,0.0083,0
b4f50b16-3627-445d-a5bd-dcbcfe94a218,b411f36e-bf74-4ba0-bff0-a67770bd35c5,2025-03-21,2305.14,beauty,0.464,UPI,0,22,0.557,metro,0,2,morning,0.4451782602422671,0.0947,0
36c2d19a-20ff-4bcc-84a4-b8330001f528,5a71659c-1263-4448-8731-60f1df983197,2025-05-28,412.07,electronics,0.062,netbanking,0,36,0.448,tier2,0,1,afternoon,0.4468118022423648,0.0304,0
6e75b9ad-6f8d-40c9-a732-1e91de70efb1,1152a6af-d25b-4b7b-9869-0b6a0e562cae,2025-08-01,995.59,home,0.208,UPI,0,4,0.418,tier3,0,4,afternoon,0.2384500662905658,0.0822,0
dc0ce900-0c5b-4984-b3d1-7d57fa86d794,4e3fc6b0-f121-4028-91ed-489282daa465,2025-03-21,2153.74,home,0.25,COD,0,3,0.215,tier2,0,5,afternoon,0.07820534188507672,0.1296,1
0e3e076b-9d9a-49ef-966a-22fb8348982f,06a55a66-90e1-4cb6-a2be-f26bb9c97d79,2025-02-01,1537.35,fashion,0.513,netbanking,0,5,0.076,tier3,1,4,morning,0.12972182350309738,0.2348,1
21b05ef9-2be7-4229-bc1d-6cb40f0f6438,1d389e03-f41d-4493-8048-8d028a5d27f2,2025-02-24,1017.39,electronics,0.508,UPI,0,12,0.219,tier2,0,7,morning,0.3251850941589013,0.1111,0
6dbac681-1685-41d9-8fc4-45c1552c07bd,544b57dd-aae8-4d49-a2dc-9382a2b7ff69,2025-03-18,3140.69,fashion,0.387,COD,0,13,0.049,tier2,1,1,evening,0.05655306904883348,0.3843,1
61c2d295-33ce-4e4f-b796-9d9edef83c7d,584ba5bc-dd82-4ec0-8a02-0c78788b93d7,2025-05-13,13956.93,electronics,0.261,UPI,0,1,0.361,tier3,0,5,evening,0.36385813299321307,0.0278,0
36468129-98d1-496b-a1dd-8d4ed9ea5e6c,2e76c875-ce73-48b8-bb52-d2936c93ded9,2025-06-25,250.0,home,0.218,COD,0,3,0.0,tier3,0,7,evening,0.03696830256968456,0.1431,0
dcf3ca9f-5bbb-49bc-b1f6-e98332571ef5,2a56f047-dcfb-47fe-b09d-c3fc8366e398,2025-07-25,2093.12,fashion,0.263,COD,0,3,0.382,tier3,1,5,evening,0.3758845675178493,0.4172,0
01a3b26d-8e13-41e7-b5ba-570e2f3447ad,0cba70d8-7b76-4a59-90e8-413b36d73797,2025-09-29,1189.1,fashion,0.501,netbanking,0,20,0.268,tier2,1,4,evening,0.21055725528180214,0.2962,0
b3b3641c-9379-414e-8e53-1eb92ab5b14d,b409e3d7-b9a4-422f-952f-eaf1d5521144,2025-06-21,1500.84,electronics,0.42,COD,0,20,0.379,metro,0,3,afternoon,0.3974441051585353,0.2186,0
b7494791-e37a-4b11-b2e4-858ef295b593,584f334e-48dd-4f27-a4f0-094f67166b6e,2025-10-04,351.87,fashion,0.57,card,0,9,0.335,tier2,0,3,afternoon,0.3900564499123696,0.259,0
fd334fd3-6dc7-481a-9f5a-48d186b6a71d,fb1954cc-c93f-44b4-9155-10ddd8571b6d,2025-01-25,5611.36,electronics,0.149,UPI,0,11,0.432,metro,0,2,morning,0.23865381601921165,0.0707,0
f3a088a5-ffdf-49a1-9ffb-457ca4c0a9df,277a79e8-5c1c-4c5a-b093-506fa7146b60,2025-01-03,3137.2,fashion,0.639,COD,0,3,0.282,tier2,1,2,evening,0.16757657415686808,0.6812,1
89c2c950-ae89-4feb-861f-3bced687e8d3,49a190f2-c9c8-441e-b450-f1343adf4d1a,2025-05-01,1463.14,beauty,0.358,card,0,24,0.366,tier3,0,3,afternoon,0.4134664929263236,0.2796,0
f504599e-6962-4871-a327-aecd0538ff52,b3a22f06-67e9-4f25-be9c-c94133fb91e9,2025-07-22,714.38,beauty,0.37,COD,0,1,0.389,tier3,0,5,morning,0.44930858167455523,0.4459,0
a9a246ce-9a7b-4789-864b-7f58b0d4f4a0,0b6f3e2b-84fe-456b-ad93-ffcb76fb728f,2025-07-19,5511.92,fashion,0.437,netbanking,0,34,0.08,metro,0,5,evening,0.19762424986659227,0.0649,0
de8e786a-c751-414e-86bf-518e847882fa,79d62d2f-2160-4129-951e-311e22c29fba,2025-01-15,1177.1,electronics,0.325,COD,0,5,0.467,tier3,0,2,evening,0.4187693037372645,0.0709,0
010f6250-0fd7-4d93-a7a3-02b3ee1fb1e3,b5732716-378d-4d65-9eee-84ef8d625d58,2025-08-09,682.87,home,0.594,UPI,0,4,0.201,tier2,0,5,morning,0.13269837554654837,0.1239,0
2f2ccb19-c336-483c-ad96-8ab44744aac8,c96a9e4f-f6e2-4582-900e-e47a05c7f83a,2025-08-24,1621.95,fashion,0.339,UPI,0,18,0.495,metro,1,5,evening,0.45454338905514596,0.2425,0
9b8f7b50-82ff-4ddf-b18e-e6b54883119c,1b30e152-01ef-4d52-adca-b900c4178f48,2025-06-19,584.72,fashion,0.469,UPI,0,2,0.088,tier2,0,3,evening,0.22077260281268474,0.1325,0
6eee90e8-27ae-436b-a2d5-10cfecf4cd77,161df1c7-36db-490d-9f64-9879a7de2f27,2025-08-12,492.19,beauty,0.048,UPI,0,6,0.406,metro,0,1,morning,0.24074547305735522,0.1162,0
f4faff93-e1ea-4af4-96b4-8944526cb9da,3b68140d-c04c-4ece-87a7-1b051083612b,2025-01-30,599.87,home,0.224,COD,0,13,0.339,metro,0,5,afternoon,0.3098477304837669,0.0936,0
b89faccf-2a71-4091-a5b0-1e1d82217872,ce4a3223-33b9-4bbd-a6ed-90323cd7f575,2025-01-05,3951.6,beauty,0.413,COD,1,0,,metro,0,1,evening,0.3342089746862077,0.5025,1
4a798459-b7fd-4aa2-91e8-4a245599325b,277a79e8-5c1c-4c5a-b093-506fa7146b60,2025-01-16,3018.44,grocery,0.113,card,0,4,0.11,metro,0,4,evening,0.16757657415686808,0.0175,0
3c7175c3-a1b1-4285-9b16-76e72de9f47c,dda5b132-3c35-48db-8feb-21f14075f104,2025-02-28,803.95,electronics,0.271,card,0,17,0.254,metro,0,2,morning,0.23310699843617838,0.0553,0
90c893ae-44db-4531-bb65-aa66ace289c8,f12f9975-0712-4d09-b5cc-14bee6fd60bc,2025-01-16,1112.86,fashion,0.301,card,0,3,0.414,metro,0,3,afternoon,0.443593609971502,0.2201,0
1a7ab145-ec39-4a27-acc9-6c6e459d5c9d,7f51804d-0307-4367-8d0c-719db1094ae8,2025-06-14,695.5,home,0.112,COD,0,12,0.167,tier2,0,4,afternoon,0.21082490652703922,0.0549,1
dad585ae-2140-48f9-bdb0-5126a0d03fff,d2e06185-41b3-4488-a0c7-7165ae31370e,2025-08-31,253.79,electronics,0.617,UPI,0,20,0.489,metro,0,5,afternoon,0.4955830568370258,0.1671,0
889f035e-3d08-4504-84fd-bc0860862229,c10c20d7-5510-41b0-8340-28bf31f5165f,2025-05-06,451.73,grocery,0.209,COD,0,1,0.433,tier3,0,4,evening,0.39222478041522824,0.062,1
c3a0d2e6-a7f0-4492-8ab5-7960e9e176fc,7a4e9ee7-df87-4f79-9ec7-3f4c1f489075,2025-03-07,1299.64,electronics,0.368,netbanking,0,41,0.262,metro,0,3,night,0.23069756686430742,0.0655,0
1608e58a-d7d6-4daf-92f0-3f3d603b47d5,9e5d4987-8d7d-4c47-8cdd-0d477afd0d41,2025-09-29,276.31,grocery,0.485,COD,0,13,0.24,tier3,0,5,evening,0.09221080951028436,0.0811,0
12523ef7-0a49-4926-8bc5-365ea168fd30,dda5b132-3c35-48db-8feb-21f14075f104,2025-01-25,250.0,electronics,0.296,UPI,0,18,0.213,metro,0,5,evening,0.23310699843617838,0.0327,0
23c787c8-40c4-4e7f-9107-bdf4352af845,e79af22d-f7a6-42c3-80e2-0d49628e908e,2025-03-16,1723.21,beauty,0.16,UPI,0,1,0.271,tier3,0,5,afternoon,0.1701013638867513,0.0627,0
e05895ae-a2e8-42e5-9183-40b0be553086,c967d130-c116-4a5c-8589-391097b66b37,2025-05-21,250.0,fashion,0.343,card,0,26,0.127,metro,1,4,evening,0.04915448350944119,0.168,0
3c3966df-901e-4521-b9d0-2c610831ac6e,b96b994e-0ecd-4a39-8a9c-94c3875de033,2025-03-30,1619.61,grocery,0.481,UPI,0,2,0.32,tier3,0,5,evening,0.31973660715339725,0.0637,1
0a7af5fa-5860-4695-ad04-16782dbbbc45,d90de035-a483-44b1-b67a-67761313e2c8,2025-05-03,531.21,fashion,0.441,UPI,0,1,0.216,tier2,0,8,afternoon,0.21143427414909952,0.2941,1
3ca0b21d-f1e8-4603-a6dd-4f6d9ffd487d,85fb6dde-4673-4009-b279-08f034a747e3,2025-09-12,371.03,electronics,0.081,UPI,0,12,0.261,metro,0,2,afternoon,0.2901295476709541,0.1435,0
a38fba8c-5f68-43d2-99a3-117ccb56a68b,dea29f8e-ac26-475e-a225-300fac669ed0,2025-04-28,5450.32,home,0.282,UPI,0,32,0.274,metro,0,1,morning,0.2211439005048725,0.0229,0
6256b287-88a7-40c6-b12c-6c29ea02ed9f,5e758f8f-c2ad-4e0c-b4fc-026916c24854,2025-08-02,4510.79,fashion,0.363,COD,0,35,0.0,tier2,1,1,morning,0.048627470043128354,0.304,1
30ff777b-29b8-469d-9ddb-8faa93f5c625,809440e5-dc7b-48de-8000-53ac94935dec,2025-06-12,1547.9,home,0.314,COD,0,12,0.236,tier3,0,3,afternoon,0.17298841463602524,0.2087,0
72bf50b0-76eb-4d59-b912-1f7ed513111b,a05b51d4-cf4b-43df-8143-fc2defc4213c,2025-01-13,4447.84,beauty,0.093,card,0,7,0.217,metro,0,8,night,0.13102794820675195,0.0219,0
01db276a-5ad6-4f00-b9d3-dcd6a9649c58,cd508d92-15fe-4a35-9c1b-37a278d36ea4,2025-01-08,2908.45,beauty,0.188,COD,0,32,0.182,tier2,0,5,afternoon,0.2771725532528444,0.0516,0
f3f7b996-e794-4574-9db2-536ded99aef2,2bf0d062-3044-43ad-afc7-95617e9ef54d,2025-07-27,271.42,fashion,0.671,UPI,0,8,0.357,metro,1,1,morning,0.24614417619698423,0.264,0
ce2263f1-1303-422e-8f47-9aa018f72efe,694022be-f45b-4b98-8a1e-01682ff6e821,2025-10-07,4232.14,fashion,0.351,card,0,12,0.106,tier3,1,4,evening,0.09634270484326586,0.1231,1
cd971802-c778-42f4-baef-854735714ca4,59265d36-e12e-4bfc-b8a8-29de0a16e8c5,2025-10-21,3117.74,fashion,0.102,card,0,21,0.395,tier2,0,3,evening,0.35941268307576457,0.0737,0
d809de58-c93e-4cdc-b93a-8a07bc8b2a26,938245c2-8647-4454-aa1b-998878f08b78,2025-07-24,1449.2,grocery,0.312,UPI,0,21,0.266,metro,0,1,morning,0.29048499029100583,0.0117,0
86b3849b-a319-46f0-80a8-20ca89c8968b,7a4e9ee7-df87-4f79-9ec7-3f4c1f489075,2025-05-05,1196.4,beauty,0.217,COD,0,42,0.135,metro,0,2,evening,0.23069756686430742,0.1312,1
a51ee76c-63d4-4b2f-a9d2-404fdf3c1505,a2a6e4a7-73f0-4f60-8023-1d364c305e4d,2025-02-18,1257.11,electronics,0.322,COD,0,23,0.174,tier3,0,6,morning,0.23228588338828865,0.2004,0
6d657801-be4e-427b-8a7c-72fb016493bf,6bf452e9-0173-469d-bfec-d17e576fd561,2025-07-17,346.55,electronics,0.329,card,0,11,0.094,tier2,0,3,morning,0.11826527161057414,0.0314,0
a35dc6c9-f8dc-4d56-a7c9-d8c89b7bf926,938245c2-8647-4454-aa1b-998878f08b78,2025-10-24,1310.78,electronics,0.337,UPI,0,22,0.235,metro,0,1,evening,0.29048499029100583,0.0761,0
c4fa695c-a143-419d-9036-5de770e2f9bb,4aa94a46-4510-4080-b9b0-34eb1ca77cd6,2025-07-17,11740.74,fashion,0.181,UPI,0,4,0.119,tier2,1,4,evening,0.11496764830095485,0.0139,0
24b5f751-a178-4773-a3b3-8530bc29de7e,99e318ff-1a69-4f68-addf-975990bd0414,2025-07-03,681.78,electronics,0.29,card,0,25,0.27,metro,0,3,evening,0.2434169799043869,0.06,0
ac47763f-8c2e-4d74-bc66-4eb731c87dce,966b6ee7-2d58-4b01-b2f1-b62362bf1b4d,2025-03-21,1236.65,grocery,0.312,UPI,0,3,0.405,metro,0,4,morning,0.37008993339073415,0.0305,0
c5e63423-f41d-4c50-a1cd-f9749ea9cc8d,486a908c-5502-4cc0-9b75-37b03e21f6b3,2025-01-20,2502.61,fashion,0.039,UPI,0,8,0.365,metro,0,7,evening,0.20531948812490197,0.0922,0
c2d2ae68-bc18-43dc-8e4b-bc3c4414d97d,3c0df3e1-c239-441b-b4dd-153f99532574,2025-08-03,3677.34,home,0.153,UPI,0,11,0.579,tier2,0,5,evening,0.5866676553486984,0.0918,0
134035e6-61f3-4425-ace5-2ea0e4ff4d8b,906a171c-f8ef-4c41-9106-4dedffaed9e4,2025-06-14,2574.97,home,0.708,COD,0,16,0.21,tier2,0,5,afternoon,0.14849469586761202,0.3102,1
5f1e662e-a06d-4097-92eb-9059eca6f3ba,e1a003ea-5c5b-42d1-ba24-ccd143e04a66,2025-10-13,285.12,fashion,0.279,UPI,0,4,0.554,metro,0,3,evening,0.44476856839523915,0.0641,1
ef57c277-7f6f-4308-a963-35920ec2d689,b409e3d7-b9a4-422f-952f-eaf1d5521144,2025-01-18,1008.94,fashion,0.189,UPI,0,21,0.535,metro,1,2,night,0.3974441051585353,0.2175,0
21136309-813d-428b-9dbb-1f2d5381fab4,b05cd307-ff39-4d35-b1c1-4cb2ba5733af,2025-02-06,1214.7,electronics,0.145,UPI,0,3,0.199,tier2,0,6,morning,0.11716756530475335,0.067,0
65ed4686-ea07-4e37-8cf4-cdca57283ae1,ba1289da-01c3-417d-b553-a139f52c21a9,2025-07-29,311.01,fashion,0.66,card,0,2,0.254,tier2,0,6,morning,0.2754386295631827,0.3776,1
0dd0a4d4-05d7-4ff6-849d-58dcdc55abfd,b409e3d7-b9a4-422f-952f-eaf1d5521144,2025-06-08,876.3,fashion,0.655,UPI,0,22,0.503,metro,1,4,evening,0.3974441051585353,0.3126,1
5a7c1b73-fd1f-496c-9512-8ded45a2ae70,c86a75f4-eea7-4fce-b017-88f6e68c8ccf,2025-01-13,1179.68,beauty,0.144,UPI,0,14,0.287,metro,0,5,morning,0.32801543383093573,0.0343,0
d6071b15-4c52-4cc9-be94-8547033583b7,e4fc2035-70f1-45b1-82d0-0ee396f0a984,2025-08-19,1966.71,fashion,0.473,COD,0,21,0.187,tier2,1,3,morning,0.21199326223067969,0.5837,0
823af81d-a2cd-4fae-b91a-d25dee8690de,f2811512-6d74-428f-81ae-77df22796b31,2025-04-19,2068.71,fashion,0.026,COD,0,29,0.33,metro,1,3,evening,0.2916477929418046,0.3763,0
3b05f6ba-b2e4-4124-85a0-7369797277cd,b5363dc8-2a80-4394-8468-4ca1bc562c90,2025-04-14,827.22,electronics,0.138,UPI,0,3,0.442,tier3,0,6,morning,0.2828521239790615,0.0514,0
604b672b-3e7f-46bb-a7f3-a5d5ae44e3d5,c967d130-c116-4a5c-8589-391097b66b37,2025-10-16,3392.42,fashion,0.447,UPI,0,27,0.0,tier3,1,4,night,0.04915448350944119,0.0944,0
42b3f743-9572-4191-9c55-bd479d27a3ff,f04ea3ca-68ee-4efe-a612-fe50610fd2dd,2025-03-07,13403.71,home,0.582,COD,0,20,0.138,metro,0,3,afternoon,0.2242312963277271,0.0345,0
9b8d2957-afe6-4027-987d-39272d82d5bf,87c90f8c-18d5-41bd-a017-72dc3f5b1ad3,2025-04-26,2150.32,home,0.256,UPI,0,12,0.355,tier2,0,2,afternoon,0.32765833124561905,0.0464,0
e8c21297-0998-4080-a262-48c129c88452,69364563-029b-4b8d-b6d6-09b30bc268e8,2025-03-23,909.89,fashion,0.279,UPI,0,4,0.17,tier2,1,1,evening,0.12664862946612027,0.2148,0
48296db1-6580-4e9d-a421-cd8306695784,17b4ac80-5793-4301-bfa9-f9aefc25fff1,2025-09-21,560.16,grocery,0.436,UPI,0,14,0.0,tier2,0,2,afternoon,0.12601617248198352,0.066,1
4c2013c0-12d5-4815-854b-10f46f3ab02f,da84b692-c6d8-43fa-a00f-13d4135959fb,2025-04-04,5507.84,electronics,0.123,UPI,0,6,0.47,metro,0,3,afternoon,0.4069919336009818,0.0125,0
381d5137-cbe0-4f87-b9a0-2114a7ebd0e4,265ca8d0-3df8-4d6f-9712-d08685f17132,2025-04-20,3077.5,grocery,0.11,COD,0,23,0.171,tier2,0,3,evening,0.1913603605753747,0.0408,0
f4ba0f6b-d19f-4911-b2f9-064821ef7c1e,894cacb0-1a22-4a51-98a1-cbc234902593,2025-04-20,549.48,home,0.478,card,0,3,0.0,tier3,0,7,afternoon,0.06133481491675551,0.0768,0
81178b53-9207-461f-8238-c7f518f9e08a,e4fc2035-70f1-45b1-82d0-0ee396f0a984,2025-04-12,453.1,home,0.393,COD,0,22,0.253,metro,0,6,night,0.21199326223067969,0.3529,0
5674b7f5-9399-4b12-bd6e-9a45d3a238ae,dda5b132-3c35-48db-8feb-21f14075f104,2025-07-10,2364.49,fashion,0.243,UPI,0,19,0.277,metro,1,1,night,0.23310699843617838,0.2345,0
edbbc103-66f8-49f1-8035-07aa53cae605,9d2096d1-96a7-40b1-b834-bd63f99029e7,2025-02-05,1178.55,fashion,0.613,COD,0,7,0.277,metro,1,2,evening,0.15808045554802053,0.4221,0
6b2fdc31-0980-4a4e-915f-5980b1dd7be7,7c6b9da7-8248-429f-b8c2-d73b993f51d9,2025-06-02,532.99,electronics,0.595,COD,0,1,0.252,metro,0,3,morning,0.3017312798128869,0.3519,1
4b89ddc9-53d5-4c60-a8ed-301f5857a5fb,00ee6a6c-7fdb-4d2c-971d-b1bfa29fc269,2025-08-22,3858.05,fashion,0.148,COD,0,21,0.263,metro,1,2,evening,0.18608348760507418,0.3732,0
babe5e0a-123e-46d0-a2cc-ea5e7598c1d5,39e67ff8-0ce4-494c-8717-1d4f63efa14d,2025-07-13,14655.24,grocery,0.358,UPI,0,7,0.0,tier2,0,1,afternoon,0.07293918209014336,0.0028,0
6d1c134c-cf30-4188-8b62-54fa18cd808f,8f4779cb-b618-4f81-bb3c-2fc51bd97d88,2025-07-08,2985.48,fashion,0.405,COD,0,2,0.384,metro,1,4,afternoon,0.3820936747712913,0.5687,1
8f9ba1d0-972b-447e-b2be-aa79441c02bd,1b30e152-01ef-4d52-adca-b900c4178f48,2025-08-29,7108.99,beauty,0.407,COD,0,3,0.262,tier2,0,1,evening,0.22077260281268474,0.0602,0
4a5ad4bf-1c81-4be5-ad21-085aca837de8,ac8ee436-067a-4aac-8496-8e40cfb19bfd,2025-03-05,469.88,beauty,0.367,netbanking,0,37,0.126,metro,0,3,morning,0.2595265118239566,0.2118,1
fa8d46df-4fe8-4336-9b16-af3e1a1a77e6,4d47ad50-ed68-4545-af4f-485a9b29b711,2025-05-09,1782.63,home,0.256,card,0,23,0.39,metro,0,3,afternoon,0.21989011196511407,0.063,0
f5b9a7a6-e1ac-4ecb-b7e1-4c484b704d99,ac8ee436-067a-4aac-8496-8e40cfb19bfd,2025-07-12,4337.33,fashion,0.217,COD,0,38,0.364,metro,0,1,night,0.2595265118239566,0.3216,0
202ccfe1-8214-478b-8bf4-17f0a0028f9d,af2adf9c-435e-4fe7-a1a9-ef7535a438fc,2025-10-16,581.75,fashion,0.207,COD,0,7,0.581,metro,1,5,afternoon,0.46524312849146254,0.4429,0
33ac25a7-3bf3-4f00-bd61-e03821e20227,1ec19d12-c4c9-4320-a035-98e17c951577,2025-09-30,625.78,fashion,0.566,UPI,0,27,0.082,metro,1,2,afternoon,0.18576378008237582,0.1122,0
4678f844-1c0a-4bd1-8c1b-895ac4d4f62b,00ee6a6c-7fdb-4d2c-971d-b1bfa29fc269,2025-09-25,858.03,beauty,0.582,COD,0,22,0.245,tier2,0,4,evening,0.18608348760507418,0.3935,1
e686676e-3f20-4434-8856-8bdc37efdf67,b5613467-d329-4102-b724-eb47dc04ed5f,2025-09-18,4061.5,electronics,0.347,UPI,0,10,0.377,tier2,0,2,evening,0.2676344641423701,0.0307,0
4abc92a6-9046-4925-8278-ca850c9ff90d,59265d36-e12e-4bfc-b8a8-29de0a16e8c5,2025-01-17,1421.02,electronics,0.098,UPI,0,22,0.214,tier2,0,4,night,0.35941268307576457,0.0265,0
55491d9f-34a1-41e3-b0eb-464bf469a112,938245c2-8647-4454-aa1b-998878f08b78,2025-08-18,565.59,fashion,0.243,UPI,0,23,0.126,metro,1,3,evening,0.29048499029100583,0.1917,0
d57cb607-407b-4dee-a00a-237de33ca687,3396f583-20d7-4d8a-83aa-dff5b5ea02d4,2025-08-28,452.56,grocery,0.372,COD,0,7,0.104,metro,0,6,evening,0.032458508417533755,0.143,1
d04914fd-3800-4816-9f14-009dbc1f5709,5c3a491b-f023-457b-9da7-95a4eedebd89,2025-06-24,2604.45,fashion,0.386,card,0,22,0.225,tier2,1,2,night,0.12936071938754626,0.2368,0
e42a4781-7bde-4299-a102-725135592e68,bf73103a-9b74-40e6-b8a4-57825a2b09e9,2025-05-15,3922.96,fashion,0.321,COD,1,0,,tier2,1,1,afternoon,0.485421923475875,0.7584,1
5e386fc0-6afd-4f3f-86d4-bcdb2ec5d843,8f7406c2-6849-4d3e-92b7-6e3b17489d67,2025-04-14,891.59,electronics,0.144,COD,0,9,0.339,tier3,0,2,night,0.3269451502115473,0.1498,0
c49bd149-1fdd-428a-b5c8-499d110f69c9,26a2a8f1-fd8f-4235-a9c7-77f65704c530,2025-06-09,254.69,home,0.176,COD,0,15,0.447,metro,0,2,night,0.24597285000833133,0.3439,1
f24151c6-0c99-4ee5-86af-dc9e4e94a507,31a583d0-4fa7-49b3-9881-d237a7af9e9c,2025-05-27,1154.45,beauty,0.266,UPI,0,4,0.127,metro,0,1,evening,0.11173338786746698,0.0891,0
a5487550-05d7-47ce-9d98-9006ce52b0ba,a2a6e4a7-73f0-4f60-8023-1d364c305e4d,2025-09-03,2667.72,home,0.141,COD,0,24,0.219,tier2,0,5,evening,0.23228588338828865,0.0664,0
c16f9bc8-dc17-473a-bb34-b26db53afb5c,486a908c-5502-4cc0-9b75-37b03e21f6b3,2025-02-13,1310.65,beauty,0.342,UPI,0,9,0.109,metro,0,3,night,0.20531948812490197,0.091,0
bb8b6bb1-0794-49d9-a78a-d40396211554,cd03dd27-2fc9-486c-998f-c61cf34b93ab,2025-05-15,4489.01,home,0.108,UPI,0,8,0.326,metro,0,2,evening,0.35614412579298554,0.032,0
e18e2519-3e49-4f1b-b327-511f6069d89f,7f51804d-0307-4367-8d0c-719db1094ae8,2025-04-17,725.59,home,0.269,card,0,13,0.401,tier3,0,5,morning,0.21082490652703922,0.0677,1
4f5a574d-acf3-42df-9113-8a3d75c61590,0e1c9a54-ebe5-4357-bc4e-21f6b25a37cb,2025-05-12,552.17,beauty,0.262,UPI,1,0,,metro,0,3,night,0.3808935371788415,0.2318,0
1117d9cc-2ab7-4052-a566-3d92263e3e9d,dfcf4ff2-0355-46ac-ae56-28d7acb70d60,2025-07-22,1447.27,electronics,0.588,UPI,0,3,0.208,tier3,0,4,afternoon,0.1822357329755217,0.1201,0
9b99cf63-a743-4b71-946d-a8fab42472c0,c3f1cc06-68c1-442a-b18b-6338217bcf62,2025-01-30,250.0,home,0.27,UPI,0,22,0.201,metro,0,5,evening,0.1091421274751211,0.0844,0
048b15fb-033e-4d47-ba29-4fe772bd77fd,08aef544-c5e9-4643-9aa9-07339815a3b1,2025-08-05,745.83,fashion,0.007,COD,0,9,0.355,tier2,1,4,morning,0.3389478327833424,0.2541,1
90ce0167-3078-4dce-b40d-48035de751d0,711f5cd0-684e-467d-8f71-3d79c61f74e2,2025-04-01,461.77,electronics,0.32,UPI,0,4,0.121,metro,0,3,afternoon,0.170527023331992,0.0119,0
1c6b6070-1fbc-41b7-8b9b-812402b407dd,830587ef-e382-4480-9a46-f2fb1f6d1a0b,2025-02-17,723.13,grocery,0.259,COD,0,21,0.058,tier3,0,4,afternoon,0.29038571770418864,0.0705,0
da7f1274-01f5-4264-804a-a92e4213aa65,f3145bea-0697-4659-8b9e-3e13d84ec40f,2025-01-24,675.34,beauty,0.45,COD,0,5,0.172,metro,0,4,evening,0.19519031892731586,0.1996,0
f6403c4d-964c-4b84-9928-96715ad723a0,23ac10de-578c-4d97-8a7d-5bc1a1fa17ef,2025-10-10,1468.04,home,0.436,COD,0,5,0.102,tier2,0,4,afternoon,0.1036324280316437,0.2284,1
724e42c2-8404-4d86-9e54-7fb6a6314328,a228e990-7b22-4983-997d-00faaa3c7dff,2025-05-08,1167.34,fashion,0.194,COD,0,2,0.003,metro,1,3,afternoon,0.05810633967327533,0.0713,1
17711dba-ae87-4bd4-923e-649440b2ee4e,a0d51492-1a9d-4d8c-bef3-c77305837da5,2025-08-09,5712.48,home,0.167,COD,0,5,0.0,tier3,0,5,evening,0.07875622019451736,0.1005,0
801dfbc4-65bd-4b81-b0bf-74be7126193e,ec11d559-7980-4914-89e3-b56e72adba0b,2025-04-09,469.48,grocery,0.081,card,0,20,0.266,tier2,0,1,afternoon,0.1561219227039281,0.0369,0
106a1a63-745f-4765-8e5f-dc3a31c76fa8,4d47ad50-ed68-4545-af4f-485a9b29b711,2025-10-27,1682.89,electronics,0.269,UPI,0,24,0.125,metro,0,6,evening,0.21989011196511407,0.0746,0
75d481f9-fbb2-4802-a3b2-7c3b9ba9ab9b,2a7fb427-4c3e-481a-9333-4b2ce1a6dfcb,2025-02-05,1421.22,electronics,0.092,netbanking,0,5,0.011,metro,0,2,evening,0.04633846991413163,0.0336,0
02925dab-34e4-40aa-ba2d-79cd59baa980,2302316f-5078-43eb-8c52-2fc10011451b,2025-02-02,755.8,beauty,0.421,netbanking,0,6,0.135,metro,0,2,morning,0.26860084009967505,0.045,0
817b7ae2-bbc9-4df9-8b3f-acae27bbb79a,ac8ee436-067a-4aac-8496-8e40cfb19bfd,2025-02-18,2984.22,grocery,0.426,COD,0,39,0.281,tier2,0,5,evening,0.2595265118239566,0.0541,1
e14112a4-7570-46bb-b4af-228c51f61bfb,dea29f8e-ac26-475e-a225-300fac669ed0,2025-09-10,1292.46,grocery,0.161,COD,0,33,0.118,metro,0,6,evening,0.2211439005048725,0.0567,0
eecd4bd0-6853-4f58-b71c-f0782f857a3c,f3ddac43-fdf3-4ccb-ae62-1bdf88af5fc3,2025-01-11,14177.85,fashion,0.126,UPI,0,4,0.207,tier2,0,2,afternoon,0.2445339867991523,0.0126,0
7d049666-7e4c-4f69-9627-4459b587565f,f04ea3ca-68ee-4efe-a612-fe50610fd2dd,2025-04-10,3773.99,home,0.372,COD,0,21,0.197,tier3,0,2,night,0.2242312963277271,0.1045,0
f35814a7-4eb8-4afe-b97a-471f959f4ed6,8abd559a-1477-46ff-abdb-32d2db795792,2025-07-14,993.75,grocery,0.195,UPI,0,3,0.408,tier2,0,2,night,0.3571737769623766,0.038,0
5c503eeb-afe5-48a4-a58c-1669f733b112,af9a11bb-3658-4e05-918c-ac3f7c175c59,2025-07-03,3103.6,fashion,0.041,UPI,0,4,0.0,tier2,0,6,afternoon,0.10073875282927403,0.075,0
5b16bbf9-1d7e-41d3-bc74-6e02d3999f3a,b7fee608-f381-4167-a173-bf1ad38bdb79,2025-08-16,2448.01,beauty,0.194,UPI,0,19,0.14,tier3,0,7,night,0.05881659853496958,0.0956,0
76d80150-6b43-4acf-b4b8-7237d864b8ef,93e4f60d-9a3b-4673-814d-a1c4b7fe7865,2025-02-08,1881.64,grocery,0.363,COD,0,14,0.397,tier2,0,2,evening,0.46001324343588723,0.1262,1
2030712e-e2ec-4360-8a81-c49faee1354c,24f462d2-ab23-4d64-b4cd-5e1193e7769f,2025-07-25,1025.71,electronics,0.257,UPI,0,6,0.546,metro,0,3,evening,0.5997722687005431,0.0927,0
6b54b14a-040c-446a-a768-b5d304726b06,22e9226e-161d-4c64-a061-7452d7b9e2b6,2025-02-14,2139.92,fashion,0.123,COD,0,3,0.148,tier2,1,5,evening,0.18270874579895838,0.2896,0
9c8520fe-169e-485c-816f-4ad547a87729,9770188e-26df-49a0-9585-a1ffa837217a,2025-07-25,1598.95,fashion,0.487,UPI,0,12,0.171,metro,1,5,evening,0.2537284053397563,0.2844,0
8e2d338a-864b-4469-9d64-e9cd74fc8a89,19407932-d8b1-4cf9-823a-27cc0a751c71,2025-01-02,830.31,fashion,0.201,COD,0,12,0.154,metro,1,3,morning,0.24939791763606534,0.4212,1
3e9376e5-7446-42e0-a76e-6ce96b8f1eca,f56ad4f3-b71a-44ec-80ba-95707d2ea8e8,2025-06-26,796.37,grocery,0.59,card,0,5,0.167,tier2,0,2,evening,0.0851383244395845,0.0295,0
5c5f2ebc-a127-49bf-8e76-77b6b8331cf2,ae369547-fee2-49f7-9496-0e050aec2a89,2025-10-23,2331.4,fashion,0.063,UPI,0,3,0.608,metro,1,1,afternoon,0.5692182601492508,0.4309,0
762110d1-7d7f-4ce4-8e79-ddd455ac9dc4,bd3a6289-ca9f-4419-850e-e8e8edf0e3fe,2025-01-04,6005.52,electronics,0.262,UPI,0,4,0.609,metro,0,4,evening,0.5280280326519072,0.0926,0
2e6d385b-71f4-4194-a91c-49f9fea3b23f,11174ed1-8ca6-4cf5-bbe2-8a4f930137ed,2025-01-19,2102.34,electronics,0.289,card,0,14,0.216,tier2,0,3,evening,0.06842336486313001,0.064,0
adaaf662-443c-43bc-a7fb-507521d37bfc,c5e8aef0-7362-4837-9a04-8b3fa7ff821e,2025-05-19,16455.06,fashion,0.097,card,0,23,0.42,metro,1,4,morning,0.5144941083307562,0.0459,0
c8620cae-678d-4329-9607-0042a0e72d96,fddab96a-bc23-43d2-a1f4-76de3a7b7f5c,2025-09-20,2587.3,grocery,0.211,UPI,0,18,0.01,tier2,0,5,morning,0.08979930230446,0.0184,0
6133ea90-2d72-4abc-9690-da2ac7818b5c,123b0df4-3a05-485e-805b-2431ad4e2a67,2025-08-29,467.48,fashion,0.23,UPI,1,0,,metro,1,2,evening,0.37695444338103923,0.3402,1
894faf67-ee92-4ac6-8e5b-28b900402909,10546d08-1053-4bf0-976f-4c40b2dcb1c8,2025-10-27,343.67,electronics,0.224,COD,0,13,0.032,metro,0,4,afternoon,0.021184252375003435,0.1634,0
21d3be91-75d0-42ed-a262-9a0a21ac27c1,ace1ab49-d6e4-4784-9490-26eccef63611,2025-03-24,250.0,electronics,0.333,card,0,17,0.111,tier2,0,6,morning,0.1503348970823547,0.0868,0
b99c402e-a858-4935-90cb-103cb6bd419b,ac001004-0e39-45ca-9077-5b2eda63a395,2025-02-15,1098.02,electronics,0.041,UPI,0,5,0.276,metro,0,1,night,0.10949310651314134,0.045,0
08b44c4c-48a2-4956-80e5-df47bbb635fe,1ec19d12-c4c9-4320-a035-98e17c951577,2025-06-07,696.17,beauty,0.051,UPI,0,28,0.21,tier3,0,5,morning,0.18576378008237582,0.1646,0
3b17b2e2-ca59-434f-a90e-948bdea033cc,31b3bbb8-aa06-40bb-a71f-aa588c7ead90,2025-01-03,256.72,beauty,0.75,UPI,0,10,0.166,metro,0,2,evening,0.23076225353726293,0.07,0
4fc28770-0ff3-4472-b862-229257961596,b9ab6a4e-9e61-4225-8298-12bde10de7a7,2025-01-27,1760.18,grocery,0.331,UPI,0,12,0.208,metro,0,3,evening,0.20154150931374812,0.0317,0
e5d4530d-4811-4c36-8852-411068905f9a,cd508d92-15fe-4a35-9c1b-37a278d36ea4,2025-01-15,7888.44,fashion,0.365,UPI,0,33,0.184,metro,0,4,afternoon,0.2771725532528444,0.0269,0
ef309912-22a8-40f7-aba8-2e9f1267b48e,d58ed780-65ee-4c51-be5d-39ded6ec4c3d,2025-03-18,971.86,home,0.58,UPI,0,13,0.382,tier2,0,1,night,0.3745706193331196,0.1402,1
26991a54-b45c-4c19-bfe3-cceea2fb847e,84572a47-a77d-46d8-86cc-c2d51f78a29c,2025-08-28,439.73,fashion,0.082,netbanking,0,3,0.11,tier2,1,6,evening,0.06840185073953457,0.1304,0
20fbda64-5e84-45d5-8ccb-532965a36ac3,19407932-d8b1-4cf9-823a-27cc0a751c71,2025-05-23,484.2,fashion,0.339,COD,0,13,0.269,metro,1,4,evening,0.24939791763606534,0.6498,0
a4e4966f-ae2a-4c0b-929d-e5e34c876e58,d58ed780-65ee-4c51-be5d-39ded6ec4c3d,2025-05-17,3658.74,fashion,0.331,card,0,14,0.36,metro,0,7,evening,0.3745706193331196,0.1663,0
5e4dd78f-054c-44d6-996a-e4b2ffb64ef8,49a190f2-c9c8-441e-b450-f1343adf4d1a,2025-06-20,263.93,fashion,0.157,COD,0,25,0.442,tier2,1,5,afternoon,0.4134664929263236,0.5418,0
e96ade1e-9486-4436-b3cf-66cfe493ea50,3f6b91e9-96c3-4fc7-8a88-dd310964eed1,2025-04-10,1113.36,fashion,0.123,COD,0,3,0.09,tier2,1,4,afternoon,0.0723604930788396,0.166,0
2dba3a2b-9c81-4040-88d2-0c569073eb21,5e758f8f-c2ad-4e0c-b4fc-026916c24854,2025-03-02,2046.18,fashion,0.399,card,0,36,0.094,tier3,1,5,night,0.048627470043128354,0.1743,0
f55b5592-4d2a-4a19-8170-28b90ca0f14c,0cba70d8-7b76-4a59-90e8-413b36d73797,2025-09-23,2235.41,fashion,0.224,COD,0,21,0.202,tier2,1,4,evening,0.21055725528180214,0.3226,0
f3adcc31-b7c1-47c9-87ac-a80acc7163a0,af989da4-8ff4-45a1-a5d5-4794c1a3f060,2025-08-03,1177.06,fashion,0.175,UPI,0,4,0.374,tier2,1,4,evening,0.38183286991587256,0.2699,0
47deffe2-f0c7-4918-b2b9-c7ce85609c57,ed0d4cec-07d4-440d-a77d-2f0af2663244,2025-03-14,2029.79,fashion,0.222,UPI,0,9,0.666,tier3,0,4,morning,0.6645072620284929,0.1887,0
9fc7b9d9-cd36-44ed-a342-4fd7d93b7739,ac8ee436-067a-4aac-8496-8e40cfb19bfd,2025-10-10,569.44,beauty,0.27,card,0,40,0.241,tier2,1,4,evening,0.2595265118239566,0.1492,0
aba135f9-0fcf-4a03-be02-b21734ed0269,b8d02904-601f-4dd7-a3d1-5fb98038da28,2025-06-02,996.26,home,0.404,card,0,7,0.126,metro,0,3,night,0.10839420542924075,0.0154,0
9f74ce3c-5f53-4863-bef4-b500f9aed62a,6b914b9c-926e-4431-b82e-f178aae9d5c0,2025-06-16,3395.99,home,0.225,UPI,0,19,0.288,tier2,0,5,afternoon,0.2677657562695904,0.0884,0
647992b1-b662-440f-9603-05a780a69a53,7e3187ea-5ab7-4cd8-84fa-6ff053c09d04,2025-05-19,1825.24,beauty,0.302,card,0,8,0.204,metro,0,7,evening,0.21026090580847182,0.0446,0
6a22f3f5-5311-4735-97aa-40f103663895,83fe6a19-57b5-4519-982d-d7d7bca39396,2025-04-17,2862.69,grocery,0.218,card,0,16,0.248,metro,0,3,evening,0.26357426902472036,0.0122,0
d43f982f-8f03-484b-ae48-0b96d399d881,f08d853b-6894-4bb3-971c-4183b39fae0e,2025-01-10,543.7,fashion,0.18,COD,0,16,0.325,tier3,0,7,evening,0.2486017792851423,0.5019,1
6265ab9f-140a-4a53-b24a-d923c331942f,cd508d92-15fe-4a35-9c1b-37a278d36ea4,2025-09-03,956.89,beauty,0.149,COD,0,34,0.21,metro,1,4,night,0.2771725532528444,0.3929,0
a45400a2-8fc7-4281-bea0-9cc6240a7db2,a202a749-e45e-4d7b-b9e4-97714e27bcb1,2025-04-16,333.23,home,0.204,UPI,0,12,0.235,tier2,0,5,morning,0.1838032082155034,0.071,0
1587ce24-1039-455f-96db-84c91e461a0f,b209d179-6418-4f8c-bd42-8e4f831f0776,2025-09-26,2527.79,electronics,0.201,card,0,27,0.253,tier3,0,4,afternoon,0.27580452681496,0.0612,0
994e329e-afad-4a02-b7ad-2d132458a472,ec11d559-7980-4914-89e3-b56e72adba0b,2025-05-16,504.49,electronics,0.081,netbanking,0,21,0.191,metro,0,6,night,0.1561219227039281,0.0739,0
689cd57a-df37-46f4-b4b1-7f5bcfa6a1ce,d36a7387-21ab-43e5-bcb9-dcddf807849d,2025-08-03,525.87,electronics,0.563,card,0,19,0.369,tier2,0,1,night,0.30018529874356914,0.0265,0
d77d522f-427c-458f-90c9-d3e3d9916808,092dea67-00b9-4796-9eca-80e49d11c18c,2025-01-17,771.97,fashion,0.317,COD,0,5,0.066,metro,0,3,evening,0.16694172135754215,0.3439,1
f5d16eda-bd07-4c43-838c-78e78cb7cfae,573ef44a-b7bb-44cb-ae0d-923c3a996227,2025-01-13,1671.75,fashion,0.327,card,0,10,0.444,metro,1,4,morning,0.419905690979168,0.0855,0
c7efe047-07ef-4895-8204-ce5b4d5c4256,c987e835-2514-40cd-834c-f4d2261dd56b,2025-03-04,4865.02,fashion,0.205,UPI,0,25,0.131,tier2,1,2,morning,0.06015710717930573,0.0867,0
aa0a8e11-f58b-4c99-b33c-02315a93a5e8,c987e835-2514-40cd-834c-f4d2261dd56b,2025-04-16,387.05,electronics,0.218,UPI,0,26,0.0,metro,0,4,evening,0.06015710717930573,0.0398,0
1d617fe0-27e2-4410-a000-26a484065479,e90f2e94-525b-47c4-b592-56daaf0983cc,2025-01-25,4178.29,fashion,0.042,card,0,6,0.212,metro,1,4,evening,0.20763912883986363,0.0494,0
59802f6e-2dc4-469e-a623-deb142552fa4,550da023-005b-43b9-aa0d-1336177847cc,2025-04-30,1471.68,electronics,0.286,UPI,0,3,0.07,metro,0,7,evening,0.09566624421358363,0.0396,0
656ffad9-867a-4a3d-9ceb-caf0fd6fa758,2bf0d062-3044-43ad-afc7-95617e9ef54d,2025-09-18,572.43,fashion,0.521,COD,0,9,0.331,metro,1,1,evening,0.24614417619698423,0.1676,0
f3982d28-4454-4be7-b698-3ab463811b0e,16761a20-3269-4f16-945e-f043559094ff,2025-07-25,2551.0,electronics,0.524,UPI,0,11,0.0,tier2,0,2,afternoon,0.021433052089598018,0.0216,0
451c5093-3701-4bcf-8a3f-baa2fcf02b80,4aa94a46-4510-4080-b9b0-34eb1ca77cd6,2025-03-10,570.7,fashion,0.182,UPI,0,5,0.033,metro,1,2,night,0.11496764830095485,0.0876,0
14f21f24-5e37-43af-a8f0-fe00970b893e,68a3ee92-a813-4868-9f47-108eb364180f,2025-07-22,250.0,beauty,0.195,card,0,1,0.389,tier2,0,2,morning,0.2439801007675435,0.0596,0
6ea89b7f-8361-453d-983e-ddc349ab4051,dda5b132-3c35-48db-8feb-21f14075f104,2025-07-11,1501.65,home,0.09,UPI,0,20,0.416,metro,0,4,night,0.23310699843617838,0.0473,0
ee4282b9-d986-4fc2-92c0-91e663fce302,d58ed780-65ee-4c51-be5d-39ded6ec4c3d,2025-02-12,2923.82,home,0.673,UPI,0,15,0.31,metro,0,3,evening,0.3745706193331196,0.2477,0
90f3b74e-9b3c-4684-a08f-f34b60fd3b37,899d1ec4-dd65-483a-b73c-de4ac803831f,2025-08-13,1598.14,fashion,0.315,card,0,5,0.199,metro,1,1,morning,0.15705197005739738,0.263,0
ce49b3ef-c42d-47a6-a350-0cbe0455b551,171da275-1177-47e0-8508-b0c0b9a18def,2025-05-13,707.52,home,0.242,COD,0,5,0.224,metro,0,1,morning,0.2333357897188074,0.2435,0
ca46ce90-cb9a-48eb-990e-04b5d0bf7bb6,e75b5a37-ac60-4066-a040-3617f0d903ea,2025-09-21,1182.19,electronics,0.119,COD,0,19,0.267,tier3,0,4,morning,0.24645297721478737,0.1791,0
1a7d0f78-e40d-4c34-8042-1db72c264065,dfcf4ff2-0355-46ac-ae56-28d7acb70d60,2025-05-11,250.0,electronics,0.271,UPI,0,4,0.116,tier2,0,1,afternoon,0.1822357329755217,0.0226,1
54cc5b1f-528c-402c-89da-6cef8f22b194,092dea67-00b9-4796-9eca-80e49d11c18c,2025-01-18,1713.97,electronics,0.56,netbanking,0,6,0.065,tier3,0,4,afternoon,0.16694172135754215,0.1448,1
08b27539-989b-4fcd-bee2-01803ffd2b89,4d47ad50-ed68-4545-af4f-485a9b29b711,2025-07-06,2364.04,electronics,0.418,COD,0,25,0.287,metro,0,5,morning,0.21989011196511407,0.1681,0
b83e37fd-c3d2-41fb-b4e6-af70b567af88,ba9504c7-b413-4ee9-861d-702ad1482abd,2025-07-11,5689.71,beauty,0.166,UPI,0,14,0.331,tier3,0,3,evening,0.21485681318313843,0.0685,0
cfc737a7-c7c7-4ad4-8372-d4c4660ff174,a0d51492-1a9d-4d8c-bef3-c77305837da5,2025-04-19,1034.85,fashion,0.523,UPI,0,6,0.0,metro,0,2,night,0.07875622019451736,0.1687,0
5833cc2e-3620-441e-826d-e4f2523ca2c9,63d8dd12-39d4-4e1e-bdd7-72b1c1a0b1c0,2025-08-04,882.46,beauty,0.205,COD,0,22,0.282,tier2,0,1,morning,0.22490754943212576,0.2722,0
81f3b19c-ad9c-45e3-b126-f40a5795bd1e,2faf7906-027d-4930-9bed-ebe9579bc1f2,2025-05-25,3618.04,fashion,0.557,COD,1,0,,metro,1,4,afternoon,0.22018251677280468,0.7129,1
829b95a1-5675-4712-84a7-52711a308772,c86a75f4-eea7-4fce-b017-88f6e68c8ccf,2025-08-10,580.52,electronics,0.182,card,0,15,0.322,metro,0,2,evening,0.32801543383093573,0.0301,0
a1737263-ef5b-4ae1-97fb-147a38a4ed97,8c24e923-2dbf-4f43-b0b2-6e851d21fa34,2025-10-16,4334.67,home,0.591,card,0,27,0.034,tier2,0,2,afternoon,0.10820090543681238,0.0321,0
b3df00ed-0cac-4823-8d58-c54e7e9588f5,cba0fbf1-c8e0-4aa6-8a6b-48f3baba929d,2025-01-02,4422.62,beauty,0.256,card,0,17,0.284,tier2,0,1,morning,0.3706024922013499,0.0335,0
cf2972d5-e212-4255-8fca-43d16bb67127,9ed30459-baa2-46a2-ad3b-80868919e0f4,2025-08-19,3435.64,fashion,0.327,UPI,0,5,0.213,metro,1,3,afternoon,0.22367316697863052,0.0296,0
c7d4ad89-3360-4718-8f63-731f4e69250b,906a171c-f8ef-4c41-9106-4dedffaed9e4,2025-03-17,3301.13,beauty,0.147,card,0,17,0.094,tier2,0,1,afternoon,0.14849469586761202,0.0309,0
1bb37927-1317-46ba-859a-2778c214f041,00ee6a6c-7fdb-4d2c-971d-b1bfa29fc269,2025-09-04,250.0,fashion,0.549,COD,0,23,0.259,metro,0,5,evening,0.18608348760507418,0.4752,1
7bc092d7-b1cb-4df8-94d6-71a0ec4b798c,277a79e8-5c1c-4c5a-b093-506fa7146b60,2025-08-15,1907.14,fashion,0.121,COD,0,5,0.249,metro,1,1,afternoon,0.16757657415686808,0.4769,0
a1dbb5d5-3a5f-4a83-8c15-969f0289d26c,e6d6ae67-c6d0-4b03-a3d2-c00767e82e6d,2025-02-10,531.98,grocery,0.357,UPI,0,5,0.19,tier2,0,4,afternoon,0.1683531119228636,0.0231,0
0a7a85fa-b8c4-4e83-b2c2-40a6eb0bec0b,ec11d559-7980-4914-89e3-b56e72adba0b,2025-08-08,3150.04,fashion,0.318,UPI,0,22,0.118,tier3,1,4,morning,0.1561219227039281,0.1772,0
2df13849-19e0-46f6-a449-8532cdf7c466,544b57dd-aae8-4d49-a2dc-9382a2b7ff69,2025-01-03,3309.75,electronics,0.281,UPI,0,14,0.061,metro,0,1,afternoon,0.05655306904883348,0.0181,0
d8733663-8d8d-4d1c-b3ba-6dd458fe4305,8b84f422-bb78-4d5b-8e7c-ee05fa3b7db7,2025-05-11,2676.61,electronics,0.423,UPI,0,7,0.203,tier2,0,3,evening,0.130383422505818,0.0584,0
ad4b1bc9-8222-4359-8cbb-af1ed94d0ffb,1ec19d12-c4c9-4320-a035-98e17c951577,2025-09-05,1034.6,electronics,0.188,UPI,0,29,0.297,tier2,0,3,afternoon,0.18576378008237582,0.0227,0
e253ba29-ffc7-4270-bf15-7ddc20f4926f,b1a30137-7368-48c3-8194-6c835d158d6d,2025-08-23,1727.32,grocery,0.119,card,0,1,0.306,metro,0,4,afternoon,0.33042386606575225,0.0148,0
f8ccb62d-1bc5-411c-bda6-a8909650f612,f12f9975-0712-4d09-b5cc-14bee6fd60bc,2025-07-08,250.0,grocery,0.379,COD,0,4,0.415,metro,0,1,evening,0.443593609971502,0.0851,0
7fd83f86-856b-41ef-a26c-27080058c913,9d1d8bca-9218-4856-8619-cfee194da74f,2025-07-23,4128.39,fashion,0.362,card,0,32,0.148,tier2,1,2,morning,0.24874291058771908,0.219,1
b0b52da2-af58-4a3e-bc9b-8ea7e544dcef,8c24e923-2dbf-4f43-b0b2-6e851d21fa34,2025-05-19,2254.36,grocery,0.147,COD,0,28,0.081,metro,0,4,morning,0.10820090543681238,0.0142,0
166f9ea3-81ff-4a41-b1d7-077949252faa,85fb6dde-4673-4009-b279-08f034a747e3,2025-01-17,1445.32,fashion,0.476,card,0,13,0.294,tier3,1,4,evening,0.2901295476709541,0.3995,0
d62347c5-4d8d-44ee-b511-e6cd40e4930d,63d8dd12-39d4-4e1e-bdd7-72b1c1a0b1c0,2025-01-25,1912.38,electronics,0.623,card,0,23,0.375,tier2,0,5,afternoon,0.22490754943212576,0.1667,0
e1b55326-e0c6-4765-aa8b-5294dbdad6f6,9b5fdd9f-ac74-4bca-86c3-b369d6b3dd45,2025-06-17,438.2,fashion,0.272,COD,1,0,,tier3,1,5,afternoon,0.27384551710437044,0.5544,1
97fad977-a88f-43ad-afaf-495dc6733459,f9691f62-eba3-4973-ac0d-3de0ec286d88,2025-10-17,467.93,fashion,0.131,card,0,5,0.236,metro,1,5,evening,0.33946126851350195,0.1266,1
7d710a85-224d-45d8-9155-32f2bef322b6,966b6ee7-2d58-4b01-b2f1-b62362bf1b4d,2025-02-27,2781.69,fashion,0.31,card,0,4,0.31,metro,1,6,morning,0.37008993339073415,0.1579,0
b4e195d6-50a6-4dc6-aca0-687e45d22a76,b96b994e-0ecd-4a39-8a9c-94c3875de033,2025-10-08,5179.87,fashion,0.372,card,0,3,0.286,tier2,1,2,afternoon,0.31973660715339725,0.3532,0
101935f4-7340-4bec-8143-263706d22533,c04c2c09-5f42-4b59-aeb5-6d35280a5d01,2025-01-08,1688.89,fashion,0.337,card,0,15,0.049,tier2,1,7,evening,0.06067469417646223,0.3979,1
254d23fd-de14-4d5d-8f99-7a12d0abe211,08aef544-c5e9-4643-9aa9-07339815a3b1,2025-09-07,3837.22,electronics,0.208,UPI,0,10,0.401,tier3,0,3,afternoon,0.3389478327833424,0.0884,0
c6357ada-ef0c-4381-8aff-acb477b7001f,a2a6e4a7-73f0-4f60-8023-1d364c305e4d,2025-07-24,2754.04,fashion,0.07,COD,0,25,0.199,tier2,1,2,morning,0.23228588338828865,0.368,0
5e166ad3-fa6a-490c-8ea2-202d9889f9a2,c04c2c09-5f42-4b59-aeb5-6d35280a5d01,2025-08-21,500.24,fashion,0.113,UPI,0,16,0.0,tier3,1,4,evening,0.06067469417646223,0.2534,0
cf97e838-8fb8-4639-8be1-94bba0b8158e,c967d130-c116-4a5c-8589-391097b66b37,2025-02-05,4475.15,electronics,0.137,COD,0,28,0.092,tier2,0,5,morning,0.04915448350944119,0.0836,0
9c414747-10ca-449b-97d3-fb1c6a230db5,171da275-1177-47e0-8508-b0c0b9a18def,2025-09-02,7918.23,electronics,0.282,UPI,0,6,0.309,metro,0,3,evening,0.2333357897188074,0.0486,0
2a4ae405-bc75-43d5-9aa4-792666ba6789,803488e3-f195-4510-8729-476cfdddc9b9,2025-08-06,1794.31,electronics,0.317,COD,0,8,0.382,tier2,0,5,afternoon,0.44640490282899387,0.195,0
3ef0a2a5-26e2-449f-b257-99118229bef6,ddfc876a-1d41-4a01-b847-5b960366c16f,2025-10-02,250.0,home,0.162,UPI,0,5,0.237,metro,0,5,morning,0.23305342178158567,0.0138,0
2a1e21b4-d991-4268-8fee-6070b06b010f,8f7406c2-6849-4d3e-92b7-6e3b17489d67,2025-01-06,3767.89,fashion,0.114,COD,0,10,0.279,tier2,1,3,night,0.3269451502115473,0.27,0
cb8d232e-f428-4891-ba90-7b933c496be7,735fdab8-3c31-4c12-8344-b632847001e7,2025-09-03,1454.56,beauty,0.358,UPI,0,13,0.601,metro,0,4,evening,0.6231863021915255,0.195,0
984d39f2-44c3-4b7b-a259-fb4206dadfc2,265ca8d0-3df8-4d6f-9712-d08685f17132,2025-03-06,1336.66,home,0.069,card,0,24,0.137,metro,0,1,evening,0.1913603605753747,0.0304,0
02193812-e103-439d-a53e-3fa3a7711e77,9d1d8bca-9218-4856-8619-cfee194da74f,2025-03-20,743.79,fashion,0.424,UPI,0,33,0.294,tier2,1,5,night,0.24874291058771908,0.4772,0
78c89b3c-46c8-4ac4-9b93-4af796adbd6b,429a3593-a1f1-41a7-8879-ead65bd1838e,2025-02-26,2627.76,electronics,0.056,card,0,8,0.137,tier2,0,4,night,0.17602227586818103,0.0164,0
348159bf-2ab8-418c-aaa7-41517ca0ae72,5a11ae1b-953c-41af-83dc-44c210b745e5,2025-01-16,306.38,fashion,0.012,UPI,0,13,0.066,tier2,1,5,evening,0.13954174495960747,0.2155,0
9a026726-f08d-4106-a64f-6520e516c7a5,2bb85dc3-de8b-437b-aa19-641e451bf309,2025-03-22,1409.72,home,0.373,COD,0,2,0.257,metro,0,3,morning,0.21474519574388043,0.0878,1
718c1be6-c3a8-4eb2-9f09-6cffb35b985f,ec11d559-7980-4914-89e3-b56e72adba0b,2025-04-30,5270.02,fashion,0.085,COD,0,23,0.302,tier3,1,3,evening,0.1561219227039281,0.3472,0
a8c4b576-1cae-4be3-b1bf-be1f7793e488,e8236567-e21a-46bf-9ba0-de610564b03d,2025-06-04,4217.35,home,0.58,COD,0,15,0.097,tier2,0,1,afternoon,0.0912579377429543,0.1122,0
0b7fe553-28d9-4d55-98b2-37a465a3a512,2c1b640e-7361-4bb4-ac90-0bffa313f1df,2025-09-25,250.0,grocery,0.207,netbanking,0,2,0.171,tier2,0,1,night,0.11554696311015139,0.0127,1
846ecc71-d429-4f67-b099-3055c48772f0,19407932-d8b1-4cf9-823a-27cc0a751c71,2025-07-21,1250.03,home,0.263,card,0,14,0.268,tier2,0,4,night,0.24939791763606534,0.0731,0
9a6187fd-0302-415c-ad5f-35b8e0070557,a620ea3f-36b1-41d5-9bc0-ae4bda7f54d5,2025-03-14,3501.8,beauty,0.285,UPI,1,0,,tier2,1,3,evening,0.3315296534061664,0.1524,0
6fd4c333-d3cd-4911-8500-ed6b25139f8c,cba0fbf1-c8e0-4aa6-8a6b-48f3baba929d,2025-04-21,3255.45,grocery,0.275,card,0,18,0.316,metro,0,3,evening,0.3706024922013499,0.0356,0
83d792f5-546e-4ab1-9bd9-e97465462734,d58ed780-65ee-4c51-be5d-39ded6ec4c3d,2025-05-12,6889.11,grocery,0.212,UPI,0,16,0.436,tier3,0,7,morning,0.3745706193331196,0.0223,0
77d1375e-b5a2-4096-abeb-7676a4a10b2c,85fb6dde-4673-4009-b279-08f034a747e3,2025-02-25,250.0,electronics,0.108,UPI,0,14,0.207,tier2,0,2,morning,0.2901295476709541,0.0504,0
cf169b8d-4aa8-436c-a292-99da864934e9,584f334e-48dd-4f27-a4f0-094f67166b6e,2025-09-09,1585.51,grocery,0.145,UPI,0,10,0.317,metro,0,5,evening,0.3900564499123696,0.0226,0
57f019f8-60b3-4840-b38a-3254203fb0a9,141851fb-39b4-4b0b-8cc4-7cd819c8a26e,2025-01-31,390.75,home,0.155,UPI,0,3,0.586,tier2,0,2,evening,0.3750474517068999,0.1474,1
b2aa2ea5-4b5c-4843-af78-3dbd31db1a9c,ba9504c7-b413-4ee9-861d-702ad1482abd,2025-07-02,1271.42,fashion,0.27,COD,0,15,0.201,tier2,1,3,night,0.21485681318313843,0.3505,0
b5bfadec-b23e-4fd7-a35b-32eb4aaca307,c967d130-c116-4a5c-8589-391097b66b37,2025-06-19,719.65,fashion,0.137,UPI,0,29,0.039,metro,1,1,evening,0.04915448350944119,0.2179,1
c7965ab0-7ef0-40aa-a2e0-5ad70a0bde21,42a14875-57df-44bd-b0ae-141793f01b7e,2025-09-19,1000.62,fashion,0.258,UPI,0,4,0.369,tier2,1,3,night,0.32814923883527064,0.555,1
3b34bf97-3fbe-42d8-b87f-450936fc6868,60ab47fa-fe76-4aa1-9125-a3006288e298,2025-10-16,490.81,electronics,0.198,COD,0,23,0.219,tier2,0,2,morning,0.2897378778415542,0.082,0
9a55cf05-7076-4513-bcfd-5f7b22668b25,7e3187ea-5ab7-4cd8-84fa-6ff053c09d04,2025-06-28,725.83,beauty,0.055,UPI,0,9,0.159,tier3,0,3,morning,0.21026090580847182,0.1673,0
02bb5647-d58c-4f2d-b628-e8e601aebbab,3acfe917-5eda-40b5-8596-6954ab6007a4,2025-06-17,285.02,electronics,0.619,card,0,4,0.117,metro,0,6,morning,0.20370978877684995,0.0781,0
e5f94266-8a2d-461a-87e6-fab50b05d84b,e79af22d-f7a6-42c3-80e2-0d49628e908e,2025-07-06,2040.2,beauty,0.202,UPI,0,2,0.129,tier2,0,2,night,0.1701013638867513,0.0449,0
a65712fb-ea06-43bd-980e-54c637385a61,2b77e152-ac97-4061-9e6a-5abdc78bc29a,2025-05-17,3880.69,electronics,0.224,COD,0,20,0.424,metro,0,8,afternoon,0.29832839962512075,0.2082,0
e06cbd7b-687e-4937-b76f-bb0dde6375a4,35015a35-3d04-416c-b38f-3a6ea102eedd,2025-10-26,1166.44,electronics,0.331,UPI,1,0,,tier3,0,7,evening,0.34098824655171733,0.1289,0
93704392-f348-4881-870c-8f27cbb2ea47,f45b091a-9cb1-4a31-93be-6a3c7b54a42d,2025-01-07,2072.1,beauty,0.261,card,0,4,0.116,metro,0,2,morning,0.15829274806408117,0.0748,0
e04d412c-12c8-4a26-a400-5424a557a1c4,694022be-f45b-4b98-8a1e-01682ff6e821,2025-01-13,250.0,beauty,0.22,UPI,0,13,0.059,metro,0,1,night,0.09634270484326586,0.0795,0
32ed0fd5-5bec-422b-9eec-e7b5770f5569,d0d8fe24-c852-4ca5-ba50-638075dc7939,2025-08-25,250.0,fashion,0.025,UPI,0,8,0.244,metro,0,1,morning,0.2216976101384966,0.0779,0
03bbff89-2991-4edb-96c4-6c91a06842bf,92f8f8f3-1a19-41b0-9888-9ad14e0b35ba,2025-04-26,5266.22,electronics,0.026,UPI,0,15,0.206,metro,0,3,night,0.14720873128711998,0.0143,0
200403d7-c0aa-4ddd-86c9-4cfda1b3735a,a87c4e0a-d519-4ce1-a149-fe0f406dbb4b,2025-08-15,1586.62,beauty,0.392,UPI,0,4,0.302,tier3,0,6,afternoon,0.1339182046543242,0.1236,0
87a2dd8e-d147-49d0-a54d-db1f62ce93fc,4df6a3b0-7a24-4c8d-9f36-45157f53066e,2025-10-13,646.58,beauty,0.166,UPI,0,6,0.491,metro,0,2,morning,0.42258989063174557,0.1445,1
ba5ba794-e655-4c4c-909b-adf825dbad64,487e0072-ff7c-4376-aa94-0ed39d21882d,2025-03-18,670.71,electronics,0.255,COD,0,13,0.075,metro,0,6,morning,0.10058728392504118,0.11,0
cf1e9989-1322-450e-acc7-1ce0fb9069b4,c04c2c09-5f42-4b59-aeb5-6d35280a5d01,2025-05-01,441.06,beauty,0.305,UPI,0,17,0.003,tier3,0,5,afternoon,0.06067469417646223,0.1572,0
9c254618-10f9-484e-8c4c-374d0b84f01f,069a01df-3e36-4784-81cc-f8f82ef233fb,2025-05-23,3929.17,electronics,0.307,UPI,0,1,0.017,metro,0,4,afternoon,0.07564649186667005,0.045,0
6f22eb93-5d87-4219-8bd4-68f28737c31a,a49cc94f-63c4-479c-bb31-8eea0c37d0ea,2025-08-15,2918.16,home,0.596,COD,0,2,0.405,tier2,0,3,morning,0.4609605649107434,0.1617,1
e6ec55c4-9f97-4e0b-80f5-4b7707aa4746,cce5c7f6-4ae5-4d71-8510-ce1baced4c0a,2025-04-27,482.13,home,0.227,UPI,0,4,0.469,tier2,0,3,evening,0.40080141861945334,0.0516,0
c1bc62fd-420f-4a20-acbb-69b4087d7ed6,f2811512-6d74-428f-81ae-77df22796b31,2025-09-24,1803.91,fashion,0.42,UPI,0,30,0.322,metro,1,2,afternoon,0.2916477929418046,0.2269,0
aef75a6c-794b-4b43-8080-96bfd1a2d341,75aa2704-6368-428d-ba7a-be942625e571,2025-01-12,1133.5,electronics,0.359,UPI,0,1,0.096,tier2,0,5,evening,0.20694259408245252,0.0316,0
22c10add-548a-4e40-bc0a-8ba84153af36,83fe6a19-57b5-4519-982d-d7d7bca39396,2025-03-22,344.79,home,0.434,card,0,17,0.239,tier2,0,5,morning,0.26357426902472036,0.0755,0
ab2cb0e1-aa56-4e2b-9bc3-3d34278ab551,30888fd2-16bc-4533-a06f-0e0d4ed50f9d,2025-06-08,2883.67,home,0.149,UPI,0,14,0.225,metro,0,5,evening,0.22452854262691951,0.0238,0
61ea2317-c660-444e-b51e-35ff10a3b980,11eb7869-4707-43e9-b027-e2ca5551f9c8,2025-07-14,250.0,electronics,0.289,COD,0,8,0.028,tier2,0,2,night,0.06885084713508903,0.3199,0
553434d6-79ba-43bd-8f6b-73bb414658a2,cd508d92-15fe-4a35-9c1b-37a278d36ea4,2025-08-02,980.2,electronics,0.57,UPI,0,35,0.364,tier3,0,8,evening,0.2771725532528444,0.2919,1
08aea9c5-05ac-4087-b6ac-4353288863e8,63d8dd12-39d4-4e1e-bdd7-72b1c1a0b1c0,2025-09-01,1952.49,beauty,0.295,card,0,24,0.203,tier2,0,1,evening,0.22490754943212576,0.0495,0
5aaaea5d-6c1f-4326-b637-ff0fecfd021e,359835d2-74a6-4ae7-bdf8-2bdc4ed675dd,2025-02-07,673.84,beauty,0.511,COD,0,14,0.0,tier3,0,5,afternoon,0.05662677973259444,0.1116,0
91176dcb-66fb-4ec5-8188-d2ce57d47244,dab3abd3-79ae-4ba0-a840-2dd1dace1c9b,2025-04-04,458.65,electronics,0.256,card,1,0,,metro,0,2,night,0.1546812577925307,0.0823,1
c1e08292-faf4-43e0-901c-724186ea6928,735fdab8-3c31-4c12-8344-b632847001e7,2025-01-04,2190.01,electronics,0.222,netbanking,0,14,0.636,metro,0,3,night,0.6231863021915255,0.0347,0
62a9a6b3-cd9c-40af-84ec-c7889370d5f3,cd508d92-15fe-4a35-9c1b-37a278d36ea4,2025-08-05,634.07,home,0.231,card,0,36,0.29,tier2,0,2,afternoon,0.2771725532528444,0.119,1
647c6e9b-4dbb-4d78-8a78-cfc0de23092b,f2811512-6d74-428f-81ae-77df22796b31,2025-06-08,1709.46,home,0.601,UPI,0,31,0.305,tier2,0,3,morning,0.2916477929418046,0.1346,0
1250c072-f1c3-411b-9eec-d917d92f53c3,d9358869-66e4-4ee6-bb2e-f9062117fa78,2025-10-20,250.0,fashion,0.264,COD,0,20,0.259,tier3,1,6,afternoon,0.2042925306906814,0.5417,0
f25092d1-4939-41a5-b00b-4d5bde86e232,702f5ef5-a109-4b6f-8f67-c99384a89c73,2025-09-23,468.1,fashion,0.208,UPI,1,0,,tier2,1,1,evening,0.35438999279587025,0.4234,1
cb170069-b58e-44b4-8f0d-8ad588a6ff56,4a942cba-c277-4ef3-9510-65b3301f67fa,2025-08-29,495.96,home,0.293,UPI,0,3,0.012,metro,0,4,evening,0.1562196164642481,0.0263,0
66ccb2e6-990e-436a-be41-7edfe46f90a6,ace1ab49-d6e4-4784-9490-26eccef63611,2025-10-12,1660.12,electronics,0.084,UPI,0,18,0.139,metro,0,6,evening,0.1503348970823547,0.0309,0
a7636cdc-2313-44e4-95a1-2ad860369614,59265d36-e12e-4bfc-b8a8-29de0a16e8c5,2025-05-13,250.0,beauty,0.051,UPI,0,23,0.354,tier2,0,3,afternoon,0.35941268307576457,0.1993,0
5ef608d2-85e4-4da7-b0ac-5f6a30230a55,fef95b95-e8b3-4b99-bd01-70cdb0afe2fe,2025-05-12,1874.01,fashion,0.189,card,0,4,0.316,tier3,1,3,afternoon,0.3049431715733594,0.1745,0
13e5219e-b296-406d-8d56-f6b144b7f196,cd508d92-15fe-4a35-9c1b-37a278d36ea4,2025-03-04,722.48,fashion,0.137,card,0,37,0.389,tier2,1,1,afternoon,0.2771725532528444,0.2457,1
015f5e07-60d7-4e2a-946e-c71099de4e9b,2bf1c610-a75b-412d-b0ce-9dc111d20e3c,2025-10-15,1919.3,grocery,0.343,UPI,0,20,0.249,tier3,0,4,morning,0.27780100478810504,0.0255,0
41928d70-9906-4288-a49c-a3df5f8644fe,4490790e-4fea-4b93-a5b7-205d0c72419a,2025-01-30,250.0,fashion,0.183,card,0,7,0.328,tier2,1,2,evening,0.33375713618452035,0.1739,1
840b3754-368a-4c26-b13e-c6f4ef9017ab,a98ac6ed-5c74-42d1-a5a7-c801d82116e4,2025-05-22,646.71,grocery,0.312,COD,0,5,0.773,tier2,0,1,afternoon,0.7830202777801657,0.3306,0
535bf8ba-7e13-4e7d-b564-71f61706f289,30888fd2-16bc-4533-a06f-0e0d4ed50f9d,2025-05-10,3008.3,fashion,0.213,COD,0,15,0.071,tier2,1,3,afternoon,0.22452854262691951,0.1867,0
6efe8372-7a87-41f3-9306-2a8eb99b47b5,af96ed19-8040-4988-b823-c92d3c4310f9,2025-06-18,1978.61,fashion,0.128,card,0,4,0.202,tier2,1,2,afternoon,0.23815835049683093,0.1469,0
3f4d8932-6e8b-489e-af72-eed078a0b5c6,8c24e923-2dbf-4f43-b0b2-6e851d21fa34,2025-07-13,2190.32,fashion,0.176,card,0,29,0.018,metro,1,3,night,0.10820090543681238,0.0675,0
c69ee557-e045-4cde-b750-3876664edf74,ecf7432d-87ec-467d-9c61-1102e6ef87c1,2025-08-06,2272.66,home,0.248,COD,0,8,0.013,metro,0,1,afternoon,0.1036578444265268,0.2032,0
6aaf5d05-e740-44df-8c93-99df85980acd,b411f36e-bf74-4ba0-bff0-a67770bd35c5,2025-01-11,768.84,fashion,0.346,UPI,0,23,0.438,metro,0,7,evening,0.4451782602422671,0.1571,0
6aee8f75-ffbc-4ae5-9028-d3cba13d65f0,c5e8aef0-7362-4837-9a04-8b3fa7ff821e,2025-04-06,590.8,grocery,0.341,UPI,0,24,0.457,metro,0,4,morning,0.5144941083307562,0.023,0
60cf9c50-be2e-4a98-a1e8-e289ae02aed9,37917302-ee8a-4b62-a7bd-6ce861425fc2,2025-09-25,918.02,home,0.089,COD,0,5,0.171,metro,0,4,evening,0.17989879744905538,0.1066,0
ef39a61e-ae90-415c-a1fa-86d9e8fa448f,56a30258-3565-44b2-a8d7-1d0adece59a8,2025-01-13,250.0,fashion,0.391,COD,0,21,0.193,metro,1,4,afternoon,0.1548544510371693,0.4591,0
419df86a-bdd7-44f1-979f-26333ba8ed57,19ae94ec-7d3b-445f-b9ac-092f54f91579,2025-09-13,1040.18,home,0.215,COD,0,12,0.085,metro,0,3,morning,0.06852796151158619,0.2089,0
abd0b6b4-315f-4082-82d5-e657f4c0d85b,d9358869-66e4-4ee6-bb2e-f9062117fa78,2025-04-15,1311.35,fashion,0.103,COD,0,21,0.175,metro,1,3,evening,0.2042925306906814,0.2545,0
506de6b3-fde5-4f3b-8b4e-e93cb4bb1bd1,d58ed780-65ee-4c51-be5d-39ded6ec4c3d,2025-10-25,4763.24,fashion,0.139,UPI,0,17,0.436,tier2,1,4,evening,0.3745706193331196,0.1943,0
0388e69c-b7e5-41b6-9252-ae903d01a17c,835b4038-88dc-4965-b6b8-921d3b0ad19c,2025-07-24,11938.83,beauty,0.264,UPI,0,34,0.04,tier2,0,3,evening,0.18168234468688693,0.0078,0
b4daa773-c382-4618-8ea1-193bab5121b8,e8236567-e21a-46bf-9ba0-de610564b03d,2025-03-09,993.08,home,0.218,UPI,0,16,0.123,tier2,0,1,evening,0.0912579377429543,0.1031,0
b35fa839-3670-4ffd-a2e3-c410f8e8d4c5,49a190f2-c9c8-441e-b450-f1343adf4d1a,2025-09-29,1092.63,home,0.143,UPI,0,26,0.378,tier2,0,5,evening,0.4134664929263236,0.1253,0
4fb0163f-bc81-42f5-883c-6a40e3f5c6a6,98848c8f-53cb-4b0b-8be8-9294f7bfb808,2025-10-26,794.53,fashion,0.266,UPI,0,2,0.309,metro,1,4,evening,0.2718983331475167,0.2821,0
38bf97cd-62aa-4fb5-b468-d26f73f099dd,d36a7387-21ab-43e5-bcb9-dcddf807849d,2025-10-16,2307.19,electronics,0.15,COD,0,20,0.222,tier2,0,4,evening,0.30018529874356914,0.1677,0
4eb60fe0-c689-4554-a5ef-129a7fe6e11a,19ae94ec-7d3b-445f-b9ac-092f54f91579,2025-08-13,1388.39,grocery,0.476,COD,0,13,0.11,tier2,0,3,evening,0.06852796151158619,0.1107,0
df90d8ec-6935-40f2-8574-979c37a28623,4e40c152-4279-4fbe-8a2f-a127f5613ef3,2025-08-12,260.16,electronics,0.079,netbanking,0,27,0.074,metro,0,2,night,0.08097222048102413,0.0306,0
133fb7e2-6224-4b7c-a92a-1739ca8681a7,49a190f2-c9c8-441e-b450-f1343adf4d1a,2025-07-21,616.89,beauty,0.197,COD,0,27,0.528,tier2,0,3,evening,0.4134664929263236,0.1827,0
35e25ffa-7619-430d-89f4-3096312e9746,c901a58c-6ac4-4a3a-a5d1-4198a13622e7,2025-08-17,2271.36,electronics,0.308,card,0,11,0.169,tier3,0,4,evening,0.15906278458837203,0.0372,0
5265b419-3d3f-4a0a-8cb5-4ddaeb686b3e,84396155-0245-4770-b3a5-7c428cd5be40,2025-05-08,629.45,electronics,0.302,netbanking,0,2,0.548,tier2,0,3,afternoon,0.4390524811910615,0.1575,0
79bcfba9-ca94-4925-8033-344c8ac0fcc3,dea29f8e-ac26-475e-a225-300fac669ed0,2025-10-05,534.11,beauty,0.563,UPI,0,34,0.203,tier2,0,3,morning,0.2211439005048725,0.2188,0
f276d681-e1d2-4a1d-ba31-ae8ed4c1e9f1,b5613467-d329-4102-b724-eb47dc04ed5f,2025-01-09,3472.72,beauty,0.22,card,0,11,0.228,tier3,1,2,afternoon,0.2676344641423701,0.2097,0
d74654e2-53fa-46c0-9659-88d4081af038,7f51804d-0307-4367-8d0c-719db1094ae8,2025-09-19,2147.4,home,0.377,COD,0,14,0.214,tier2,0,3,morning,0.21082490652703922,0.1568,1
0af1bc50-14ab-4d20-a379-a34fe670ee3f,6d6ae56d-11fa-4053-be24-184c1da67ec2,2025-03-31,945.37,grocery,0.322,COD,0,8,0.097,tier2,0,1,evening,0.13845962298865533,0.194,0
bf078428-1e47-404d-ad42-842e1137f71e,63d8dd12-39d4-4e1e-bdd7-72b1c1a0b1c0,2025-10-08,1193.34,electronics,0.099,UPI,0,25,0.275,tier2,0,2,evening,0.22490754943212576,0.0393,0
2a61a16c-e65c-40f7-9906-99ff509f27dd,69021a82-6d98-4eb8-95ba-5cdc432d316a,2025-02-05,7209.97,beauty,0.139,COD,0,3,0.304,metro,0,3,evening,0.3666490656306323,0.1049,0
77583f19-e19b-48a5-be0f-4fa11d3ffe93,dea29f8e-ac26-475e-a225-300fac669ed0,2025-07-25,517.05,grocery,0.529,UPI,0,35,0.212,metro,0,4,morning,0.2211439005048725,0.1921,0
592d5c84-134b-4438-8882-96043b109a92,397d373a-f33e-473f-9362-3154a53fe5ef,2025-02-24,1279.05,fashion,0.219,COD,0,11,0.401,tier3,1,3,afternoon,0.3797344893685818,0.4853,1
3bd13223-1d54-47a4-83df-de91a8f9cb76,ba9504c7-b413-4ee9-861d-702ad1482abd,2025-08-26,377.9,fashion,0.086,card,0,16,0.343,tier2,1,3,night,0.21485681318313843,0.293,1
557c55bb-0bf4-4230-acbb-b530f11f0436,63d8dd12-39d4-4e1e-bdd7-72b1c1a0b1c0,2025-10-02,766.28,home,0.334,COD,0,26,0.306,metro,0,1,morning,0.22490754943212576,0.0933,0
bdb04fc5-f466-4e37-97fa-0e3a9706f506,58eb14ed-023a-4334-8bbc-19b18b208832,2025-03-06,1983.4,beauty,0.126,UPI,0,1,0.468,tier2,1,4,evening,0.5069067023823574,0.1424,0
88a88b9d-8064-41d2-8937-8ba241e38f52,0651ab9e-5b2b-46c4-9215-ff97762857c1,2025-07-11,822.39,electronics,0.151,COD,0,14,0.353,tier2,0,3,evening,0.3926881472493449,0.2137,0
70725cd3-f3f5-4115-b119-e8fd67a53450,79d62d2f-2160-4129-951e-311e22c29fba,2025-05-09,3797.3,fashion,0.355,netbanking,0,6,0.387,metro,1,5,evening,0.4187693037372645,0.1475,1
50e395cb-77ea-4395-a70d-2679dbada2e1,31a583d0-4fa7-49b3-9881-d237a7af9e9c,2025-08-09,761.07,electronics,0.365,UPI,0,5,0.139,tier2,0,1,morning,0.11173338786746698,0.0595,0
84777cf3-0a87-4b45-befb-6024875768a1,ecf7432d-87ec-467d-9c61-1102e6ef87c1,2025-03-29,3215.6,fashion,0.254,UPI,0,9,0.036,tier2,1,4,evening,0.1036578444265268,0.1473,0
947c5c87-ec9a-469d-86ea-f2ff3314a606,fecd2a5b-e5c7-4055-bc33-7f5143f2fb37,2025-06-03,250.0,electronics,0.356,card,0,2,0.0,metro,0,4,evening,0.13948659265221522,0.0477,1
9beab784-d3d8-4496-b1e6-6f65480f6f28,328a3f2e-4f4c-43bf-9e08-f4acd5615061,2025-07-20,2169.61,electronics,0.203,COD,0,7,0.112,metro,0,1,afternoon,0.12950940053657903,0.0233,0
92eaaeb9-490a-422c-b4b2-203f483cf897,5c3a491b-f023-457b-9da7-95a4eedebd89,2025-09-09,3835.32,grocery,0.39,UPI,0,23,0.0,metro,0,2,afternoon,0.12936071938754626,0.0558,0
542e7520-7efc-4fb1-85f8-f8bd99e56829,c967d130-c116-4a5c-8589-391097b66b37,2025-01-12,636.01,home,0.082,UPI,0,30,0.0,tier3,0,4,morning,0.04915448350944119,0.0253,0
4967f763-5a3e-4e27-83fe-aff9ec22908c,48b73317-327f-4f67-934a-b6dd2d521db4,2025-01-04,4122.45,fashion,0.2,UPI,0,14,0.312,tier2,1,2,evening,0.24989906497225137,0.1019,0
290d24fb-0a74-4fdb-8056-a4679f7fe805,8f7406c2-6849-4d3e-92b7-6e3b17489d67,2025-09-23,835.86,electronics,0.685,COD,0,11,0.428,metro,0,4,afternoon,0.3269451502115473,0.1406,0
e7ef753f-6340-4e8c-8b86-494648c0c2ea,2286f067-3fb8-4d9d-8502-469f39a46441,2025-09-28,1919.55,home,0.151,UPI,0,29,0.279,tier2,0,1,morning,0.2798863894924076,0.0324,0
28ad418e-ea35-40d2-9971-027d02e8c28e,e4fc2035-70f1-45b1-82d0-0ee396f0a984,2025-06-04,3058.71,electronics,0.201,netbanking,0,23,0.332,tier3,0,6,evening,0.21199326223067969,0.065,0
fcd7e32c-5ce3-4130-a401-cd34c868a845,3f259d1d-bcc5-4e5f-9d0b-919938ea08ee,2025-01-09,1700.11,fashion,0.156,COD,1,0,,metro,1,2,evening,0.4570029919844534,0.7321,0
5e9f45e2-1bfb-4c9b-b9ff-dd116a5067cd,6f63d08a-29ec-4cc2-91f3-053e58856a7a,2025-10-08,605.69,home,0.057,card,0,3,0.201,tier2,0,5,afternoon,0.03745152246394023,0.0336,0
c0cd984d-f2a7-4803-8cf6-71afc32f433f,06685c5f-2341-4003-97cd-809136d21d44,2025-09-25,3105.02,electronics,0.484,COD,0,15,0.541,metro,0,3,evening,0.391147140695262,0.2141,1
b1fc2259-01d2-4308-b743-6abbe4e03971,d9bc17ca-80dd-47e2-8dc5-79922a30764c,2025-04-28,4234.68,grocery,0.303,UPI,0,15,0.419,metro,0,3,afternoon,0.34134778732339127,0.0274,0
9e31fbc2-601c-4645-bccc-2bc88f7e5ce8,9d1d8bca-9218-4856-8619-cfee194da74f,2025-09-19,2168.87,grocery,0.683,card,0,34,0.285,tier3,0,4,afternoon,0.24874291058771908,0.0368,0
7227be78-d6e2-4bd8-99aa-d9c08623be08,2bb85dc3-de8b-437b-aa19-641e451bf309,2025-05-20,2232.49,fashion,0.44,UPI,0,3,0.171,metro,1,2,afternoon,0.21474519574388043,0.0747,1
e739fb3d-ec27-4e2a-8655-2bcd1606e7c0,0b6f3e2b-84fe-456b-ad93-ffcb76fb728f,2025-02-25,701.37,grocery,0.186,COD,0,35,0.109,metro,0,4,evening,0.19762424986659227,0.0324,0
adf8f039-49f5-4ad4-9142-18e60dee1606,c901a58c-6ac4-4a3a-a5d1-4198a13622e7,2025-04-10,2304.5,home,0.365,COD,0,12,0.015,metro,0,4,afternoon,0.15906278458837203,0.2346,0
6f71ec5a-aec7-4124-9c16-f52bace85742,a202a749-e45e-4d7b-b9e4-97714e27bcb1,2025-07-21,1393.22,fashion,0.591,UPI,0,13,0.246,tier2,1,1,morning,0.1838032082155034,0.2297,0
7b47d2dd-b0eb-4bf7-9a9e-ce9343123624,3678c134-a42b-4685-ad15-81b9e73e73aa,2025-06-25,1701.06,electronics,0.5,COD,0,14,0.067,tier3,0,6,afternoon,0.1373435706874969,0.1627,0
3df49327-b5c4-4a5d-9e9c-c70d190d755f,9a93ae46-0d1a-4537-a767-159ea6656f6d,2025-04-02,250.0,home,0.386,COD,0,5,0.15,metro,0,1,afternoon,0.10784218495956682,0.216,0
9f2ffd9c-3ce8-4e42-bf7c-11733c0a008b,7e3187ea-5ab7-4cd8-84fa-6ff053c09d04,2025-10-21,250.0,home,0.223,UPI,0,10,0.213,tier3,0,7,morning,0.21026090580847182,0.1577,0
6f018cbe-985a-43e9-9852-d6084724eaf9,92f8f8f3-1a19-41b0-9888-9ad14e0b35ba,2025-10-02,250.0,home,0.363,COD,0,16,0.12,tier3,0,6,afternoon,0.14720873128711998,0.1757,0
3c1a317b-982c-4867-8251-c421d9d2859b,7a4e9ee7-df87-4f79-9ec7-3f4c1f489075,2025-08-20,2710.66,home,0.275,COD,0,43,0.17,tier3,0,9,evening,0.23069756686430742,0.3015,1
a58b4728-b7d6-4be7-a818-aaafcd17217b,ded4396a-49de-44e3-a773-49b635f42e59,2025-06-24,905.2,fashion,0.112,UPI,0,11,0.478,metro,1,1,afternoon,0.5527709467025828,0.279,0
836644b9-ff84-4aaa-8e41-7d1a2f31f7be,0fba06d8-d561-4e1e-8221-f56fd92a018c,2025-08-09,1078.28,fashion,0.402,UPI,0,14,0.342,metro,1,4,afternoon,0.41585134920398,0.2072,1
91226042-3ec5-4afb-9cc2-b6d6d0098c9b,9a93ae46-0d1a-4537-a767-159ea6656f6d,2025-03-04,1094.2,home,0.255,UPI,0,6,0.06,tier2,0,4,afternoon,0.10784218495956682,0.0179,0
85bb0c47-c306-4ee3-a029-d73550290ff0,a8563692-0b6a-402e-a73b-0a42908c0fb4,2025-06-01,353.0,fashion,0.224,COD,0,3,0.039,metro,1,2,night,0.05848742659984804,0.4494,0
c9d37a5f-4aef-4982-a0a0-0d156463af8e,87c90f8c-18d5-41bd-a017-72dc3f5b1ad3,2025-06-10,1737.39,grocery,0.108,UPI,0,13,0.318,tier2,0,5,evening,0.32765833124561905,0.0296,0
aded9645-d238-44a8-8a2e-57b5a52020c8,059cd0cd-c524-403d-90a7-aa5e9d51749d,2025-09-01,250.0,fashion,0.115,COD,0,10,0.153,tier2,1,2,morning,0.2033814634391261,0.4176,0
eda6b044-af91-4a87-9fc2-ccde7171b053,835b4038-88dc-4965-b6b8-921d3b0ad19c,2025-01-14,3244.4,beauty,0.067,UPI,0,35,0.127,tier3,0,4,evening,0.18168234468688693,0.0207,0
bac33360-7eca-4999-90e0-b52445e639fe,c04c2c09-5f42-4b59-aeb5-6d35280a5d01,2025-04-01,390.59,home,0.178,COD,0,18,0.066,tier2,0,5,afternoon,0.06067469417646223,0.3839,0
0441fd1b-ee0c-4335-8029-0ed10ac9effa,1d389e03-f41d-4493-8048-8d028a5d27f2,2025-04-12,795.89,beauty,0.43,COD,0,13,0.384,tier2,1,1,evening,0.3251850941589013,0.3529,0
eee22993-1724-4005-9f4f-871b62588a37,0651ab9e-5b2b-46c4-9215-ff97762857c1,2025-05-19,596.55,electronics,0.181,card,0,15,0.467,tier2,0,2,morning,0.3926881472493449,0.0519,0
72990af1-fc1b-47a7-9bff-a4f1f214f20d,6b29def8-096b-4c6c-ae8e-474780e4eeec,2025-03-09,1569.39,home,0.247,COD,1,0,,metro,0,2,evening,0.07553755438911063,0.4109,0
109c69fc-5b43-4ec3-a828-67b3d9c95113,1ec19d12-c4c9-4320-a035-98e17c951577,2025-06-04,322.43,electronics,0.269,UPI,0,30,0.114,metro,0,4,afternoon,0.18576378008237582,0.044,0
5dadbe95-fa70-4f12-9871-b69c87992dfc,6d89b6da-05be-4f09-b2f2-542a975f2f53,2025-03-11,1972.63,electronics,0.472,UPI,0,15,0.306,tier2,0,2,evening,0.3016559281489719,0.0837,0
5568c3f5-2d74-43b7-b593-d5c6f3df04ab,a6d7cc39-c408-4a35-a826-06da3efd2983,2025-05-12,15002.75,beauty,0.487,UPI,0,9,0.363,metro,0,4,evening,0.3734683492632352,0.0085,0
edcd1d7d-06b1-410b-ba9c-2257fc36be47,59265d36-e12e-4bfc-b8a8-29de0a16e8c5,2025-05-05,873.95,fashion,0.121,UPI,0,24,0.517,metro,1,1,morning,0.35941268307576457,0.1149,0
c7af8410-68d4-41eb-93b0-456d5326be21,5f406040-6dfb-4ae2-9890-7f640e616156,2025-06-04,250.0,electronics,0.234,card,0,8,0.365,tier2,0,4,afternoon,0.2831068452109286,0.0848,0
0586629f-c97f-48d2-af8b-f45296c39c9c,265ca8d0-3df8-4d6f-9712-d08685f17132,2025-06-13,6315.65,fashion,0.273,card,0,25,0.119,tier2,1,4,evening,0.1913603605753747,0.0786,0
c5705add-97aa-4125-a8da-0defc822ebb5,f920e7f3-d39f-4f68-a6df-bf5a555ec155,2025-04-09,4094.57,fashion,0.48,UPI,0,6,0.13,tier3,1,4,afternoon,0.2063369651501635,0.4636,0
f8f88e2d-81a0-4cfd-b574-ab902335cc73,069a01df-3e36-4784-81cc-f8f82ef233fb,2025-02-22,782.91,fashion,0.163,UPI,0,2,0.11,metro,1,4,evening,0.07564649186667005,0.0723,0
6bf5713c-7cda-4435-8594-20263544c76c,835b4038-88dc-4965-b6b8-921d3b0ad19c,2025-05-29,3041.21,fashion,0.264,netbanking,0,36,0.088,metro,1,4,evening,0.18168234468688693,0.0978,0
de9f8012-2896-464b-a26e-dc507100346d,f9852313-5fdc-437c-9c37-d03dbf8c8f0e,2025-08-11,844.65,beauty,0.085,COD,0,8,0.162,tier2,0,2,evening,0.13745108080776064,0.1707,0
69630d15-e03f-42a0-9ee8-3923dc7bc7ad,dea29f8e-ac26-475e-a225-300fac669ed0,2025-01-08,488.34,fashion,0.268,card,0,36,0.261,tier2,1,2,evening,0.2211439005048725,0.1967,1
f8d1217a-1551-4df8-abea-d2add41cb97b,056e3d76-8183-4716-9184-151a4135f404,2025-04-08,511.87,fashion,0.233,card,0,15,0.177,tier2,1,5,night,0.25703386186733934,0.1452,0
a81023fe-a211-45ea-b874-e0eb49137edd,a65430c1-b88c-4a75-8504-7fad44dca109,2025-01-01,5300.18,fashion,0.198,COD,0,8,0.111,tier2,1,2,afternoon,0.18723773115835693,0.2583,0
cb5ae946-f55a-4954-8fd7-065c554a88ad,2bf1c610-a75b-412d-b0ce-9dc111d20e3c,2025-08-22,250.0,home,0.21,card,0,21,0.21,metro,0,2,evening,0.27780100478810504,0.1782,0
b841b241-e4bd-439b-b111-ab06973dd96b,4df6a3b0-7a24-4c8d-9f36-45157f53066e,2025-03-08,971.33,fashion,0.12,card,0,7,0.352,tier3,1,5,afternoon,0.42258989063174557,0.1909,0
08a0b91e-3836-4a02-89a0-3ab2bc7d7903,4e40c152-4279-4fbe-8a2f-a127f5613ef3,2025-10-23,1288.94,home,0.75,UPI,0,28,0.145,metro,0,4,afternoon,0.08097222048102413,0.044,0
bbe333db-7448-4cc6-af70-96472902dc5f,99e318ff-1a69-4f68-addf-975990bd0414,2025-10-04,453.48,fashion,0.228,COD,0,26,0.021,metro,1,1,night,0.2434169799043869,0.4328,1
ca346c70-0ec8-403f-a50c-df05593646e9,f12f9975-0712-4d09-b5cc-14bee6fd60bc,2025-10-19,788.11,fashion,0.117,card,0,5,0.598,tier3,1,5,morning,0.443593609971502,0.2852,0
a897040b-9400-4fd4-a4a5-0615468fd098,a59c702d-fd94-4d73-b8a6-f59316b5b63c,2025-09-13,346.69,grocery,0.243,card,0,4,0.17,metro,0,3,morning,0.2334842811017492,0.0136,0
f95c3118-2d54-4498-ab7e-b1b5dd60c50a,56a30258-3565-44b2-a8d7-1d0adece59a8,2025-01-24,1650.77,fashion,0.276,UPI,0,22,0.251,tier2,0,1,evening,0.1548544510371693,0.1591,0
aaa6353a-79b1-4d1c-99b2-02655bee3563,0b6f3e2b-84fe-456b-ad93-ffcb76fb728f,2025-03-10,7627.68,beauty,0.307,card,0,36,0.321,tier2,0,4,evening,0.19762424986659227,0.0529,0
bff993c1-c00e-495a-8328-cc9b8454026a,76d2e938-826e-436d-8e9e-46c56a7a791e,2025-05-10,1758.37,beauty,0.453,UPI,0,13,0.162,tier3,1,8,night,0.22287364608691065,0.1939,1
ca59ee49-c383-45af-a8e0-2912c54b46ad,a08246dd-24d9-48bb-b9d1-2b3dd9ac343f,2025-06-23,1613.87,home,0.282,UPI,0,10,0.235,tier3,0,3,morning,0.19434600150643108,0.0317,0
e124b61a-6c48-4f15-a261-75b1060e8791,10546d08-1053-4bf0-976f-4c40b2dcb1c8,2025-03-26,381.25,fashion,0.595,COD,0,14,0.0,tier2,1,2,afternoon,0.021184252375003435,0.6658,1
e9233cf7-e8bb-4d7b-9d4a-84e303c270d8,6b914b9c-926e-4431-b82e-f178aae9d5c0,2025-09-02,2388.12,fashion,0.225,COD,0,20,0.146,tier3,0,5,evening,0.2677657562695904,0.1936,0
60e38028-5aee-42c2-a05b-df6aecf19d19,c54b4d61-dda5-4d05-96b1-4aca694d9671,2025-03-12,2541.35,electronics,0.062,UPI,0,4,0.097,metro,0,7,afternoon,0.15960867264431888,0.0326,0
880bc729-b54c-424d-8572-a6b4ccd2000e,7a4e9ee7-df87-4f79-9ec7-3f4c1f489075,2025-05-15,520.97,electronics,0.403,UPI,0,44,0.226,tier3,0,8,afternoon,0.23069756686430742,0.1083,1
37869878-2fe0-4133-95a4-6f9555b9d871,6c3f0a1a-8fec-42d8-96f9-176f7e65ba57,2025-08-30,1303.6,fashion,0.217,UPI,0,15,0.445,tier3,1,6,evening,0.2765406569294239,0.4335,1
7a7ed5a7-ab8e-4680-b8bd-1d660d868433,6296a5bf-1d0d-4787-913b-ade30d6d7648,2025-01-22,1013.1,fashion,0.09,COD,0,6,0.343,metro,1,1,afternoon,0.2810349509629501,0.4147,0
ca8f70f6-a034-411a-8a16-f4ac5061a780,9a961340-7bf0-40b9-a285-d934dafdbce8,2025-06-29,1045.65,home,0.286,COD,0,3,0.465,tier3,0,4,afternoon,0.3724144400903301,0.489,1
599ca97f-1184-4ff0-aa2f-f5e286e60f28,2286f067-3fb8-4d9d-8502-469f39a46441,2025-03-12,4609.03,home,0.236,COD,0,30,0.143,tier2,0,2,morning,0.2798863894924076,0.1511,0
41a928db-3708-4f3a-85c6-0a7fcd8b1b3b,98389b8b-658b-4eca-b919-9c37c2dbce1f,2025-04-11,1027.8,electronics,0.336,COD,0,15,0.079,metro,0,1,afternoon,0.04552205229964168,0.0362,0
ea6dc58a-93ac-4c11-b434-795d652d62c7,b86ee3a9-928c-4ec5-8783-0beb41950f27,2025-05-18,4428.93,electronics,0.427,UPI,0,11,0.0,tier3,0,4,night,0.05573145024510638,0.0305,0
26683162-0dc0-446d-901f-750d228f57b4,8ea9021b-0ac2-46d4-a8aa-e3c8ec9cb830,2025-06-17,2780.1,electronics,0.434,UPI,0,2,0.082,tier2,0,3,evening,0.10315842761541319,0.0489,0
db628840-001a-4058-aac4-c5b7df0ef138,9d1d8bca-9218-4856-8619-cfee194da74f,2025-03-20,2844.69,fashion,0.081,card,0,35,0.193,metro,0,4,evening,0.24874291058771908,0.0465,0
a0ee2eaf-226d-41c9-8429-f544dbb113f5,c5d85ede-c256-42df-b993-35deb12a5516,2025-09-07,1118.95,beauty,0.385,COD,0,30,0.281,tier2,0,5,afternoon,0.3517803851773976,0.4514,1
005505a9-ef05-4da4-8d93-9779842887c8,76d2e938-826e-436d-8e9e-46c56a7a791e,2025-05-17,4814.41,electronics,0.576,card,0,14,0.203,tier2,0,3,afternoon,0.22287364608691065,0.0686,0
46a8d569-3a5e-4ed5-9f5d-32dcff7abd60,4e3fc6b0-f121-4028-91ed-489282daa465,2025-10-06,770.77,electronics,0.195,UPI,0,4,0.085,metro,0,1,afternoon,0.07820534188507672,0.0107,0
82b8fb7d-3121-478d-ad8d-e8d15dc87882,dd9fa69c-e6fe-4e15-a6f8-755e7b06b853,2025-05-31,250.0,electronics,0.032,UPI,0,1,0.188,metro,0,3,afternoon,0.32492766544731544,0.0276,0
67eb3e8b-1b81-4914-8c7d-4a465e95eac1,d0d8fe24-c852-4ca5-ba50-638075dc7939,2025-06-24,762.21,fashion,0.437,COD,0,9,0.207,metro,1,1,afternoon,0.2216976101384966,0.4999,1
76419fa0-9197-4934-acd2-94b542b37426,2286f067-3fb8-4d9d-8502-469f39a46441,2025-01-07,291.68,beauty,0.623,UPI,0,31,0.302,metro,1,2,evening,0.2798863894924076,0.1922,0
f145382b-bafc-4cad-b240-3198647cc2c0,328a3f2e-4f4c-43bf-9e08-f4acd5615061,2025-05-22,8054.9,home,0.42,COD,0,8,0.279,tier2,0,1,night,0.12950940053657903,0.1435,0
1c078975-54ee-47a4-b025-5477f0f2c442,31a583d0-4fa7-49b3-9881-d237a7af9e9c,2025-06-26,324.34,electronics,0.214,netbanking,0,6,0.082,metro,0,3,morning,0.11173338786746698,0.0505,0
a0eb8d1f-4112-476f-827f-04538036fcad,a65430c1-b88c-4a75-8504-7fad44dca109,2025-06-19,1020.78,beauty,0.404,UPI,0,9,0.265,metro,0,1,afternoon,0.18723773115835693,0.1169,0
ccc37039-6ff7-487c-8a53-ca7dd97924d7,19ae94ec-7d3b-445f-b9ac-092f54f91579,2025-05-04,4492.09,electronics,0.445,netbanking,0,14,0.11,metro,0,4,afternoon,0.06852796151158619,0.0463,0
ffbbdaab-5437-4b57-a807-a123c81673b2,98848c8f-53cb-4b0b-8be8-9294f7bfb808,2025-08-07,480.21,electronics,0.168,UPI,0,3,0.332,metro,0,4,morning,0.2718983331475167,0.103,0
a880291d-97c8-441c-af5c-231e4f54f0f2,5e758f8f-c2ad-4e0c-b4fc-026916c24854,2025-08-19,9024.7,fashion,0.67,UPI,0,37,0.0,tier2,1,2,night,0.048627470043128354,0.1686,0
0b858681-8653-4727-b3ff-a1366d31a32e,6b914b9c-926e-4431-b82e-f178aae9d5c0,2025-01-26,1246.28,electronics,0.378,card,0,21,0.371,metro,0,1,evening,0.2677657562695904,0.1024,0
30b68369-808d-4b7d-86eb-81cf51e10282,3678c134-a42b-4685-ad15-81b9e73e73aa,2025-02-18,702.34,home,0.489,card,0,15,0.148,tier3,0,6,evening,0.1373435706874969,0.1494,0
2606ec0b-d843-400c-bdb5-064eccf984aa,627c64b8-7f4f-48a1-ac38-9594119b679b,2025-01-25,2319.84,beauty,0.691,card,0,7,0.678,metro,0,4,evening,0.7642110094338409,0.1895,0
5511063b-d46f-43d3-b87e-2e5365cd2dce,5838baf1-7a04-4a52-9d9d-c2ef48187e91,2025-10-03,1041.76,fashion,0.392,COD,0,7,0.469,tier3,1,7,night,0.5633005631276558,0.9092,0
82b6d521-d3d9-475c-b5bc-e91f7f68a0a8,24dc633c-de4a-4152-ae24-3e42211235f1,2025-10-02,1590.9,home,0.194,COD,0,12,0.161,tier2,0,2,night,0.03297163095944513,0.1709,0
cdc7d915-79bf-46dd-a562-0fbe3be4ba69,bd73a907-2b0c-4809-a5e4-fda97fc0021c,2025-01-15,1825.41,fashion,0.056,COD,0,2,0.006,tier2,1,3,night,0.060512424782000425,0.1711,0
6c122ee1-2c97-4da1-aab1-ac2527214549,a111ab22-4c88-4d83-b499-448d82133ae3,2025-08-25,813.61,fashion,0.064,UPI,0,12,0.265,metro,1,5,afternoon,0.2568909066288726,0.1488,0
93449d65-31ba-47bb-b04b-318aaf5de8b9,5e758f8f-c2ad-4e0c-b4fc-026916c24854,2025-10-10,2207.83,beauty,0.204,COD,0,38,0.115,tier2,1,5,night,0.048627470043128354,0.2202,0
ce2f2645-3d60-41a3-a9b7-85e5db2da64c,69021a82-6d98-4eb8-95ba-5cdc432d316a,2025-07-17,19927.79,fashion,0.465,UPI,0,4,0.316,tier3,1,6,evening,0.3666490656306323,0.0735,0
ff9aabd5-0cb9-4104-8953-f3688b4d9f6a,92f8f8f3-1a19-41b0-9888-9ad14e0b35ba,2025-01-28,4416.15,beauty,0.439,COD,0,17,0.078,tier2,0,2,afternoon,0.14720873128711998,0.1358,0
020ab1ba-291c-4606-b0a0-d80658660133,1726fc84-769e-4a15-9127-d6c4b543b170,2025-06-18,344.78,fashion,0.66,UPI,1,0,,tier3,0,4,evening,0.1084978665663723,0.2744,0
43cd2de3-2a7a-4cdb-8eb4-9c8709c78e21,c04c2c09-5f42-4b59-aeb5-6d35280a5d01,2025-09-22,1593.07,electronics,0.286,card,0,19,0.0,metro,0,9,afternoon,0.06067469417646223,0.057,0
f5f415a9-79ed-475f-a60c-7cce4603126a,d2e06185-41b3-4488-a0c7-7165ae31370e,2025-01-07,9413.15,fashion,0.138,UPI,0,21,0.509,tier2,0,2,afternoon,0.4955830568370258,0.0376,0
118fb797-e79c-4764-b8ef-9e95dabffafb,b209d179-6418-4f8c-bd42-8e4f831f0776,2025-08-31,2986.0,electronics,0.121,card,0,28,0.283,tier3,0,4,afternoon,0.27580452681496,0.0113,0
6d7dbfa4-8e81-465d-9a69-dcf0967f5a9b,f04ea3ca-68ee-4efe-a612-fe50610fd2dd,2025-08-06,250.0,fashion,0.154,card,0,22,0.151,metro,0,3,evening,0.2242312963277271,0.1453,0
7cf8239c-2ed0-48ec-a442-c034cb359b25,dea29f8e-ac26-475e-a225-300fac669ed0,2025-10-16,820.61,home,0.399,UPI,0,37,0.071,tier2,0,2,morning,0.2211439005048725,0.0372,0
5af630da-9b12-4e95-9a89-aab9013031d6,a08246dd-24d9-48bb-b9d1-2b3dd9ac343f,2025-10-06,359.77,home,0.439,UPI,0,11,0.235,metro,0,2,night,0.19434600150643108,0.0513,1
bff0bc55-53b8-40b8-aabf-512d0d0dc0d4,f6ca696a-e455-41c1-9dc8-0f15409a4068,2025-04-14,250.0,fashion,0.152,COD,0,4,0.069,metro,1,5,evening,0.10854267231058526,0.3463,1
f672dc1d-4f35-49cf-9b9d-939895172942,265ca8d0-3df8-4d6f-9712-d08685f17132,2025-01-05,409.46,home,0.297,UPI,0,26,0.083,metro,0,3,morning,0.1913603605753747,0.0628,1
0e104f78-9fa4-4a30-a466-5f43a6c5cc52,f2c8ae0e-52fe-4eca-b75b-3a0db84124de,2025-07-13,250.0,fashion,0.335,COD,0,4,0.512,metro,0,3,night,0.4893639098666145,0.3513,1
25a15d31-ca11-49b5-8274-df6d57c6f441,98389b8b-658b-4eca-b919-9c37c2dbce1f,2025-05-25,3492.05,electronics,0.071,UPI,0,16,0.059,metro,0,4,evening,0.04552205229964168,0.021,0
55241323-d2c0-4e4a-bd4b-780ee80817bc,cba0fbf1-c8e0-4aa6-8a6b-48f3baba929d,2025-02-04,359.78,beauty,0.343,COD,0,19,0.424,metro,0,9,morning,0.3706024922013499,0.4848,1
fd141407-b6c8-495b-9efd-17eced8d122c,a6256430-3c71-4085-bbd4-f11ec5db53de,2025-03-13,2225.45,electronics,0.193,UPI,0,10,0.088,tier3,0,6,night,0.20459557629689876,0.0327,0
fbf514fa-b8e8-40e3-af62-2f8461a49437,0cba70d8-7b76-4a59-90e8-413b36d73797,2025-09-10,2462.12,beauty,0.384,UPI,0,22,0.216,metro,0,3,night,0.21055725528180214,0.0749,0
1d954867-55d4-46c2-a001-8c0f98ee0f8e,d9358869-66e4-4ee6-bb2e-f9062117fa78,2025-05-06,1869.09,fashion,0.222,COD,0,22,0.113,tier3,1,3,afternoon,0.2042925306906814,0.4458,0
cd0036a4-44b6-43b1-8b67-4fb336c26a7d,ccb655d6-cf38-407a-8bc7-0e7e075b7b40,2025-08-31,250.0,fashion,0.106,COD,0,9,0.107,metro,1,1,morning,0.24986565117884016,0.5179,0
c292b80b-ee7e-4b5c-8ae4-2b364b902bb8,b411f36e-bf74-4ba0-bff0-a67770bd35c5,2025-04-12,3270.01,grocery,0.248,UPI,0,24,0.35,tier2,0,3,evening,0.4451782602422671,0.0321,0
a346fa12-3317-49bb-bba3-becddb6f9f43,99147503-441a-4858-9bd7-29926eb2f3c3,2025-09-03,439.82,grocery,0.235,UPI,0,22,0.442,metro,0,3,evening,0.3870026797871902,0.0128,0
3ca06b56-0f72-456c-8927-e58855394c8a,b5613467-d329-4102-b724-eb47dc04ed5f,2025-06-10,1377.9,fashion,0.428,COD,0,12,0.288,tier2,1,2,night,0.2676344641423701,0.8307,1
3e75b57d-0e0c-4360-81a0-165544cbb103,a111ab22-4c88-4d83-b499-448d82133ae3,2025-05-05,2873.93,fashion,0.061,UPI,0,13,0.306,metro,0,2,evening,0.2568909066288726,0.0694,0
07a437e9-dc4d-42f1-815a-d06085bb9e53,fd788034-3caa-492f-9c7e-57dee41c5244,2025-05-14,353.28,fashion,0.113,netbanking,0,3,0.255,tier2,0,3,night,0.3607060487773846,0.1356,1
25467434-7f2f-46c4-8057-1d5782a0b66b,cba0fbf1-c8e0-4aa6-8a6b-48f3baba929d,2025-06-07,479.33,home,0.067,UPI,0,20,0.393,metro,0,2,afternoon,0.3706024922013499,0.058,0
4f21ef6e-7823-40aa-ae4e-ab2b60211936,b5363dc8-2a80-4394-8468-4ca1bc562c90,2025-02-06,2753.33,electronics,0.181,UPI,0,4,0.46,metro,0,6,afternoon,0.2828521239790615,0.0657,1
288aa6f5-9bc9-425b-a781-ccfec59092cb,2bf1c610-a75b-412d-b0ce-9dc111d20e3c,2025-07-09,4296.38,fashion,0.391,COD,0,22,0.121,tier3,1,4,evening,0.27780100478810504,0.485,1
cdf9557e-72e8-412b-8b34-c1fbaa31a95e,d2e06185-41b3-4488-a0c7-7165ae31370e,2025-04-28,410.17,home,0.508,COD,0,22,0.327,tier2,0,4,morning,0.4955830568370258,0.4551,1
1c5b4658-e50d-4dc7-95aa-47c9bdb371a6,e8236567-e21a-46bf-9ba0-de610564b03d,2025-07-01,1046.46,electronics,0.523,UPI,0,17,0.043,metro,0,2,afternoon,0.0912579377429543,0.0485,0
d62fcd3b-6c84-4aa7-afb3-f5573ba763e8,d0d8fe24-c852-4ca5-ba50-638075dc7939,2025-07-04,1300.19,electronics,0.324,UPI,0,10,0.217,metro,0,2,evening,0.2216976101384966,0.0119,0
eecf1cf5-443a-49d8-b5b2-80afd2f57e73,2bf0d062-3044-43ad-afc7-95617e9ef54d,2025-09-07,250.0,electronics,0.49,netbanking,0,10,0.283,tier2,0,6,afternoon,0.24614417619698423,0.0999,0
94f00413-94c8-4bec-b958-5b051fe92a9b,787739e4-6bfc-4e51-b3b0-26408d0e386e,2025-10-14,707.73,beauty,0.276,UPI,0,18,0.305,metro,1,2,morning,0.3565159652552688,0.15,0
f9ac5405-7571-482a-92b5-042f8535b1db,fed9a792-b591-4bfb-8973-d03fd3213241,2025-04-10,576.26,fashion,0.307,UPI,1,0,,metro,1,3,evening,0.4716651692865587,0.3413,0
7ec2da44-c4d7-4211-b54e-669d902318f0,b5a8da77-1ba0-4430-8b90-102d0cd1bde1,2025-08-28,4810.66,home,0.229,COD,0,1,0.342,tier3,0,5,evening,0.2447413991389511,0.0856,0
27946585-5c4b-44bf-a317-903e147341d6,ed0d4cec-07d4-440d-a77d-2f0af2663244,2025-03-08,542.02,fashion,0.253,card,0,10,0.698,metro,1,2,evening,0.6645072620284929,0.3,0
c2e8bc48-cf78-44d0-8df5-0bf96680c6f5,ada4540b-8767-467b-b2b1-f21e1669bec6,2025-08-08,2123.06,home,0.178,card,1,0,,tier2,0,3,morning,0.16298051973655406,0.1897,0
84e52ae7-8aff-41bb-aad6-46a8d789cb07,ddecbf91-5b76-4f9b-b303-8fd0a39c55d2,2025-03-30,582.79,fashion,0.186,UPI,0,2,0.742,metro,0,3,evening,0.6643987566463582,0.2422,0
30ff7e6c-5fc0-4a68-9c63-e4362e4d0449,4157d801-6126-4af9-bcde-964ef06750df,2025-07-03,1346.11,fashion,0.216,COD,0,2,0.453,tier3,1,7,night,0.3747717369370184,0.4445,1
426a2007-f720-45d5-9e44-092f275db216,9d2096d1-96a7-40b1-b834-bd63f99029e7,2025-02-06,2798.35,beauty,0.119,card,0,8,0.073,tier2,0,6,night,0.15808045554802053,0.0207,0
3b12ba8c-25e0-4c11-a07a-310f67c01a3f,a6d7cc39-c408-4a35-a826-06da3efd2983,2025-08-29,869.37,fashion,0.225,UPI,0,10,0.377,tier3,1,6,morning,0.3734683492632352,0.1704,0
e5a254c4-ca62-4ec8-bcf3-5307be56c48f,5c3a491b-f023-457b-9da7-95a4eedebd89,2025-06-11,1443.52,grocery,0.499,UPI,0,24,0.055,tier2,0,1,afternoon,0.12936071938754626,0.0387,0
402b96d9-d859-4678-93f3-476edc8a49ff,0c9b2f44-db07-40fd-a5e8-321ab5ffef6f,2025-09-29,466.17,electronics,0.179,COD,0,4,0.321,tier2,0,5,night,0.2560233812776348,0.0703,0
4183dfed-caed-4268-bfdc-5d8101cb844d,e6b84507-0320-4dab-b918-04a7dcb15931,2025-07-13,17553.69,fashion,0.51,COD,0,12,0.366,tier2,1,2,evening,0.27966983742156076,0.1155,0
97023a17-2c97-4b2f-94a0-e0be3f3930f6,787739e4-6bfc-4e51-b3b0-26408d0e386e,2025-03-04,1000.37,beauty,0.169,UPI,0,19,0.379,metro,0,2,night,0.3565159652552688,0.1129,0
396b2e5c-8e54-4eae-89fc-c0bea758f727,f809ca0e-f147-4dfb-b162-7c1694166381,2025-07-16,683.13,fashion,0.145,COD,0,3,0.763,tier2,1,1,morning,0.7587990740316559,0.7088,1
f0eb8fbb-1816-4f24-9c28-e01dd2043e78,05146601-2b83-4f42-aa61-196c6efe02e7,2025-07-01,17346.38,electronics,0.372,UPI,1,0,,tier3,0,3,afternoon,0.5006305541191121,0.0171,0
ff8fc6b9-ed40-48a6-8b23-befd34bf80ca,f29f4a7d-0757-4045-9f25-b4cdee8a1894,2025-07-06,250.0,fashion,0.112,UPI,0,4,0.221,metro,1,3,night,0.11495022682730283,0.3237,0
ec7a40e4-e6ab-476f-9cbf-f65d279630e5,d9358869-66e4-4ee6-bb2e-f9062117fa78,2025-10-18,250.0,home,0.427,COD,0,23,0.143,metro,0,3,afternoon,0.2042925306906814,0.151,0
3fb96fc2-65b5-4ac8-a6e1-40ff0c705445,b96b994e-0ecd-4a39-8a9c-94c3875de033,2025-10-22,4135.17,beauty,0.086,UPI,0,4,0.378,tier2,0,2,morning,0.31973660715339725,0.0565,1
0fb5883f-10f8-4d61-8550-8eccd2532b0b,ed0d4cec-07d4-440d-a77d-2f0af2663244,2025-06-07,957.68,electronics,0.587,card,0,11,0.834,metro,0,5,afternoon,0.6645072620284929,0.1569,1
a980ed36-f01d-4059-a4f6-1593f5ed7aa0,dea29f8e-ac26-475e-a225-300fac669ed0,2025-04-15,1764.91,electronics,0.601,UPI,0,38,0.188,tier2,0,1,evening,0.2211439005048725,0.0739,0
75c9715b-4535-4d03-8800-3b56d318b609,c3f1cc06-68c1-442a-b18b-6338217bcf62,2025-01-12,10463.7,home,0.093,UPI,0,23,0.0,metro,0,2,afternoon,0.1091421274751211,0.0129,0
51ce38ad-6bb1-48f2-8e46-f24833dbbc47,c04c2c09-5f42-4b59-aeb5-6d35280a5d01,2025-04-11,2744.65,fashion,0.267,UPI,0,20,0.07,metro,1,6,morning,0.06067469417646223,0.2136,0
d23e376b-3c4b-4d9e-9450-1dad85f1c2bc,c6829464-1335-46ed-adb7-4a3c9b07a5a8,2025-03-29,1632.61,home,0.437,card,0,11,0.201,tier2,0,2,morning,0.2732031279049196,0.0313,0
873f5185-7b11-4698-a02b-fd6df0f45244,76d2e938-826e-436d-8e9e-46c56a7a791e,2025-08-20,261.9,home,0.397,UPI,0,15,0.143,metro,0,4,evening,0.22287364608691065,0.0421,0
fbe88809-64de-4ba0-be21-bbe5b5e70cf2,ace1ab49-d6e4-4784-9490-26eccef63611,2025-07-08,5463.87,fashion,0.396,UPI,0,19,0.15,tier2,1,1,morning,0.1503348970823547,0.2102,0
d8c02580-fd69-4b6f-97ed-03f110432f8a,6c3f0a1a-8fec-42d8-96f9-176f7e65ba57,2025-01-10,354.38,fashion,0.433,card,0,16,0.293,tier2,0,2,morning,0.2765406569294239,0.0978,0
714586d8-9e6e-4ff3-bec9-dbcc0d04fb99,2a56f047-dcfb-47fe-b09d-c3fc8366e398,2025-04-23,1454.89,electronics,0.098,netbanking,0,4,0.438,tier2,0,3,evening,0.3758845675178493,0.03,0
30cc727c-5cc2-4662-9ee2-b8fe114a307b,195d09db-3869-4cad-9b66-f224746d5e53,2025-06-22,867.43,home,0.526,UPI,0,1,0.37,metro,0,5,afternoon,0.3702859929902147,0.1428,0
7b862ed2-655a-4ab8-89be-204084a4e580,8c24e923-2dbf-4f43-b0b2-6e851d21fa34,2025-10-15,2266.87,home,0.253,card,0,30,0.078,metro,0,1,afternoon,0.10820090543681238,0.0673,0
066607d6-f45b-4446-9475-c6f4c7d2444c,00ee6a6c-7fdb-4d2c-971d-b1bfa29fc269,2025-09-16,1081.08,fashion,0.279,UPI,0,24,0.224,tier2,1,1,evening,0.18608348760507418,0.3208,1
e9d651b9-a7cc-4966-9c49-e56e47a17640,a20df474-d4a0-4bf5-aa94-0fa372496968,2025-05-28,8506.81,electronics,0.163,card,0,5,0.264,tier2,0,2,afternoon,0.28099909876364537,0.0064,0
906bbadf-3be7-4296-b5ec-99d8dfa45e20,98389b8b-658b-4eca-b919-9c37c2dbce1f,2025-03-21,3036.23,electronics,0.187,UPI,0,17,0.101,metro,0,2,morning,0.04552205229964168,0.0196,0
8ad256bb-1904-4f10-a07e-e257ada42133,b0694581-e5bf-4757-913a-46834d324ff0,2025-06-13,2798.73,fashion,0.392,netbanking,0,19,0.15,tier3,0,7,afternoon,0.2365731909103324,0.1404,0
e43ed929-d1a2-4097-9d47-c507d656443e,5e758f8f-c2ad-4e0c-b4fc-026916c24854,2025-03-18,2586.05,fashion,0.111,UPI,0,39,0.022,metro,1,2,evening,0.048627470043128354,0.0642,0
30f160f9-bd08-47f1-aa99-1bf443fd8fa7,f3ddac43-fdf3-4ccb-ae62-1bdf88af5fc3,2025-06-16,483.89,home,0.4,UPI,0,5,0.261,tier2,0,4,evening,0.2445339867991523,0.0424,0
64e63a20-ef9f-4fae-b424-0ab1fe639728,e6d6ae67-c6d0-4b03-a3d2-c00767e82e6d,2025-08-10,648.78,home,0.286,UPI,0,6,0.173,tier2,0,2,evening,0.1683531119228636,0.15,0
a09d2a4c-2876-4c85-ab16-96e37dc57a27,9e5d4987-8d7d-4c47-8cdd-0d477afd0d41,2025-04-10,277.0,fashion,0.308,UPI,0,14,0.166,metro,1,4,night,0.09221080951028436,0.1861,0
e8e3d3f4-f351-41fd-ad15-aed00576e089,42a14875-57df-44bd-b0ae-141793f01b7e,2025-07-16,473.67,electronics,0.162,UPI,0,5,0.255,metro,0,1,evening,0.32814923883527064,0.0253,0
6dec0e4c-8c4b-457f-8f7b-873b3b38a6bc,d3db41bc-bf8f-46e0-94b1-984f27ff9af2,2025-06-18,7059.47,electronics,0.663,COD,0,32,0.312,metro,0,1,night,0.33315409272597374,0.1464,0
df434a38-1769-4928-a046-4c7a70ee700d,b4ae5054-bcbe-434f-a7dc-aa912dc9720b,2025-02-14,1322.5,grocery,0.386,UPI,1,0,,metro,0,1,afternoon,0.08675067656491325,0.0618,1
80093601-80d4-452f-abcc-603d1e9ccd17,11174ed1-8ca6-4cf5-bbe2-8a4f930137ed,2025-09-02,1282.09,electronics,0.256,COD,0,15,0.143,tier2,0,3,evening,0.06842336486313001,0.1838,0
193bfb22-a3e3-42b8-9df6-10ea4c89e394,a08246dd-24d9-48bb-b9d1-2b3dd9ac343f,2025-04-08,250.0,beauty,0.628,COD,0,12,0.216,tier2,0,2,evening,0.19434600150643108,0.3088,0
48312eba-92df-4291-aeb2-d6b4aa3d8c23,6b914b9c-926e-4431-b82e-f178aae9d5c0,2025-07-17,3864.91,electronics,0.183,COD,0,22,0.179,metro,0,2,morning,0.2677657562695904,0.0558,0
e3774686-39dc-4b2e-a76d-59903d1e6d7c,41f5f8b3-7e3a-44d9-8602-d4cc35847329,2025-04-27,1902.15,electronics,0.47,COD,0,6,0.441,tier3,0,3,night,0.21207519145076628,0.2638,0
46d8c316-488d-4add-8db3-197bfee02dda,ccb655d6-cf38-407a-8bc7-0e7e075b7b40,2025-06-29,1209.57,fashion,0.157,COD,0,10,0.344,metro,0,4,evening,0.24986565117884016,0.3331,0
212827cc-35ec-40e3-a6b7-f383482a4f60,a403a957-14a9-40ff-a1ea-6ad7bcc534b4,2025-08-16,458.91,fashion,0.051,COD,0,3,0.0,metro,1,3,morning,0.02235684262044825,0.1633,0
f55fff28-0528-4901-84aa-063499ca9393,d36a7387-21ab-43e5-bcb9-dcddf807849d,2025-02-03,4728.26,fashion,0.401,COD,0,21,0.205,metro,1,7,afternoon,0.30018529874356914,0.2329,0
5d649c50-afd8-4ece-a48d-eb872d27e65b,b411f36e-bf74-4ba0-bff0-a67770bd35c5,2025-06-28,4815.42,grocery,0.026,netbanking,0,25,0.438,metro,0,1,afternoon,0.4451782602422671,0.0187,0
dd3b04fb-61b3-4757-b26d-30a8fa392b51,b409e3d7-b9a4-422f-952f-eaf1d5521144,2025-01-03,547.75,fashion,0.324,UPI,0,23,0.424,tier3,0,5,afternoon,0.3974441051585353,0.2576,0
180a289a-9086-4d82-837c-5175dadf3a92,2b77e152-ac97-4061-9e6a-5abdc78bc29a,2025-05-27,250.0,fashion,0.183,UPI,0,21,0.34,metro,1,3,evening,0.29832839962512075,0.2203,0
433b50ba-3aa3-46c8-a55b-5a0004ff8a03,26a2a8f1-fd8f-4235-a9c7-77f65704c530,2025-01-20,1423.89,beauty,0.107,COD,0,16,0.228,tier3,0,6,night,0.24597285000833133,0.2632,0
9519a9ef-928e-45a8-a791-fa5bce221b41,4e3fc6b0-f121-4028-91ed-489282daa465,2025-04-01,315.62,fashion,0.087,UPI,0,5,0.14,tier2,1,1,afternoon,0.07820534188507672,0.1641,1
0390bafb-bf6f-4b5a-b65c-8cdf0d823a8c,2286f067-3fb8-4d9d-8502-469f39a46441,2025-10-17,278.85,beauty,0.058,card,0,32,0.135,tier2,0,5,morning,0.2798863894924076,0.1314,1
cf4ed3ea-c404-4c88-a8fd-1c69f2465790,e6b84507-0320-4dab-b918-04a7dcb15931,2025-10-04,1055.06,grocery,0.101,card,0,13,0.329,metro,0,2,morning,0.27966983742156076,0.0251,0
de4c787d-ef69-431e-a5a2-71ccef2276e9,acd6bd3e-5e54-412a-b390-342f9074721c,2025-04-22,332.52,electronics,0.43,UPI,0,4,0.103,metro,0,4,evening,0.15860848909227618,0.0495,0
02427020-3f28-4d31-898c-8ebfe352aedc,9ec97215-3253-4c47-821c-fe8a3b89d257,2025-06-30,1151.6,beauty,0.203,UPI,0,6,0.176,tier2,0,6,afternoon,0.2511919731705291,0.0546,0
39b43a78-3a3d-4d10-a752-a560f44eeaae,e90f2e94-525b-47c4-b592-56daaf0983cc,2025-08-29,2112.21,grocery,0.579,UPI,0,7,0.254,tier2,0,8,night,0.20763912883986363,0.0498,0
c82710ea-1f35-44b0-a4d6-3548b2cd739e,cd03dd27-2fc9-486c-998f-c61cf34b93ab,2025-04-22,562.99,fashion,0.614,COD,0,9,0.184,tier2,1,4,night,0.35614412579298554,0.71,1
576ec254-8140-4b66-9ffd-7e1c290e3bff,fe679ebd-d7e3-420e-a610-8a0cfd64ae80,2025-05-02,3134.73,grocery,0.548,netbanking,0,6,0.419,tier2,0,3,evening,0.43544254381347786,0.0792,0
76ac8dd7-7aa9-4229-a614-602eb8de3dba,c3f1cc06-68c1-442a-b18b-6338217bcf62,2025-04-22,343.8,home,0.243,COD,0,24,0.141,tier3,0,3,afternoon,0.1091421274751211,0.0972,0
8eb0e167-36d3-4c4b-8724-7fc483bae1ac,b01e41e4-d9e6-44b4-9cd5-b93bcad02d3e,2025-07-21,1063.73,fashion,0.307,card,0,3,0.121,tier2,1,4,afternoon,0.12605441282590366,0.3036,1
13f7309b-bc2e-4adb-8118-ad3c037a1f6d,4e3fc6b0-f121-4028-91ed-489282daa465,2025-07-29,433.34,home,0.283,UPI,0,6,0.099,tier2,0,1,morning,0.07820534188507672,0.0609,0
c6e5b8d7-4e8d-456b-80ad-be67613ee81f,9e5d4987-8d7d-4c47-8cdd-0d477afd0d41,2025-07-01,888.63,home,0.171,COD,0,15,0.157,tier2,0,4,morning,0.09221080951028436,0.4161,0
65842c49-8c31-4e04-8023-33197b30d731,99e318ff-1a69-4f68-addf-975990bd0414,2025-02-13,1344.32,beauty,0.14,UPI,0,27,0.281,tier2,0,4,evening,0.2434169799043869,0.1409,0
7726313e-eaf1-4565-a821-e7253eed867c,141851fb-39b4-4b0b-8cc4-7cd819c8a26e,2025-10-10,1103.48,fashion,0.235,COD,0,4,0.34,metro,1,4,evening,0.3750474517068999,0.4257,0
5509a390-7ac0-40f8-b535-a1a1c1bb046e,4e3fc6b0-f121-4028-91ed-489282daa465,2025-06-08,801.24,beauty,0.171,UPI,0,7,0.167,tier2,1,3,evening,0.07820534188507672,0.0669,0
e4219aed-822d-46f9-a6f3-40acc710a390,9e5d4987-8d7d-4c47-8cdd-0d477afd0d41,2025-03-27,2009.25,electronics,0.221,COD,0,16,0.0,tier3,0,2,night,0.09221080951028436,0.0597,0
5a878917-165f-4d9b-be7b-a13aae0517f7,08aef544-c5e9-4643-9aa9-07339815a3b1,2025-07-08,701.07,beauty,0.35,COD,0,11,0.339,tier2,0,1,afternoon,0.3389478327833424,0.2375,0
a5314a6f-c924-4798-853d-46306debdfb5,af9a11bb-3658-4e05-918c-ac3f7c175c59,2025-01-16,1333.28,home,0.23,COD,0,5,0.0,tier3,0,4,afternoon,0.10073875282927403,0.3453,0
b2e645ac-23a2-4766-b4f8-b9a8fd03c268,2286f067-3fb8-4d9d-8502-469f39a46441,2025-10-06,4322.57,beauty,0.241,UPI,0,33,0.203,metro,0,5,afternoon,0.2798863894924076,0.0362,0
320f6184-be9a-44b3-8a05-2203a5bae94d,161df1c7-36db-490d-9f64-9879a7de2f27,2025-05-01,3653.91,beauty,0.377,card,0,7,0.155,metro,0,4,morning,0.24074547305735522,0.0628,0
bb24332a-3923-460e-871b-47872e8d86ed,47f823ff-61be-4208-9ddb-40e533de3e46,2025-03-02,1243.93,electronics,0.245,UPI,0,2,0.121,metro,0,2,evening,0.13082075119550465,0.0325,0
1a8d1a0f-6c66-47ff-9836-268e5129da7e,ca2fe15e-112f-4628-a780-35be48c1c3b1,2025-08-25,1856.45,home,0.655,UPI,0,3,0.18,metro,0,1,evening,0.20115272590154482,0.0856,0
357c8382-658b-4758-861e-8bf05931c548,dea29f8e-ac26-475e-a225-300fac669ed0,2025-04-11,689.75,grocery,0.181,card,0,39,0.25,tier2,0,6,night,0.2211439005048725,0.0299,0
d4f474af-a05b-4386-9d7a-2581d04ca4f2,912383ff-d344-436a-862e-61ab640188b1,2025-09-09,1163.92,electronics,0.435,UPI,0,11,0.727,metro,0,2,afternoon,0.668440832463893,0.2648,0
52efe018-3fa6-4b14-8c09-7bc4dd10028f,99147503-441a-4858-9bd7-29926eb2f3c3,2025-06-01,1971.31,home,0.275,netbanking,0,23,0.308,tier2,0,3,afternoon,0.3870026797871902,0.1218,1
ca899abb-4e86-4502-9956-8471777f08fb,0b6f3e2b-84fe-456b-ad93-ffcb76fb728f,2025-10-19,1578.48,fashion,0.235,UPI,0,37,0.195,metro,0,3,afternoon,0.19762424986659227,0.039,0
209e6295-39c2-44ff-aa36-cdc8f5f640dc,694022be-f45b-4b98-8a1e-01682ff6e821,2025-01-22,360.4,fashion,0.232,COD,0,14,0.093,metro,1,6,afternoon,0.09634270484326586,0.2233,0
8c6a797a-d16e-44ac-a435-9fbc6a5b7f7c,28660f34-5a61-4e07-8f8c-96c4fb8d6d70,2025-01-09,2635.02,grocery,0.301,UPI,0,12,0.121,tier2,0,2,night,0.052918216172000036,0.0333,0
1e37860f-1f07-40c9-b2c3-974c61368378,7a4e9ee7-df87-4f79-9ec7-3f4c1f489075,2025-07-23,7448.81,fashion,0.271,UPI,0,45,0.318,tier3,1,4,evening,0.23069756686430742,0.2239,1
83f0c2a6-56a2-4bd6-a5f2-9f2b55da2835,b3cf3447-78bb-4c56-ad60-4b6d8aa2c4ed,2025-01-07,426.88,fashion,0.356,netbanking,0,2,0.548,tier2,1,2,afternoon,0.49997027811458317,0.2688,0
e9c5e286-f491-4ce8-b6a4-d35f9da1aa08,cce5c7f6-4ae5-4d71-8510-ce1baced4c0a,2025-06-24,1040.04,fashion,0.467,netbanking,0,5,0.356,tier2,1,3,evening,0.40080141861945334,0.29,0
111670cf-6390-4b21-a67e-634d581ffc58,e13d21db-d1a8-4f0a-9fc2-ba3d05772804,2025-05-04,1369.68,fashion,0.328,UPI,0,9,0.0,metro,1,4,night,0.06565876288364696,0.2485,0
1e3aaa3d-2972-4e30-9e92-f2ceb7e7abca,24dc633c-de4a-4152-ae24-3e42211235f1,2025-10-18,250.0,fashion,0.137,COD,0,13,0.01,tier2,1,4,night,0.03297163095944513,0.435,0
828d9f0d-0757-4de2-8fd8-b7f3b9414fb2,ef0ff2d2-35b5-48b5-b806-a1f742caa3de,2025-03-17,2032.22,beauty,0.281,UPI,0,6,0.29,metro,0,1,afternoon,0.22359865383939137,0.0697,0
bbcd837b-a489-4406-a948-b4be3db0da55,a228e990-7b22-4983-997d-00faaa3c7dff,2025-01-18,635.73,electronics,0.282,UPI,0,3,0.071,tier3,0,5,afternoon,0.05810633967327533,0.0755,0
bb10f866-499e-44aa-845a-c09be7c1ea4c,60ab47fa-fe76-4aa1-9125-a3006288e298,2025-03-16,1616.59,fashion,0.201,card,0,24,0.278,tier2,1,2,evening,0.2897378778415542,0.1817,0
122ea3b2-24d3-4edf-92cd-6bab455a394b,2e46de50-f2d0-4553-ad5f-5feee0d8f2f6,2025-06-30,1196.93,fashion,0.499,card,0,4,0.168,metro,1,2,night,0.1410237131485087,0.1954,0
e821abe1-2c30-43bc-a6dc-4b18a4140ff7,36f429a5-f9cd-4178-8452-85593f1caac7,2025-09-25,250.0,fashion,0.226,UPI,0,8,0.068,tier2,1,1,night,0.07704457522442643,0.301,0
78f05a10-6445-4275-a842-f20f4d4ca9f5,5f406040-6dfb-4ae2-9890-7f640e616156,2025-05-21,280.77,beauty,0.363,UPI,0,9,0.28,metro,0,3,afternoon,0.2831068452109286,0.0718,0
95f38997-17b1-417e-a1eb-acc1a86b430f,767607d0-4d2d-44a6-b6ef-7324a793d146,2025-05-08,850.77,home,0.639,UPI,0,3,0.03,tier2,0,1,evening,0.03200477582582108,0.0772,0
96b5e497-300d-4548-98be-b9476fc0f039,a202a749-e45e-4d7b-b9e4-97714e27bcb1,2025-04-14,972.26,beauty,0.136,netbanking,0,14,0.212,tier3,0,4,night,0.1838032082155034,0.199,0
b432759d-85d8-4563-bd3e-d3590b95117f,99147503-441a-4858-9bd7-29926eb2f3c3,2025-06-30,4295.56,fashion,0.057,netbanking,0,24,0.305,metro,1,1,afternoon,0.3870026797871902,0.0662,0
3c5c8833-b36a-4673-8b3a-2766aa60fa0e,92f8f8f3-1a19-41b0-9888-9ad14e0b35ba,2025-04-18,2725.09,fashion,0.293,card,0,18,0.124,tier3,1,5,afternoon,0.14720873128711998,0.3953,0
7259be65-3815-4e42-b9ff-86d1241242c0,787739e4-6bfc-4e51-b3b0-26408d0e386e,2025-04-18,2516.65,fashion,0.026,UPI,0,20,0.286,tier2,1,4,evening,0.3565159652552688,0.1608,0
cda9bf71-a7ff-4828-8515-7a218c88d3a3,fc9e341a-a365-4581-a9c0-db191af5f46a,2025-06-19,250.0,fashion,0.305,COD,0,2,0.333,metro,1,3,evening,0.40238115717858614,0.518,0
f7ee2629-dac9-4c6a-8a01-f6e6cdd28de2,fe5966ee-16a8-40bf-bfa7-b25c4843d418,2025-07-14,797.77,fashion,0.061,COD,0,2,0.111,metro,0,3,evening,0.08260669207550075,0.2161,0
bcac69c5-09b6-438d-9836-5704477a3e2c,3c287f81-302b-49d7-b333-502c52764540,2025-02-25,593.7,fashion,0.439,card,0,7,0.496,tier3,1,2,evening,0.46015210405281526,0.5751,0
5c14f4e2-7427-4c34-8e85-9ed7886c0399,4e40c152-4279-4fbe-8a2f-a127f5613ef3,2025-07-31,3379.86,fashion,0.457,UPI,0,29,0.1,metro,1,1,evening,0.08097222048102413,0.2944,0
b7b2069f-1212-43aa-ada5-67c33a1d2bef,8d45fb6b-5cb0-49b8-a37f-9809c0571d61,2025-10-03,1048.62,electronics,0.451,UPI,0,2,0.195,metro,0,5,evening,0.15600093316577332,0.0509,0
fb5d3c73-fe07-4580-9783-e5a6833d80d3,c6829464-1335-46ed-adb7-4a3c9b07a5a8,2025-07-04,1154.58,grocery,0.185,UPI,0,12,0.339,metro,0,4,morning,0.2732031279049196,0.0332,0
20619f44-f542-46d9-b2c0-3bf49b231119,3f259d1d-bcc5-4e5f-9d0b-919938ea08ee,2025-06-10,765.86,grocery,0.409,COD,0,1,0.526,metro,0,4,afternoon,0.4570029919844534,0.118,0
26cc1589-3e10-45a2-8cc5-905f59dc0935,ac8ee436-067a-4aac-8496-8e40cfb19bfd,2025-05-31,9790.18,fashion,0.037,UPI,0,41,0.165,tier3,1,7,night,0.2595265118239566,0.0538,0
7c143174-dee8-4d77-94d9-6fd158f206ea,3b68140d-c04c-4ece-87a7-1b051083612b,2025-07-01,2063.45,home,0.434,card,0,14,0.353,metro,0,1,afternoon,0.3098477304837669,0.0896,0
54798a3d-23b9-4d0c-bc9e-49a3eda0ff08,787739e4-6bfc-4e51-b3b0-26408d0e386e,2025-03-01,860.66,fashion,0.135,UPI,0,21,0.287,tier2,1,3,evening,0.3565159652552688,0.2952,0
011e1456-20b5-462d-9525-5254818d017d,3b49789c-945c-4714-a699-87e36fa56daa,2025-05-17,250.0,electronics,0.465,UPI,0,3,0.116,metro,0,4,morning,0.09630629790643759,0.0345,0
b5c0c194-9f47-4602-80bf-94afa4f130c0,fecd2a5b-e5c7-4055-bc33-7f5143f2fb37,2025-03-10,1030.69,fashion,0.204,COD,0,3,0.178,tier3,1,5,evening,0.13948659265221522,0.2457,0
d16e22fc-6073-47c7-8bca-42960246459b,6d89b6da-05be-4f09-b2f2-542a975f2f53,2025-07-29,2897.31,grocery,0.07,card,0,16,0.115,metro,0,5,evening,0.3016559281489719,0.0067,0
aed4d357-ab1e-49b1-920c-6bac5a2e787d,3a457f70-d47f-43a5-88c5-b74c7d8ab2dc,2025-09-02,332.77,fashion,0.227,UPI,0,7,0.501,metro,0,1,night,0.3408921063238981,0.1208,0
0bada1b0-f7d3-4b27-b70e-9e265a7b6da2,835b4038-88dc-4965-b6b8-921d3b0ad19c,2025-07-23,6935.05,beauty,0.543,UPI,0,37,0.07,tier2,0,5,night,0.18168234468688693,0.1007,0
ab60b30b-5d94-4332-8f7a-ec94d31ddd9e,c5d85ede-c256-42df-b993-35deb12a5516,2025-08-06,705.72,home,0.287,UPI,0,31,0.351,tier2,0,2,night,0.3517803851773976,0.0606,0
d3207d06-51dc-4785-98f4-5c1bc7b4cc8f,14dacb7a-4c30-4243-939a-a0e29b7f206e,2025-09-29,1231.12,home,0.468,COD,0,4,0.312,metro,0,2,night,0.3923137330147234,0.3057,0
5157aa78-edfb-4abb-8eee-6f753daab9a2,e75b5a37-ac60-4066-a040-3617f0d903ea,2025-06-10,250.0,home,0.103,card,0,20,0.262,tier2,0,2,morning,0.24645297721478737,0.1208,0
b1021208-1cc6-4f26-9481-929251af0916,487e0072-ff7c-4376-aa94-0ed39d21882d,2025-05-11,424.01,home,0.461,UPI,0,14,0.192,metro,0,3,night,0.10058728392504118,0.0535,0
443dc3cc-1297-44b2-aa66-0ea62c7c555d,5a71659c-1263-4448-8731-60f1df983197,2025-09-23,639.67,fashion,0.191,card,0,37,0.514,tier2,1,1,afternoon,0.4468118022423648,0.4945,1
eeed4157-f4d4-414f-9010-b22aa205c133,f12f9975-0712-4d09-b5cc-14bee6fd60bc,2025-07-09,267.45,beauty,0.259,COD,0,6,0.496,tier2,0,2,morning,0.443593609971502,0.4161,1
950b457b-c166-4f42-8d95-95141d277709,161df1c7-36db-490d-9f64-9879a7de2f27,2025-03-22,250.0,electronics,0.063,COD,0,8,0.171,tier2,0,5,morning,0.24074547305735522,0.0666,0
b8f9958a-2def-400e-8b61-9bf423090b7e,b86ee3a9-928c-4ec5-8783-0beb41950f27,2025-09-26,1824.46,fashion,0.346,UPI,0,12,0.032,metro,1,2,afternoon,0.05573145024510638,0.1196,0
2fe27cf5-e312-4270-9a0a-90f072e05afb,002f6f59-2b6f-4dbc-9ecc-d120b6566c6c,2025-08-23,2094.19,electronics,0.234,UPI,0,2,0.479,metro,0,1,afternoon,0.5259008100699633,0.0369,0
48e8f1af-8e87-4eef-a2d6-014bd481bed7,da84b692-c6d8-43fa-a00f-13d4135959fb,2025-10-27,1714.33,grocery,0.238,UPI,0,7,0.364,metro,0,4,afternoon,0.4069919336009818,0.0245,0
ef0654bb-8c4a-4c4e-b7f0-d52641652004,d36a7387-21ab-43e5-bcb9-dcddf807849d,2025-03-25,687.47,grocery,0.295,UPI,0,22,0.158,tier2,0,1,night,0.30018529874356914,0.0408,0
191a94b9-4495-4839-89a3-59abbbf74ee4,c54b4d61-dda5-4d05-96b1-4aca694d9671,2025-07-02,307.72,home,0.097,COD,0,5,0.085,tier3,0,5,night,0.15960867264431888,0.1139,0
0e954e04-f08a-49fb-8a45-686441a9cc1c,c04c2c09-5f42-4b59-aeb5-6d35280a5d01,2025-06-16,250.0,fashion,0.044,COD,0,21,0.048,metro,1,3,afternoon,0.06067469417646223,0.3266,0
03c9641e-1c33-4824-b63d-9eec36afad0c,b1336f06-4498-4785-9356-a28b8e793e2a,2025-08-28,1921.4,home,0.356,COD,0,2,0.23,metro,0,1,afternoon,0.1290336246566356,0.174,0
37c307ef-1070-44be-89ff-6141b39b95a5,b9ab6a4e-9e61-4225-8298-12bde10de7a7,2025-10-18,8047.35,grocery,0.513,COD,0,13,0.207,tier2,0,7,afternoon,0.20154150931374812,0.0344,0
9240f6fe-f2c2-432a-83ee-8d564c2b29f5,2286f067-3fb8-4d9d-8502-469f39a46441,2025-09-28,250.0,grocery,0.416,UPI,0,34,0.25,metro,0,2,morning,0.2798863894924076,0.0484,0
0521d11e-47d7-41ef-8550-6453dd8b40a6,10546d08-1053-4bf0-976f-4c40b2dcb1c8,2025-06-03,421.33,fashion,0.22,COD,0,15,0.0,metro,1,3,evening,0.021184252375003435,0.4773,1
f5fecc5b-bdd3-49c5-9490-1aacd46e0e36,28660f34-5a61-4e07-8f8c-96c4fb8d6d70,2025-07-24,5945.32,fashion,0.154,COD,0,13,0.098,tier2,1,2,afternoon,0.052918216172000036,0.1845,0
fe86084e-2064-496c-811f-5bbe8f3cac4e,f04ea3ca-68ee-4efe-a612-fe50610fd2dd,2025-07-29,503.75,beauty,0.349,UPI,0,23,0.212,metro,0,3,evening,0.2242312963277271,0.1305,0
8152c354-7d16-4fcf-8591-ce2ce50b038d,44408e56-9a11-44d5-8a79-5e1ddafd28e1,2025-09-18,1478.8,fashion,0.165,card,0,29,0.241,tier2,1,2,afternoon,0.24706696213115537,0.1109,0
b53aa648-2290-49b4-bd28-5fb2a8d547d0,0fba06d8-d561-4e1e-8221-f56fd92a018c,2025-01-05,8272.16,home,0.153,netbanking,0,15,0.404,metro,0,1,afternoon,0.41585134920398,0.0578,0
ae2a5390-586c-41f0-9c13-dc1a4238f25c,ddfc876a-1d41-4a01-b847-5b960366c16f,2025-03-18,929.07,electronics,0.154,card,0,6,0.199,tier2,0,1,night,0.23305342178158567,0.0629,0
52e25fe3-e3bc-4bf5-b464-6542c69c7661,bd8faecc-d38d-4f13-8a42-c17d6f850d10,2025-08-07,1272.48,home,0.424,card,0,8,0.231,metro,0,1,evening,0.26335659719559446,0.1139,0
c798b1df-0782-4e0b-9080-0f107ee8b199,d3db41bc-bf8f-46e0-94b1-984f27ff9af2,2025-04-04,2099.89,electronics,0.389,COD,0,33,0.31,tier3,0,3,afternoon,0.33315409272597374,0.1518,0
5c7efd1c-4ba8-4cf1-b508-ccce81456678,9770188e-26df-49a0-9585-a1ffa837217a,2025-05-18,1113.73,fashion,0.34,UPI,0,13,0.35,metro,1,4,morning,0.2537284053397563,0.3259,1
8b725835-d625-46de-9fe4-11f499380c1a,2b0aed48-0816-4dd9-b18b-7acd4c255c96,2025-05-07,1527.23,electronics,0.095,COD,0,14,0.12,metro,0,1,evening,0.19975800750299405,0.097,1
36a4bd29-7e57-46b5-8fdc-d1746239242c,96548d63-d341-4206-a268-42e6fde9bfb5,2025-05-23,2376.28,fashion,0.252,UPI,0,3,0.142,tier3,1,6,evening,0.20321741031586962,0.3433,0
cd768a42-4919-4e0b-9711-54b44549f438,3f259d1d-bcc5-4e5f-9d0b-919938ea08ee,2025-05-10,830.92,fashion,0.531,UPI,0,2,0.41,tier2,0,4,night,0.4570029919844534,0.4246,0
7a56cc12-7662-4789-882b-e80eaee2c671,487e0072-ff7c-4376-aa94-0ed39d21882d,2025-10-10,1263.5,beauty,0.198,COD,0,15,0.074,metro,0,6,evening,0.10058728392504118,0.1353,0
88dbf0cd-30b8-44e3-921a-d9282f1c77ae,4cd14e7d-39b8-4f81-a0df-c5d6d5a1e463,2025-03-16,453.35,fashion,0.136,UPI,0,6,0.155,metro,1,4,night,0.152939181594962,0.2806,0
ffcb52b3-d2dd-48c9-ba72-15a902149983,06685c5f-2341-4003-97cd-809136d21d44,2025-01-01,3350.96,electronics,0.362,UPI,0,16,0.41,metro,0,5,evening,0.391147140695262,0.08,0
78cb7c6f-a4ba-41fc-9470-b3c14f0bf5e8,0651ab9e-5b2b-46c4-9215-ff97762857c1,2025-10-25,513.08,beauty,0.592,UPI,0,16,0.408,metro,1,5,night,0.3926881472493449,0.1732,0
66296e2e-a954-4609-9fef-5115eb15890e,85fb6dde-4673-4009-b279-08f034a747e3,2025-03-18,5872.65,beauty,0.327,card,0,15,0.314,tier2,0,1,night,0.2901295476709541,0.139,0
0547c6eb-cf37-4688-8566-dda1c0332d00,f9852313-5fdc-437c-9c37-d03dbf8c8f0e,2025-07-01,1213.43,fashion,0.254,UPI,0,9,0.119,tier2,0,2,afternoon,0.13745108080776064,0.0765,0
387bda67-c560-4757-a06f-33fe7005f003,d3db41bc-bf8f-46e0-94b1-984f27ff9af2,2025-06-12,2064.78,fashion,0.375,UPI,0,34,0.204,tier2,1,5,evening,0.33315409272597374,0.2591,0
3bf02a37-efd2-4eb2-b4e3-11449fdf76ed,c3f1cc06-68c1-442a-b18b-6338217bcf62,2025-08-20,1715.36,fashion,0.238,COD,0,25,0.167,metro,1,4,morning,0.1091421274751211,0.3825,0
2472209f-14ee-4faa-815c-cf5cf43cef08,ded4396a-49de-44e3-a773-49b635f42e59,2025-09-21,318.54,grocery,0.269,UPI,0,12,0.529,metro,0,3,afternoon,0.5527709467025828,0.0282,0
4d505027-f102-43a3-8352-946d8ea99ae7,dda5b132-3c35-48db-8feb-21f14075f104,2025-06-19,344.59,home,0.507,netbanking,0,21,0.308,metro,0,1,afternoon,0.23310699843617838,0.1722,0
982cc56d-5b27-4dd0-ab97-83746cf70f7e,c5e8aef0-7362-4837-9a04-8b3fa7ff821e,2025-03-11,712.3,electronics,0.246,UPI,0,25,0.371,tier2,0,2,afternoon,0.5144941083307562,0.0599,0
06ba9764-bf4d-4564-b53c-0bc5de83484d,c987e835-2514-40cd-834c-f4d2261dd56b,2025-10-27,2654.84,fashion,0.263,netbanking,0,27,0.0,metro,1,7,afternoon,0.06015710717930573,0.074,0
058aed86-326c-491c-b32c-494f86247c47,b409e3d7-b9a4-422f-952f-eaf1d5521144,2025-04-02,451.29,fashion,0.217,UPI,0,24,0.297,metro,1,7,evening,0.3974441051585353,0.19,0
aa355c64-9da4-4f60-947c-7a78f7df8da1,60ab47fa-fe76-4aa1-9125-a3006288e298,2025-06-05,1192.77,fashion,0.267,COD,0,25,0.205,metro,1,2,evening,0.2897378778415542,0.1913,0
f3d7d71a-9044-4bd9-ada1-5c726b559c98,c5d85ede-c256-42df-b993-35deb12a5516,2025-05-05,7941.26,grocery,0.092,UPI,0,32,0.147,tier2,0,2,night,0.3517803851773976,0.0036,0
01f5634a-5c80-4ce4-a817-19c7a3e2a448,277a79e8-5c1c-4c5a-b093-506fa7146b60,2025-03-07,13308.71,home,0.181,UPI,0,6,0.174,metro,0,1,afternoon,0.16757657415686808,0.0142,0
8387d550-b5df-459c-b6b4-d6b1f202778d,02a5f6e6-ed13-4112-bdc9-2c7b67f3867c,2025-02-26,864.99,home,0.34,netbanking,0,4,0.2,metro,0,4,evening,0.19943866470802457,0.0281,0
f58b16f0-cfcb-499a-836b-40ba1e3cf170,4e40c152-4279-4fbe-8a2f-a127f5613ef3,2025-05-30,2052.94,beauty,0.365,card,0,30,0.229,metro,1,1,morning,0.08097222048102413,0.158,1
51cef52a-c022-4a1a-a951-6bfb40994728,413744d3-be2d-4444-8321-84e3d4f2a883,2025-06-30,1304.41,electronics,0.247,COD,0,3,0.296,tier2,0,10,afternoon,0.17611303556440555,0.1426,0
c54c3d04-fbda-4281-b1d9-0970f23cbd3d,9ec97215-3253-4c47-821c-fe8a3b89d257,2025-10-04,250.0,home,0.314,COD,0,7,0.295,metro,0,5,afternoon,0.2511919731705291,0.3361,1
58851a64-3764-4b46-858c-40f497604d50,ab490722-82c0-45b0-9b05-00f26a266ca3,2025-07-21,828.28,grocery,0.301,COD,0,1,0.533,tier3,0,4,afternoon,0.4862266497306529,0.1787,0
fd362fd4-671f-4665-bbf4-452a0dbdbdf8,2a7fb427-4c3e-481a-9333-4b2ce1a6dfcb,2025-05-22,463.64,beauty,0.223,COD,0,6,0.035,metro,0,2,afternoon,0.04633846991413163,0.0767,0
e9c00c6b-4518-4444-9035-b56960b49619,3ae5064b-f3c7-4936-8de7-de055b245a44,2025-03-17,1142.95,electronics,0.077,UPI,0,5,0.136,metro,0,1,night,0.13085373507915285,0.0389,0
2fa8b5b2-d8fe-46be-923f-7448e73951f8,a0d51492-1a9d-4d8c-bef3-c77305837da5,2025-03-08,497.69,home,0.185,COD,0,7,0.109,tier2,0,1,morning,0.07875622019451736,0.1239,1
03ee6a47-ac6e-4c10-89c7-6b8746f65c20,75aa2704-6368-428d-ba7a-be942625e571,2025-05-07,1601.78,electronics,0.055,netbanking,0,2,0.16,tier2,0,1,night,0.20694259408245252,0.0477,0
1ab1a484-92d6-4cb7-9c7b-9bf4c832ef2e,24f462d2-ab23-4d64-b4cd-5e1193e7769f,2025-10-24,2788.57,beauty,0.227,COD,0,7,0.565,metro,0,2,morning,0.5997722687005431,0.2793,0
86b8dabe-3523-418f-b722-3386ddac1075,4e40c152-4279-4fbe-8a2f-a127f5613ef3,2025-09-25,2158.21,grocery,0.24,UPI,0,31,0.0,tier2,0,1,afternoon,0.08097222048102413,0.0095,0
8a1f48ff-6514-4c4e-8f6a-100ba961f835,c5e8aef0-7362-4837-9a04-8b3fa7ff821e,2025-03-15,250.0,electronics,0.342,card,0,26,0.668,tier2,0,2,morning,0.5144941083307562,0.1256,0
adcc1b2d-0e18-4b37-9d44-78ceacd21daf,423107d7-155f-4bae-92aa-4c3cfbee5d71,2025-03-04,1752.15,fashion,0.531,COD,0,6,0.333,metro,1,4,morning,0.3108899842101137,0.4679,0
6c78d22f-bf7c-42ce-bb2b-77bb326426c8,7f51804d-0307-4367-8d0c-719db1094ae8,2025-06-06,860.82,fashion,0.197,UPI,0,15,0.191,metro,1,3,afternoon,0.21082490652703922,0.1489,0
49de5c49-731c-4ffe-9943-ec3c1aec1ec5,b411f36e-bf74-4ba0-bff0-a67770bd35c5,2025-05-08,1345.98,fashion,0.298,UPI,0,26,0.344,metro,1,6,night,0.4451782602422671,0.2797,0
ba476350-56c4-498d-8754-90983cf07dd4,e4fc2035-70f1-45b1-82d0-0ee396f0a984,2025-07-15,250.0,home,0.168,COD,0,24,0.228,metro,0,3,afternoon,0.21199326223067969,0.0656,1
28e7f174-92a3-4eb0-9b01-4fd8c17aa325,762dc9ed-5415-436c-b6a9-6504149e79d2,2025-08-22,1105.99,home,0.374,netbanking,0,3,0.183,metro,0,4,afternoon,0.08058041829298626,0.0756,0
5b46ab7e-8d53-45a6-aeb4-1ba264173f98,486a908c-5502-4cc0-9b75-37b03e21f6b3,2025-10-10,250.0,fashion,0.016,card,0,10,0.294,tier2,1,4,morning,0.20531948812490197,0.1558,1
034dd483-4536-41a0-a80a-4415b33858da,2b0aed48-0816-4dd9-b18b-7acd4c255c96,2025-03-25,2298.49,electronics,0.419,UPI,0,15,0.357,tier2,0,1,night,0.19975800750299405,0.0335,0
500f6a11-8884-4801-8a29-1385351863f2,13182ea4-be24-4b97-856d-8d507c92c272,2025-04-01,800.53,beauty,0.141,card,0,3,0.375,tier2,0,7,morning,0.25921265445369807,0.0621,0
73ac6577-833d-4b20-96d7-ff399f0f6fb2,cba0fbf1-c8e0-4aa6-8a6b-48f3baba929d,2025-09-29,2999.91,grocery,0.478,UPI,0,21,0.229,tier3,0,8,night,0.3706024922013499,0.0215,0
0b5fabb1-e4a0-47fd-b196-534be4ced6f0,3619f901-76a0-4d85-88c5-2c8345d5b144,2025-03-03,374.15,fashion,0.25,card,0,5,0.468,tier3,1,10,afternoon,0.3753463445849248,0.7093,1
f41d858c-847e-45b8-b0d3-f9f902439b93,2286f067-3fb8-4d9d-8502-469f39a46441,2025-03-07,748.44,electronics,0.353,COD,0,35,0.312,tier2,0,1,afternoon,0.2798863894924076,0.1947,0
6ab220e6-4df7-49fc-878a-bfa2e969bf85,8d879d73-1aec-41e5-95f5-f7034d86ff07,2025-01-04,829.73,home,0.249,UPI,0,2,0.08,tier3,0,6,evening,0.049577018851452645,0.1097,0
345832c3-45c8-40ea-81a2-428c2009f7c2,5e758f8f-c2ad-4e0c-b4fc-026916c24854,2025-02-08,308.49,electronics,0.25,UPI,0,40,0.001,metro,0,5,night,0.048627470043128354,0.0776,0
9e696758-aec4-4995-b76f-b364132e16ce,3b49789c-945c-4714-a699-87e36fa56daa,2025-07-10,1261.72,fashion,0.268,COD,0,4,0.0,tier2,1,4,morning,0.09630629790643759,0.7523,0
85ad45c5-7577-4376-8116-d341f91c5e9e,92f8f8f3-1a19-41b0-9888-9ad14e0b35ba,2025-09-01,1147.64,fashion,0.65,COD,0,19,0.139,tier2,1,3,afternoon,0.14720873128711998,0.4893,1
54f1719c-c795-4ecf-b9b6-e2f9f846ba16,17b4ac80-5793-4301-bfa9-f9aefc25fff1,2025-07-20,250.0,fashion,0.069,COD,0,15,0.165,tier2,1,5,night,0.12601617248198352,0.3064,0
f4d94b4e-6796-49dc-9431-8018096255dd,ec11d559-7980-4914-89e3-b56e72adba0b,2025-09-30,598.04,home,0.038,UPI,0,24,0.08,metro,0,1,evening,0.1561219227039281,0.0196,0
777c375d-4029-4ed2-964f-765a4954b61c,23554a23-cf8c-44b1-b8cc-829e6469f640,2025-06-22,944.58,beauty,0.61,COD,1,0,,tier2,0,2,afternoon,0.2072500016580332,0.5561,0
ecb09a2e-097d-47d2-9c6c-253550eddb72,e424d903-5aee-46a2-9bee-5ac04c5e6567,2025-09-30,2912.87,electronics,0.073,COD,0,1,0.423,metro,0,1,evening,0.3901665947912998,0.0351,0
9cc6c347-5e3e-4d6c-a227-cc0310ae6822,c86a75f4-eea7-4fce-b017-88f6e68c8ccf,2025-10-27,3474.16,electronics,0.476,UPI,0,16,0.335,tier2,0,1,evening,0.32801543383093573,0.1359,0
90294f42-20b4-468b-a312-2e51c0d7b795,19ae94ec-7d3b-445f-b9ac-092f54f91579,2025-08-22,3270.63,fashion,0.65,card,0,15,0.172,metro,1,4,morning,0.06852796151158619,0.2826,0
9e31f401-16f4-420e-9787-681a17d12d2e,49a190f2-c9c8-441e-b450-f1343adf4d1a,2025-05-29,917.98,fashion,0.75,card,0,28,0.436,tier2,0,4,evening,0.4134664929263236,0.3087,1
0f34ca6f-1e72-409c-959b-8acec3d75787,76af2820-184c-47d9-9bd2-4b2f7eb04dc2,2025-03-17,1912.35,beauty,0.603,COD,0,8,0.155,tier2,0,4,evening,0.03002375015151436,0.1382,0
d369ccdd-f80a-44e9-8b83-07e6e94d9e26,9e5d4987-8d7d-4c47-8cdd-0d477afd0d41,2025-07-16,1863.16,beauty,0.16,UPI,0,17,0.204,tier2,0,2,morning,0.09221080951028436,0.1319,0
d20a0451-d723-4281-a60f-bef031d38573,dda5b132-3c35-48db-8feb-21f14075f104,2025-08-02,646.94,home,0.561,UPI,0,22,0.111,metro,0,2,morning,0.23310699843617838,0.0719,0
e4cedbb7-cffa-4baa-b730-060def827f76,cfc620e3-ca77-41fa-8c08-d1ff821310e3,2025-04-27,3071.19,grocery,0.074,UPI,0,2,0.525,tier2,0,3,evening,0.4395738617127692,0.0724,0
326bfbfd-e6c3-4999-8788-8f94dba2870e,4490790e-4fea-4b93-a5b7-205d0c72419a,2025-08-04,1973.79,beauty,0.244,UPI,0,8,0.304,tier2,0,3,evening,0.33375713618452035,0.073,0
f0186a97-2304-4381-885e-2f70c2886e00,5a48b72f-7311-4233-8e19-238ff40a366f,2025-01-13,278.74,grocery,0.207,COD,0,6,0.225,metro,0,1,evening,0.10212483545629032,0.0726,0
48b3a452-9646-4fcf-9276-b3ea26f6d72e,b411f36e-bf74-4ba0-bff0-a67770bd35c5,2025-09-27,2369.88,electronics,0.122,COD,0,27,0.394,tier3,0,5,morning,0.4451782602422671,0.0819,0
fd6021ef-8f24-42d8-8542-8d1f6d8ee754,63d8dd12-39d4-4e1e-bdd7-72b1c1a0b1c0,2025-06-08,9385.13,fashion,0.17,UPI,0,27,0.145,tier3,1,5,evening,0.22490754943212576,0.1363,0
0baf4fa2-d7ec-49f6-b434-bca29c63e8fb,9e244b29-e59a-4151-9944-d0558be18f54,2025-06-24,1693.98,grocery,0.107,UPI,0,9,0.401,metro,0,3,afternoon,0.3174880999559512,0.0086,0
46ec1a41-fd6a-498f-994f-1d2a91680af3,c967d130-c116-4a5c-8589-391097b66b37,2025-09-01,1621.71,grocery,0.436,UPI,0,31,0.0,tier3,0,3,evening,0.04915448350944119,0.0505,0
b62b1c7f-355f-4943-ac74-53498107d63c,3a10c9d8-7244-4111-ab9e-df23dad5c58b,2025-05-25,4682.91,home,0.118,COD,0,5,0.227,tier2,0,1,evening,0.33399605777104996,0.2032,1
6db1f39a-e176-4466-b6d1-6ffd32f3f420,8f4779cb-b618-4f81-bb3c-2fc51bd97d88,2025-05-25,250.0,fashion,0.3,COD,0,3,0.42,metro,1,2,morning,0.3820936747712913,0.3051,0
9962baa6-4ee1-447c-a59b-83dbf8424b1d,7e3187ea-5ab7-4cd8-84fa-6ff053c09d04,2025-08-30,839.31,fashion,0.243,UPI,0,11,0.173,tier3,1,3,evening,0.21026090580847182,0.3626,1
1e7d4c46-2ae3-4da2-90b7-afe185909095,6d166871-97f4-4b3f-908e-05be679376d9,2025-10-02,306.61,fashion,0.084,COD,0,2,0.092,tier2,1,1,morning,0.158432901455159,0.5753,0
683c4f53-ca87-42f5-ba0d-516221d54c17,c484ef41-f83f-463b-91e1-63ec0254b885,2025-04-13,266.5,electronics,0.141,UPI,1,0,,tier2,0,2,afternoon,0.06329685196438278,0.1378,0
7af8d4a0-5114-42ec-8bfa-cd2750affc4f,3a457f70-d47f-43a5-88c5-b74c7d8ab2dc,2025-08-25,1883.21,electronics,0.294,COD,0,8,0.316,metro,0,2,afternoon,0.3408921063238981,0.1848,0
713456a9-9447-4661-b8ba-9d50e1954f40,76d2e938-826e-436d-8e9e-46c56a7a791e,2025-05-20,440.56,grocery,0.167,card,0,16,0.353,metro,0,5,evening,0.22287364608691065,0.0346,1
1f9d14b6-9dcc-4415-98b8-b0f7c096726c,ecf7432d-87ec-467d-9c61-1102e6ef87c1,2025-02-20,6852.55,beauty,0.486,UPI,0,10,0.173,tier3,1,6,morning,0.1036578444265268,0.1541,0
86bff75e-e8e5-4127-9d6f-73fd3c11e003,31a583d0-4fa7-49b3-9881-d237a7af9e9c,2025-04-15,7282.51,fashion,0.325,COD,0,7,0.14,metro,1,1,afternoon,0.11173338786746698,0.1244,0
ca4744a3-74fc-405c-8930-2a01430e310e,01c1b480-0c36-490f-be2c-8c7d6e7b971c,2025-02-23,2026.68,fashion,0.085,card,0,2,0.088,tier2,1,3,afternoon,0.10351613948793689,0.1211,0
7c60276d-1403-4075-9a94-d36f89dfbc88,5a633e28-f5a6-4ba7-ad44-926d3c088ff1,2025-04-23,332.41,home,0.505,card,0,10,0.117,tier2,0,2,afternoon,0.15422316215847254,0.0865,1
2603872e-13cb-4963-88a1-077317afe8ba,f0a8c6bf-2809-4029-9113-e981813368f5,2025-02-13,286.22,fashion,0.261,UPI,0,3,0.371,tier3,1,5,afternoon,0.29458700556517403,0.6034,0
98a59e79-b268-42df-be95-c2d2a4f10532,cce5c7f6-4ae5-4d71-8510-ce1baced4c0a,2025-03-21,2596.64,grocery,0.356,card,0,6,0.399,tier2,0,2,evening,0.40080141861945334,0.0379,0
0e6d7039-2dc4-45d7-917e-0909ed9dab1a,4e40c152-4279-4fbe-8a2f-a127f5613ef3,2025-01-08,1251.49,grocery,0.105,COD,0,32,0.28,metro,0,2,evening,0.08097222048102413,0.0533,0
7b2ac29f-a836-4819-ad50-170460698f33,a601bb98-ed14-4e71-93e5-2be8eb49e370,2025-01-10,348.26,beauty,0.378,UPI,0,14,0.277,metro,0,2,afternoon,0.4143300984213656,0.124,0
87282e93-59ab-4f10-84d8-b714a1aa34f7,6d166871-97f4-4b3f-908e-05be679376d9,2025-07-21,1868.66,beauty,0.191,COD,0,3,0.182,tier2,0,3,evening,0.158432901455159,0.2118,0
a51627e3-f751-4cbf-a421-7b75793ed6a0,1ec19d12-c4c9-4320-a035-98e17c951577,2025-05-03,3277.78,fashion,0.084,UPI,0,31,0.169,tier2,1,4,morning,0.18576378008237582,0.0789,0
8dbbdc72-bd21-4c1f-b91e-6dec900de486,85fb6dde-4673-4009-b279-08f034a747e3,2025-01-25,3374.48,electronics,0.293,UPI,0,16,0.329,tier2,0,3,evening,0.2901295476709541,0.0831,0
5ff69412-4a93-4051-aa3a-76bfb0b3642b,a202a749-e45e-4d7b-b9e4-97714e27bcb1,2025-07-21,675.44,grocery,0.289,COD,0,15,0.089,metro,0,3,afternoon,0.1838032082155034,0.0638,0
ddd6cacb-ffcb-4a3c-9051-9f6f4fcf7f1e,44408e56-9a11-44d5-8a79-5e1ddafd28e1,2025-03-21,1067.46,home,0.167,UPI,0,30,0.073,metro,0,3,afternoon,0.24706696213115537,0.0651,0
8f17c5a9-d18a-4e41-bd0b-91053d260a18,7df49286-f10b-4148-a2d3-fc893ae7ac45,2025-07-29,4334.24,fashion,0.14,UPI,0,2,0.307,metro,1,3,evening,0.20978013032524798,0.0691,0
87450ef8-84b2-4591-a0db-8c3a2b0e1b7e,f29f4a7d-0757-4045-9f25-b4cdee8a1894,2025-05-18,4111.39,fashion,0.271,UPI,0,5,0.054,tier2,1,3,evening,0.11495022682730283,0.1142,0
bae3f040-2342-45a6-8009-e65d8cf67202,f5069c4e-0691-43d9-b3e0-3efe7073ec31,2025-06-01,1492.39,electronics,0.53,UPI,0,18,0.0,metro,0,4,evening,0.03542903995029727,0.1068,0
0017b604-3f04-46ed-80af-bb69aa94acb2,48b73317-327f-4f67-934a-b6dd2d521db4,2025-08-13,250.0,fashion,0.312,COD,0,15,0.329,metro,1,2,morning,0.24989906497225137,0.7698,1
baa36ead-03f1-4322-966b-1213c2a3eab0,cfa6718c-6425-4250-8ae9-f124849a2a34,2025-01-03,2347.12,beauty,0.316,COD,0,5,0.272,tier2,0,4,morning,0.26428705277408854,0.2974,0
7d92b536-20ee-483d-a841-4ca8dba85cd3,ace1ab49-d6e4-4784-9490-26eccef63611,2025-04-21,1960.94,electronics,0.188,card,0,20,0.187,metro,0,4,evening,0.1503348970823547,0.0168,0
05e8e074-eea3-4e89-a6b3-f2dfce181137,ec11d559-7980-4914-89e3-b56e72adba0b,2025-07-11,717.42,grocery,0.606,UPI,0,25,0.247,tier2,0,3,afternoon,0.1561219227039281,0.0201,0
a8c4326f-b9a0-423a-b004-00548edc5c94,a20df474-d4a0-4bf5-aa94-0fa372496968,2025-04-27,424.14,fashion,0.204,netbanking,0,6,0.229,metro,1,2,evening,0.28099909876364537,0.2651,0
b8a5fa1a-0409-4dbf-b4f4-5b23b07621c0,cd8465b3-5dc0-4918-a21f-702a430fdf4a,2025-02-07,1897.61,fashion,0.076,COD,0,8,0.088,tier2,1,5,evening,0.07981520295766234,0.5822,1
fad757a0-d564-477b-8128-3f8e53126142,60380c0a-3b79-449f-9563-1759bfe93615,2025-05-18,1237.46,beauty,0.272,card,0,4,0.564,metro,0,2,afternoon,0.406655373188852,0.0949,0
111bbead-3a57-413e-9d76-40fc83c8323a,0cba70d8-7b76-4a59-90e8-413b36d73797,2025-02-06,427.42,grocery,0.233,UPI,0,23,0.077,metro,0,3,evening,0.21055725528180214,0.0195,0
bfc87fb7-d579-413c-afe0-b7a80688283b,0b6f3e2b-84fe-456b-ad93-ffcb76fb728f,2025-06-14,3491.65,home,0.263,COD,0,38,0.312,metro,0,2,morning,0.19762424986659227,0.1488,0
3d4b4134-81ad-4347-b1d3-fe28c161456b,4c113ca6-2f3e-4575-82ea-ec032586d824,2025-06-15,6277.42,home,0.229,COD,0,5,0.096,tier2,0,4,afternoon,0.0920841435969077,0.2663,0
551dd629-f4ce-40df-bd9e-b313b835b91d,c90b84a2-7b60-419e-8e7a-dbf2170a48b4,2025-10-06,4141.5,electronics,0.448,UPI,0,1,0.0,tier3,0,7,afternoon,0.08902327951143335,0.0618,0
d01cc9ac-63ef-4d0b-9391-ed8078fab5f8,6b914b9c-926e-4431-b82e-f178aae9d5c0,2025-06-21,775.73,electronics,0.269,UPI,0,23,0.279,tier3,0,4,afternoon,0.2677657562695904,0.0852,1
42b348dd-3b34-49f1-8bfd-d274bec4eedd,a59c702d-fd94-4d73-b8a6-f59316b5b63c,2025-02-27,2631.56,home,0.214,UPI,0,5,0.209,metro,0,3,afternoon,0.2334842811017492,0.0353,0
d2bfef10-fa21-4b4b-8727-4a89d3c5f455,a2a6e4a7-73f0-4f60-8023-1d364c305e4d,2025-08-07,1134.5,grocery,0.279,UPI,0,26,0.201,metro,0,4,night,0.23228588338828865,0.027,0
ef9c332b-7cdc-4531-b54e-ea0100b505e9,87c90f8c-18d5-41bd-a017-72dc3f5b1ad3,2025-06-21,5298.18,home,0.176,COD,0,14,0.329,tier2,0,7,morning,0.32765833124561905,0.2556,1
b162df39-c7d3-4cad-b06c-822c27f3fab4,23ac10de-578c-4d97-8a7d-5bc1a1fa17ef,2025-04-14,700.62,beauty,0.587,COD,0,6,0.078,metro,0,3,afternoon,0.1036324280316437,0.1912,0
249b56a1-d091-4a44-9bf0-810167707f66,98389b8b-658b-4eca-b919-9c37c2dbce1f,2025-05-28,286.84,electronics,0.364,card,0,18,0.007,metro,0,4,morning,0.04552205229964168,0.0731,0
b56894f9-f4ed-4619-b30e-598c8368421f,ec11d559-7980-4914-89e3-b56e72adba0b,2025-08-23,1497.84,fashion,0.294,netbanking,0,26,0.112,metro,1,3,afternoon,0.1561219227039281,0.2629,0
5de80074-de4b-4ad0-a3dc-7df7c4aec25c,c96a9e4f-f6e2-4582-900e-e47a05c7f83a,2025-06-04,1000.27,fashion,0.163,netbanking,0,19,0.222,tier3,1,6,afternoon,0.45454338905514596,0.2185,1
46ca43a7-24d4-42cc-8242-9ab43c209d70,d9bc17ca-80dd-47e2-8dc5-79922a30764c,2025-01-04,376.88,electronics,0.289,COD,0,16,0.295,tier2,0,1,afternoon,0.34134778732339127,0.2767,0
0364509e-5084-47f8-9d29-27d737c8952b,b411f36e-bf74-4ba0-bff0-a67770bd35c5,2025-05-07,3923.36,home,0.106,netbanking,0,28,0.472,tier3,0,5,morning,0.4451782602422671,0.1999,0
a875f1a1-568a-4de9-8d07-58a26dee3e2b,0e1c9a54-ebe5-4357-bc4e-21f6b25a37cb,2025-04-18,13229.0,electronics,0.099,COD,0,1,0.341,metro,0,5,evening,0.3808935371788415,0.0103,0
42b622fa-082d-4b53-943b-fdc562ce806d,5779a513-dc65-4e08-b149-9296dd2713d4,2025-07-24,2123.16,electronics,0.391,UPI,0,4,0.344,tier2,0,2,evening,0.2961471020437191,0.0649,0
09cb3e30-dd83-4d93-99d8-4584607a60a6,4e7e2663-eb2c-432d-96ec-3f130e2e0946,2025-10-22,250.0,fashion,0.47,card,0,16,0.396,tier3,1,7,afternoon,0.3858310964520147,0.553,1
0d5e997d-a746-49e4-9b15-037cde72e19d,f809ca0e-f147-4dfb-b162-7c1694166381,2025-01-11,2864.35,electronics,0.281,COD,0,4,0.726,metro,0,2,evening,0.7587990740316559,0.2635,0
f935bee0-557e-4efd-9eb2-ad7b3d3304de,22e9226e-161d-4c64-a061-7452d7b9e2b6,2025-01-03,3361.47,fashion,0.462,COD,0,4,0.257,tier3,0,3,evening,0.18270874579895838,0.2356,0
eb38f2b4-073c-4404-8342-41bca15adbbf,265ca8d0-3df8-4d6f-9712-d08685f17132,2025-02-25,2145.99,fashion,0.246,UPI,0,27,0.112,tier2,0,1,afternoon,0.1913603605753747,0.0453,0
6002cd16-7b68-443a-850b-6c8bbf1e4d90,0b6f3e2b-84fe-456b-ad93-ffcb76fb728f,2025-03-14,2519.0,fashion,0.131,UPI,0,39,0.238,metro,1,4,evening,0.19762424986659227,0.0881,0
04fe9c8d-16ec-47e3-9e58-f3e967a2a3e6,f08d853b-6894-4bb3-971c-4183b39fae0e,2025-10-20,2478.98,home,0.184,card,0,17,0.195,tier2,0,4,afternoon,0.2486017792851423,0.054,0
33272bc5-0bbe-4432-a3a3-837966559a04,c10c20d7-5510-41b0-8340-28bf31f5165f,2025-01-13,2801.51,home,0.431,card,0,2,0.41,tier3,0,3,afternoon,0.39222478041522824,0.0947,0
089d593c-df48-4f41-93eb-3b31c5709a51,7a4fc53b-21ff-41ad-a5a9-02767753a86c,2025-02-09,2348.97,fashion,0.136,UPI,0,2,0.064,metro,1,2,night,0.1542229457137064,0.17,0
420e981c-11fd-483f-874e-803497b38ff0,900d95d3-c948-4d1c-af4a-449e3d16028c,2025-06-16,5550.65,fashion,0.366,COD,0,3,0.371,tier3,1,6,morning,0.32711616961778794,0.6975,0
a621cbae-6046-4da4-a226-72fafa9f4157,e424d903-5aee-46a2-9bee-5ac04c5e6567,2025-06-19,909.49,fashion,0.26,card,0,2,0.366,metro,1,1,night,0.3901665947912998,0.158,0
56af2f32-60f3-4163-a320-0b5c8f24e854,9d1d8bca-9218-4856-8619-cfee194da74f,2025-10-04,402.62,fashion,0.235,UPI,0,36,0.286,tier2,1,4,afternoon,0.24874291058771908,0.2888,0
5ba68969-a074-4628-8159-1d239378827b,8c24e923-2dbf-4f43-b0b2-6e851d21fa34,2025-09-11,2375.69,fashion,0.074,UPI,0,31,0.316,tier3,1,4,afternoon,0.10820090543681238,0.1885,0
2e939adc-d513-4fa0-a1f5-f632efddb7f4,f3ddac43-fdf3-4ccb-ae62-1bdf88af5fc3,2025-04-27,1909.94,electronics,0.276,card,0,6,0.282,metro,0,2,evening,0.2445339867991523,0.1773,0
a04a3552-1bb9-47d5-b79d-685bafcfa94e,95812633-1bca-4485-8e82-3cf1daf05ab6,2025-07-27,1487.25,home,0.118,UPI,0,15,0.119,metro,0,4,afternoon,0.16802115856295066,0.0297,0
72958c6b-231e-4074-b5bc-8b37865a4ce9,6c3f0a1a-8fec-42d8-96f9-176f7e65ba57,2025-10-06,999.78,fashion,0.163,UPI,0,17,0.439,tier2,1,5,night,0.2765406569294239,0.297,0
15947708-c2b0-4138-a1be-8efd4b8ba204,db6771cb-3b45-42da-94c6-4d191a5421eb,2025-08-22,403.08,grocery,0.383,card,0,3,0.286,tier2,0,1,morning,0.32003705418313455,0.1416,0
17623911-2052-481a-8f97-44d209a67a1d,265ca8d0-3df8-4d6f-9712-d08685f17132,2025-04-13,1619.84,beauty,0.425,COD,0,28,0.25,tier3,1,7,afternoon,0.1913603605753747,0.2664,1
61c82423-43bd-4896-9e63-69ad96d1f252,295d4a40-aeb6-45a6-8138-a2b4c50415aa,2025-03-17,1259.28,fashion,0.364,UPI,0,3,0.358,tier2,1,3,morning,0.38559486575544727,0.5127,1
9459a642-b367-4deb-b9a1-4e4046de1a4a,95812633-1bca-4485-8e82-3cf1daf05ab6,2025-09-20,653.95,beauty,0.69,netbanking,0,16,0.037,tier2,1,2,night,0.16802115856295066,0.1894,1
748ddc28-c1aa-4c2a-9efc-f99657d5a26a,b86ee3a9-928c-4ec5-8783-0beb41950f27,2025-03-30,4024.77,fashion,0.466,COD,0,13,0.082,metro,1,1,evening,0.05573145024510638,0.1731,0
aea101fc-bb6c-49aa-81af-84b2fcef6fc0,b1c4a910-a264-4fd1-bce7-dc4276863bf7,2025-09-15,339.07,home,0.158,COD,0,1,0.054,metro,0,3,evening,0.19332560170204371,0.1454,0
a4c69a25-72a6-4b60-ba32-b39cdc9069dd,fb1954cc-c93f-44b4-9155-10ddd8571b6d,2025-04-09,509.07,home,0.334,card,0,12,0.228,tier2,0,4,afternoon,0.23865381601921165,0.1,0
8750f73a-1396-4392-b9be-19d28408d58a,1890b31b-1dee-42e9-ac0d-c65f3ce14b55,2025-05-22,5850.24,grocery,0.505,UPI,0,5,0.082,tier3,0,5,afternoon,0.1840815893241802,0.0335,0
32a78379-e595-42cb-a693-b40beb660647,3b49789c-945c-4714-a699-87e36fa56daa,2025-09-12,1499.68,fashion,0.209,card,0,5,0.245,metro,1,1,evening,0.09630629790643759,0.2334,0
f8151a31-c599-40bb-9142-9f7a68e48dd2,05b79d50-0e62-4a49-a87c-92a400745e88,2025-09-26,4559.95,electronics,0.569,card,0,1,0.17,tier2,0,6,morning,0.04292142383700191,0.0605,0
f38c2218-9a31-4c9a-a400-b15e7d7eb308,6e3b3be3-2b1b-41c1-848d-db21927445a2,2025-10-25,1532.36,beauty,0.203,UPI,0,2,0.075,tier2,0,5,morning,0.03833526651775298,0.1478,0
5b0580fd-ea73-4668-b8ff-dd0a09759a0b,83fe6a19-57b5-4519-982d-d7d7bca39396,2025-02-04,1162.89,electronics,0.33,COD,0,18,0.27,tier2,0,2,morning,0.26357426902472036,0.3274,0
c3ead3e8-98ee-426e-8437-ec1f23aac9cc,69021a82-6d98-4eb8-95ba-5cdc432d316a,2025-02-09,777.14,electronics,0.512,UPI,0,5,0.399,metro,0,4,morning,0.3666490656306323,0.1213,0
b5e4ca0c-241a-4984-859c-3075c9bb858a,63d8dd12-39d4-4e1e-bdd7-72b1c1a0b1c0,2025-05-23,452.91,fashion,0.384,UPI,0,28,0.178,tier2,1,4,evening,0.22490754943212576,0.3154,0
726b13ef-9923-4f63-a292-3480dd27ceb1,ba9504c7-b413-4ee9-861d-702ad1482abd,2025-01-02,519.44,beauty,0.269,UPI,0,17,0.292,tier2,0,1,morning,0.21485681318313843,0.1895,1
2f7bf757-0e61-458b-a37f-aabc5de68ebd,a2a6e4a7-73f0-4f60-8023-1d364c305e4d,2025-09-10,2108.24,fashion,0.275,card,0,27,0.228,tier2,1,5,night,0.23228588338828865,0.2076,0
82c5e87b-5013-4b8c-b218-ad0d6b671270,f661c41f-f2fc-4735-9d23-1a0bca669dd2,2025-04-20,1705.5,fashion,0.244,UPI,0,2,0.588,tier3,1,6,night,0.5344403543326108,0.2731,0
f663662d-5792-4aba-be09-c33842f98ce8,e09861f6-9c54-4161-8abc-0cbec05336cd,2025-04-29,1134.14,beauty,0.748,UPI,0,5,0.196,metro,0,4,evening,0.18766250228601905,0.1426,1
b5873577-7cbf-4102-b382-ae97bd8001c1,d3e75926-09ff-434e-951d-7f53b6f62e65,2025-01-12,632.56,fashion,0.103,card,0,2,0.203,tier2,1,5,afternoon,0.08541324673316718,0.1467,0
69a2793b-d74e-466a-9051-0ea2dba01281,236d11d7-cc84-47c1-9d4b-15dd6891dcbc,2025-03-23,585.68,fashion,0.014,card,0,25,0.283,metro,1,2,night,0.22121655786542901,0.1603,0
479a507e-5ef1-4583-a359-89222ac2bdb3,2c2d4aa5-69d0-4401-9393-1473b9a18e4f,2025-05-02,1666.96,electronics,0.212,card,0,1,0.105,metro,0,3,evening,0.11488476521704623,0.0157,0
7670e6a6-75af-4209-84ca-b58b292bb383,056e3d76-8183-4716-9184-151a4135f404,2025-06-02,1871.11,fashion,0.353,UPI,0,16,0.129,metro,0,1,night,0.25703386186733934,0.0555,0
da1c5116-013c-4780-bbed-65d145a5ab2e,ba9504c7-b413-4ee9-861d-702ad1482abd,2025-10-03,1508.03,grocery,0.563,UPI,0,18,0.228,metro,0,5,afternoon,0.21485681318313843,0.0778,1
de5dda58-9662-4f06-aa97-dc8782006253,c5d85ede-c256-42df-b993-35deb12a5516,2025-10-16,1792.72,grocery,0.095,UPI,0,33,0.313,metro,0,2,evening,0.3517803851773976,0.0214,0
33aded05-b312-46b6-98ef-bf1d5e19bd75,11eb7869-4707-43e9-b027-e2ca5551f9c8,2025-04-30,13484.48,fashion,0.262,UPI,0,9,0.038,tier3,1,5,evening,0.06885084713508903,0.0325,0
532cee1e-4312-44d0-8cf8-36cc16aeb2d8,a202a749-e45e-4d7b-b9e4-97714e27bcb1,2025-07-23,482.52,fashion,0.137,card,0,16,0.18,metro,1,5,morning,0.1838032082155034,0.1293,0
6e0f55bb-5ca7-42fa-ae02-441bd3822494,11174ed1-8ca6-4cf5-bbe2-8a4f930137ed,2025-09-29,7087.13,fashion,0.038,UPI,0,16,0.104,tier2,0,4,morning,0.06842336486313001,0.0273,0
3f221ceb-ed6a-4b2d-a719-bcd99725d016,ec11d559-7980-4914-89e3-b56e72adba0b,2025-01-11,499.42,fashion,0.114,card,0,27,0.105,metro,1,6,afternoon,0.1561219227039281,0.1974,0
66384a42-3275-48d5-92ff-7cc14a725168,835b4038-88dc-4965-b6b8-921d3b0ad19c,2025-06-14,1147.46,home,0.162,COD,0,38,0.155,tier2,0,5,afternoon,0.18168234468688693,0.0613,0
bd92c5ae-e9e7-431d-9abe-f6f5f4cf2736,f2811512-6d74-428f-81ae-77df22796b31,2025-06-02,4094.81,electronics,0.321,UPI,0,32,0.261,metro,0,4,morning,0.2916477929418046,0.0282,0
95a67e57-2a78-452f-afde-35cbc18eed50,76af2820-184c-47d9-9bd2-4b2f7eb04dc2,2025-09-20,852.03,fashion,0.442,COD,0,9,0.014,tier2,1,3,evening,0.03002375015151436,0.4929,0
94fe0ac9-b021-4077-a8a2-65800f9c177a,6b914b9c-926e-4431-b82e-f178aae9d5c0,2025-05-30,1685.88,home,0.046,card,0,24,0.254,tier2,0,1,evening,0.2677657562695904,0.0455,0
6765eb6a-ca1f-436e-8dfb-d1b51ceb14b8,e4fc2035-70f1-45b1-82d0-0ee396f0a984,2025-07-29,3126.9,home,0.38,COD,0,25,0.077,metro,0,2,evening,0.21199326223067969,0.0487,0
cb5f5f35-b324-4d02-8ecb-73cb000d7d3f,3b49789c-945c-4714-a699-87e36fa56daa,2025-03-01,1084.85,fashion,0.143,UPI,0,6,0.035,tier2,1,6,morning,0.09630629790643759,0.1909,0
bfe4efa5-3565-4aa8-8b6b-4ccf47508657,fef95b95-e8b3-4b99-bd01-70cdb0afe2fe,2025-02-27,1018.45,electronics,0.188,UPI,0,5,0.282,tier2,0,5,morning,0.3049431715733594,0.054,0
172dda50-bf14-4512-aa3f-f2f6c798a46d,ac8ee436-067a-4aac-8496-8e40cfb19bfd,2025-05-22,5923.21,fashion,0.665,UPI,0,42,0.208,tier2,1,2,night,0.2595265118239566,0.1602,0
9a459ec4-f369-4604-8ede-2267aa40a99d,f0df2b0e-f894-46ea-a3ac-79f04d22973d,2025-09-29,302.97,electronics,0.205,COD,1,0,,tier3,0,6,morning,0.3459632919107951,0.3144,0
7c0db866-0baf-4bd4-bac9-66f201bc24f6,cd22e339-d3f8-4cc3-a7e9-96ec53435b80,2025-03-09,1921.63,fashion,0.329,card,0,5,0.219,metro,1,6,night,0.1965713354260339,0.2611,0
69dbbeb1-fb69-4bc9-adef-162b32b5bcde,6e877c23-17b9-44a1-a836-4c3851a7d84d,2025-10-27,10991.13,home,0.197,netbanking,0,2,0.446,tier2,0,1,morning,0.4803988607673801,0.0251,0
4b6d8545-b06d-4cc1-a182-18ea20b4cb75,19ae94ec-7d3b-445f-b9ac-092f54f91579,2025-06-23,792.72,fashion,0.168,card,0,16,0.049,metro,1,4,night,0.06852796151158619,0.17,0
22a004aa-5c3a-4cec-a710-44799e6105de,78e0581f-67f2-4751-b8b5-74548a97dab4,2025-08-05,1187.43,grocery,0.261,COD,1,0,,metro,0,3,evening,0.16336018873064242,0.4016,0
fa05f8c8-bc0c-4143-89b9-0cd90c338996,b9ab6a4e-9e61-4225-8298-12bde10de7a7,2025-01-15,11565.58,fashion,0.38,card,0,14,0.192,tier3,0,3,afternoon,0.20154150931374812,0.057,0
2caf758c-7c22-4807-af17-e8551aaacc33,355c1afc-1679-4d65-ad99-f75eb14259ee,2025-07-31,338.46,fashion,0.225,UPI,0,2,0.142,metro,1,9,afternoon,0.21649485300724722,0.1634,1
9e0a2e1d-0202-40e8-89eb-590b36f24b4b,7f51804d-0307-4367-8d0c-719db1094ae8,2025-07-27,250.0,electronics,0.123,card,0,16,0.327,tier2,0,5,afternoon,0.21082490652703922,0.1114,0
9aa2ef8a-2fd6-4c19-bc8f-97353da8873a,f08d853b-6894-4bb3-971c-4183b39fae0e,2025-08-18,2226.88,electronics,0.064,UPI,0,18,0.239,metro,0,4,afternoon,0.2486017792851423,0.0246,0
cee754dd-a059-4b3f-b47a-89fea1975fb5,05454bf9-427a-4473-a52d-c95d8b3bf7ff,2025-10-12,2631.03,beauty,0.305,card,0,4,0.253,tier2,1,4,afternoon,0.19326835646210286,0.1284,0
815fd154-7bee-4309-a5ec-3507bdfd143e,2faf7906-027d-4930-9bed-ebe9579bc1f2,2025-08-06,1761.36,fashion,0.216,COD,0,1,0.241,metro,1,2,morning,0.22018251677280468,0.2614,0
24834462-3420-4234-9d76-dfa343c5ca96,8b84f422-bb78-4d5b-8e7c-ee05fa3b7db7,2025-02-02,3993.59,beauty,0.157,UPI,0,8,0.203,metro,0,3,afternoon,0.130383422505818,0.0527,0
bc2226aa-e46a-40e2-93ba-a720be1cca21,49a190f2-c9c8-441e-b450-f1343adf4d1a,2025-06-04,250.0,electronics,0.261,UPI,0,29,0.385,tier3,0,6,afternoon,0.4134664929263236,0.1106,0
05cd1c07-3e5d-45ac-98bf-3798e532eb60,ef1d53e6-12e1-40f5-9e0d-4f8b588573fb,2025-01-30,1972.38,beauty,0.247,card,0,2,0.422,tier2,0,1,afternoon,0.342931829566947,0.1618,0
fa6f408c-4827-4c8b-9c1a-8cd5c4894b4a,99147503-441a-4858-9bd7-29926eb2f3c3,2025-09-07,935.04,fashion,0.08,card,0,25,0.43,tier3,1,3,evening,0.3870026797871902,0.3472,1
eddf7611-1db5-46dc-bae5-5bea32c72566,d0d8fe24-c852-4ca5-ba50-638075dc7939,2025-09-20,1297.11,fashion,0.385,netbanking,0,11,0.142,tier3,0,7,evening,0.2216976101384966,0.1358,0
e1adfd1b-90c9-4a77-8957-dbe552626446,ec11d559-7980-4914-89e3-b56e72adba0b,2025-07-28,1489.73,electronics,0.183,UPI,0,28,0.124,tier3,0,2,afternoon,0.1561219227039281,0.0275,0
24351fcc-7ec2-4523-a2d7-902171b0a005,c5d85ede-c256-42df-b993-35deb12a5516,2025-07-02,398.69,fashion,0.398,UPI,0,34,0.448,metro,1,1,night,0.3517803851773976,0.3601,1
16e26d85-8078-404c-8e47-9a83841c87b4,c96a9e4f-f6e2-4582-900e-e47a05c7f83a,2025-01-08,1710.63,fashion,0.408,UPI,0,20,0.461,tier2,0,1,morning,0.45454338905514596,0.3572,1
f4ac4b3c-9c48-409a-8a73-094f27a75638,2b77e152-ac97-4061-9e6a-5abdc78bc29a,2025-02-16,3608.56,beauty,0.616,COD,0,22,0.305,tier3,1,5,afternoon,0.29832839962512075,0.6706,1
9bc418db-97d7-4baa-8883-72ddda048f3c,4ed8649d-1f98-49ba-9ac7-95ad3fde0f37,2025-09-22,961.75,fashion,0.142,UPI,0,8,0.491,metro,1,3,afternoon,0.36581399891508337,0.4279,0
814fd1f4-0d4e-4e87-bcef-c898942a0f1f,cb8611ae-38b8-43ce-b1e3-ac68753f2f95,2025-01-18,5032.45,fashion,0.477,UPI,0,10,0.217,tier2,1,2,afternoon,0.18284841178251302,0.2042,1
724c1eee-b46a-4d0b-ad3a-3ddf4d6cda21,7c6b9da7-8248-429f-b8c2-d73b993f51d9,2025-03-13,448.87,grocery,0.13,UPI,0,2,0.226,metro,0,3,morning,0.3017312798128869,0.04,0
49ec7bff-66ea-4615-8e0f-11823d4e1542,1e875744-08ed-4a3f-8cdb-457e2c478f1b,2025-06-15,601.07,fashion,0.522,UPI,0,7,0.149,metro,1,3,night,0.11390723161822383,0.4136,1
41ac7030-1443-47de-b881-08804b048d47,5c3a491b-f023-457b-9da7-95a4eedebd89,2025-09-23,579.41,home,0.695,card,0,25,0.0,tier2,0,3,evening,0.12936071938754626,0.3109,0
1d0bdeec-d0c9-4a3f-9585-b3512a1621be,5a11ae1b-953c-41af-83dc-44c210b745e5,2025-02-05,250.0,home,0.144,COD,0,14,0.063,metro,0,4,night,0.13954174495960747,0.1533,0
3f5acea5-3b04-4bfc-a8ba-9e7caedcf8b2,6296a5bf-1d0d-4787-913b-ade30d6d7648,2025-07-10,1958.11,fashion,0.302,card,0,7,0.132,tier3,1,5,afternoon,0.2810349509629501,0.1991,0
adb486ed-d123-4191-b65d-e93bdb0e15b3,1e5d5205-f19c-44c2-900f-c0cedab424c9,2025-03-24,799.35,fashion,0.734,card,0,1,0.345,metro,1,2,morning,0.3860272639174304,0.602,1
72199563-3300-4cc8-ba46-499e83dd5a3d,30888fd2-16bc-4533-a06f-0e0d4ed50f9d,2025-08-21,933.95,grocery,0.54,UPI,0,16,0.221,metro,0,2,evening,0.22452854262691951,0.0202,0
bff38a9c-b5dc-48f5-93d2-e310b5743a57,e6bb513f-2cd0-4bcf-9534-bae7ee504b7c,2025-09-23,4227.15,electronics,0.373,COD,0,8,0.224,metro,0,4,afternoon,0.09342709211833844,0.1683,1
85050b7c-9fd8-4344-be6b-c6a904a070d7,9a961340-7bf0-40b9-a285-d934dafdbce8,2025-07-31,1185.2,fashion,0.116,COD,0,4,0.308,metro,1,2,night,0.3724144400903301,0.5996,1
e3020784-3e0c-425a-9986-d2e9ac5dd6db,584ba5bc-dd82-4ec0-8a02-0c78788b93d7,2025-06-12,1406.55,grocery,0.469,netbanking,0,2,0.396,tier2,0,2,afternoon,0.36385813299321307,0.1017,0
942277e5-67b7-401a-8886-a1de988b4378,d9358869-66e4-4ee6-bb2e-f9062117fa78,2025-07-06,250.0,home,0.229,UPI,0,24,0.137,tier2,0,5,evening,0.2042925306906814,0.042,0
3f253806-bea6-412f-8e6d-118947e058e8,2c5ef819-911b-4ca2-bf34-ae94b16c5272,2025-05-16,1926.32,fashion,0.452,UPI,0,3,0.092,tier2,1,2,night,0.17267604750076926,0.2586,0
ea2f2c7f-6eab-40fb-8d45-483d58b098c9,62495bdf-4c58-4340-ad9d-ff02c9b987a7,2025-04-28,2547.62,fashion,0.119,COD,0,1,0.475,tier3,1,7,afternoon,0.47881282251185314,0.7361,1
cc0c6a5c-76fe-45a8-b71f-015dde565f04,67939c94-864b-476c-adbc-b69702fdd112,2025-08-10,505.87,beauty,0.258,netbanking,0,14,0.322,metro,0,2,afternoon,0.3325622338548419,0.1271,0
3d0df499-4820-4023-b875-b1d34c0f63d4,5c3a491b-f023-457b-9da7-95a4eedebd89,2025-05-16,470.14,fashion,0.447,UPI,0,26,0.182,tier2,1,8,morning,0.12936071938754626,0.3641,0
a7b9916a-ddcc-46f2-910c-06c1f48f7728,9367bd08-231f-4959-95da-cf979f7ee187,2025-02-22,250.0,home,0.078,COD,0,6,0.281,metro,0,6,afternoon,0.3052133289526958,0.22,0
c25a9a3e-e3fe-472e-b8eb-ec596e78b389,0651ab9e-5b2b-46c4-9215-ff97762857c1,2025-03-01,250.0,home,0.262,card,0,17,0.385,metro,0,7,afternoon,0.3926881472493449,0.4661,1
a97f78f8-e97e-451f-87c5-048a565c31da,f2811512-6d74-428f-81ae-77df22796b31,2025-07-13,250.0,fashion,0.239,UPI,0,33,0.189,tier2,1,3,morning,0.2916477929418046,0.1511,1
839b70a4-2ec2-4156-b163-92e4da6a6cf8,8cbd732d-d57a-4b45-b5e1-0c089747cbbe,2025-05-23,11826.66,beauty,0.206,card,0,3,0.165,metro,0,3,night,0.23983923810393037,0.0064,0
60b72155-616c-450e-8387-019398f557a3,ed0d4cec-07d4-440d-a77d-2f0af2663244,2025-05-14,1918.22,electronics,0.13,COD,0,12,0.606,tier3,0,5,evening,0.6645072620284929,0.1524,0
8b209a22-36bb-4c15-8c66-d496d4fe76e8,0b6f3e2b-84fe-456b-ad93-ffcb76fb728f,2025-06-21,6085.51,electronics,0.189,COD,0,40,0.197,metro,0,2,evening,0.19762424986659227,0.1738,0
876cf0da-51b4-47a7-9a3c-1a58898013e2,3396f583-20d7-4d8a-83aa-dff5b5ea02d4,2025-06-16,874.78,electronics,0.46,UPI,0,8,0.0,tier2,0,4,afternoon,0.032458508417533755,0.0854,0
a645c18b-74f9-4592-81c3-d8e407cca5d5,8c24e923-2dbf-4f43-b0b2-6e851d21fa34,2025-07-31,669.8,beauty,0.061,UPI,0,32,0.127,tier3,0,6,morning,0.10820090543681238,0.0677,0
fb478216-fecb-4858-b491-53a1b0df55bc,295d4a40-aeb6-45a6-8138-a2b4c50415aa,2025-10-20,757.55,beauty,0.297,COD,0,4,0.533,metro,0,4,morning,0.38559486575544727,0.629,1
a4c79f32-fbe7-4383-a2a7-ed38fc261d86,99e318ff-1a69-4f68-addf-975990bd0414,2025-02-28,6281.38,home,0.188,COD,0,28,0.268,metro,0,6,evening,0.2434169799043869,0.0554,0
d76a523d-11fa-4223-a31e-4d4e9e8a2f38,28660f34-5a61-4e07-8f8c-96c4fb8d6d70,2025-01-28,533.86,electronics,0.75,COD,0,14,0.064,metro,0,5,afternoon,0.052918216172000036,0.169,0
cd4250fc-05a7-4854-bc24-06a0690c239f,8c24e923-2dbf-4f43-b0b2-6e851d21fa34,2025-01-26,1139.76,electronics,0.287,COD,0,33,0.0,metro,0,4,evening,0.10820090543681238,0.0509,0
85da65aa-81bd-4771-b729-32fbeb81c158,b409e3d7-b9a4-422f-952f-eaf1d5521144,2025-07-01,1486.48,beauty,0.174,COD,0,25,0.436,tier2,1,2,evening,0.3974441051585353,0.4208,1
fa2e9fc6-0e41-43c8-b72a-ac720f3348fe,486a908c-5502-4cc0-9b75-37b03e21f6b3,2025-08-06,2681.08,beauty,0.275,COD,0,11,0.282,metro,1,2,afternoon,0.20531948812490197,0.36,0
2c760662-f466-4cb4-b163-d8c66fca7454,a20df474-d4a0-4bf5-aa94-0fa372496968,2025-03-10,937.89,fashion,0.119,UPI,0,7,0.291,tier2,1,1,evening,0.28099909876364537,0.2247,0
4995c4c0-25ce-48e4-8e87-fd4607b778fc,a601bb98-ed14-4e71-93e5-2be8eb49e370,2025-10-24,2806.54,fashion,0.112,UPI,0,15,0.424,metro,1,1,afternoon,0.4143300984213656,0.2967,1
128cfd93-88b3-42fe-8232-22f643c39404,28660f34-5a61-4e07-8f8c-96c4fb8d6d70,2025-06-01,921.26,home,0.111,COD,0,15,0.0,metro,0,2,night,0.052918216172000036,0.0779,0
2ec926c8-4405-45f5-a514-2ce139c5bd1e,28660f34-5a61-4e07-8f8c-96c4fb8d6d70,2025-01-11,450.55,fashion,0.489,COD,0,16,0.0,tier2,1,1,afternoon,0.052918216172000036,0.4621,0
b564a7a5-2c03-4e60-9673-53dea543c70c,ded4396a-49de-44e3-a773-49b635f42e59,2025-07-24,4468.31,beauty,0.19,UPI,0,13,0.595,tier3,0,5,afternoon,0.5527709467025828,0.128,0
62343b53-6fb4-4f91-86fe-0bb562a97383,c54de631-aee5-4701-9f59-a9acda7c1bd1,2025-06-04,454.46,electronics,0.511,UPI,0,5,0.275,tier2,0,2,afternoon,0.46341394989494955,0.2735,0
e6f81893-326c-466a-8dc3-3193351135be,486a908c-5502-4cc0-9b75-37b03e21f6b3,2025-10-02,1979.51,electronics,0.172,card,0,12,0.135,tier3,0,3,morning,0.20531948812490197,0.0599,1
45aeb320-9212-452d-a273-eaf4580bc743,f04ea3ca-68ee-4efe-a612-fe50610fd2dd,2025-02-10,475.04,fashion,0.365,COD,0,24,0.291,metro,1,3,evening,0.2242312963277271,0.4707,0
cb567e0e-f71a-43f3-9172-00db0ddc185e,01c1b480-0c36-490f-be2c-8c7d6e7b971c,2025-02-04,4661.21,home,0.568,UPI,0,3,0.051,metro,0,2,morning,0.10351613948793689,0.0758,0
24489f09-f8da-4cfd-8745-3d3f99f946ad,3678c134-a42b-4685-ad15-81b9e73e73aa,2025-06-15,815.01,fashion,0.253,COD,0,16,0.228,tier2,1,1,night,0.1373435706874969,0.4376,0
ee4125ac-5485-488e-93f6-8b0c26b1ae3a,0ff3d3c4-7bad-4eb0-a3ea-a49b30616993,2025-08-01,688.81,grocery,0.411,COD,0,7,0.395,tier3,0,3,morning,0.46113145613975703,0.2163,0
dc76f93b-c1ab-4ac7-a6a7-92bfaf1d354a,c987e835-2514-40cd-834c-f4d2261dd56b,2025-01-07,1228.11,fashion,0.434,COD,0,28,0.091,metro,1,1,evening,0.06015710717930573,0.4055,0
b9c2ca0f-11bc-43b6-bfa2-e4d4ff341fb4,be8e3722-c7d5-4b43-9715-82493f5ea53d,2025-01-20,383.91,beauty,0.296,COD,0,5,0.461,metro,0,1,afternoon,0.354621720738092,0.1674,0
97b5c346-fcb0-465e-bada-1ae7e41ab703,9ed30459-baa2-46a2-ad3b-80868919e0f4,2025-01-07,250.0,home,0.232,netbanking,0,6,0.13,tier2,0,3,evening,0.22367316697863052,0.0497,0
de3191ff-5733-4e2b-b4ec-856762ac0f44,3f259d1d-bcc5-4e5f-9d0b-919938ea08ee,2025-05-03,3374.82,home,0.489,UPI,0,3,0.511,tier2,0,3,afternoon,0.4570029919844534,0.2611,1
a483d362-49cb-40cd-881f-9c41f99c870e,95812633-1bca-4485-8e82-3cf1daf05ab6,2025-05-09,1172.59,grocery,0.277,UPI,0,17,0.239,tier2,0,3,afternoon,0.16802115856295066,0.0382,0
20cb393c-4042-4c99-9632-767f9c96941b,93e4f60d-9a3b-4673-814d-a1c4b7fe7865,2025-04-11,433.85,grocery,0.399,COD,0,15,0.396,tier3,0,6,morning,0.46001324343588723,0.2619,0
f806eb5e-a183-40c1-a53b-5ac4bf6551cf,a19b74ce-2dd0-448c-9596-cfd94fb916d8,2025-01-18,2362.17,fashion,0.229,COD,0,4,0.23,metro,1,3,morning,0.17240635799463866,0.3628,1
df694cf8-614c-4aa3-883b-e47ef8128031,11174ed1-8ca6-4cf5-bbe2-8a4f930137ed,2025-04-16,904.3,fashion,0.578,card,0,17,0.194,tier3,1,4,morning,0.06842336486313001,0.3298,0
68241edc-597d-4874-b86a-aa03e4dae3e6,4efa302f-3150-404a-9806-87f520177fa7,2025-04-13,1338.09,electronics,0.106,UPI,0,2,0.011,tier3,0,2,afternoon,0.1593139112983569,0.0386,0
38e233e9-09f0-41c3-8ce9-6bdb108f9de2,4cd14e7d-39b8-4f81-a0df-c5d6d5a1e463,2025-07-20,995.02,fashion,0.081,COD,0,7,0.102,metro,1,3,night,0.152939181594962,0.2598,0
19825e13-1f85-4747-b2f8-a2b79f227e16,4e40c152-4279-4fbe-8a2f-a127f5613ef3,2025-09-16,1749.32,beauty,0.245,card,0,33,0.166,tier2,0,1,afternoon,0.08097222048102413,0.0801,0
fa2c6acd-5ed6-433a-a404-31f88a82b27a,ace1ab49-d6e4-4784-9490-26eccef63611,2025-06-08,5255.19,grocery,0.523,UPI,0,21,0.172,tier3,0,4,night,0.1503348970823547,0.0161,0
8d96b057-66a1-414a-b86c-b1b4ab5e00d9,99e318ff-1a69-4f68-addf-975990bd0414,2025-10-22,1368.53,electronics,0.619,card,0,29,0.33,metro,0,2,night,0.2434169799043869,0.1354,0
097a272b-ff0f-4a52-959b-30fcaa63e970,787739e4-6bfc-4e51-b3b0-26408d0e386e,2025-09-19,250.0,fashion,0.14,UPI,0,22,0.309,metro,1,5,morning,0.3565159652552688,0.2011,0
67e98c4b-dd98-47fa-95d4-3245657ff7f5,ded4396a-49de-44e3-a773-49b635f42e59,2025-07-25,250.0,electronics,0.078,UPI,0,14,0.599,metro,0,5,morning,0.5527709467025828,0.0342,0
a06f692a-24ba-4563-9fc1-cbec0fc02ef0,60ab47fa-fe76-4aa1-9125-a3006288e298,2025-01-03,728.95,home,0.192,card,0,26,0.346,metro,0,3,morning,0.2897378778415542,0.0587,0
00e56d09-3e10-4b4c-b409-13278420abb9,5a71659c-1263-4448-8731-60f1df983197,2025-06-07,1967.32,beauty,0.322,COD,0,38,0.446,tier2,0,2,afternoon,0.4468118022423648,0.2536,1
44972861-9a65-47a6-a8f9-c2d183af3cb3,76d2e938-826e-436d-8e9e-46c56a7a791e,2025-05-14,3296.81,home,0.294,COD,0,17,0.185,metro,0,1,morning,0.22287364608691065,0.2069,0
ca6c0e2e-c11c-4b2c-9505-b4b51d338ed9,19407932-d8b1-4cf9-823a-27cc0a751c71,2025-07-10,250.0,beauty,0.185,COD,0,15,0.171,tier3,1,3,night,0.24939791763606534,0.3796,1
ef5833a4-ea72-4f6e-bd00-e2afd44d8b71,26a2a8f1-fd8f-4235-a9c7-77f65704c530,2025-03-18,2222.51,grocery,0.338,card,0,17,0.322,metro,0,5,evening,0.24597285000833133,0.0182,0
631a58d1-7722-4fb3-b5a3-d2a3314b8966,def0c023-330e-4030-a7ed-9fe647574285,2025-07-31,2802.63,beauty,0.21,UPI,0,2,0.525,metro,1,1,afternoon,0.4286541617216226,0.0533,0
51e44741-97b2-406b-921b-ed74e223a817,4d47ad50-ed68-4545-af4f-485a9b29b711,2025-01-08,4113.06,beauty,0.192,UPI,0,26,0.048,tier3,0,5,evening,0.21989011196511407,0.0361,0
2bb743c1-d5d1-4454-a410-7e57862388f1,49a190f2-c9c8-441e-b450-f1343adf4d1a,2025-04-30,522.13,fashion,0.399,UPI,0,30,0.413,tier3,1,5,morning,0.4134664929263236,0.5879,0
333c496f-51bb-48bb-b783-4c19974ca3f7,26a2a8f1-fd8f-4235-a9c7-77f65704c530,2025-10-19,1208.79,beauty,0.364,card,0,18,0.225,tier2,0,2,morning,0.24597285000833133,0.1338,0
8e6b2c40-06bd-4f3a-846d-e8024acfaf74,b409e3d7-b9a4-422f-952f-eaf1d5521144,2025-03-01,1020.5,home,0.15,COD,0,26,0.515,metro,0,1,evening,0.3974441051585353,0.1334,0
96a30602-1468-48bd-bd33-748ced44bf31,387e3c02-124e-491f-b2e5-61469a52d190,2025-08-30,622.51,home,0.369,card,0,7,0.104,metro,0,5,evening,0.11300670394722269,0.0585,0
73e12391-f8cc-4fe4-b386-1803c3ab39b9,fd788034-3caa-492f-9c7e-57dee41c5244,2025-02-06,2929.35,fashion,0.324,netbanking,0,4,0.142,tier2,1,2,afternoon,0.3607060487773846,0.2013,0
4cc49bea-05e7-40df-b34e-788c5e139088,1c3bd688-9adf-4f99-a3fe-1e21e9441cc3,2025-03-07,250.0,electronics,0.384,UPI,0,3,0.066,metro,0,4,evening,0.20995383460968203,0.1248,0
6f474d06-c02e-4dbc-91b6-5ab6488a2b32,c3bd6bd5-5d29-4bd3-a1c6-008db743b055,2025-06-18,250.0,electronics,0.153,UPI,0,2,0.236,metro,0,3,night,0.3173771501855524,0.0462,0
1b05941d-11ba-4378-97c9-76f2a21d436a,92f8f8f3-1a19-41b0-9888-9ad14e0b35ba,2025-01-21,609.4,electronics,0.052,card,0,20,0.002,metro,0,4,afternoon,0.14720873128711998,0.0184,0
e19538dc-636f-4ddb-bee8-6773149d1084,6537edc7-b911-46d6-a31a-9e75ec5ac0f1,2025-01-16,8587.98,beauty,0.062,UPI,1,0,,metro,0,1,afternoon,0.3153492324055893,0.0561,0
a5a39d43-5768-47fb-9121-80186291d8bd,830587ef-e382-4480-9a46-f2fb1f6d1a0b,2025-02-22,1961.88,home,0.141,netbanking,0,22,0.227,tier2,0,7,afternoon,0.29038571770418864,0.1038,0
374a3bc2-d53e-4b9d-90e2-e900b0763258,96548d63-d341-4206-a268-42e6fde9bfb5,2025-04-04,3408.41,beauty,0.657,UPI,0,4,0.158,tier2,0,1,evening,0.20321741031586962,0.1678,0
edbd78d3-6681-4a65-9c2b-718fabbab1d7,4efa302f-3150-404a-9806-87f520177fa7,2025-07-18,3477.29,fashion,0.249,COD,0,3,0.126,metro,1,3,night,0.1593139112983569,0.3962,0
78b659c2-5145-4f4f-9e9e-4e64325056f6,def0c023-330e-4030-a7ed-9fe647574285,2025-03-16,1741.94,fashion,0.307,card,0,3,0.357,tier2,1,5,morning,0.4286541617216226,0.5788,1
e0420b38-9e63-4fc6-a4cd-801cb13a8bab,9a961340-7bf0-40b9-a285-d934dafdbce8,2025-06-21,623.21,fashion,0.344,UPI,0,5,0.319,tier2,1,3,afternoon,0.3724144400903301,0.1772,0
dd29ce9e-affa-4bd9-8cee-bd99a60d6625,c5d85ede-c256-42df-b993-35deb12a5516,2025-08-24,451.54,fashion,0.156,UPI,0,35,0.342,metro,0,3,night,0.3517803851773976,0.1109,0
11b774ed-f841-413d-8783-134b43d91083,f8058711-faa6-4eca-a2ab-1fa0ad185832,2025-05-31,255.02,fashion,0.75,COD,0,10,0.16,metro,1,2,morning,0.04047509547806022,0.6214,1
024f8de2-a26a-4a29-b9ed-a8f07249b64e,0ff3d3c4-7bad-4eb0-a3ea-a49b30616993,2025-06-19,6209.77,fashion,0.688,UPI,0,8,0.552,tier3,1,5,night,0.46113145613975703,0.2218,0
594bbc75-0383-4032-9248-e011fd2588fb,899d1ec4-dd65-483a-b73c-de4ac803831f,2025-09-19,1066.07,grocery,0.308,COD,0,6,0.215,tier2,0,2,afternoon,0.15705197005739738,0.0495,0
94775c7d-80c3-443f-aa25-80c79f17a74d,e6bb513f-2cd0-4bcf-9534-bae7ee504b7c,2025-05-28,292.37,fashion,0.304,COD,0,9,0.052,tier3,1,4,evening,0.09342709211833844,0.4565,0
e1b3ec2f-ad63-4bdb-b513-4a79fcf1f1ef,2b77e152-ac97-4061-9e6a-5abdc78bc29a,2025-04-13,7659.87,fashion,0.102,COD,0,23,0.262,metro,0,2,evening,0.29832839962512075,0.0805,0
e2d2970b-2dcd-4195-a108-62d6ee878db6,f2811512-6d74-428f-81ae-77df22796b31,2025-05-27,1010.5,grocery,0.423,UPI,0,34,0.326,tier2,0,3,evening,0.2916477929418046,0.0367,0
3d5bbdd9-2265-49df-8230-9f7fb375b8d8,e6d66833-d25a-437d-be25-acbaa9de6bdf,2025-08-27,14066.27,electronics,0.423,UPI,0,1,0.208,metro,0,1,afternoon,0.14508620262612762,0.0029,0
8ddeb50b-00d4-4266-8b91-9845c79a4c27,7ec9d46b-0141-4835-accd-a9841843ca7e,2025-04-20,250.0,beauty,0.21,COD,0,8,0.23,metro,0,3,evening,0.07319325355511432,0.1058,0
aeee7816-1809-4430-a10e-41fa502b1afe,c04c2c09-5f42-4b59-aeb5-6d35280a5d01,2025-04-24,836.83,fashion,0.423,UPI,0,22,0.026,metro,0,5,evening,0.06067469417646223,0.0772,0
535ab1b6-90a0-4638-8947-80238debf931,95812633-1bca-4485-8e82-3cf1daf05ab6,2025-09-21,577.18,fashion,0.247,UPI,0,18,0.085,tier3,1,8,evening,0.16802115856295066,0.262,1
bc0ad5de-c58f-48ae-9838-1a2956b9f4aa,38543a37-c3ff-4947-a0be-4c688daad6b3,2025-01-02,4878.63,grocery,0.109,UPI,0,7,0.299,tier2,0,4,morning,0.3007027884503935,0.0186,0
5b1907a8-a5ae-49f8-93d0-575e2c0f8f2e,cd508d92-15fe-4a35-9c1b-37a278d36ea4,2025-07-15,1029.55,fashion,0.168,UPI,0,38,0.394,tier2,1,3,evening,0.2771725532528444,0.2136,0
586fce67-55a4-4a03-ae1e-4d6ff4dbf34e,762dc9ed-5415-436c-b6a9-6504149e79d2,2025-03-29,288.9,home,0.479,UPI,0,4,0.0,metro,0,3,morning,0.08058041829298626,0.048,0
d67376bc-6d4d-4be7-9121-7e2919454df8,bc085a64-9ee4-4a4a-ba18-bf9b6c5b5a59,2025-08-03,332.33,fashion,0.451,COD,0,4,0.244,tier2,1,4,afternoon,0.20401397040683977,0.6339,0
6b1797f8-3250-403d-b1f7-532122481ae4,c287c9ce-296a-4388-9fc4-948757440938,2025-05-27,4593.48,grocery,0.233,COD,0,8,0.552,tier2,0,3,afternoon,0.5885383197450833,0.1042,0
438af2e5-a4fb-465f-b467-66a53e7e3886,b0694581-e5bf-4757-913a-46834d324ff0,2025-07-10,250.0,electronics,0.31,UPI,0,20,0.283,metro,0,5,afternoon,0.2365731909103324,0.0357,0
b3253ecc-1a05-4849-9b6e-44c1d9b594a1,d3db41bc-bf8f-46e0-94b1-984f27ff9af2,2025-08-20,2841.83,fashion,0.237,UPI,0,35,0.357,tier3,1,4,afternoon,0.33315409272597374,0.5152,1
0d527cba-efe8-4c9b-9ebb-14fddef43ba1,ef2bc7c9-4e5e-4bbd-bcd6-426302deb030,2025-09-09,700.29,electronics,0.282,UPI,0,5,0.054,tier2,0,5,night,0.11140768335427466,0.0123,0
6f598de4-3565-4d01-812b-ac347b35eeb7,8ca2a1b1-e386-4bc2-966c-9f22b3b8e472,2025-02-03,10927.31,home,0.395,UPI,0,4,0.006,metro,0,1,night,0.142405855423258,0.0198,0
3cfb3193-9176-4af8-91bc-47cdd670d777,830587ef-e382-4480-9a46-f2fb1f6d1a0b,2025-08-18,8530.84,beauty,0.32,UPI,0,23,0.393,tier2,0,5,evening,0.29038571770418864,0.0722,0
ff759a32-0889-42eb-81f5-16b6145020ab,6d166871-97f4-4b3f-908e-05be679376d9,2025-01-11,250.0,home,0.426,COD,0,4,0.12,tier3,0,3,afternoon,0.158432901455159,0.4111,0
46e3251d-e5d1-4b54-8c8c-72cb509d66d7,3262b713-ea11-4e4d-9da2-2688e2cb903b,2025-10-22,331.85,fashion,0.512,card,0,3,0.191,metro,1,2,evening,0.16468907167168612,0.3211,0
11fc75b4-838d-4096-9428-b26772e9adce,99e318ff-1a69-4f68-addf-975990bd0414,2025-08-10,1144.07,home,0.393,COD,0,30,0.268,tier2,0,3,evening,0.2434169799043869,0.1232,0
6160c221-5162-4988-a274-aa344fcc7bac,bd8faecc-d38d-4f13-8a42-c17d6f850d10,2025-08-06,3674.75,fashion,0.522,COD,0,9,0.181,tier3,0,6,afternoon,0.26335659719559446,0.7066,0
94a8268c-51a7-4209-80aa-958c67de126f,6b914b9c-926e-4431-b82e-f178aae9d5c0,2025-09-17,1326.91,fashion,0.133,UPI,0,25,0.278,metro,0,1,afternoon,0.2677657562695904,0.0419,0
e6cbedf6-68d1-43bb-8730-b8e769cf55e0,4d47ad50-ed68-4545-af4f-485a9b29b711,2025-10-10,2188.51,fashion,0.413,card,0,27,0.221,metro,1,5,morning,0.21989011196511407,0.1213,1
4c4f9422-ab61-4023-acb6-8365e361b587,277a79e8-5c1c-4c5a-b093-506fa7146b60,2025-10-07,1797.2,electronics,0.096,card,0,7,0.269,tier2,0,2,afternoon,0.16757657415686808,0.0283,0
cea3ffca-d59b-4f50-b762-2e9c4a5052e5,e75b5a37-ac60-4066-a040-3617f0d903ea,2025-05-25,1132.95,home,0.119,COD,0,21,0.314,metro,0,3,morning,0.24645297721478737,0.0735,0
