order_id,customer_id,risk_probability,action_taken,explanation,decision_threshold_used,model_version,timestamp
a78fa342-513d-416e-aa3f-183912adf800,676c4a16-07aa-45fa-8ad1-17b29a2b6de4,0.4063,flag_for_review,"Elevated risk driven by: size-dependent item, large discount, tier3 delivery area",0.16,logreg_v1_step2,2026-08-23T06:30:21.573233+00:00
386793fc-d277-4d26-ade3-618038aa42c0,7f892973-babf-4935-bab7-187b59d8b023,0.2694,flag_for_review,"Elevated risk driven by: COD payment, home category, unusually low order value",0.16,logreg_v1_step2,2026-08-23T06:30:21.573233+00:00
b03d672c-0dcf-4385-a8eb-1b46a4bccc0d,30ed7aa6-3495-4b99-970b-27c038e98f99,0.0295,auto_approve,Elevated risk driven by: home category,0.16,logreg_v1_step2,2026-08-23T06:30:21.573233+00:00
e794db98-fa9f-46f8-a608-ed980f8c875d,3bf94f31-a69a-4672-af18-93b6ddcad665,0.6237,flag_for_review,"Elevated risk driven by: customer's return history, size-dependent item, large discount",0.16,logreg_v1_step2,2026-08-23T06:30:21.573233+00:00
5d5f3c4e-5d7f-4726-a2a8-4cc58df07e6d,e0be4c42-c5d2-46e6-98a3-f57143c81929,0.202,flag_for_review,"Elevated risk driven by: size-dependent item, fashion category",0.16,logreg_v1_step2,2026-08-23T06:30:21.573233+00:00
0bc688a5-0c50-4b94-8fee-1288f95871b7,4c3650cb-e088-4c11-a624-1102a42ebe08,0.1782,flag_for_review,"Elevated risk driven by: COD payment, home category, unusually low order value",0.16,logreg_v1_step2,2026-08-23T06:30:21.573233+00:00
7e432b86-4760-4742-9398-2ae0a66456dd,d684615e-b5d2-4dff-856f-f7aa94f57139,0.1476,auto_approve,"Elevated risk driven by: COD payment, large discount, customer's return history",0.16,logreg_v1_step2,2026-08-23T06:30:21.573233+00:00
e2f65b0a-74c3-4151-ac55-9762760d8ac1,b732b9b1-5184-4f45-af4d-630b007d8b56,0.2873,flag_for_review,"Elevated risk driven by: customer's return history, COD payment, home category",0.16,logreg_v1_step2,2026-08-23T06:30:21.573233+00:00
31c9fe7f-7f48-4d75-b24e-c7f5e4ef9e0b,88b88e03-c936-4c7f-ba2d-52cf64525090,0.0734,auto_approve,Elevated risk driven by: unusually low order value,0.16,logreg_v1_step2,2026-08-23T06:30:21.573233+00:00
137c5da6-4ddb-44a4-b5c5-6d16a77b1c0d,fd6cccad-5f4f-45ca-8142-59059b87515b,0.2424,flag_for_review,"Elevated risk driven by: size-dependent item, unusually low order value, fashion category",0.16,logreg_v1_step2,2026-08-23T06:30:21.573233+00:00
7579cd0d-0116-4c57-88c8-a88400a764b8,97d7ac82-2b8f-4c9e-87c2-0b7f4459006c,0.0308,auto_approve,Elevated risk driven by: home category,0.16,logreg_v1_step2,2026-08-23T06:30:21.573233+00:00
91f47c8b-138c-4ccb-a33a-de57f3cef844,4ab3cbf1-5914-4c42-b2e7-1238debcf239,0.2416,flag_for_review,"Elevated risk driven by: COD payment, tier3 delivery area, unusually low order value",0.16,logreg_v1_step2,2026-08-23T06:30:21.573233+00:00
5e0a987f-c255-4c62-be26-445228ea5730,0fc1c1ab-b781-4d50-9d85-9900bab12268,0.3417,flag_for_review,"Elevated risk driven by: size-dependent item, COD payment, fashion category",0.16,logreg_v1_step2,2026-08-23T06:30:21.573233+00:00
d8759fdc-3599-4059-9c04-9368f15dab69,3ae5d8e2-1cd9-49fe-a877-331f08d4c8e0,0.0396,auto_approve,"Elevated risk driven by: no prior return history available, first-time buyer, beauty category",0.16,logreg_v1_step2,2026-08-23T06:30:21.573233+00:00
a9e78df7-089a-48b5-b626-64dbb10ad942,b48b45a4-753f-4ba5-b83c-ddf1c5e444e1,0.2177,flag_for_review,"Elevated risk driven by: COD payment, large discount, customer's return history",0.16,logreg_v1_step2,2026-08-23T06:30:21.573233+00:00
6cb44f3f-43c7-4691-8a72-7d0d0dd53a90,412fdcc8-a20c-4ee8-986c-d10d8bf4a971,0.6747,flag_for_review,"Elevated risk driven by: customer's return history, size-dependent item, COD payment",0.16,logreg_v1_step2,2026-08-23T06:30:21.573233+00:00
e1e19fa1-b515-4741-aaf0-af220f6a789f,c098bafa-20a7-4c6c-9fce-d433c8e83be7,0.0379,auto_approve,"Elevated risk driven by: unusually low order value, customer's return history, large discount",0.16,logreg_v1_step2,2026-08-23T06:30:21.573233+00:00
d1e11b8a-ec97-4b1a-874b-bc02ff14358e,f511f812-b332-434e-84ac-a8d69f0d2875,0.0388,auto_approve,Elevated risk driven by: beauty category,0.16,logreg_v1_step2,2026-08-23T06:30:21.573233+00:00
9a4644c4-dde2-4828-b49b-03d3b351156e,b6352c97-2241-47d4-89b2-77d21afae1a8,0.0578,auto_approve,"Elevated risk driven by: COD payment, large discount, unusually low order value",0.16,logreg_v1_step2,2026-08-23T06:30:21.573233+00:00
111bdb21-2db4-41f1-bf85-429892fb3cbe,62c57df5-411a-4722-a64d-b9f882580279,0.338,flag_for_review,"Elevated risk driven by: size-dependent item, COD payment, fashion category",0.16,logreg_v1_step2,2026-08-23T06:30:21.573233+00:00
2d1b958f-1e76-4ab4-b406-e01d9c477641,82715f5b-0eb8-4809-b878-05fd95a15158,0.3593,flag_for_review,"Elevated risk driven by: size-dependent item, COD payment, unusually low order value",0.16,logreg_v1_step2,2026-08-23T06:30:21.573233+00:00
42fb473d-ce4d-46b7-a42b-5dc752621130,82715f5b-0eb8-4809-b878-05fd95a15158,0.085,auto_approve,"Elevated risk driven by: home category, unusually low order value",0.16,logreg_v1_step2,2026-08-23T06:30:21.573233+00:00
178b132e-0cb2-4471-a040-f76ca41d2c7d,b66a45c1-7406-4950-a677-2ee579e724f2,0.19,flag_for_review,"Elevated risk driven by: size-dependent item, unusually low order value, fashion category",0.16,logreg_v1_step2,2026-08-23T06:30:21.573233+00:00
d27e85fd-d890-4847-b9c8-0f43efe693a3,eaeed0dd-7e1c-4258-9fdd-9985ad3d359d,0.3958,flag_for_review,"Elevated risk driven by: size-dependent item, large discount, customer's return history",0.16,logreg_v1_step2,2026-08-23T06:30:21.573233+00:00
82380201-25d1-466d-a38d-85f7b0927e93,f91b87e4-35a7-481d-96ba-a679feba54f3,0.1721,flag_for_review,"Elevated risk driven by: COD payment, large discount, unusually low order value",0.16,logreg_v1_step2,2026-08-23T06:30:21.573233+00:00
75af28a3-9261-4af3-9f4d-76dd18b9525b,1af574e3-1cf2-4f6f-9cae-ab5630dd0840,0.2605,flag_for_review,"Elevated risk driven by: large discount, unusually low order value, fashion category",0.16,logreg_v1_step2,2026-08-23T06:30:21.573233+00:00
805828e5-2ec4-4b41-8e68-cc68accbb602,fd6cccad-5f4f-45ca-8142-59059b87515b,0.2705,flag_for_review,"Elevated risk driven by: size-dependent item, fashion category, large discount",0.16,logreg_v1_step2,2026-08-23T06:30:21.573233+00:00
d9d7768f-e354-48d3-92c7-1796ba2b4c35,ac46d877-8423-49a6-902f-7054e0aa8316,0.0518,auto_approve,"Elevated risk driven by: large discount, tier3 delivery area, unusually low order value",0.16,logreg_v1_step2,2026-08-23T06:30:21.573233+00:00
293b2df0-0fb0-4eea-9446-0b8d6c5d0ab7,aa146080-a61b-4d65-8941-28a1786e2342,0.1533,auto_approve,"Elevated risk driven by: customer's return history, home category, unusually low order value",0.16,logreg_v1_step2,2026-08-23T06:30:21.573233+00:00
38fff983-9103-4a0a-8c53-e51aeee287d0,6b41fb6b-2b44-478a-8bb4-1a35d8471ae4,0.1371,auto_approve,"Elevated risk driven by: tier3 delivery area, beauty category, unusually low order value",0.16,logreg_v1_step2,2026-08-23T06:30:21.573233+00:00
6fa8997c-e482-4768-a39b-d0dd4ade20bc,9e9db8b8-b527-46e0-9e4b-211ffcef38a3,0.2608,flag_for_review,"Elevated risk driven by: size-dependent item, fashion category, unusually low order value",0.16,logreg_v1_step2,2026-08-23T06:30:21.573233+00:00
f64bfcf6-89c2-4300-8d39-25aaea20725a,2e47b7ee-0809-4ae4-8dd5-f4c88b6fe2c2,0.054,auto_approve,"Elevated risk driven by: customer's return history, unusually low order value",0.16,logreg_v1_step2,2026-08-23T06:30:21.573233+00:00
7e015fcf-cb7b-45fc-9b3c-f8fc25db2099,488818a4-8adb-4718-b41a-823c7f2b2ab8,0.3248,flag_for_review,"Elevated risk driven by: size-dependent item, COD payment, unusually low order value",0.16,logreg_v1_step2,2026-08-23T06:30:21.573233+00:00
78a5c098-51b4-405e-b961-393315d485b6,b2260d18-fffa-4383-9ce1-cdafe986cab2,0.0759,auto_approve,"Elevated risk driven by: customer's return history, unusually low order value, customer's order count",0.16,logreg_v1_step2,2026-08-23T06:30:21.573233+00:00
cce33828-becf-4973-874a-69e4d7c66157,244f6df6-0877-4426-b15f-8812d0053625,0.0286,auto_approve,"Elevated risk driven by: customer's return history, unusually low order value",0.16,logreg_v1_step2,2026-08-23T06:30:21.573233+00:00
89d28b2a-6247-497d-986b-32f7f58c43ef,0b3125cc-29c6-4f20-b1ef-8890454bd85d,0.2307,flag_for_review,"Elevated risk driven by: size-dependent item, unusually low order value, fashion category",0.16,logreg_v1_step2,2026-08-23T06:30:21.573233+00:00
b05889c5-0694-4f53-b069-b2d1348b334e,3f888151-69ed-4006-b5f2-68afced6201b,0.1012,auto_approve,"Elevated risk driven by: large discount, home category",0.16,logreg_v1_step2,2026-08-23T06:30:21.573233+00:00
dda2ff4b-fe34-4ebd-8db1-72e2ffedc2a8,e681d0bc-7b6a-4813-b507-16b033d8251d,0.1178,auto_approve,"Elevated risk driven by: unusually low order value, home category, large discount",0.16,logreg_v1_step2,2026-08-23T06:30:21.573233+00:00
7840c264-78c5-432b-aaf2-ac98d73d68ba,ec513aca-b3ea-457e-b9fd-46a0fbbd0108,0.031,auto_approve,"Elevated risk driven by: unusually low order value, tier3 delivery area, customer's return history",0.16,logreg_v1_step2,2026-08-23T06:30:21.573233+00:00
cce41e73-1e45-4638-999b-57b1a1dfd79b,61e68552-c2ac-46ab-b349-d5252a071eca,0.162,flag_for_review,"Elevated risk driven by: unusually low order value, home category, tier3 delivery area",0.16,logreg_v1_step2,2026-08-23T06:30:21.573233+00:00
b9b5242b-2b15-481b-ad8e-f200afe255df,ae648879-94d9-43e9-9c34-e6de78357400,0.0057,auto_approve,No strong individual risk drivers identified.,0.16,logreg_v1_step2,2026-08-23T06:30:21.573233+00:00
b76a0179-afd6-4f24-b214-8f1aaef2ce06,ad87b3e3-8b3e-438e-8994-51127b85c296,0.1038,auto_approve,"Elevated risk driven by: large discount, fashion category, unusually low order value",0.16,logreg_v1_step2,2026-08-23T06:30:21.573233+00:00
c8b8579d-f532-438d-a226-a6ed60ea97b0,9a625667-7231-477f-bae5-82ef700249d8,0.207,flag_for_review,"Elevated risk driven by: COD payment, no prior return history available, first-time buyer",0.16,logreg_v1_step2,2026-08-23T06:30:21.573233+00:00
218284be-e8c8-4706-b798-41eb4042255a,2b07b584-d1aa-4d4c-8a54-d972e2975ecf,0.0657,auto_approve,"Elevated risk driven by: large discount, unusually low order value",0.16,logreg_v1_step2,2026-08-23T06:30:21.573233+00:00
8f280acf-6386-4e73-a046-1304529e58be,22f58788-391d-4372-9ad4-9e208eef569b,0.029,auto_approve,Elevated risk driven by: unusually low order value,0.16,logreg_v1_step2,2026-08-23T06:30:21.573233+00:00
cf9fc062-609f-47b7-80d5-14e6a2619b66,48242df6-6544-46ca-8243-b23028d6d805,0.0773,auto_approve,Elevated risk driven by: fashion category,0.16,logreg_v1_step2,2026-08-23T06:30:21.573233+00:00
4db2309f-e404-49eb-a33a-932d10f43210,4b641fb2-3437-4f0f-9c67-9222d63bef6e,0.1332,auto_approve,"Elevated risk driven by: unusually low order value, beauty category, customer's return history",0.16,logreg_v1_step2,2026-08-23T06:30:21.573233+00:00
80dc6645-dd89-4f68-b915-aa35e97e9e4a,8cabcba8-2b36-4f7e-984b-440baba9ad97,0.1241,auto_approve,"Elevated risk driven by: home category, unusually low order value, customer's return history",0.16,logreg_v1_step2,2026-08-23T06:30:21.573233+00:00
9064424a-31d1-470c-a15b-a1041d90f177,6741beec-5e04-4bdd-9202-60c1031010f8,0.1468,auto_approve,"Elevated risk driven by: large discount, home category",0.16,logreg_v1_step2,2026-08-23T06:30:21.573233+00:00
9815fcc7-83cc-4850-a09d-1971bdb09b36,c098bafa-20a7-4c6c-9fce-d433c8e83be7,0.062,auto_approve,"Elevated risk driven by: tier3 delivery area, customer's return history, customer's order count",0.16,logreg_v1_step2,2026-08-23T06:30:21.573233+00:00
bbe2808b-7cee-4e24-a99d-f340fe8c1e7c,d0f3def4-10c3-442b-9b93-148c1f1e3a46,0.0617,auto_approve,"Elevated risk driven by: beauty category, large discount",0.16,logreg_v1_step2,2026-08-23T06:30:21.573233+00:00
3c052bf6-e66a-4c6a-8287-e563e3602b1e,3b43db08-fb91-462f-825f-825adffaef1d,0.0938,auto_approve,Elevated risk driven by: COD payment,0.16,logreg_v1_step2,2026-08-23T06:30:21.573233+00:00
a7bdcb4f-0fac-431c-8978-25abd7442d6a,dd1d4990-d4e5-4687-bd01-cb6b03a151bf,0.2715,flag_for_review,"Elevated risk driven by: size-dependent item, tier3 delivery area, fashion category",0.16,logreg_v1_step2,2026-08-23T06:30:21.573233+00:00
142afbea-f094-4b0c-b27d-34d6fea55d21,b732b9b1-5184-4f45-af4d-630b007d8b56,0.2527,flag_for_review,"Elevated risk driven by: size-dependent item, customer's return history, fashion category",0.16,logreg_v1_step2,2026-08-23T06:30:21.573233+00:00
7ca9c13b-01aa-4409-a02c-6d1c91106f0f,98f128ba-5f7a-45ba-b9fd-4d3978030042,0.1253,auto_approve,"Elevated risk driven by: home category, unusually low order value, large discount",0.16,logreg_v1_step2,2026-08-23T06:30:21.573233+00:00
e662b603-b854-4637-91d4-39771814368e,ebb8a1f2-51a7-4500-b1ee-9350840d7c45,0.229,flag_for_review,"Elevated risk driven by: size-dependent item, fashion category, unusually low order value",0.16,logreg_v1_step2,2026-08-23T06:30:21.573233+00:00
10ab7731-3806-4cd1-9720-a6e7ecb3eb0f,51c62a9a-f387-47be-9870-79041d5914ef,0.066,auto_approve,Elevated risk driven by: COD payment,0.16,logreg_v1_step2,2026-08-23T06:30:21.573233+00:00
8dd830b6-da2c-487e-ae86-ef8c99ee6c1c,916b1eab-19f3-418e-970e-feae0ddfa238,0.2981,flag_for_review,"Elevated risk driven by: size-dependent item, large discount, tier3 delivery area",0.16,logreg_v1_step2,2026-08-23T06:30:21.573233+00:00
1c9ff9e5-ca42-4fb1-a426-d8ccb25f9fd3,d6820024-4c8c-44b8-8098-59f8938ad61c,0.2606,flag_for_review,"Elevated risk driven by: customer's return history, beauty category, large discount",0.16,logreg_v1_step2,2026-08-23T06:30:21.573233+00:00
4e140edf-5e60-49d7-aa12-d0d452fc54d2,e8f694f4-75c7-4b9d-8461-3f6fce844e62,0.0753,auto_approve,"Elevated risk driven by: no prior return history available, first-time buyer, beauty category",0.16,logreg_v1_step2,2026-08-23T06:30:21.573233+00:00
403d9e1a-b6a9-4f1d-8847-bc14a08392fe,3b43db08-fb91-462f-825f-825adffaef1d,0.4966,flag_for_review,"Elevated risk driven by: size-dependent item, COD payment, unusually low order value",0.16,logreg_v1_step2,2026-08-23T06:30:21.573233+00:00
8efa0d7e-6daa-433e-bdb7-16ead0cc71b3,fcad361d-37b1-48e4-ba15-27f5efd12bd2,0.667,flag_for_review,"Elevated risk driven by: size-dependent item, COD payment, large discount",0.16,logreg_v1_step2,2026-08-23T06:30:21.573233+00:00
697461b9-a01f-4a02-b60a-fb23bfccdc2f,b1866946-8935-4ecd-acf7-242f08c22f6f,0.3323,flag_for_review,"Elevated risk driven by: size-dependent item, customer's return history, tier3 delivery area",0.16,logreg_v1_step2,2026-08-23T06:30:21.573233+00:00
7606f259-0e35-4545-ac35-2d93bae1ec5d,b23d847d-997a-4928-9b10-f50e4fa93ba9,0.1315,auto_approve,"Elevated risk driven by: COD payment, home category, unusually low order value",0.16,logreg_v1_step2,2026-08-23T06:30:21.573233+00:00
8ccdabe9-7e07-4958-84b6-ea051eaa83bf,f1922c32-2521-4e63-8787-5b9056553ff0,0.2932,flag_for_review,"Elevated risk driven by: size-dependent item, customer's return history, COD payment",0.16,logreg_v1_step2,2026-08-23T06:30:21.573233+00:00
9bb66c74-c7cb-49dc-af73-1cc8f59c8cf3,bdaa8e74-a01e-4e28-adc3-15d63480b37e,0.0756,auto_approve,Elevated risk driven by: COD payment,0.16,logreg_v1_step2,2026-08-23T06:30:21.573233+00:00
b5f335b0-bd45-4012-ba57-efa5d98964f7,ad87b3e3-8b3e-438e-8994-51127b85c296,0.2446,flag_for_review,"Elevated risk driven by: size-dependent item, unusually low order value, tier3 delivery area",0.16,logreg_v1_step2,2026-08-23T06:30:21.573233+00:00
4f56b4ef-34c7-49c7-a0b1-c8e244df2b44,e4329099-c71d-4060-bdf9-f326527747c5,0.454,flag_for_review,"Elevated risk driven by: size-dependent item, no prior return history available, first-time buyer",0.16,logreg_v1_step2,2026-08-23T06:30:21.573233+00:00
5cef6176-c3ca-46ec-9d28-07baa12c07da,551aee57-0df4-4a51-9afa-0babaf28b33a,0.0594,auto_approve,Elevated risk driven by: fashion category,0.16,logreg_v1_step2,2026-08-23T06:30:21.573233+00:00
c43b5ad7-9a51-442f-a32c-3fc94d12e0b2,52ad5451-dae5-4029-8a8a-756096ddf041,0.044,auto_approve,"Elevated risk driven by: unusually low order value, customer's return history",0.16,logreg_v1_step2,2026-08-23T06:30:21.573233+00:00
5311e181-ff2b-46d9-bf84-f6da64b34bf3,7b69cdb5-83cf-4c37-af6c-6808f933c8d0,0.5166,flag_for_review,"Elevated risk driven by: size-dependent item, no prior return history available, first-time buyer",0.16,logreg_v1_step2,2026-08-23T06:30:21.573233+00:00
dbb08677-dae3-4604-a17c-68faac30f572,dcc320e0-51d7-4f5a-b1cf-f774f3ea235f,0.0513,auto_approve,"Elevated risk driven by: COD payment, unusually low order value, customer's order count",0.16,logreg_v1_step2,2026-08-23T06:30:21.573233+00:00
d0048b05-cc79-451e-a56c-7a7f4a112e8f,ad87b3e3-8b3e-438e-8994-51127b85c296,0.2176,flag_for_review,"Elevated risk driven by: COD payment, unusually low order value, home category",0.16,logreg_v1_step2,2026-08-23T06:30:21.573233+00:00
87052013-b374-4344-93db-ef7608787eea,14e9a40c-48f4-4b52-8121-a603990cd08e,0.0884,auto_approve,"Elevated risk driven by: customer's return history, unusually low order value",0.16,logreg_v1_step2,2026-08-23T06:30:21.573233+00:00
2359c315-3dc6-4b76-babe-dcc91109dcc0,18471c77-61f9-4793-b4da-b432f51981aa,0.2616,flag_for_review,"Elevated risk driven by: size-dependent item, unusually low order value, tier3 delivery area",0.16,logreg_v1_step2,2026-08-23T06:30:21.573233+00:00
524d0bd8-5ec3-4ba1-8e17-a58580106ad5,8f067d15-412d-40db-b9f2-a2103e13290f,0.0131,auto_approve,No strong individual risk drivers identified.,0.16,logreg_v1_step2,2026-08-23T06:30:21.573233+00:00
a763873e-fec4-412d-9631-03fca3ab6dac,e5d01c68-31b5-4079-a0a7-41284064b09c,0.6027,flag_for_review,"Elevated risk driven by: size-dependent item, COD payment, no prior return history available",0.16,logreg_v1_step2,2026-08-23T06:30:21.573233+00:00
c5d22f07-afac-4c49-abf2-e4d111010d31,844e1cc6-38c0-44c1-8fb0-2171c4ac07a9,0.2178,flag_for_review,"Elevated risk driven by: COD payment, home category, unusually low order value",0.16,logreg_v1_step2,2026-08-23T06:30:21.573233+00:00
8a8fa39c-7b53-417f-be32-93f7f55aa7f4,72cb42d3-62b2-4036-9300-940e8c49efed,0.1331,auto_approve,"Elevated risk driven by: no prior return history available, first-time buyer, unusually low order value",0.16,logreg_v1_step2,2026-08-23T06:30:21.573233+00:00
fa93069b-a19e-4cf3-ad70-6c0c2d69bfa5,115b599a-217b-402c-bf2e-d673a28b8b6a,0.2413,flag_for_review,"Elevated risk driven by: COD payment, unusually low order value, beauty category",0.16,logreg_v1_step2,2026-08-23T06:30:21.573233+00:00
6f1cd3a2-9b25-4bd3-86b7-e8b22938b010,e0be4c42-c5d2-46e6-98a3-f57143c81929,0.0354,auto_approve,Elevated risk driven by: COD payment,0.16,logreg_v1_step2,2026-08-23T06:30:21.573233+00:00
9e59f6e0-a1f7-4aeb-b4da-9de53e6fa195,f1922c32-2521-4e63-8787-5b9056553ff0,0.5328,flag_for_review,"Elevated risk driven by: large discount, customer's return history, COD payment",0.16,logreg_v1_step2,2026-08-23T06:30:21.573233+00:00
d32fac32-c6d7-430c-b163-b5e1f3ebb5c6,b15097c2-354a-48aa-8b88-0fc27a70d24f,0.206,flag_for_review,"Elevated risk driven by: COD payment, home category, unusually low order value",0.16,logreg_v1_step2,2026-08-23T06:30:21.573233+00:00
a81f3692-9d2a-420d-a746-7344ffcac768,0f2a7185-360f-49ed-b7c4-cb731c475eb2,0.5277,flag_for_review,"Elevated risk driven by: size-dependent item, no prior return history available, first-time buyer",0.16,logreg_v1_step2,2026-08-23T06:30:21.573233+00:00
c98eb9ce-b13d-4bac-92cb-eda714333465,87699cd8-cca3-418f-9a3e-144a0cbaca68,0.0937,auto_approve,"Elevated risk driven by: large discount, home category, unusually low order value",0.16,logreg_v1_step2,2026-08-23T06:30:21.573233+00:00
c73e9087-f13f-475e-b228-26686e9efcad,cc825a9c-6ef8-48bc-90ca-0bc2af6a4e40,0.094,auto_approve,Elevated risk driven by: home category,0.16,logreg_v1_step2,2026-08-23T06:30:21.573233+00:00
6a3e5543-0663-4e6f-828b-8a53984fe8f3,b36dde2e-e09b-4224-b113-133cdade54b5,0.1051,auto_approve,"Elevated risk driven by: fashion category, unusually low order value",0.16,logreg_v1_step2,2026-08-23T06:30:21.573233+00:00
56daabab-6fb5-44d5-b49e-cc6a03021bf1,488818a4-8adb-4718-b41a-823c7f2b2ab8,0.2827,flag_for_review,"Elevated risk driven by: COD payment, tier3 delivery area, fashion category",0.16,logreg_v1_step2,2026-08-23T06:30:21.573233+00:00
853474d2-1cba-441c-b014-0649f5dd58de,937f81a2-0c57-467d-869e-aaae2412816a,0.1378,auto_approve,"Elevated risk driven by: large discount, beauty category, customer's return history",0.16,logreg_v1_step2,2026-08-23T06:30:21.573233+00:00
e0685489-f5bb-4f03-b0ab-9eab54d56753,bf399c79-ed8b-467b-897d-934545d5ad52,0.3295,flag_for_review,"Elevated risk driven by: COD payment, no prior return history available, first-time buyer",0.16,logreg_v1_step2,2026-08-23T06:30:21.573233+00:00
ed5e2f51-f022-4e45-9c65-aeff992a300b,a5528de8-ca89-4d92-ab88-fb874b251fe0,0.0437,auto_approve,"Elevated risk driven by: unusually low order value, customer's return history",0.16,logreg_v1_step2,2026-08-23T06:30:21.573233+00:00
6baa005f-9f3f-418f-aa45-9c5cdd2cbfe0,6741beec-5e04-4bdd-9202-60c1031010f8,0.2331,flag_for_review,"Elevated risk driven by: size-dependent item, unusually low order value, fashion category",0.16,logreg_v1_step2,2026-08-23T06:30:21.573233+00:00
5b0bf237-5697-4ea8-8097-fd893399174d,33a4495a-e011-40fd-9886-33ebafd66570,0.168,flag_for_review,"Elevated risk driven by: customer's return history, large discount, beauty category",0.16,logreg_v1_step2,2026-08-23T06:30:21.573233+00:00
31b38efc-5b85-47db-9918-e2036d9eb0e6,754ee000-0eb3-4857-a2e8-476c39a286c0,0.093,auto_approve,"Elevated risk driven by: customer's return history, large discount, beauty category",0.16,logreg_v1_step2,2026-08-23T06:30:21.573233+00:00
7ab52b81-8d32-4295-886c-b53fc14d0b50,9db91134-7dd9-4d21-be9d-d889e4368426,0.3591,flag_for_review,"Elevated risk driven by: size-dependent item, no prior return history available, first-time buyer",0.16,logreg_v1_step2,2026-08-23T06:30:21.573233+00:00
3aedc17d-7082-4ff4-b2eb-cc241cb5377b,f511f812-b332-434e-84ac-a8d69f0d2875,0.0229,auto_approve,No strong individual risk drivers identified.,0.16,logreg_v1_step2,2026-08-23T06:30:21.573233+00:00
f17ad626-86af-4ffe-86f2-d93a33832a6f,8aad1534-c5ee-4b92-be7e-78a529af82b8,0.0693,auto_approve,"Elevated risk driven by: large discount, unusually low order value, customer's return history",0.16,logreg_v1_step2,2026-08-23T06:30:21.573233+00:00
1a24e866-50ea-42f3-badb-a07e70c679f4,52ad5451-dae5-4029-8a8a-756096ddf041,0.2754,flag_for_review,"Elevated risk driven by: size-dependent item, customer's return history, fashion category",0.16,logreg_v1_step2,2026-08-23T06:30:21.573233+00:00
d5ce1902-f212-472e-b117-65899fee25fb,61e68552-c2ac-46ab-b349-d5252a071eca,0.0748,auto_approve,Elevated risk driven by: fashion category,0.16,logreg_v1_step2,2026-08-23T06:30:21.573233+00:00
dc895d4c-ce0d-42dd-84ba-5539daf9abe4,47cb53b5-07a8-4133-916b-09b281c51f88,0.264,flag_for_review,"Elevated risk driven by: size-dependent item, customer's return history, unusually low order value",0.16,logreg_v1_step2,2026-08-23T06:30:21.573233+00:00
6250565c-a0fb-4335-9233-3fb4f9553afc,b1a9a01f-60a0-474a-9f62-ee2f1e71fa7b,0.1302,auto_approve,"Elevated risk driven by: customer's return history, COD payment, unusually low order value",0.16,logreg_v1_step2,2026-08-23T06:30:21.573233+00:00
55933a86-97e2-4358-b6ce-09347a9ab375,98d8bb02-c0b6-4fc2-9658-5ea6b66ed048,0.1034,auto_approve,"Elevated risk driven by: customer's return history, beauty category, unusually low order value",0.16,logreg_v1_step2,2026-08-23T06:30:21.573233+00:00
08949595-2f08-41ff-88a5-e7217a9b529d,50dc3803-1af4-4a0a-8917-ca0e73db20ad,0.2233,flag_for_review,"Elevated risk driven by: size-dependent item, fashion category, customer's return history",0.16,logreg_v1_step2,2026-08-23T06:30:21.573233+00:00
63379ab1-8ef5-44d7-a3c1-6c4fc5803354,098b5a6e-c876-43e4-824f-138cbaa1bdf9,0.1538,auto_approve,"Elevated risk driven by: COD payment, customer's return history",0.16,logreg_v1_step2,2026-08-23T06:30:21.573233+00:00
f8acfd60-80f7-4af4-b6df-d04c5dcb4ffb,cd41d912-6dd3-48f5-8321-ab579b72c57a,0.2217,flag_for_review,"Elevated risk driven by: size-dependent item, tier3 delivery area, fashion category",0.16,logreg_v1_step2,2026-08-23T06:30:21.573233+00:00
05c04ae2-9362-407a-aa4b-91339d4690ef,31c1fad5-4cd1-4948-951c-4b6f05b9a3e3,0.1139,auto_approve,"Elevated risk driven by: unusually low order value, beauty category, large discount",0.16,logreg_v1_step2,2026-08-23T06:30:21.573233+00:00
ce16dd54-8cd9-437f-af3a-d77ae6c91f2a,844e1cc6-38c0-44c1-8fb0-2171c4ac07a9,0.1227,auto_approve,"Elevated risk driven by: unusually low order value, home category",0.16,logreg_v1_step2,2026-08-23T06:30:21.573233+00:00
e527aab8-1798-499d-8f0e-2cb7ab568550,1430da84-3676-4e2f-a20c-58786ed1d466,0.0505,auto_approve,"Elevated risk driven by: tier3 delivery area, unusually low order value",0.16,logreg_v1_step2,2026-08-23T06:30:21.573233+00:00
9b967129-250f-4d86-9fcb-55f3818a6507,7abb60f8-6a15-44b0-8a8a-33cf510670a6,0.2016,flag_for_review,"Elevated risk driven by: COD payment, tier3 delivery area, fashion category",0.16,logreg_v1_step2,2026-08-23T06:30:21.573233+00:00
0b6fe8b9-4431-46a7-80db-378881a73134,9cfbe601-0322-4c7f-a8fc-089374a870d3,0.5798,flag_for_review,"Elevated risk driven by: size-dependent item, no prior return history available, first-time buyer",0.16,logreg_v1_step2,2026-08-23T06:30:21.573233+00:00
4f041162-6223-43ca-ab6c-ed51ce2f996d,2610fe33-8b0a-4c9b-8c47-756cf516e89b,0.2535,flag_for_review,"Elevated risk driven by: size-dependent item, large discount, fashion category",0.16,logreg_v1_step2,2026-08-23T06:30:21.573233+00:00
8bee35cf-cf34-4ab8-97ce-d8cb4fdf54ff,14e9a40c-48f4-4b52-8121-a603990cd08e,0.4349,flag_for_review,"Elevated risk driven by: customer's return history, COD payment, large discount",0.16,logreg_v1_step2,2026-08-23T06:30:21.573233+00:00
bdcbaaf7-7127-4c78-9115-87b254d5f282,d5adff28-034d-4e06-a674-681f43e80c97,0.7206,flag_for_review,"Elevated risk driven by: size-dependent item, COD payment, no prior return history available",0.16,logreg_v1_step2,2026-08-23T06:30:21.573233+00:00
c45920a8-6434-4947-ba76-be20ce022ada,fece3053-752e-4f5a-b715-c3d8cb10cde7,0.055,auto_approve,Elevated risk driven by: customer's return history,0.16,logreg_v1_step2,2026-08-23T06:30:21.573233+00:00
29b67f10-7e55-4028-8758-c4c50a033454,3ecb19de-c2c2-4695-853a-66f9349c3a05,0.1287,auto_approve,"Elevated risk driven by: large discount, unusually low order value, beauty category",0.16,logreg_v1_step2,2026-08-23T06:30:21.573233+00:00
237ac6b3-54df-46f9-8e6f-a5b3be24dd6e,0b3125cc-29c6-4f20-b1ef-8890454bd85d,0.2838,flag_for_review,"Elevated risk driven by: customer's return history, large discount, home category",0.16,logreg_v1_step2,2026-08-23T06:30:21.573233+00:00
f263197a-0836-4541-97f3-d141e29554f3,cdfac639-c4a1-4655-be5a-2d787e76f71c,0.2345,flag_for_review,"Elevated risk driven by: size-dependent item, large discount, fashion category",0.16,logreg_v1_step2,2026-08-23T06:30:21.573233+00:00
f4f02803-bac4-49d0-aad4-efe0c2927f14,cdfac639-c4a1-4655-be5a-2d787e76f71c,0.2714,flag_for_review,"Elevated risk driven by: size-dependent item, COD payment, fashion category",0.16,logreg_v1_step2,2026-08-23T06:30:21.573233+00:00
786b6d66-948f-4296-a92f-80449f645b46,115b599a-217b-402c-bf2e-d673a28b8b6a,0.0686,auto_approve,"Elevated risk driven by: COD payment, tier3 delivery area",0.16,logreg_v1_step2,2026-08-23T06:30:21.573233+00:00
364db9c4-c7d0-489c-ad2c-1698e3dcba9f,ae9132eb-6eff-473e-998e-0c039ce43cc7,0.1515,auto_approve,"Elevated risk driven by: home category, tier3 delivery area, unusually low order value",0.16,logreg_v1_step2,2026-08-23T06:30:21.573233+00:00
6480073a-eabe-430d-ba7d-4f845937d17b,1a23a683-c22e-476b-84ea-7de5efdd8f6f,0.1776,flag_for_review,"Elevated risk driven by: size-dependent item, customer's return history, fashion category",0.16,logreg_v1_step2,2026-08-23T06:30:21.573233+00:00
74e473b6-0c9f-44c1-8c23-4410074ac271,21f3a00d-b7f7-4e5c-b2c7-c83a760cc691,0.1805,flag_for_review,"Elevated risk driven by: size-dependent item, fashion category, unusually low order value",0.16,logreg_v1_step2,2026-08-23T06:30:21.573233+00:00
c5174265-75cc-4195-ae9c-fb16411da428,2a7ba1e7-d8dd-4177-b84d-93a262f15e96,0.2198,flag_for_review,"Elevated risk driven by: customer's return history, size-dependent item, fashion category",0.16,logreg_v1_step2,2026-08-23T06:30:21.573233+00:00
072a2667-c875-4820-91cf-748da3ed97bc,b3f33ef6-3953-4fa2-b5c0-493473e40312,0.0073,auto_approve,No strong individual risk drivers identified.,0.16,logreg_v1_step2,2026-08-23T06:30:21.573233+00:00
7a1b4e0b-fcdf-4c0b-a470-761edbaf41b7,ec513aca-b3ea-457e-b9fd-46a0fbbd0108,0.0191,auto_approve,"Elevated risk driven by: COD payment, large discount, fashion category",0.16,logreg_v1_step2,2026-08-23T06:30:21.573233+00:00
7610a227-278f-4978-a73b-53ee5b8a3492,e7003096-072a-48a6-8f1e-8ff340a5abf6,0.0935,auto_approve,"Elevated risk driven by: large discount, customer's return history",0.16,logreg_v1_step2,2026-08-23T06:30:21.573233+00:00
f2682394-29e7-499c-87f5-7ae54a21f8a6,7577f5f5-f434-4ba2-be8d-bc819a90aa7d,0.3467,flag_for_review,"Elevated risk driven by: size-dependent item, COD payment, fashion category",0.16,logreg_v1_step2,2026-08-23T06:30:21.573233+00:00
00622b80-b5bd-43d5-8395-c34f0ccc8d3f,d6820024-4c8c-44b8-8098-59f8938ad61c,0.4184,flag_for_review,"Elevated risk driven by: customer's return history, size-dependent item, unusually low order value",0.16,logreg_v1_step2,2026-08-23T06:30:21.573233+00:00
64f2d246-f576-4ba0-a69b-38e245c436ff,ecca868d-9892-4d64-ac00-1d79662da72e,0.4394,flag_for_review,"Elevated risk driven by: no prior return history available, first-time buyer, home category",0.16,logreg_v1_step2,2026-08-23T06:30:21.573233+00:00
29326357-083e-4036-a3ff-e588934ef5cf,6a519818-5d7a-4c29-8335-36ddcbeecc4b,0.1257,auto_approve,"Elevated risk driven by: large discount, unusually low order value, customer's return history",0.16,logreg_v1_step2,2026-08-23T06:30:21.573233+00:00
fd2a5b68-276b-4f4d-b959-c2acae4d3918,1f06f63a-b4b1-4b03-bfcd-0334b93f8852,0.2897,flag_for_review,"Elevated risk driven by: size-dependent item, COD payment, fashion category",0.16,logreg_v1_step2,2026-08-23T06:30:21.573233+00:00
0fb680dd-becb-4fd0-bca1-3c646b4136e1,a08bc761-e2d2-46cc-952a-3d23d15d5fac,0.05,auto_approve,"Elevated risk driven by: tier3 delivery area, unusually low order value, customer's return history",0.16,logreg_v1_step2,2026-08-23T06:30:21.573233+00:00
c1d87f63-2c87-4012-8950-dfa2ca73ac13,6c56ea03-6f25-465a-8841-c114051cab81,0.1123,auto_approve,"Elevated risk driven by: customer's return history, unusually low order value, large discount",0.16,logreg_v1_step2,2026-08-23T06:30:21.573233+00:00
4738888a-9c63-4a78-b5ce-b284c15f8b12,51c62a9a-f387-47be-9870-79041d5914ef,0.0747,auto_approve,"Elevated risk driven by: beauty category, large discount",0.16,logreg_v1_step2,2026-08-23T06:30:21.573233+00:00
d004cf99-4651-458d-898a-d4ceefb95ed6,386639da-c4fb-436b-9ced-e6f3c7021453,0.0652,auto_approve,"Elevated risk driven by: COD payment, unusually low order value, large discount",0.16,logreg_v1_step2,2026-08-23T06:30:21.573233+00:00
dfc4ce22-41f2-4979-80c3-fe3e4c2ae4ac,3d51b281-7585-4d43-aefd-40a803a1bf4f,0.0477,auto_approve,Elevated risk driven by: COD payment,0.16,logreg_v1_step2,2026-08-23T06:30:21.573233+00:00
c2a047d5-d63a-4f19-9145-00eb90e77277,fdebca3c-4db6-45f9-aecf-5b0e2d82bf66,0.1301,auto_approve,"Elevated risk driven by: unusually low order value, beauty category, customer's return history",0.16,logreg_v1_step2,2026-08-23T06:30:21.573233+00:00
0e541464-7b48-4d18-9241-8f3c180edd3c,eeb31956-eff1-4d4c-88b9-4562dc040f82,0.221,flag_for_review,"Elevated risk driven by: size-dependent item, tier3 delivery area, fashion category",0.16,logreg_v1_step2,2026-08-23T06:30:21.573233+00:00
244383c2-ce61-4879-b0bd-f80f11e84b60,a34065c0-8e17-4d75-85a2-be877fdabce0,0.3511,flag_for_review,"Elevated risk driven by: COD payment, large discount, home category",0.16,logreg_v1_step2,2026-08-23T06:30:21.573233+00:00
3933c303-5e5f-48b4-8fb4-6331a2605333,03155ba3-cd3a-4a32-9885-eaa1d5a0f4a0,0.2662,flag_for_review,"Elevated risk driven by: size-dependent item, customer's return history, unusually low order value",0.16,logreg_v1_step2,2026-08-23T06:30:21.573233+00:00
c68db8c7-9a5f-4af0-a87a-78a6b4ee2103,e337d2a3-6032-4e1f-8ce4-a81121aa131e,0.3077,flag_for_review,"Elevated risk driven by: size-dependent item, large discount, unusually low order value",0.16,logreg_v1_step2,2026-08-23T06:30:21.573233+00:00
efa69c11-a405-46cd-9f51-7d4715cfef35,0264a3d8-19e4-4ba6-8fef-821e2f029db1,0.0755,auto_approve,"Elevated risk driven by: unusually low order value, customer's return history",0.16,logreg_v1_step2,2026-08-23T06:30:21.573233+00:00
cf4377ae-1628-4c25-9b6c-0144dad6f944,babfffb7-a46f-4276-be6a-05750fb04212,0.2289,flag_for_review,"Elevated risk driven by: COD payment, home category",0.16,logreg_v1_step2,2026-08-23T06:30:21.573233+00:00
671c846e-3c9f-4e59-a8f3-9c8d2b4aa569,64e412e8-0202-422c-955b-a7485b7b68e3,0.3931,flag_for_review,"Elevated risk driven by: size-dependent item, COD payment, unusually low order value",0.16,logreg_v1_step2,2026-08-23T06:30:21.573233+00:00
b846e1c0-d12a-4f66-b5d0-3d92cba226ed,c098bafa-20a7-4c6c-9fce-d433c8e83be7,0.2081,flag_for_review,"Elevated risk driven by: size-dependent item, large discount, fashion category",0.16,logreg_v1_step2,2026-08-23T06:30:21.573233+00:00
5274fbe1-1269-425d-8a6e-ef19103cba40,a5e935b1-2c69-4267-9bfb-173119adce52,0.0631,auto_approve,Elevated risk driven by: large discount,0.16,logreg_v1_step2,2026-08-23T06:30:21.573233+00:00
14a5c49a-36b1-4901-9ddd-8a351587ed77,31f344da-4c1e-47ec-af4b-557c14d0e8e0,0.2241,flag_for_review,"Elevated risk driven by: customer's return history, fashion category, large discount",0.16,logreg_v1_step2,2026-08-23T06:30:21.573233+00:00
26c65ef4-b7d6-4f06-8b20-17b97086cd67,3ec64305-084b-4dbf-ad10-b6692b139740,0.3959,flag_for_review,"Elevated risk driven by: COD payment, no prior return history available, first-time buyer",0.16,logreg_v1_step2,2026-08-23T06:30:21.573233+00:00
9f836182-c16a-4d3c-840c-cfe258d79a43,a5528de8-ca89-4d92-ab88-fb874b251fe0,0.2461,flag_for_review,"Elevated risk driven by: customer's return history, size-dependent item, fashion category",0.16,logreg_v1_step2,2026-08-23T06:30:21.573233+00:00
fc560a75-bfd7-4daa-bf08-79285ecedff6,fd6cccad-5f4f-45ca-8142-59059b87515b,0.4933,flag_for_review,"Elevated risk driven by: size-dependent item, no prior return history available, first-time buyer",0.16,logreg_v1_step2,2026-08-23T06:30:21.573233+00:00
15302dcc-dda3-4f40-80b5-8de9231cdaeb,ae648879-94d9-43e9-9c34-e6de78357400,0.1941,flag_for_review,"Elevated risk driven by: COD payment, large discount, beauty category",0.16,logreg_v1_step2,2026-08-23T06:30:21.573233+00:00
84b99801-fcb1-41ee-97ce-c79dabb303c4,939f477a-622d-443e-a4ab-1b6fbd126f85,0.1915,flag_for_review,"Elevated risk driven by: customer's return history, tier3 delivery area, beauty category",0.16,logreg_v1_step2,2026-08-23T06:30:21.573233+00:00
23d5c790-07a2-4524-8ea0-a0df4fcd3852,cba1f52f-9905-4405-b96d-4c622c0b248e,0.194,flag_for_review,"Elevated risk driven by: customer's return history, COD payment, beauty category",0.16,logreg_v1_step2,2026-08-23T06:30:21.573233+00:00
500d4e6f-d31d-4da7-b6e6-17a6463781a9,90d4ab83-9a96-4a21-9db9-c0621084e983,0.0128,auto_approve,Elevated risk driven by: COD payment,0.16,logreg_v1_step2,2026-08-23T06:30:21.573233+00:00
e5cbaa6e-6fc6-47ba-9b63-6d48e98a8a6e,def5fd1b-56ba-47f8-b458-eca4da970bc5,0.2401,flag_for_review,"Elevated risk driven by: COD payment, no prior return history available, first-time buyer",0.16,logreg_v1_step2,2026-08-23T06:30:21.573233+00:00
754ed9de-bf8c-4568-9fad-8e5187633bc5,09f0bdb4-9a82-4836-9937-2f88cb2c1621,0.0097,auto_approve,"Elevated risk driven by: COD payment, large discount, customer's return history",0.16,logreg_v1_step2,2026-08-23T06:30:21.573233+00:00
17e3028b-2148-4988-b51a-2f0d61605de2,5a4e456a-7177-438a-a82d-59e0133f3eb9,0.1607,flag_for_review,"Elevated risk driven by: unusually low order value, fashion category, large discount",0.16,logreg_v1_step2,2026-08-23T06:30:21.573233+00:00
c5f28120-0b70-4a14-b585-9e3401625432,551aee57-0df4-4a51-9afa-0babaf28b33a,0.1202,auto_approve,"Elevated risk driven by: size-dependent item, fashion category",0.16,logreg_v1_step2,2026-08-23T06:30:21.573233+00:00
87ec5a0f-454d-449c-a223-3b5ab26f4619,80cef85a-5938-4801-9fa5-9b6c0de0cc08,0.1202,auto_approve,"Elevated risk driven by: unusually low order value, home category",0.16,logreg_v1_step2,2026-08-23T06:30:21.573233+00:00
e0fee604-0db4-4810-a9c0-6a5b36a25eaa,879efc3e-a486-44ac-a9cc-29dca850ccc1,0.0969,auto_approve,"Elevated risk driven by: large discount, home category",0.16,logreg_v1_step2,2026-08-23T06:30:21.573233+00:00
956c855a-3089-4827-975f-293ea896e660,d2951b9d-49eb-4eef-8467-6d832ad3d8ac,0.2141,flag_for_review,"Elevated risk driven by: COD payment, unusually low order value, beauty category",0.16,logreg_v1_step2,2026-08-23T06:30:21.573233+00:00
0cd0bfe7-a3ed-4fc4-99d3-87c5a8041641,fd6cccad-5f4f-45ca-8142-59059b87515b,0.0854,auto_approve,"Elevated risk driven by: COD payment, large discount, customer's order count",0.16,logreg_v1_step2,2026-08-23T06:30:21.573233+00:00
b6e829b2-9370-41e1-9526-c6c3872a1b20,147c1194-efc6-433e-b1e8-3f6c74aa4b79,0.3786,flag_for_review,"Elevated risk driven by: customer's return history, size-dependent item, tier3 delivery area",0.16,logreg_v1_step2,2026-08-23T06:30:21.573233+00:00
b391d88c-70e5-4e05-8bad-4f245b7a3ed5,e46f6f26-c239-4aa1-9c65-1209e9e43c60,0.1718,flag_for_review,"Elevated risk driven by: size-dependent item, unusually low order value, beauty category",0.16,logreg_v1_step2,2026-08-23T06:30:21.573233+00:00
fea4b9c5-e789-41b7-a1c9-c64ae0fac9a7,bdf5e5de-7033-4345-ac37-819738c0e957,0.1244,auto_approve,"Elevated risk driven by: COD payment, unusually low order value, customer's return history",0.16,logreg_v1_step2,2026-08-23T06:30:21.573233+00:00
2964657e-10b7-40b5-a527-a7fbcd290cb2,551aee57-0df4-4a51-9afa-0babaf28b33a,0.2115,flag_for_review,"Elevated risk driven by: size-dependent item, unusually low order value, fashion category",0.16,logreg_v1_step2,2026-08-23T06:30:21.573233+00:00
ae2fcdce-b42a-4e3b-a2a2-48ecb3a25594,eaeed0dd-7e1c-4258-9fdd-9985ad3d359d,0.0797,auto_approve,"Elevated risk driven by: COD payment, customer's return history, tier3 delivery area",0.16,logreg_v1_step2,2026-08-23T06:30:21.573233+00:00
020b43c5-e417-48db-818d-1cc12aa4d8e9,fd6cccad-5f4f-45ca-8142-59059b87515b,0.0955,auto_approve,"Elevated risk driven by: unusually low order value, beauty category, large discount",0.16,logreg_v1_step2,2026-08-23T06:30:21.573233+00:00
6c721a30-cc79-47e7-bdc9-1553e5bc6145,1430da84-3676-4e2f-a20c-58786ed1d466,0.4738,flag_for_review,"Elevated risk driven by: size-dependent item, COD payment, unusually low order value",0.16,logreg_v1_step2,2026-08-23T06:30:21.573233+00:00
81763b11-f4d1-4c54-8002-225743644baf,9e9db8b8-b527-46e0-9e4b-211ffcef38a3,0.1597,auto_approve,"Elevated risk driven by: large discount, size-dependent item, fashion category",0.16,logreg_v1_step2,2026-08-23T06:30:21.573233+00:00
038a3c8a-8e94-45dd-84e4-28cb4dc82a1a,77ca1577-f639-4d21-9261-19447fa58bb0,0.7044,flag_for_review,"Elevated risk driven by: size-dependent item, COD payment, no prior return history available",0.16,logreg_v1_step2,2026-08-23T06:30:21.573233+00:00
41c3ec5c-f51d-4a2f-aca9-6c4268fedee8,fd6cccad-5f4f-45ca-8142-59059b87515b,0.2012,flag_for_review,"Elevated risk driven by: size-dependent item, fashion category, large discount",0.16,logreg_v1_step2,2026-08-23T06:30:21.573233+00:00
450e0577-1a28-455c-840d-1981d4ce5554,82715f5b-0eb8-4809-b878-05fd95a15158,0.3471,flag_for_review,"Elevated risk driven by: COD payment, no prior return history available, first-time buyer",0.16,logreg_v1_step2,2026-08-23T06:30:21.573233+00:00
723b393f-0b7b-40ae-b420-2c168e7acd24,6c56ea03-6f25-465a-8841-c114051cab81,0.0563,auto_approve,"Elevated risk driven by: large discount, customer's return history, unusually low order value",0.16,logreg_v1_step2,2026-08-23T06:30:21.573233+00:00
dce3e11b-06d1-453a-8388-c3bdde824d36,866a73ad-aed0-45a7-8aa9-0f977637a9ea,0.5439,flag_for_review,"Elevated risk driven by: large discount, size-dependent item, COD payment",0.16,logreg_v1_step2,2026-08-23T06:30:21.573233+00:00
2dfe62e4-1d48-4b8f-9cb1-b811bc5fbb2f,afbedcf2-f5d0-441d-8f1d-dff0523a9d8e,0.1468,auto_approve,"Elevated risk driven by: large discount, beauty category, unusually low order value",0.16,logreg_v1_step2,2026-08-23T06:30:21.573233+00:00
dd31cad1-3db9-4ca1-b234-368c7853ff36,61e68552-c2ac-46ab-b349-d5252a071eca,0.0636,auto_approve,"Elevated risk driven by: home category, unusually low order value",0.16,logreg_v1_step2,2026-08-23T06:30:21.573233+00:00
ac348da1-0f7f-43c6-b34d-8e5ed69f7bb4,07a92d2c-8c2e-4fb1-85f3-8f78e6c7b100,0.1337,auto_approve,"Elevated risk driven by: COD payment, customer's return history, unusually low order value",0.16,logreg_v1_step2,2026-08-23T06:30:21.573233+00:00
4db2bab7-4cc0-40e6-bb50-628593dfd3d9,82b5cfde-f550-4737-af56-7ae9f8488101,0.4474,flag_for_review,"Elevated risk driven by: size-dependent item, customer's return history, unusually low order value",0.16,logreg_v1_step2,2026-08-23T06:30:21.573233+00:00
13f340d8-3384-45e5-8d3b-bb1850e4cf3f,937f81a2-0c57-467d-869e-aaae2412816a,0.0505,auto_approve,Elevated risk driven by: fashion category,0.16,logreg_v1_step2,2026-08-23T06:30:21.573233+00:00
af805a37-213b-4310-b8b5-9ec514dc2911,4b9cf822-a66f-42ab-b681-17e3444c7bd2,0.0835,auto_approve,"Elevated risk driven by: large discount, unusually low order value",0.16,logreg_v1_step2,2026-08-23T06:30:21.573233+00:00
8268145b-02c2-4985-b06d-9005a1c8d509,cd41d912-6dd3-48f5-8321-ab579b72c57a,0.1707,flag_for_review,"Elevated risk driven by: size-dependent item, fashion category, unusually low order value",0.16,logreg_v1_step2,2026-08-23T06:30:21.573233+00:00
b19552bd-5d8e-4218-aaf4-26400e968b67,50c93afd-1b89-4f33-8ccb-21eeea3f4048,0.0981,auto_approve,"Elevated risk driven by: unusually low order value, home category",0.16,logreg_v1_step2,2026-08-23T06:30:21.573233+00:00
faf51dbf-798c-4043-9f4e-1672eabf1f0c,412fdcc8-a20c-4ee8-986c-d10d8bf4a971,0.2515,flag_for_review,"Elevated risk driven by: customer's return history, tier3 delivery area, fashion category",0.16,logreg_v1_step2,2026-08-23T06:30:21.573233+00:00
2b99ec57-77e0-4b02-aad8-7374b7ce3cde,9624258c-4f43-4c23-8a52-ae3657722b57,0.0847,auto_approve,"Elevated risk driven by: COD payment, home category, customer's return history",0.16,logreg_v1_step2,2026-08-23T06:30:21.573233+00:00
356004ef-4167-4fd0-bacc-b0c84dd859ef,eaeed0dd-7e1c-4258-9fdd-9985ad3d359d,0.0669,auto_approve,"Elevated risk driven by: no prior return history available, first-time buyer, unusually low order value",0.16,logreg_v1_step2,2026-08-23T06:30:21.573233+00:00
ad61a7a5-9899-4b42-8ea5-ec344a7a6e17,6c361c11-ca46-4858-84ff-ccace7f3ec03,0.1466,auto_approve,"Elevated risk driven by: size-dependent item, fashion category",0.16,logreg_v1_step2,2026-08-23T06:30:21.573233+00:00
47a273a4-1ab8-4c00-b3ac-deed97cff8e0,957f8462-6bb6-488c-8360-f0a6cde9bfec,0.0413,auto_approve,"Elevated risk driven by: tier3 delivery area, fashion category, large discount",0.16,logreg_v1_step2,2026-08-23T06:30:21.573233+00:00
55870eb1-99ee-46c0-845d-2ac4ab000e36,079ccc14-56e1-44f4-b53d-a66ed0eeac29,0.0347,auto_approve,"Elevated risk driven by: customer's return history, unusually low order value",0.16,logreg_v1_step2,2026-08-23T06:30:21.573233+00:00
9af63625-c9f2-4186-abc5-1d6949659268,fdebca3c-4db6-45f9-aecf-5b0e2d82bf66,0.2222,flag_for_review,"Elevated risk driven by: size-dependent item, unusually low order value, fashion category",0.16,logreg_v1_step2,2026-08-23T06:30:21.573233+00:00
6c3bee27-2c6a-49c9-8ceb-455936836289,f199d728-1d9f-4f39-a327-e44d59807a12,0.4001,flag_for_review,"Elevated risk driven by: COD payment, no prior return history available, first-time buyer",0.16,logreg_v1_step2,2026-08-23T06:30:21.573233+00:00
185af27c-60ae-4494-b64d-aedd5467e31f,eeb31956-eff1-4d4c-88b9-4562dc040f82,0.0214,auto_approve,Elevated risk driven by: customer's return history,0.16,logreg_v1_step2,2026-08-23T06:30:21.573233+00:00
16c5f8f7-8149-448a-a732-397dded5afcb,55d5bc4c-7c8a-442f-b65c-64ab85db7d38,0.0141,auto_approve,Elevated risk driven by: customer's return history,0.16,logreg_v1_step2,2026-08-23T06:30:21.573233+00:00
f0fd8b38-da74-4ceb-862d-8d37fe7ddcbf,e5a6b7a7-ed88-4924-9865-37d2498eaca8,0.2692,flag_for_review,"Elevated risk driven by: customer's return history, COD payment, home category",0.16,logreg_v1_step2,2026-08-23T06:30:21.573233+00:00
e1f3dcc0-baea-48fe-b962-61f647d07e33,82715f5b-0eb8-4809-b878-05fd95a15158,0.0658,auto_approve,"Elevated risk driven by: size-dependent item, tier3 delivery area, fashion category",0.16,logreg_v1_step2,2026-08-23T06:30:21.573233+00:00
f9ce9849-4c48-4e29-9313-ff92c0d8fe18,b6da0c58-e09f-4c64-b488-90dde3c22bf1,0.4101,flag_for_review,"Elevated risk driven by: size-dependent item, no prior return history available, first-time buyer",0.16,logreg_v1_step2,2026-08-23T06:30:21.573233+00:00
864e952b-4d4e-49c9-b727-35bc6d28512b,bcdeb425-8e18-4df0-9d56-77acc6d259f7,0.4544,flag_for_review,"Elevated risk driven by: large discount, size-dependent item, unusually low order value",0.16,logreg_v1_step2,2026-08-23T06:30:21.573233+00:00
02c6bb90-176a-4bf8-ad43-c1315e09eac2,b15097c2-354a-48aa-8b88-0fc27a70d24f,0.1012,auto_approve,"Elevated risk driven by: COD payment, customer's return history",0.16,logreg_v1_step2,2026-08-23T06:30:21.573233+00:00
7b8a4d23-fe18-4138-9808-5c582fb8c32c,02a9477e-48f9-41c5-b992-a167ea1cd57a,0.1694,flag_for_review,"Elevated risk driven by: large discount, COD payment, unusually low order value",0.16,logreg_v1_step2,2026-08-23T06:30:21.573233+00:00
a103098e-1d73-4555-87d5-9171f908047c,5bd37516-98d0-490b-9db9-3095bf8dde2c,0.3307,flag_for_review,"Elevated risk driven by: no prior return history available, first-time buyer, unusually low order value",0.16,logreg_v1_step2,2026-08-23T06:30:21.573233+00:00
2282478b-bfcf-45cc-baad-6fa10491d923,115b599a-217b-402c-bf2e-d673a28b8b6a,0.1002,auto_approve,Elevated risk driven by: beauty category,0.16,logreg_v1_step2,2026-08-23T06:30:21.573233+00:00
b53c5adc-6d61-4c0b-9db4-fc77acb00eb2,06fa83b8-abe4-4d16-bee5-b47d755da75c,0.0971,auto_approve,"Elevated risk driven by: home category, unusually low order value",0.16,logreg_v1_step2,2026-08-23T06:30:21.573233+00:00
f74fd014-a7cc-4722-8137-c62e40ba57e6,2fc6afa7-2705-415e-9700-b4f6cc268053,0.0923,auto_approve,"Elevated risk driven by: unusually low order value, beauty category",0.16,logreg_v1_step2,2026-08-23T06:30:21.573233+00:00
ba9632bc-b572-4bd1-801d-572383273e02,09f0bdb4-9a82-4836-9937-2f88cb2c1621,0.1756,flag_for_review,"Elevated risk driven by: size-dependent item, fashion category, customer's return history",0.16,logreg_v1_step2,2026-08-23T06:30:21.573233+00:00
8d5dd561-7cc6-439e-9534-e6dc8ec7d843,eb671c1e-81f6-496c-b68d-49ea47acde37,0.0408,auto_approve,Elevated risk driven by: unusually low order value,0.16,logreg_v1_step2,2026-08-23T06:30:21.573233+00:00
8d7528c9-edf1-4eb9-ae10-5a91ef868a55,04b89a3b-d082-4664-972e-b40c6268b46d,0.1017,auto_approve,"Elevated risk driven by: unusually low order value, beauty category, customer's return history",0.16,logreg_v1_step2,2026-08-23T06:30:21.573233+00:00
7db06cb2-9e18-4f73-b6a5-a1d11996a313,c4b063a5-b106-4a12-9500-549faae0252c,0.3184,flag_for_review,"Elevated risk driven by: COD payment, no prior return history available, first-time buyer",0.16,logreg_v1_step2,2026-08-23T06:30:21.573233+00:00
9419636b-192f-4b9f-be42-6485522977da,bf7f0824-6b4a-4876-bd2d-6e222b836214,0.3704,flag_for_review,"Elevated risk driven by: size-dependent item, no prior return history available, first-time buyer",0.16,logreg_v1_step2,2026-08-23T06:30:21.573233+00:00
ff9117e6-6f58-4cda-b287-364d0b86e166,37407cb6-5b5f-4c6d-8d6f-fd7473362bdb,0.3103,flag_for_review,"Elevated risk driven by: large discount, COD payment, unusually low order value",0.16,logreg_v1_step2,2026-08-23T06:30:21.573233+00:00
521ed5f5-5e25-4342-a2ed-0daaa60f0910,8e026cd5-66a9-4e6d-a84e-003050b8f814,0.059,auto_approve,"Elevated risk driven by: COD payment, unusually low order value",0.16,logreg_v1_step2,2026-08-23T06:30:21.573233+00:00
1c1dae63-e309-4a69-ae43-af341eebbd39,67991ec5-6540-4afc-8700-1e97c8b7427e,0.0631,auto_approve,"Elevated risk driven by: beauty category, unusually low order value",0.16,logreg_v1_step2,2026-08-23T06:30:21.573233+00:00
7b610079-121b-4f27-8839-7aa0c1ace375,fd446eac-86af-48be-bbee-f95080c59e82,0.1045,auto_approve,"Elevated risk driven by: customer's return history, COD payment",0.16,logreg_v1_step2,2026-08-23T06:30:21.573233+00:00
42efc272-3463-45c0-bf0b-8e9946ec494a,3bf94f31-a69a-4672-af18-93b6ddcad665,0.4937,flag_for_review,"Elevated risk driven by: customer's return history, size-dependent item, unusually low order value",0.16,logreg_v1_step2,2026-08-23T06:30:21.573233+00:00
2497b84b-dd8b-4a54-8291-726c37d6ccc7,3f888151-69ed-4006-b5f2-68afced6201b,0.3296,flag_for_review,"Elevated risk driven by: size-dependent item, COD payment, unusually low order value",0.16,logreg_v1_step2,2026-08-23T06:30:21.573233+00:00
8a29a38a-54d9-4d52-96dd-5c668a4c7fa4,4cd5aebd-9645-4916-a283-2a50de156e5d,0.1957,flag_for_review,"Elevated risk driven by: size-dependent item, unusually low order value, fashion category",0.16,logreg_v1_step2,2026-08-23T06:30:21.573233+00:00
ec479088-22ae-4573-b280-df077ab50a12,844e1cc6-38c0-44c1-8fb0-2171c4ac07a9,0.2599,flag_for_review,"Elevated risk driven by: size-dependent item, COD payment, fashion category",0.16,logreg_v1_step2,2026-08-23T06:30:21.573233+00:00
d4306ef0-9ec9-4947-a1d3-f88a095c293d,36d6b08a-5436-4a2f-83c2-120975d4be7f,0.3697,flag_for_review,"Elevated risk driven by: size-dependent item, COD payment, tier3 delivery area",0.16,logreg_v1_step2,2026-08-23T06:30:21.573233+00:00
8c707733-6133-4ba1-9a84-db6cfbd64b82,d68bbbc3-6511-4b4d-b898-eb8a9a3435c0,0.0985,auto_approve,"Elevated risk driven by: home category, unusually low order value",0.16,logreg_v1_step2,2026-08-23T06:30:21.573233+00:00
c729cd9a-368c-4c27-bbef-ae31f6407294,c7c7d746-9375-4232-8ea9-ffb11c594fc0,0.1168,auto_approve,"Elevated risk driven by: no prior return history available, first-time buyer, beauty category",0.16,logreg_v1_step2,2026-08-23T06:30:21.573233+00:00
2b11930f-61d4-45bc-bbb8-fc709bb8ddf5,4bc409c6-b5e2-418c-b091-811f237e5d34,0.1508,auto_approve,"Elevated risk driven by: COD payment, beauty category, unusually low order value",0.16,logreg_v1_step2,2026-08-23T06:30:21.573233+00:00
124ba61f-68e4-42f4-9a11-a0f91c607593,b15097c2-354a-48aa-8b88-0fc27a70d24f,0.2393,flag_for_review,"Elevated risk driven by: size-dependent item, fashion category, unusually low order value",0.16,logreg_v1_step2,2026-08-23T06:30:21.573233+00:00
1c572c48-cde4-4500-94f8-090682d86bd3,a08bc761-e2d2-46cc-952a-3d23d15d5fac,0.3355,flag_for_review,"Elevated risk driven by: size-dependent item, unusually low order value, fashion category",0.16,logreg_v1_step2,2026-08-23T06:30:21.573233+00:00
297a42bd-6ad3-4d3d-b609-3af7a24c43e0,31f344da-4c1e-47ec-af4b-557c14d0e8e0,0.4684,flag_for_review,"Elevated risk driven by: customer's return history, size-dependent item, fashion category",0.16,logreg_v1_step2,2026-08-23T06:30:21.573233+00:00
bcd36d48-3ad7-446b-83b7-f78e7a6fadcc,14d7f0ac-e26c-4a4e-bd97-e0de561457e8,0.1318,auto_approve,"Elevated risk driven by: COD payment, no prior return history available, first-time buyer",0.16,logreg_v1_step2,2026-08-23T06:30:21.573233+00:00
3f6fb7f1-5167-4224-88d0-3cd149eedbcc,f04fffa3-5b04-4da0-9f3b-8a6b87fc1e74,0.3384,flag_for_review,"Elevated risk driven by: size-dependent item, COD payment, fashion category",0.16,logreg_v1_step2,2026-08-23T06:30:21.573233+00:00
5d36ecb9-ee4d-475e-aa6b-b0d8584f55fb,90a7c98b-0565-4330-a335-ddad08538e49,0.0914,auto_approve,"Elevated risk driven by: large discount, unusually low order value",0.16,logreg_v1_step2,2026-08-23T06:30:21.573233+00:00
5a81712e-9ada-4898-b78b-709386a870a9,041cf125-f1c4-4f04-95ec-a4fd5838d35a,0.2093,flag_for_review,"Elevated risk driven by: size-dependent item, customer's return history, fashion category",0.16,logreg_v1_step2,2026-08-23T06:30:21.573233+00:00
60a2b29f-4488-44fc-aa67-0df28f0c74ce,844e1cc6-38c0-44c1-8fb0-2171c4ac07a9,0.0965,auto_approve,"Elevated risk driven by: COD payment, tier3 delivery area",0.16,logreg_v1_step2,2026-08-23T06:30:21.573233+00:00
30afe182-6c58-4808-9f37-710cb1efe084,6c751e7f-201c-457e-9d70-b239e0463208,0.0758,auto_approve,"Elevated risk driven by: customer's return history, unusually low order value, delivery time",0.16,logreg_v1_step2,2026-08-23T06:30:21.573233+00:00
66a55dce-7461-4643-998b-bc7008ca8554,61e68552-c2ac-46ab-b349-d5252a071eca,0.0898,auto_approve,"Elevated risk driven by: unusually low order value, tier3 delivery area, large discount",0.16,logreg_v1_step2,2026-08-23T06:30:21.573233+00:00
c255f0cd-0620-416f-835d-5352d899a7ae,cba1f52f-9905-4405-b96d-4c622c0b248e,0.2452,flag_for_review,"Elevated risk driven by: size-dependent item, COD payment, customer's return history",0.16,logreg_v1_step2,2026-08-23T06:30:21.573233+00:00
ccf77010-f2d9-4397-9511-a58e5d6b0f55,31f344da-4c1e-47ec-af4b-557c14d0e8e0,0.3269,flag_for_review,"Elevated risk driven by: customer's return history, large discount, home category",0.16,logreg_v1_step2,2026-08-23T06:30:21.573233+00:00
abe6a70e-730c-473b-8964-ec732073735f,f6f67e36-a121-4df1-ba73-a6fd9499076a,0.0385,auto_approve,"Elevated risk driven by: large discount, unusually low order value",0.16,logreg_v1_step2,2026-08-23T06:30:21.573233+00:00
71987c8a-c6ea-4375-90a8-9ed46400f618,e46f6f26-c239-4aa1-9c65-1209e9e43c60,0.1838,flag_for_review,"Elevated risk driven by: size-dependent item, fashion category, unusually low order value",0.16,logreg_v1_step2,2026-08-23T06:30:21.573233+00:00
3795e00e-c9e8-4616-86bc-c510512749d9,9624258c-4f43-4c23-8a52-ae3657722b57,0.2031,flag_for_review,"Elevated risk driven by: tier3 delivery area, customer's return history, beauty category",0.16,logreg_v1_step2,2026-08-23T06:30:21.573233+00:00
5089a34b-de51-4ac5-8f34-5f7b6577fac9,e337d2a3-6032-4e1f-8ce4-a81121aa131e,0.1724,flag_for_review,"Elevated risk driven by: COD payment, beauty category, customer's order count",0.16,logreg_v1_step2,2026-08-23T06:30:21.573233+00:00
c0772f37-95c6-474a-bb36-fcbc025e42f2,b3f33ef6-3953-4fa2-b5c0-493473e40312,0.3389,flag_for_review,"Elevated risk driven by: COD payment, unusually low order value, fashion category",0.16,logreg_v1_step2,2026-08-23T06:30:21.573233+00:00
fd1a55bd-fb80-4d41-9b16-e5a34a82e760,0264a3d8-19e4-4ba6-8fef-821e2f029db1,0.2212,flag_for_review,"Elevated risk driven by: home category, customer's return history, tier3 delivery area",0.16,logreg_v1_step2,2026-08-23T06:30:21.573233+00:00
c1dbe74c-8994-4c4f-bbee-da45306859ca,cf09efdd-9b76-468d-becb-ce883bda3a35,0.0728,auto_approve,Elevated risk driven by: customer's return history,0.16,logreg_v1_step2,2026-08-23T06:30:21.573233+00:00
0fe45f18-c328-467d-959f-14ec26a45f03,551aee57-0df4-4a51-9afa-0babaf28b33a,0.1078,auto_approve,"Elevated risk driven by: home category, large discount",0.16,logreg_v1_step2,2026-08-23T06:30:21.573233+00:00
993fa4bb-6191-4272-8447-a91af2f317ba,5f5314c7-cefe-45fd-a710-e0c0948777d5,0.5365,flag_for_review,"Elevated risk driven by: COD payment, no prior return history available, first-time buyer",0.16,logreg_v1_step2,2026-08-23T06:30:21.573233+00:00
387c3455-e952-41b5-a344-d246625ec7f1,a224b59b-2e9c-4e18-a77a-1fda48b5f484,0.4251,flag_for_review,"Elevated risk driven by: size-dependent item, no prior return history available, first-time buyer",0.16,logreg_v1_step2,2026-08-23T06:30:21.573233+00:00
6e0bfb2d-758d-4fc6-938c-65cabbe123b9,b36dde2e-e09b-4224-b113-133cdade54b5,0.4758,flag_for_review,"Elevated risk driven by: size-dependent item, COD payment, unusually low order value",0.16,logreg_v1_step2,2026-08-23T06:30:21.573233+00:00
4005e08d-22b4-448f-92ca-418bce7248ea,6c751e7f-201c-457e-9d70-b239e0463208,0.091,auto_approve,"Elevated risk driven by: large discount, customer's return history, unusually low order value",0.16,logreg_v1_step2,2026-08-23T06:30:21.573233+00:00
3f5e9ec4-a16e-4da4-889f-6db3591a68b6,dafa4cb3-c022-4df8-a53f-f33eccbb2af0,0.3845,flag_for_review,"Elevated risk driven by: size-dependent item, COD payment, fashion category",0.16,logreg_v1_step2,2026-08-23T06:30:21.573233+00:00
4923246b-a998-48cd-a740-99a14848a2e2,f1d5ab3a-6a5b-4232-8206-e8e5e137a27c,0.2101,flag_for_review,"Elevated risk driven by: no prior return history available, first-time buyer, tier3 delivery area",0.16,logreg_v1_step2,2026-08-23T06:30:21.573233+00:00
7c3fe098-c36f-441c-976e-3528752b6701,57c29481-3bfa-4690-879f-2cab6c2fd05a,0.2914,flag_for_review,"Elevated risk driven by: size-dependent item, unusually low order value, tier3 delivery area",0.16,logreg_v1_step2,2026-08-23T06:30:21.573233+00:00
5d78e667-77f7-474c-a187-ea1ca33c6e7e,87699cd8-cca3-418f-9a3e-144a0cbaca68,0.0295,auto_approve,No strong individual risk drivers identified.,0.16,logreg_v1_step2,2026-08-23T06:30:21.573233+00:00
688810a8-ddeb-495f-a7a0-5333f1eb3070,c93c6de8-9490-43c9-a1b4-b58f531b4584,0.059,auto_approve,Elevated risk driven by: home category,0.16,logreg_v1_step2,2026-08-23T06:30:21.573233+00:00
0ac6ce6e-156f-4303-a4e0-52cace8880d6,72cb42d3-62b2-4036-9300-940e8c49efed,0.0705,auto_approve,"Elevated risk driven by: unusually low order value, large discount",0.16,logreg_v1_step2,2026-08-23T06:30:21.573233+00:00
e16972a7-2c45-4478-8223-9e0376e14255,c904ec2c-7f29-484b-be4f-044c07d7f538,0.2217,flag_for_review,"Elevated risk driven by: COD payment, home category, unusually low order value",0.16,logreg_v1_step2,2026-08-23T06:30:21.573233+00:00
68e8fed4-10f3-43bd-bc35-13798346fd75,b2260d18-fffa-4383-9ce1-cdafe986cab2,0.2704,flag_for_review,"Elevated risk driven by: COD payment, customer's return history, beauty category",0.16,logreg_v1_step2,2026-08-23T06:30:21.573233+00:00
dade4669-0288-469b-9683-d53b7f729fd4,dbcfa484-3e27-41f3-a2d5-0bd20054c665,0.2599,flag_for_review,"Elevated risk driven by: COD payment, unusually low order value, home category",0.16,logreg_v1_step2,2026-08-23T06:30:21.573233+00:00
e1cafcb2-9d0d-4dc6-a38d-250394e4c876,61e68552-c2ac-46ab-b349-d5252a071eca,0.0222,auto_approve,"Elevated risk driven by: size-dependent item, beauty category",0.16,logreg_v1_step2,2026-08-23T06:30:21.573233+00:00
77cce043-e8b1-4aa5-bc46-2900ad33da93,ac0ed3da-6d79-4329-959d-5629884008b4,0.219,flag_for_review,"Elevated risk driven by: COD payment, home category, unusually low order value",0.16,logreg_v1_step2,2026-08-23T06:30:21.573233+00:00
81590af3-ec27-4f02-ba12-f65387065415,e74e41e1-1b1e-4e1a-9aad-d93cdf8b9285,0.3905,flag_for_review,"Elevated risk driven by: no prior return history available, first-time buyer, large discount",0.16,logreg_v1_step2,2026-08-23T06:30:21.573233+00:00
9c71030b-2f28-4193-93ea-8e3dc8bb906a,957f8462-6bb6-488c-8360-f0a6cde9bfec,0.1504,auto_approve,"Elevated risk driven by: home category, unusually low order value, large discount",0.16,logreg_v1_step2,2026-08-23T06:30:21.573233+00:00
be284f26-de45-4ee0-ad1d-a73b74d8b661,0d97a473-7744-497c-a705-b50705c3cb43,0.0535,auto_approve,Elevated risk driven by: customer's return history,0.16,logreg_v1_step2,2026-08-23T06:30:21.573233+00:00
530cb5e7-d95e-4078-8869-25de700dab3a,48242df6-6544-46ca-8243-b23028d6d805,0.0544,auto_approve,"Elevated risk driven by: COD payment, unusually low order value",0.16,logreg_v1_step2,2026-08-23T06:30:21.573233+00:00
0df0aa87-64e7-44d1-a040-8df53b5ad61e,1c72fd9b-a412-4c8d-8074-a48984ddf5a0,0.2127,flag_for_review,"Elevated risk driven by: size-dependent item, unusually low order value, tier3 delivery area",0.16,logreg_v1_step2,2026-08-23T06:30:21.573233+00:00
492de7f6-b270-47ed-aa78-60983d9b19f5,655939ad-e641-46e9-b845-a0fdb86630d0,0.1223,auto_approve,"Elevated risk driven by: unusually low order value, customer's return history, fashion category",0.16,logreg_v1_step2,2026-08-23T06:30:21.573233+00:00
e4a95ec0-e14a-4e18-a162-de0a9c82cef9,b0766d31-1a36-4d3f-a85e-96413fb52d53,0.4189,flag_for_review,"Elevated risk driven by: size-dependent item, COD payment, unusually low order value",0.16,logreg_v1_step2,2026-08-23T06:30:21.573233+00:00
1277234e-4424-4334-aee0-2230d07e0c50,87699cd8-cca3-418f-9a3e-144a0cbaca68,0.023,auto_approve,Elevated risk driven by: home category,0.16,logreg_v1_step2,2026-08-23T06:30:21.573233+00:00
ed64abe0-10df-4b9d-9142-838e6407f3b4,19f89160-63b2-481c-a0e9-e6433dfc7007,0.0731,auto_approve,"Elevated risk driven by: customer's return history, unusually low order value",0.16,logreg_v1_step2,2026-08-23T06:30:21.573233+00:00
08583c35-0091-4c9a-b100-363d6f1110e4,bd1084dd-629c-4150-a764-2ccea032f578,0.2718,flag_for_review,"Elevated risk driven by: size-dependent item, COD payment, fashion category",0.16,logreg_v1_step2,2026-08-23T06:30:21.573233+00:00
ea1a2e64-5a65-4d12-ab55-5dc624b880f7,4c19ca15-e9d8-445e-9a4a-ef49bd34d343,0.0907,auto_approve,"Elevated risk driven by: large discount, unusually low order value",0.16,logreg_v1_step2,2026-08-23T06:30:21.573233+00:00
8ef9246e-b249-4fae-b722-c3e62972c0ea,f04fffa3-5b04-4da0-9f3b-8a6b87fc1e74,0.1099,auto_approve,"Elevated risk driven by: home category, unusually low order value",0.16,logreg_v1_step2,2026-08-23T06:30:21.573233+00:00
57de06e3-16f0-4d52-a1be-eb2463b8e1da,e7003096-072a-48a6-8f1e-8ff340a5abf6,0.177,flag_for_review,"Elevated risk driven by: size-dependent item, fashion category, unusually low order value",0.16,logreg_v1_step2,2026-08-23T06:30:21.573233+00:00
cbc2b3d0-0d83-498a-a103-9b3e47071920,8506b021-403c-46b4-ab99-86649962eacc,0.054,auto_approve,Elevated risk driven by: large discount,0.16,logreg_v1_step2,2026-08-23T06:30:21.573233+00:00
c77c4c3a-cb26-4693-875a-cc7896a955f9,98f128ba-5f7a-45ba-b9fd-4d3978030042,0.2389,flag_for_review,"Elevated risk driven by: size-dependent item, large discount, unusually low order value",0.16,logreg_v1_step2,2026-08-23T06:30:21.573233+00:00
75e6efba-059c-46d1-ad65-897148a09f67,1430da84-3676-4e2f-a20c-58786ed1d466,0.3835,flag_for_review,"Elevated risk driven by: size-dependent item, COD payment, customer's return history",0.16,logreg_v1_step2,2026-08-23T06:30:21.573233+00:00
f85ec0a9-7893-4555-a2f2-8b5da2dec917,6c56ea03-6f25-465a-8841-c114051cab81,0.0745,auto_approve,"Elevated risk driven by: large discount, customer's return history, unusually low order value",0.16,logreg_v1_step2,2026-08-23T06:30:21.573233+00:00
164ee635-5dad-4dd3-af91-480b105d62a4,a08bc761-e2d2-46cc-952a-3d23d15d5fac,0.0891,auto_approve,"Elevated risk driven by: large discount, COD payment",0.16,logreg_v1_step2,2026-08-23T06:30:21.573233+00:00
49c01dd2-b4e9-44a4-a6ad-08cfbdeda239,887cd766-18e3-4ea8-a875-45653621258e,0.7502,flag_for_review,"Elevated risk driven by: size-dependent item, COD payment, no prior return history available",0.16,logreg_v1_step2,2026-08-23T06:30:21.573233+00:00
60a4df37-ee0a-4f45-92a3-8fc3d121d468,8072997b-4154-420b-b82c-3e57d37444e3,0.0616,auto_approve,"Elevated risk driven by: unusually low order value, customer's return history",0.16,logreg_v1_step2,2026-08-23T06:30:21.573233+00:00
b65857d1-dac3-4c0f-a2cc-6fd0087b35cd,fcad361d-37b1-48e4-ba15-27f5efd12bd2,0.3353,flag_for_review,"Elevated risk driven by: large discount, size-dependent item, customer's return history",0.16,logreg_v1_step2,2026-08-23T06:30:21.573233+00:00
0cc7ca67-e7d9-4650-ac35-e473f6c39c01,5f5314c7-cefe-45fd-a710-e0c0948777d5,0.2567,flag_for_review,"Elevated risk driven by: COD payment, unusually low order value, home category",0.16,logreg_v1_step2,2026-08-23T06:30:21.573233+00:00
fe301349-50a6-4835-9436-da8d247f2536,76e3ab4e-0d33-4910-81b9-f0f04685b7d6,0.0283,auto_approve,Elevated risk driven by: unusually low order value,0.16,logreg_v1_step2,2026-08-23T06:30:21.573233+00:00
0df2e7a5-8b1f-45ba-ad5e-71bab2f74214,f798ef7e-e2a3-4c54-b902-894eaf540d62,0.2323,flag_for_review,"Elevated risk driven by: size-dependent item, unusually low order value, fashion category",0.16,logreg_v1_step2,2026-08-23T06:30:21.573233+00:00
8532ac36-38be-4803-95ad-2d3dd0e801bb,b6da0c58-e09f-4c64-b488-90dde3c22bf1,0.1549,auto_approve,"Elevated risk driven by: COD payment, home category, large discount",0.16,logreg_v1_step2,2026-08-23T06:30:21.573233+00:00
7408869a-84e0-49eb-b0a8-323a42dfddce,6ee40732-6232-4eb1-8f91-0cda941780d6,0.1093,auto_approve,"Elevated risk driven by: COD payment, large discount, customer's return history",0.16,logreg_v1_step2,2026-08-23T06:30:21.573233+00:00
5a5a26cd-93bf-469b-9d06-2d43cb545655,21644b40-c53f-493e-af3f-29e3483e3d9b,0.1037,auto_approve,"Elevated risk driven by: size-dependent item, fashion category",0.16,logreg_v1_step2,2026-08-23T06:30:21.573233+00:00
73a637e0-36da-40a5-9004-249917256218,896a9142-c32d-4e97-8656-8e4c80bb0c0e,0.0091,auto_approve,No strong individual risk drivers identified.,0.16,logreg_v1_step2,2026-08-23T06:30:21.573233+00:00
378826af-1ba0-4b38-963f-9c3c841c2b2e,f7243914-f259-4b3f-b4da-cc523ff04815,0.3536,flag_for_review,"Elevated risk driven by: large discount, size-dependent item, unusually low order value",0.16,logreg_v1_step2,2026-08-23T06:30:21.573233+00:00
bbac052b-4db6-4d4e-871f-cb16f14611f8,eb3734e7-2db1-4ac4-b236-df094ae1a077,0.4848,flag_for_review,"Elevated risk driven by: large discount, COD payment, no prior return history available",0.16,logreg_v1_step2,2026-08-23T06:30:21.573233+00:00
e317aad9-bd6b-413a-83c9-db9c2577734c,b04a7536-4686-417f-a655-22380d452828,0.1831,flag_for_review,"Elevated risk driven by: size-dependent item, unusually low order value, fashion category",0.16,logreg_v1_step2,2026-08-23T06:30:21.573233+00:00
fe80a235-a045-41db-b002-e61ba4562cc5,4a210397-e8f5-48f0-9b24-1863f194f342,0.3636,flag_for_review,"Elevated risk driven by: customer's return history, large discount, home category",0.16,logreg_v1_step2,2026-08-23T06:30:21.573233+00:00
f04e4961-57d3-4b9b-b452-ce0ea40a4dd8,9e9db8b8-b527-46e0-9e4b-211ffcef38a3,0.1067,auto_approve,"Elevated risk driven by: customer's return history, beauty category, unusually low order value",0.16,logreg_v1_step2,2026-08-23T06:30:21.573233+00:00
35b0edda-20c9-4ed9-b8fa-ab518778fc59,939f477a-622d-443e-a4ab-1b6fbd126f85,0.279,flag_for_review,"Elevated risk driven by: customer's return history, COD payment, fashion category",0.16,logreg_v1_step2,2026-08-23T06:30:21.573233+00:00
7e6c06ca-d36f-4eb5-8042-09131b306cd3,6691be4b-2f05-471e-880b-641b361f736f,0.3054,flag_for_review,"Elevated risk driven by: size-dependent item, fashion category, unusually low order value",0.16,logreg_v1_step2,2026-08-23T06:30:21.573233+00:00
1457048d-0c62-4fbe-bb65-49d22c06820d,ef114af5-d327-4f43-b130-12fc88eb3ef9,0.1225,auto_approve,"Elevated risk driven by: tier3 delivery area, unusually low order value, customer's return history",0.16,logreg_v1_step2,2026-08-23T06:30:21.573233+00:00
540d631d-741e-420e-bb2d-3ab24aa9c4d8,a8c6166f-038a-4ae7-b54d-f52288d81a93,0.063,auto_approve,Elevated risk driven by: large discount,0.16,logreg_v1_step2,2026-08-23T06:30:21.573233+00:00
06b20e9f-cdb4-4de2-a47c-746be29efb0b,d684615e-b5d2-4dff-856f-f7aa94f57139,0.0476,auto_approve,"Elevated risk driven by: large discount, unusually low order value, customer's return history",0.16,logreg_v1_step2,2026-08-23T06:30:21.573233+00:00
ebba6b1c-0bd1-4d21-a347-81579112061f,dcd75ca6-e384-4d4a-a240-2cf7f4192ed6,0.1463,auto_approve,"Elevated risk driven by: COD payment, home category, unusually low order value",0.16,logreg_v1_step2,2026-08-23T06:30:21.573233+00:00
62a8dd73-1c43-4833-9801-36a16229d770,4c3650cb-e088-4c11-a624-1102a42ebe08,0.3285,flag_for_review,"Elevated risk driven by: size-dependent item, COD payment, fashion category",0.16,logreg_v1_step2,2026-08-23T06:30:21.573233+00:00
56a51388-6965-4aa8-848b-938c578c6634,c82ff35e-d4c0-40e3-8dbc-ce7b5a246eb2,0.0935,auto_approve,"Elevated risk driven by: home category, unusually low order value, customer's return history",0.16,logreg_v1_step2,2026-08-23T06:30:21.573233+00:00
63924aab-f059-49ef-a524-842c7170226a,115b599a-217b-402c-bf2e-d673a28b8b6a,0.4796,flag_for_review,"Elevated risk driven by: size-dependent item, COD payment, large discount",0.16,logreg_v1_step2,2026-08-23T06:30:21.573233+00:00
8c3963cb-7835-45f2-9a7a-c1bc52f8bc18,b2260d18-fffa-4383-9ce1-cdafe986cab2,0.0821,auto_approve,"Elevated risk driven by: COD payment, customer's return history, unusually low order value",0.16,logreg_v1_step2,2026-08-23T06:30:21.573233+00:00
dc13998e-65c4-4b7b-8a76-f6085c5c5739,6c56ea03-6f25-465a-8841-c114051cab81,0.0586,auto_approve,"Elevated risk driven by: unusually low order value, large discount",0.16,logreg_v1_step2,2026-08-23T06:30:21.573233+00:00
bcdb6bfd-d099-4afc-b998-76f91d1723c9,023b9e7c-1296-4744-8d72-4287487c387a,0.057,auto_approve,Elevated risk driven by: home category,0.16,logreg_v1_step2,2026-08-23T06:30:21.573233+00:00
6c7186cf-0c96-415b-804f-b09631408c07,74a60004-5880-40d4-977a-6eec71073670,0.3098,flag_for_review,"Elevated risk driven by: size-dependent item, customer's return history, unusually low order value",0.16,logreg_v1_step2,2026-08-23T06:30:21.573233+00:00
624a11d1-63b5-4bf9-9d97-205d917843a7,50dc3803-1af4-4a0a-8917-ca0e73db20ad,0.0319,auto_approve,No strong individual risk drivers identified.,0.16,logreg_v1_step2,2026-08-23T06:30:21.573233+00:00
fd6ee559-c5ae-475b-8b09-47f2ab0adee5,8072997b-4154-420b-b82c-3e57d37444e3,0.3032,flag_for_review,"Elevated risk driven by: no prior return history available, first-time buyer, large discount",0.16,logreg_v1_step2,2026-08-23T06:30:21.573233+00:00
c69421a6-720f-40d6-a44c-bdbf5485cb08,e0be4c42-c5d2-46e6-98a3-f57143c81929,0.0371,auto_approve,"Elevated risk driven by: large discount, unusually low order value",0.16,logreg_v1_step2,2026-08-23T06:30:21.573233+00:00
7acbb89a-bb1a-45d2-9a7d-3ec2a3903755,ec513aca-b3ea-457e-b9fd-46a0fbbd0108,0.292,flag_for_review,"Elevated risk driven by: COD payment, tier3 delivery area, beauty category",0.16,logreg_v1_step2,2026-08-23T06:30:21.573233+00:00
a7ad8e43-e27d-487d-a58d-390fc2855440,ae9132eb-6eff-473e-998e-0c039ce43cc7,0.0219,auto_approve,No strong individual risk drivers identified.,0.16,logreg_v1_step2,2026-08-23T06:30:21.573233+00:00
e31dedd8-bb34-4f92-acdc-63355153bc17,3661a905-c2f5-441f-8a96-b261c579bc9c,0.2461,flag_for_review,"Elevated risk driven by: size-dependent item, customer's return history, fashion category",0.16,logreg_v1_step2,2026-08-23T06:30:21.573233+00:00
a279d916-1b1a-4a94-aceb-c63748cbea10,1f06f63a-b4b1-4b03-bfcd-0334b93f8852,0.0242,auto_approve,Elevated risk driven by: home category,0.16,logreg_v1_step2,2026-08-23T06:30:21.573233+00:00
e974f596-22e8-46e4-8f84-800f0235c2c3,7577f5f5-f434-4ba2-be8d-bc819a90aa7d,0.3021,flag_for_review,"Elevated risk driven by: size-dependent item, unusually low order value, tier3 delivery area",0.16,logreg_v1_step2,2026-08-23T06:30:21.573233+00:00
a6915b63-40db-4b7e-8d0f-cd1788d2db4d,866a73ad-aed0-45a7-8aa9-0f977637a9ea,0.1967,flag_for_review,"Elevated risk driven by: COD payment, unusually low order value, beauty category",0.16,logreg_v1_step2,2026-08-23T06:30:21.573233+00:00
55cb0b4c-4a4d-4576-869d-abefa4f175d4,54179b75-2c75-4ee9-90ff-b2d3cf2eeccf,0.1983,flag_for_review,"Elevated risk driven by: no prior return history available, first-time buyer, home category",0.16,logreg_v1_step2,2026-08-23T06:30:21.573233+00:00
aaa61251-2398-4860-a248-002007220dc4,530bbe2d-ad3a-48f9-bc50-6461db39ef79,0.3657,flag_for_review,"Elevated risk driven by: customer's return history, COD payment, unusually low order value",0.16,logreg_v1_step2,2026-08-23T06:30:21.573233+00:00
267190e3-b6bb-4fc8-a398-d3e2e5b2b56f,f04fffa3-5b04-4da0-9f3b-8a6b87fc1e74,0.1105,auto_approve,"Elevated risk driven by: beauty category, customer's return history, unusually low order value",0.16,logreg_v1_step2,2026-08-23T06:30:21.573233+00:00
c9737b42-f8e8-4945-9283-fde51cd74ac3,921630a5-4228-4ca0-bb9f-b2ff9f27a03d,0.2869,flag_for_review,"Elevated risk driven by: size-dependent item, unusually low order value, fashion category",0.16,logreg_v1_step2,2026-08-23T06:30:21.573233+00:00
077372f1-2842-428a-9a1d-85823dc9fe7e,bd1084dd-629c-4150-a764-2ccea032f578,0.0569,auto_approve,"Elevated risk driven by: large discount, unusually low order value",0.16,logreg_v1_step2,2026-08-23T06:30:21.573233+00:00
41196d47-563b-40b7-979a-e1ffffe6ca7f,fa6a8767-7e2a-4113-bdf9-a05ed044b7d7,0.3284,flag_for_review,"Elevated risk driven by: size-dependent item, large discount, tier3 delivery area",0.16,logreg_v1_step2,2026-08-23T06:30:21.573233+00:00
423b072c-2d84-4f4c-9c12-128224bac0cb,c098bafa-20a7-4c6c-9fce-d433c8e83be7,0.2439,flag_for_review,"Elevated risk driven by: size-dependent item, unusually low order value, fashion category",0.16,logreg_v1_step2,2026-08-23T06:30:21.573233+00:00
d170ad6a-fa80-4076-8be2-a8f5c701e4f1,f04fffa3-5b04-4da0-9f3b-8a6b87fc1e74,0.2672,flag_for_review,"Elevated risk driven by: size-dependent item, tier3 delivery area, fashion category",0.16,logreg_v1_step2,2026-08-23T06:30:21.573233+00:00
76784d60-ddd1-4cb0-afc4-017a9b2e4c35,bcb984b1-9b6a-4ffd-b13b-a1e84be1d9a9,0.0398,auto_approve,"Elevated risk driven by: customer's return history, unusually low order value",0.16,logreg_v1_step2,2026-08-23T06:30:21.573233+00:00
d71b2aab-bfc8-4f52-a519-d1157d0f33f2,dcd75ca6-e384-4d4a-a240-2cf7f4192ed6,0.0356,auto_approve,Elevated risk driven by: fashion category,0.16,logreg_v1_step2,2026-08-23T06:30:21.573233+00:00
7275dd62-4642-4a68-8034-b6bdeacfe2f5,c374153f-8010-41bf-a4e6-86be1a997f05,0.0592,auto_approve,"Elevated risk driven by: beauty category, customer's return history",0.16,logreg_v1_step2,2026-08-23T06:30:21.573233+00:00
ac22b266-265e-498f-a266-16f5cd9f534d,264713e0-0ea7-4880-9795-f6f977d4d71c,0.0382,auto_approve,No strong individual risk drivers identified.,0.16,logreg_v1_step2,2026-08-23T06:30:21.573233+00:00
5def01cb-e968-4d39-b763-1ad2ae8c2542,f04fffa3-5b04-4da0-9f3b-8a6b87fc1e74,0.146,auto_approve,"Elevated risk driven by: home category, unusually low order value, customer's return history",0.16,logreg_v1_step2,2026-08-23T06:30:21.573233+00:00
0b0ef38e-360c-4dc3-a393-32233c9fb68f,8779fb27-f743-4810-ab5b-061f3407a98f,0.0377,auto_approve,No strong individual risk drivers identified.,0.16,logreg_v1_step2,2026-08-23T06:30:21.573233+00:00
39f1d482-fe9a-44e4-9698-73bd79dc9d17,f74f5f38-4a81-4aea-bf60-656090b1e510,0.121,auto_approve,"Elevated risk driven by: size-dependent item, fashion category, customer's return history",0.16,logreg_v1_step2,2026-08-23T06:30:21.573233+00:00
171c4d9f-ae57-4288-b707-2cda18743358,b2260d18-fffa-4383-9ce1-cdafe986cab2,0.2912,flag_for_review,"Elevated risk driven by: COD payment, customer's return history, unusually low order value",0.16,logreg_v1_step2,2026-08-23T06:30:21.573233+00:00
71bb6fed-3930-4b43-8cd2-acd2ee1a0e3c,c3667960-275a-45b2-a2fb-3c154cf68002,0.2564,flag_for_review,"Elevated risk driven by: COD payment, customer's return history, unusually low order value",0.16,logreg_v1_step2,2026-08-23T06:30:21.573233+00:00
744df67e-9729-4731-ad6e-a47f622bc14b,13fe080b-d69d-443e-a712-766c682faa59,0.1486,auto_approve,"Elevated risk driven by: customer's return history, home category",0.16,logreg_v1_step2,2026-08-23T06:30:21.573233+00:00
537ca1f0-4f02-4876-bae9-36f1ab0ede6b,f1922c32-2521-4e63-8787-5b9056553ff0,0.1485,auto_approve,"Elevated risk driven by: no prior return history available, first-time buyer, unusually low order value",0.16,logreg_v1_step2,2026-08-23T06:30:21.573233+00:00
6a91b5b1-013d-4ead-ba2a-e4a3b1186ef3,617c2dac-ff86-4a50-b68a-9e92a81ce5c4,0.2339,flag_for_review,"Elevated risk driven by: size-dependent item, fashion category, unusually low order value",0.16,logreg_v1_step2,2026-08-23T06:30:21.573233+00:00
2a9fd0a7-b355-49a2-a457-9694b6814e40,937f81a2-0c57-467d-869e-aaae2412816a,0.3115,flag_for_review,"Elevated risk driven by: COD payment, fashion category, unusually low order value",0.16,logreg_v1_step2,2026-08-23T06:30:21.573233+00:00
48338223-61cc-46de-8348-cc88b9b9761b,b66a45c1-7406-4950-a677-2ee579e724f2,0.1193,auto_approve,"Elevated risk driven by: customer's return history, fashion category, unusually low order value",0.16,logreg_v1_step2,2026-08-23T06:30:21.573233+00:00
25dc8c19-68ab-41eb-98c8-6c7ff32559ab,82715f5b-0eb8-4809-b878-05fd95a15158,0.3113,flag_for_review,"Elevated risk driven by: size-dependent item, COD payment, unusually low order value",0.16,logreg_v1_step2,2026-08-23T06:30:21.573233+00:00
b73ae049-32a2-41e5-8488-b53f95fb786b,cf09efdd-9b76-468d-becb-ce883bda3a35,0.065,auto_approve,"Elevated risk driven by: fashion category, unusually low order value",0.16,logreg_v1_step2,2026-08-23T06:30:21.573233+00:00
77a6a155-d7f1-4bc0-bd1d-81f3af83625d,ad87b3e3-8b3e-438e-8994-51127b85c296,0.1428,auto_approve,"Elevated risk driven by: home category, unusually low order value, tier3 delivery area",0.16,logreg_v1_step2,2026-08-23T06:30:21.573233+00:00
070e2b30-ad7c-4a9c-9f3d-15a33a06206b,f04fffa3-5b04-4da0-9f3b-8a6b87fc1e74,0.0974,auto_approve,"Elevated risk driven by: customer's return history, large discount, unusually low order value",0.16,logreg_v1_step2,2026-08-23T06:30:21.573233+00:00
4fb45ebb-3a4f-4470-b245-41f81908757e,3f175ef7-cb46-404c-ae55-2d22b3544172,0.3351,flag_for_review,"Elevated risk driven by: size-dependent item, large discount, tier3 delivery area",0.16,logreg_v1_step2,2026-08-23T06:30:21.573233+00:00
0779538e-a7f6-4965-afd9-e9408a14124f,ab402b2b-f644-4050-9b7a-256960a2b70d,0.0612,auto_approve,Elevated risk driven by: fashion category,0.16,logreg_v1_step2,2026-08-23T06:30:21.573233+00:00
0a2c6f94-b510-41f1-99ed-f4110e955b19,31f53599-3fbf-4d54-b360-4ebd731496d0,0.2431,flag_for_review,"Elevated risk driven by: size-dependent item, unusually low order value, fashion category",0.16,logreg_v1_step2,2026-08-23T06:30:21.573233+00:00
46e7a713-a740-4382-a84f-3c87016792fa,72cb42d3-62b2-4036-9300-940e8c49efed,0.1309,auto_approve,"Elevated risk driven by: size-dependent item, fashion category, large discount",0.16,logreg_v1_step2,2026-08-23T06:30:21.573233+00:00
1b0d5451-f55c-4845-b09f-97f0328b91f0,02a9477e-48f9-41c5-b992-a167ea1cd57a,0.1845,flag_for_review,"Elevated risk driven by: unusually low order value, home category, large discount",0.16,logreg_v1_step2,2026-08-23T06:30:21.573233+00:00
b9243ca9-a3d1-4c29-b2aa-0a7bc1b4696e,4c19ca15-e9d8-445e-9a4a-ef49bd34d343,0.2263,flag_for_review,"Elevated risk driven by: size-dependent item, fashion category, large discount",0.16,logreg_v1_step2,2026-08-23T06:30:21.573233+00:00
3b54a8f0-026c-4f8c-88ee-bf8d88247c1a,eb671c1e-81f6-496c-b68d-49ea47acde37,0.5259,flag_for_review,"Elevated risk driven by: size-dependent item, COD payment, unusually low order value",0.16,logreg_v1_step2,2026-08-23T06:30:21.573233+00:00
ae1b84d9-c950-4a5e-b048-0f4bb111b728,3f175ef7-cb46-404c-ae55-2d22b3544172,0.209,flag_for_review,"Elevated risk driven by: COD payment, home category, unusually low order value",0.16,logreg_v1_step2,2026-08-23T06:30:21.573233+00:00
968875ae-7522-4601-8e1d-a6f2c79386e3,eb671c1e-81f6-496c-b68d-49ea47acde37,0.1042,auto_approve,"Elevated risk driven by: COD payment, unusually low order value",0.16,logreg_v1_step2,2026-08-23T06:30:21.573233+00:00
a7d5e6e1-eb9c-425f-944a-846308ee08ed,e337d2a3-6032-4e1f-8ce4-a81121aa131e,0.2672,flag_for_review,"Elevated risk driven by: COD payment, home category, tier3 delivery area",0.16,logreg_v1_step2,2026-08-23T06:30:21.573233+00:00
fcbab4a3-a3c2-45f1-9491-c9ea28cdef9c,8a7bf34d-9d61-4999-8d1b-d6f21ee9140e,0.3189,flag_for_review,"Elevated risk driven by: COD payment, tier3 delivery area, customer's return history",0.16,logreg_v1_step2,2026-08-23T06:30:21.573233+00:00
cce00f20-3254-498d-be9d-0af6f6413cef,73a298d3-d463-4abb-8029-d3de23df5627,0.0693,auto_approve,"Elevated risk driven by: home category, tier3 delivery area, customer's return history",0.16,logreg_v1_step2,2026-08-23T06:30:21.573233+00:00
b94115a2-8bee-4d54-bc9c-790ba0b2df07,47cb53b5-07a8-4133-916b-09b281c51f88,0.3992,flag_for_review,"Elevated risk driven by: COD payment, customer's return history, tier3 delivery area",0.16,logreg_v1_step2,2026-08-23T06:30:21.573233+00:00
c5259bd4-6142-40db-bb3b-3ebcb7432571,7d8ad8e7-c1a0-4266-8d87-cac7c06a3728,0.3315,flag_for_review,"Elevated risk driven by: COD payment, no prior return history available, first-time buyer",0.16,logreg_v1_step2,2026-08-23T06:30:21.573233+00:00
5198e0bd-3670-4e04-bc99-b45e8ea85fca,13305eb5-fa9e-4ad0-82e5-51bd1825bb0e,0.1599,auto_approve,"Elevated risk driven by: no prior return history available, first-time buyer, unusually low order value",0.16,logreg_v1_step2,2026-08-23T06:30:21.573233+00:00
a50a7b49-a05a-4b14-a61e-f9ff7106943d,e5a6b7a7-ed88-4924-9865-37d2498eaca8,0.8383,flag_for_review,"Elevated risk driven by: size-dependent item, large discount, COD payment",0.16,logreg_v1_step2,2026-08-23T06:30:21.573233+00:00
33a611b2-e9ce-487a-9fb1-889dd441d912,1db38876-5057-4dcc-8f89-d7e790129fe8,0.0899,auto_approve,"Elevated risk driven by: tier3 delivery area, customer's return history, unusually low order value",0.16,logreg_v1_step2,2026-08-23T06:30:21.573233+00:00
40c67a9a-8833-4edf-ad30-9afbc638a535,f798ef7e-e2a3-4c54-b902-894eaf540d62,0.1931,flag_for_review,"Elevated risk driven by: size-dependent item, fashion category, unusually low order value",0.16,logreg_v1_step2,2026-08-23T06:30:21.573233+00:00
1a621d38-3dc9-457e-a30c-21d05f405b0f,b732b9b1-5184-4f45-af4d-630b007d8b56,0.0404,auto_approve,Elevated risk driven by: customer's return history,0.16,logreg_v1_step2,2026-08-23T06:30:21.573233+00:00
ee91213c-13e7-40a6-8f04-afb6cfcd6ec2,4c19ca15-e9d8-445e-9a4a-ef49bd34d343,0.0185,auto_approve,"Elevated risk driven by: COD payment, large discount",0.16,logreg_v1_step2,2026-08-23T06:30:21.573233+00:00
5dc226aa-96d4-42af-9d5c-b85b44b30f42,2022f5c1-083c-4c40-93e7-f3bf5ca21797,0.3008,flag_for_review,"Elevated risk driven by: large discount, COD payment, beauty category",0.16,logreg_v1_step2,2026-08-23T06:30:21.573233+00:00
75d1d4d6-92bc-4242-ace4-116432555fa1,3b79a3c2-0050-44b1-b160-fa6030908748,0.0187,auto_approve,Elevated risk driven by: unusually low order value,0.16,logreg_v1_step2,2026-08-23T06:30:21.573233+00:00
5f604127-91b3-4812-92d8-d721002f5c69,fdebca3c-4db6-45f9-aecf-5b0e2d82bf66,0.2925,flag_for_review,"Elevated risk driven by: size-dependent item, COD payment, unusually low order value",0.16,logreg_v1_step2,2026-08-23T06:30:21.573233+00:00
7f2197e2-be86-49e2-82c9-f53fe29f1f38,02a9477e-48f9-41c5-b992-a167ea1cd57a,0.1135,auto_approve,"Elevated risk driven by: home category, unusually low order value, customer's return history",0.16,logreg_v1_step2,2026-08-23T06:30:21.573233+00:00
9dcd49c3-6b38-4c94-af6f-81ca64d5a5ef,e0c7f018-d138-4b2a-8686-c7bc5a512a86,0.0903,auto_approve,"Elevated risk driven by: unusually low order value, fashion category",0.16,logreg_v1_step2,2026-08-23T06:30:21.573233+00:00
c1e49d6d-0dfa-4f8c-8bfd-31e8b8f33d8a,ee1573cf-855f-4d78-94ec-59176830795f,0.336,flag_for_review,"Elevated risk driven by: size-dependent item, COD payment, fashion category",0.16,logreg_v1_step2,2026-08-23T06:30:21.573233+00:00
e3498e92-ad1b-4f9d-a463-378a4d05036e,264713e0-0ea7-4880-9795-f6f977d4d71c,0.1595,auto_approve,"Elevated risk driven by: COD payment, unusually low order value, large discount",0.16,logreg_v1_step2,2026-08-23T06:30:21.573233+00:00
cb484187-4b6d-45b4-88d6-ecbcd82e9ba4,0b3125cc-29c6-4f20-b1ef-8890454bd85d,0.0219,auto_approve,"Elevated risk driven by: customer's return history, unusually low order value",0.16,logreg_v1_step2,2026-08-23T06:30:21.573233+00:00
2999ab1e-2f2b-44f5-b749-7640062b1819,264713e0-0ea7-4880-9795-f6f977d4d71c,0.1773,flag_for_review,"Elevated risk driven by: size-dependent item, unusually low order value, fashion category",0.16,logreg_v1_step2,2026-08-23T06:30:21.573233+00:00
1f2f7d15-952d-4904-8178-ef2570019688,f0c7ab6b-10cb-48c3-9fb0-8bedeaaada61,0.2598,flag_for_review,"Elevated risk driven by: size-dependent item, fashion category, customer's return history",0.16,logreg_v1_step2,2026-08-23T06:30:21.573233+00:00
bc265072-106f-4db1-b2eb-fa4c3d07126f,6206c71c-e9de-45c6-abb4-00ba2310dd86,0.1923,flag_for_review,"Elevated risk driven by: customer's return history, unusually low order value, fashion category",0.16,logreg_v1_step2,2026-08-23T06:30:21.573233+00:00
ffd24a20-508c-4ba6-a5f4-88333c31971e,4c19ca15-e9d8-445e-9a4a-ef49bd34d343,0.3399,flag_for_review,"Elevated risk driven by: size-dependent item, tier3 delivery area, fashion category",0.16,logreg_v1_step2,2026-08-23T06:30:21.573233+00:00
5f17b78b-90b0-4687-8a11-723ef224df38,264713e0-0ea7-4880-9795-f6f977d4d71c,0.0915,auto_approve,"Elevated risk driven by: fashion category, unusually low order value",0.16,logreg_v1_step2,2026-08-23T06:30:21.573233+00:00
9ea72a1c-b21c-4940-8cf2-1f8efdea4ad0,75e92899-6af9-4cbd-9dcd-7b61fcceb409,0.2081,flag_for_review,"Elevated risk driven by: COD payment, home category, unusually low order value",0.16,logreg_v1_step2,2026-08-23T06:30:21.573233+00:00
09bcf75b-3fce-4cbb-a8e6-d9156c602779,1f06f63a-b4b1-4b03-bfcd-0334b93f8852,0.3394,flag_for_review,"Elevated risk driven by: size-dependent item, COD payment, large discount",0.16,logreg_v1_step2,2026-08-23T06:30:21.573233+00:00
e33697f1-7346-456c-9841-9b7db087bad4,1c72fd9b-a412-4c8d-8074-a48984ddf5a0,0.2536,flag_for_review,"Elevated risk driven by: size-dependent item, COD payment, fashion category",0.16,logreg_v1_step2,2026-08-23T06:30:21.573233+00:00
29d2a814-2215-42f7-8c19-ce3a8195b9d1,dbcfa484-3e27-41f3-a2d5-0bd20054c665,0.369,flag_for_review,"Elevated risk driven by: size-dependent item, COD payment, unusually low order value",0.16,logreg_v1_step2,2026-08-23T06:30:21.573233+00:00
1375fe8f-6a9f-4da2-9e33-0c7a4d4990a0,8cabcba8-2b36-4f7e-984b-440baba9ad97,0.092,auto_approve,"Elevated risk driven by: size-dependent item, fashion category, customer's return history",0.16,logreg_v1_step2,2026-08-23T06:30:21.573233+00:00
24cccb87-86fd-40e4-9fe7-00eef3184310,879efc3e-a486-44ac-a9cc-29dca850ccc1,0.027,auto_approve,Elevated risk driven by: unusually low order value,0.16,logreg_v1_step2,2026-08-23T06:30:21.573233+00:00
f39131b0-01be-47f2-b48d-301f2cb974c3,4c19ca15-e9d8-445e-9a4a-ef49bd34d343,0.2219,flag_for_review,"Elevated risk driven by: size-dependent item, fashion category, unusually low order value",0.16,logreg_v1_step2,2026-08-23T06:30:21.573233+00:00
c000991d-5eb0-40ff-9aac-ee4323c1a5da,e5a6b7a7-ed88-4924-9865-37d2498eaca8,0.4075,flag_for_review,"Elevated risk driven by: customer's return history, size-dependent item, large discount",0.16,logreg_v1_step2,2026-08-23T06:30:21.573233+00:00
dd9f5246-d00f-4291-957f-7a76ea0b7e98,cd9d8125-8011-4465-92dd-50bd06de23f3,0.1012,auto_approve,"Elevated risk driven by: COD payment, customer's return history, large discount",0.16,logreg_v1_step2,2026-08-23T06:30:21.573233+00:00
592b2d6a-defa-496a-9c60-b7eb00db00f5,93d11106-41d0-4c5d-ac79-1d9d6f90bcbf,0.0289,auto_approve,No strong individual risk drivers identified.,0.16,logreg_v1_step2,2026-08-23T06:30:21.573233+00:00
23d2e9eb-baec-43c3-a2e1-7c685704cf86,d2951b9d-49eb-4eef-8467-6d832ad3d8ac,0.1453,auto_approve,"Elevated risk driven by: COD payment, unusually low order value, large discount",0.16,logreg_v1_step2,2026-08-23T06:30:21.573233+00:00
9feca57e-90a9-4cee-8c36-863947153090,bbe8e4c6-2da1-471e-b2bd-71328ccd5406,0.153,auto_approve,"Elevated risk driven by: home category, large discount, unusually low order value",0.16,logreg_v1_step2,2026-08-23T06:30:21.573233+00:00
2ab4e656-5978-499a-9d42-9a72b522ae47,eb671c1e-81f6-496c-b68d-49ea47acde37,0.0497,auto_approve,Elevated risk driven by: unusually low order value,0.16,logreg_v1_step2,2026-08-23T06:30:21.573233+00:00
a49a9a8e-b279-4e77-8ec6-be2be27aff66,31ff0d71-1021-4137-a652-0909a72704a8,0.1216,auto_approve,"Elevated risk driven by: unusually low order value, customer's return history, beauty category",0.16,logreg_v1_step2,2026-08-23T06:30:21.573233+00:00
92f9cf93-b28b-4a0a-a68e-0cd0c8f369fd,530bbe2d-ad3a-48f9-bc50-6461db39ef79,0.2795,flag_for_review,"Elevated risk driven by: customer's return history, large discount, unusually low order value",0.16,logreg_v1_step2,2026-08-23T06:30:21.573233+00:00
c1630d67-d855-4f80-89c8-999866703421,7f892973-babf-4935-bab7-187b59d8b023,0.0613,auto_approve,"Elevated risk driven by: large discount, home category",0.16,logreg_v1_step2,2026-08-23T06:30:21.573233+00:00
f465ed4a-5e92-49f4-b1ae-77351658dbe4,a8c6166f-038a-4ae7-b54d-f52288d81a93,0.1734,flag_for_review,"Elevated risk driven by: COD payment, home category, unusually low order value",0.16,logreg_v1_step2,2026-08-23T06:30:21.573233+00:00
37bab4d9-0381-4626-aa86-163b262c5216,2c59936d-caf6-4146-92d2-512fed6fb2a4,0.3182,flag_for_review,"Elevated risk driven by: customer's return history, COD payment, unusually low order value",0.16,logreg_v1_step2,2026-08-23T06:30:21.573233+00:00
95278a36-4ec3-4b04-a2d0-2e6a91ff677e,ade38847-ed43-40bb-86a7-c04000915ee5,0.0735,auto_approve,Elevated risk driven by: tier3 delivery area,0.16,logreg_v1_step2,2026-08-23T06:30:21.573233+00:00
6544e55e-ffad-4072-963a-754ff9c956b7,31f344da-4c1e-47ec-af4b-557c14d0e8e0,0.6988,flag_for_review,"Elevated risk driven by: customer's return history, size-dependent item, COD payment",0.16,logreg_v1_step2,2026-08-23T06:30:21.573233+00:00
4f826199-bbb9-409c-b07a-b2a8ecd9489f,8779fb27-f743-4810-ab5b-061f3407a98f,0.1711,flag_for_review,"Elevated risk driven by: large discount, unusually low order value, tier3 delivery area",0.16,logreg_v1_step2,2026-08-23T06:30:21.573233+00:00
ad41aa78-5957-4f1d-b954-8ac69a135bc7,cdfac639-c4a1-4655-be5a-2d787e76f71c,0.172,flag_for_review,"Elevated risk driven by: size-dependent item, fashion category, unusually low order value",0.16,logreg_v1_step2,2026-08-23T06:30:21.573233+00:00
edef14d9-4287-4b03-accb-7e799e6b9ba2,023b9e7c-1296-4744-8d72-4287487c387a,0.0422,auto_approve,"Elevated risk driven by: customer's return history, unusually low order value, large discount",0.16,logreg_v1_step2,2026-08-23T06:30:21.573233+00:00
e825c644-dd83-4820-8907-b00ad829e5ff,843adac9-4f66-4774-ac0f-6e7c28f43141,0.0509,auto_approve,Elevated risk driven by: large discount,0.16,logreg_v1_step2,2026-08-23T06:30:21.573233+00:00
6f142d9c-5f7a-4537-9686-330efd3b77c9,a09493a3-424f-41ac-98a4-25e441b5984d,0.0372,auto_approve,Elevated risk driven by: customer's return history,0.16,logreg_v1_step2,2026-08-23T06:30:21.573233+00:00
f8662c8c-58b7-41b8-81d4-18097e347841,a08bc761-e2d2-46cc-952a-3d23d15d5fac,0.273,flag_for_review,"Elevated risk driven by: size-dependent item, unusually low order value, fashion category",0.16,logreg_v1_step2,2026-08-23T06:30:21.573233+00:00
0c43a44c-e2a4-4905-89d0-7bfe209e0df0,02a9477e-48f9-41c5-b992-a167ea1cd57a,0.6604,flag_for_review,"Elevated risk driven by: size-dependent item, COD payment, no prior return history available",0.16,logreg_v1_step2,2026-08-23T06:30:21.573233+00:00
38013c80-a467-46ee-8136-a75cd762ffda,1430da84-3676-4e2f-a20c-58786ed1d466,0.1144,auto_approve,"Elevated risk driven by: large discount, COD payment, unusually low order value",0.16,logreg_v1_step2,2026-08-23T06:30:21.573233+00:00
86f84537-391c-4059-b659-9b7c30c38f4f,bdf5e5de-7033-4345-ac37-819738c0e957,0.0428,auto_approve,"Elevated risk driven by: large discount, unusually low order value, customer's order count",0.16,logreg_v1_step2,2026-08-23T06:30:21.573233+00:00
3a114969-0eb8-4ab2-a3e2-8dfeefd680a5,d6820024-4c8c-44b8-8098-59f8938ad61c,0.719,flag_for_review,"Elevated risk driven by: customer's return history, large discount, size-dependent item",0.16,logreg_v1_step2,2026-08-23T06:30:21.573233+00:00
2d8caaad-df5a-4e3a-99c1-6835c2f74c85,afbedcf2-f5d0-441d-8f1d-dff0523a9d8e,0.0504,auto_approve,No strong individual risk drivers identified.,0.16,logreg_v1_step2,2026-08-23T06:30:21.573233+00:00
f90c871b-f727-4519-897d-721e41fa8ff3,09f0bdb4-9a82-4836-9937-2f88cb2c1621,0.3472,flag_for_review,"Elevated risk driven by: size-dependent item, no prior return history available, first-time buyer",0.16,logreg_v1_step2,2026-08-23T06:30:21.573233+00:00
86bd02ce-59cd-44c0-a534-b0ad818edf3a,a1db3b0e-0b50-4d44-8a62-d6848553171b,0.074,auto_approve,"Elevated risk driven by: no prior return history available, first-time buyer, large discount",0.16,logreg_v1_step2,2026-08-23T06:30:21.573233+00:00
38bc73be-776b-423e-bb34-1d03aef50c32,754ee000-0eb3-4857-a2e8-476c39a286c0,0.6579,flag_for_review,"Elevated risk driven by: size-dependent item, COD payment, no prior return history available",0.16,logreg_v1_step2,2026-08-23T06:30:21.573233+00:00
b9b7fa67-d7b3-4ab8-a2b9-db7ba3e13bab,0b3125cc-29c6-4f20-b1ef-8890454bd85d,0.1756,flag_for_review,"Elevated risk driven by: COD payment, customer's return history, beauty category",0.16,logreg_v1_step2,2026-08-23T06:30:21.573233+00:00
cfe926a1-0b38-4e96-afdf-4ac6f45df37c,0b3125cc-29c6-4f20-b1ef-8890454bd85d,0.2021,flag_for_review,"Elevated risk driven by: customer's return history, home category, large discount",0.16,logreg_v1_step2,2026-08-23T06:30:21.573233+00:00
816c4bb2-a412-451e-babc-00e5874bfcbf,4b641fb2-3437-4f0f-9c67-9222d63bef6e,0.0906,auto_approve,"Elevated risk driven by: large discount, customer's return history",0.16,logreg_v1_step2,2026-08-23T06:30:21.573233+00:00
9d324119-a9f7-41a4-b387-f3da0c341972,041e6bc9-db72-4f93-9250-95c5729fd5f6,0.174,flag_for_review,"Elevated risk driven by: COD payment, beauty category, customer's return history",0.16,logreg_v1_step2,2026-08-23T06:30:21.573233+00:00
50a901fc-15cb-4da8-9e2f-83ee8f49c53e,1f06f63a-b4b1-4b03-bfcd-0334b93f8852,0.2122,flag_for_review,"Elevated risk driven by: size-dependent item, unusually low order value, fashion category",0.16,logreg_v1_step2,2026-08-23T06:30:21.573233+00:00
f604b91d-b3dd-4ad9-a35d-b7b3e5eb0754,beb549df-d9cf-44ad-8d90-33d474eb66b0,0.0748,auto_approve,Elevated risk driven by: unusually low order value,0.16,logreg_v1_step2,2026-08-23T06:30:21.573233+00:00
6c522dd7-d158-4260-9a15-42cb4442491a,14fa1e07-e46e-4421-bcc9-efd97fda4448,0.1615,flag_for_review,"Elevated risk driven by: tier3 delivery area, fashion category, large discount",0.16,logreg_v1_step2,2026-08-23T06:30:21.573233+00:00
80b41e4c-d1d1-4f57-a338-032c4b9b36b8,48242df6-6544-46ca-8243-b23028d6d805,0.3107,flag_for_review,"Elevated risk driven by: size-dependent item, COD payment, unusually low order value",0.16,logreg_v1_step2,2026-08-23T06:30:21.573233+00:00
2cf407f0-b34b-4d10-b285-5a0c53824818,0253556d-6afc-4561-bae7-49a51c98b9f7,0.0301,auto_approve,Elevated risk driven by: large discount,0.16,logreg_v1_step2,2026-08-23T06:30:21.573233+00:00
48e4f686-e235-4357-b455-a70fa35f7af3,8e026cd5-66a9-4e6d-a84e-003050b8f814,0.054,auto_approve,"Elevated risk driven by: unusually low order value, large discount",0.16,logreg_v1_step2,2026-08-23T06:30:21.573233+00:00
6e26d0bc-703b-4f8a-b614-e82fc0413e98,88b88e03-c936-4c7f-ba2d-52cf64525090,0.0342,auto_approve,"Elevated risk driven by: home category, tier3 delivery area",0.16,logreg_v1_step2,2026-08-23T06:30:21.573233+00:00
5be6a3d2-40ec-44bf-982d-fd777e7a6aa9,6691be4b-2f05-471e-880b-641b361f736f,0.0402,auto_approve,"Elevated risk driven by: customer's order count, large discount",0.16,logreg_v1_step2,2026-08-23T06:30:21.573233+00:00
73a258e1-1f16-41af-8971-a965e5916020,9cfbe601-0322-4c7f-a8fc-089374a870d3,0.0735,auto_approve,"Elevated risk driven by: unusually low order value, large discount, customer's return history",0.16,logreg_v1_step2,2026-08-23T06:30:21.573233+00:00
db800b96-ff4d-4d9c-a770-3160316f4d60,1d2a539f-b9f5-447b-9a0b-ead55732dce3,0.0728,auto_approve,"Elevated risk driven by: customer's return history, COD payment",0.16,logreg_v1_step2,2026-08-23T06:30:21.573233+00:00
e4471df8-95d3-4c83-9d33-54905b8586c5,c098bafa-20a7-4c6c-9fce-d433c8e83be7,0.2775,flag_for_review,"Elevated risk driven by: size-dependent item, tier3 delivery area, fashion category",0.16,logreg_v1_step2,2026-08-23T06:30:21.573233+00:00
1b58b905-a08d-4e2f-acd7-7a1a1ea8926f,f91b87e4-35a7-481d-96ba-a679feba54f3,0.0984,auto_approve,"Elevated risk driven by: home category, tier3 delivery area, unusually low order value",0.16,logreg_v1_step2,2026-08-23T06:30:21.573233+00:00
fae3c7b8-deba-4ed5-9c0f-ce13d9101e1e,676c4a16-07aa-45fa-8ad1-17b29a2b6de4,0.0587,auto_approve,"Elevated risk driven by: beauty category, customer's return history, large discount",0.16,logreg_v1_step2,2026-08-23T06:30:21.573233+00:00
92696f0a-1348-43db-aec2-5bda56b1e5e7,ec513aca-b3ea-457e-b9fd-46a0fbbd0108,0.179,flag_for_review,"Elevated risk driven by: COD payment, unusually low order value, tier3 delivery area",0.16,logreg_v1_step2,2026-08-23T06:30:21.573233+00:00
c961dea8-35b7-4880-a136-a8cd3ffb5e02,252fa25e-5a02-42f5-a1c4-5b0b9cde0a61,0.0521,auto_approve,"Elevated risk driven by: COD payment, unusually low order value",0.16,logreg_v1_step2,2026-08-23T06:30:21.573233+00:00
8e14957d-bb76-4da3-a692-558fc020400a,77e96371-82ca-416e-af8f-071e169e4282,0.2982,flag_for_review,"Elevated risk driven by: size-dependent item, COD payment, fashion category",0.16,logreg_v1_step2,2026-08-23T06:30:21.573233+00:00
f2d38dfa-f398-4bbf-a15a-3a9edb43a2f4,6691be4b-2f05-471e-880b-641b361f736f,0.2482,flag_for_review,"Elevated risk driven by: size-dependent item, customer's return history, tier3 delivery area",0.16,logreg_v1_step2,2026-08-23T06:30:21.573233+00:00
1fd49a5e-9dc9-47c7-94d9-672c186c0279,36d6b08a-5436-4a2f-83c2-120975d4be7f,0.0568,auto_approve,"Elevated risk driven by: unusually low order value, beauty category",0.16,logreg_v1_step2,2026-08-23T06:30:21.573233+00:00
81791538-07aa-4d67-940d-443b9d4020bc,07a92d2c-8c2e-4fb1-85f3-8f78e6c7b100,0.0279,auto_approve,"Elevated risk driven by: customer's return history, unusually low order value",0.16,logreg_v1_step2,2026-08-23T06:30:21.573233+00:00
0f82739a-1cb4-456f-b9d8-f25c16f92c37,e91e2377-ab20-429c-9819-8e4e857323a6,0.3694,flag_for_review,"Elevated risk driven by: size-dependent item, customer's return history, large discount",0.16,logreg_v1_step2,2026-08-23T06:30:21.573233+00:00
5c5cde34-c4dc-481d-8779-0a164005fffd,c8799b6e-004c-411a-a115-82977ad530a4,0.1378,auto_approve,"Elevated risk driven by: large discount, unusually low order value, customer's return history",0.16,logreg_v1_step2,2026-08-23T06:30:21.573233+00:00
3370aaad-e625-44eb-8013-bd0371cfc4e4,f798ef7e-e2a3-4c54-b902-894eaf540d62,0.0678,auto_approve,"Elevated risk driven by: tier3 delivery area, customer's return history",0.16,logreg_v1_step2,2026-08-23T06:30:21.573233+00:00
ef09c670-c327-46ce-bcbb-29e01c517f31,551aee57-0df4-4a51-9afa-0babaf28b33a,0.3318,flag_for_review,"Elevated risk driven by: size-dependent item, COD payment, unusually low order value",0.16,logreg_v1_step2,2026-08-23T06:30:21.573233+00:00
c5a1150c-6a61-492a-b122-1664646772ee,2c59936d-caf6-4146-92d2-512fed6fb2a4,0.1514,auto_approve,"Elevated risk driven by: customer's return history, COD payment, unusually low order value",0.16,logreg_v1_step2,2026-08-23T06:30:21.573233+00:00
6514866f-312d-49f1-99ab-f3f95e9758ea,1430da84-3676-4e2f-a20c-58786ed1d466,0.0749,auto_approve,"Elevated risk driven by: large discount, beauty category",0.16,logreg_v1_step2,2026-08-23T06:30:21.573233+00:00
31bbabc2-2462-4869-90ff-c7464fc191c1,693e7dd3-5142-469e-9cb3-7ddfc54d5ccb,0.1662,flag_for_review,"Elevated risk driven by: size-dependent item, unusually low order value, fashion category",0.16,logreg_v1_step2,2026-08-23T06:30:21.573233+00:00
8aa335e4-08d7-4982-9d69-3afadd23da54,551aee57-0df4-4a51-9afa-0babaf28b33a,0.2277,flag_for_review,"Elevated risk driven by: COD payment, home category, unusually low order value",0.16,logreg_v1_step2,2026-08-23T06:30:21.573233+00:00
d565ea49-2ee6-414b-a3f5-93ffd10f4754,bd1084dd-629c-4150-a764-2ccea032f578,0.1471,auto_approve,"Elevated risk driven by: COD payment, large discount, customer's return history",0.16,logreg_v1_step2,2026-08-23T06:30:21.573233+00:00
17ae9f2f-3d2c-4600-90aa-db08312e84c9,6691be4b-2f05-471e-880b-641b361f736f,0.1792,flag_for_review,"Elevated risk driven by: size-dependent item, fashion category, unusually low order value",0.16,logreg_v1_step2,2026-08-23T06:30:21.573233+00:00
34721672-76aa-49a4-9d5c-55a22a9a5a3b,b3f33ef6-3953-4fa2-b5c0-493473e40312,0.1194,auto_approve,"Elevated risk driven by: COD payment, large discount",0.16,logreg_v1_step2,2026-08-23T06:30:21.573233+00:00
8cf9639d-327c-45d0-9ebb-d3b42501d562,a5528de8-ca89-4d92-ab88-fb874b251fe0,0.4232,flag_for_review,"Elevated risk driven by: no prior return history available, first-time buyer, home category",0.16,logreg_v1_step2,2026-08-23T06:30:21.573233+00:00
823e7d69-67d7-4078-abd2-dd02e0e96ed9,f60dd379-b761-4abe-a910-2e679a649299,0.5742,flag_for_review,"Elevated risk driven by: customer's return history, size-dependent item, COD payment",0.16,logreg_v1_step2,2026-08-23T06:30:21.573233+00:00
80d39fd3-f89c-413e-815a-61d683078cfc,ae9132eb-6eff-473e-998e-0c039ce43cc7,0.1316,auto_approve,"Elevated risk driven by: unusually low order value, tier3 delivery area, fashion category",0.16,logreg_v1_step2,2026-08-23T06:30:21.573233+00:00
2db111d6-4760-4a9c-9734-99c21d972ae7,2a199d42-4b29-4a69-bdae-61711686d721,0.6173,flag_for_review,"Elevated risk driven by: size-dependent item, customer's return history, COD payment",0.16,logreg_v1_step2,2026-08-23T06:30:21.573233+00:00
b4003630-7703-4077-8d0f-5113f6203d06,14e9a40c-48f4-4b52-8121-a603990cd08e,0.2372,flag_for_review,"Elevated risk driven by: customer's return history, COD payment, beauty category",0.16,logreg_v1_step2,2026-08-23T06:30:21.573233+00:00
2a212dcb-4b55-456d-b50f-9fbf3e1e75c8,f6624986-1488-4db8-994b-6db58a9ef6b8,0.048,auto_approve,"Elevated risk driven by: large discount, beauty category",0.16,logreg_v1_step2,2026-08-23T06:30:21.573233+00:00
ad9b7f11-10a1-4982-8fc2-3e52055b9a59,76e3ab4e-0d33-4910-81b9-f0f04685b7d6,0.0208,auto_approve,"Elevated risk driven by: COD payment, home category, tier3 delivery area",0.16,logreg_v1_step2,2026-08-23T06:30:21.573233+00:00
0ebb1b1e-3d70-4ae7-83aa-0e512c0f5b39,18471c77-61f9-4793-b4da-b432f51981aa,0.4637,flag_for_review,"Elevated risk driven by: size-dependent item, no prior return history available, first-time buyer",0.16,logreg_v1_step2,2026-08-23T06:30:21.573233+00:00
a07908f1-3497-414e-bc50-af52773da970,b3f33ef6-3953-4fa2-b5c0-493473e40312,0.4074,flag_for_review,"Elevated risk driven by: COD payment, large discount, unusually low order value",0.16,logreg_v1_step2,2026-08-23T06:30:21.573233+00:00
25f22b7e-5531-4775-ab10-610e67dd7ad9,ed599b6e-2d8f-4189-929f-bf2dbd05f32d,0.5055,flag_for_review,"Elevated risk driven by: size-dependent item, customer's return history, large discount",0.16,logreg_v1_step2,2026-08-23T06:30:21.573233+00:00
b3a85651-695f-4025-b72c-0e35f9d8d7ff,5a0bd207-df7a-41c3-8a83-1274a9efee90,0.1607,flag_for_review,"Elevated risk driven by: no prior return history available, first-time buyer, tier3 delivery area",0.16,logreg_v1_step2,2026-08-23T06:30:21.573233+00:00
9fdc13ee-d31f-44d9-8871-ad00027fcf32,87699cd8-cca3-418f-9a3e-144a0cbaca68,0.205,flag_for_review,"Elevated risk driven by: size-dependent item, unusually low order value, fashion category",0.16,logreg_v1_step2,2026-08-23T06:30:21.573233+00:00
66c4e2e1-e19c-4ca4-9437-bba421e82631,8c999c97-976e-46cb-af9a-8058b87fe589,0.5584,flag_for_review,"Elevated risk driven by: size-dependent item, COD payment, customer's return history",0.16,logreg_v1_step2,2026-08-23T06:30:21.573233+00:00
f6969f98-8c60-4a4f-abd0-5f3f837d8b2b,efca07b7-801d-4f4d-8fd4-f9471ea25c75,0.0544,auto_approve,"Elevated risk driven by: home category, customer's return history",0.16,logreg_v1_step2,2026-08-23T06:30:21.573233+00:00
a21a203a-c91b-4d5f-8422-0633b92ba96b,03155ba3-cd3a-4a32-9885-eaa1d5a0f4a0,0.2681,flag_for_review,"Elevated risk driven by: size-dependent item, customer's return history, fashion category",0.16,logreg_v1_step2,2026-08-23T06:30:21.573233+00:00
7acc66aa-6068-4817-a02c-a1d842ca2353,3bd11f4d-7dd1-422b-8df9-7dc5cf636fc9,0.0173,auto_approve,"Elevated risk driven by: unusually low order value, customer's return history",0.16,logreg_v1_step2,2026-08-23T06:30:21.573233+00:00
60b5f145-f791-4ffa-96d5-ebae35da844f,5a4e456a-7177-438a-a82d-59e0133f3eb9,0.1075,auto_approve,"Elevated risk driven by: tier3 delivery area, unusually low order value, customer's return history",0.16,logreg_v1_step2,2026-08-23T06:30:21.573233+00:00
f6dbdbf2-64c7-4222-92fd-edc13822ff2b,915abb39-22d8-45e0-a5b6-a6320aeb6892,0.1626,flag_for_review,"Elevated risk driven by: unusually low order value, tier3 delivery area, beauty category",0.16,logreg_v1_step2,2026-08-23T06:30:21.573233+00:00
4f366723-249f-4369-9a24-15b47c512fc7,0d97a473-7744-497c-a705-b50705c3cb43,0.0819,auto_approve,"Elevated risk driven by: customer's return history, unusually low order value",0.16,logreg_v1_step2,2026-08-23T06:30:21.573233+00:00
59ba3e61-312e-458f-9281-ed620b89fc55,d596400c-df68-43d6-b3c8-a83404e74fde,0.1912,flag_for_review,"Elevated risk driven by: no prior return history available, first-time buyer, unusually low order value",0.16,logreg_v1_step2,2026-08-23T06:30:21.573233+00:00
3561bcb3-1086-40a6-b92d-bb5efbd3eaf5,3cee8f97-6a9f-48bd-9130-1eeb62534fd4,0.5394,flag_for_review,"Elevated risk driven by: size-dependent item, COD payment, large discount",0.16,logreg_v1_step2,2026-08-23T06:30:21.573233+00:00
d0e532b6-9631-40de-81f3-abebc073f52c,2022f5c1-083c-4c40-93e7-f3bf5ca21797,0.2752,flag_for_review,"Elevated risk driven by: size-dependent item, unusually low order value, tier3 delivery area",0.16,logreg_v1_step2,2026-08-23T06:30:21.573233+00:00
33ebc58b-c150-4571-acd5-312282b58162,0253556d-6afc-4561-bae7-49a51c98b9f7,0.3125,flag_for_review,"Elevated risk driven by: COD payment, no prior return history available, first-time buyer",0.16,logreg_v1_step2,2026-08-23T06:30:21.573233+00:00
4bfe5589-249d-40e9-9b04-bc4c92920e3a,7f892973-babf-4935-bab7-187b59d8b023,0.0661,auto_approve,Elevated risk driven by: unusually low order value,0.16,logreg_v1_step2,2026-08-23T06:30:21.573233+00:00
9dfc1bc3-6938-46ab-8465-565b09247081,c7c7d746-9375-4232-8ea9-ffb11c594fc0,0.2183,flag_for_review,"Elevated risk driven by: large discount, home category, customer's return history",0.16,logreg_v1_step2,2026-08-23T06:30:21.573233+00:00
fcf2df3a-8b48-44a7-90d8-a5c744acb10f,d2951b9d-49eb-4eef-8467-6d832ad3d8ac,0.0976,auto_approve,"Elevated risk driven by: tier3 delivery area, large discount, unusually low order value",0.16,logreg_v1_step2,2026-08-23T06:30:21.573233+00:00
acdac139-7ed3-472d-b378-28c22e267c65,1a9d1bf7-f220-4fa8-b62f-39a99b4d8401,0.184,flag_for_review,"Elevated risk driven by: unusually low order value, home category, tier3 delivery area",0.16,logreg_v1_step2,2026-08-23T06:30:21.573233+00:00
a858400f-1922-4ce5-b842-3c862049d478,b15097c2-354a-48aa-8b88-0fc27a70d24f,0.1715,flag_for_review,"Elevated risk driven by: large discount, customer's return history, fashion category",0.16,logreg_v1_step2,2026-08-23T06:30:21.573233+00:00
4d2747fb-f9df-4444-b607-a43fb8e77c04,48242df6-6544-46ca-8243-b23028d6d805,0.1294,auto_approve,"Elevated risk driven by: tier3 delivery area, unusually low order value, beauty category",0.16,logreg_v1_step2,2026-08-23T06:30:21.573233+00:00
81a82ea5-515a-4455-aa6c-98c248726727,f1d5ab3a-6a5b-4232-8206-e8e5e137a27c,0.25,flag_for_review,"Elevated risk driven by: size-dependent item, tier3 delivery area, fashion category",0.16,logreg_v1_step2,2026-08-23T06:30:21.573233+00:00
c0ed7525-f8d3-4c56-bac6-21a16ef5367f,76e3ab4e-0d33-4910-81b9-f0f04685b7d6,0.1281,auto_approve,"Elevated risk driven by: COD payment, unusually low order value",0.16,logreg_v1_step2,2026-08-23T06:30:21.573233+00:00
6b7f9c9e-1c75-47a2-a0a2-e195337b4c13,706509ac-1c21-4830-bf5f-7a48ed377c6a,0.3455,flag_for_review,"Elevated risk driven by: size-dependent item, large discount, unusually low order value",0.16,logreg_v1_step2,2026-08-23T06:30:21.573233+00:00
aba39a31-51a5-4c30-9c68-cdabdbcd3fd0,00850f9b-0ccd-4292-aa59-0ccccc2d0338,0.4971,flag_for_review,"Elevated risk driven by: size-dependent item, COD payment, unusually low order value",0.16,logreg_v1_step2,2026-08-23T06:30:21.573233+00:00
46a12740-f53c-4cc3-be96-03aef37e12ed,cd936f58-35c8-41bf-ad8e-018916f872f3,0.1226,auto_approve,"Elevated risk driven by: home category, tier3 delivery area",0.16,logreg_v1_step2,2026-08-23T06:30:21.573233+00:00
8a2b9bc0-4df6-4a71-b914-496c88ef40c3,b23d847d-997a-4928-9b10-f50e4fa93ba9,0.016,auto_approve,No strong individual risk drivers identified.,0.16,logreg_v1_step2,2026-08-23T06:30:21.573233+00:00
c862adbb-fd43-4690-b362-522cc7bc3d99,b3f33ef6-3953-4fa2-b5c0-493473e40312,0.0611,auto_approve,"Elevated risk driven by: fashion category, customer's order count",0.16,logreg_v1_step2,2026-08-23T06:30:21.573233+00:00
de2c9dac-672f-4cd2-99e6-3377d3d3cfb2,939f477a-622d-443e-a4ab-1b6fbd126f85,0.5568,flag_for_review,"Elevated risk driven by: customer's return history, size-dependent item, COD payment",0.16,logreg_v1_step2,2026-08-23T06:30:21.573233+00:00
6d4069a5-4a3a-4eba-b7c5-73a2573ff91d,dcc320e0-51d7-4f5a-b1cf-f774f3ea235f,0.0587,auto_approve,"Elevated risk driven by: unusually low order value, fashion category",0.16,logreg_v1_step2,2026-08-23T06:30:21.573233+00:00
0e6ce1a1-4ce3-4479-bb7c-023f189e0af0,bc67f04f-53a4-43cd-bd06-3381487252ad,0.0296,auto_approve,"Elevated risk driven by: unusually low order value, tier3 delivery area",0.16,logreg_v1_step2,2026-08-23T06:30:21.573233+00:00
09b7ce42-2fd0-4398-8709-4203f79de41f,7f892973-babf-4935-bab7-187b59d8b023,0.1792,flag_for_review,"Elevated risk driven by: large discount, COD payment, home category",0.16,logreg_v1_step2,2026-08-23T06:30:21.573233+00:00
defc0f24-2f43-4ce7-86a3-c447a3a4e610,2b8cf314-838b-4c8f-9920-aa21aa9bc626,0.154,auto_approve,"Elevated risk driven by: COD payment, no prior return history available, first-time buyer",0.16,logreg_v1_step2,2026-08-23T06:30:21.573233+00:00
a4747e5e-8190-4c34-b7bc-ea37654aac86,098b5a6e-c876-43e4-824f-138cbaa1bdf9,0.2802,flag_for_review,"Elevated risk driven by: COD payment, customer's return history, tier3 delivery area",0.16,logreg_v1_step2,2026-08-23T06:30:21.573233+00:00
f4cb21dc-6a36-490d-8050-ddb8ac054b94,f5a00a85-69d4-4447-ac89-bf235b61e876,0.2512,flag_for_review,"Elevated risk driven by: large discount, unusually low order value, home category",0.16,logreg_v1_step2,2026-08-23T06:30:21.573233+00:00
1146fbfa-13c1-43bf-87b2-c091a3e7a570,47cb53b5-07a8-4133-916b-09b281c51f88,0.5595,flag_for_review,"Elevated risk driven by: large discount, size-dependent item, COD payment",0.16,logreg_v1_step2,2026-08-23T06:30:21.573233+00:00
18e0ab81-ffc4-4b07-842f-36b684c421f8,f60dd379-b761-4abe-a910-2e679a649299,0.3964,flag_for_review,"Elevated risk driven by: customer's return history, size-dependent item, unusually low order value",0.16,logreg_v1_step2,2026-08-23T06:30:21.573233+00:00
5a24ba75-2d8b-4e9b-a0be-76b997db1d2d,fee7a85f-cf25-4349-b927-7a6f87b1bd3f,0.3724,flag_for_review,"Elevated risk driven by: size-dependent item, unusually low order value, customer's return history",0.16,logreg_v1_step2,2026-08-23T06:30:21.573233+00:00
9a4cf094-103c-40ec-97b9-c4bfa7298eab,61e68552-c2ac-46ab-b349-d5252a071eca,0.0397,auto_approve,Elevated risk driven by: COD payment,0.16,logreg_v1_step2,2026-08-23T06:30:21.573233+00:00
dec7bb98-add5-41fa-b686-5cb9f435aa80,fcad361d-37b1-48e4-ba15-27f5efd12bd2,0.2793,flag_for_review,"Elevated risk driven by: size-dependent item, unusually low order value, fashion category",0.16,logreg_v1_step2,2026-08-23T06:30:21.573233+00:00
f89eabb2-8bfd-4aa6-9be2-ed2eebd505a6,0b3125cc-29c6-4f20-b1ef-8890454bd85d,0.4098,flag_for_review,"Elevated risk driven by: customer's return history, COD payment, large discount",0.16,logreg_v1_step2,2026-08-23T06:30:21.573233+00:00
44a0cbbb-1e0d-4c50-97cf-f52b1a896911,f7243914-f259-4b3f-b4da-cc523ff04815,0.0537,auto_approve,"Elevated risk driven by: beauty category, large discount",0.16,logreg_v1_step2,2026-08-23T06:30:21.573233+00:00
5a16cd3c-8572-4936-a503-68c61ec28b00,31ff0d71-1021-4137-a652-0909a72704a8,0.3053,flag_for_review,"Elevated risk driven by: COD payment, home category, customer's return history",0.16,logreg_v1_step2,2026-08-23T06:30:21.573233+00:00
b14a59d4-051e-4dc6-8f3b-cbc64df1b96f,f87f5cec-4cc7-4356-8a1b-5e82f142a0e0,0.1401,auto_approve,"Elevated risk driven by: size-dependent item, fashion category, unusually low order value",0.16,logreg_v1_step2,2026-08-23T06:30:21.573233+00:00
82ed6708-6fa7-4eeb-b27c-33f54d5f82ab,0264a3d8-19e4-4ba6-8fef-821e2f029db1,0.3166,flag_for_review,"Elevated risk driven by: size-dependent item, COD payment, fashion category",0.16,logreg_v1_step2,2026-08-23T06:30:21.573233+00:00
ecd0b908-f6ce-4c92-b81b-950f007afcef,80cef85a-5938-4801-9fa5-9b6c0de0cc08,0.4376,flag_for_review,"Elevated risk driven by: size-dependent item, COD payment, tier3 delivery area",0.16,logreg_v1_step2,2026-08-23T06:30:21.573233+00:00
ef91fade-e1f3-4775-a74c-6105511ab425,6be20650-9d13-43ba-ade1-06dea58a61fb,0.7367,flag_for_review,"Elevated risk driven by: size-dependent item, COD payment, no prior return history available",0.16,logreg_v1_step2,2026-08-23T06:30:21.573233+00:00
afeebaed-58d9-4a33-b8fe-0c482ed5191d,ea2ea2e1-ad32-4fa1-9907-dc30c57262e0,0.3448,flag_for_review,"Elevated risk driven by: COD payment, unusually low order value, tier3 delivery area",0.16,logreg_v1_step2,2026-08-23T06:30:21.573233+00:00
bb2879cd-d16e-41e8-a255-b8f28af32f32,bdf5e5de-7033-4345-ac37-819738c0e957,0.0534,auto_approve,Elevated risk driven by: customer's return history,0.16,logreg_v1_step2,2026-08-23T06:30:21.573233+00:00
c9249bce-ed68-4204-a804-caf0eb04bf6a,0b5160a5-9c4f-4c68-ada5-de1d857e1d81,0.0626,auto_approve,"Elevated risk driven by: unusually low order value, beauty category",0.16,logreg_v1_step2,2026-08-23T06:30:21.573233+00:00
7764e940-712f-4c91-a24b-d4a127d438cb,09f0bdb4-9a82-4836-9937-2f88cb2c1621,0.2683,flag_for_review,"Elevated risk driven by: size-dependent item, customer's return history, fashion category",0.16,logreg_v1_step2,2026-08-23T06:30:21.573233+00:00
1e264e27-0c4b-46fe-b754-406a1d556aeb,412fdcc8-a20c-4ee8-986c-d10d8bf4a971,0.1018,auto_approve,"Elevated risk driven by: customer's return history, COD payment, unusually low order value",0.16,logreg_v1_step2,2026-08-23T06:30:21.573233+00:00
0a435c0a-93fd-4e28-9d58-d8e785f30ebc,a5e935b1-2c69-4267-9bfb-173119adce52,0.0401,auto_approve,Elevated risk driven by: unusually low order value,0.16,logreg_v1_step2,2026-08-23T06:30:21.573233+00:00
fb645e87-6320-4976-8011-3993d643148a,57c29481-3bfa-4690-879f-2cab6c2fd05a,0.1778,flag_for_review,"Elevated risk driven by: size-dependent item, unusually low order value, fashion category",0.16,logreg_v1_step2,2026-08-23T06:30:21.573233+00:00
7256fb94-a430-4590-a017-b08c9775ac6a,54179b75-2c75-4ee9-90ff-b2d3cf2eeccf,0.446,flag_for_review,"Elevated risk driven by: size-dependent item, COD payment, unusually low order value",0.16,logreg_v1_step2,2026-08-23T06:30:21.573233+00:00
4e95b356-420f-4966-b7ac-8d7668e9278a,57c29481-3bfa-4690-879f-2cab6c2fd05a,0.0627,auto_approve,"Elevated risk driven by: large discount, home category",0.16,logreg_v1_step2,2026-08-23T06:30:21.573233+00:00
9b8c764c-ba6e-43a4-ae26-0fbf916d43df,42062672-9628-4767-b3c7-ce07bbe65e82,0.1536,auto_approve,"Elevated risk driven by: customer's return history, beauty category, unusually low order value",0.16,logreg_v1_step2,2026-08-23T06:30:21.573233+00:00
88d8b3e8-808a-4291-8272-2300bc9c0a2f,ab402b2b-f644-4050-9b7a-256960a2b70d,0.1888,flag_for_review,"Elevated risk driven by: COD payment, tier3 delivery area, large discount",0.16,logreg_v1_step2,2026-08-23T06:30:21.573233+00:00
e9a2c959-3a5c-4558-a7e1-ca9ff110aa8c,bb778b4a-ece2-4020-98e9-868dac23ca5f,0.1348,auto_approve,"Elevated risk driven by: large discount, customer's return history, unusually low order value",0.16,logreg_v1_step2,2026-08-23T06:30:21.573233+00:00
d9b85555-1382-4c8a-9909-f9b26ee55050,530bbe2d-ad3a-48f9-bc50-6461db39ef79,0.2545,flag_for_review,"Elevated risk driven by: COD payment, customer's return history, home category",0.16,logreg_v1_step2,2026-08-23T06:30:21.573233+00:00
aa2f1626-d05e-42ce-a11f-0fada058d33d,eeb31956-eff1-4d4c-88b9-4562dc040f82,0.1109,auto_approve,"Elevated risk driven by: home category, unusually low order value, customer's return history",0.16,logreg_v1_step2,2026-08-23T06:30:21.573233+00:00
dee21725-6993-4440-a8c0-736048fbddff,e214ab93-bb11-4ddf-84f4-87f79b34191a,0.0326,auto_approve,"Elevated risk driven by: size-dependent item, large discount, tier3 delivery area",0.16,logreg_v1_step2,2026-08-23T06:30:21.573233+00:00
85ae6c54-f35e-485a-a74f-9ee43d42745b,dafa4cb3-c022-4df8-a53f-f33eccbb2af0,0.0755,auto_approve,"Elevated risk driven by: beauty category, large discount",0.16,logreg_v1_step2,2026-08-23T06:30:21.573233+00:00
1bb808e8-910f-4619-a4f3-4e0f0de3ea31,4c248823-59d7-4228-82e1-f62431e7bd8d,0.175,flag_for_review,"Elevated risk driven by: no prior return history available, first-time buyer, tier3 delivery area",0.16,logreg_v1_step2,2026-08-23T06:30:21.573233+00:00
d0c2fead-140c-4c59-9871-47b9a2fe74c2,eeb31956-eff1-4d4c-88b9-4562dc040f82,0.0822,auto_approve,"Elevated risk driven by: customer's return history, tier3 delivery area, large discount",0.16,logreg_v1_step2,2026-08-23T06:30:21.573233+00:00
8479b0ea-3635-4a3c-b01c-76369dc8a496,39f3723f-a6bf-4451-b25e-25894281a272,0.5635,flag_for_review,"Elevated risk driven by: large discount, COD payment, no prior return history available",0.16,logreg_v1_step2,2026-08-23T06:30:21.573233+00:00
552f08c3-2bdc-41ac-a2f3-fc2434a22ee8,097d0365-0675-4666-b7c8-994ae68ef3f8,0.2081,flag_for_review,"Elevated risk driven by: no prior return history available, first-time buyer, unusually low order value",0.16,logreg_v1_step2,2026-08-23T06:30:21.573233+00:00
021a5f37-4680-4a36-b5c4-276ead5b9bc8,ec513aca-b3ea-457e-b9fd-46a0fbbd0108,0.1941,flag_for_review,"Elevated risk driven by: size-dependent item, COD payment, fashion category",0.16,logreg_v1_step2,2026-08-23T06:30:21.573233+00:00
fc03ea17-b4e3-41d2-b2c4-f7b20170a596,b62d8ee5-64d8-45e2-95a1-1770fbb6732e,0.3081,flag_for_review,"Elevated risk driven by: large discount, no prior return history available, first-time buyer",0.16,logreg_v1_step2,2026-08-23T06:30:21.573233+00:00
24415e18-1f43-4795-b5ef-a287a6a4003c,1e8c36c2-6ec2-42d0-bed2-1a1c361dd692,0.2049,flag_for_review,"Elevated risk driven by: COD payment, home category",0.16,logreg_v1_step2,2026-08-23T06:30:21.573233+00:00
45567e8c-5569-407e-b050-fa36bc30a46d,2e69e260-0ee4-43cf-9c88-a409981081c6,0.0364,auto_approve,"Elevated risk driven by: home category, customer's return history",0.16,logreg_v1_step2,2026-08-23T06:30:21.573233+00:00
71b9e87a-a6a3-4967-b2df-68e87eff18ec,4b9cf822-a66f-42ab-b681-17e3444c7bd2,0.357,flag_for_review,"Elevated risk driven by: COD payment, no prior return history available, first-time buyer",0.16,logreg_v1_step2,2026-08-23T06:30:21.573233+00:00
d5bb550f-3fa7-47a0-a654-fbd141a64974,fcad361d-37b1-48e4-ba15-27f5efd12bd2,0.4007,flag_for_review,"Elevated risk driven by: large discount, size-dependent item, unusually low order value",0.16,logreg_v1_step2,2026-08-23T06:30:21.573233+00:00
cc0e43e3-5976-4aa6-ae55-404b60cd63ae,fd6cccad-5f4f-45ca-8142-59059b87515b,0.1548,auto_approve,"Elevated risk driven by: large discount, fashion category, unusually low order value",0.16,logreg_v1_step2,2026-08-23T06:30:21.573233+00:00
221c0cd9-0d88-4b25-a5da-254c1cd25f75,8ae9ad9a-0d8c-4d23-b771-81f50780d7b2,0.5316,flag_for_review,"Elevated risk driven by: COD payment, no prior return history available, first-time buyer",0.16,logreg_v1_step2,2026-08-23T06:30:21.573233+00:00
c190b48e-7ba9-4a56-aba2-d2d6167c10e7,fd281fbb-79c1-45b3-9e12-038f990994d1,0.1479,auto_approve,"Elevated risk driven by: size-dependent item, COD payment, fashion category",0.16,logreg_v1_step2,2026-08-23T06:30:21.573233+00:00
af90566f-dd9e-45d0-b824-c4aebf6d47c0,f798ef7e-e2a3-4c54-b902-894eaf540d62,0.2089,flag_for_review,"Elevated risk driven by: size-dependent item, unusually low order value, fashion category",0.16,logreg_v1_step2,2026-08-23T06:30:21.573233+00:00
496b8dd4-edbc-4b49-8ad4-7bb090a82108,d0180517-a118-4de4-8496-9566b882b94f,0.1339,auto_approve,"Elevated risk driven by: COD payment, unusually low order value, home category",0.16,logreg_v1_step2,2026-08-23T06:30:21.573233+00:00
4aca9647-14a9-4cd1-b5f7-a856e96a9253,f848c5e1-5ffe-40cf-b466-1518512036bc,0.1145,auto_approve,"Elevated risk driven by: large discount, fashion category, unusually low order value",0.16,logreg_v1_step2,2026-08-23T06:30:21.573233+00:00
86f691e8-8eb5-4324-8bc0-1f9293b2867c,cdfac639-c4a1-4655-be5a-2d787e76f71c,0.0245,auto_approve,Elevated risk driven by: large discount,0.16,logreg_v1_step2,2026-08-23T06:30:21.573233+00:00
6aa3d373-c2a2-4c04-9c0b-7b15689518c5,ec513aca-b3ea-457e-b9fd-46a0fbbd0108,0.1291,auto_approve,"Elevated risk driven by: large discount, home category",0.16,logreg_v1_step2,2026-08-23T06:30:21.573233+00:00
52b1f694-e150-4797-a7a7-27edf217fa55,bbe8e4c6-2da1-471e-b2bd-71328ccd5406,0.0336,auto_approve,"Elevated risk driven by: unusually low order value, customer's return history",0.16,logreg_v1_step2,2026-08-23T06:30:21.573233+00:00
ff44d95c-5b38-4d9f-845d-7fdf1f632b60,0b5160a5-9c4f-4c68-ada5-de1d857e1d81,0.0324,auto_approve,Elevated risk driven by: large discount,0.16,logreg_v1_step2,2026-08-23T06:30:21.573233+00:00
0bd65085-7a13-467e-b948-f63123df191b,ade38847-ed43-40bb-86a7-c04000915ee5,0.0151,auto_approve,No strong individual risk drivers identified.,0.16,logreg_v1_step2,2026-08-23T06:30:21.573233+00:00
62abe210-2102-4cd1-bf9e-703ced48d6fc,bdf5e5de-7033-4345-ac37-819738c0e957,0.0508,auto_approve,"Elevated risk driven by: beauty category, customer's order count",0.16,logreg_v1_step2,2026-08-23T06:30:21.573233+00:00
8d4ba88c-4165-4dae-b3d7-4a3de62026fc,b3f33ef6-3953-4fa2-b5c0-493473e40312,0.3143,flag_for_review,"Elevated risk driven by: size-dependent item, large discount, fashion category",0.16,logreg_v1_step2,2026-08-23T06:30:21.573233+00:00
d50d48c1-a790-4681-9355-d4ca99c98e64,b48b45a4-753f-4ba5-b83c-ddf1c5e444e1,0.0303,auto_approve,Elevated risk driven by: customer's return history,0.16,logreg_v1_step2,2026-08-23T06:30:21.573233+00:00
b9f10624-f771-4f0d-b4b5-c031776b6bd9,e681d0bc-7b6a-4813-b507-16b033d8251d,0.1221,auto_approve,"Elevated risk driven by: home category, unusually low order value, customer's return history",0.16,logreg_v1_step2,2026-08-23T06:30:21.573233+00:00
f74bd1c9-ae65-4d9e-86e9-d3f0bf934407,52ad5451-dae5-4029-8a8a-756096ddf041,0.5395,flag_for_review,"Elevated risk driven by: size-dependent item, no prior return history available, first-time buyer",0.16,logreg_v1_step2,2026-08-23T06:30:21.573233+00:00
5d72afde-c4c8-4e11-a7de-6ebb45f6fbff,596a2ed8-7fa7-437c-a817-737187b97b87,0.2344,flag_for_review,"Elevated risk driven by: no prior return history available, first-time buyer, home category",0.16,logreg_v1_step2,2026-08-23T06:30:21.573233+00:00
39073e35-6b96-468a-b513-3292f9a0c61c,d68bbbc3-6511-4b4d-b898-eb8a9a3435c0,0.3124,flag_for_review,"Elevated risk driven by: size-dependent item, unusually low order value, tier3 delivery area",0.16,logreg_v1_step2,2026-08-23T06:30:21.573233+00:00
3cbc9992-0907-42ca-b50c-2252038c7179,21929a7c-df34-4e43-ac5e-3ecf09093300,0.073,auto_approve,"Elevated risk driven by: fashion category, unusually low order value",0.16,logreg_v1_step2,2026-08-23T06:30:21.573233+00:00
ef00d552-0015-42ce-87c4-25f66d0107d3,9b953703-f2f8-4d8c-8268-2a1ea047d3a4,0.2837,flag_for_review,"Elevated risk driven by: size-dependent item, no prior return history available, first-time buyer",0.16,logreg_v1_step2,2026-08-23T06:30:21.573233+00:00
e4262088-0060-4550-9773-09f6a866a26c,f03be7b6-589c-4dfc-a5f8-c0f89d4406ff,0.1145,auto_approve,"Elevated risk driven by: home category, tier3 delivery area, unusually low order value",0.16,logreg_v1_step2,2026-08-23T06:30:21.573233+00:00
eed34131-99bd-4d61-88e5-fc3b8c58d2e1,bdaa8e74-a01e-4e28-adc3-15d63480b37e,0.1067,auto_approve,"Elevated risk driven by: home category, unusually low order value, large discount",0.16,logreg_v1_step2,2026-08-23T06:30:21.573233+00:00
9aa9f873-2206-4fd4-a3f0-d6a8e6a008b1,90a7c98b-0565-4330-a335-ddad08538e49,0.1484,auto_approve,"Elevated risk driven by: unusually low order value, home category, tier3 delivery area",0.16,logreg_v1_step2,2026-08-23T06:30:21.573233+00:00
bf4bf0a6-3471-4f27-ac3a-94c41060c9a2,19f89160-63b2-481c-a0e9-e6433dfc7007,0.133,auto_approve,"Elevated risk driven by: fashion category, customer's return history",0.16,logreg_v1_step2,2026-08-23T06:30:21.573233+00:00
2e2ac1bd-5f1b-4aeb-a635-711c51f428d5,c4b063a5-b106-4a12-9500-549faae0252c,0.2782,flag_for_review,"Elevated risk driven by: size-dependent item, COD payment, fashion category",0.16,logreg_v1_step2,2026-08-23T06:30:21.573233+00:00
176d12e3-2099-44f1-ab3a-5ea491d6ce8e,bd1084dd-629c-4150-a764-2ccea032f578,0.1424,auto_approve,"Elevated risk driven by: large discount, home category, unusually low order value",0.16,logreg_v1_step2,2026-08-23T06:30:21.573233+00:00
e00fbac0-99a0-49cf-bb85-689c86843b7a,36d6b08a-5436-4a2f-83c2-120975d4be7f,0.014,auto_approve,Elevated risk driven by: unusually low order value,0.16,logreg_v1_step2,2026-08-23T06:30:21.573233+00:00
5070ba77-0e29-41a8-869c-20b6203e81be,f7243914-f259-4b3f-b4da-cc523ff04815,0.0197,auto_approve,Elevated risk driven by: customer's return history,0.16,logreg_v1_step2,2026-08-23T06:30:21.573233+00:00
f4e17fc1-fea1-4c33-8fe9-19a7fe42e437,ed599b6e-2d8f-4189-929f-bf2dbd05f32d,0.0923,auto_approve,"Elevated risk driven by: customer's return history, COD payment, unusually low order value",0.16,logreg_v1_step2,2026-08-23T06:30:21.573233+00:00
784bfb58-c182-4238-85db-62c2b4272999,ae9132eb-6eff-473e-998e-0c039ce43cc7,0.0293,auto_approve,No strong individual risk drivers identified.,0.16,logreg_v1_step2,2026-08-23T06:30:21.573233+00:00
e61bca20-c76b-49da-9fd1-b4f6d199a938,f87f5cec-4cc7-4356-8a1b-5e82f142a0e0,0.0946,auto_approve,Elevated risk driven by: home category,0.16,logreg_v1_step2,2026-08-23T06:30:21.573233+00:00
03f33bf6-4611-4e52-8573-edb41286db4c,f6f67e36-a121-4df1-ba73-a6fd9499076a,0.1709,flag_for_review,"Elevated risk driven by: no prior return history available, first-time buyer, unusually low order value",0.16,logreg_v1_step2,2026-08-23T06:30:21.573233+00:00
0bf94c01-6807-47ed-9c20-149907ae225f,041e6bc9-db72-4f93-9250-95c5729fd5f6,0.0914,auto_approve,"Elevated risk driven by: unusually low order value, beauty category",0.16,logreg_v1_step2,2026-08-23T06:30:21.573233+00:00
71e1f9f7-0154-4061-9f68-eb9eadc42889,e214ab93-bb11-4ddf-84f4-87f79b34191a,0.1066,auto_approve,"Elevated risk driven by: large discount, customer's return history, unusually low order value",0.16,logreg_v1_step2,2026-08-23T06:30:21.573233+00:00
9fafbedb-13ff-4fa6-85be-5da2e50d2e51,efd501c7-a124-47a4-8bf7-1698e1fbd0f0,0.4276,flag_for_review,"Elevated risk driven by: size-dependent item, COD payment, no prior return history available",0.16,logreg_v1_step2,2026-08-23T06:30:21.573233+00:00
1b08d400-569d-487e-bae7-fd2dd9c6307d,5ad68583-bead-4d6b-b9fc-d6f884ad61f0,0.1661,flag_for_review,"Elevated risk driven by: COD payment, no prior return history available, first-time buyer",0.16,logreg_v1_step2,2026-08-23T06:30:21.573233+00:00
9b1bacb3-22ed-4e55-bc50-bb7b6b096de9,208312a1-9529-4a89-99f2-8a96a5472698,0.1536,auto_approve,"Elevated risk driven by: unusually low order value, large discount, beauty category",0.16,logreg_v1_step2,2026-08-23T06:30:21.573233+00:00
413dd615-1bd7-45c8-a7e8-4d0785c7de1e,1ba89946-8668-4ef1-b209-d5ad3dec89c3,0.1486,auto_approve,"Elevated risk driven by: no prior return history available, first-time buyer, unusually low order value",0.16,logreg_v1_step2,2026-08-23T06:30:21.573233+00:00
e9ccb7b9-8480-4a24-93d2-e22d9d7ee7f9,fece3053-752e-4f5a-b715-c3d8cb10cde7,0.3353,flag_for_review,"Elevated risk driven by: COD payment, customer's return history, home category",0.16,logreg_v1_step2,2026-08-23T06:30:21.573233+00:00
d1099bcf-a3dd-4fca-b69f-defa9e33707b,e337d2a3-6032-4e1f-8ce4-a81121aa131e,0.0725,auto_approve,"Elevated risk driven by: unusually low order value, customer's return history",0.16,logreg_v1_step2,2026-08-23T06:30:21.573233+00:00
777d699b-eb13-46d4-8aaa-3d3735d72e52,97097040-636b-45f4-85e0-9e1a52c27325,0.0345,auto_approve,No strong individual risk drivers identified.,0.16,logreg_v1_step2,2026-08-23T06:30:21.573233+00:00
cf1f69a2-f2d4-4430-b1a2-4b21b9cf78cb,bd2946f4-137e-4333-a72e-06e89b0452b6,0.1624,flag_for_review,"Elevated risk driven by: no prior return history available, first-time buyer, unusually low order value",0.16,logreg_v1_step2,2026-08-23T06:30:21.573233+00:00
0b0390cf-9777-4a13-91c1-f5fddff3500e,b2260d18-fffa-4383-9ce1-cdafe986cab2,0.2928,flag_for_review,"Elevated risk driven by: size-dependent item, customer's return history, tier3 delivery area",0.16,logreg_v1_step2,2026-08-23T06:30:21.573233+00:00
4090591e-de15-45de-995b-5bfe2971a951,f04fffa3-5b04-4da0-9f3b-8a6b87fc1e74,0.02,auto_approve,"Elevated risk driven by: customer's return history, customer's order count, unusually low order value",0.16,logreg_v1_step2,2026-08-23T06:30:21.573233+00:00
10f3a4f6-182f-4f29-a395-2fa0abc158c6,48242df6-6544-46ca-8243-b23028d6d805,0.0472,auto_approve,"Elevated risk driven by: size-dependent item, COD payment, fashion category",0.16,logreg_v1_step2,2026-08-23T06:30:21.573233+00:00
1b1bb7d6-1d54-4a07-8a43-fc3082df654a,2171476c-3a28-4828-9aca-aed26cbdedc5,0.5945,flag_for_review,"Elevated risk driven by: COD payment, no prior return history available, first-time buyer",0.16,logreg_v1_step2,2026-08-23T06:30:21.573233+00:00
a769b535-0609-4801-9a82-f7d913ae29be,d684615e-b5d2-4dff-856f-f7aa94f57139,0.3594,flag_for_review,"Elevated risk driven by: COD payment, customer's return history, unusually low order value",0.16,logreg_v1_step2,2026-08-23T06:30:21.573233+00:00
9c297d1c-dd01-4743-a750-14f4464a5dbd,33a4495a-e011-40fd-9886-33ebafd66570,0.1693,flag_for_review,"Elevated risk driven by: no prior return history available, first-time buyer, home category",0.16,logreg_v1_step2,2026-08-23T06:30:21.573233+00:00
b5f67903-95bc-4146-9b44-83ccc06cc9e4,02ffec55-c4c8-4c8f-bbb3-f771110e44c2,0.0456,auto_approve,"Elevated risk driven by: large discount, customer's return history",0.16,logreg_v1_step2,2026-08-23T06:30:21.573233+00:00
7fe2ffd7-0ec2-4762-95b0-b61747e6037b,f798ef7e-e2a3-4c54-b902-894eaf540d62,0.0785,auto_approve,"Elevated risk driven by: fashion category, unusually low order value",0.16,logreg_v1_step2,2026-08-23T06:30:21.573233+00:00
1b1733ae-0851-4183-a3e2-5be90dd3bd1b,cd9d8125-8011-4465-92dd-50bd06de23f3,0.3115,flag_for_review,"Elevated risk driven by: COD payment, no prior return history available, first-time buyer",0.16,logreg_v1_step2,2026-08-23T06:30:21.573233+00:00
4c8a5a06-ec5d-42e9-9ad4-2d08f595a98f,721b220e-7e4b-40c6-9bfa-ae6d9e8a9c1b,0.0931,auto_approve,"Elevated risk driven by: home category, unusually low order value, large discount",0.16,logreg_v1_step2,2026-08-23T06:30:21.573233+00:00
c5823610-760e-4762-b289-823ba4df750c,67991ec5-6540-4afc-8700-1e97c8b7427e,0.0892,auto_approve,"Elevated risk driven by: tier3 delivery area, beauty category, unusually low order value",0.16,logreg_v1_step2,2026-08-23T06:30:21.573233+00:00
b12f9515-b00e-4f5e-9263-20f051ce6eac,c194cfb2-f100-4d2c-893d-dbdc989f1426,0.2534,flag_for_review,"Elevated risk driven by: COD payment, unusually low order value, fashion category",0.16,logreg_v1_step2,2026-08-23T06:30:21.573233+00:00
55640b80-f3d3-4b2c-bc76-f70fb8b0cd37,fee7a85f-cf25-4349-b927-7a6f87b1bd3f,0.1083,auto_approve,"Elevated risk driven by: unusually low order value, beauty category, customer's return history",0.16,logreg_v1_step2,2026-08-23T06:30:21.573233+00:00
94d8c448-d0da-4a60-a155-dc716850065b,96b2c265-54d1-4847-9876-3b2b847a1c81,0.6304,flag_for_review,"Elevated risk driven by: size-dependent item, COD payment, no prior return history available",0.16,logreg_v1_step2,2026-08-23T06:30:21.573233+00:00
7285fbff-2aaa-4cf3-8fe8-ea5d69aea140,14fa1e07-e46e-4421-bcc9-efd97fda4448,0.0547,auto_approve,"Elevated risk driven by: unusually low order value, large discount",0.16,logreg_v1_step2,2026-08-23T06:30:21.573233+00:00
fb121793-9223-4404-b5ff-e67b2ee471db,8ae9ad9a-0d8c-4d23-b771-81f50780d7b2,0.1179,auto_approve,"Elevated risk driven by: size-dependent item, tier3 delivery area, fashion category",0.16,logreg_v1_step2,2026-08-23T06:30:21.573233+00:00
dc207082-fa3a-4e30-b67e-a1c61f05a415,56d3ca7e-d487-4cc9-a5ea-f226970496c0,0.2031,flag_for_review,"Elevated risk driven by: no prior return history available, first-time buyer, tier3 delivery area",0.16,logreg_v1_step2,2026-08-23T06:30:21.573233+00:00
bf88bf63-ec7f-459d-b704-fe9722b60670,488818a4-8adb-4718-b41a-823c7f2b2ab8,0.1522,auto_approve,"Elevated risk driven by: home category, unusually low order value, customer's return history",0.16,logreg_v1_step2,2026-08-23T06:30:21.573233+00:00
6cfc55d8-1bd9-47ed-8386-c35df59b024c,00850f9b-0ccd-4292-aa59-0ccccc2d0338,0.4924,flag_for_review,"Elevated risk driven by: size-dependent item, COD payment, customer's return history",0.16,logreg_v1_step2,2026-08-23T06:30:21.573233+00:00
d8dfbc75-8c98-44c2-a9a4-2380cc3f097f,f7243914-f259-4b3f-b4da-cc523ff04815,0.459,flag_for_review,"Elevated risk driven by: size-dependent item, COD payment, unusually low order value",0.16,logreg_v1_step2,2026-08-23T06:30:21.573233+00:00
4db9e6b4-9fed-4b98-8dfa-4984993b70aa,b7cf8b3e-8cbc-41b9-b7a4-c29693d32968,0.1851,flag_for_review,"Elevated risk driven by: size-dependent item, fashion category, unusually low order value",0.16,logreg_v1_step2,2026-08-23T06:30:21.573233+00:00
eea27cf4-71c5-494b-9f20-2be6c88d38c1,eb671c1e-81f6-496c-b68d-49ea47acde37,0.3786,flag_for_review,"Elevated risk driven by: large discount, COD payment, unusually low order value",0.16,logreg_v1_step2,2026-08-23T06:30:21.573233+00:00
6bb10fea-7f3c-410d-8ad1-74ff8c254a17,20c3bc53-c556-453e-87c4-1db6d047a4fe,0.0819,auto_approve,"Elevated risk driven by: tier3 delivery area, unusually low order value",0.16,logreg_v1_step2,2026-08-23T06:30:21.573233+00:00
49d77a51-7185-42d4-9c23-e166d0b75ce6,50dc3803-1af4-4a0a-8917-ca0e73db20ad,0.1895,flag_for_review,"Elevated risk driven by: size-dependent item, unusually low order value, fashion category",0.16,logreg_v1_step2,2026-08-23T06:30:21.573233+00:00
87cad3b6-6b43-4934-8638-cfb2616e9557,dcfad182-ea67-4ce8-8f94-95ff7e6444b1,0.2381,flag_for_review,"Elevated risk driven by: no prior return history available, first-time buyer, unusually low order value",0.16,logreg_v1_step2,2026-08-23T06:30:21.573233+00:00
4ebb2eef-dc92-41e1-8db3-235904c6b483,5a4e456a-7177-438a-a82d-59e0133f3eb9,0.1181,auto_approve,"Elevated risk driven by: size-dependent item, fashion category",0.16,logreg_v1_step2,2026-08-23T06:30:21.573233+00:00
e67d1443-6dc4-4039-b75e-a72245d67d1b,e46f6f26-c239-4aa1-9c65-1209e9e43c60,0.0589,auto_approve,"Elevated risk driven by: large discount, unusually low order value",0.16,logreg_v1_step2,2026-08-23T06:30:21.573233+00:00
f215939e-7368-4bb1-bcf4-a09d025e494e,b732b9b1-5184-4f45-af4d-630b007d8b56,0.2563,flag_for_review,"Elevated risk driven by: COD payment, large discount, beauty category",0.16,logreg_v1_step2,2026-08-23T06:30:21.573233+00:00
78540d7c-01e6-4158-a6be-981cb6681b58,6c56ea03-6f25-465a-8841-c114051cab81,0.1423,auto_approve,"Elevated risk driven by: tier3 delivery area, beauty category, unusually low order value",0.16,logreg_v1_step2,2026-08-23T06:30:21.573233+00:00
b1595e34-fb16-4387-af82-fcfdcf7b9d8c,6691be4b-2f05-471e-880b-641b361f736f,0.2555,flag_for_review,"Elevated risk driven by: size-dependent item, unusually low order value, fashion category",0.16,logreg_v1_step2,2026-08-23T06:30:21.573233+00:00
7484d545-a2ca-408b-ae9f-f0ae955886f9,2022f5c1-083c-4c40-93e7-f3bf5ca21797,0.1585,auto_approve,"Elevated risk driven by: COD payment, home category, tier3 delivery area",0.16,logreg_v1_step2,2026-08-23T06:30:21.573233+00:00
83e473f8-e087-4592-b165-0d84c64f88a6,36d6b08a-5436-4a2f-83c2-120975d4be7f,0.1026,auto_approve,"Elevated risk driven by: fashion category, large discount, unusually low order value",0.16,logreg_v1_step2,2026-08-23T06:30:21.573233+00:00
f7b3561b-b68c-4485-bb3a-82583a111a42,b15097c2-354a-48aa-8b88-0fc27a70d24f,0.0922,auto_approve,"Elevated risk driven by: large discount, unusually low order value",0.16,logreg_v1_step2,2026-08-23T06:30:21.573233+00:00
4bef4607-907c-4cc9-a942-ba1f0ed46cce,f511f812-b332-434e-84ac-a8d69f0d2875,0.1367,auto_approve,"Elevated risk driven by: home category, unusually low order value, tier3 delivery area",0.16,logreg_v1_step2,2026-08-23T06:30:21.573233+00:00
e75ffab6-9dc1-4886-a7ed-8036969314d3,eeb4b6d2-ae83-44df-bfd5-73e1f445c4af,0.4473,flag_for_review,"Elevated risk driven by: size-dependent item, COD payment, tier3 delivery area",0.16,logreg_v1_step2,2026-08-23T06:30:21.573233+00:00
77f48176-4dba-4c4f-aa95-7030f3b3c7ac,61ae023e-6ada-495e-a057-0f2fa2e1887b,0.5054,flag_for_review,"Elevated risk driven by: size-dependent item, no prior return history available, first-time buyer",0.16,logreg_v1_step2,2026-08-23T06:30:21.573233+00:00
2c0f0de6-bcb4-42e7-baa9-98ce5688bc22,844e1cc6-38c0-44c1-8fb0-2171c4ac07a9,0.0414,auto_approve,Elevated risk driven by: large discount,0.16,logreg_v1_step2,2026-08-23T06:30:21.573233+00:00
8391e287-f4a3-493b-9c0b-7e3cd0048fed,d68bbbc3-6511-4b4d-b898-eb8a9a3435c0,0.2147,flag_for_review,"Elevated risk driven by: large discount, COD payment, unusually low order value",0.16,logreg_v1_step2,2026-08-23T06:30:21.573233+00:00
f2bcc3f6-3f43-48fd-beb6-309aa7fea26e,b42f07c9-1eeb-4ac5-8d28-5ece4676d517,0.0882,auto_approve,"Elevated risk driven by: no prior return history available, first-time buyer, unusually low order value",0.16,logreg_v1_step2,2026-08-23T06:30:21.573233+00:00
e3684ef4-9975-4556-b550-4c476a20fa4d,754ee000-0eb3-4857-a2e8-476c39a286c0,0.0567,auto_approve,"Elevated risk driven by: size-dependent item, tier3 delivery area, fashion category",0.16,logreg_v1_step2,2026-08-23T06:30:21.573233+00:00
15037858-cc09-4fef-aadf-cee6bfcbe502,e2862c03-9c26-403e-abb1-ba442001a3b1,0.5082,flag_for_review,"Elevated risk driven by: customer's return history, COD payment, large discount",0.16,logreg_v1_step2,2026-08-23T06:30:21.573233+00:00
3816fc05-f871-447b-9e56-7ea4a0149835,c776ba30-a353-491b-963c-d4935829686c,0.2271,flag_for_review,"Elevated risk driven by: no prior return history available, first-time buyer, unusually low order value",0.16,logreg_v1_step2,2026-08-23T06:30:21.573233+00:00
88e07ac7-335b-49ee-9bba-6cb0d5334006,cb03e063-2d4a-4cc8-bfc8-902ef4068b93,0.477,flag_for_review,"Elevated risk driven by: size-dependent item, COD payment, tier3 delivery area",0.16,logreg_v1_step2,2026-08-23T06:30:21.573233+00:00
1da6a38b-cb4b-4fea-9826-e93ef3f304a8,ade38847-ed43-40bb-86a7-c04000915ee5,0.1512,auto_approve,"Elevated risk driven by: size-dependent item, fashion category, unusually low order value",0.16,logreg_v1_step2,2026-08-23T06:30:21.573233+00:00
ba2ec5ec-3b3b-46dd-85e8-5be6d5749e2b,cdfac639-c4a1-4655-be5a-2d787e76f71c,0.0539,auto_approve,"Elevated risk driven by: unusually low order value, customer's order count",0.16,logreg_v1_step2,2026-08-23T06:30:21.573233+00:00
26af0d8e-89fc-4ae0-8bfe-8d3ca31a6250,52ad5451-dae5-4029-8a8a-756096ddf041,0.0457,auto_approve,"Elevated risk driven by: customer's return history, unusually low order value, large discount",0.16,logreg_v1_step2,2026-08-23T06:30:21.573233+00:00
523307a5-252d-49db-bc60-f12c7ca5602b,31f344da-4c1e-47ec-af4b-557c14d0e8e0,0.3508,flag_for_review,"Elevated risk driven by: size-dependent item, customer's return history, unusually low order value",0.16,logreg_v1_step2,2026-08-23T06:30:21.573233+00:00
bcd28a46-12cb-40b2-8b7d-acd82e20044b,cc825a9c-6ef8-48bc-90ca-0bc2af6a4e40,0.0223,auto_approve,"Elevated risk driven by: unusually low order value, customer's return history",0.16,logreg_v1_step2,2026-08-23T06:30:21.573233+00:00
6463a7e6-854c-4ed3-b46a-487565f4e002,dcc320e0-51d7-4f5a-b1cf-f774f3ea235f,0.0498,auto_approve,"Elevated risk driven by: home category, tier3 delivery area",0.16,logreg_v1_step2,2026-08-23T06:30:21.573233+00:00
2009802e-f7d4-4266-9098-8cd6924d8123,e0be4c42-c5d2-46e6-98a3-f57143c81929,0.0625,auto_approve,Elevated risk driven by: COD payment,0.16,logreg_v1_step2,2026-08-23T06:30:21.573233+00:00
bd13e0fc-d6ac-4958-9602-b591d8678e23,754ee000-0eb3-4857-a2e8-476c39a286c0,0.3711,flag_for_review,"Elevated risk driven by: size-dependent item, COD payment, fashion category",0.16,logreg_v1_step2,2026-08-23T06:30:21.573233+00:00
bd513a55-f9b2-468c-9932-54890308e098,b3f33ef6-3953-4fa2-b5c0-493473e40312,0.0389,auto_approve,Elevated risk driven by: large discount,0.16,logreg_v1_step2,2026-08-23T06:30:21.573233+00:00
e0199244-fddf-4f27-85eb-a728d22259f6,e337d2a3-6032-4e1f-8ce4-a81121aa131e,0.288,flag_for_review,"Elevated risk driven by: size-dependent item, customer's return history, unusually low order value",0.16,logreg_v1_step2,2026-08-23T06:30:21.573233+00:00
c5628c10-815a-4a10-a33f-945bb214b2cc,879efc3e-a486-44ac-a9cc-29dca850ccc1,0.1168,auto_approve,"Elevated risk driven by: COD payment, unusually low order value",0.16,logreg_v1_step2,2026-08-23T06:30:21.573233+00:00
eceb9796-90e1-4ce3-a831-764acb20a386,fece3053-752e-4f5a-b715-c3d8cb10cde7,0.0344,auto_approve,No strong individual risk drivers identified.,0.16,logreg_v1_step2,2026-08-23T06:30:21.573233+00:00
ec09613f-f0c9-4e80-9351-e41cc69671af,e681d0bc-7b6a-4813-b507-16b033d8251d,0.0409,auto_approve,Elevated risk driven by: unusually low order value,0.16,logreg_v1_step2,2026-08-23T06:30:21.573233+00:00
f6c5474f-1235-423a-88ee-68746b21f3f0,3f888151-69ed-4006-b5f2-68afced6201b,0.2014,flag_for_review,"Elevated risk driven by: size-dependent item, unusually low order value, fashion category",0.16,logreg_v1_step2,2026-08-23T06:30:21.573233+00:00
b1b95f29-b894-43c3-a120-f874aa790220,ac46d877-8423-49a6-902f-7054e0aa8316,0.1926,flag_for_review,"Elevated risk driven by: size-dependent item, unusually low order value, tier3 delivery area",0.16,logreg_v1_step2,2026-08-23T06:30:21.573233+00:00
929aac5a-5bca-4ec3-a1c0-be65fad3aaf4,c948d370-2dce-42ca-8472-af60b35f4c6c,0.1378,auto_approve,"Elevated risk driven by: size-dependent item, fashion category, customer's return history",0.16,logreg_v1_step2,2026-08-23T06:30:21.573233+00:00
392de351-7c3d-41f1-8c77-88838291e0e8,8120270f-804a-4ca9-a37e-bd7745b1a4ba,0.0928,auto_approve,"Elevated risk driven by: COD payment, customer's return history",0.16,logreg_v1_step2,2026-08-23T06:30:21.573233+00:00
d7e86f92-b87e-47fa-a43f-f3e9458263ab,3d51b281-7585-4d43-aefd-40a803a1bf4f,0.0771,auto_approve,"Elevated risk driven by: unusually low order value, large discount",0.16,logreg_v1_step2,2026-08-23T06:30:21.573233+00:00
8234602d-9ed3-494e-9f8e-b65999726057,ec513aca-b3ea-457e-b9fd-46a0fbbd0108,0.0038,auto_approve,Elevated risk driven by: beauty category,0.16,logreg_v1_step2,2026-08-23T06:30:21.573233+00:00
d353e0f4-54b2-4374-ad7f-7cfe81c94594,9624258c-4f43-4c23-8a52-ae3657722b57,0.1446,auto_approve,"Elevated risk driven by: customer's return history, tier3 delivery area, unusually low order value",0.16,logreg_v1_step2,2026-08-23T06:30:21.573233+00:00
6c30e425-8b07-4a2d-8d49-3ffa9694c14c,f91b87e4-35a7-481d-96ba-a679feba54f3,0.1335,auto_approve,"Elevated risk driven by: COD payment, large discount",0.16,logreg_v1_step2,2026-08-23T06:30:21.573233+00:00
5a6ced02-990f-411e-b4f2-3514a46e6781,e8f694f4-75c7-4b9d-8461-3f6fce844e62,0.0084,auto_approve,No strong individual risk drivers identified.,0.16,logreg_v1_step2,2026-08-23T06:30:21.573233+00:00
689fb2f2-a947-482d-af86-c740684ff437,c66f6e79-ae50-43d4-a0cc-4c34abe9c042,0.0881,auto_approve,"Elevated risk driven by: home category, tier3 delivery area, unusually low order value",0.16,logreg_v1_step2,2026-08-23T06:30:21.573233+00:00
b31ca31c-4fc5-4566-8bee-891f9725c3a0,22c2ba19-c5f8-4c06-b445-29833dc88d67,0.275,flag_for_review,"Elevated risk driven by: size-dependent item, fashion category, large discount",0.16,logreg_v1_step2,2026-08-23T06:30:21.573233+00:00
f9be9420-fbe2-4acf-b7d6-98dc86587afa,9cfbe601-0322-4c7f-a8fc-089374a870d3,0.052,auto_approve,Elevated risk driven by: customer's return history,0.16,logreg_v1_step2,2026-08-23T06:30:21.573233+00:00
c4d262c9-b80e-4692-b9ae-37b2cafd5cc5,bb979d3d-d61a-4c89-bbda-657156be921e,0.1672,flag_for_review,"Elevated risk driven by: customer's return history, home category, unusually low order value",0.16,logreg_v1_step2,2026-08-23T06:30:21.573233+00:00
bb966c37-519f-432c-bbf4-63471d245d81,55d5bc4c-7c8a-442f-b65c-64ab85db7d38,0.4258,flag_for_review,"Elevated risk driven by: size-dependent item, COD payment, fashion category",0.16,logreg_v1_step2,2026-08-23T06:30:21.573233+00:00
143f49f1-976f-4125-87c6-85e6074433fc,ade38847-ed43-40bb-86a7-c04000915ee5,0.0513,auto_approve,Elevated risk driven by: large discount,0.16,logreg_v1_step2,2026-08-23T06:30:21.573233+00:00
52c7b8d5-3b51-4083-a1a4-38cee4d7b54e,b0766d31-1a36-4d3f-a85e-96413fb52d53,0.0954,auto_approve,"Elevated risk driven by: unusually low order value, tier3 delivery area, beauty category",0.16,logreg_v1_step2,2026-08-23T06:30:21.573233+00:00
64b4137b-008a-4b59-8b0c-93a3a7dbacaa,ade38847-ed43-40bb-86a7-c04000915ee5,0.137,auto_approve,"Elevated risk driven by: COD payment, unusually low order value, tier3 delivery area",0.16,logreg_v1_step2,2026-08-23T06:30:21.573233+00:00
c9bf30bc-ca33-48bf-8482-5c6d370fd2b7,afbedcf2-f5d0-441d-8f1d-dff0523a9d8e,0.2085,flag_for_review,"Elevated risk driven by: size-dependent item, large discount, fashion category",0.16,logreg_v1_step2,2026-08-23T06:30:21.573233+00:00
7b31c9ce-9d7b-41f3-b9f8-6393ef839c1c,d68bbbc3-6511-4b4d-b898-eb8a9a3435c0,0.0655,auto_approve,Elevated risk driven by: COD payment,0.16,logreg_v1_step2,2026-08-23T06:30:21.573233+00:00
801e973e-93f5-4045-9f8d-bed2f8fa9992,61d96718-feb5-4038-8c4d-b96c3a34a100,0.2667,flag_for_review,"Elevated risk driven by: COD payment, home category, tier3 delivery area",0.16,logreg_v1_step2,2026-08-23T06:30:21.573233+00:00
589661c6-af98-4be9-954c-17f6da983240,f511f812-b332-434e-84ac-a8d69f0d2875,0.0553,auto_approve,"Elevated risk driven by: large discount, home category",0.16,logreg_v1_step2,2026-08-23T06:30:21.573233+00:00
6d0c651d-cb62-4bd4-b7b3-2da0b65d3655,ad87b3e3-8b3e-438e-8994-51127b85c296,0.1889,flag_for_review,"Elevated risk driven by: size-dependent item, tier3 delivery area, unusually low order value",0.16,logreg_v1_step2,2026-08-23T06:30:21.573233+00:00
397e9760-6c36-4d61-bae7-47c58ed2332a,629a665f-13da-4026-a590-10f69140672e,0.1544,auto_approve,"Elevated risk driven by: no prior return history available, first-time buyer, beauty category",0.16,logreg_v1_step2,2026-08-23T06:30:21.573233+00:00
db22b03f-fceb-467a-8604-2fd02a01c92e,6c361c11-ca46-4858-84ff-ccace7f3ec03,0.2096,flag_for_review,"Elevated risk driven by: size-dependent item, fashion category, customer's return history",0.16,logreg_v1_step2,2026-08-23T06:30:21.573233+00:00
b5a6c114-d902-4fe2-989b-daeb01bc06e7,afbedcf2-f5d0-441d-8f1d-dff0523a9d8e,0.5541,flag_for_review,"Elevated risk driven by: COD payment, no prior return history available, first-time buyer",0.16,logreg_v1_step2,2026-08-23T06:30:21.573233+00:00
ee2fdd13-7545-4a41-a8ee-f777776d6e12,0b5160a5-9c4f-4c68-ada5-de1d857e1d81,0.1112,auto_approve,"Elevated risk driven by: COD payment, no prior return history available, first-time buyer",0.16,logreg_v1_step2,2026-08-23T06:30:21.573233+00:00
f547cb52-1630-4e04-8e1d-75b084d5c7a0,dcc320e0-51d7-4f5a-b1cf-f774f3ea235f,0.3654,flag_for_review,"Elevated risk driven by: large discount, size-dependent item, unusually low order value",0.16,logreg_v1_step2,2026-08-23T06:30:21.573233+00:00
6e9caf61-71b7-4a18-a555-b44a6a3f7550,f04fffa3-5b04-4da0-9f3b-8a6b87fc1e74,0.21,flag_for_review,"Elevated risk driven by: size-dependent item, unusually low order value, fashion category",0.16,logreg_v1_step2,2026-08-23T06:30:21.573233+00:00
a722833f-c67a-490b-bda6-3050301d786c,f511f812-b332-434e-84ac-a8d69f0d2875,0.1339,auto_approve,"Elevated risk driven by: unusually low order value, fashion category",0.16,logreg_v1_step2,2026-08-23T06:30:21.573233+00:00
66b9c917-4b78-4fec-a2e2-3b5f99a08368,1c72fd9b-a412-4c8d-8074-a48984ddf5a0,0.3633,flag_for_review,"Elevated risk driven by: size-dependent item, no prior return history available, first-time buyer",0.16,logreg_v1_step2,2026-08-23T06:30:21.573233+00:00
b08dd6f0-b4d8-458c-a39c-37ae792ca847,1d2a539f-b9f5-447b-9a0b-ead55732dce3,0.674,flag_for_review,"Elevated risk driven by: customer's return history, size-dependent item, COD payment",0.16,logreg_v1_step2,2026-08-23T06:30:21.573233+00:00
fd728ba5-b247-48ea-9512-9ab78208ca19,915abb39-22d8-45e0-a5b6-a6320aeb6892,0.0955,auto_approve,"Elevated risk driven by: size-dependent item, beauty category",0.16,logreg_v1_step2,2026-08-23T06:30:21.573233+00:00
fe4a0648-c501-40cc-b3ea-e40df0530891,75eeaa53-7844-43df-bc21-e13cd628ffb7,0.3271,flag_for_review,"Elevated risk driven by: COD payment, home category, tier3 delivery area",0.16,logreg_v1_step2,2026-08-23T06:30:21.573233+00:00
e116a542-a423-42fe-b880-e15e18897793,551aee57-0df4-4a51-9afa-0babaf28b33a,0.0174,auto_approve,"Elevated risk driven by: large discount, home category, customer's return history",0.16,logreg_v1_step2,2026-08-23T06:30:21.573233+00:00
915929d1-8f5a-4e6b-a88c-3d1ed3c2bfcd,b0766d31-1a36-4d3f-a85e-96413fb52d53,0.0402,auto_approve,Elevated risk driven by: unusually low order value,0.16,logreg_v1_step2,2026-08-23T06:30:21.573233+00:00
289c9f62-ebb9-4aed-b31e-815254bab5d0,896a9142-c32d-4e97-8656-8e4c80bb0c0e,0.2,flag_for_review,"Elevated risk driven by: size-dependent item, tier3 delivery area, fashion category",0.16,logreg_v1_step2,2026-08-23T06:30:21.573233+00:00
14daa39d-c3a0-497c-b9e3-733b03d89746,6fbacc05-c7c1-4df5-8224-527419482f58,0.1543,auto_approve,"Elevated risk driven by: COD payment, no prior return history available, first-time buyer",0.16,logreg_v1_step2,2026-08-23T06:30:21.573233+00:00
b8a467d4-f1e2-407c-a605-570fa0bf2ad1,8779fb27-f743-4810-ab5b-061f3407a98f,0.1274,auto_approve,"Elevated risk driven by: COD payment, unusually low order value",0.16,logreg_v1_step2,2026-08-23T06:30:21.573233+00:00
431b2b7b-6522-43ad-9388-358469f0261d,0dd2d791-7ebc-4f44-92ab-ac5dab611209,0.3942,flag_for_review,"Elevated risk driven by: COD payment, no prior return history available, first-time buyer",0.16,logreg_v1_step2,2026-08-23T06:30:21.573233+00:00
4846d03c-1425-436f-bfc5-505d6d2b4eff,1e8c36c2-6ec2-42d0-bed2-1a1c361dd692,0.0372,auto_approve,"Elevated risk driven by: customer's return history, tier3 delivery area",0.16,logreg_v1_step2,2026-08-23T06:30:21.573233+00:00
47f2511d-13b8-410f-9eaf-d54b694eac2a,bc9aa5af-cb2d-49cb-8b51-cbd09afee7b7,0.1921,flag_for_review,"Elevated risk driven by: COD payment, unusually low order value, large discount",0.16,logreg_v1_step2,2026-08-23T06:30:21.573233+00:00
568eb34f-9e1d-4498-833a-5c1995f2a002,e337d2a3-6032-4e1f-8ce4-a81121aa131e,0.031,auto_approve,"Elevated risk driven by: tier3 delivery area, customer's order count",0.16,logreg_v1_step2,2026-08-23T06:30:21.573233+00:00
84de7135-43eb-4d81-a7c0-c3dd9712ada7,3ee32102-de20-4ee2-a47d-3a6522a5a3a8,0.3868,flag_for_review,"Elevated risk driven by: customer's return history, size-dependent item, unusually low order value",0.16,logreg_v1_step2,2026-08-23T06:30:21.573233+00:00
d7539f0e-cad2-4ba8-b978-d75bbe925126,9624258c-4f43-4c23-8a52-ae3657722b57,0.1311,auto_approve,"Elevated risk driven by: COD payment, customer's return history, unusually low order value",0.16,logreg_v1_step2,2026-08-23T06:30:21.573233+00:00
90bd23fb-360f-4d6b-a741-099a033d0f94,b29488eb-e21a-484b-b828-80a3ac2ea4cb,0.1016,auto_approve,"Elevated risk driven by: large discount, unusually low order value",0.16,logreg_v1_step2,2026-08-23T06:30:21.573233+00:00
6b564a01-1891-4002-b99c-3e2e51fe4641,6d81b599-cb53-46f9-8600-bf12fd1acddf,0.0307,auto_approve,"Elevated risk driven by: unusually low order value, tier3 delivery area",0.16,logreg_v1_step2,2026-08-23T06:30:21.573233+00:00
dbfa5dc0-dcda-44df-9977-27bd2d48451f,386639da-c4fb-436b-9ced-e6f3c7021453,0.2473,flag_for_review,"Elevated risk driven by: size-dependent item, unusually low order value, fashion category",0.16,logreg_v1_step2,2026-08-23T06:30:21.573233+00:00
a46265e5-a0ad-49e8-b08f-b059cb5b4fca,ca5d71f2-8cac-485d-885b-682d58b3db85,0.3422,flag_for_review,"Elevated risk driven by: COD payment, no prior return history available, first-time buyer",0.16,logreg_v1_step2,2026-08-23T06:30:21.573233+00:00
d3719241-df72-4c0b-ab6b-00baae4ba025,693e7dd3-5142-469e-9cb3-7ddfc54d5ccb,0.0815,auto_approve,"Elevated risk driven by: no prior return history available, first-time buyer",0.16,logreg_v1_step2,2026-08-23T06:30:21.573233+00:00
a57f2636-e269-4079-9194-2f62efb83810,cd41d912-6dd3-48f5-8321-ab579b72c57a,0.0335,auto_approve,Elevated risk driven by: unusually low order value,0.16,logreg_v1_step2,2026-08-23T06:30:21.573233+00:00
7b6a0014-8476-4968-9d09-4e060676fec0,915abb39-22d8-45e0-a5b6-a6320aeb6892,0.0257,auto_approve,"Elevated risk driven by: unusually low order value, customer's return history",0.16,logreg_v1_step2,2026-08-23T06:30:21.573233+00:00
5e8f5672-33da-4e0e-be44-95ebabdde943,2171476c-3a28-4828-9aca-aed26cbdedc5,0.1915,flag_for_review,"Elevated risk driven by: customer's return history, tier3 delivery area, unusually low order value",0.16,logreg_v1_step2,2026-08-23T06:30:21.573233+00:00
90504894-0ae9-4b43-8dda-0fc096571d6a,22c2ba19-c5f8-4c06-b445-29833dc88d67,0.0623,auto_approve,"Elevated risk driven by: large discount, tier3 delivery area, customer's return history",0.16,logreg_v1_step2,2026-08-23T06:30:21.573233+00:00
29624055-4047-4473-81bd-e80544a9d154,36d6b08a-5436-4a2f-83c2-120975d4be7f,0.254,flag_for_review,"Elevated risk driven by: COD payment, unusually low order value, fashion category",0.16,logreg_v1_step2,2026-08-23T06:30:21.573233+00:00
f2f14a5d-9df9-462d-8adb-f85bbad9af56,57c29481-3bfa-4690-879f-2cab6c2fd05a,0.315,flag_for_review,"Elevated risk driven by: size-dependent item, COD payment, fashion category",0.16,logreg_v1_step2,2026-08-23T06:30:21.573233+00:00
bcb2c4bc-5ac9-4c6d-ac64-0f389b99010e,1e8c36c2-6ec2-42d0-bed2-1a1c361dd692,0.0197,auto_approve,Elevated risk driven by: customer's return history,0.16,logreg_v1_step2,2026-08-23T06:30:21.573233+00:00
7e927c99-c807-4187-909c-f4461756c4b9,4c19ca15-e9d8-445e-9a4a-ef49bd34d343,0.1349,auto_approve,"Elevated risk driven by: COD payment, customer's return history, unusually low order value",0.16,logreg_v1_step2,2026-08-23T06:30:21.573233+00:00
bae5e055-d15f-4dbb-80e5-10f154319e4e,b5214a86-0454-4ac2-900e-2783858d45dd,0.2316,flag_for_review,"Elevated risk driven by: no prior return history available, first-time buyer, unusually low order value",0.16,logreg_v1_step2,2026-08-23T06:30:21.573233+00:00
16629f81-b8be-4f5d-acab-5f3d2cce5acb,84f798c4-c576-4100-9357-d92419324080,0.1826,flag_for_review,"Elevated risk driven by: COD payment, unusually low order value, beauty category",0.16,logreg_v1_step2,2026-08-23T06:30:21.573233+00:00
2e7b2893-9d33-4596-8a31-7d1d4cd3e7de,928114f7-f956-485a-b601-6b40b48c18d7,0.2654,flag_for_review,"Elevated risk driven by: no prior return history available, first-time buyer, home category",0.16,logreg_v1_step2,2026-08-23T06:30:21.573233+00:00
bbc5e55b-0c16-4aa4-a890-24f5e03e9504,4c19ca15-e9d8-445e-9a4a-ef49bd34d343,0.3584,flag_for_review,"Elevated risk driven by: size-dependent item, COD payment, fashion category",0.16,logreg_v1_step2,2026-08-23T06:30:21.573233+00:00
4a244b03-cac3-4907-b9ea-a5099556d4cf,c098bafa-20a7-4c6c-9fce-d433c8e83be7,0.0646,auto_approve,"Elevated risk driven by: customer's return history, large discount",0.16,logreg_v1_step2,2026-08-23T06:30:21.573233+00:00
ea951df9-b2f2-4e63-8b05-66050bb7a217,efca07b7-801d-4f4d-8fd4-f9471ea25c75,0.3495,flag_for_review,"Elevated risk driven by: size-dependent item, tier3 delivery area, fashion category",0.16,logreg_v1_step2,2026-08-23T06:30:21.573233+00:00
28ba9fca-a880-49c1-9fd3-20cb1cd99a69,6cb161f2-f7f1-47ed-ba6f-4f99f2fd5670,0.0422,auto_approve,Elevated risk driven by: unusually low order value,0.16,logreg_v1_step2,2026-08-23T06:30:21.573233+00:00
0222010b-091f-4370-9210-9238f2cf6c1e,91510149-f597-4196-b779-376ce2143f83,0.1672,flag_for_review,"Elevated risk driven by: size-dependent item, fashion category",0.16,logreg_v1_step2,2026-08-23T06:30:21.573233+00:00
e71b8182-75c2-462b-9418-0d568f3d6c53,7ac50be3-7d5d-43cf-b103-1bd15ed90d91,0.1754,flag_for_review,"Elevated risk driven by: size-dependent item, fashion category, unusually low order value",0.16,logreg_v1_step2,2026-08-23T06:30:21.573233+00:00
a718450a-184c-4430-a67c-77a594534cb2,31ff0d71-1021-4137-a652-0909a72704a8,0.513,flag_for_review,"Elevated risk driven by: size-dependent item, COD payment, customer's return history",0.16,logreg_v1_step2,2026-08-23T06:30:21.573233+00:00
522edf81-7f86-45b1-959b-c3f41148a144,0b3125cc-29c6-4f20-b1ef-8890454bd85d,0.104,auto_approve,"Elevated risk driven by: COD payment, customer's return history, beauty category",0.16,logreg_v1_step2,2026-08-23T06:30:21.573233+00:00
1db736b9-31ce-454b-a05a-6608bdb61596,1e8c36c2-6ec2-42d0-bed2-1a1c361dd692,0.1106,auto_approve,"Elevated risk driven by: unusually low order value, beauty category",0.16,logreg_v1_step2,2026-08-23T06:30:21.573233+00:00
edaefd24-29f1-4598-aa54-ba92c6421b23,90d4ab83-9a96-4a21-9db9-c0621084e983,0.3331,flag_for_review,"Elevated risk driven by: size-dependent item, tier3 delivery area, unusually low order value",0.16,logreg_v1_step2,2026-08-23T06:30:21.573233+00:00
5683218c-579b-4d1b-8284-3849d19bd0ff,f60dd379-b761-4abe-a910-2e679a649299,0.3786,flag_for_review,"Elevated risk driven by: customer's return history, size-dependent item, fashion category",0.16,logreg_v1_step2,2026-08-23T06:30:21.573233+00:00
0273405d-36fd-4834-9c3e-0a4d7554d71a,5a0bd207-df7a-41c3-8a83-1274a9efee90,0.4323,flag_for_review,"Elevated risk driven by: size-dependent item, COD payment, unusually low order value",0.16,logreg_v1_step2,2026-08-23T06:30:21.573233+00:00
5a87bb4a-63ae-497e-b94b-575c9c93b509,d68bbbc3-6511-4b4d-b898-eb8a9a3435c0,0.2313,flag_for_review,"Elevated risk driven by: large discount, COD payment, home category",0.16,logreg_v1_step2,2026-08-23T06:30:21.573233+00:00
7636549c-f595-4482-a182-24bafa3f698f,50dc3803-1af4-4a0a-8917-ca0e73db20ad,0.2545,flag_for_review,"Elevated risk driven by: size-dependent item, tier3 delivery area, fashion category",0.16,logreg_v1_step2,2026-08-23T06:30:21.573233+00:00
83eb8834-5797-4e47-a010-0fbbfd8c990a,c74291cc-50dd-48a2-918a-2263305eb957,0.2171,flag_for_review,"Elevated risk driven by: size-dependent item, customer's return history, fashion category",0.16,logreg_v1_step2,2026-08-23T06:30:21.573233+00:00
81a39335-8020-4c1f-98b2-2c9ebb9a62f3,bb778b4a-ece2-4020-98e9-868dac23ca5f,0.0861,auto_approve,"Elevated risk driven by: COD payment, no prior return history available, first-time buyer",0.16,logreg_v1_step2,2026-08-23T06:30:21.573233+00:00
f6779602-7897-4129-9bf7-8799c8f942a4,30ed7aa6-3495-4b99-970b-27c038e98f99,0.2547,flag_for_review,"Elevated risk driven by: COD payment, unusually low order value, beauty category",0.16,logreg_v1_step2,2026-08-23T06:30:21.573233+00:00
d52821c4-0e7d-41f5-8ebf-8ae3b2f51b1d,8779fb27-f743-4810-ab5b-061f3407a98f,0.1971,flag_for_review,"Elevated risk driven by: size-dependent item, large discount, fashion category",0.16,logreg_v1_step2,2026-08-23T06:30:21.573233+00:00
1d7dea35-d94e-4373-b71a-49ab2c4d614a,0b3125cc-29c6-4f20-b1ef-8890454bd85d,0.2749,flag_for_review,"Elevated risk driven by: size-dependent item, customer's return history, fashion category",0.16,logreg_v1_step2,2026-08-23T06:30:21.573233+00:00
0b84a8b1-e009-461d-b96e-fc7c8946181d,b48b45a4-753f-4ba5-b83c-ddf1c5e444e1,0.0381,auto_approve,Elevated risk driven by: customer's return history,0.16,logreg_v1_step2,2026-08-23T06:30:21.573233+00:00
694fcc71-d2d0-4d4f-969b-8504bc0853e4,0b078fe6-bb44-4c06-aa6b-c50edd30d526,0.0714,auto_approve,"Elevated risk driven by: beauty category, unusually low order value",0.16,logreg_v1_step2,2026-08-23T06:30:21.573233+00:00
ce6641d6-82c9-4adb-ae7e-0754d46ab976,4599a51c-2008-4079-839d-ecfc8f342f0e,0.1672,flag_for_review,"Elevated risk driven by: COD payment, tier3 delivery area, unusually low order value",0.16,logreg_v1_step2,2026-08-23T06:30:21.573233+00:00
95c47347-fd93-4920-a342-17d01f6b8041,fdebca3c-4db6-45f9-aecf-5b0e2d82bf66,0.2866,flag_for_review,"Elevated risk driven by: size-dependent item, COD payment, fashion category",0.16,logreg_v1_step2,2026-08-23T06:30:21.573233+00:00
6077c4b4-679d-4200-91f5-f8d1462566df,03155ba3-cd3a-4a32-9885-eaa1d5a0f4a0,0.0676,auto_approve,"Elevated risk driven by: large discount, customer's return history, unusually low order value",0.16,logreg_v1_step2,2026-08-23T06:30:21.573233+00:00
5c8311bf-98c4-42ed-a28b-78103789b4e0,183731f0-c4f7-459f-b6fe-03d481d1dc2b,0.3671,flag_for_review,"Elevated risk driven by: size-dependent item, tier3 delivery area, large discount",0.16,logreg_v1_step2,2026-08-23T06:30:21.573233+00:00
b5998fe3-a42b-4926-a404-31ea62a75268,21644b40-c53f-493e-af3f-29e3483e3d9b,0.0349,auto_approve,"Elevated risk driven by: tier3 delivery area, unusually low order value, delivery time",0.16,logreg_v1_step2,2026-08-23T06:30:21.573233+00:00
26322ee3-54a4-4679-8817-2be23a816df7,f4f9557a-86f4-4bf5-ae07-480ff58c6f7a,0.127,auto_approve,"Elevated risk driven by: unusually low order value, home category, tier3 delivery area",0.16,logreg_v1_step2,2026-08-23T06:30:21.573233+00:00
75994b69-3e3f-4c72-b2bb-93508ab91eb6,115b599a-217b-402c-bf2e-d673a28b8b6a,0.0996,auto_approve,"Elevated risk driven by: no prior return history available, first-time buyer, unusually low order value",0.16,logreg_v1_step2,2026-08-23T06:30:21.573233+00:00
0ae5f2eb-c6ba-4f69-b7de-feff3cee1edc,f91b87e4-35a7-481d-96ba-a679feba54f3,0.222,flag_for_review,"Elevated risk driven by: COD payment, unusually low order value, beauty category",0.16,logreg_v1_step2,2026-08-23T06:30:21.573233+00:00
0cf9bd6d-2645-4145-b981-2991ca64167b,93d11106-41d0-4c5d-ac79-1d9d6f90bcbf,0.0679,auto_approve,"Elevated risk driven by: home category, unusually low order value",0.16,logreg_v1_step2,2026-08-23T06:30:21.573233+00:00
7f0a9567-9540-41c6-aac5-e3c86426a473,7577f5f5-f434-4ba2-be8d-bc819a90aa7d,0.0769,auto_approve,"Elevated risk driven by: COD payment, large discount, unusually low order value",0.16,logreg_v1_step2,2026-08-23T06:30:21.573233+00:00
219c3c33-dd49-4b60-bffd-edbcd73fb2b3,4942d716-fa51-452f-aeaf-c11d692c023b,0.2209,flag_for_review,"Elevated risk driven by: COD payment, unusually low order value, beauty category",0.16,logreg_v1_step2,2026-08-23T06:30:21.573233+00:00
c7b13332-cf3b-4b66-9d0b-1b833e904022,91d9555b-1d4d-4f40-aeaa-eb332e280fbc,0.1767,flag_for_review,"Elevated risk driven by: no prior return history available, first-time buyer, tier3 delivery area",0.16,logreg_v1_step2,2026-08-23T06:30:21.573233+00:00
0f4c4756-15c9-468c-95fd-7c655bf15889,9b953703-f2f8-4d8c-8268-2a1ea047d3a4,0.0955,auto_approve,"Elevated risk driven by: customer's return history, beauty category",0.16,logreg_v1_step2,2026-08-23T06:30:21.573233+00:00
37028efa-968b-4b89-afbb-c8707782bb84,09f0bdb4-9a82-4836-9937-2f88cb2c1621,0.3675,flag_for_review,"Elevated risk driven by: size-dependent item, tier3 delivery area, unusually low order value",0.16,logreg_v1_step2,2026-08-23T06:30:21.573233+00:00
f5f7d3e0-d51a-4450-b96a-efe15e742809,61e68552-c2ac-46ab-b349-d5252a071eca,0.1025,auto_approve,"Elevated risk driven by: home category, tier3 delivery area",0.16,logreg_v1_step2,2026-08-23T06:30:21.573233+00:00
f857b3ed-2b28-422d-8e81-ac6d842cc365,b15097c2-354a-48aa-8b88-0fc27a70d24f,0.1966,flag_for_review,"Elevated risk driven by: size-dependent item, fashion category, customer's return history",0.16,logreg_v1_step2,2026-08-23T06:30:21.573233+00:00
69fb4030-8f31-44ae-9a01-dc0bc2d0cabe,cba1f52f-9905-4405-b96d-4c622c0b248e,0.286,flag_for_review,"Elevated risk driven by: size-dependent item, COD payment, customer's return history",0.16,logreg_v1_step2,2026-08-23T06:30:21.573233+00:00
10ef7642-ac14-46fc-b199-b6cdc4c89e16,078f9f9a-5da9-4764-b5e3-00ee1774a365,0.034,auto_approve,Elevated risk driven by: customer's return history,0.16,logreg_v1_step2,2026-08-23T06:30:21.573233+00:00
d4e31f24-cd9e-429e-98b9-88854021ee5f,87699cd8-cca3-418f-9a3e-144a0cbaca68,0.3141,flag_for_review,"Elevated risk driven by: size-dependent item, COD payment, fashion category",0.16,logreg_v1_step2,2026-08-23T06:30:21.573233+00:00
40585145-3131-4aae-afdf-1ba6df0b3f34,77e96371-82ca-416e-af8f-071e169e4282,0.3594,flag_for_review,"Elevated risk driven by: size-dependent item, COD payment, fashion category",0.16,logreg_v1_step2,2026-08-23T06:30:21.573233+00:00
31e7f7c4-7901-4328-8c55-c78976b2f796,9d939e1c-b8da-4c70-95f1-935678f16771,0.0415,auto_approve,Elevated risk driven by: unusually low order value,0.16,logreg_v1_step2,2026-08-23T06:30:21.573233+00:00
c7b2577b-5557-4c65-ab5d-34c409929521,c904ec2c-7f29-484b-be4f-044c07d7f538,0.3056,flag_for_review,"Elevated risk driven by: no prior return history available, first-time buyer, unusually low order value",0.16,logreg_v1_step2,2026-08-23T06:30:21.573233+00:00
3f18b36c-b8b3-44b5-bbfd-1c1a3c22018e,016c991c-d324-4a0d-8554-0f6f7eab3aae,0.2109,flag_for_review,"Elevated risk driven by: large discount, no prior return history available, first-time buyer",0.16,logreg_v1_step2,2026-08-23T06:30:21.573233+00:00
e41c19c0-9001-4313-915b-bbcda8313fcc,a3c6430f-e9eb-4c47-9359-730c9e42a716,0.0311,auto_approve,"Elevated risk driven by: customer's return history, unusually low order value",0.16,logreg_v1_step2,2026-08-23T06:30:21.573233+00:00
2f1830a8-8f51-45ef-a71b-1c011d91c276,0b078fe6-bb44-4c06-aa6b-c50edd30d526,0.3782,flag_for_review,"Elevated risk driven by: size-dependent item, COD payment, unusually low order value",0.16,logreg_v1_step2,2026-08-23T06:30:21.573233+00:00
be3b66b1-bb83-4202-bc92-cb9d4fda93bb,d684615e-b5d2-4dff-856f-f7aa94f57139,0.1742,flag_for_review,"Elevated risk driven by: size-dependent item, customer's return history, unusually low order value",0.16,logreg_v1_step2,2026-08-23T06:30:21.573233+00:00
ed0111a3-89bf-4648-8745-fba98dc5e9df,3f175ef7-cb46-404c-ae55-2d22b3544172,0.235,flag_for_review,"Elevated risk driven by: size-dependent item, large discount, fashion category",0.16,logreg_v1_step2,2026-08-23T06:30:21.573233+00:00
923a3183-ab88-48b6-bcfe-5b8f03b4d7a9,2a199d42-4b29-4a69-bdae-61711686d721,0.468,flag_for_review,"Elevated risk driven by: size-dependent item, no prior return history available, first-time buyer",0.16,logreg_v1_step2,2026-08-23T06:30:21.573233+00:00
da0e0500-21d0-4cb0-9f55-8c71881245f4,837de4f1-00c2-48be-93ad-a2147a1f43db,0.5314,flag_for_review,"Elevated risk driven by: size-dependent item, COD payment, no prior return history available",0.16,logreg_v1_step2,2026-08-23T06:30:21.573233+00:00
f22d998d-74ca-49d3-9c90-f5e0842a5b38,ec513aca-b3ea-457e-b9fd-46a0fbbd0108,0.065,auto_approve,"Elevated risk driven by: beauty category, unusually low order value",0.16,logreg_v1_step2,2026-08-23T06:30:21.573233+00:00
4655e180-f32c-4a72-af2e-914db020f4be,9cfbe601-0322-4c7f-a8fc-089374a870d3,0.2801,flag_for_review,"Elevated risk driven by: COD payment, unusually low order value, beauty category",0.16,logreg_v1_step2,2026-08-23T06:30:21.573233+00:00
0c664408-28fe-4726-8be6-536f975816ec,2e69e260-0ee4-43cf-9c88-a409981081c6,0.232,flag_for_review,"Elevated risk driven by: COD payment, fashion category, customer's return history",0.16,logreg_v1_step2,2026-08-23T06:30:21.573233+00:00
f2138e45-8c30-47f7-b256-aa71a1a27c31,928114f7-f956-485a-b601-6b40b48c18d7,0.2845,flag_for_review,"Elevated risk driven by: size-dependent item, unusually low order value, fashion category",0.16,logreg_v1_step2,2026-08-23T06:30:21.573233+00:00
d5edbfb5-b23d-496f-bf51-a38f7ae9c596,eb671c1e-81f6-496c-b68d-49ea47acde37,0.1733,flag_for_review,"Elevated risk driven by: size-dependent item, fashion category",0.16,logreg_v1_step2,2026-08-23T06:30:21.573233+00:00
57cb7c19-95bd-44e3-8888-9bcb10f8de5f,55d5bc4c-7c8a-442f-b65c-64ab85db7d38,0.0593,auto_approve,Elevated risk driven by: unusually low order value,0.16,logreg_v1_step2,2026-08-23T06:30:21.573233+00:00
b8634a9b-b17b-4b61-9d1f-467741a46ae0,fd6cccad-5f4f-45ca-8142-59059b87515b,0.0564,auto_approve,"Elevated risk driven by: size-dependent item, tier3 delivery area, fashion category",0.16,logreg_v1_step2,2026-08-23T06:30:21.573233+00:00
392575d2-d6f0-4d0a-b265-42843fb486c2,cd41d912-6dd3-48f5-8321-ab579b72c57a,0.0637,auto_approve,"Elevated risk driven by: tier3 delivery area, unusually low order value, customer's order count",0.16,logreg_v1_step2,2026-08-23T06:30:21.573233+00:00
40d9b8e5-0abc-498a-8406-a5fb223a025a,61333330-b1a5-4c86-81d1-a619578e5835,0.19,flag_for_review,"Elevated risk driven by: size-dependent item, COD payment, fashion category",0.16,logreg_v1_step2,2026-08-23T06:30:21.573233+00:00
f709f4a0-a84c-4166-a082-f1765fa49426,041cf125-f1c4-4f04-95ec-a4fd5838d35a,0.2687,flag_for_review,"Elevated risk driven by: large discount, COD payment, tier3 delivery area",0.16,logreg_v1_step2,2026-08-23T06:30:21.573233+00:00
16333855-8ddb-4600-b906-4658e452db37,3bf94f31-a69a-4672-af18-93b6ddcad665,0.8352,flag_for_review,"Elevated risk driven by: customer's return history, size-dependent item, large discount",0.16,logreg_v1_step2,2026-08-23T06:30:21.573233+00:00
7293aecb-5a3e-4e6c-b84f-ad9aee11b7d8,eeb31956-eff1-4d4c-88b9-4562dc040f82,0.1078,auto_approve,"Elevated risk driven by: large discount, unusually low order value",0.16,logreg_v1_step2,2026-08-23T06:30:21.573233+00:00
0c68f9db-0bff-43b7-9daf-aa3d9a991044,d5adff28-034d-4e06-a674-681f43e80c97,0.5233,flag_for_review,"Elevated risk driven by: size-dependent item, COD payment, customer's return history",0.16,logreg_v1_step2,2026-08-23T06:30:21.573233+00:00
e2643fea-b288-455d-af5e-d0b6eb2dc08c,f798ef7e-e2a3-4c54-b902-894eaf540d62,0.1638,flag_for_review,"Elevated risk driven by: COD payment, home category, large discount",0.16,logreg_v1_step2,2026-08-23T06:30:21.573233+00:00
73755eea-110a-4730-9ee9-0a4980f5037f,c6bd3ced-8dfd-418f-9676-7701c939761a,0.0415,auto_approve,"Elevated risk driven by: COD payment, tier3 delivery area, unusually low order value",0.16,logreg_v1_step2,2026-08-23T06:30:21.573233+00:00
f7acd24d-ac22-4d29-bacd-2a984f0a006a,928114f7-f956-485a-b601-6b40b48c18d7,0.0925,auto_approve,Elevated risk driven by: home category,0.16,logreg_v1_step2,2026-08-23T06:30:21.573233+00:00
a157df59-7622-4083-a4ce-18a56b2afbd4,82715f5b-0eb8-4809-b878-05fd95a15158,0.0307,auto_approve,Elevated risk driven by: unusually low order value,0.16,logreg_v1_step2,2026-08-23T06:30:21.573233+00:00
9acf71b6-ab33-44fe-a4f9-1dccc8ccbcd7,041e6bc9-db72-4f93-9250-95c5729fd5f6,0.4452,flag_for_review,"Elevated risk driven by: COD payment, unusually low order value, home category",0.16,logreg_v1_step2,2026-08-23T06:30:21.573233+00:00
24d8fc0b-02fc-43da-b5f7-ac29fb3293c9,90d4ab83-9a96-4a21-9db9-c0621084e983,0.3785,flag_for_review,"Elevated risk driven by: size-dependent item, COD payment, unusually low order value",0.16,logreg_v1_step2,2026-08-23T06:30:21.573233+00:00
5d228dcd-64ab-4b33-947f-9f704f43f2e8,b23d847d-997a-4928-9b10-f50e4fa93ba9,0.0118,auto_approve,No strong individual risk drivers identified.,0.16,logreg_v1_step2,2026-08-23T06:30:21.573233+00:00
5c573fba-8b45-4d6a-a7fe-14ea95f20a77,737e35bc-4ea3-42a4-9c26-b22f7099bf28,0.1037,auto_approve,"Elevated risk driven by: home category, unusually low order value",0.16,logreg_v1_step2,2026-08-23T06:30:21.573233+00:00
f084659c-b164-4111-bd67-b967ada311a9,22c2ba19-c5f8-4c06-b445-29833dc88d67,0.2976,flag_for_review,"Elevated risk driven by: large discount, no prior return history available, first-time buyer",0.16,logreg_v1_step2,2026-08-23T06:30:21.573233+00:00
37f93f2a-a205-4b64-b458-d5515222b9ea,079ccc14-56e1-44f4-b53d-a66ed0eeac29,0.1902,flag_for_review,"Elevated risk driven by: no prior return history available, first-time buyer, large discount",0.16,logreg_v1_step2,2026-08-23T06:30:21.573233+00:00
30b83789-ec72-46d7-98b2-9674ee382b6b,57086f9c-0b28-4eb4-9beb-e6a656c5d362,0.4164,flag_for_review,"Elevated risk driven by: COD payment, no prior return history available, first-time buyer",0.16,logreg_v1_step2,2026-08-23T06:30:21.573233+00:00
a74d3077-7f4b-4ea7-8dae-17b502de0079,13305eb5-fa9e-4ad0-82e5-51bd1825bb0e,0.3872,flag_for_review,"Elevated risk driven by: size-dependent item, COD payment, unusually low order value",0.16,logreg_v1_step2,2026-08-23T06:30:21.573233+00:00
ba2fd8b4-40a0-42aa-96dd-3819b415e60c,a08bc761-e2d2-46cc-952a-3d23d15d5fac,0.2906,flag_for_review,"Elevated risk driven by: size-dependent item, fashion category, unusually low order value",0.16,logreg_v1_step2,2026-08-23T06:30:21.573233+00:00
0435f0e3-ac03-4100-a0c8-e82b2a73438f,7ac50be3-7d5d-43cf-b103-1bd15ed90d91,0.1665,flag_for_review,"Elevated risk driven by: size-dependent item, fashion category",0.16,logreg_v1_step2,2026-08-23T06:30:21.573233+00:00
7ba77470-900b-4237-9307-19feeb83c842,551aee57-0df4-4a51-9afa-0babaf28b33a,0.3649,flag_for_review,"Elevated risk driven by: large discount, COD payment, unusually low order value",0.16,logreg_v1_step2,2026-08-23T06:30:21.573233+00:00
3f5ae9a6-35e7-40a7-b729-0334f436ad6e,e46f6f26-c239-4aa1-9c65-1209e9e43c60,0.1434,auto_approve,"Elevated risk driven by: large discount, tier3 delivery area, customer's return history",0.16,logreg_v1_step2,2026-08-23T06:30:21.573233+00:00
72997d72-f203-4d3b-baa5-14f8168ec6c9,4bc409c6-b5e2-418c-b091-811f237e5d34,0.1487,auto_approve,"Elevated risk driven by: COD payment, home category, customer's return history",0.16,logreg_v1_step2,2026-08-23T06:30:21.573233+00:00
c7025a38-8562-4574-826e-82f83fe24aa3,06fa83b8-abe4-4d16-bee5-b47d755da75c,0.7045,flag_for_review,"Elevated risk driven by: size-dependent item, COD payment, no prior return history available",0.16,logreg_v1_step2,2026-08-23T06:30:21.573233+00:00
1493bcef-b6dc-451f-b314-b6a2394d5f7f,928114f7-f956-485a-b601-6b40b48c18d7,0.1018,auto_approve,"Elevated risk driven by: home category, large discount",0.16,logreg_v1_step2,2026-08-23T06:30:21.573233+00:00
9213b7ea-7b5c-4b83-8c74-cb927d83a431,61ae023e-6ada-495e-a057-0f2fa2e1887b,0.2175,flag_for_review,"Elevated risk driven by: large discount, unusually low order value, beauty category",0.16,logreg_v1_step2,2026-08-23T06:30:21.573233+00:00
e5aaaab3-070c-47ea-b3ad-0026ffbc48a4,2b6f7b91-8644-4001-be0d-167dfe018e72,0.0795,auto_approve,"Elevated risk driven by: customer's return history, unusually low order value, tier3 delivery area",0.16,logreg_v1_step2,2026-08-23T06:30:21.573233+00:00
64189197-db82-49eb-a7d8-c846eeaf49dd,bcdeb425-8e18-4df0-9d56-77acc6d259f7,0.0425,auto_approve,Elevated risk driven by: large discount,0.16,logreg_v1_step2,2026-08-23T06:30:21.573233+00:00
5130ab83-5e6e-411f-a612-b763a19bcb07,d684615e-b5d2-4dff-856f-f7aa94f57139,0.3262,flag_for_review,"Elevated risk driven by: size-dependent item, unusually low order value, fashion category",0.16,logreg_v1_step2,2026-08-23T06:30:21.573233+00:00
d369bb2e-98a5-4437-bf4a-1ac47ad17b42,06fa83b8-abe4-4d16-bee5-b47d755da75c,0.0969,auto_approve,"Elevated risk driven by: large discount, fashion category",0.16,logreg_v1_step2,2026-08-23T06:30:21.573233+00:00
d3f4451f-03b0-449d-8668-6d5f521848e2,6691be4b-2f05-471e-880b-641b361f736f,0.2228,flag_for_review,"Elevated risk driven by: COD payment, unusually low order value, fashion category",0.16,logreg_v1_step2,2026-08-23T06:30:21.573233+00:00
bfecd89f-72e1-4525-9b0f-76217ab59791,d9f7677b-982b-4d8f-a00d-0d3197829e14,0.1679,flag_for_review,"Elevated risk driven by: large discount, tier3 delivery area, beauty category",0.16,logreg_v1_step2,2026-08-23T06:30:21.573233+00:00
637052ec-bbcd-44a5-a9f5-cd12515a2764,c098bafa-20a7-4c6c-9fce-d433c8e83be7,0.5529,flag_for_review,"Elevated risk driven by: size-dependent item, COD payment, no prior return history available",0.16,logreg_v1_step2,2026-08-23T06:30:21.573233+00:00
ca7ba988-a9c7-40f9-be8c-1d8e10b152bb,551aee57-0df4-4a51-9afa-0babaf28b33a,0.3353,flag_for_review,"Elevated risk driven by: size-dependent item, COD payment, unusually low order value",0.16,logreg_v1_step2,2026-08-23T06:30:21.573233+00:00
8d78f372-b36e-45d3-9aa1-71eaa72cac95,b0766d31-1a36-4d3f-a85e-96413fb52d53,0.1191,auto_approve,"Elevated risk driven by: tier3 delivery area, fashion category, large discount",0.16,logreg_v1_step2,2026-08-23T06:30:21.573233+00:00
465ffdde-4468-4b7a-8c69-e9bb2da42ec3,ef3c5eb1-df39-44cd-b40c-2dba5d3ff964,0.1348,auto_approve,"Elevated risk driven by: home category, unusually low order value, large discount",0.16,logreg_v1_step2,2026-08-23T06:30:21.573233+00:00
e2cd07c4-6ef3-434d-b513-0dd3cd74be69,851bce31-8a60-458f-830f-b3f6e2bd61e1,0.1334,auto_approve,"Elevated risk driven by: COD payment, customer's return history, unusually low order value",0.16,logreg_v1_step2,2026-08-23T06:30:21.573233+00:00
40fc86ef-c787-4bca-bf4f-4dc97d065f66,afbe74ba-9fee-4350-a27d-bd3ca31df4c2,0.055,auto_approve,"Elevated risk driven by: unusually low order value, large discount",0.16,logreg_v1_step2,2026-08-23T06:30:21.573233+00:00
c10f5369-43c8-4d10-a86a-44d8d1833667,80cef85a-5938-4801-9fa5-9b6c0de0cc08,0.2705,flag_for_review,"Elevated risk driven by: size-dependent item, unusually low order value, fashion category",0.16,logreg_v1_step2,2026-08-23T06:30:21.573233+00:00
8f463fdf-3872-495a-b13e-a1b42b91a16c,73a298d3-d463-4abb-8029-d3de23df5627,0.651,flag_for_review,"Elevated risk driven by: size-dependent item, no prior return history available, first-time buyer",0.16,logreg_v1_step2,2026-08-23T06:30:21.573233+00:00
0080cc60-cea2-4e11-b128-fcfa416453e5,041e6bc9-db72-4f93-9250-95c5729fd5f6,0.1696,flag_for_review,"Elevated risk driven by: size-dependent item, fashion category, customer's return history",0.16,logreg_v1_step2,2026-08-23T06:30:21.573233+00:00
647e1a62-65aa-4b52-b457-566c79460822,ebb8a1f2-51a7-4500-b1ee-9350840d7c45,0.1443,auto_approve,"Elevated risk driven by: size-dependent item, customer's return history, fashion category",0.16,logreg_v1_step2,2026-08-23T06:30:21.573233+00:00
a5294b6e-fbf6-4c54-8c91-8205e03e5973,ac46d877-8423-49a6-902f-7054e0aa8316,0.2446,flag_for_review,"Elevated risk driven by: size-dependent item, large discount, tier3 delivery area",0.16,logreg_v1_step2,2026-08-23T06:30:21.573233+00:00
25ed88ec-0089-4f3a-b113-ae94b87e29bd,ade38847-ed43-40bb-86a7-c04000915ee5,0.2405,flag_for_review,"Elevated risk driven by: size-dependent item, tier3 delivery area, fashion category",0.16,logreg_v1_step2,2026-08-23T06:30:21.573233+00:00
bb427d62-8b58-4710-8c34-27bc848835a2,8e026cd5-66a9-4e6d-a84e-003050b8f814,0.3724,flag_for_review,"Elevated risk driven by: size-dependent item, unusually low order value, tier3 delivery area",0.16,logreg_v1_step2,2026-08-23T06:30:21.573233+00:00
27766488-5a08-4504-b024-9a5c3b127ddf,13305eb5-fa9e-4ad0-82e5-51bd1825bb0e,0.3293,flag_for_review,"Elevated risk driven by: COD payment, large discount, home category",0.16,logreg_v1_step2,2026-08-23T06:30:21.573233+00:00
e418ed6f-7e77-401f-bf62-96b3c89b435a,530bbe2d-ad3a-48f9-bc50-6461db39ef79,0.2073,flag_for_review,"Elevated risk driven by: customer's return history, tier3 delivery area, beauty category",0.16,logreg_v1_step2,2026-08-23T06:30:21.573233+00:00
747bf6c5-5417-4dc6-b5d3-60a1bc07ba31,c098bafa-20a7-4c6c-9fce-d433c8e83be7,0.0983,auto_approve,"Elevated risk driven by: unusually low order value, tier3 delivery area, customer's return history",0.16,logreg_v1_step2,2026-08-23T06:30:21.573233+00:00
addad229-2c77-4dc9-8a96-4c4468bbc05d,3cee8f97-6a9f-48bd-9130-1eeb62534fd4,0.0777,auto_approve,"Elevated risk driven by: large discount, beauty category, unusually low order value",0.16,logreg_v1_step2,2026-08-23T06:30:21.573233+00:00
a7aecd62-03d1-44eb-863b-5250596b1eed,b23d847d-997a-4928-9b10-f50e4fa93ba9,0.6948,flag_for_review,"Elevated risk driven by: size-dependent item, COD payment, no prior return history available",0.16,logreg_v1_step2,2026-08-23T06:30:21.573233+00:00
7c7749bc-7a4b-4c8b-88f9-841f166b63ee,f4f9557a-86f4-4bf5-ae07-480ff58c6f7a,0.0381,auto_approve,"Elevated risk driven by: fashion category, large discount",0.16,logreg_v1_step2,2026-08-23T06:30:21.573233+00:00
d98a5db8-71de-4a4d-b72d-182ad57fd88d,97097040-636b-45f4-85e0-9e1a52c27325,0.1887,flag_for_review,"Elevated risk driven by: large discount, COD payment, unusually low order value",0.16,logreg_v1_step2,2026-08-23T06:30:21.573233+00:00
9218e805-6d2d-4a21-9262-24ad9b089fa1,dbdf1969-e161-463d-b520-08e2df0434e9,0.5162,flag_for_review,"Elevated risk driven by: size-dependent item, COD payment, unusually low order value",0.16,logreg_v1_step2,2026-08-23T06:30:21.573233+00:00
58e70497-649a-4f9d-95aa-8723cdc293dd,cba1f52f-9905-4405-b96d-4c622c0b248e,0.3483,flag_for_review,"Elevated risk driven by: size-dependent item, customer's return history, fashion category",0.16,logreg_v1_step2,2026-08-23T06:30:21.573233+00:00
2ecd517f-eed9-4144-9e32-5d9b8ef8c605,041cf125-f1c4-4f04-95ec-a4fd5838d35a,0.1404,auto_approve,"Elevated risk driven by: customer's return history, unusually low order value, fashion category",0.16,logreg_v1_step2,2026-08-23T06:30:21.573233+00:00
df8dba1f-d4d7-4336-8b7e-c8893fa253d0,50dc3803-1af4-4a0a-8917-ca0e73db20ad,0.2697,flag_for_review,"Elevated risk driven by: COD payment, no prior return history available, first-time buyer",0.16,logreg_v1_step2,2026-08-23T06:30:21.573233+00:00
b1a02252-315a-475e-b45b-36e94565c914,ca387ff8-0675-453b-aac2-60dc063177d4,0.2247,flag_for_review,"Elevated risk driven by: size-dependent item, large discount, fashion category",0.16,logreg_v1_step2,2026-08-23T06:30:21.573233+00:00
c6b283c4-8ead-458d-beaa-98cee339bf78,75eeaa53-7844-43df-bc21-e13cd628ffb7,0.0947,auto_approve,"Elevated risk driven by: size-dependent item, fashion category",0.16,logreg_v1_step2,2026-08-23T06:30:21.573233+00:00
5a52dc60-149c-4442-a4e8-6f9bf7d16096,61e68552-c2ac-46ab-b349-d5252a071eca,0.1279,auto_approve,"Elevated risk driven by: home category, large discount, unusually low order value",0.16,logreg_v1_step2,2026-08-23T06:30:21.573233+00:00
81791bfe-91ae-4410-afa2-1b3b1d72340d,f7620ff0-2d52-4476-8dbe-6126a23c6314,0.251,flag_for_review,"Elevated risk driven by: size-dependent item, COD payment, unusually low order value",0.16,logreg_v1_step2,2026-08-23T06:30:21.573233+00:00
6d8fa74d-865c-4cd0-97e8-dbe32b29ddbf,2b8cf314-838b-4c8f-9920-aa21aa9bc626,0.1848,flag_for_review,"Elevated risk driven by: size-dependent item, fashion category, customer's return history",0.16,logreg_v1_step2,2026-08-23T06:30:21.573233+00:00
0f0bb865-7e12-4c3d-b4f0-68b1152d0b72,b6352c97-2241-47d4-89b2-77d21afae1a8,0.4523,flag_for_review,"Elevated risk driven by: COD payment, no prior return history available, first-time buyer",0.16,logreg_v1_step2,2026-08-23T06:30:21.573233+00:00
7e51c4a5-e1b5-4cb6-9a48-5304a49044a3,4c19ca15-e9d8-445e-9a4a-ef49bd34d343,0.1468,auto_approve,"Elevated risk driven by: tier3 delivery area, fashion category",0.16,logreg_v1_step2,2026-08-23T06:30:21.573233+00:00
92a5b85a-b503-4c04-8562-0e4eed169d7e,ac0ed3da-6d79-4329-959d-5629884008b4,0.0846,auto_approve,"Elevated risk driven by: large discount, unusually low order value",0.16,logreg_v1_step2,2026-08-23T06:30:21.573233+00:00
23548c5e-f497-4cac-97ef-1d3228774ca1,7577f5f5-f434-4ba2-be8d-bc819a90aa7d,0.1848,flag_for_review,"Elevated risk driven by: large discount, home category, unusually low order value",0.16,logreg_v1_step2,2026-08-23T06:30:21.573233+00:00
69d1a748-153b-4bb6-b1bd-dcbccaf64771,c098bafa-20a7-4c6c-9fce-d433c8e83be7,0.2836,flag_for_review,"Elevated risk driven by: COD payment, unusually low order value, beauty category",0.16,logreg_v1_step2,2026-08-23T06:30:21.573233+00:00
59ca70d2-2c75-4aeb-9626-eda6fb0dbb8e,6691be4b-2f05-471e-880b-641b361f736f,0.1146,auto_approve,"Elevated risk driven by: COD payment, customer's return history, tier3 delivery area",0.16,logreg_v1_step2,2026-08-23T06:30:21.573233+00:00
c9253d44-b071-48d0-9c18-66679b8d6a0e,6d943111-c6e7-4f72-bbef-d921725cad88,0.085,auto_approve,"Elevated risk driven by: COD payment, tier3 delivery area",0.16,logreg_v1_step2,2026-08-23T06:30:21.573233+00:00
c3b3c3e0-6ed6-4029-9da6-e0b11ec3df58,6dcbc337-b789-4bd9-a661-20e6aae5f28e,0.2162,flag_for_review,"Elevated risk driven by: no prior return history available, first-time buyer, large discount",0.16,logreg_v1_step2,2026-08-23T06:30:21.573233+00:00
0b251503-2b78-444a-b9e7-ec01dd516da8,1e8c36c2-6ec2-42d0-bed2-1a1c361dd692,0.2761,flag_for_review,"Elevated risk driven by: COD payment, unusually low order value, large discount",0.16,logreg_v1_step2,2026-08-23T06:30:21.573233+00:00
1386dd28-a523-4ee5-8b3f-fce6fd81cb97,07a92d2c-8c2e-4fb1-85f3-8f78e6c7b100,0.0168,auto_approve,"Elevated risk driven by: customer's return history, large discount",0.16,logreg_v1_step2,2026-08-23T06:30:21.573233+00:00
9f937a9a-e006-46ce-b1b6-ab57b6b5f781,a09493a3-424f-41ac-98a4-25e441b5984d,0.0329,auto_approve,"Elevated risk driven by: customer's return history, unusually low order value",0.16,logreg_v1_step2,2026-08-23T06:30:21.573233+00:00
92383758-5534-435d-8f31-e00a7744be8a,5a4e456a-7177-438a-a82d-59e0133f3eb9,0.0547,auto_approve,"Elevated risk driven by: large discount, unusually low order value, customer's order count",0.16,logreg_v1_step2,2026-08-23T06:30:21.573233+00:00
32fb4a59-0910-4128-bbbf-c8d268b5b6c8,2610fe33-8b0a-4c9b-8c47-756cf516e89b,0.0144,auto_approve,Elevated risk driven by: customer's return history,0.16,logreg_v1_step2,2026-08-23T06:30:21.573233+00:00
5db101de-e4f4-474f-ab10-57f5ca3f4098,6691be4b-2f05-471e-880b-641b361f736f,0.2649,flag_for_review,"Elevated risk driven by: COD payment, unusually low order value, beauty category",0.16,logreg_v1_step2,2026-08-23T06:30:21.573233+00:00
650da976-62e2-4cd0-b8ee-2d2c2480cad2,7577f5f5-f434-4ba2-be8d-bc819a90aa7d,0.0609,auto_approve,Elevated risk driven by: unusually low order value,0.16,logreg_v1_step2,2026-08-23T06:30:21.573233+00:00
bf2d5ca3-053a-4e14-8522-26d5a1a6189c,844e1cc6-38c0-44c1-8fb0-2171c4ac07a9,0.1951,flag_for_review,"Elevated risk driven by: size-dependent item, unusually low order value, fashion category",0.16,logreg_v1_step2,2026-08-23T06:30:21.573233+00:00
b5f9f41e-0cd3-4e8a-a6af-ed628c2538ba,772d36a4-d6df-4d66-9917-a525369a3d91,0.0359,auto_approve,"Elevated risk driven by: unusually low order value, delivery time",0.16,logreg_v1_step2,2026-08-23T06:30:21.573233+00:00
d9452ede-6aa7-47e5-ac5a-07f025e73ccb,b15097c2-354a-48aa-8b88-0fc27a70d24f,0.2577,flag_for_review,"Elevated risk driven by: size-dependent item, customer's return history, fashion category",0.16,logreg_v1_step2,2026-08-23T06:30:21.573233+00:00
ddec9ca4-3d23-4208-a9f7-39313addc4b7,3bf94f31-a69a-4672-af18-93b6ddcad665,0.1244,auto_approve,"Elevated risk driven by: customer's return history, unusually low order value",0.16,logreg_v1_step2,2026-08-23T06:30:21.573233+00:00
1f1af34d-1e6e-4ebf-848f-14e8dd59aa4b,879efc3e-a486-44ac-a9cc-29dca850ccc1,0.1981,flag_for_review,"Elevated risk driven by: size-dependent item, fashion category, unusually low order value",0.16,logreg_v1_step2,2026-08-23T06:30:21.573233+00:00
66827bdc-d96a-4a24-9ed7-afc6ccdcb1b2,1f06f63a-b4b1-4b03-bfcd-0334b93f8852,0.4009,flag_for_review,"Elevated risk driven by: size-dependent item, COD payment, unusually low order value",0.16,logreg_v1_step2,2026-08-23T06:30:21.573233+00:00
d170fea9-e132-4e54-be64-3b01b069986b,ec513aca-b3ea-457e-b9fd-46a0fbbd0108,0.1214,auto_approve,"Elevated risk driven by: home category, unusually low order value, large discount",0.16,logreg_v1_step2,2026-08-23T06:30:21.573233+00:00
bb207160-d4fd-4b1b-bd73-56912f0d7b7e,97097040-636b-45f4-85e0-9e1a52c27325,0.0784,auto_approve,"Elevated risk driven by: COD payment, large discount",0.16,logreg_v1_step2,2026-08-23T06:30:21.573233+00:00
6700d68a-31fb-4829-8b83-8102c402610b,bf399c79-ed8b-467b-897d-934545d5ad52,0.22,flag_for_review,"Elevated risk driven by: COD payment, tier3 delivery area, unusually low order value",0.16,logreg_v1_step2,2026-08-23T06:30:21.573233+00:00
a4466924-03e7-44e3-b858-0e00e01ead28,13305eb5-fa9e-4ad0-82e5-51bd1825bb0e,0.0187,auto_approve,Elevated risk driven by: unusually low order value,0.16,logreg_v1_step2,2026-08-23T06:30:21.573233+00:00
5e19885d-6e75-46e4-a773-3398200ad567,fd6cccad-5f4f-45ca-8142-59059b87515b,0.2536,flag_for_review,"Elevated risk driven by: size-dependent item, large discount, fashion category",0.16,logreg_v1_step2,2026-08-23T06:30:21.573233+00:00
8fcb805c-f29f-4c01-89f5-0dcc15f25f8a,2a199d42-4b29-4a69-bdae-61711686d721,0.2529,flag_for_review,"Elevated risk driven by: customer's return history, COD payment, home category",0.16,logreg_v1_step2,2026-08-23T06:30:21.573233+00:00
c15794e7-309e-404e-8856-d79f4d84dd7f,7e710218-a066-454e-ac63-8df5351b2259,0.0132,auto_approve,No strong individual risk drivers identified.,0.16,logreg_v1_step2,2026-08-23T06:30:21.573233+00:00
f9b4da1f-8729-4a0d-8d5a-b3d6e124b18e,c3667960-275a-45b2-a2fb-3c154cf68002,0.4054,flag_for_review,"Elevated risk driven by: size-dependent item, COD payment, customer's return history",0.16,logreg_v1_step2,2026-08-23T06:30:21.573233+00:00
50da6fd4-7257-4f90-8dbd-6c743ec18b67,31f53599-3fbf-4d54-b360-4ebd731496d0,0.5224,flag_for_review,"Elevated risk driven by: size-dependent item, large discount, COD payment",0.16,logreg_v1_step2,2026-08-23T06:30:21.573233+00:00
273c3f3b-d1ff-40e8-93a7-4e05f4724eca,babfffb7-a46f-4276-be6a-05750fb04212,0.2535,flag_for_review,"Elevated risk driven by: size-dependent item, fashion category, unusually low order value",0.16,logreg_v1_step2,2026-08-23T06:30:21.573233+00:00
d29c3cff-3f88-473c-801e-9d9ec139a550,cd41d912-6dd3-48f5-8321-ab579b72c57a,0.5738,flag_for_review,"Elevated risk driven by: large discount, size-dependent item, COD payment",0.16,logreg_v1_step2,2026-08-23T06:30:21.573233+00:00
badeee8a-078c-40b0-9037-213448c28044,8e026cd5-66a9-4e6d-a84e-003050b8f814,0.1522,auto_approve,"Elevated risk driven by: no prior return history available, first-time buyer, unusually low order value",0.16,logreg_v1_step2,2026-08-23T06:30:21.573233+00:00
517efb4a-a85b-420e-a6e6-4afe93496c53,264713e0-0ea7-4880-9795-f6f977d4d71c,0.0282,auto_approve,No strong individual risk drivers identified.,0.16,logreg_v1_step2,2026-08-23T06:30:21.573233+00:00
a23a009d-2dbb-4827-87f7-fe2843caee6a,b2260d18-fffa-4383-9ce1-cdafe986cab2,0.3921,flag_for_review,"Elevated risk driven by: customer's return history, large discount, COD payment",0.16,logreg_v1_step2,2026-08-23T06:30:21.573233+00:00
89e979c4-6c10-4496-b9db-499356f12ee5,414160ba-7e84-4541-84ff-2f85934b9cb5,0.0207,auto_approve,"Elevated risk driven by: customer's return history, unusually low order value",0.16,logreg_v1_step2,2026-08-23T06:30:21.573233+00:00
bd97841d-bd26-49ca-9a5d-62cb7fa2504e,13305eb5-fa9e-4ad0-82e5-51bd1825bb0e,0.1042,auto_approve,"Elevated risk driven by: size-dependent item, fashion category",0.16,logreg_v1_step2,2026-08-23T06:30:21.573233+00:00
7053508a-64b7-49ab-a0f7-d5e0d6c64547,412fdcc8-a20c-4ee8-986c-d10d8bf4a971,0.1581,auto_approve,"Elevated risk driven by: no prior return history available, first-time buyer, home category",0.16,logreg_v1_step2,2026-08-23T06:30:21.573233+00:00
726baa38-c24e-4b17-9dbd-d41b08463fe5,d6fdc281-9e44-4959-9b10-94c0f2ca13ae,0.1503,auto_approve,"Elevated risk driven by: customer's return history, fashion category, unusually low order value",0.16,logreg_v1_step2,2026-08-23T06:30:21.573233+00:00
78648fef-3434-46fa-b44f-ba7f70eada67,51fb4bf1-3e33-4178-9f07-d94d70620675,0.6588,flag_for_review,"Elevated risk driven by: size-dependent item, COD payment, no prior return history available",0.16,logreg_v1_step2,2026-08-23T06:30:21.573233+00:00
ddd7bd90-a513-4692-84b0-c952f50034af,f03be7b6-589c-4dfc-a5f8-c0f89d4406ff,0.0989,auto_approve,"Elevated risk driven by: COD payment, unusually low order value",0.16,logreg_v1_step2,2026-08-23T06:30:21.573233+00:00
f09941e5-f44a-4a7f-a9e5-f9821672a650,ec513aca-b3ea-457e-b9fd-46a0fbbd0108,0.3729,flag_for_review,"Elevated risk driven by: size-dependent item, large discount, fashion category",0.16,logreg_v1_step2,2026-08-23T06:30:21.573233+00:00
2b75c1d7-c4b3-47f7-8312-3c784a56df2b,957f8462-6bb6-488c-8360-f0a6cde9bfec,0.2327,flag_for_review,"Elevated risk driven by: COD payment, unusually low order value, home category",0.16,logreg_v1_step2,2026-08-23T06:30:21.573233+00:00
2476422a-132f-4fc8-95e6-5a5c4e434845,8cabcba8-2b36-4f7e-984b-440baba9ad97,0.1625,flag_for_review,"Elevated risk driven by: large discount, home category, unusually low order value",0.16,logreg_v1_step2,2026-08-23T06:30:21.573233+00:00
4fdaa4c2-6d98-4adf-a33d-5594abd98b50,97d7ac82-2b8f-4c9e-87c2-0b7f4459006c,0.0893,auto_approve,"Elevated risk driven by: COD payment, no prior return history available, first-time buyer",0.16,logreg_v1_step2,2026-08-23T06:30:21.573233+00:00
c950dc77-da56-474a-8ebe-4a2782fe18ad,e0be4c42-c5d2-46e6-98a3-f57143c81929,0.2035,flag_for_review,"Elevated risk driven by: COD payment, home category, unusually low order value",0.16,logreg_v1_step2,2026-08-23T06:30:21.573233+00:00
b0cd93cf-6f2b-496c-8029-663783196976,33400ab9-e13d-4a05-8847-17a4d6026168,0.2525,flag_for_review,"Elevated risk driven by: large discount, no prior return history available, first-time buyer",0.16,logreg_v1_step2,2026-08-23T06:30:21.573233+00:00
39864921-7f6d-4124-89eb-5a465aa31c97,b3f33ef6-3953-4fa2-b5c0-493473e40312,0.3018,flag_for_review,"Elevated risk driven by: COD payment, unusually low order value, large discount",0.16,logreg_v1_step2,2026-08-23T06:30:21.573233+00:00
93b37c3d-a55b-43a8-8e68-cbc137628a70,f03be7b6-589c-4dfc-a5f8-c0f89d4406ff,0.3054,flag_for_review,"Elevated risk driven by: COD payment, unusually low order value, home category",0.16,logreg_v1_step2,2026-08-23T06:30:21.573233+00:00
8db23f66-07a0-430a-b98e-e9a3dd75fa75,bd1084dd-629c-4150-a764-2ccea032f578,0.087,auto_approve,"Elevated risk driven by: COD payment, large discount, unusually low order value",0.16,logreg_v1_step2,2026-08-23T06:30:21.573233+00:00
a7fc24e6-30a2-4331-8beb-c83df375c2f9,51c62a9a-f387-47be-9870-79041d5914ef,0.0934,auto_approve,"Elevated risk driven by: home category, large discount, unusually low order value",0.16,logreg_v1_step2,2026-08-23T06:30:21.573233+00:00
793082ac-8873-42a7-a699-915bc5ebea2c,e8f694f4-75c7-4b9d-8461-3f6fce844e62,0.1455,auto_approve,"Elevated risk driven by: COD payment, beauty category, unusually low order value",0.16,logreg_v1_step2,2026-08-23T06:30:21.573233+00:00
ad53a70e-fe06-468f-b224-6de9d7eb8ed3,115b599a-217b-402c-bf2e-d673a28b8b6a,0.2319,flag_for_review,"Elevated risk driven by: COD payment, fashion category, customer's return history",0.16,logreg_v1_step2,2026-08-23T06:30:21.573233+00:00
2dad0560-4cb8-4a73-8e8d-6c1f63d646fb,4cd5aebd-9645-4916-a283-2a50de156e5d,0.0259,auto_approve,"Elevated risk driven by: unusually low order value, large discount",0.16,logreg_v1_step2,2026-08-23T06:30:21.573233+00:00
1f618a64-ecf2-48b0-b948-77c8e5a047aa,44966f4a-9060-4681-b0c5-38aabff795b2,0.0233,auto_approve,"Elevated risk driven by: size-dependent item, fashion category",0.16,logreg_v1_step2,2026-08-23T06:30:21.573233+00:00
59642574-c45a-4cee-89c7-98f6f9a6a1f7,bc9aa5af-cb2d-49cb-8b51-cbd09afee7b7,0.2522,flag_for_review,"Elevated risk driven by: size-dependent item, customer's return history, fashion category",0.16,logreg_v1_step2,2026-08-23T06:30:21.573233+00:00
7dde6f31-6273-40a6-9583-8298806467d3,eb9e5347-b3bf-4a4f-b52b-c9111ab81344,0.5685,flag_for_review,"Elevated risk driven by: size-dependent item, no prior return history available, first-time buyer",0.16,logreg_v1_step2,2026-08-23T06:30:21.573233+00:00
0559c53a-d96e-4613-84cc-5b41bc4181a0,079ccc14-56e1-44f4-b53d-a66ed0eeac29,0.1224,auto_approve,"Elevated risk driven by: large discount, customer's return history, unusually low order value",0.16,logreg_v1_step2,2026-08-23T06:30:21.573233+00:00
3df83822-7c5b-403e-9071-b32fea1603a6,3c212041-014e-4793-98f2-826628bba05c,0.1217,auto_approve,"Elevated risk driven by: customer's return history, unusually low order value, beauty category",0.16,logreg_v1_step2,2026-08-23T06:30:21.573233+00:00
584a7849-7c2b-4dc1-8847-2f5550bc7389,617c2dac-ff86-4a50-b68a-9e92a81ce5c4,0.3646,flag_for_review,"Elevated risk driven by: large discount, size-dependent item, unusually low order value",0.16,logreg_v1_step2,2026-08-23T06:30:21.573233+00:00
e17d4e0d-d1f6-4170-bfa7-e11c7a72eae4,5a0bd207-df7a-41c3-8a83-1274a9efee90,0.161,flag_for_review,"Elevated risk driven by: COD payment, tier3 delivery area, beauty category",0.16,logreg_v1_step2,2026-08-23T06:30:21.573233+00:00
ea3e14f0-8334-4a4e-92ce-912a5b0ae721,dcd75ca6-e384-4d4a-a240-2cf7f4192ed6,0.0142,auto_approve,Elevated risk driven by: fashion category,0.16,logreg_v1_step2,2026-08-23T06:30:21.573233+00:00
2bcbdf93-f2b6-4876-ba61-6c653cf03b71,b6da0c58-e09f-4c64-b488-90dde3c22bf1,0.047,auto_approve,Elevated risk driven by: tier3 delivery area,0.16,logreg_v1_step2,2026-08-23T06:30:21.573233+00:00
49971851-d7e1-4084-a0c3-eb012a836aff,bdf5e5de-7033-4345-ac37-819738c0e957,0.2159,flag_for_review,"Elevated risk driven by: COD payment, unusually low order value, beauty category",0.16,logreg_v1_step2,2026-08-23T06:30:21.573233+00:00
0e11b204-e77b-4019-99ac-b8e6f62c24a8,54179b75-2c75-4ee9-90ff-b2d3cf2eeccf,0.0513,auto_approve,"Elevated risk driven by: large discount, size-dependent item, COD payment",0.16,logreg_v1_step2,2026-08-23T06:30:21.573233+00:00
ba30ab4c-c7b1-4823-9d01-c249a2661751,f7243914-f259-4b3f-b4da-cc523ff04815,0.1535,auto_approve,"Elevated risk driven by: COD payment, unusually low order value, large discount",0.16,logreg_v1_step2,2026-08-23T06:30:21.573233+00:00
5a4848f4-2a07-405b-991b-dd20e12a022d,88b88e03-c936-4c7f-ba2d-52cf64525090,0.0444,auto_approve,Elevated risk driven by: tier3 delivery area,0.16,logreg_v1_step2,2026-08-23T06:30:21.573233+00:00
2fe4d8fd-4521-464e-a049-f349ffe9c3b6,bc9aa5af-cb2d-49cb-8b51-cbd09afee7b7,0.1835,flag_for_review,"Elevated risk driven by: size-dependent item, unusually low order value, fashion category",0.16,logreg_v1_step2,2026-08-23T06:30:21.573233+00:00
e29f28cf-9386-4efa-a127-df70e8ac4ee3,9624258c-4f43-4c23-8a52-ae3657722b57,0.1713,flag_for_review,"Elevated risk driven by: COD payment, customer's return history, unusually low order value",0.16,logreg_v1_step2,2026-08-23T06:30:21.573233+00:00
97f8eacb-fed5-4790-929d-92b5db165501,b3f33ef6-3953-4fa2-b5c0-493473e40312,0.189,flag_for_review,"Elevated risk driven by: large discount, home category, customer's return history",0.16,logreg_v1_step2,2026-08-23T06:30:21.573233+00:00
e060562c-ec2c-4e62-aae8-f2ec7f70d468,1cc3c447-4d6e-4ebc-9e5a-40225988d636,0.0321,auto_approve,"Elevated risk driven by: no prior return history available, first-time buyer",0.16,logreg_v1_step2,2026-08-23T06:30:21.573233+00:00
0cb97758-77a6-45fb-b545-169fbd8699a4,ec513aca-b3ea-457e-b9fd-46a0fbbd0108,0.0939,auto_approve,"Elevated risk driven by: large discount, unusually low order value",0.16,logreg_v1_step2,2026-08-23T06:30:21.573233+00:00
185f47d5-1996-404c-a7d6-19c78820dba9,fd6cccad-5f4f-45ca-8142-59059b87515b,0.2038,flag_for_review,"Elevated risk driven by: COD payment, unusually low order value, beauty category",0.16,logreg_v1_step2,2026-08-23T06:30:21.573233+00:00
5c30a6e4-a6cd-4ed5-8770-ffeda303f52f,079ccc14-56e1-44f4-b53d-a66ed0eeac29,0.2263,flag_for_review,"Elevated risk driven by: size-dependent item, unusually low order value, beauty category",0.16,logreg_v1_step2,2026-08-23T06:30:21.573233+00:00
d4565641-a682-442b-a496-e109738ce63f,be86c495-6c85-4ee9-9262-936331392692,0.3343,flag_for_review,"Elevated risk driven by: size-dependent item, no prior return history available, first-time buyer",0.16,logreg_v1_step2,2026-08-23T06:30:21.573233+00:00
52f6c002-0e4b-400e-b467-f88c8463467e,e337d2a3-6032-4e1f-8ce4-a81121aa131e,0.0681,auto_approve,"Elevated risk driven by: customer's return history, unusually low order value",0.16,logreg_v1_step2,2026-08-23T06:30:21.573233+00:00
5c97ab95-3161-4569-af16-6164cc5a5282,879efc3e-a486-44ac-a9cc-29dca850ccc1,0.298,flag_for_review,"Elevated risk driven by: COD payment, unusually low order value, large discount",0.16,logreg_v1_step2,2026-08-23T06:30:21.573233+00:00
1985c0b3-1045-4357-9986-e1612588a26f,e0c7f018-d138-4b2a-8686-c7bc5a512a86,0.2991,flag_for_review,"Elevated risk driven by: size-dependent item, COD payment, fashion category",0.16,logreg_v1_step2,2026-08-23T06:30:21.573233+00:00
16bd8b43-84f7-4c09-abc6-288ce4584864,f511f812-b332-434e-84ac-a8d69f0d2875,0.0493,auto_approve,"Elevated risk driven by: COD payment, unusually low order value",0.16,logreg_v1_step2,2026-08-23T06:30:21.573233+00:00
ce393e58-2688-49b4-bf13-c96461aa7284,0fa4c353-7a11-4f49-99ea-93fd3305878d,0.1101,auto_approve,"Elevated risk driven by: home category, unusually low order value, customer's return history",0.16,logreg_v1_step2,2026-08-23T06:30:21.573233+00:00
5e5e98be-910d-4878-a3be-279fcf289049,0264a3d8-19e4-4ba6-8fef-821e2f029db1,0.0722,auto_approve,"Elevated risk driven by: large discount, unusually low order value",0.16,logreg_v1_step2,2026-08-23T06:30:21.573233+00:00
78731640-7d42-4407-92bc-c39c1d981887,4c19ca15-e9d8-445e-9a4a-ef49bd34d343,0.0207,auto_approve,Elevated risk driven by: customer's return history,0.16,logreg_v1_step2,2026-08-23T06:30:21.573233+00:00
998764ce-6da1-4303-9bc4-5adbd015805d,efca07b7-801d-4f4d-8fd4-f9471ea25c75,0.1715,flag_for_review,"Elevated risk driven by: large discount, fashion category, unusually low order value",0.16,logreg_v1_step2,2026-08-23T06:30:21.573233+00:00
08859239-41e6-46fa-9601-ce71f8f29ddb,078f9f9a-5da9-4764-b5e3-00ee1774a365,0.3641,flag_for_review,"Elevated risk driven by: COD payment, customer's return history, unusually low order value",0.16,logreg_v1_step2,2026-08-23T06:30:21.573233+00:00
148340ce-bea5-4055-8a8e-c85c50c771bf,feb110b5-88cd-477f-98d9-c4648c9e917a,0.2186,flag_for_review,"Elevated risk driven by: size-dependent item, fashion category, unusually low order value",0.16,logreg_v1_step2,2026-08-23T06:30:21.573233+00:00
eac7ffa4-cf01-4b37-bc38-4bdfa3c7f3ca,dafa4cb3-c022-4df8-a53f-f33eccbb2af0,0.3762,flag_for_review,"Elevated risk driven by: size-dependent item, large discount, tier3 delivery area",0.16,logreg_v1_step2,2026-08-23T06:30:21.573233+00:00
a7ca4ca8-efcd-4a59-8289-28280c2ff2e2,5a4e456a-7177-438a-a82d-59e0133f3eb9,0.1518,auto_approve,"Elevated risk driven by: COD payment, unusually low order value",0.16,logreg_v1_step2,2026-08-23T06:30:21.573233+00:00
02ab6723-9729-428f-a444-10951662e517,b6da0c58-e09f-4c64-b488-90dde3c22bf1,0.127,auto_approve,"Elevated risk driven by: size-dependent item, fashion category, unusually low order value",0.16,logreg_v1_step2,2026-08-23T06:30:21.573233+00:00
5297add9-b158-4f97-b945-ae2adb6d5758,4478b843-5155-4f37-a4c8-e7476141f4cc,0.1198,auto_approve,"Elevated risk driven by: no prior return history available, first-time buyer, unusually low order value",0.16,logreg_v1_step2,2026-08-23T06:30:21.573233+00:00
385f099d-fc6c-461a-86d2-26a0b5ebb3eb,f697590d-f50d-4802-8968-8e26c502eb3e,0.3661,flag_for_review,"Elevated risk driven by: size-dependent item, COD payment, unusually low order value",0.16,logreg_v1_step2,2026-08-23T06:30:21.573233+00:00
d7acd4a2-0195-42f5-b8a9-fdafe6b39bcb,772d36a4-d6df-4d66-9917-a525369a3d91,0.0838,auto_approve,"Elevated risk driven by: home category, unusually low order value",0.16,logreg_v1_step2,2026-08-23T06:30:21.573233+00:00
99f90052-fe3c-4c25-b6b2-d27f11a557de,cd41d912-6dd3-48f5-8321-ab579b72c57a,0.1947,flag_for_review,"Elevated risk driven by: COD payment, beauty category, unusually low order value",0.16,logreg_v1_step2,2026-08-23T06:30:21.573233+00:00
98f5ecf4-98cc-4757-b4eb-fd2ebf106286,1430da84-3676-4e2f-a20c-58786ed1d466,0.1991,flag_for_review,"Elevated risk driven by: size-dependent item, fashion category, unusually low order value",0.16,logreg_v1_step2,2026-08-23T06:30:21.573233+00:00
2a55148b-84f5-4c34-b03b-c11039466da3,b36dde2e-e09b-4224-b113-133cdade54b5,0.2079,flag_for_review,"Elevated risk driven by: size-dependent item, fashion category, unusually low order value",0.16,logreg_v1_step2,2026-08-23T06:30:21.573233+00:00
3553e931-80be-4dd8-9b06-346ae4f81847,bd1084dd-629c-4150-a764-2ccea032f578,0.2257,flag_for_review,"Elevated risk driven by: size-dependent item, fashion category, large discount",0.16,logreg_v1_step2,2026-08-23T06:30:21.573233+00:00
0aca70db-3952-4b1d-a2c4-c7622cb43041,3d51b281-7585-4d43-aefd-40a803a1bf4f,0.1654,flag_for_review,"Elevated risk driven by: COD payment, tier3 delivery area, unusually low order value",0.16,logreg_v1_step2,2026-08-23T06:30:21.573233+00:00
08865d02-4a4e-4509-a007-ba50817bfc55,bd3c3573-0103-48f0-b2c0-b7ec007b2db3,0.4579,flag_for_review,"Elevated risk driven by: size-dependent item, COD payment, tier3 delivery area",0.16,logreg_v1_step2,2026-08-23T06:30:21.573233+00:00
58cc4024-22ac-40d0-983a-74226b3858d3,4bc409c6-b5e2-418c-b091-811f237e5d34,0.2284,flag_for_review,"Elevated risk driven by: COD payment, fashion category, customer's return history",0.16,logreg_v1_step2,2026-08-23T06:30:21.573233+00:00
6ae0ca9c-cdcb-47bc-8f83-d8e2ce28ad24,fd6cccad-5f4f-45ca-8142-59059b87515b,0.177,flag_for_review,"Elevated risk driven by: size-dependent item, COD payment, fashion category",0.16,logreg_v1_step2,2026-08-23T06:30:21.573233+00:00
49c73a09-b633-4a7d-94d3-9aae85964b59,0fc1c1ab-b781-4d50-9d85-9900bab12268,0.1142,auto_approve,"Elevated risk driven by: no prior return history available, first-time buyer, unusually low order value",0.16,logreg_v1_step2,2026-08-23T06:30:21.573233+00:00
61670e0d-7312-4a48-b170-43687200cf2b,97d7ac82-2b8f-4c9e-87c2-0b7f4459006c,0.1148,auto_approve,"Elevated risk driven by: customer's return history, large discount, unusually low order value",0.16,logreg_v1_step2,2026-08-23T06:30:21.573233+00:00
f4a8e3d1-4159-45c7-8974-114a0ea92621,ad2d4f8f-0895-4bcd-b4d5-dc8a0e0e2da2,0.2509,flag_for_review,"Elevated risk driven by: size-dependent item, fashion category, unusually low order value",0.16,logreg_v1_step2,2026-08-23T06:30:21.573233+00:00
399dd86f-8e75-4662-9b62-6a2b001c9e10,ad87b3e3-8b3e-438e-8994-51127b85c296,0.0211,auto_approve,Elevated risk driven by: large discount,0.16,logreg_v1_step2,2026-08-23T06:30:21.573233+00:00
e9e0c6b2-417f-4dc5-b1bf-0d5432c6df37,e0be4c42-c5d2-46e6-98a3-f57143c81929,0.1708,flag_for_review,"Elevated risk driven by: large discount, tier3 delivery area, beauty category",0.16,logreg_v1_step2,2026-08-23T06:30:21.573233+00:00
37e3afd2-bdd0-4669-b5a1-42b5133bcc29,31c1fad5-4cd1-4948-951c-4b6f05b9a3e3,0.1064,auto_approve,"Elevated risk driven by: COD payment, unusually low order value",0.16,logreg_v1_step2,2026-08-23T06:30:21.573233+00:00
716265cc-57e4-4fc0-9e48-d56d9258aa3b,fd281fbb-79c1-45b3-9e12-038f990994d1,0.2695,flag_for_review,"Elevated risk driven by: large discount, COD payment, beauty category",0.16,logreg_v1_step2,2026-08-23T06:30:21.573233+00:00
4efdeb87-dfec-4d33-870b-e75cd1e621f9,8cabcba8-2b36-4f7e-984b-440baba9ad97,0.4096,flag_for_review,"Elevated risk driven by: size-dependent item, COD payment, tier3 delivery area",0.16,logreg_v1_step2,2026-08-23T06:30:21.573233+00:00
c7a22e2e-096c-4fe4-825a-28b543ea6674,551aee57-0df4-4a51-9afa-0babaf28b33a,0.2363,flag_for_review,"Elevated risk driven by: COD payment, unusually low order value, large discount",0.16,logreg_v1_step2,2026-08-23T06:30:21.573233+00:00
c0ed0e91-f4da-4a63-9910-2bc7063dfc1a,cba1f52f-9905-4405-b96d-4c622c0b248e,0.0714,auto_approve,"Elevated risk driven by: large discount, no prior return history available, first-time buyer",0.16,logreg_v1_step2,2026-08-23T06:30:21.573233+00:00
14712dd6-443f-4035-8e38-ae6b04e8be5e,f697590d-f50d-4802-8968-8e26c502eb3e,0.0438,auto_approve,"Elevated risk driven by: COD payment, customer's return history",0.16,logreg_v1_step2,2026-08-23T06:30:21.573233+00:00
996d2970-1905-43a1-ace1-9af3b1908a04,fcad361d-37b1-48e4-ba15-27f5efd12bd2,0.0444,auto_approve,Elevated risk driven by: unusually low order value,0.16,logreg_v1_step2,2026-08-23T06:30:21.573233+00:00
936d5649-98d6-43f8-baf6-8ac6b66f4f6d,bdf5e5de-7033-4345-ac37-819738c0e957,0.0961,auto_approve,"Elevated risk driven by: size-dependent item, fashion category, customer's return history",0.16,logreg_v1_step2,2026-08-23T06:30:21.573233+00:00
240289a2-9246-4bc9-91d7-8ac40d27f876,d68bbbc3-6511-4b4d-b898-eb8a9a3435c0,0.3126,flag_for_review,"Elevated risk driven by: COD payment, large discount, fashion category",0.16,logreg_v1_step2,2026-08-23T06:30:21.573233+00:00
caf03938-e9a6-4fbc-977d-13d3ab154e4e,e337d2a3-6032-4e1f-8ce4-a81121aa131e,0.2872,flag_for_review,"Elevated risk driven by: size-dependent item, COD payment, unusually low order value",0.16,logreg_v1_step2,2026-08-23T06:30:21.573233+00:00
d3eeb099-07ee-496a-989b-625e68029fc9,3c212041-014e-4793-98f2-826628bba05c,0.0269,auto_approve,Elevated risk driven by: unusually low order value,0.16,logreg_v1_step2,2026-08-23T06:30:21.573233+00:00
7c38c08a-3aec-4dca-a079-2a2c09eade67,36d6b08a-5436-4a2f-83c2-120975d4be7f,0.1621,flag_for_review,"Elevated risk driven by: size-dependent item, unusually low order value, fashion category",0.16,logreg_v1_step2,2026-08-23T06:30:21.573233+00:00
982b7de2-1f71-418c-905b-13714187b5db,ebb8a1f2-51a7-4500-b1ee-9350840d7c45,0.1411,auto_approve,"Elevated risk driven by: home category, unusually low order value, customer's return history",0.16,logreg_v1_step2,2026-08-23T06:30:21.573233+00:00
f7054c96-4a11-4eb2-9645-30ce1acb537e,b66a45c1-7406-4950-a677-2ee579e724f2,0.0936,auto_approve,"Elevated risk driven by: tier3 delivery area, customer's return history, unusually low order value",0.16,logreg_v1_step2,2026-08-23T06:30:21.573233+00:00
700dfe48-76c5-43c4-9ffb-4b5379006ed0,ec513aca-b3ea-457e-b9fd-46a0fbbd0108,0.3023,flag_for_review,"Elevated risk driven by: COD payment, large discount, home category",0.16,logreg_v1_step2,2026-08-23T06:30:21.573233+00:00
eaaf350e-4209-4e5e-89a6-ac2ddbdd18e7,88b88e03-c936-4c7f-ba2d-52cf64525090,0.1235,auto_approve,"Elevated risk driven by: large discount, fashion category, customer's return history",0.16,logreg_v1_step2,2026-08-23T06:30:21.573233+00:00
ec0fc83d-f28e-4d64-9379-d38ece7f08f9,90d4ab83-9a96-4a21-9db9-c0621084e983,0.07,auto_approve,"Elevated risk driven by: large discount, customer's return history",0.16,logreg_v1_step2,2026-08-23T06:30:21.573233+00:00
2f7620df-a14d-4052-a679-7f727aaaa0cc,5644e802-a267-4eeb-bd8e-cdf3be61d5d6,0.2738,flag_for_review,"Elevated risk driven by: COD payment, large discount, home category",0.16,logreg_v1_step2,2026-08-23T06:30:21.573233+00:00
70a5866b-b385-4d7a-abdd-02ec3918f524,ee1573cf-855f-4d78-94ec-59176830795f,0.2054,flag_for_review,"Elevated risk driven by: COD payment, unusually low order value, beauty category",0.16,logreg_v1_step2,2026-08-23T06:30:21.573233+00:00
844e6fb3-b4a2-4858-8019-23d156197405,e0c7f018-d138-4b2a-8686-c7bc5a512a86,0.1314,auto_approve,"Elevated risk driven by: home category, customer's return history",0.16,logreg_v1_step2,2026-08-23T06:30:21.573233+00:00
12f91636-41d3-478b-a8d2-a6ecfaa1f7c0,e8f694f4-75c7-4b9d-8461-3f6fce844e62,0.3422,flag_for_review,"Elevated risk driven by: size-dependent item, COD payment, fashion category",0.16,logreg_v1_step2,2026-08-23T06:30:21.573233+00:00
bec2f7ed-66a0-4890-8b27-4cdb719f2512,9aa571df-aea2-47de-b06c-0ea67f546c81,0.0613,auto_approve,Elevated risk driven by: unusually low order value,0.16,logreg_v1_step2,2026-08-23T06:30:21.573233+00:00
e169aef2-006f-406b-a4da-5a2917f746a3,cb03e063-2d4a-4cc8-bfc8-902ef4068b93,0.0869,auto_approve,"Elevated risk driven by: fashion category, unusually low order value",0.16,logreg_v1_step2,2026-08-23T06:30:21.573233+00:00
bb390f3e-4b38-4647-9a26-aa45cb265e10,36d6b08a-5436-4a2f-83c2-120975d4be7f,0.1936,flag_for_review,"Elevated risk driven by: size-dependent item, large discount, tier3 delivery area",0.16,logreg_v1_step2,2026-08-23T06:30:21.573233+00:00
37eb7908-9eb2-4103-b7f9-4d790d1fb0a0,bd3c3573-0103-48f0-b2c0-b7ec007b2db3,0.0587,auto_approve,Elevated risk driven by: unusually low order value,0.16,logreg_v1_step2,2026-08-23T06:30:21.573233+00:00
d62460da-cbef-448d-a8a1-9b4e9d81b21d,18ac91fe-d7d1-4831-a17e-7c06a5ec4af5,0.1144,auto_approve,"Elevated risk driven by: large discount, unusually low order value, customer's return history",0.16,logreg_v1_step2,2026-08-23T06:30:21.573233+00:00
ca216449-51e1-4864-9dcb-5943e26a02db,9e9db8b8-b527-46e0-9e4b-211ffcef38a3,0.2562,flag_for_review,"Elevated risk driven by: size-dependent item, fashion category, large discount",0.16,logreg_v1_step2,2026-08-23T06:30:21.573233+00:00
dd851a46-1dd4-44a4-9a77-1ff195e8f6ae,896a9142-c32d-4e97-8656-8e4c80bb0c0e,0.0316,auto_approve,"Elevated risk driven by: unusually low order value, tier3 delivery area",0.16,logreg_v1_step2,2026-08-23T06:30:21.573233+00:00
dc4bec8e-284f-4156-a8da-a2b0b8002799,b2260d18-fffa-4383-9ce1-cdafe986cab2,0.2773,flag_for_review,"Elevated risk driven by: customer's return history, unusually low order value, tier3 delivery area",0.16,logreg_v1_step2,2026-08-23T06:30:21.573233+00:00
e4ba5d1f-9411-4723-8b7e-1418233fcccd,2969daca-42b5-4be5-8e1b-371fea3f198f,0.3426,flag_for_review,"Elevated risk driven by: customer's return history, COD payment, unusually low order value",0.16,logreg_v1_step2,2026-08-23T06:30:21.573233+00:00
4be52511-dafa-4568-a01f-fe895d696094,c194cfb2-f100-4d2c-893d-dbdc989f1426,0.2162,flag_for_review,"Elevated risk driven by: COD payment, home category, unusually low order value",0.16,logreg_v1_step2,2026-08-23T06:30:21.573233+00:00
5d82535c-c2fc-40aa-b99e-1dafecb7f417,f91b87e4-35a7-481d-96ba-a679feba54f3,0.0875,auto_approve,"Elevated risk driven by: size-dependent item, fashion category",0.16,logreg_v1_step2,2026-08-23T06:30:21.573233+00:00
6487bab0-4624-4387-974a-ffa7c370d78e,ea2ea2e1-ad32-4fa1-9907-dc30c57262e0,0.0713,auto_approve,"Elevated risk driven by: unusually low order value, customer's return history",0.16,logreg_v1_step2,2026-08-23T06:30:21.573233+00:00
57cab1f2-91dd-4e61-a1b6-0bc7fdec20ec,e8f694f4-75c7-4b9d-8461-3f6fce844e62,0.123,auto_approve,"Elevated risk driven by: large discount, home category, unusually low order value",0.16,logreg_v1_step2,2026-08-23T06:30:21.573233+00:00
4742450d-f81d-4841-9681-eadf95aca428,8cabcba8-2b36-4f7e-984b-440baba9ad97,0.107,auto_approve,"Elevated risk driven by: home category, tier3 delivery area, unusually low order value",0.16,logreg_v1_step2,2026-08-23T06:30:21.573233+00:00
88d63c69-b3bf-4869-81b8-c05e09d49b04,366eeefc-701f-415d-a6e8-0090ed33caa4,0.2463,flag_for_review,"Elevated risk driven by: customer's return history, home category, unusually low order value",0.16,logreg_v1_step2,2026-08-23T06:30:21.573233+00:00
f6af5dbc-436d-439b-ae26-7fd98559551c,aa146080-a61b-4d65-8941-28a1786e2342,0.2941,flag_for_review,"Elevated risk driven by: COD payment, no prior return history available, first-time buyer",0.16,logreg_v1_step2,2026-08-23T06:30:21.573233+00:00
69e19b5e-34f5-474f-a78c-8c3e39ec4cba,38384398-7058-4fd7-b01b-cbda8d50a490,0.2976,flag_for_review,"Elevated risk driven by: COD payment, unusually low order value, tier3 delivery area",0.16,logreg_v1_step2,2026-08-23T06:30:21.573233+00:00
0433efea-cbbf-44da-8f30-7df710ce9218,937f81a2-0c57-467d-869e-aaae2412816a,0.1071,auto_approve,"Elevated risk driven by: no prior return history available, first-time buyer, unusually low order value",0.16,logreg_v1_step2,2026-08-23T06:30:21.573233+00:00
8b867c75-f69c-41fd-af6d-b673c94fbeab,b732b9b1-5184-4f45-af4d-630b007d8b56,0.3816,flag_for_review,"Elevated risk driven by: large discount, COD payment, unusually low order value",0.16,logreg_v1_step2,2026-08-23T06:30:21.573233+00:00
57d7c0af-17f4-428e-b641-1aef10d61fc9,cdfac639-c4a1-4655-be5a-2d787e76f71c,0.2325,flag_for_review,"Elevated risk driven by: size-dependent item, unusually low order value, fashion category",0.16,logreg_v1_step2,2026-08-23T06:30:21.573233+00:00
963a0cec-5a3f-4155-bc63-1323420be977,3552117e-c648-4961-9bf4-6f04c6aa1823,0.2037,flag_for_review,"Elevated risk driven by: customer's return history, unusually low order value, beauty category",0.16,logreg_v1_step2,2026-08-23T06:30:21.573233+00:00
83880f9c-eba3-43e1-ae38-fae426a6091b,9303071c-f919-448a-bc56-324b472c0866,0.0446,auto_approve,"Elevated risk driven by: tier3 delivery area, unusually low order value",0.16,logreg_v1_step2,2026-08-23T06:30:21.573233+00:00
3c5e4c54-b30c-47e7-bb20-7d30b161fa35,f91b87e4-35a7-481d-96ba-a679feba54f3,0.0822,auto_approve,"Elevated risk driven by: tier3 delivery area, beauty category",0.16,logreg_v1_step2,2026-08-23T06:30:21.573233+00:00
2ce28a0f-6758-4a8f-84a9-11b3d8075bae,f91b87e4-35a7-481d-96ba-a679feba54f3,0.1222,auto_approve,"Elevated risk driven by: size-dependent item, fashion category",0.16,logreg_v1_step2,2026-08-23T06:30:21.573233+00:00
0f64b3fe-c8e4-4994-9cd3-721fc1b69791,b6da0c58-e09f-4c64-b488-90dde3c22bf1,0.2695,flag_for_review,"Elevated risk driven by: large discount, COD payment, beauty category",0.16,logreg_v1_step2,2026-08-23T06:30:21.573233+00:00
560497cd-a5a1-4b2a-9057-e14fa1068e7f,cba1f52f-9905-4405-b96d-4c622c0b248e,0.175,flag_for_review,"Elevated risk driven by: COD payment, customer's return history, tier3 delivery area",0.16,logreg_v1_step2,2026-08-23T06:30:21.573233+00:00
c283e630-712e-4314-a249-9480cc7e3333,cd41d912-6dd3-48f5-8321-ab579b72c57a,0.0629,auto_approve,"Elevated risk driven by: large discount, unusually low order value",0.16,logreg_v1_step2,2026-08-23T06:30:21.573233+00:00
0f829d39-6386-434c-a415-1c4440fda619,dafa4cb3-c022-4df8-a53f-f33eccbb2af0,0.5281,flag_for_review,"Elevated risk driven by: size-dependent item, large discount, COD payment",0.16,logreg_v1_step2,2026-08-23T06:30:21.573233+00:00
b88684ee-fba4-4174-a45f-0945264f231f,9aa571df-aea2-47de-b06c-0ea67f546c81,0.0785,auto_approve,"Elevated risk driven by: unusually low order value, beauty category",0.16,logreg_v1_step2,2026-08-23T06:30:21.573233+00:00
c06981dd-3a6b-4e61-ad10-df9649971e4f,a08bc761-e2d2-46cc-952a-3d23d15d5fac,0.026,auto_approve,Elevated risk driven by: unusually low order value,0.16,logreg_v1_step2,2026-08-23T06:30:21.573233+00:00
67421e23-4a90-4f0f-80d3-dd5b3fd303b3,6d943111-c6e7-4f72-bbef-d921725cad88,0.0622,auto_approve,Elevated risk driven by: unusually low order value,0.16,logreg_v1_step2,2026-08-23T06:30:21.573233+00:00
e00eb336-1500-4f3e-b9da-ba985a142d5e,f6624986-1488-4db8-994b-6db58a9ef6b8,0.0658,auto_approve,"Elevated risk driven by: home category, large discount",0.16,logreg_v1_step2,2026-08-23T06:30:21.573233+00:00
ebd9d048-f7b1-4c69-8cae-1032591e96fc,f04fffa3-5b04-4da0-9f3b-8a6b87fc1e74,0.3616,flag_for_review,"Elevated risk driven by: size-dependent item, large discount, unusually low order value",0.16,logreg_v1_step2,2026-08-23T06:30:21.573233+00:00
f5a74a3f-8e8d-4f8c-872a-93e0ad501cd6,c74291cc-50dd-48a2-918a-2263305eb957,0.1667,flag_for_review,"Elevated risk driven by: size-dependent item, customer's return history, fashion category",0.16,logreg_v1_step2,2026-08-23T06:30:21.573233+00:00
85a83a9a-b6a4-430d-bdd5-563d4f9db2fa,61333330-b1a5-4c86-81d1-a619578e5835,0.2147,flag_for_review,"Elevated risk driven by: size-dependent item, unusually low order value, fashion category",0.16,logreg_v1_step2,2026-08-23T06:30:21.573233+00:00
c62bc74c-512d-4f79-8789-db78f361f9ff,bd3c3573-0103-48f0-b2c0-b7ec007b2db3,0.1219,auto_approve,"Elevated risk driven by: large discount, tier3 delivery area, unusually low order value",0.16,logreg_v1_step2,2026-08-23T06:30:21.573233+00:00
c5375bc1-dc7d-475e-af06-f6a6f8fb33c8,d0f3def4-10c3-442b-9b93-148c1f1e3a46,0.2397,flag_for_review,"Elevated risk driven by: large discount, home category, tier3 delivery area",0.16,logreg_v1_step2,2026-08-23T06:30:21.573233+00:00
a21f4052-ad30-4a5d-91c6-55076c016e9c,7f892973-babf-4935-bab7-187b59d8b023,0.0993,auto_approve,"Elevated risk driven by: beauty category, unusually low order value, customer's return history",0.16,logreg_v1_step2,2026-08-23T06:30:21.573233+00:00
4fa5248d-4563-40a6-be61-9e2b2bca8ceb,6c751e7f-201c-457e-9d70-b239e0463208,0.3054,flag_for_review,"Elevated risk driven by: COD payment, no prior return history available, first-time buyer",0.16,logreg_v1_step2,2026-08-23T06:30:21.573233+00:00
83a7c965-6048-4d27-9f06-8d80d70f1d30,9a625667-7231-477f-bae5-82ef700249d8,0.2313,flag_for_review,"Elevated risk driven by: COD payment, home category, tier3 delivery area",0.16,logreg_v1_step2,2026-08-23T06:30:21.573233+00:00
e29f92bb-e580-42be-952c-518976076501,a5a68430-8473-418f-85df-a2a1d90bf65b,0.1116,auto_approve,"Elevated risk driven by: unusually low order value, tier3 delivery area, beauty category",0.16,logreg_v1_step2,2026-08-23T06:30:21.573233+00:00
671b7b70-6b4c-49cc-93a3-c2d9d4bf21fa,3bf94f31-a69a-4672-af18-93b6ddcad665,0.1638,flag_for_review,"Elevated risk driven by: customer's return history, unusually low order value, large discount",0.16,logreg_v1_step2,2026-08-23T06:30:21.573233+00:00
bdcda817-dc59-47f0-b4fe-61583fdc152d,f87f5cec-4cc7-4356-8a1b-5e82f142a0e0,0.0882,auto_approve,"Elevated risk driven by: beauty category, customer's return history",0.16,logreg_v1_step2,2026-08-23T06:30:21.573233+00:00
e905577a-8521-4025-a743-cf1ad1032881,90a7c98b-0565-4330-a335-ddad08538e49,0.033,auto_approve,Elevated risk driven by: unusually low order value,0.16,logreg_v1_step2,2026-08-23T06:30:21.573233+00:00
f85a91c3-335f-4c26-aae5-e252fa6fa0e3,475cfcc6-88df-4e49-810d-e60c6915e823,0.1166,auto_approve,"Elevated risk driven by: home category, unusually low order value, customer's return history",0.16,logreg_v1_step2,2026-08-23T06:30:21.573233+00:00
1de0c189-7b3c-47af-9b6e-865930d4754e,1d2a539f-b9f5-447b-9a0b-ead55732dce3,0.7147,flag_for_review,"Elevated risk driven by: size-dependent item, COD payment, no prior return history available",0.16,logreg_v1_step2,2026-08-23T06:30:21.573233+00:00
03e6bca6-1340-405e-b53b-622d2f2900f1,e66cf7c0-8110-437c-9ade-4119f3d89dfe,0.2635,flag_for_review,"Elevated risk driven by: size-dependent item, tier3 delivery area, fashion category",0.16,logreg_v1_step2,2026-08-23T06:30:21.573233+00:00
73da6a7b-27c2-4b35-8871-ff597faf0a0a,1a4bfac1-4bff-4c1a-8331-8f58709b98b3,0.0213,auto_approve,"Elevated risk driven by: unusually low order value, large discount",0.16,logreg_v1_step2,2026-08-23T06:30:21.573233+00:00
64ce5f56-ffa6-4a13-b934-cbb2441e5dd4,d684615e-b5d2-4dff-856f-f7aa94f57139,0.441,flag_for_review,"Elevated risk driven by: large discount, COD payment, unusually low order value",0.16,logreg_v1_step2,2026-08-23T06:30:21.573233+00:00
55de80fb-d8e7-4cd1-9b80-3fa264a86214,18ac91fe-d7d1-4831-a17e-7c06a5ec4af5,0.2254,flag_for_review,"Elevated risk driven by: COD payment, home category, tier3 delivery area",0.16,logreg_v1_step2,2026-08-23T06:30:21.573233+00:00
a8ca8aa8-4a60-4994-9175-1e84d1c90d8a,df765bcf-110d-40b7-a135-a7fe2ee8e54c,0.1002,auto_approve,"Elevated risk driven by: no prior return history available, first-time buyer, unusually low order value",0.16,logreg_v1_step2,2026-08-23T06:30:21.573233+00:00
11d00178-4289-487f-92d0-eaa5c857db89,866a73ad-aed0-45a7-8aa9-0f977637a9ea,0.0235,auto_approve,Elevated risk driven by: COD payment,0.16,logreg_v1_step2,2026-08-23T06:30:21.573233+00:00
3c26c9d8-615a-48e2-b09f-a98f55082f83,7577f5f5-f434-4ba2-be8d-bc819a90aa7d,0.3206,flag_for_review,"Elevated risk driven by: COD payment, home category, tier3 delivery area",0.16,logreg_v1_step2,2026-08-23T06:30:21.573233+00:00
95fb5525-c387-42b0-a6a0-e60c2e3d7ddc,eeb31956-eff1-4d4c-88b9-4562dc040f82,0.1221,auto_approve,"Elevated risk driven by: customer's return history, fashion category, unusually low order value",0.16,logreg_v1_step2,2026-08-23T06:30:21.573233+00:00
5768ce31-6a0e-4e9e-8443-f4f1b7bbe0ff,f511f812-b332-434e-84ac-a8d69f0d2875,0.3412,flag_for_review,"Elevated risk driven by: size-dependent item, COD payment, fashion category",0.16,logreg_v1_step2,2026-08-23T06:30:21.573233+00:00
5bc61a27-fe79-4f46-b915-6231eca95ca9,8aad1534-c5ee-4b92-be7e-78a529af82b8,0.1063,auto_approve,"Elevated risk driven by: COD payment, no prior return history available, first-time buyer",0.16,logreg_v1_step2,2026-08-23T06:30:21.573233+00:00
cffcd704-028e-4c0e-bfc0-1163c6b0e324,5644e802-a267-4eeb-bd8e-cdf3be61d5d6,0.331,flag_for_review,"Elevated risk driven by: size-dependent item, tier3 delivery area, unusually low order value",0.16,logreg_v1_step2,2026-08-23T06:30:21.573233+00:00
3baf3875-af89-4755-8e95-5855ae26c960,bb938fb0-f7e3-4439-81c2-183016893bb1,0.0478,auto_approve,"Elevated risk driven by: tier3 delivery area, unusually low order value, customer's return history",0.16,logreg_v1_step2,2026-08-23T06:30:21.573233+00:00
8cd96bf9-66d3-4562-a22d-43a0f755a408,82b5cfde-f550-4737-af56-7ae9f8488101,0.6378,flag_for_review,"Elevated risk driven by: large discount, size-dependent item, COD payment",0.16,logreg_v1_step2,2026-08-23T06:30:21.573233+00:00
7026e3aa-1fd7-44e7-9f2c-dbd2600952b1,37407cb6-5b5f-4c6d-8d6f-fd7473362bdb,0.1268,auto_approve,"Elevated risk driven by: home category, large discount",0.16,logreg_v1_step2,2026-08-23T06:30:21.573233+00:00
4a29b068-9676-4d1a-b337-fcca1523a7c3,bd1084dd-629c-4150-a764-2ccea032f578,0.3242,flag_for_review,"Elevated risk driven by: no prior return history available, first-time buyer, home category",0.16,logreg_v1_step2,2026-08-23T06:30:21.573233+00:00
3461fa2b-16c8-4705-b15f-aef40f5282da,b6da0c58-e09f-4c64-b488-90dde3c22bf1,0.204,flag_for_review,"Elevated risk driven by: COD payment, large discount, unusually low order value",0.16,logreg_v1_step2,2026-08-23T06:30:21.573233+00:00
1beac0b6-50c4-4acd-9189-85248b05a6eb,706509ac-1c21-4830-bf5f-7a48ed377c6a,0.1529,auto_approve,"Elevated risk driven by: no prior return history available, first-time buyer, large discount",0.16,logreg_v1_step2,2026-08-23T06:30:21.573233+00:00
9423dbc9-2b43-4eb6-bad6-23fce2cfe34f,bc9aa5af-cb2d-49cb-8b51-cbd09afee7b7,0.4676,flag_for_review,"Elevated risk driven by: size-dependent item, COD payment, customer's return history",0.16,logreg_v1_step2,2026-08-23T06:30:21.573233+00:00
f2ccd041-1cc1-45a1-be43-639e0860a662,03155ba3-cd3a-4a32-9885-eaa1d5a0f4a0,0.3227,flag_for_review,"Elevated risk driven by: size-dependent item, customer's return history, tier3 delivery area",0.16,logreg_v1_step2,2026-08-23T06:30:21.573233+00:00
af2f4b27-93fb-49d6-b9cd-7d82a1f16f31,f0c7ab6b-10cb-48c3-9fb0-8bedeaaada61,0.3614,flag_for_review,"Elevated risk driven by: size-dependent item, large discount, customer's return history",0.16,logreg_v1_step2,2026-08-23T06:30:21.573233+00:00
e33adcd0-3e1d-40b1-a08b-b172b3cc231a,1c72fd9b-a412-4c8d-8074-a48984ddf5a0,0.0387,auto_approve,"Elevated risk driven by: size-dependent item, fashion category",0.16,logreg_v1_step2,2026-08-23T06:30:21.573233+00:00
d47685cd-48a2-4521-82cd-5a711cb7677b,706509ac-1c21-4830-bf5f-7a48ed377c6a,0.0855,auto_approve,"Elevated risk driven by: beauty category, unusually low order value",0.16,logreg_v1_step2,2026-08-23T06:30:21.573233+00:00
32f3ec6b-eed2-4e5e-ad82-60ffaa225329,ef114af5-d327-4f43-b130-12fc88eb3ef9,0.2478,flag_for_review,"Elevated risk driven by: COD payment, large discount, unusually low order value",0.16,logreg_v1_step2,2026-08-23T06:30:21.573233+00:00
3d05e61d-8cde-4ae4-a1cf-27aa5892481b,13fe080b-d69d-443e-a712-766c682faa59,0.2759,flag_for_review,"Elevated risk driven by: customer's return history, large discount, tier3 delivery area",0.16,logreg_v1_step2,2026-08-23T06:30:21.573233+00:00
dc174ce6-8a86-4456-bf04-eabf9dc3febb,57c29481-3bfa-4690-879f-2cab6c2fd05a,0.0549,auto_approve,"Elevated risk driven by: COD payment, unusually low order value",0.16,logreg_v1_step2,2026-08-23T06:30:21.573233+00:00
c61e8d91-f5df-437d-9bb8-4e5954ebeb04,cba1f52f-9905-4405-b96d-4c622c0b248e,0.0555,auto_approve,"Elevated risk driven by: size-dependent item, fashion category, customer's return history",0.16,logreg_v1_step2,2026-08-23T06:30:21.573233+00:00
152b516a-3c2d-4f11-8fce-9e5b6bdfce80,9e9db8b8-b527-46e0-9e4b-211ffcef38a3,0.0902,auto_approve,"Elevated risk driven by: customer's return history, unusually low order value, customer's order count",0.16,logreg_v1_step2,2026-08-23T06:30:21.573233+00:00
1ac92cf7-f9b1-4ce8-97d2-8cc63d53a773,2a7ba1e7-d8dd-4177-b84d-93a262f15e96,0.1823,flag_for_review,"Elevated risk driven by: COD payment, no prior return history available, first-time buyer",0.16,logreg_v1_step2,2026-08-23T06:30:21.573233+00:00
4a9191ae-9b25-44e7-a559-534439208f3e,eb9e5347-b3bf-4a4f-b52b-c9111ab81344,0.2824,flag_for_review,"Elevated risk driven by: COD payment, large discount, home category",0.16,logreg_v1_step2,2026-08-23T06:30:21.573233+00:00
76302d3a-ea03-443f-b6de-67c3ad503cac,ad87b3e3-8b3e-438e-8994-51127b85c296,0.0826,auto_approve,"Elevated risk driven by: COD payment, unusually low order value",0.16,logreg_v1_step2,2026-08-23T06:30:21.573233+00:00
b08df86e-78b7-4ae2-b8f9-94c1e67dd04d,f04fffa3-5b04-4da0-9f3b-8a6b87fc1e74,0.0514,auto_approve,"Elevated risk driven by: unusually low order value, tier3 delivery area, customer's return history",0.16,logreg_v1_step2,2026-08-23T06:30:21.573233+00:00
ef8fb073-01e7-44fc-9519-3f433427efc4,e0be4c42-c5d2-46e6-98a3-f57143c81929,0.3994,flag_for_review,"Elevated risk driven by: large discount, COD payment, unusually low order value",0.16,logreg_v1_step2,2026-08-23T06:30:21.573233+00:00
cbfed522-70b9-4280-960f-755038f65e8c,80cef85a-5938-4801-9fa5-9b6c0de0cc08,0.0877,auto_approve,"Elevated risk driven by: large discount, beauty category",0.16,logreg_v1_step2,2026-08-23T06:30:21.573233+00:00
5a26e868-56fd-42bc-8180-d715eb55f66d,38384398-7058-4fd7-b01b-cbda8d50a490,0.0515,auto_approve,"Elevated risk driven by: unusually low order value, beauty category",0.16,logreg_v1_step2,2026-08-23T06:30:21.573233+00:00
9dd4eda9-b61d-4bd6-b432-e3bfc806fc64,3661a905-c2f5-441f-8a96-b261c579bc9c,0.2072,flag_for_review,"Elevated risk driven by: home category, unusually low order value, tier3 delivery area",0.16,logreg_v1_step2,2026-08-23T06:30:21.573233+00:00
