y_true,log_reg_prob,gb_prob,action,explanation
0,0.406338099866977,0.2982569118092769,flag_for_review,"Elevated risk driven by: size-dependent item, large discount, tier3 delivery area"
0,0.2694033153057522,0.322562685295233,flag_for_review,"Elevated risk driven by: COD payment, home category, unusually low order value"
0,0.0294701597279164,0.0598637096091678,auto_approve,"Elevated risk driven by: home category, grocery category, metro delivery area"
0,0.6237283825664374,0.5060174952660687,flag_for_review,"Elevated risk driven by: customer's return history, size-dependent item, large discount"
0,0.2020353134348107,0.1238472905854194,flag_for_review,"Elevated risk driven by: size-dependent item, fashion category, UPI payment"
0,0.178206533623096,0.1628876345467529,flag_for_review,"Elevated risk driven by: COD payment, home category, UPI payment"
0,0.1475514567724909,0.2139240676750056,auto_approve,"Elevated risk driven by: COD payment, large discount, UPI payment"
0,0.2872513363141601,0.3036865174856236,flag_for_review,"Elevated risk driven by: customer's return history, COD payment, home category"
0,0.0733800320795939,0.0860825563427793,auto_approve,"Elevated risk driven by: unusually low order value, grocery category, metro delivery area"
0,0.2423535744700428,0.2299352309867104,flag_for_review,"Elevated risk driven by: size-dependent item, unusually low order value, fashion category"
0,0.0308197929903171,0.03526122568992,auto_approve,"Elevated risk driven by: home category, UPI payment, grocery category"
0,0.2416395334056928,0.2250853948103285,flag_for_review,"Elevated risk driven by: COD payment, tier3 delivery area, unusually low order value"
0,0.3416605682041613,0.2627616147099261,flag_for_review,"Elevated risk driven by: size-dependent item, COD payment, fashion category"
0,0.0395729365582369,0.0488407948921377,auto_approve,"Elevated risk driven by: known return history, first-time buyer, beauty category"
0,0.2176611488394282,0.2297038325648171,flag_for_review,"Elevated risk driven by: COD payment, large discount, customer's return history"
1,0.6747153101647335,0.6377506029436845,flag_for_review,"Elevated risk driven by: customer's return history, size-dependent item, COD payment"
0,0.0379219240487375,0.0273354181519384,auto_approve,"Elevated risk driven by: unusually low order value, customer's return history, large discount"
0,0.0388152291885535,0.0506292755351316,auto_approve,"Elevated risk driven by: beauty category, UPI payment, grocery category"
0,0.0578167805498503,0.0550694031695324,auto_approve,"Elevated risk driven by: COD payment, large discount, UPI payment"
0,0.3379772639207416,0.3123099606112006,flag_for_review,"Elevated risk driven by: size-dependent item, COD payment, fashion category"
1,0.3592995027676725,0.246028640356121,flag_for_review,"Elevated risk driven by: size-dependent item, COD payment, unusually low order value"
0,0.0850085735286662,0.0761721212245687,auto_approve,"Elevated risk driven by: home category, unusually low order value, grocery category"
1,0.1899792593951904,0.1783310156416026,flag_for_review,"Elevated risk driven by: size-dependent item, unusually low order value, fashion category"
1,0.3957972971374193,0.2942965804360336,flag_for_review,"Elevated risk driven by: size-dependent item, large discount, customer's return history"
0,0.1721117837632696,0.2000811987207081,flag_for_review,"Elevated risk driven by: COD payment, large discount, unusually low order value"
0,0.2604679583768218,0.2364775736195783,flag_for_review,"Elevated risk driven by: large discount, unusually low order value, fashion category"
0,0.2704941061855799,0.1914645099442287,flag_for_review,"Elevated risk driven by: size-dependent item, fashion category, large discount"
0,0.0518184005837508,0.0492976857698163,auto_approve,"Elevated risk driven by: large discount, tier3 delivery area, unusually low order value"
0,0.1532669356263209,0.1061090124557866,auto_approve,"Elevated risk driven by: customer's return history, home category, unusually low order value"
0,0.1370904111240502,0.1314207688999932,auto_approve,"Elevated risk driven by: tier3 delivery area, beauty category, unusually low order value"
1,0.260782550806472,0.2628400440937599,flag_for_review,"Elevated risk driven by: size-dependent item, fashion category, unusually low order value"
0,0.053983507519103,0.1931947383130087,auto_approve,"Elevated risk driven by: customer's return history, unusually low order value, grocery category"
0,0.3247988070733741,0.2897389928669248,flag_for_review,"Elevated risk driven by: size-dependent item, COD payment, unusually low order value"
0,0.075937385466658,0.117932264016374,auto_approve,"Elevated risk driven by: customer's return history, unusually low order value, UPI payment"
0,0.0286117591560397,0.0261823383189159,auto_approve,"Elevated risk driven by: customer's return history, unusually low order value, metro delivery area"
0,0.2307488997600088,0.2150011815102298,flag_for_review,"Elevated risk driven by: size-dependent item, unusually low order value, fashion category"
0,0.1011527091808598,0.1525173724374781,auto_approve,"Elevated risk driven by: large discount, home category, UPI payment"
0,0.1178097026016216,0.1178527489124898,auto_approve,"Elevated risk driven by: unusually low order value, home category, UPI payment"
0,0.0310491061816245,0.0285187782635498,auto_approve,"Elevated risk driven by: unusually low order value, tier3 delivery area, customer's return history"
1,0.1620404308315045,0.1878802335876674,flag_for_review,"Elevated risk driven by: unusually low order value, home category, tier3 delivery area"
0,0.0056880057233459,0.024133235507966,auto_approve,"Elevated risk driven by: electronics category, card payment"
0,0.1038239880175012,0.1067696998266244,auto_approve,"Elevated risk driven by: large discount, fashion category, unusually low order value"
0,0.2069804876680007,0.1441755565765902,flag_for_review,"Elevated risk driven by: COD payment, known return history, first-time buyer"
0,0.0657402329609419,0.1104108609955468,auto_approve,"Elevated risk driven by: large discount, unusually low order value, grocery category"
0,0.0290065681325431,0.0599562294167477,auto_approve,"Elevated risk driven by: UPI payment, grocery category, metro delivery area"
0,0.0772714426840229,0.0725312439882473,auto_approve,"Elevated risk driven by: fashion category, grocery category, electronics category"
0,0.1332054158525393,0.1296457375710259,auto_approve,"Elevated risk driven by: unusually low order value, beauty category, UPI payment"
1,0.124080788295832,0.1209913017843309,auto_approve,"Elevated risk driven by: home category, unusually low order value, UPI payment"
0,0.1468308659047776,0.1971705792322342,auto_approve,"Elevated risk driven by: large discount, home category, grocery category"
0,0.0619578942103552,0.0613820063551688,auto_approve,"Elevated risk driven by: tier3 delivery area, UPI payment, grocery category"
0,0.0616642924849326,0.0847615592837517,auto_approve,"Elevated risk driven by: beauty category, UPI payment, grocery category"
0,0.0937915793606383,0.1030507160637897,auto_approve,"Elevated risk driven by: COD payment, UPI payment, grocery category"
0,0.2715273523806812,0.18352185585694,flag_for_review,"Elevated risk driven by: size-dependent item, tier3 delivery area, fashion category"
0,0.2527015918629099,0.3059110150767543,flag_for_review,"Elevated risk driven by: size-dependent item, customer's return history, fashion category"
0,0.1252681465438573,0.1239047960800418,auto_approve,"Elevated risk driven by: home category, unusually low order value, grocery category"
0,0.2289950628942715,0.3156711009479352,flag_for_review,"Elevated risk driven by: size-dependent item, fashion category, unusually low order value"
0,0.0660478200948839,0.0559335310526163,auto_approve,"Elevated risk driven by: COD payment, UPI payment, grocery category"
0,0.2980923639520795,0.2113554399610758,flag_for_review,"Elevated risk driven by: size-dependent item, large discount, tier3 delivery area"
0,0.2605790925329436,0.1936822427157472,flag_for_review,"Elevated risk driven by: customer's return history, beauty category, large discount"
0,0.0752992975942727,0.0970886550988675,auto_approve,"Elevated risk driven by: known return history, first-time buyer, beauty category"
0,0.4965745459740899,0.5713241243748778,flag_for_review,"Elevated risk driven by: size-dependent item, COD payment, unusually low order value"
0,0.6669718314556637,0.6313499839615941,flag_for_review,"Elevated risk driven by: size-dependent item, COD payment, large discount"
0,0.3322882007295487,0.2713758758715166,flag_for_review,"Elevated risk driven by: size-dependent item, customer's return history, tier3 delivery area"
0,0.131469727252898,0.1272730801163321,auto_approve,"Elevated risk driven by: COD payment, home category, unusually low order value"
0,0.2931704157774655,0.4412702604647407,flag_for_review,"Elevated risk driven by: size-dependent item, customer's return history, COD payment"
0,0.075572842807926,0.1078093683005995,auto_approve,"Elevated risk driven by: COD payment, UPI payment, grocery category"
1,0.2445656897045898,0.1908861377481581,flag_for_review,"Elevated risk driven by: size-dependent item, unusually low order value, tier3 delivery area"
0,0.4539967457310683,0.4510015345941622,flag_for_review,"Elevated risk driven by: size-dependent item, known return history, first-time buyer"
0,0.0594406687316125,0.0725342408394935,auto_approve,"Elevated risk driven by: fashion category, UPI payment, grocery category"
0,0.0439518889607434,0.0882100648787401,auto_approve,"Elevated risk driven by: unusually low order value, customer's return history, UPI payment"
1,0.516585431445982,0.5394923779611679,flag_for_review,"Elevated risk driven by: size-dependent item, known return history, first-time buyer"
0,0.0513250885409518,0.0368583992198886,auto_approve,"Elevated risk driven by: COD payment, unusually low order value, UPI payment"
0,0.2176322387763079,0.2020936054781186,flag_for_review,"Elevated risk driven by: COD payment, unusually low order value, home category"
0,0.088368297904106,0.1004405114277702,auto_approve,"Elevated risk driven by: customer's return history, unusually low order value, grocery category"
0,0.2616163691994617,0.2570283458488101,flag_for_review,"Elevated risk driven by: size-dependent item, unusually low order value, tier3 delivery area"
0,0.0131460992594133,0.0595714324179474,auto_approve,"Elevated risk driven by: metro delivery area, electronics category, card payment"
1,0.6026766823573438,0.7025448758308018,flag_for_review,"Elevated risk driven by: size-dependent item, COD payment, known return history"
0,0.2178155960500457,0.2356487511694742,flag_for_review,"Elevated risk driven by: COD payment, home category, unusually low order value"
1,0.1331171567559516,0.1491488547900013,auto_approve,"Elevated risk driven by: known return history, first-time buyer, unusually low order value"
0,0.2413263513573634,0.2710818640331314,flag_for_review,"Elevated risk driven by: COD payment, unusually low order value, beauty category"
0,0.0354393708396251,0.0408271337675677,auto_approve,"Elevated risk driven by: COD payment, UPI payment, electronics category"
0,0.5327562923904503,0.6735420515028605,flag_for_review,"Elevated risk driven by: large discount, customer's return history, COD payment"
0,0.2059908934239204,0.2991865685375765,flag_for_review,"Elevated risk driven by: COD payment, home category, unusually low order value"
1,0.5277098715632776,0.5351933102372588,flag_for_review,"Elevated risk driven by: size-dependent item, known return history, first-time buyer"
0,0.0936864038079354,0.0740541974147359,auto_approve,"Elevated risk driven by: large discount, home category, unusually low order value"
0,0.0940225794641307,0.0761190427419337,auto_approve,"Elevated risk driven by: home category, grocery category, electronics category"
0,0.1050885448350891,0.1221489262685273,auto_approve,"Elevated risk driven by: fashion category, unusually low order value, grocery category"
0,0.2826531240741513,0.336479423444726,flag_for_review,"Elevated risk driven by: COD payment, tier3 delivery area, fashion category"
0,0.1377696230576748,0.153366075598548,auto_approve,"Elevated risk driven by: large discount, beauty category, grocery category"
1,0.3294566282568591,0.2948753218932098,flag_for_review,"Elevated risk driven by: COD payment, known return history, first-time buyer"
0,0.0437494129611084,0.0478587612855049,auto_approve,"Elevated risk driven by: unusually low order value, customer's return history, metro delivery area"
0,0.2330533903347996,0.2572332949192219,flag_for_review,"Elevated risk driven by: size-dependent item, unusually low order value, fashion category"
0,0.1680256192649273,0.1909577576849098,flag_for_review,"Elevated risk driven by: customer's return history, large discount, beauty category"
0,0.093048391304735,0.0994335802252564,auto_approve,"Elevated risk driven by: customer's return history, large discount, beauty category"
0,0.3591350805832263,0.2481621669345556,flag_for_review,"Elevated risk driven by: size-dependent item, known return history, first-time buyer"
0,0.0228525479157016,0.0441558383482478,auto_approve,"Elevated risk driven by: grocery category, card payment"
0,0.0693440886562595,0.0876325299822458,auto_approve,"Elevated risk driven by: large discount, unusually low order value, grocery category"
1,0.2754225114149373,0.3415697011654449,flag_for_review,"Elevated risk driven by: size-dependent item, customer's return history, fashion category"
0,0.0747915917608648,0.0571322113433684,auto_approve,"Elevated risk driven by: fashion category, UPI payment, grocery category"
0,0.2639629531315947,0.3740611776475113,flag_for_review,"Elevated risk driven by: size-dependent item, customer's return history, unusually low order value"
0,0.1302144945652132,0.0985721761904177,auto_approve,"Elevated risk driven by: customer's return history, COD payment, unusually low order value"
0,0.1034415963453022,0.1354028337267228,auto_approve,"Elevated risk driven by: customer's return history, beauty category, UPI payment"
0,0.2232895775257612,0.2117355221865876,flag_for_review,"Elevated risk driven by: size-dependent item, fashion category, customer's return history"
0,0.1538129520167712,0.1748204488076265,auto_approve,"Elevated risk driven by: COD payment, customer's return history, UPI payment"
0,0.221699333284863,0.1431216077102573,flag_for_review,"Elevated risk driven by: size-dependent item, tier3 delivery area, fashion category"
0,0.1138797825182192,0.1102344489748124,auto_approve,"Elevated risk driven by: unusually low order value, beauty category, UPI payment"
0,0.1227275487753852,0.1600014453628279,auto_approve,"Elevated risk driven by: unusually low order value, home category, grocery category"
1,0.0505319452707618,0.0705827927485962,auto_approve,"Elevated risk driven by: tier3 delivery area, grocery category, metro delivery area"
0,0.2016211421764218,0.1149478752601469,flag_for_review,"Elevated risk driven by: COD payment, tier3 delivery area, fashion category"
0,0.5798182287471845,0.540586255933185,flag_for_review,"Elevated risk driven by: size-dependent item, known return history, first-time buyer"
1,0.2535408695241682,0.2305951511269527,flag_for_review,"Elevated risk driven by: size-dependent item, large discount, fashion category"
0,0.4349216152683157,0.4375287566495577,flag_for_review,"Elevated risk driven by: customer's return history, COD payment, large discount"
1,0.7205721964609164,0.7732090303445556,flag_for_review,"Elevated risk driven by: size-dependent item, COD payment, known return history"
0,0.0550078398930386,0.0663772891805479,auto_approve,"Elevated risk driven by: customer's return history, grocery category, metro delivery area"
0,0.1286925349902774,0.2034177564365123,auto_approve,"Elevated risk driven by: large discount, unusually low order value, beauty category"
0,0.2837708443813933,0.2132641519865889,flag_for_review,"Elevated risk driven by: customer's return history, large discount, home category"
0,0.2344796361085028,0.134848794460472,flag_for_review,"Elevated risk driven by: size-dependent item, large discount, fashion category"
0,0.2713906543718396,0.223168233127124,flag_for_review,"Elevated risk driven by: size-dependent item, COD payment, fashion category"
0,0.068575397509813,0.0948598562606405,auto_approve,"Elevated risk driven by: COD payment, tier3 delivery area, UPI payment"
0,0.1515469269323547,0.1170555721810847,auto_approve,"Elevated risk driven by: home category, tier3 delivery area, grocery category"
0,0.177624998968807,0.1447536842519542,flag_for_review,"Elevated risk driven by: size-dependent item, customer's return history, fashion category"
0,0.1804752166396498,0.185946429470755,flag_for_review,"Elevated risk driven by: size-dependent item, fashion category, unusually low order value"
0,0.2198141403613841,0.2232505529874133,flag_for_review,"Elevated risk driven by: customer's return history, size-dependent item, fashion category"
0,0.0072734599399895,0.0142309902608749,auto_approve,"Elevated risk driven by: electronics category, card payment"
0,0.019052431316505,0.0284469687102393,auto_approve,"Elevated risk driven by: COD payment, large discount, fashion category"
0,0.0934525198553601,0.1201788498917592,auto_approve,"Elevated risk driven by: large discount, grocery category, customer's return history"
0,0.3466685130073919,0.2496236201213915,flag_for_review,"Elevated risk driven by: size-dependent item, COD payment, fashion category"
0,0.4184121065798277,0.3598281133468869,flag_for_review,"Elevated risk driven by: customer's return history, size-dependent item, unusually low order value"
1,0.4394069536442996,0.4499429586615978,flag_for_review,"Elevated risk driven by: known return history, first-time buyer, home category"
0,0.1256942662875978,0.1670125828089958,auto_approve,"Elevated risk driven by: large discount, unusually low order value, customer's return history"
1,0.2897280120965333,0.1328839908941193,flag_for_review,"Elevated risk driven by: size-dependent item, COD payment, fashion category"
1,0.0499616882748172,0.047792113619878,auto_approve,"Elevated risk driven by: tier3 delivery area, unusually low order value, customer's return history"
0,0.1122862007182083,0.1347729756967582,auto_approve,"Elevated risk driven by: customer's return history, unusually low order value, large discount"
0,0.0747449749836967,0.1442195801524007,auto_approve,"Elevated risk driven by: beauty category, large discount, grocery category"
0,0.0652212166180122,0.0572277565305343,auto_approve,"Elevated risk driven by: COD payment, unusually low order value, UPI payment"
1,0.04771923608936,0.0894862068580986,auto_approve,"Elevated risk driven by: COD payment, UPI payment, grocery category"
1,0.1301401181352472,0.1384854776772142,auto_approve,"Elevated risk driven by: unusually low order value, beauty category, grocery category"
1,0.2210245991811773,0.0932325631867217,flag_for_review,"Elevated risk driven by: size-dependent item, tier3 delivery area, fashion category"
1,0.3511190630434966,0.3478820837066202,flag_for_review,"Elevated risk driven by: COD payment, large discount, home category"
0,0.2662174896974407,0.3153535323617241,flag_for_review,"Elevated risk driven by: size-dependent item, customer's return history, unusually low order value"
0,0.307696004344447,0.355066904215714,flag_for_review,"Elevated risk driven by: size-dependent item, large discount, unusually low order value"
0,0.0755144243508871,0.086604182430847,auto_approve,"Elevated risk driven by: unusually low order value, customer's return history, UPI payment"
1,0.228948966369996,0.1565673240817565,flag_for_review,"Elevated risk driven by: COD payment, home category, UPI payment"
1,0.3931260718133244,0.3579366027038764,flag_for_review,"Elevated risk driven by: size-dependent item, COD payment, unusually low order value"
0,0.2081086300907529,0.1438957495054769,flag_for_review,"Elevated risk driven by: size-dependent item, large discount, fashion category"
0,0.0630683689564396,0.0807405470750815,auto_approve,"Elevated risk driven by: large discount, UPI payment, grocery category"
1,0.2240525958794469,0.2164895197191686,flag_for_review,"Elevated risk driven by: customer's return history, fashion category, large discount"
0,0.3958750720468931,0.3093305189420295,flag_for_review,"Elevated risk driven by: COD payment, known return history, first-time buyer"
1,0.2461260946100886,0.376557770203456,flag_for_review,"Elevated risk driven by: customer's return history, size-dependent item, fashion category"
0,0.4933498790782464,0.5010225422016631,flag_for_review,"Elevated risk driven by: size-dependent item, known return history, first-time buyer"
0,0.1941445110178936,0.1442107158904257,flag_for_review,"Elevated risk driven by: COD payment, large discount, beauty category"
0,0.1914725008528303,0.1626774473989052,flag_for_review,"Elevated risk driven by: customer's return history, tier3 delivery area, beauty category"
0,0.1940162322458773,0.1887280375692212,flag_for_review,"Elevated risk driven by: customer's return history, COD payment, beauty category"
0,0.0127977708649363,0.027157286835839,auto_approve,"Elevated risk driven by: COD payment, UPI payment, grocery category"
0,0.2401237713874172,0.1978348413060981,flag_for_review,"Elevated risk driven by: COD payment, known return history, first-time buyer"
0,0.0097153260343347,0.0106448677170299,auto_approve,"Elevated risk driven by: COD payment, UPI payment, large discount"
1,0.1606939522690882,0.1833015601232493,flag_for_review,"Elevated risk driven by: unusually low order value, fashion category, grocery category"
0,0.1201521238778837,0.0824279817309258,auto_approve,"Elevated risk driven by: size-dependent item, fashion category, grocery category"
0,0.1202295484449943,0.1020317374521686,auto_approve,"Elevated risk driven by: unusually low order value, home category, grocery category"
0,0.0968928271073453,0.1293628638949052,auto_approve,"Elevated risk driven by: large discount, home category, UPI payment"
1,0.2140749410315042,0.2692394638191287,flag_for_review,"Elevated risk driven by: COD payment, unusually low order value, beauty category"
1,0.0854361008619359,0.0306909547559091,auto_approve,"Elevated risk driven by: COD payment, large discount, UPI payment"
0,0.3786069585068106,0.354377419339502,flag_for_review,"Elevated risk driven by: customer's return history, size-dependent item, tier3 delivery area"
1,0.1717800038553888,0.1788584003336119,flag_for_review,"Elevated risk driven by: size-dependent item, unusually low order value, beauty category"
0,0.1243539229586728,0.1476714100390093,auto_approve,"Elevated risk driven by: COD payment, unusually low order value, UPI payment"
1,0.2115079096524538,0.2073908333819643,flag_for_review,"Elevated risk driven by: size-dependent item, unusually low order value, fashion category"
0,0.0796929754651952,0.1074227734899337,auto_approve,"Elevated risk driven by: COD payment, customer's return history, tier3 delivery area"
1,0.0954744870263173,0.1440068088919303,auto_approve,"Elevated risk driven by: unusually low order value, beauty category, large discount"
1,0.4737510731534426,0.519018879919861,flag_for_review,"Elevated risk driven by: size-dependent item, COD payment, unusually low order value"
0,0.1597091160085773,0.1022446203255723,auto_approve,"Elevated risk driven by: large discount, size-dependent item, fashion category"
1,0.7043773546969518,0.7650433930705107,flag_for_review,"Elevated risk driven by: size-dependent item, COD payment, known return history"
0,0.2012357205463744,0.1478685711903728,flag_for_review,"Elevated risk driven by: size-dependent item, fashion category, large discount"
0,0.3470782992584002,0.2746999531706994,flag_for_review,"Elevated risk driven by: COD payment, known return history, first-time buyer"
0,0.0563169924135352,0.0490233188578497,auto_approve,"Elevated risk driven by: large discount, customer's return history, metro delivery area"
1,0.5439209241019256,0.6032841346674908,flag_for_review,"Elevated risk driven by: large discount, size-dependent item, COD payment"
0,0.1467634249679643,0.158459361150231,auto_approve,"Elevated risk driven by: large discount, beauty category, grocery category"
0,0.0635550958764346,0.0756298716226857,auto_approve,"Elevated risk driven by: home category, unusually low order value, UPI payment"
0,0.133720264889151,0.191082284681616,auto_approve,"Elevated risk driven by: COD payment, customer's return history, unusually low order value"
1,0.4473802141437579,0.6068822403770798,flag_for_review,"Elevated risk driven by: size-dependent item, customer's return history, unusually low order value"
0,0.0505250751037621,0.0496033013295657,auto_approve,"Elevated risk driven by: fashion category, grocery category, electronics category"
0,0.0835410099422568,0.1160843565170001,auto_approve,"Elevated risk driven by: large discount, UPI payment, grocery category"
0,0.170672486357802,0.1666446438092369,flag_for_review,"Elevated risk driven by: size-dependent item, fashion category, UPI payment"
0,0.098082370520723,0.1076386816593208,auto_approve,"Elevated risk driven by: unusually low order value, home category, grocery category"
0,0.2515251382915701,0.1374044758472909,flag_for_review,"Elevated risk driven by: customer's return history, tier3 delivery area, fashion category"
0,0.0847383664327412,0.0511319864709549,auto_approve,"Elevated risk driven by: COD payment, home category, customer's return history"
0,0.0668727508256237,0.0628955632923905,auto_approve,"Elevated risk driven by: known return history, first-time buyer, unusually low order value"
0,0.1465685774241011,0.1158050597588224,auto_approve,"Elevated risk driven by: size-dependent item, fashion category, grocery category"
0,0.0412787747554936,0.0217260433664581,auto_approve,"Elevated risk driven by: tier3 delivery area, fashion category, large discount"
0,0.0346883258445115,0.0311724874625633,auto_approve,"Elevated risk driven by: customer's return history, unusually low order value, metro delivery area"
1,0.2222129408986973,0.2724397459235869,flag_for_review,"Elevated risk driven by: size-dependent item, unusually low order value, fashion category"
0,0.4001471144744803,0.2783331608826162,flag_for_review,"Elevated risk driven by: COD payment, known return history, first-time buyer"
0,0.021412057242957,0.0196216419400865,auto_approve,"Elevated risk driven by: UPI payment, customer's return history, electronics category"
0,0.0141024169105277,0.0182383952461894,auto_approve,"Elevated risk driven by: customer's return history, UPI payment, grocery category"
0,0.2692154873017016,0.1001161202771109,flag_for_review,"Elevated risk driven by: customer's return history, COD payment, home category"
0,0.0658264746669014,0.0594520322433961,auto_approve,"Elevated risk driven by: size-dependent item, tier3 delivery area, fashion category"
0,0.4100545906831589,0.4104057650713217,flag_for_review,"Elevated risk driven by: size-dependent item, known return history, first-time buyer"
1,0.4544131788960627,0.2965929733375357,flag_for_review,"Elevated risk driven by: large discount, size-dependent item, unusually low order value"
0,0.1012040684106929,0.1200622529439744,auto_approve,"Elevated risk driven by: COD payment, customer's return history, UPI payment"
0,0.1694331419143772,0.2709182121537949,flag_for_review,"Elevated risk driven by: large discount, COD payment, UPI payment"
0,0.3307422574667906,0.2881751924187434,flag_for_review,"Elevated risk driven by: known return history, first-time buyer, unusually low order value"
0,0.1002472006633087,0.0804987575205171,auto_approve,"Elevated risk driven by: beauty category, UPI payment, grocery category"
0,0.0970762440212611,0.105987018625432,auto_approve,"Elevated risk driven by: home category, unusually low order value, UPI payment"
0,0.0923357123372908,0.1224505195448076,auto_approve,"Elevated risk driven by: unusually low order value, beauty category, grocery category"
1,0.1756201848893506,0.1424815050169812,flag_for_review,"Elevated risk driven by: size-dependent item, fashion category, UPI payment"
0,0.0408489767952268,0.0659819514101303,auto_approve,"Elevated risk driven by: unusually low order value, UPI payment, grocery category"
0,0.1017174856496031,0.1039924219132324,auto_approve,"Elevated risk driven by: unusually low order value, beauty category, customer's return history"
0,0.3184484578356818,0.2256148729048371,flag_for_review,"Elevated risk driven by: COD payment, known return history, first-time buyer"
0,0.3703719980397029,0.28704548696466,flag_for_review,"Elevated risk driven by: size-dependent item, known return history, first-time buyer"
1,0.310329135147396,0.3969102197127355,flag_for_review,"Elevated risk driven by: large discount, COD payment, unusually low order value"
0,0.0589796417311468,0.0792482329447464,auto_approve,"Elevated risk driven by: COD payment, UPI payment, unusually low order value"
0,0.0631178868686603,0.069102285232904,auto_approve,"Elevated risk driven by: beauty category, grocery category, electronics category"
0,0.1045488479992885,0.0540143587776166,auto_approve,"Elevated risk driven by: customer's return history, COD payment, UPI payment"
0,0.4937344055406635,0.4136105164759098,flag_for_review,"Elevated risk driven by: customer's return history, size-dependent item, unusually low order value"
1,0.329619144900678,0.2362285805990126,flag_for_review,"Elevated risk driven by: size-dependent item, COD payment, unusually low order value"
0,0.1957484460420613,0.2758603651155131,flag_for_review,"Elevated risk driven by: size-dependent item, unusually low order value, fashion category"
0,0.2598896699549539,0.205781594431133,flag_for_review,"Elevated risk driven by: size-dependent item, COD payment, fashion category"
1,0.3696850496772766,0.3896176918161055,flag_for_review,"Elevated risk driven by: size-dependent item, COD payment, tier3 delivery area"
0,0.0985134888461112,0.1031268015969755,auto_approve,"Elevated risk driven by: home category, unusually low order value, grocery category"
0,0.1168130547353069,0.1925105887878404,auto_approve,"Elevated risk driven by: known return history, first-time buyer, beauty category"
0,0.1508185012513183,0.2420733772031796,auto_approve,"Elevated risk driven by: COD payment, beauty category, UPI payment"
0,0.2392846184400892,0.1616246473160197,flag_for_review,"Elevated risk driven by: size-dependent item, fashion category, grocery category"
1,0.335524992796147,0.3124813148918793,flag_for_review,"Elevated risk driven by: size-dependent item, unusually low order value, fashion category"
0,0.4683518357780397,0.4412517665755043,flag_for_review,"Elevated risk driven by: customer's return history, size-dependent item, fashion category"
0,0.1318344664136916,0.0698953564568928,auto_approve,"Elevated risk driven by: COD payment, known return history, first-time buyer"
1,0.3384196904049489,0.2907583495922892,flag_for_review,"Elevated risk driven by: size-dependent item, COD payment, fashion category"
1,0.0914166780961341,0.0841018734398665,auto_approve,"Elevated risk driven by: large discount, unusually low order value, UPI payment"
1,0.2092964229742685,0.1734548283427015,flag_for_review,"Elevated risk driven by: size-dependent item, customer's return history, fashion category"
0,0.09649904584054,0.1174992548997899,auto_approve,"Elevated risk driven by: COD payment, tier3 delivery area, UPI payment"
1,0.0757848574912508,0.0669828345211744,auto_approve,"Elevated risk driven by: customer's return history, unusually low order value, grocery category"
1,0.0898386682177191,0.0587206841909259,auto_approve,"Elevated risk driven by: unusually low order value, tier3 delivery area, large discount"
0,0.2452219056569524,0.3429505768671489,flag_for_review,"Elevated risk driven by: size-dependent item, COD payment, customer's return history"
0,0.3269476312148159,0.4387428771423506,flag_for_review,"Elevated risk driven by: customer's return history, large discount, home category"
0,0.0385133946326518,0.0514680122768491,auto_approve,"Elevated risk driven by: large discount, unusually low order value, metro delivery area"
0,0.1837721380211472,0.1767042920335321,flag_for_review,"Elevated risk driven by: size-dependent item, fashion category, UPI payment"
0,0.203115953697929,0.1274648332774527,flag_for_review,"Elevated risk driven by: tier3 delivery area, customer's return history, beauty category"
0,0.1724261722939288,0.1404622612434583,flag_for_review,"Elevated risk driven by: COD payment, beauty category, UPI payment"
0,0.3389063309804836,0.2255338540117008,flag_for_review,"Elevated risk driven by: COD payment, unusually low order value, fashion category"
1,0.2212078192954934,0.2110138657234372,flag_for_review,"Elevated risk driven by: home category, customer's return history, tier3 delivery area"
0,0.072820184158273,0.099254386315108,auto_approve,"Elevated risk driven by: customer's return history, UPI payment, grocery category"
0,0.1077739556140292,0.0839445173923896,auto_approve,"Elevated risk driven by: home category, large discount, grocery category"
0,0.5364724427078308,0.4009532383402103,flag_for_review,"Elevated risk driven by: COD payment, known return history, first-time buyer"
1,0.4250681430630931,0.446885113328785,flag_for_review,"Elevated risk driven by: size-dependent item, known return history, first-time buyer"
0,0.4758411059168172,0.3799744436516092,flag_for_review,"Elevated risk driven by: size-dependent item, COD payment, unusually low order value"
0,0.0910377317310491,0.1257996725336857,auto_approve,"Elevated risk driven by: large discount, customer's return history, grocery category"
0,0.3845435669533043,0.3121981871524524,flag_for_review,"Elevated risk driven by: size-dependent item, COD payment, fashion category"
0,0.2101403390380376,0.2134451507792808,flag_for_review,"Elevated risk driven by: known return history, first-time buyer, tier3 delivery area"
1,0.2913590974154156,0.3276084945541775,flag_for_review,"Elevated risk driven by: size-dependent item, unusually low order value, tier3 delivery area"
0,0.029450204338037,0.0550286710012419,auto_approve,"Elevated risk driven by: grocery category, card payment"
0,0.0590094244717772,0.0521700469491716,auto_approve,"Elevated risk driven by: home category, grocery category, electronics category"
0,0.070509357044159,0.0935076680561078,auto_approve,"Elevated risk driven by: unusually low order value, large discount, grocery category"
1,0.2217401836734699,0.254784480228242,flag_for_review,"Elevated risk driven by: COD payment, home category, unusually low order value"
1,0.2703534448998155,0.2878928032077468,flag_for_review,"Elevated risk driven by: COD payment, customer's return history, beauty category"
0,0.2598619055074164,0.2211248284402196,flag_for_review,"Elevated risk driven by: COD payment, unusually low order value, home category"
0,0.0221676568449718,0.0440265050306852,auto_approve,"Elevated risk driven by: size-dependent item, beauty category, grocery category"
1,0.219007036564006,0.2296739540649132,flag_for_review,"Elevated risk driven by: COD payment, home category, unusually low order value"
0,0.3905373450002797,0.3197890911773545,flag_for_review,"Elevated risk driven by: known return history, first-time buyer, large discount"
0,0.1504402912858932,0.1585532415407669,auto_approve,"Elevated risk driven by: home category, unusually low order value, grocery category"
0,0.0535490742331827,0.0947103463563071,auto_approve,"Elevated risk driven by: customer's return history, UPI payment, grocery category"
1,0.0544005130198503,0.0929228222033146,auto_approve,"Elevated risk driven by: COD payment, unusually low order value, UPI payment"
1,0.2126648913561176,0.4248399087788692,flag_for_review,"Elevated risk driven by: size-dependent item, unusually low order value, tier3 delivery area"
0,0.1222614332722796,0.2769223991302868,auto_approve,"Elevated risk driven by: unusually low order value, customer's return history, fashion category"
1,0.418867303133809,0.3639369221298195,flag_for_review,"Elevated risk driven by: size-dependent item, COD payment, unusually low order value"
0,0.0230046702327335,0.0439994572924675,auto_approve,"Elevated risk driven by: home category, UPI payment, grocery category"
0,0.0731117971476668,0.1210372906530987,auto_approve,"Elevated risk driven by: customer's return history, unusually low order value, grocery category"
0,0.2717903664805029,0.3685401350699557,flag_for_review,"Elevated risk driven by: size-dependent item, COD payment, fashion category"
0,0.0906994772306446,0.1332998678235068,auto_approve,"Elevated risk driven by: large discount, unusually low order value, grocery category"
0,0.1098635032980734,0.1165334058030187,auto_approve,"Elevated risk driven by: home category, unusually low order value, grocery category"
0,0.1770157613626386,0.1209687645815616,flag_for_review,"Elevated risk driven by: size-dependent item, fashion category, unusually low order value"
0,0.0540183918678088,0.0802571739446033,auto_approve,"Elevated risk driven by: large discount, UPI payment, grocery category"
1,0.2388989322450585,0.2364555945625397,flag_for_review,"Elevated risk driven by: size-dependent item, large discount, unusually low order value"
1,0.3834704204717507,0.5594900934990804,flag_for_review,"Elevated risk driven by: size-dependent item, COD payment, customer's return history"
0,0.0745233963555222,0.078881220813325,auto_approve,"Elevated risk driven by: large discount, customer's return history, grocery category"
0,0.0890777377924406,0.0949666399459024,auto_approve,"Elevated risk driven by: large discount, COD payment, UPI payment"
1,0.7501781836838542,0.7746254988103576,flag_for_review,"Elevated risk driven by: size-dependent item, COD payment, known return history"
0,0.0616018946908226,0.0415733002499987,auto_approve,"Elevated risk driven by: unusually low order value, customer's return history, UPI payment"
0,0.3352637330634646,0.4317454399341242,flag_for_review,"Elevated risk driven by: large discount, size-dependent item, customer's return history"
0,0.2566609865461722,0.1991314588979105,flag_for_review,"Elevated risk driven by: COD payment, unusually low order value, home category"
0,0.0282880204126116,0.0313204573563517,auto_approve,"Elevated risk driven by: UPI payment, grocery category, metro delivery area"
0,0.2322844409046348,0.242979031253138,flag_for_review,"Elevated risk driven by: size-dependent item, unusually low order value, fashion category"
0,0.1548605035273833,0.1431587553680235,auto_approve,"Elevated risk driven by: COD payment, home category, large discount"
0,0.1093431878483093,0.1886425795795612,auto_approve,"Elevated risk driven by: COD payment, large discount, UPI payment"
0,0.1036584044924808,0.1081210474280012,auto_approve,"Elevated risk driven by: size-dependent item, fashion category, grocery category"
0,0.0090559200008742,0.0681553862820739,auto_approve,"Elevated risk driven by: electronics category, card payment"
0,0.3536255247512693,0.2637762661067301,flag_for_review,"Elevated risk driven by: large discount, size-dependent item, unusually low order value"
0,0.4848135762728126,0.3943598984318698,flag_for_review,"Elevated risk driven by: large discount, COD payment, known return history"
1,0.1831248811091658,0.2380395925132626,flag_for_review,"Elevated risk driven by: size-dependent item, unusually low order value, fashion category"
0,0.3636098283607035,0.4337982978954117,flag_for_review,"Elevated risk driven by: customer's return history, large discount, home category"
0,0.1066984808304611,0.1367330960519406,auto_approve,"Elevated risk driven by: customer's return history, beauty category, grocery category"
0,0.278950717319205,0.1999615599029635,flag_for_review,"Elevated risk driven by: customer's return history, COD payment, fashion category"
0,0.3054220692387785,0.2203393512944035,flag_for_review,"Elevated risk driven by: size-dependent item, fashion category, unusually low order value"
0,0.1225074920059118,0.1046506239692249,auto_approve,"Elevated risk driven by: tier3 delivery area, unusually low order value, customer's return history"
0,0.0630153644305861,0.0654972837673438,auto_approve,"Elevated risk driven by: large discount, grocery category, metro delivery area"
0,0.0475616886992658,0.0323557439460925,auto_approve,"Elevated risk driven by: large discount, unusually low order value, customer's return history"
0,0.1463047744384842,0.1905162918784416,auto_approve,"Elevated risk driven by: COD payment, home category, unusually low order value"
0,0.3284718195770679,0.2795336485975024,flag_for_review,"Elevated risk driven by: size-dependent item, COD payment, fashion category"
0,0.0934571095147176,0.1145666731837602,auto_approve,"Elevated risk driven by: home category, unusually low order value, grocery category"
0,0.4796259267896386,0.4398342948686219,flag_for_review,"Elevated risk driven by: size-dependent item, COD payment, large discount"
0,0.0821384093575926,0.0922328167663597,auto_approve,"Elevated risk driven by: COD payment, customer's return history, unusually low order value"
0,0.058595042756346,0.0577399734596582,auto_approve,"Elevated risk driven by: unusually low order value, grocery category, large discount"
0,0.0570046690288647,0.0774158644529936,auto_approve,"Elevated risk driven by: home category, grocery category, electronics category"
0,0.3097979402556514,0.4051264143238269,flag_for_review,"Elevated risk driven by: size-dependent item, customer's return history, unusually low order value"
0,0.0318991787616093,0.0488588089525226,auto_approve,"Elevated risk driven by: UPI payment, grocery category, card payment"
0,0.3032181378345688,0.2644357498836824,flag_for_review,"Elevated risk driven by: known return history, first-time buyer, large discount"
0,0.0371451121902066,0.0408845555808173,auto_approve,"Elevated risk driven by: large discount, unusually low order value, electronics category"
1,0.2919659106585854,0.198274748763208,flag_for_review,"Elevated risk driven by: COD payment, tier3 delivery area, beauty category"
0,0.021922586652556,0.0394860799005198,auto_approve,"Elevated risk driven by: UPI payment, metro delivery area, electronics category"
0,0.2461420064309155,0.2540767095861447,flag_for_review,"Elevated risk driven by: size-dependent item, customer's return history, fashion category"
0,0.0242328523205036,0.0297420783146001,auto_approve,"Elevated risk driven by: home category, grocery category, electronics category"
1,0.302100450126509,0.3403366799213764,flag_for_review,"Elevated risk driven by: size-dependent item, unusually low order value, tier3 delivery area"
0,0.196652946744283,0.2282839725914807,flag_for_review,"Elevated risk driven by: COD payment, unusually low order value, beauty category"
1,0.1983484054754247,0.1544306741020318,flag_for_review,"Elevated risk driven by: known return history, first-time buyer, home category"
1,0.3657317070411873,0.4341084863137118,flag_for_review,"Elevated risk driven by: customer's return history, COD payment, unusually low order value"
0,0.11052231491474,0.0830240321174046,auto_approve,"Elevated risk driven by: beauty category, customer's return history, unusually low order value"
0,0.2869338177075539,0.3407849464544701,flag_for_review,"Elevated risk driven by: size-dependent item, unusually low order value, fashion category"
0,0.0568679245790053,0.0687952036208733,auto_approve,"Elevated risk driven by: large discount, UPI payment, grocery category"
1,0.3283900410000674,0.2422688608383848,flag_for_review,"Elevated risk driven by: size-dependent item, large discount, tier3 delivery area"
1,0.2438511529713861,0.2268951323108632,flag_for_review,"Elevated risk driven by: size-dependent item, unusually low order value, fashion category"
0,0.2672060150967545,0.2459919927508125,flag_for_review,"Elevated risk driven by: size-dependent item, tier3 delivery area, fashion category"
0,0.039763885781286,0.0481523829609791,auto_approve,"Elevated risk driven by: customer's return history, unusually low order value, UPI payment"
0,0.0356094398099712,0.0289129373012071,auto_approve,"Elevated risk driven by: fashion category, grocery category, electronics category"
0,0.0591953536431611,0.0815492511481442,auto_approve,"Elevated risk driven by: beauty category, UPI payment, grocery category"
0,0.0382057470546723,0.0517843180432623,auto_approve,"Elevated risk driven by: UPI payment, grocery category"
0,0.1459981726318939,0.2015793882525079,auto_approve,"Elevated risk driven by: home category, unusually low order value, customer's return history"
0,0.0376869533393478,0.0541279341367604,auto_approve,"Elevated risk driven by: grocery category, card payment"
0,0.1210151265925848,0.1307027192639426,auto_approve,"Elevated risk driven by: size-dependent item, fashion category, grocery category"
0,0.2911502351674159,0.2790483491213154,flag_for_review,"Elevated risk driven by: COD payment, customer's return history, unusually low order value"
0,0.2563582365824816,0.3081704414611699,flag_for_review,"Elevated risk driven by: COD payment, customer's return history, unusually low order value"
0,0.1485907027578236,0.136010817695985,auto_approve,"Elevated risk driven by: customer's return history, home category, UPI payment"
0,0.1485028432929053,0.1334663147081364,auto_approve,"Elevated risk driven by: known return history, first-time buyer, unusually low order value"
0,0.2338660325343612,0.22673704854002,flag_for_review,"Elevated risk driven by: size-dependent item, fashion category, unusually low order value"
1,0.3115100175648558,0.2608127904815376,flag_for_review,"Elevated risk driven by: COD payment, fashion category, unusually low order value"
0,0.1193416372969797,0.1184944899311612,auto_approve,"Elevated risk driven by: customer's return history, fashion category, grocery category"
1,0.3112636789750187,0.343397009604145,flag_for_review,"Elevated risk driven by: size-dependent item, COD payment, unusually low order value"
0,0.0649977424414512,0.0974089885513081,auto_approve,"Elevated risk driven by: fashion category, grocery category, metro delivery area"
0,0.1428349817948274,0.1737175097131878,auto_approve,"Elevated risk driven by: home category, unusually low order value, tier3 delivery area"
0,0.097441536948318,0.0960083991567426,auto_approve,"Elevated risk driven by: customer's return history, large discount, unusually low order value"
0,0.335149064667011,0.2797857053222434,flag_for_review,"Elevated risk driven by: size-dependent item, large discount, tier3 delivery area"
0,0.0612036013528862,0.0657770828447533,auto_approve,"Elevated risk driven by: fashion category, grocery category, electronics category"
1,0.2431001052465932,0.3047179453967811,flag_for_review,"Elevated risk driven by: size-dependent item, unusually low order value, fashion category"
1,0.1308858356981211,0.1399390364795478,auto_approve,"Elevated risk driven by: size-dependent item, fashion category, large discount"
0,0.1844763300405366,0.1698283292924381,flag_for_review,"Elevated risk driven by: unusually low order value, home category, large discount"
0,0.2263441157532453,0.142027551144663,flag_for_review,"Elevated risk driven by: size-dependent item, fashion category, large discount"
1,0.5258680768256985,0.5089563300876332,flag_for_review,"Elevated risk driven by: size-dependent item, COD payment, unusually low order value"
0,0.2089900916581926,0.1254080363969617,flag_for_review,"Elevated risk driven by: COD payment, home category, unusually low order value"
0,0.1042240178258817,0.1183384042997944,auto_approve,"Elevated risk driven by: COD payment, UPI payment, grocery category"
0,0.2672154619645001,0.2542840185603819,flag_for_review,"Elevated risk driven by: COD payment, home category, tier3 delivery area"
1,0.3189215670832212,0.236107436281884,flag_for_review,"Elevated risk driven by: COD payment, tier3 delivery area, customer's return history"
0,0.0692595922249305,0.0651894025159672,auto_approve,"Elevated risk driven by: home category, tier3 delivery area, customer's return history"
0,0.3991893683008843,0.3506982917978952,flag_for_review,"Elevated risk driven by: COD payment, customer's return history, tier3 delivery area"
0,0.3315301677537496,0.1964308696781499,flag_for_review,"Elevated risk driven by: COD payment, known return history, first-time buyer"
0,0.1598853068017567,0.1725945127596126,auto_approve,"Elevated risk driven by: known return history, first-time buyer, unusually low order value"
1,0.8383097260979697,0.8322905873921195,flag_for_review,"Elevated risk driven by: size-dependent item, large discount, COD payment"
0,0.0898583519700099,0.09839279056431,auto_approve,"Elevated risk driven by: tier3 delivery area, customer's return history, unusually low order value"
0,0.1931323604233577,0.2537180087510632,flag_for_review,"Elevated risk driven by: size-dependent item, fashion category, unusually low order value"
0,0.0404396942780797,0.0517493383452453,auto_approve,"Elevated risk driven by: grocery category, card payment, customer's return history"
0,0.0184801500453109,0.0131543011180513,auto_approve,"Elevated risk driven by: COD payment, large discount, UPI payment"
0,0.3007602996138404,0.3354325479030811,flag_for_review,"Elevated risk driven by: large discount, COD payment, beauty category"
0,0.0186605374576053,0.1689384033902471,auto_approve,"Elevated risk driven by: unusually low order value, electronics category, card payment"
0,0.2924807534249632,0.409520437383753,flag_for_review,"Elevated risk driven by: size-dependent item, COD payment, unusually low order value"
0,0.1134588486679636,0.1806106297323787,auto_approve,"Elevated risk driven by: home category, unusually low order value, customer's return history"
0,0.0903240939973761,0.1772467831537467,auto_approve,"Elevated risk driven by: unusually low order value, fashion category, UPI payment"
0,0.336024502903122,0.2191980814011184,flag_for_review,"Elevated risk driven by: size-dependent item, COD payment, fashion category"
0,0.1594895086064004,0.1587596379142719,auto_approve,"Elevated risk driven by: COD payment, unusually low order value, large discount"
0,0.0218552172793462,0.0347790377195117,auto_approve,"Elevated risk driven by: customer's return history, unusually low order value, electronics category"
0,0.1773208227855301,0.1862055616310374,flag_for_review,"Elevated risk driven by: size-dependent item, unusually low order value, fashion category"
0,0.2598225309802996,0.3226176068114164,flag_for_review,"Elevated risk driven by: size-dependent item, fashion category, customer's return history"
1,0.1922508810562079,0.2277455382097377,flag_for_review,"Elevated risk driven by: customer's return history, unusually low order value, fashion category"
1,0.3399053642707632,0.2214255016837139,flag_for_review,"Elevated risk driven by: size-dependent item, tier3 delivery area, fashion category"
0,0.0914829727179533,0.1376915625766994,auto_approve,"Elevated risk driven by: fashion category, unusually low order value, grocery category"
0,0.2081062277446646,0.2734650786161816,flag_for_review,"Elevated risk driven by: COD payment, home category, unusually low order value"
1,0.3394106230364325,0.2817724944978352,flag_for_review,"Elevated risk driven by: size-dependent item, COD payment, large discount"
1,0.2535668418066585,0.2396914897769426,flag_for_review,"Elevated risk driven by: size-dependent item, COD payment, fashion category"
1,0.3690324273863409,0.4033177235977779,flag_for_review,"Elevated risk driven by: size-dependent item, COD payment, unusually low order value"
0,0.0920398517443901,0.0560636666980798,auto_approve,"Elevated risk driven by: size-dependent item, fashion category, customer's return history"
0,0.027038564327741,0.0324750369788537,auto_approve,"Elevated risk driven by: unusually low order value, UPI payment, grocery category"
0,0.2219081484993695,0.226177085444091,flag_for_review,"Elevated risk driven by: size-dependent item, fashion category, UPI payment"
0,0.4075143424459057,0.3784003670702975,flag_for_review,"Elevated risk driven by: customer's return history, size-dependent item, large discount"
1,0.1011841639793306,0.0442971751454419,auto_approve,"Elevated risk driven by: COD payment, customer's return history, large discount"
0,0.0289428721853224,0.0363128416978399,auto_approve,"Elevated risk driven by: grocery category, card payment"
0,0.1452751207931274,0.1129982540466692,auto_approve,"Elevated risk driven by: COD payment, unusually low order value, UPI payment"
0,0.1529928075629877,0.1408420353518292,auto_approve,"Elevated risk driven by: home category, large discount, unusually low order value"
0,0.0496930366674814,0.0957257730134812,auto_approve,"Elevated risk driven by: unusually low order value, grocery category, metro delivery area"
0,0.1216277633688766,0.1128671510731345,auto_approve,"Elevated risk driven by: unusually low order value, customer's return history, beauty category"
0,0.2794875723888561,0.2491516807908573,flag_for_review,"Elevated risk driven by: customer's return history, large discount, unusually low order value"
0,0.0612761284639008,0.1145590791310277,auto_approve,"Elevated risk driven by: large discount, home category, UPI payment"
0,0.1734036685610459,0.1623419808503988,flag_for_review,"Elevated risk driven by: COD payment, home category, unusually low order value"
1,0.3182390826045017,0.3203837572353309,flag_for_review,"Elevated risk driven by: customer's return history, COD payment, unusually low order value"
0,0.0735062002298191,0.0933921251744034,auto_approve,"Elevated risk driven by: tier3 delivery area, grocery category, metro delivery area"
1,0.6987839977756746,0.5596288080275373,flag_for_review,"Elevated risk driven by: customer's return history, size-dependent item, COD payment"
0,0.1711119542141662,0.1970022135269603,flag_for_review,"Elevated risk driven by: large discount, unusually low order value, tier3 delivery area"
0,0.1720087969559519,0.2449707299597307,flag_for_review,"Elevated risk driven by: size-dependent item, fashion category, unusually low order value"
0,0.042215378714571,0.0355611683479863,auto_approve,"Elevated risk driven by: customer's return history, unusually low order value, large discount"
0,0.050895660306271,0.0662325509268613,auto_approve,"Elevated risk driven by: large discount, grocery category, metro delivery area"
0,0.0372171754496988,0.0581118004487277,auto_approve,"Elevated risk driven by: UPI payment, grocery category, customer's return history"
0,0.2730177191271603,0.2066821813502012,flag_for_review,"Elevated risk driven by: size-dependent item, unusually low order value, fashion category"
1,0.6603862306455758,0.6866003821299199,flag_for_review,"Elevated risk driven by: size-dependent item, COD payment, known return history"
0,0.1143844699454043,0.1342468577922752,auto_approve,"Elevated risk driven by: large discount, COD payment, unusually low order value"
0,0.0428117075790894,0.0425144503975349,auto_approve,"Elevated risk driven by: large discount, unusually low order value, electronics category"
1,0.718963802129644,0.7470802435127962,flag_for_review,"Elevated risk driven by: customer's return history, large discount, size-dependent item"
0,0.0504258272694762,0.0662808820578168,auto_approve,"Elevated risk driven by: grocery category, metro delivery area, card payment"
1,0.3472311042282721,0.3751652174403013,flag_for_review,"Elevated risk driven by: size-dependent item, known return history, first-time buyer"
1,0.0740404301978673,0.0643084622173851,auto_approve,"Elevated risk driven by: known return history, first-time buyer, large discount"
1,0.6578601663752245,0.708775818106355,flag_for_review,"Elevated risk driven by: size-dependent item, COD payment, known return history"
0,0.1756290986814451,0.1706181102699503,flag_for_review,"Elevated risk driven by: COD payment, customer's return history, beauty category"
0,0.2020942424856462,0.1590068552090913,flag_for_review,"Elevated risk driven by: customer's return history, home category, grocery category"
0,0.0906331467102861,0.1017342594044325,auto_approve,"Elevated risk driven by: large discount, grocery category, customer's return history"
0,0.173980768037248,0.1456156594447025,flag_for_review,"Elevated risk driven by: COD payment, beauty category, UPI payment"
1,0.2121902901809107,0.2445183311358792,flag_for_review,"Elevated risk driven by: size-dependent item, unusually low order value, fashion category"
0,0.0747811359059881,0.0912452819104306,auto_approve,"Elevated risk driven by: unusually low order value, grocery category, metro delivery area"
0,0.1615489475418566,0.1656263790705123,flag_for_review,"Elevated risk driven by: tier3 delivery area, fashion category, large discount"
1,0.3107481045842458,0.2459169895651286,flag_for_review,"Elevated risk driven by: size-dependent item, COD payment, unusually low order value"
0,0.0300687063217207,0.1554468698799262,auto_approve,"Elevated risk driven by: large discount, UPI payment, grocery category"
0,0.0540239795467944,0.0603978466561105,auto_approve,"Elevated risk driven by: unusually low order value, grocery category, large discount"
0,0.0341890005718945,0.0580737432562173,auto_approve,"Elevated risk driven by: home category, tier3 delivery area, grocery category"
0,0.0401534076199886,0.0545362022311551,auto_approve,"Elevated risk driven by: grocery category, customer's order count, large discount"
0,0.0735474865309954,0.1041147943447953,auto_approve,"Elevated risk driven by: unusually low order value, large discount, customer's return history"
0,0.0728196652043143,0.045920078795529,auto_approve,"Elevated risk driven by: customer's return history, COD payment, UPI payment"
0,0.2774962916448804,0.2970285542851734,flag_for_review,"Elevated risk driven by: size-dependent item, tier3 delivery area, fashion category"
0,0.0984365689266057,0.093699288591089,auto_approve,"Elevated risk driven by: home category, tier3 delivery area, unusually low order value"
0,0.0587083404847613,0.0815926298967785,auto_approve,"Elevated risk driven by: beauty category, UPI payment, customer's return history"
0,0.1790156910774679,0.22088069167652,flag_for_review,"Elevated risk driven by: COD payment, unusually low order value, tier3 delivery area"
0,0.0520968371923088,0.1060473955982958,auto_approve,"Elevated risk driven by: COD payment, unusually low order value, UPI payment"
1,0.2982175905568941,0.3382610551494178,flag_for_review,"Elevated risk driven by: size-dependent item, COD payment, fashion category"
0,0.2482237041343104,0.0975594190707087,flag_for_review,"Elevated risk driven by: size-dependent item, customer's return history, tier3 delivery area"
0,0.0567934666123074,0.0674307389814976,auto_approve,"Elevated risk driven by: unusually low order value, beauty category, grocery category"
0,0.0278878139531544,0.0296553017952956,auto_approve,"Elevated risk driven by: customer's return history, electronics category, unusually low order value"
0,0.3694210727210176,0.4242472718678878,flag_for_review,"Elevated risk driven by: size-dependent item, customer's return history, large discount"
0,0.1378304907201709,0.0999244982190643,auto_approve,"Elevated risk driven by: large discount, unusually low order value, customer's return history"
0,0.0677682862856459,0.0500915128508249,auto_approve,"Elevated risk driven by: tier3 delivery area, customer's return history, UPI payment"
0,0.3317542702658243,0.312467342639355,flag_for_review,"Elevated risk driven by: size-dependent item, COD payment, unusually low order value"
0,0.1513748926233478,0.185878540570791,auto_approve,"Elevated risk driven by: customer's return history, COD payment, unusually low order value"
0,0.0749392008491305,0.1236320792097577,auto_approve,"Elevated risk driven by: large discount, beauty category, grocery category"
0,0.1661526610883445,0.2020537988138485,flag_for_review,"Elevated risk driven by: size-dependent item, unusually low order value, fashion category"
0,0.2277017417215833,0.1180798171224951,flag_for_review,"Elevated risk driven by: COD payment, home category, unusually low order value"
0,0.147095351897963,0.1223343083543517,auto_approve,"Elevated risk driven by: COD payment, large discount, UPI payment"
0,0.1791723955762611,0.1108899410487027,flag_for_review,"Elevated risk driven by: size-dependent item, fashion category, grocery category"
0,0.1194496819111861,0.0954029750015193,auto_approve,"Elevated risk driven by: COD payment, UPI payment, grocery category"
0,0.4231559819224931,0.3675008954276688,flag_for_review,"Elevated risk driven by: known return history, first-time buyer, home category"
1,0.5741848789124294,0.5648908296313616,flag_for_review,"Elevated risk driven by: customer's return history, size-dependent item, COD payment"
0,0.1316472569992659,0.1986784829726124,auto_approve,"Elevated risk driven by: unusually low order value, tier3 delivery area, fashion category"
1,0.617257499912927,0.604575622639244,flag_for_review,"Elevated risk driven by: size-dependent item, customer's return history, COD payment"
0,0.2372352702622783,0.2031988693344482,flag_for_review,"Elevated risk driven by: customer's return history, COD payment, beauty category"
0,0.0479654535323275,0.0591822516257239,auto_approve,"Elevated risk driven by: large discount, beauty category, UPI payment"
0,0.0207598365840465,0.0225550554156746,auto_approve,"Elevated risk driven by: COD payment, home category, tier3 delivery area"
1,0.4637370742335616,0.363998827432777,flag_for_review,"Elevated risk driven by: size-dependent item, known return history, first-time buyer"
0,0.4074076721285811,0.3847272685214393,flag_for_review,"Elevated risk driven by: COD payment, large discount, unusually low order value"
0,0.5055331069560923,0.3882480659392685,flag_for_review,"Elevated risk driven by: size-dependent item, customer's return history, large discount"
0,0.1606730543550271,0.1714491609569666,flag_for_review,"Elevated risk driven by: known return history, first-time buyer, tier3 delivery area"
0,0.2049889580645123,0.2084431484607461,flag_for_review,"Elevated risk driven by: size-dependent item, unusually low order value, fashion category"
0,0.5584081229483251,0.5911372665437014,flag_for_review,"Elevated risk driven by: size-dependent item, COD payment, customer's return history"
0,0.0543583096636694,0.0633788647038001,auto_approve,"Elevated risk driven by: home category, grocery category, customer's return history"
1,0.2681199072571886,0.2369611957363024,flag_for_review,"Elevated risk driven by: size-dependent item, customer's return history, fashion category"
0,0.0172671914773157,0.0158031183912067,auto_approve,"Elevated risk driven by: UPI payment, unusually low order value, customer's return history"
0,0.1074669569680193,0.0925501794784704,auto_approve,"Elevated risk driven by: tier3 delivery area, unusually low order value, customer's return history"
0,0.1626017483724382,0.170129558822225,flag_for_review,"Elevated risk driven by: unusually low order value, tier3 delivery area, beauty category"
0,0.0819381584189634,0.1014081893491437,auto_approve,"Elevated risk driven by: customer's return history, unusually low order value, UPI payment"
0,0.1912350629824637,0.3091605085661478,flag_for_review,"Elevated risk driven by: known return history, first-time buyer, unusually low order value"
1,0.5393976676486673,0.3450181424142522,flag_for_review,"Elevated risk driven by: size-dependent item, COD payment, large discount"
0,0.2751560010922315,0.4213607599415455,flag_for_review,"Elevated risk driven by: size-dependent item, unusually low order value, tier3 delivery area"
0,0.3125433418772151,0.2699575131496944,flag_for_review,"Elevated risk driven by: COD payment, known return history, first-time buyer"
0,0.0661425814435261,0.0675458611910565,auto_approve,"Elevated risk driven by: unusually low order value, UPI payment, grocery category"
1,0.2182876946129631,0.3041080939987174,flag_for_review,"Elevated risk driven by: large discount, home category, customer's return history"
0,0.0975931022995542,0.10006541122193,auto_approve,"Elevated risk driven by: tier3 delivery area, large discount, grocery category"
0,0.1840387691526705,0.2131947550747682,flag_for_review,"Elevated risk driven by: unusually low order value, home category, tier3 delivery area"
0,0.1714607064813237,0.1458538607368287,flag_for_review,"Elevated risk driven by: large discount, customer's return history, fashion category"
0,0.1293761101492636,0.1231106131046394,auto_approve,"Elevated risk driven by: tier3 delivery area, unusually low order value, beauty category"
0,0.2500232799875242,0.1593467679665782,flag_for_review,"Elevated risk driven by: size-dependent item, tier3 delivery area, fashion category"
0,0.1280946399431113,0.1040760070222701,auto_approve,"Elevated risk driven by: COD payment, unusually low order value, UPI payment"
1,0.3454965993971314,0.3092739598279967,flag_for_review,"Elevated risk driven by: size-dependent item, large discount, unusually low order value"
0,0.4970893091068633,0.5016337384094008,flag_for_review,"Elevated risk driven by: size-dependent item, COD payment, unusually low order value"
0,0.1225889805068768,0.1356575309615637,auto_approve,"Elevated risk driven by: home category, tier3 delivery area, grocery category"
0,0.0159848201441897,0.0430152729655025,auto_approve,"Elevated risk driven by: UPI payment, metro delivery area, electronics category"
0,0.0611057599381884,0.0539891723002404,auto_approve,"Elevated risk driven by: fashion category, UPI payment, grocery category"
0,0.556754630982448,0.5055690981814326,flag_for_review,"Elevated risk driven by: customer's return history, size-dependent item, COD payment"
0,0.0586622940733455,0.0994958086564468,auto_approve,"Elevated risk driven by: unusually low order value, fashion category, UPI payment"
0,0.0295621090926603,0.0576403446530908,auto_approve,"Elevated risk driven by: unusually low order value, tier3 delivery area, metro delivery area"
0,0.1792389286728552,0.1911616188642008,flag_for_review,"Elevated risk driven by: large discount, COD payment, home category"
0,0.1540472648834234,0.1183728732056294,auto_approve,"Elevated risk driven by: COD payment, known return history, first-time buyer"
0,0.2801954316994616,0.1802842650828905,flag_for_review,"Elevated risk driven by: COD payment, customer's return history, tier3 delivery area"
0,0.2512369161955636,0.2214843616504332,flag_for_review,"Elevated risk driven by: large discount, unusually low order value, home category"
1,0.5595362192045902,0.5112629777818913,flag_for_review,"Elevated risk driven by: large discount, size-dependent item, COD payment"
0,0.3963577365267701,0.337690735073913,flag_for_review,"Elevated risk driven by: customer's return history, size-dependent item, unusually low order value"
0,0.3723515339621731,0.4182086376179988,flag_for_review,"Elevated risk driven by: size-dependent item, unusually low order value, customer's return history"
0,0.0396958507624531,0.0474887507221211,auto_approve,"Elevated risk driven by: COD payment, UPI payment, metro delivery area"
0,0.2792689669920039,0.309737208701717,flag_for_review,"Elevated risk driven by: size-dependent item, unusually low order value, fashion category"
1,0.4098389924595094,0.441300888926331,flag_for_review,"Elevated risk driven by: customer's return history, COD payment, large discount"
0,0.0536958357924936,0.0746162337063535,auto_approve,"Elevated risk driven by: beauty category, UPI payment, grocery category"
1,0.3053234296768449,0.2623302849648215,flag_for_review,"Elevated risk driven by: COD payment, home category, customer's return history"
0,0.1400909478458696,0.1273766962436662,auto_approve,"Elevated risk driven by: size-dependent item, fashion category, unusually low order value"
1,0.3166490901508022,0.2863046450010812,flag_for_review,"Elevated risk driven by: size-dependent item, COD payment, fashion category"
0,0.4375603912734223,0.3399664992018475,flag_for_review,"Elevated risk driven by: size-dependent item, COD payment, tier3 delivery area"
1,0.7367291996385217,0.784166771548096,flag_for_review,"Elevated risk driven by: size-dependent item, COD payment, known return history"
0,0.3448434891149283,0.317612403627648,flag_for_review,"Elevated risk driven by: COD payment, unusually low order value, tier3 delivery area"
0,0.0534469056400643,0.0609354653987692,auto_approve,"Elevated risk driven by: grocery category, customer's return history, metro delivery area"
0,0.0626307092680143,0.0973888691301435,auto_approve,"Elevated risk driven by: unusually low order value, beauty category, UPI payment"
0,0.2683193247519218,0.338882102689105,flag_for_review,"Elevated risk driven by: size-dependent item, customer's return history, fashion category"
0,0.101767982249222,0.0880229461528863,auto_approve,"Elevated risk driven by: customer's return history, COD payment, UPI payment"
0,0.0401127538688088,0.0649699570479325,auto_approve,"Elevated risk driven by: grocery category, unusually low order value, card payment"
0,0.1777986098840661,0.1778434676141594,flag_for_review,"Elevated risk driven by: size-dependent item, unusually low order value, fashion category"
0,0.4459965502432598,0.3114458189184456,flag_for_review,"Elevated risk driven by: size-dependent item, COD payment, unusually low order value"
0,0.0627255964275231,0.0652184169270933,auto_approve,"Elevated risk driven by: large discount, home category, grocery category"
0,0.1536104369622227,0.1355505997037307,auto_approve,"Elevated risk driven by: customer's return history, beauty category, unusually low order value"
1,0.1887938959535236,0.163698112934271,flag_for_review,"Elevated risk driven by: COD payment, tier3 delivery area, large discount"
0,0.1348116209200194,0.237823711782109,auto_approve,"Elevated risk driven by: large discount, customer's return history, unusually low order value"
0,0.2545124633487018,0.175867842803318,flag_for_review,"Elevated risk driven by: COD payment, customer's return history, home category"
0,0.110906953809062,0.092752289966559,auto_approve,"Elevated risk driven by: home category, unusually low order value, customer's return history"
0,0.0325842872758726,0.0345907441916036,auto_approve,"Elevated risk driven by: size-dependent item, large discount, tier3 delivery area"
0,0.0755261259539908,0.0774548555566662,auto_approve,"Elevated risk driven by: beauty category, large discount, grocery category"
0,0.1750095950989831,0.2276273347672413,flag_for_review,"Elevated risk driven by: known return history, first-time buyer, tier3 delivery area"
0,0.0821722994812694,0.0844650918371824,auto_approve,"Elevated risk driven by: customer's return history, tier3 delivery area, large discount"
0,0.5635090789856556,0.5326971094126983,flag_for_review,"Elevated risk driven by: large discount, COD payment, known return history"
0,0.2081397454095246,0.3086036396255763,flag_for_review,"Elevated risk driven by: known return history, first-time buyer, unusually low order value"
0,0.1940880552292116,0.1992466375678258,flag_for_review,"Elevated risk driven by: size-dependent item, COD payment, fashion category"
1,0.308114969214398,0.3260083054379191,flag_for_review,"Elevated risk driven by: large discount, known return history, first-time buyer"
0,0.2048574754777333,0.1288354397857252,flag_for_review,"Elevated risk driven by: COD payment, home category, UPI payment"
0,0.036377603341553,0.05872412972031,auto_approve,"Elevated risk driven by: home category, customer's return history, UPI payment"
0,0.3569958490581037,0.1684530569153316,flag_for_review,"Elevated risk driven by: COD payment, known return history, first-time buyer"
1,0.4007310948805763,0.2587829399224441,flag_for_review,"Elevated risk driven by: large discount, size-dependent item, unusually low order value"
0,0.1547562626830314,0.183383256074717,auto_approve,"Elevated risk driven by: large discount, fashion category, unusually low order value"
1,0.5316300192808541,0.4646746950596181,flag_for_review,"Elevated risk driven by: COD payment, known return history, first-time buyer"
0,0.1478870194290862,0.2462371383495245,auto_approve,"Elevated risk driven by: size-dependent item, COD payment, fashion category"
0,0.2088517192842787,0.2259277055112224,flag_for_review,"Elevated risk driven by: size-dependent item, unusually low order value, fashion category"
0,0.1339280762201391,0.1208356392527812,auto_approve,"Elevated risk driven by: COD payment, unusually low order value, home category"
0,0.1144663241863063,0.094426084219978,auto_approve,"Elevated risk driven by: large discount, fashion category, UPI payment"
0,0.0244545271974904,0.048424666585968,auto_approve,"Elevated risk driven by: large discount, UPI payment, metro delivery area"
0,0.1291014529982463,0.14940872542934,auto_approve,"Elevated risk driven by: large discount, home category, grocery category"
0,0.0335539067004403,0.0341509373601337,auto_approve,"Elevated risk driven by: unusually low order value, customer's return history, electronics category"
0,0.0324022096178915,0.0421118788123517,auto_approve,"Elevated risk driven by: large discount, metro delivery area, electronics category"
0,0.0150803126988583,0.0231262098248007,auto_approve,"Elevated risk driven by: grocery category, card payment"
0,0.0508038449020332,0.0586870317487887,auto_approve,"Elevated risk driven by: beauty category, grocery category, electronics category"
0,0.3142573369696549,0.2486996474228829,flag_for_review,"Elevated risk driven by: size-dependent item, large discount, fashion category"
0,0.0302797187823034,0.0504217142427435,auto_approve,"Elevated risk driven by: customer's return history, UPI payment, electronics category"
0,0.1220670686553888,0.1213170158047128,auto_approve,"Elevated risk driven by: home category, unusually low order value, customer's return history"
0,0.5394566752319009,0.4566604631098278,flag_for_review,"Elevated risk driven by: size-dependent item, known return history, first-time buyer"
0,0.234368289206595,0.1461285947334401,flag_for_review,"Elevated risk driven by: known return history, first-time buyer, home category"
0,0.3123947073525818,0.3164386237557931,flag_for_review,"Elevated risk driven by: size-dependent item, unusually low order value, tier3 delivery area"
0,0.0729934584873079,0.0813312605178041,auto_approve,"Elevated risk driven by: fashion category, unusually low order value, UPI payment"
0,0.2836637051291226,0.2985103314132329,flag_for_review,"Elevated risk driven by: size-dependent item, known return history, first-time buyer"
0,0.1145051359571359,0.1217176399425513,auto_approve,"Elevated risk driven by: home category, tier3 delivery area, grocery category"
0,0.1067330192637671,0.1226998449670351,auto_approve,"Elevated risk driven by: home category, unusually low order value, large discount"
0,0.1483835430415975,0.0876895800347884,auto_approve,"Elevated risk driven by: unusually low order value, home category, tier3 delivery area"
0,0.1329888867895119,0.1003743370487419,auto_approve,"Elevated risk driven by: fashion category, customer's return history, UPI payment"
1,0.2781911491530588,0.2484908419402746,flag_for_review,"Elevated risk driven by: size-dependent item, COD payment, fashion category"
1,0.1423743817781737,0.1129836270964201,auto_approve,"Elevated risk driven by: large discount, home category, unusually low order value"
0,0.0139684198761262,0.0764075637826693,auto_approve,"Elevated risk driven by: unusually low order value, UPI payment, electronics category"
0,0.0197007904834994,0.0318848866248917,auto_approve,"Elevated risk driven by: customer's return history, grocery category, card payment"
0,0.092253843682703,0.2484293991785313,auto_approve,"Elevated risk driven by: customer's return history, COD payment, unusually low order value"
1,0.0293055243439672,0.0528503963744104,auto_approve,"Elevated risk driven by: grocery category, card payment"
1,0.0946367238485813,0.0792099141116299,auto_approve,"Elevated risk driven by: home category, grocery category, electronics category"
1,0.1709436724255911,0.2091974791768502,flag_for_review,"Elevated risk driven by: known return history, first-time buyer, unusually low order value"
0,0.0913525019566747,0.1310372862072324,auto_approve,"Elevated risk driven by: unusually low order value, beauty category, UPI payment"
0,0.1065954046891537,0.1189251187958297,auto_approve,"Elevated risk driven by: large discount, customer's return history, unusually low order value"
1,0.4276290031203056,0.6982459400750533,flag_for_review,"Elevated risk driven by: size-dependent item, COD payment, known return history"
0,0.1660727840108662,0.0863851844362458,flag_for_review,"Elevated risk driven by: COD payment, known return history, first-time buyer"
1,0.1536155478851635,0.1861515597622342,auto_approve,"Elevated risk driven by: unusually low order value, large discount, beauty category"
0,0.1486467470040794,0.1942713023435323,auto_approve,"Elevated risk driven by: known return history, first-time buyer, unusually low order value"
0,0.3352948292645605,0.2919385666600495,flag_for_review,"Elevated risk driven by: COD payment, customer's return history, home category"
1,0.0725072258751393,0.0822313542302738,auto_approve,"Elevated risk driven by: unusually low order value, UPI payment, grocery category"
0,0.0344871015765206,0.0476222626050566,auto_approve,"Elevated risk driven by: grocery category, metro delivery area, card payment"
0,0.1624328435401663,0.3010400972442371,flag_for_review,"Elevated risk driven by: known return history, first-time buyer, unusually low order value"
1,0.2927896348132828,0.2096953958864676,flag_for_review,"Elevated risk driven by: size-dependent item, customer's return history, tier3 delivery area"
0,0.0200388569432863,0.0256393707949034,auto_approve,"Elevated risk driven by: customer's return history, electronics category, customer's order count"
0,0.0472037924330732,0.0565983389152205,auto_approve,"Elevated risk driven by: size-dependent item, COD payment, fashion category"
0,0.5944797999075723,0.3579832236653857,flag_for_review,"Elevated risk driven by: COD payment, known return history, first-time buyer"
0,0.3593630622487605,0.310711211416482,flag_for_review,"Elevated risk driven by: COD payment, customer's return history, unusually low order value"
0,0.1693470233905882,0.1287337560589456,flag_for_review,"Elevated risk driven by: known return history, first-time buyer, home category"
0,0.0455955468921578,0.0548946269365606,auto_approve,"Elevated risk driven by: large discount, customer's return history, UPI payment"
0,0.0785212876529026,0.0976762382593914,auto_approve,"Elevated risk driven by: fashion category, unusually low order value, UPI payment"
1,0.3115226570118483,0.215258983289706,flag_for_review,"Elevated risk driven by: COD payment, known return history, first-time buyer"
0,0.0931345342940041,0.0715094401631866,auto_approve,"Elevated risk driven by: home category, unusually low order value, grocery category"
0,0.0891911208504895,0.0922490373002295,auto_approve,"Elevated risk driven by: tier3 delivery area, beauty category, UPI payment"
0,0.2534210850545031,0.2006125763342095,flag_for_review,"Elevated risk driven by: COD payment, unusually low order value, fashion category"
0,0.108270031540616,0.1119698219812005,auto_approve,"Elevated risk driven by: unusually low order value, beauty category, customer's return history"
1,0.6304382376046483,0.6538620073492879,flag_for_review,"Elevated risk driven by: size-dependent item, COD payment, known return history"
0,0.054683100909328,0.0550940515213357,auto_approve,"Elevated risk driven by: unusually low order value, grocery category, large discount"
0,0.1179399135166303,0.1278590053125725,auto_approve,"Elevated risk driven by: size-dependent item, tier3 delivery area, fashion category"
0,0.203135193459976,0.114425165259776,flag_for_review,"Elevated risk driven by: known return history, first-time buyer, tier3 delivery area"
0,0.1521859350392313,0.1193834747604169,auto_approve,"Elevated risk driven by: home category, unusually low order value, grocery category"
0,0.4923568502503578,0.5672534080381013,flag_for_review,"Elevated risk driven by: size-dependent item, COD payment, customer's return history"
1,0.4590024768360776,0.429580543624537,flag_for_review,"Elevated risk driven by: size-dependent item, COD payment, unusually low order value"
0,0.1851300057766325,0.214284818551118,flag_for_review,"Elevated risk driven by: size-dependent item, fashion category, unusually low order value"
1,0.3786352557665517,0.3443270544496228,flag_for_review,"Elevated risk driven by: large discount, COD payment, unusually low order value"
0,0.0819091110419403,0.0959369790335768,auto_approve,"Elevated risk driven by: tier3 delivery area, unusually low order value, grocery category"
0,0.1895443395545056,0.1959154488859565,flag_for_review,"Elevated risk driven by: size-dependent item, unusually low order value, fashion category"
1,0.238062292484012,0.1522986256013507,flag_for_review,"Elevated risk driven by: known return history, first-time buyer, unusually low order value"
0,0.1180867188332439,0.0987356167763389,auto_approve,"Elevated risk driven by: size-dependent item, fashion category, grocery category"
0,0.0588975796919776,0.0691988551975447,auto_approve,"Elevated risk driven by: large discount, unusually low order value, grocery category"
0,0.256348767575519,0.2239902591701126,flag_for_review,"Elevated risk driven by: COD payment, large discount, beauty category"
0,0.1422902461410528,0.1196471103899269,auto_approve,"Elevated risk driven by: tier3 delivery area, beauty category, unusually low order value"
1,0.2554767219760211,0.2360591309468228,flag_for_review,"Elevated risk driven by: size-dependent item, unusually low order value, fashion category"
0,0.1584521234047515,0.1270691097798339,auto_approve,"Elevated risk driven by: COD payment, home category, tier3 delivery area"
0,0.1025523534100539,0.0935562720964921,auto_approve,"Elevated risk driven by: fashion category, large discount, grocery category"
0,0.0921978974651578,0.0981592213278927,auto_approve,"Elevated risk driven by: large discount, unusually low order value, UPI payment"
0,0.1367026017760046,0.1076222642841109,auto_approve,"Elevated risk driven by: home category, unusually low order value, tier3 delivery area"
0,0.4472519885437102,0.698619792194522,flag_for_review,"Elevated risk driven by: size-dependent item, COD payment, tier3 delivery area"
0,0.5053538403173264,0.3314579115991026,flag_for_review,"Elevated risk driven by: size-dependent item, known return history, first-time buyer"
0,0.0413504530147603,0.0482658368752105,auto_approve,"Elevated risk driven by: large discount, grocery category, card payment"
0,0.2146797605539163,0.2098599699656889,flag_for_review,"Elevated risk driven by: large discount, COD payment, unusually low order value"
0,0.0881897183153502,0.08598059231736,auto_approve,"Elevated risk driven by: known return history, first-time buyer, unusually low order value"
0,0.0566892447979702,0.0471107433589432,auto_approve,"Elevated risk driven by: size-dependent item, tier3 delivery area, fashion category"
1,0.5082156329374485,0.54212967104359,flag_for_review,"Elevated risk driven by: customer's return history, COD payment, large discount"
0,0.2270650871253337,0.2470297173172897,flag_for_review,"Elevated risk driven by: known return history, first-time buyer, unusually low order value"
0,0.4769864360132635,0.4595083217569057,flag_for_review,"Elevated risk driven by: size-dependent item, COD payment, tier3 delivery area"
0,0.1511665823172267,0.1571000832699605,auto_approve,"Elevated risk driven by: size-dependent item, fashion category, unusually low order value"
0,0.0538789679387046,0.0640134337636038,auto_approve,"Elevated risk driven by: unusually low order value, grocery category, card payment"
0,0.0457448150219398,0.0440219703598406,auto_approve,"Elevated risk driven by: customer's return history, unusually low order value, large discount"
0,0.3508246868703037,0.3297119336876959,flag_for_review,"Elevated risk driven by: size-dependent item, customer's return history, unusually low order value"
0,0.0223300984851526,0.0377803959798736,auto_approve,"Elevated risk driven by: unusually low order value, customer's return history, UPI payment"
0,0.0498330914253084,0.0307992890132075,auto_approve,"Elevated risk driven by: home category, tier3 delivery area, UPI payment"
0,0.0624688066310893,0.0842883120463152,auto_approve,"Elevated risk driven by: COD payment, UPI payment, grocery category"
1,0.3711097521743559,0.3505614833865769,flag_for_review,"Elevated risk driven by: size-dependent item, COD payment, fashion category"
0,0.0388652507257254,0.0670547943516101,auto_approve,"Elevated risk driven by: large discount, UPI payment, grocery category"
1,0.288022664844102,0.4995045514786046,flag_for_review,"Elevated risk driven by: size-dependent item, customer's return history, unusually low order value"
1,0.1168249701330196,0.1222914751845258,auto_approve,"Elevated risk driven by: COD payment, unusually low order value, UPI payment"
0,0.0343603730909429,0.0422441444460447,auto_approve,"Elevated risk driven by: grocery category, card payment"
0,0.040922545665295,0.063406858577478,auto_approve,"Elevated risk driven by: unusually low order value, UPI payment, grocery category"
0,0.201392154088465,0.2600525083698923,flag_for_review,"Elevated risk driven by: size-dependent item, unusually low order value, fashion category"
0,0.1926499494547568,0.1458631569247897,flag_for_review,"Elevated risk driven by: size-dependent item, unusually low order value, tier3 delivery area"
0,0.1377769238497852,0.0581294914780374,auto_approve,"Elevated risk driven by: size-dependent item, fashion category, grocery category"
0,0.0927535826872403,0.0610706315113437,auto_approve,"Elevated risk driven by: COD payment, customer's return history, UPI payment"
0,0.0771110739968171,0.1130190621054879,auto_approve,"Elevated risk driven by: unusually low order value, large discount, grocery category"
0,0.0037519178583871,0.0142678728327809,auto_approve,"Elevated risk driven by: beauty category, grocery category, electronics category"
0,0.144556738437938,0.0965235637177894,auto_approve,"Elevated risk driven by: customer's return history, tier3 delivery area, unusually low order value"
0,0.1334872455153681,0.1380718961843813,auto_approve,"Elevated risk driven by: COD payment, UPI payment, grocery category"
0,0.008408452179901,0.0418185417278552,auto_approve,"Elevated risk driven by: UPI payment, electronics category, card payment"
0,0.0881138435213822,0.0953020018604472,auto_approve,"Elevated risk driven by: home category, tier3 delivery area, unusually low order value"
1,0.2750107220454666,0.290352073873161,flag_for_review,"Elevated risk driven by: size-dependent item, fashion category, large discount"
0,0.051996219219408,0.0799008619052494,auto_approve,"Elevated risk driven by: customer's return history, grocery category, metro delivery area"
0,0.1671552228164248,0.2031951482220001,flag_for_review,"Elevated risk driven by: customer's return history, home category, unusually low order value"
0,0.4258007720567711,0.4082877864221604,flag_for_review,"Elevated risk driven by: size-dependent item, COD payment, fashion category"
0,0.0513135021847622,0.0462255607561714,auto_approve,"Elevated risk driven by: large discount, grocery category, metro delivery area"
0,0.0953989549360928,0.113990899791442,auto_approve,"Elevated risk driven by: unusually low order value, tier3 delivery area, beauty category"
0,0.1370459029754631,0.1844074607046695,auto_approve,"Elevated risk driven by: COD payment, unusually low order value, tier3 delivery area"
0,0.2084538458764428,0.1840788136289435,flag_for_review,"Elevated risk driven by: size-dependent item, large discount, fashion category"
0,0.0655392555480222,0.0676870762755385,auto_approve,"Elevated risk driven by: COD payment, UPI payment, grocery category"
0,0.266695184517333,0.2190817578945114,flag_for_review,"Elevated risk driven by: COD payment, home category, tier3 delivery area"
0,0.0552918714275172,0.0707123581283326,auto_approve,"Elevated risk driven by: large discount, home category, UPI payment"
0,0.1888763712124073,0.1366692538226154,flag_for_review,"Elevated risk driven by: size-dependent item, tier3 delivery area, unusually low order value"
1,0.1543667714548205,0.1598043908932646,auto_approve,"Elevated risk driven by: known return history, first-time buyer, beauty category"
1,0.2096197453192573,0.1766182149818922,flag_for_review,"Elevated risk driven by: size-dependent item, fashion category, customer's return history"
1,0.5541284717358356,0.494828601200534,flag_for_review,"Elevated risk driven by: COD payment, known return history, first-time buyer"
1,0.1111860138169188,0.0359523375926219,auto_approve,"Elevated risk driven by: COD payment, known return history, first-time buyer"
0,0.3654189958304422,0.3642845917917794,flag_for_review,"Elevated risk driven by: large discount, size-dependent item, unusually low order value"
0,0.2100351732315487,0.1969264098380178,flag_for_review,"Elevated risk driven by: size-dependent item, unusually low order value, fashion category"
0,0.133942614297665,0.1526837786254335,auto_approve,"Elevated risk driven by: unusually low order value, fashion category, UPI payment"
0,0.3632943872747917,0.2095905271601321,flag_for_review,"Elevated risk driven by: size-dependent item, known return history, first-time buyer"
0,0.6739922333649456,0.6302966983190045,flag_for_review,"Elevated risk driven by: customer's return history, size-dependent item, COD payment"
0,0.0955035675726916,0.0841084622961075,auto_approve,"Elevated risk driven by: size-dependent item, beauty category, grocery category"
1,0.3270807987245218,0.2061264964186436,flag_for_review,"Elevated risk driven by: COD payment, home category, tier3 delivery area"
0,0.0174184813993216,0.0237455055678281,auto_approve,"Elevated risk driven by: large discount, home category, grocery category"
0,0.0401785960588681,0.0564627212468599,auto_approve,"Elevated risk driven by: UPI payment, grocery category, unusually low order value"
1,0.1999696586046131,0.1517483588069781,flag_for_review,"Elevated risk driven by: size-dependent item, tier3 delivery area, fashion category"
0,0.154316760512525,0.2932177093554734,auto_approve,"Elevated risk driven by: COD payment, known return history, first-time buyer"
0,0.1274233789544957,0.1089760087291667,auto_approve,"Elevated risk driven by: COD payment, unusually low order value, UPI payment"
0,0.3942050043904403,0.3149618693314973,flag_for_review,"Elevated risk driven by: COD payment, known return history, first-time buyer"
0,0.0372434427546161,0.131024703680113,auto_approve,"Elevated risk driven by: customer's return history, tier3 delivery area, metro delivery area"
0,0.1921271151166497,0.2037911381707588,flag_for_review,"Elevated risk driven by: COD payment, unusually low order value, large discount"
0,0.0310276485872252,0.1523800194005586,auto_approve,"Elevated risk driven by: tier3 delivery area, metro delivery area, electronics category"
0,0.3868219503424085,0.4422955732752368,flag_for_review,"Elevated risk driven by: customer's return history, size-dependent item, unusually low order value"
0,0.1310940574409324,0.1685898661240704,auto_approve,"Elevated risk driven by: COD payment, customer's return history, unusually low order value"
0,0.1015576126381212,0.0996036859889135,auto_approve,"Elevated risk driven by: large discount, unusually low order value, UPI payment"
0,0.0306953431761176,0.1134947917692397,auto_approve,"Elevated risk driven by: unusually low order value, tier3 delivery area, metro delivery area"
0,0.2473443768468271,0.2152793046003428,flag_for_review,"Elevated risk driven by: size-dependent item, unusually low order value, fashion category"
1,0.3422206265020424,0.245258208991126,flag_for_review,"Elevated risk driven by: COD payment, known return history, first-time buyer"
1,0.0814530389253483,0.1526253810732242,auto_approve,"Elevated risk driven by: known return history, first-time buyer, grocery category"
0,0.0334625919597902,0.051072059288271,auto_approve,"Elevated risk driven by: unusually low order value, UPI payment, grocery category"
0,0.0257168968657863,0.0379730047824781,auto_approve,"Elevated risk driven by: unusually low order value, customer's return history, electronics category"
0,0.1915318847543671,0.1455451477563683,flag_for_review,"Elevated risk driven by: customer's return history, tier3 delivery area, unusually low order value"
1,0.0623248155867449,0.0578812143064085,auto_approve,"Elevated risk driven by: large discount, tier3 delivery area, customer's return history"
0,0.2539863207401682,0.3031177091063458,flag_for_review,"Elevated risk driven by: COD payment, unusually low order value, fashion category"
0,0.3150369511686871,0.2981860833170774,flag_for_review,"Elevated risk driven by: size-dependent item, COD payment, fashion category"
0,0.0197479301955547,0.0450851035209779,auto_approve,"Elevated risk driven by: customer's return history, UPI payment, metro delivery area"
0,0.1348844660594857,0.1127614975102594,auto_approve,"Elevated risk driven by: COD payment, customer's return history, unusually low order value"
1,0.2315557044539498,0.2539747600414809,flag_for_review,"Elevated risk driven by: known return history, first-time buyer, unusually low order value"
1,0.1826458214233275,0.1672460287032331,flag_for_review,"Elevated risk driven by: COD payment, unusually low order value, beauty category"
0,0.2653850665221036,0.2125291131563343,flag_for_review,"Elevated risk driven by: known return history, first-time buyer, home category"
0,0.3584226911211255,0.3064510147483864,flag_for_review,"Elevated risk driven by: size-dependent item, COD payment, fashion category"
0,0.0645667747628308,0.0975365518460334,auto_approve,"Elevated risk driven by: customer's return history, large discount, UPI payment"
1,0.3494617300297902,0.2620365103027353,flag_for_review,"Elevated risk driven by: size-dependent item, tier3 delivery area, fashion category"
0,0.0421919384408686,0.0716107894990692,auto_approve,"Elevated risk driven by: unusually low order value, grocery category, card payment"
1,0.1672284667254314,0.1376529583727816,flag_for_review,"Elevated risk driven by: size-dependent item, fashion category, grocery category"
0,0.1754043911763632,0.1860244136035292,flag_for_review,"Elevated risk driven by: size-dependent item, fashion category, unusually low order value"
1,0.5129590506023869,0.5503939045584786,flag_for_review,"Elevated risk driven by: size-dependent item, COD payment, customer's return history"
0,0.1040406894425686,0.1756075263484025,auto_approve,"Elevated risk driven by: COD payment, customer's return history, beauty category"
0,0.1106002499345333,0.1111543799475442,auto_approve,"Elevated risk driven by: unusually low order value, beauty category, UPI payment"
1,0.3330965374669407,0.2959824859400073,flag_for_review,"Elevated risk driven by: size-dependent item, tier3 delivery area, unusually low order value"
0,0.3786350411195519,0.335901195975187,flag_for_review,"Elevated risk driven by: customer's return history, size-dependent item, fashion category"
0,0.4323297811777233,0.2671643988366162,flag_for_review,"Elevated risk driven by: size-dependent item, COD payment, unusually low order value"
0,0.2312929050839039,0.3736615623552506,flag_for_review,"Elevated risk driven by: large discount, COD payment, home category"
0,0.2544622242446364,0.1739911075776818,flag_for_review,"Elevated risk driven by: size-dependent item, tier3 delivery area, fashion category"
0,0.2171083967345775,0.2099804392960008,flag_for_review,"Elevated risk driven by: size-dependent item, customer's return history, fashion category"
0,0.0861457304790288,0.1034993130623844,auto_approve,"Elevated risk driven by: COD payment, known return history, first-time buyer"
0,0.2546829822157931,0.2549972733769548,flag_for_review,"Elevated risk driven by: COD payment, unusually low order value, beauty category"
1,0.1970532290448284,0.1558549941521873,flag_for_review,"Elevated risk driven by: size-dependent item, large discount, fashion category"
0,0.2749271660046979,0.2010748430035565,flag_for_review,"Elevated risk driven by: size-dependent item, customer's return history, fashion category"
0,0.0380816418657042,0.1053602715386861,auto_approve,"Elevated risk driven by: customer's return history, UPI payment, grocery category"
0,0.0714372049460696,0.0759584810295767,auto_approve,"Elevated risk driven by: beauty category, grocery category, unusually low order value"
1,0.1671970243591594,0.1690665988041823,flag_for_review,"Elevated risk driven by: COD payment, tier3 delivery area, unusually low order value"
0,0.2866202077701005,0.2273293010658634,flag_for_review,"Elevated risk driven by: size-dependent item, COD payment, fashion category"
0,0.0676270733198709,0.0590441664279088,auto_approve,"Elevated risk driven by: large discount, customer's return history, metro delivery area"
0,0.3671250424064939,0.2804165899977871,flag_for_review,"Elevated risk driven by: size-dependent item, tier3 delivery area, large discount"
0,0.0348890541146813,0.0657183493850272,auto_approve,"Elevated risk driven by: tier3 delivery area, unusually low order value, UPI payment"
0,0.1270232228126173,0.0854578607510904,auto_approve,"Elevated risk driven by: unusually low order value, home category, tier3 delivery area"
0,0.0996129165999046,0.1157530191782314,auto_approve,"Elevated risk driven by: known return history, first-time buyer, unusually low order value"
0,0.2220226094697079,0.2084525714890986,flag_for_review,"Elevated risk driven by: COD payment, unusually low order value, beauty category"
0,0.0679469620960091,0.0699138399203902,auto_approve,"Elevated risk driven by: home category, unusually low order value, UPI payment"
0,0.07693836826462,0.0872767761841777,auto_approve,"Elevated risk driven by: COD payment, large discount, unusually low order value"
0,0.2208912048938064,0.159430587852005,flag_for_review,"Elevated risk driven by: COD payment, unusually low order value, beauty category"
1,0.1767264503918819,0.1741713768561933,flag_for_review,"Elevated risk driven by: known return history, first-time buyer, tier3 delivery area"
0,0.0954934691411385,0.1033040459121319,auto_approve,"Elevated risk driven by: customer's return history, beauty category, grocery category"
0,0.3674823615565548,0.3571918189708304,flag_for_review,"Elevated risk driven by: size-dependent item, tier3 delivery area, unusually low order value"
0,0.1024549395413841,0.0923339772352077,auto_approve,"Elevated risk driven by: home category, tier3 delivery area, grocery category"
0,0.1965713843489985,0.1781804630837822,flag_for_review,"Elevated risk driven by: size-dependent item, fashion category, customer's return history"
1,0.2859837381836141,0.335429384045794,flag_for_review,"Elevated risk driven by: size-dependent item, COD payment, customer's return history"
0,0.0339542532150951,0.0702139349447228,auto_approve,"Elevated risk driven by: customer's return history, grocery category, metro delivery area"
1,0.314116990838335,0.2630247106469386,flag_for_review,"Elevated risk driven by: size-dependent item, COD payment, fashion category"
1,0.3593582643835801,0.362918615803795,flag_for_review,"Elevated risk driven by: size-dependent item, COD payment, fashion category"
0,0.0414710008011797,0.0439870477882798,auto_approve,"Elevated risk driven by: unusually low order value, grocery category, card payment"
1,0.3055772733727922,0.309896095858016,flag_for_review,"Elevated risk driven by: known return history, first-time buyer, unusually low order value"
0,0.2108905547856655,0.2648193236940777,flag_for_review,"Elevated risk driven by: large discount, known return history, first-time buyer"
0,0.0311198889976784,0.0767893439497899,auto_approve,"Elevated risk driven by: customer's return history, unusually low order value, metro delivery area"
1,0.3782207514101044,0.3016183565887728,flag_for_review,"Elevated risk driven by: size-dependent item, COD payment, unusually low order value"
0,0.1741800630516145,0.1050153094853934,flag_for_review,"Elevated risk driven by: size-dependent item, customer's return history, unusually low order value"
0,0.2350272273264529,0.2565224539038568,flag_for_review,"Elevated risk driven by: size-dependent item, large discount, fashion category"
0,0.4680206783010872,0.5181040468263521,flag_for_review,"Elevated risk driven by: size-dependent item, known return history, first-time buyer"
0,0.5313819542647965,0.5145677109706516,flag_for_review,"Elevated risk driven by: size-dependent item, COD payment, known return history"
0,0.0650496350256102,0.0571840350512417,auto_approve,"Elevated risk driven by: beauty category, unusually low order value, grocery category"
0,0.2800763636913729,0.2869208691934023,flag_for_review,"Elevated risk driven by: COD payment, unusually low order value, beauty category"
0,0.2319990276169492,0.18132956264167,flag_for_review,"Elevated risk driven by: COD payment, fashion category, customer's return history"
1,0.2844711843474241,0.2830002406645754,flag_for_review,"Elevated risk driven by: size-dependent item, unusually low order value, fashion category"
0,0.173313298752394,0.1330253479303313,flag_for_review,"Elevated risk driven by: size-dependent item, fashion category, UPI payment"
0,0.0592976989565771,0.0668502200886321,auto_approve,"Elevated risk driven by: unusually low order value, UPI payment, grocery category"
0,0.0564349794550778,0.1416184763222698,auto_approve,"Elevated risk driven by: size-dependent item, tier3 delivery area, fashion category"
0,0.0636605496585899,0.0714493200069059,auto_approve,"Elevated risk driven by: tier3 delivery area, grocery category, unusually low order value"
0,0.190047576120888,0.2421797404378032,flag_for_review,"Elevated risk driven by: size-dependent item, COD payment, fashion category"
0,0.2687157790092389,0.3527569275322703,flag_for_review,"Elevated risk driven by: large discount, COD payment, tier3 delivery area"
1,0.8352267801812339,0.7618948502298516,flag_for_review,"Elevated risk driven by: customer's return history, size-dependent item, large discount"
0,0.1078224493365142,0.1168104686938462,auto_approve,"Elevated risk driven by: large discount, unusually low order value, UPI payment"
1,0.5232742950499892,0.533126922760889,flag_for_review,"Elevated risk driven by: size-dependent item, COD payment, customer's return history"
0,0.16377198888887,0.1560250921525724,flag_for_review,"Elevated risk driven by: COD payment, home category, large discount"
0,0.0415396424312222,0.0866551936388633,auto_approve,"Elevated risk driven by: COD payment, tier3 delivery area, unusually low order value"
0,0.0925366251160448,0.0997815610913387,auto_approve,"Elevated risk driven by: home category, UPI payment, grocery category"
0,0.0307196975737637,0.0395418972966063,auto_approve,"Elevated risk driven by: unusually low order value, grocery category, card payment"
0,0.4451637705604931,0.4021431061099355,flag_for_review,"Elevated risk driven by: COD payment, unusually low order value, home category"
1,0.3784939225946512,0.3890782340151284,flag_for_review,"Elevated risk driven by: size-dependent item, COD payment, unusually low order value"
0,0.0117521067483342,0.0266224507125208,auto_approve,"Elevated risk driven by: electronics category, card payment"
0,0.1036730790929686,0.1265838456408257,auto_approve,"Elevated risk driven by: home category, unusually low order value, UPI payment"
0,0.2976269261613183,0.3360665585378931,flag_for_review,"Elevated risk driven by: large discount, known return history, first-time buyer"
0,0.1902329123665392,0.2217927499779444,flag_for_review,"Elevated risk driven by: known return history, first-time buyer, large discount"
0,0.4163559277133135,0.2206200805628458,flag_for_review,"Elevated risk driven by: COD payment, known return history, first-time buyer"
1,0.3872424693245931,0.376287230934486,flag_for_review,"Elevated risk driven by: size-dependent item, COD payment, unusually low order value"
0,0.2905634866965693,0.2538029992950847,flag_for_review,"Elevated risk driven by: size-dependent item, fashion category, unusually low order value"
0,0.1665334138157534,0.1525223599748629,flag_for_review,"Elevated risk driven by: size-dependent item, fashion category, grocery category"
1,0.3648801750451613,0.355823610842978,flag_for_review,"Elevated risk driven by: large discount, COD payment, unusually low order value"
0,0.1434195381944448,0.1573901961708194,auto_approve,"Elevated risk driven by: large discount, tier3 delivery area, customer's return history"
0,0.1487326071538326,0.1488289017362862,auto_approve,"Elevated risk driven by: COD payment, home category, UPI payment"
1,0.7044845708818801,0.7944216800240795,flag_for_review,"Elevated risk driven by: size-dependent item, COD payment, known return history"
0,0.1018095362647969,0.0891366905299359,auto_approve,"Elevated risk driven by: home category, UPI payment, grocery category"
0,0.217523243148139,0.2230511389016934,flag_for_review,"Elevated risk driven by: large discount, unusually low order value, beauty category"
0,0.0795115532152611,0.0674163327552069,auto_approve,"Elevated risk driven by: customer's return history, unusually low order value, tier3 delivery area"
0,0.0424951141286066,0.0633588050046707,auto_approve,"Elevated risk driven by: large discount, grocery category, card payment"
0,0.3262056118552089,0.2669335972184171,flag_for_review,"Elevated risk driven by: size-dependent item, unusually low order value, fashion category"
1,0.0968975849226967,0.1086522800068917,auto_approve,"Elevated risk driven by: large discount, fashion category, grocery category"
0,0.2228225082026304,0.2362804187126954,flag_for_review,"Elevated risk driven by: COD payment, unusually low order value, fashion category"
0,0.1679476910734908,0.1289175367816478,flag_for_review,"Elevated risk driven by: large discount, tier3 delivery area, beauty category"
0,0.5529198262230101,0.4197259107165845,flag_for_review,"Elevated risk driven by: size-dependent item, COD payment, known return history"
0,0.3352866531134799,0.3279595854434952,flag_for_review,"Elevated risk driven by: size-dependent item, COD payment, unusually low order value"
0,0.1191236161274344,0.0684670440437269,auto_approve,"Elevated risk driven by: tier3 delivery area, fashion category, large discount"
0,0.1348004993887345,0.1544264114429198,auto_approve,"Elevated risk driven by: home category, unusually low order value, large discount"
1,0.1334469801851296,0.1025237485037635,auto_approve,"Elevated risk driven by: COD payment, customer's return history, unusually low order value"
0,0.0550239873135133,0.0866095581210831,auto_approve,"Elevated risk driven by: unusually low order value, large discount, grocery category"
0,0.2705258456576856,0.2634238032865432,flag_for_review,"Elevated risk driven by: size-dependent item, unusually low order value, fashion category"
1,0.6509589021300862,0.5772734675506069,flag_for_review,"Elevated risk driven by: size-dependent item, known return history, first-time buyer"
0,0.1696022696913452,0.1783449319934398,flag_for_review,"Elevated risk driven by: size-dependent item, fashion category, grocery category"
0,0.144277970732527,0.1815729024833797,auto_approve,"Elevated risk driven by: size-dependent item, customer's return history, fashion category"
0,0.2446363951431669,0.1900010390122256,flag_for_review,"Elevated risk driven by: size-dependent item, large discount, tier3 delivery area"
0,0.2405194397345962,0.1774691165210944,flag_for_review,"Elevated risk driven by: size-dependent item, tier3 delivery area, fashion category"
1,0.3723516312059997,0.3056152811055631,flag_for_review,"Elevated risk driven by: size-dependent item, unusually low order value, tier3 delivery area"
0,0.3292538607299807,0.2747650163533701,flag_for_review,"Elevated risk driven by: COD payment, large discount, home category"
0,0.2073119485271327,0.1440211431930559,flag_for_review,"Elevated risk driven by: customer's return history, tier3 delivery area, beauty category"
0,0.098284584530272,0.2003386408809492,auto_approve,"Elevated risk driven by: unusually low order value, tier3 delivery area, customer's return history"
0,0.0777352254401112,0.0904567170980256,auto_approve,"Elevated risk driven by: large discount, beauty category, unusually low order value"
1,0.6947801895187636,0.5808825331584442,flag_for_review,"Elevated risk driven by: size-dependent item, COD payment, known return history"
0,0.0380591156148906,0.053167741916303,auto_approve,"Elevated risk driven by: fashion category, grocery category, large discount"
0,0.1886542947665075,0.2340196914055439,flag_for_review,"Elevated risk driven by: large discount, COD payment, unusually low order value"
0,0.5162005092935394,0.5389940112814923,flag_for_review,"Elevated risk driven by: size-dependent item, COD payment, unusually low order value"
1,0.3482526748077287,0.3266881362014898,flag_for_review,"Elevated risk driven by: size-dependent item, customer's return history, fashion category"
0,0.1404445056061669,0.2015104229567604,auto_approve,"Elevated risk driven by: customer's return history, unusually low order value, fashion category"
1,0.2696869591828854,0.0997681758768971,flag_for_review,"Elevated risk driven by: COD payment, known return history, first-time buyer"
0,0.2247321171328739,0.1723349287369431,flag_for_review,"Elevated risk driven by: size-dependent item, large discount, fashion category"
0,0.0946823221586489,0.0724821799711612,auto_approve,"Elevated risk driven by: size-dependent item, fashion category, UPI payment"
0,0.1279416817926783,0.1183741431554298,auto_approve,"Elevated risk driven by: home category, large discount, unusually low order value"
1,0.2510355616142447,0.2408633640940225,flag_for_review,"Elevated risk driven by: size-dependent item, COD payment, unusually low order value"
0,0.1847808777400213,0.1072094495045977,flag_for_review,"Elevated risk driven by: size-dependent item, fashion category, customer's return history"
1,0.4522829238210064,0.3515218653594611,flag_for_review,"Elevated risk driven by: COD payment, known return history, first-time buyer"
1,0.1468009274177537,0.1242967182491765,auto_approve,"Elevated risk driven by: tier3 delivery area, fashion category, grocery category"
0,0.0845939012777378,0.1018240601766414,auto_approve,"Elevated risk driven by: large discount, unusually low order value, grocery category"
0,0.1848154384511929,0.1782905955405031,flag_for_review,"Elevated risk driven by: large discount, home category, unusually low order value"
0,0.283647879703782,0.290768861448504,flag_for_review,"Elevated risk driven by: COD payment, unusually low order value, beauty category"
0,0.1145662830623711,0.0397332671401333,auto_approve,"Elevated risk driven by: COD payment, customer's return history, tier3 delivery area"
0,0.0850259364148921,0.1085345994107238,auto_approve,"Elevated risk driven by: COD payment, tier3 delivery area, UPI payment"
0,0.2162359266008689,0.1838723408477806,flag_for_review,"Elevated risk driven by: known return history, first-time buyer, large discount"
0,0.2761184783782426,0.2907775436824836,flag_for_review,"Elevated risk driven by: COD payment, unusually low order value, large discount"
0,0.0167774575808418,0.0224458340817079,auto_approve,"Elevated risk driven by: customer's return history, large discount, UPI payment"
0,0.0328543260619633,0.0660252710089018,auto_approve,"Elevated risk driven by: customer's return history, unusually low order value, metro delivery area"
0,0.0546588535901825,0.0682942283259601,auto_approve,"Elevated risk driven by: large discount, unusually low order value, UPI payment"
0,0.0143609194197495,0.0281394732099755,auto_approve,"Elevated risk driven by: metro delivery area, customer's return history, electronics category"
1,0.2648558191896606,0.2252587278586036,flag_for_review,"Elevated risk driven by: COD payment, unusually low order value, beauty category"
0,0.0609354701187371,0.0672199258449431,auto_approve,"Elevated risk driven by: unusually low order value, grocery category, card payment"
0,0.1951233897601855,0.2309194575444859,flag_for_review,"Elevated risk driven by: size-dependent item, unusually low order value, fashion category"
0,0.0359240546557021,0.1805866253339509,auto_approve,"Elevated risk driven by: unusually low order value, UPI payment, grocery category"
0,0.2576944995143179,0.2973986232794757,flag_for_review,"Elevated risk driven by: size-dependent item, customer's return history, fashion category"
0,0.1244036542617011,0.1159050401336267,auto_approve,"Elevated risk driven by: customer's return history, unusually low order value, grocery category"
0,0.1981381130406551,0.2293752795225146,flag_for_review,"Elevated risk driven by: size-dependent item, fashion category, unusually low order value"
0,0.4009089899352576,0.3056562628755772,flag_for_review,"Elevated risk driven by: size-dependent item, COD payment, unusually low order value"
0,0.1214183677265818,0.1177547114279786,auto_approve,"Elevated risk driven by: home category, unusually low order value, UPI payment"
0,0.0784301055678174,0.0756746056161893,auto_approve,"Elevated risk driven by: COD payment, large discount, UPI payment"
0,0.2199863444231622,0.2437792619620337,flag_for_review,"Elevated risk driven by: COD payment, tier3 delivery area, unusually low order value"
0,0.0187331988020459,0.027214726160711,auto_approve,"Elevated risk driven by: unusually low order value, electronics category, card payment"
0,0.2535956056240959,0.2483028563253004,flag_for_review,"Elevated risk driven by: size-dependent item, large discount, fashion category"
0,0.2528669534218258,0.2454059989584329,flag_for_review,"Elevated risk driven by: customer's return history, COD payment, home category"
0,0.0131995690051095,0.0737726715631057,auto_approve,"Elevated risk driven by: grocery category, card payment"
0,0.4054081178299561,0.3750828695593078,flag_for_review,"Elevated risk driven by: size-dependent item, COD payment, customer's return history"
0,0.5223833822029397,0.4194029031113405,flag_for_review,"Elevated risk driven by: size-dependent item, large discount, COD payment"
0,0.253549788323808,0.290352073873161,flag_for_review,"Elevated risk driven by: size-dependent item, fashion category, unusually low order value"
1,0.5737739195246563,0.4850843589462826,flag_for_review,"Elevated risk driven by: large discount, size-dependent item, COD payment"
0,0.1521641814513292,0.1637468221639266,auto_approve,"Elevated risk driven by: known return history, first-time buyer, unusually low order value"
0,0.0282499081845769,0.0460377313079176,auto_approve,"Elevated risk driven by: UPI payment, grocery category"
1,0.3921231562202034,0.3274155400822198,flag_for_review,"Elevated risk driven by: customer's return history, large discount, COD payment"
0,0.0206629075258288,0.0334853513803995,auto_approve,"Elevated risk driven by: UPI payment, customer's return history, electronics category"
1,0.1042410645986336,0.0747368241742016,auto_approve,"Elevated risk driven by: size-dependent item, fashion category, UPI payment"
0,0.1581445564643546,0.1545149915324777,auto_approve,"Elevated risk driven by: known return history, first-time buyer, home category"
0,0.1503227653424987,0.1459238515105122,auto_approve,"Elevated risk driven by: customer's return history, fashion category, unusually low order value"
1,0.6587874585152981,0.6770050915873921,flag_for_review,"Elevated risk driven by: size-dependent item, COD payment, known return history"
0,0.0989078357558867,0.0694059880897152,auto_approve,"Elevated risk driven by: COD payment, unusually low order value, UPI payment"
1,0.3729498888321801,0.3430476367686277,flag_for_review,"Elevated risk driven by: size-dependent item, large discount, fashion category"
0,0.2327364594149557,0.2249166010320138,flag_for_review,"Elevated risk driven by: COD payment, unusually low order value, home category"
0,0.1624954815651018,0.1461861981613172,flag_for_review,"Elevated risk driven by: large discount, home category, unusually low order value"
0,0.0893282514668893,0.0763654561090312,auto_approve,"Elevated risk driven by: COD payment, known return history, first-time buyer"
0,0.2035229153461988,0.2061503241592282,flag_for_review,"Elevated risk driven by: COD payment, home category, unusually low order value"
0,0.2524664247206066,0.3574430208412162,flag_for_review,"Elevated risk driven by: large discount, known return history, first-time buyer"
1,0.3017816015981072,0.3810488183376611,flag_for_review,"Elevated risk driven by: COD payment, unusually low order value, large discount"
1,0.3053529730124962,0.1511800072823611,flag_for_review,"Elevated risk driven by: COD payment, unusually low order value, home category"
0,0.0869755119669962,0.1125618614513095,auto_approve,"Elevated risk driven by: COD payment, large discount, unusually low order value"
0,0.0933801539019862,0.1014767969866519,auto_approve,"Elevated risk driven by: home category, large discount, unusually low order value"
0,0.1454629767277912,0.118482796112987,auto_approve,"Elevated risk driven by: COD payment, beauty category, unusually low order value"
0,0.2319129470530707,0.1594884055846237,flag_for_review,"Elevated risk driven by: COD payment, fashion category, customer's return history"
0,0.0258912339494303,0.0404021859798034,auto_approve,"Elevated risk driven by: unusually low order value, large discount, electronics category"
0,0.0232559687862236,0.0280038837213336,auto_approve,"Elevated risk driven by: size-dependent item, fashion category, UPI payment"
0,0.252159023843348,0.2889686876716548,flag_for_review,"Elevated risk driven by: size-dependent item, customer's return history, fashion category"
0,0.5684731917321044,0.5416209050808831,flag_for_review,"Elevated risk driven by: size-dependent item, known return history, first-time buyer"
0,0.1223998932689251,0.1345984646065229,auto_approve,"Elevated risk driven by: large discount, customer's return history, unusually low order value"
0,0.1216789528835135,0.1709953757703501,auto_approve,"Elevated risk driven by: customer's return history, unusually low order value, beauty category"
0,0.36462588651508,0.3408862099165287,flag_for_review,"Elevated risk driven by: large discount, size-dependent item, unusually low order value"
0,0.1609659680662747,0.1039894989352924,flag_for_review,"Elevated risk driven by: COD payment, tier3 delivery area, beauty category"
0,0.0141789524116053,0.0156638318111345,auto_approve,"Elevated risk driven by: fashion category, UPI payment, grocery category"
0,0.0469887325455044,0.0432245824930375,auto_approve,"Elevated risk driven by: tier3 delivery area, grocery category, metro delivery area"
0,0.2158696376868519,0.2928512853413462,flag_for_review,"Elevated risk driven by: COD payment, unusually low order value, beauty category"
0,0.0512538291271163,0.1618640969651094,auto_approve,"Elevated risk driven by: large discount, size-dependent item, COD payment"
1,0.1535327721896533,0.1661581979901786,auto_approve,"Elevated risk driven by: COD payment, unusually low order value, UPI payment"
0,0.0444230693640893,0.0657302386887264,auto_approve,"Elevated risk driven by: tier3 delivery area, grocery category, metro delivery area"
1,0.1835062799697887,0.1970218228054718,flag_for_review,"Elevated risk driven by: size-dependent item, unusually low order value, fashion category"
0,0.1713196614618171,0.1663624075435014,flag_for_review,"Elevated risk driven by: COD payment, customer's return history, unusually low order value"
0,0.1889759285747148,0.1397914500770969,flag_for_review,"Elevated risk driven by: large discount, home category, customer's return history"
0,0.0321031253716323,0.0629573522385264,auto_approve,"Elevated risk driven by: known return history, first-time buyer, metro delivery area"
0,0.0938683583903308,0.0923198216587192,auto_approve,"Elevated risk driven by: large discount, unusually low order value, grocery category"
0,0.2038471340582104,0.2868122615860332,flag_for_review,"Elevated risk driven by: COD payment, unusually low order value, beauty category"
0,0.2263306482964586,0.2531739898751813,flag_for_review,"Elevated risk driven by: size-dependent item, unusually low order value, beauty category"
1,0.3343303551000103,0.2945627861253587,flag_for_review,"Elevated risk driven by: size-dependent item, known return history, first-time buyer"
0,0.0681128119162981,0.1002804972422313,auto_approve,"Elevated risk driven by: customer's return history, unusually low order value, UPI payment"
0,0.2980152293871463,0.2261554568396599,flag_for_review,"Elevated risk driven by: COD payment, unusually low order value, large discount"
1,0.2991180092978372,0.306607819803632,flag_for_review,"Elevated risk driven by: size-dependent item, COD payment, fashion category"
0,0.0492508714801409,0.0519023847010003,auto_approve,"Elevated risk driven by: COD payment, unusually low order value, UPI payment"
0,0.1101469264155134,0.0713239216128012,auto_approve,"Elevated risk driven by: home category, unusually low order value, customer's return history"
0,0.0722158276395669,0.0938271015194724,auto_approve,"Elevated risk driven by: large discount, unusually low order value, grocery category"
0,0.0206722208374707,0.0256393710619951,auto_approve,"Elevated risk driven by: customer's return history, electronics category, card payment"
1,0.1714992431118845,0.1833247259092218,flag_for_review,"Elevated risk driven by: large discount, fashion category, unusually low order value"
1,0.3641447511734564,0.3541182377255222,flag_for_review,"Elevated risk driven by: COD payment, customer's return history, unusually low order value"
0,0.2185753241266359,0.2258805412100301,flag_for_review,"Elevated risk driven by: size-dependent item, fashion category, unusually low order value"
0,0.3762451263419335,0.2060775335947059,flag_for_review,"Elevated risk driven by: size-dependent item, large discount, tier3 delivery area"
0,0.1517800765272292,0.1479819913257361,auto_approve,"Elevated risk driven by: COD payment, unusually low order value, UPI payment"
0,0.1270117040906639,0.2409883460600981,auto_approve,"Elevated risk driven by: size-dependent item, fashion category, unusually low order value"
1,0.119844160675577,0.0987112372797986,auto_approve,"Elevated risk driven by: known return history, first-time buyer, unusually low order value"
0,0.3660638742102152,0.422086916382488,flag_for_review,"Elevated risk driven by: size-dependent item, COD payment, unusually low order value"
0,0.083804722050807,0.0944357100298491,auto_approve,"Elevated risk driven by: home category, unusually low order value, grocery category"
0,0.1946857269121032,0.1397912996807761,flag_for_review,"Elevated risk driven by: COD payment, beauty category, UPI payment"
0,0.1991477040979385,0.2086686271058214,flag_for_review,"Elevated risk driven by: size-dependent item, fashion category, unusually low order value"
0,0.2079499548834113,0.1851653938122856,flag_for_review,"Elevated risk driven by: size-dependent item, fashion category, unusually low order value"
1,0.2256626372068084,0.127713536694369,flag_for_review,"Elevated risk driven by: size-dependent item, fashion category, large discount"
0,0.1653968614844306,0.1839840179666292,flag_for_review,"Elevated risk driven by: COD payment, tier3 delivery area, unusually low order value"
1,0.4579487113393436,0.3738267315109048,flag_for_review,"Elevated risk driven by: size-dependent item, COD payment, tier3 delivery area"
0,0.2283935028815923,0.2119585162495632,flag_for_review,"Elevated risk driven by: COD payment, fashion category, customer's return history"
0,0.177004347740074,0.1750791022775839,flag_for_review,"Elevated risk driven by: size-dependent item, COD payment, fashion category"
0,0.1141714419493965,0.1333361180312877,auto_approve,"Elevated risk driven by: known return history, first-time buyer, unusually low order value"
1,0.1148387619422966,0.1407826996557544,auto_approve,"Elevated risk driven by: customer's return history, large discount, unusually low order value"
0,0.2509234139079176,0.2360882983085183,flag_for_review,"Elevated risk driven by: size-dependent item, fashion category, unusually low order value"
0,0.0210943458424202,0.0463139084905007,auto_approve,"Elevated risk driven by: large discount, UPI payment, metro delivery area"
1,0.1708155729699657,0.1494864793729138,flag_for_review,"Elevated risk driven by: large discount, tier3 delivery area, beauty category"
0,0.1064112044933956,0.1011909284513365,auto_approve,"Elevated risk driven by: COD payment, unusually low order value, UPI payment"
0,0.2694749246503736,0.3382712168882393,flag_for_review,"Elevated risk driven by: large discount, COD payment, beauty category"
1,0.4095942603943613,0.3320622647681504,flag_for_review,"Elevated risk driven by: size-dependent item, COD payment, tier3 delivery area"
1,0.2362785210573021,0.2226074357530267,flag_for_review,"Elevated risk driven by: COD payment, unusually low order value, large discount"
0,0.0714265312368,0.0801763613923156,auto_approve,"Elevated risk driven by: large discount, known return history, first-time buyer"
0,0.0437891358451666,0.0406129572404048,auto_approve,"Elevated risk driven by: COD payment, customer's return history, UPI payment"
0,0.0444017612208777,0.0621428749868436,auto_approve,"Elevated risk driven by: unusually low order value, UPI payment, grocery category"
0,0.0961482109526193,0.1105718036241091,auto_approve,"Elevated risk driven by: size-dependent item, fashion category, grocery category"
0,0.3126372990046471,0.2861567871160919,flag_for_review,"Elevated risk driven by: COD payment, large discount, fashion category"
0,0.2872242676673692,0.4313005978066059,flag_for_review,"Elevated risk driven by: size-dependent item, COD payment, unusually low order value"
0,0.0268522310999626,0.0314078589320168,auto_approve,"Elevated risk driven by: UPI payment, grocery category, unusually low order value"
0,0.1620973290345841,0.1701152655325017,flag_for_review,"Elevated risk driven by: size-dependent item, unusually low order value, fashion category"
0,0.1411158060666182,0.1332202934786462,auto_approve,"Elevated risk driven by: home category, unusually low order value, customer's return history"
0,0.0935866309605499,0.0839936036342518,auto_approve,"Elevated risk driven by: tier3 delivery area, customer's return history, unusually low order value"
1,0.3023187211049777,0.3176636702310926,flag_for_review,"Elevated risk driven by: COD payment, large discount, home category"
0,0.123467891273625,0.1037319588909132,auto_approve,"Elevated risk driven by: large discount, fashion category, customer's return history"
0,0.0700157012467407,0.0808768427456262,auto_approve,"Elevated risk driven by: large discount, customer's return history, grocery category"
0,0.2737649525618251,0.2800892716863273,flag_for_review,"Elevated risk driven by: COD payment, large discount, home category"
0,0.2054009605791629,0.2543224582082043,flag_for_review,"Elevated risk driven by: COD payment, unusually low order value, beauty category"
0,0.1313823172503005,0.1106243349458958,auto_approve,"Elevated risk driven by: home category, customer's return history, grocery category"
0,0.3421878843549247,0.3369102042801226,flag_for_review,"Elevated risk driven by: size-dependent item, COD payment, fashion category"
0,0.0612512017323979,0.0713841128991242,auto_approve,"Elevated risk driven by: unusually low order value, UPI payment, grocery category"
0,0.086909735138027,0.1181421297853208,auto_approve,"Elevated risk driven by: fashion category, unusually low order value, grocery category"
0,0.1935902832208699,0.1413836439050411,flag_for_review,"Elevated risk driven by: size-dependent item, large discount, tier3 delivery area"
0,0.0586819204120499,0.0750844362564228,auto_approve,"Elevated risk driven by: unusually low order value, UPI payment, grocery category"
0,0.1143866703505975,0.1191312223454669,auto_approve,"Elevated risk driven by: large discount, unusually low order value, UPI payment"
0,0.2562432262838105,0.1512945751542596,flag_for_review,"Elevated risk driven by: size-dependent item, fashion category, large discount"
0,0.0315850860605913,0.133866802155192,auto_approve,"Elevated risk driven by: unusually low order value, tier3 delivery area, UPI payment"
0,0.2773069799165003,0.2490312910203686,flag_for_review,"Elevated risk driven by: customer's return history, unusually low order value, tier3 delivery area"
1,0.3426118063199289,0.4683569633183773,flag_for_review,"Elevated risk driven by: customer's return history, COD payment, unusually low order value"
0,0.2161571963472485,0.2548693833902211,flag_for_review,"Elevated risk driven by: COD payment, home category, unusually low order value"
0,0.0875470027223972,0.0829582876272587,auto_approve,"Elevated risk driven by: size-dependent item, fashion category, grocery category"
0,0.0713115918740514,0.084350401136356,auto_approve,"Elevated risk driven by: unusually low order value, customer's return history, grocery category"
0,0.1229572259642412,0.1344147699217702,auto_approve,"Elevated risk driven by: large discount, home category, unusually low order value"
0,0.1070050747581444,0.1409513815310792,auto_approve,"Elevated risk driven by: home category, tier3 delivery area, unusually low order value"
0,0.2462806037186492,0.1965317397190217,flag_for_review,"Elevated risk driven by: customer's return history, home category, unusually low order value"
0,0.294135649297606,0.1768234107754913,flag_for_review,"Elevated risk driven by: COD payment, known return history, first-time buyer"
0,0.2976384495949136,0.3982799041662055,flag_for_review,"Elevated risk driven by: COD payment, unusually low order value, tier3 delivery area"
0,0.1070526422426321,0.2142284997340955,auto_approve,"Elevated risk driven by: known return history, first-time buyer, unusually low order value"
0,0.381620911035537,0.498884027891821,flag_for_review,"Elevated risk driven by: large discount, COD payment, unusually low order value"
0,0.2324598092771428,0.2365506589317213,flag_for_review,"Elevated risk driven by: size-dependent item, unusually low order value, fashion category"
1,0.2036564781520893,0.1998776181031141,flag_for_review,"Elevated risk driven by: customer's return history, unusually low order value, beauty category"
0,0.0446481628207816,0.0485303027555428,auto_approve,"Elevated risk driven by: tier3 delivery area, unusually low order value, grocery category"
0,0.0822282736914357,0.0940819764888153,auto_approve,"Elevated risk driven by: tier3 delivery area, beauty category, grocery category"
0,0.1221900035520922,0.1072132384658845,auto_approve,"Elevated risk driven by: size-dependent item, fashion category, grocery category"
1,0.2694656011336558,0.3497777010523753,flag_for_review,"Elevated risk driven by: large discount, COD payment, beauty category"
0,0.1750195976340442,0.1360054242966211,flag_for_review,"Elevated risk driven by: COD payment, customer's return history, tier3 delivery area"
0,0.0629038400926658,0.0619202912400858,auto_approve,"Elevated risk driven by: large discount, unusually low order value, metro delivery area"
1,0.5281311124571543,0.3686485605520392,flag_for_review,"Elevated risk driven by: size-dependent item, large discount, COD payment"
0,0.0785437672882625,0.0884373901996594,auto_approve,"Elevated risk driven by: unusually low order value, beauty category, grocery category"
0,0.0259708969682312,0.0393431020380349,auto_approve,"Elevated risk driven by: unusually low order value, metro delivery area, electronics category"
1,0.0621676978563139,0.0736458768057919,auto_approve,"Elevated risk driven by: unusually low order value, grocery category, metro delivery area"
0,0.0658277194188488,0.058816461974226,auto_approve,"Elevated risk driven by: home category, large discount, UPI payment"
0,0.361573740710564,0.3286049016972159,flag_for_review,"Elevated risk driven by: size-dependent item, large discount, unusually low order value"
0,0.1667233846032658,0.2301705358575364,flag_for_review,"Elevated risk driven by: size-dependent item, customer's return history, fashion category"
0,0.2146868253267431,0.1926236086465062,flag_for_review,"Elevated risk driven by: size-dependent item, unusually low order value, fashion category"
0,0.1219088542157436,0.1067151264394099,auto_approve,"Elevated risk driven by: large discount, tier3 delivery area, unusually low order value"
0,0.2396835647787076,0.2092181661460841,flag_for_review,"Elevated risk driven by: large discount, home category, tier3 delivery area"
0,0.0992855353278632,0.101224865154138,auto_approve,"Elevated risk driven by: beauty category, unusually low order value, grocery category"
1,0.3053783761908769,0.2608485553478531,flag_for_review,"Elevated risk driven by: COD payment, known return history, first-time buyer"
0,0.2312971849709924,0.174232593854798,flag_for_review,"Elevated risk driven by: COD payment, home category, tier3 delivery area"
0,0.1116165262810654,0.1943477789351078,auto_approve,"Elevated risk driven by: unusually low order value, tier3 delivery area, beauty category"
0,0.1638019289446504,0.1803854779450086,flag_for_review,"Elevated risk driven by: customer's return history, unusually low order value, large discount"
0,0.088224274524417,0.0583781008048988,auto_approve,"Elevated risk driven by: beauty category, customer's return history, grocery category"
0,0.0330409711685165,0.0374475678701936,auto_approve,"Elevated risk driven by: unusually low order value, metro delivery area, electronics category"
0,0.1165789069604577,0.136650876556054,auto_approve,"Elevated risk driven by: home category, unusually low order value, grocery category"
1,0.714734294690749,0.7157835567595361,flag_for_review,"Elevated risk driven by: size-dependent item, COD payment, known return history"
0,0.2634572919805097,0.1405447999398166,flag_for_review,"Elevated risk driven by: size-dependent item, tier3 delivery area, fashion category"
0,0.021343005787166,0.0304037900722639,auto_approve,"Elevated risk driven by: unusually low order value, electronics category, card payment"
0,0.4409967400275876,0.4068824806560254,flag_for_review,"Elevated risk driven by: large discount, COD payment, unusually low order value"
1,0.2254266787764628,0.2091638535111958,flag_for_review,"Elevated risk driven by: COD payment, home category, tier3 delivery area"
0,0.1002291318792559,0.1215014031143096,auto_approve,"Elevated risk driven by: known return history, first-time buyer, unusually low order value"
0,0.0235401559722017,0.0293889526753756,auto_approve,"Elevated risk driven by: COD payment, UPI payment, electronics category"
0,0.3206150500825743,0.329262431794692,flag_for_review,"Elevated risk driven by: COD payment, home category, tier3 delivery area"
0,0.1221461769612052,0.1014985647595933,auto_approve,"Elevated risk driven by: customer's return history, fashion category, UPI payment"
0,0.3412164587054768,0.2432062194883573,flag_for_review,"Elevated risk driven by: size-dependent item, COD payment, fashion category"
0,0.1062572270193183,0.0406458924724329,auto_approve,"Elevated risk driven by: COD payment, known return history, first-time buyer"
1,0.3310365938573409,0.3243185545899237,flag_for_review,"Elevated risk driven by: size-dependent item, tier3 delivery area, unusually low order value"
0,0.0477945286839719,0.0521479214208185,auto_approve,"Elevated risk driven by: tier3 delivery area, unusually low order value, UPI payment"
0,0.6378413516379131,0.6354760800337925,flag_for_review,"Elevated risk driven by: large discount, size-dependent item, COD payment"
0,0.1267932980751578,0.1452565537022831,auto_approve,"Elevated risk driven by: home category, large discount, grocery category"
0,0.3241542460886698,0.1877101841064133,flag_for_review,"Elevated risk driven by: known return history, first-time buyer, home category"
0,0.2040199475796924,0.2032860456185034,flag_for_review,"Elevated risk driven by: COD payment, large discount, unusually low order value"
0,0.1528852105654241,0.1263083511829401,auto_approve,"Elevated risk driven by: known return history, first-time buyer, grocery category"
1,0.4675692270634782,0.4998259693484996,flag_for_review,"Elevated risk driven by: size-dependent item, COD payment, customer's return history"
0,0.3226652373873802,0.233586535058625,flag_for_review,"Elevated risk driven by: size-dependent item, customer's return history, tier3 delivery area"
0,0.3613994670710637,0.3560676609342572,flag_for_review,"Elevated risk driven by: size-dependent item, large discount, customer's return history"
0,0.0387047603453556,0.0304234345797891,auto_approve,"Elevated risk driven by: size-dependent item, fashion category, grocery category"
0,0.0855401079766064,0.0786540376240031,auto_approve,"Elevated risk driven by: beauty category, UPI payment, grocery category"
0,0.2478467279783065,0.2577777903013974,flag_for_review,"Elevated risk driven by: COD payment, large discount, unusually low order value"
0,0.2759099571013526,0.236743533399267,flag_for_review,"Elevated risk driven by: customer's return history, large discount, tier3 delivery area"
0,0.0549013409243971,0.0654894315873407,auto_approve,"Elevated risk driven by: COD payment, unusually low order value, UPI payment"
0,0.0554951782416197,0.055027493733325,auto_approve,"Elevated risk driven by: size-dependent item, fashion category, customer's return history"
0,0.0902132907194102,0.0957796014476537,auto_approve,"Elevated risk driven by: customer's return history, unusually low order value, grocery category"
0,0.18234804507186,0.1543878936269587,flag_for_review,"Elevated risk driven by: COD payment, known return history, first-time buyer"
0,0.2823854162335568,0.2717899166973881,flag_for_review,"Elevated risk driven by: COD payment, large discount, home category"
0,0.0826360846780655,0.0851106727980539,auto_approve,"Elevated risk driven by: COD payment, unusually low order value, UPI payment"
0,0.0514301090393775,0.0623042883230253,auto_approve,"Elevated risk driven by: unusually low order value, tier3 delivery area, UPI payment"
0,0.3993816356294409,0.3570611970753266,flag_for_review,"Elevated risk driven by: large discount, COD payment, unusually low order value"
0,0.0876539215791487,0.0864594671578023,auto_approve,"Elevated risk driven by: large discount, beauty category, grocery category"
0,0.0515179956402174,0.0614050102044751,auto_approve,"Elevated risk driven by: unusually low order value, beauty category, grocery category"
0,0.2071954381528678,0.2446385137687865,flag_for_review,"Elevated risk driven by: home category, unusually low order value, tier3 delivery area"
