order_value,discount_pct,is_first_time_buyer,customer_past_orders,customer_past_return_rate,size_variant_flag,days_to_deliver,returned,has_return_history,category_beauty,category_electronics,category_fashion,category_grocery,category_home,payment_method_COD,payment_method_UPI,payment_method_card,payment_method_netbanking,delivery_pincode_tier_metro,delivery_pincode_tier_tier2,delivery_pincode_tier_tier3,time_of_day_ordered_afternoon,time_of_day_ordered_evening,time_of_day_ordered_morning,time_of_day_ordered_night
660.17,0.457,1,0,0.24995735361917937,1,5,1,0,False,False,True,False,False,False,True,False,False,False,True,False,False,True,False,False
250.0,0.442,1,0,0.24995735361917937,1,4,1,0,True,False,False,False,False,True,False,False,False,True,False,False,True,False,False,False
3815.33,0.251,1,0,0.24995735361917937,1,5,0,0,True,False,False,False,False,True,False,False,False,True,False,False,True,False,False,False
1167.26,0.106,1,0,0.24995735361917937,0,6,0,0,False,True,False,False,False,False,True,False,False,False,False,True,False,True,False,False
1429.91,0.281,1,0,0.24995735361917937,1,2,1,0,False,False,True,False,False,False,True,False,False,True,False,False,True,False,False,False
250.0,0.463,1,0,0.24995735361917937,1,2,0,0,False,False,True,False,False,True,False,False,False,True,False,False,True,False,False,False
488.28,0.274,1,0,0.24995735361917937,0,2,0,0,False,False,False,True,False,True,False,False,False,True,False,False,False,True,False,False
250.0,0.045,1,0,0.24995735361917937,0,7,0,0,False,True,False,False,False,False,True,False,False,True,False,False,False,True,False,False
1294.33,0.607,1,0,0.24995735361917937,0,2,0,0,False,False,False,True,False,False,True,False,False,False,True,False,False,True,False,False
2385.45,0.154,1,0,0.24995735361917937,0,2,1,0,False,False,False,False,True,False,False,True,False,False,True,False,False,False,True,False
13706.38,0.357,1,0,0.24995735361917937,0,4,0,0,False,False,False,False,True,False,True,False,False,False,True,False,True,False,False,False
1324.98,0.082,1,0,0.24995735361917937,0,2,1,0,False,False,False,False,True,False,False,False,True,True,False,False,False,True,False,False
922.04,0.416,0,1,0.119,0,2,0,1,False,False,False,False,True,False,True,False,False,True,False,False,False,False,True,False
4892.5,0.29,1,0,0.24995735361917937,1,7,0,0,False,False,True,False,False,True,False,False,False,True,False,False,False,True,False,False
1433.27,0.312,1,0,0.24995735361917937,1,5,1,0,False,False,True,False,False,False,True,False,False,False,True,False,False,True,False,False
3033.87,0.363,1,0,0.24995735361917937,1,3,0,0,False,False,True,False,False,False,True,False,False,False,True,False,False,True,False,False
20000.0,0.143,1,0,0.24995735361917937,0,3,0,0,False,True,False,False,False,True,False,False,False,False,False,True,False,True,False,False
250.0,0.37,1,0,0.24995735361917937,0,3,0,0,False,False,False,False,True,True,False,False,False,False,False,True,False,False,False,True
10953.53,0.145,1,0,0.24995735361917937,0,5,0,0,True,False,False,False,False,False,True,False,False,True,False,False,False,False,True,False
1447.4,0.33,1,0,0.24995735361917937,1,2,1,0,False,False,True,False,False,False,True,False,False,False,True,False,True,False,False,False
250.0,0.186,1,0,0.24995735361917937,0,7,0,0,False,True,False,False,False,False,True,False,False,True,False,False,False,False,True,False
3965.8,0.357,1,0,0.24995735361917937,0,5,0,0,False,False,True,False,False,False,True,False,False,False,True,False,False,True,False,False
726.5,0.397,1,0,0.24995735361917937,1,4,0,0,False,False,True,False,False,False,False,True,False,False,True,False,False,False,True,False
441.57,0.154,1,0,0.24995735361917937,1,5,1,0,False,False,True,False,False,True,False,False,False,False,False,True,False,False,False,True
250.0,0.335,1,0,0.24995735361917937,1,4,1,0,False,False,True,False,False,True,False,False,False,False,False,True,False,False,False,True
1184.8,0.422,1,0,0.24995735361917937,0,4,1,0,False,False,False,True,False,True,False,False,False,False,False,True,False,True,False,False
1683.84,0.63,1,0,0.24995735361917937,0,7,0,0,False,True,False,False,False,False,True,False,False,False,True,False,True,False,False,False
1125.91,0.206,1,0,0.24995735361917937,1,3,0,0,False,False,True,False,False,False,False,True,False,True,False,False,False,True,False,False
11797.36,0.108,1,0,0.24995735361917937,0,6,0,0,False,False,False,False,True,False,False,True,False,False,True,False,True,False,False,False
1516.31,0.457,1,0,0.24995735361917937,1,3,0,0,False,False,True,False,False,False,False,False,True,False,False,True,False,True,False,False
1501.44,0.066,0,1,0.284,0,3,0,1,False,True,False,False,False,False,False,False,True,False,True,False,False,True,False,False
441.55,0.21,1,0,0.24995735361917937,1,1,0,0,False,False,True,False,False,False,True,False,False,True,False,False,True,False,False,False
1510.75,0.236,1,0,0.24995735361917937,0,1,0,0,False,True,False,False,False,False,False,True,False,False,True,False,False,True,False,False
3639.32,0.232,1,0,0.24995735361917937,0,4,0,0,False,False,True,False,False,False,False,False,True,False,False,True,False,False,False,True
898.37,0.185,1,0,0.24995735361917937,1,6,1,0,False,False,True,False,False,True,False,False,False,False,False,True,False,True,False,False
20000.0,0.75,1,0,0.24995735361917937,0,5,0,0,True,False,False,False,False,False,False,True,False,False,False,True,False,True,False,False
2228.88,0.325,1,0,0.24995735361917937,0,9,0,0,True,False,False,False,False,False,False,True,False,True,False,False,False,True,False,False
951.2,0.329,1,0,0.24995735361917937,1,4,0,0,False,False,True,False,False,False,False,True,False,False,True,False,False,True,False,False
865.9,0.286,1,0,0.24995735361917937,0,4,1,0,True,False,False,False,False,True,False,False,False,False,True,False,False,False,False,True
1064.89,0.544,1,0,0.24995735361917937,0,3,0,0,False,False,False,True,False,False,True,False,False,False,True,False,False,False,False,True
5132.06,0.187,1,0,0.24995735361917937,0,2,0,0,False,False,True,False,False,False,False,True,False,True,False,False,False,True,False,False
3299.77,0.175,1,0,0.24995735361917937,0,2,0,0,False,False,True,False,False,False,True,False,False,False,True,False,False,False,False,True
250.0,0.093,1,0,0.24995735361917937,1,4,1,0,False,False,True,False,False,True,False,False,False,False,False,True,True,False,False,False
432.14,0.101,1,0,0.24995735361917937,0,4,0,0,False,False,False,True,False,True,False,False,False,False,False,True,True,False,False,False
609.24,0.204,1,0,0.24995735361917937,0,2,1,0,True,False,False,False,False,False,True,False,False,False,True,False,False,False,False,True
1761.07,0.461,1,0,0.24995735361917937,0,5,0,0,False,True,False,False,False,False,False,True,False,True,False,False,False,True,False,False
563.1,0.389,1,0,0.24995735361917937,1,3,1,0,False,False,True,False,False,True,False,False,False,True,False,False,False,True,False,False
646.19,0.246,1,0,0.24995735361917937,1,5,0,0,False,False,True,False,False,False,False,True,False,True,False,False,True,False,False,False
15697.32,0.157,1,0,0.24995735361917937,1,6,0,0,False,False,True,False,False,True,False,False,False,False,False,True,True,False,False,False
1334.87,0.113,1,0,0.24995735361917937,0,2,0,0,False,True,False,False,False,False,True,False,False,True,False,False,True,False,False,False
418.43,0.234,1,0,0.24995735361917937,0,8,0,0,True,False,False,False,False,False,False,False,True,True,False,False,False,False,True,False
821.05,0.061,1,0,0.24995735361917937,1,1,0,0,False,False,True,False,False,True,False,False,False,True,False,False,False,True,False,False
499.74,0.205,1,0,0.24995735361917937,0,2,0,0,False,True,False,False,False,True,False,False,False,True,False,False,False,False,True,False
1334.31,0.52,1,0,0.24995735361917937,1,3,1,0,False,False,True,False,False,True,False,False,False,False,True,False,True,False,False,False
11438.42,0.277,1,0,0.24995735361917937,0,3,0,0,True,False,False,False,False,False,True,False,False,True,False,False,False,False,False,True
2145.0,0.444,1,0,0.24995735361917937,1,3,0,0,False,False,True,False,False,False,True,False,False,True,False,False,True,False,False,False
653.8,0.065,0,2,0.109,1,3,1,1,False,False,True,False,False,True,False,False,False,False,True,False,False,True,False,False
4169.03,0.154,1,0,0.24995735361917937,1,3,0,0,False,False,True,False,False,False,True,False,False,False,True,False,False,True,False,False
2165.67,0.421,1,0,0.24995735361917937,1,4,1,0,False,False,True,False,False,False,True,False,False,True,False,False,False,True,False,False
250.0,0.27,1,0,0.24995735361917937,0,3,0,0,True,False,False,False,False,True,False,False,False,True,False,False,False,True,False,False
2985.15,0.196,0,1,0.092,0,4,0,1,True,False,False,False,False,False,True,False,False,False,True,False,False,True,False,False
419.13,0.337,1,0,0.24995735361917937,0,1,1,0,False,False,True,False,False,True,False,False,False,False,True,False,True,False,False,False
6755.88,0.474,1,0,0.24995735361917937,1,3,0,0,False,False,True,False,False,True,False,False,False,False,True,False,False,False,False,True
2037.62,0.173,1,0,0.24995735361917937,0,2,0,0,False,True,False,False,False,True,False,False,False,False,True,False,False,False,True,False
275.77,0.368,1,0,0.24995735361917937,1,4,0,0,False,False,True,False,False,False,True,False,False,True,False,False,False,False,False,True
3894.78,0.274,0,1,0.348,0,4,1,1,False,True,False,False,False,False,True,False,False,True,False,False,False,False,True,False
992.09,0.291,0,1,0.171,0,9,0,1,False,False,False,True,False,False,False,True,False,False,False,True,False,False,False,True
844.68,0.364,0,2,0.199,0,4,1,1,False,False,False,False,True,True,False,False,False,False,False,True,True,False,False,False
2126.51,0.456,1,0,0.24995735361917937,0,3,0,0,False,True,False,False,False,False,False,True,False,False,False,True,False,False,False,True
11107.46,0.24,1,0,0.24995735361917937,0,6,1,0,True,False,False,False,False,True,False,False,False,False,False,True,False,True,False,False
2836.75,0.083,1,0,0.24995735361917937,0,3,1,0,True,False,False,False,False,False,True,False,False,False,True,False,False,False,True,False
5092.1,0.081,0,1,0.32,0,3,0,1,False,True,False,False,False,False,True,False,False,True,False,False,False,False,True,False
564.53,0.481,1,0,0.24995735361917937,0,5,0,0,False,False,False,False,True,False,True,False,False,True,False,False,False,False,False,True
6329.53,0.086,0,1,0.291,1,1,0,1,False,False,True,False,False,False,True,False,False,False,True,False,False,False,True,False
3585.07,0.275,1,0,0.24995735361917937,1,1,0,0,False,False,True,False,False,False,True,False,False,True,False,False,False,True,False,False
363.61,0.064,0,1,0.223,0,3,1,1,False,False,False,False,True,True,False,False,False,True,False,False,False,False,False,True
1634.14,0.022,1,0,0.24995735361917937,1,6,0,0,False,False,True,False,False,False,False,True,False,True,False,False,False,True,False,False
1124.43,0.112,0,1,0.147,1,3,0,1,True,False,False,False,False,True,False,False,False,True,False,False,True,False,False,False
402.53,0.504,1,0,0.24995735361917937,1,5,1,0,False,False,True,False,False,True,False,False,False,False,False,True,True,False,False,False
258.67,0.142,1,0,0.24995735361917937,0,7,0,0,False,False,False,True,False,False,True,False,False,True,False,False,False,True,False,False
5158.96,0.437,1,0,0.24995735361917937,0,2,0,0,False,True,False,False,False,False,False,True,False,True,False,False,False,True,False,False
1081.56,0.116,0,1,0.238,1,3,0,1,False,False,True,False,False,True,False,False,False,False,False,True,False,False,False,True
9924.71,0.372,1,0,0.24995735361917937,0,6,0,0,False,True,False,False,False,False,True,False,False,False,False,True,False,True,False,False
449.49,0.309,1,0,0.24995735361917937,0,1,0,0,False,False,False,False,True,False,True,False,False,True,False,False,False,False,True,False
753.68,0.055,0,1,0.182,1,3,1,1,False,False,True,False,False,False,False,True,False,False,True,False,False,True,False,False
524.62,0.239,0,1,0.127,1,4,1,1,False,False,True,False,False,False,True,False,False,True,False,False,False,False,True,False
1965.58,0.305,1,0,0.24995735361917937,1,4,1,0,False,False,True,False,False,True,False,False,False,False,True,False,False,False,True,False
572.7,0.295,1,0,0.24995735361917937,0,2,1,0,True,False,False,False,False,True,False,False,False,True,False,False,False,False,True,False
1286.0,0.204,1,0,0.24995735361917937,0,5,0,0,False,False,False,False,True,False,True,False,False,True,False,False,False,True,False,False
5436.44,0.478,1,0,0.24995735361917937,1,1,0,0,False,False,True,False,False,False,True,False,False,False,True,False,False,True,False,False
3569.84,0.374,1,0,0.24995735361917937,1,5,0,0,False,False,True,False,False,True,False,False,False,False,True,False,False,True,False,False
464.32,0.186,1,0,0.24995735361917937,1,8,1,0,False,False,True,False,False,False,True,False,False,False,True,False,False,False,True,False
966.25,0.247,0,1,0.021,1,7,0,1,False,False,True,False,False,False,True,False,False,False,True,False,False,True,False,False
420.32,0.259,0,1,0.144,1,3,0,1,False,False,True,False,False,False,False,True,False,False,True,False,False,True,False,False
993.22,0.163,0,1,0.379,0,1,0,1,False,True,False,False,False,True,False,False,False,True,False,False,False,True,False,False
746.34,0.131,1,0,0.24995735361917937,1,5,1,0,False,False,True,False,False,False,False,True,False,False,False,True,False,True,False,False
1398.51,0.297,1,0,0.24995735361917937,0,2,0,0,True,False,False,False,False,False,False,True,False,True,False,False,False,False,True,False
318.24,0.123,1,0,0.24995735361917937,1,3,0,0,False,False,True,False,False,False,False,False,True,False,True,False,False,True,False,False
250.0,0.48,1,0,0.24995735361917937,0,4,0,0,False,True,False,False,False,False,True,False,False,True,False,False,False,True,False,False
250.0,0.397,1,0,0.24995735361917937,0,3,0,0,False,True,False,False,False,False,True,False,False,False,True,False,False,False,True,False
1814.26,0.433,1,0,0.24995735361917937,1,3,1,0,False,False,True,False,False,True,False,False,False,False,True,False,False,True,False,False
2184.21,0.429,1,0,0.24995735361917937,0,1,1,0,False,True,False,False,False,False,True,False,False,False,True,False,True,False,False,False
1361.04,0.323,1,0,0.24995735361917937,1,4,0,0,False,False,True,False,False,False,True,False,False,False,False,True,True,False,False,False
680.02,0.213,0,2,0.321,0,1,0,1,True,False,False,False,False,False,False,True,False,True,False,False,False,True,False,False
3482.09,0.504,0,1,0.227,1,6,0,1,False,False,True,False,False,False,False,False,True,False,False,True,True,False,False,False
1897.89,0.066,0,3,0.058,1,1,0,1,False,False,True,False,False,True,False,False,False,False,True,False,False,False,True,False
3393.6,0.327,1,0,0.24995735361917937,1,1,0,0,False,False,True,False,False,False,True,False,False,True,False,False,True,False,False,False
543.98,0.219,1,0,0.24995735361917937,0,1,0,0,True,False,False,False,False,True,False,False,False,True,False,False,False,False,True,False
767.33,0.289,0,1,0.044,1,3,0,1,False,False,True,False,False,False,False,True,False,False,True,False,True,False,False,False
1181.05,0.316,1,0,0.24995735361917937,0,3,0,0,False,True,False,False,False,False,False,True,False,True,False,False,False,False,True,False
653.99,0.228,0,1,0.329,0,5,1,1,False,False,False,False,True,True,False,False,False,False,False,True,False,True,False,False
2650.16,0.158,0,1,0.081,0,3,0,1,True,False,False,False,False,False,False,True,False,False,False,True,True,False,False,False
1795.52,0.67,1,0,0.24995735361917937,1,1,0,0,False,False,True,False,False,True,False,False,False,True,False,False,True,False,False,False
4020.5,0.294,0,1,0.0,0,4,0,1,False,False,True,False,False,True,False,False,False,False,True,False,False,True,False,False
288.66,0.491,1,0,0.24995735361917937,0,1,0,0,False,False,False,True,False,False,False,True,False,True,False,False,True,False,False,False
2446.58,0.108,1,0,0.24995735361917937,1,5,0,0,False,False,True,False,False,False,False,False,True,True,False,False,False,False,True,False
371.42,0.17,1,0,0.24995735361917937,0,2,1,0,False,True,False,False,False,False,True,False,False,False,True,False,False,False,True,False
343.27,0.392,0,2,0.249,1,3,1,1,False,False,True,False,False,True,False,False,False,False,True,False,False,True,False,False
608.03,0.379,1,0,0.24995735361917937,0,3,0,0,False,True,False,False,False,False,True,False,False,True,False,False,False,False,False,True
613.39,0.555,1,0,0.24995735361917937,0,5,0,0,False,True,False,False,False,True,False,False,False,True,False,False,False,True,False,False
3408.53,0.335,1,0,0.24995735361917937,0,5,0,0,False,False,True,False,False,True,False,False,False,False,False,True,False,True,False,False
1318.41,0.282,1,0,0.24995735361917937,1,3,1,0,False,False,True,False,False,True,False,False,False,False,True,False,True,False,False,False
250.0,0.197,1,0,0.24995735361917937,1,3,0,0,False,False,True,False,False,False,True,False,False,False,True,False,False,False,False,True
1849.91,0.408,1,0,0.24995735361917937,0,5,0,0,False,True,False,False,False,True,False,False,False,False,False,True,False,False,True,False
1337.04,0.201,0,1,0.146,0,6,0,1,False,False,False,False,True,False,False,True,False,False,False,True,True,False,False,False
1402.68,0.491,1,0,0.24995735361917937,0,3,0,0,False,False,True,False,False,False,True,False,False,False,True,False,False,False,False,True
523.23,0.281,1,0,0.24995735361917937,0,4,0,0,False,True,False,False,False,True,False,False,False,False,True,False,False,True,False,False
2732.99,0.702,1,0,0.24995735361917937,0,2,1,0,False,True,False,False,False,False,False,True,False,True,False,False,False,False,True,False
1815.32,0.606,0,1,0.169,0,3,1,1,True,False,False,False,False,True,False,False,False,False,True,False,False,False,False,True
2437.3,0.567,1,0,0.24995735361917937,0,3,0,0,False,False,False,True,False,False,False,True,False,True,False,False,False,False,False,True
4958.82,0.201,1,0,0.24995735361917937,0,4,0,0,False,True,False,False,False,False,False,True,False,True,False,False,False,False,True,False
748.45,0.211,1,0,0.24995735361917937,0,2,0,0,False,False,False,True,False,False,False,False,True,True,False,False,False,True,False,False
250.0,0.136,1,0,0.24995735361917937,0,4,0,0,True,False,False,False,False,False,True,False,False,True,False,False,True,False,False,False
602.08,0.327,1,0,0.24995735361917937,0,1,0,0,False,False,False,True,False,False,False,True,False,True,False,False,False,True,False,False
2369.21,0.097,0,2,0.415,1,3,0,1,False,False,True,False,False,False,True,False,False,False,True,False,True,False,False,False
1155.65,0.197,0,1,0.033,1,3,0,1,False,False,True,False,False,False,False,True,False,True,False,False,False,True,False,False
1444.14,0.091,0,3,0.212,1,1,0,1,False,False,True,False,False,False,True,False,False,False,True,False,True,False,False,False
4729.83,0.244,1,0,0.24995735361917937,0,1,0,0,False,False,False,False,True,False,False,False,True,False,True,False,True,False,False,False
1533.97,0.29,1,0,0.24995735361917937,0,4,0,0,False,True,False,False,False,False,True,False,False,False,True,False,True,False,False,False
2019.37,0.208,1,0,0.24995735361917937,1,4,0,0,False,False,True,False,False,False,True,False,False,True,False,False,False,False,True,False
631.78,0.257,0,3,0.057,0,4,0,1,True,False,False,False,False,False,False,True,False,False,True,False,False,False,False,True
421.99,0.145,1,0,0.24995735361917937,0,1,1,0,False,False,False,False,True,True,False,False,False,False,True,False,False,False,True,False
1075.13,0.145,1,0,0.24995735361917937,1,3,1,0,False,False,True,False,False,False,False,False,True,True,False,False,True,False,False,False
4595.85,0.174,0,1,0.0,1,2,0,1,False,False,True,False,False,False,False,True,False,False,False,True,True,False,False,False
508.04,0.145,1,0,0.24995735361917937,0,1,0,0,False,True,False,False,False,False,True,False,False,True,False,False,False,True,False,False
456.67,0.137,1,0,0.24995735361917937,0,4,0,0,True,False,False,False,False,False,False,False,True,False,True,False,True,False,False,False
4274.48,0.202,0,1,0.227,0,2,0,1,False,True,False,False,False,False,True,False,False,False,True,False,False,True,False,False
718.97,0.548,0,1,0.298,0,4,0,1,False,True,False,False,False,False,True,False,False,False,True,False,True,False,False,False
1211.03,0.274,1,0,0.24995735361917937,1,3,0,0,True,False,False,False,False,False,True,False,False,False,True,False,False,False,False,True
1442.91,0.118,1,0,0.24995735361917937,0,4,0,0,False,False,False,False,True,True,False,False,False,False,True,False,True,False,False,False
849.53,0.566,0,1,0.332,1,3,0,1,False,False,True,False,False,False,True,False,False,False,False,True,False,True,False,False
642.78,0.285,1,0,0.24995735361917937,0,5,0,0,False,False,False,False,True,True,False,False,False,False,True,False,False,False,False,True
360.41,0.647,1,0,0.24995735361917937,0,7,1,0,False,True,False,False,False,False,True,False,False,False,False,True,False,False,True,False
4934.29,0.478,0,1,0.187,0,6,0,1,False,True,False,False,False,False,False,True,False,True,False,False,True,False,False,False
420.61,0.153,1,0,0.24995735361917937,0,4,0,0,False,False,False,True,False,False,False,True,False,True,False,False,True,False,False,False
358.95,0.205,1,0,0.24995735361917937,0,7,0,0,False,False,False,False,True,False,True,False,False,False,False,True,False,False,False,True
836.88,0.238,0,1,0.818,1,1,0,1,False,False,True,False,False,False,True,False,False,False,True,False,False,True,False,False
668.14,0.162,0,1,0.345,0,5,1,1,False,False,False,True,False,True,False,False,False,False,False,True,False,True,False,False
292.62,0.619,0,2,0.109,1,4,0,1,False,False,True,False,False,True,False,False,False,False,False,True,False,True,False,False
1165.69,0.129,1,0,0.24995735361917937,0,3,0,0,False,True,False,False,False,False,False,False,True,True,False,False,True,False,False,False
463.83,0.193,0,1,0.0,0,3,0,1,False,False,True,False,False,True,False,False,False,True,False,False,False,True,False,False
7235.92,0.253,1,0,0.24995735361917937,0,4,0,0,True,False,False,False,False,False,True,False,False,False,True,False,False,False,False,True
3781.48,0.344,0,1,0.164,0,1,0,1,True,False,False,False,False,False,False,False,True,True,False,False,False,False,True,False
720.7,0.328,0,1,0.342,1,5,0,1,False,False,True,False,False,True,False,False,False,False,False,True,False,True,False,False
287.51,0.533,0,1,0.138,0,1,0,1,True,False,False,False,False,False,True,False,False,True,False,False,False,True,False,False
6131.47,0.594,1,0,0.24995735361917937,0,4,0,0,False,False,False,False,True,False,False,False,True,False,True,False,False,False,True,False
922.49,0.212,1,0,0.24995735361917937,1,8,0,0,False,False,True,False,False,True,False,False,False,False,False,True,True,False,False,False
2815.31,0.314,1,0,0.24995735361917937,0,5,1,0,False,True,False,False,False,False,True,False,False,False,False,True,True,False,False,False
508.4,0.471,1,0,0.24995735361917937,0,2,0,0,False,False,False,True,False,False,False,True,False,True,False,False,True,False,False,False
575.86,0.637,0,1,0.255,1,2,0,1,False,False,True,False,False,True,False,False,False,True,False,False,False,True,False,False
1928.09,0.434,0,4,0.25,1,5,1,1,False,False,True,False,False,True,False,False,False,False,False,True,True,False,False,False
2115.69,0.169,0,1,0.312,0,6,0,1,True,False,False,False,False,False,False,True,False,False,False,True,False,True,False,False
979.96,0.2,1,0,0.24995735361917937,0,4,0,0,False,False,False,False,True,False,False,True,False,False,True,False,True,False,False,False
588.43,0.139,1,0,0.24995735361917937,1,3,0,0,False,False,True,False,False,False,True,False,False,False,False,True,True,False,False,False
451.24,0.298,1,0,0.24995735361917937,1,2,1,0,False,False,True,False,False,False,True,False,False,True,False,False,True,False,False,False
602.63,0.274,0,2,0.353,0,7,0,1,False,False,True,False,False,False,False,True,False,False,True,False,True,False,False,False
415.98,0.412,1,0,0.24995735361917937,1,3,0,0,False,False,True,False,False,False,True,False,False,True,False,False,False,True,False,False
1892.38,0.593,1,0,0.24995735361917937,1,1,1,0,False,False,True,False,False,True,False,False,False,True,False,False,False,True,False,False
1984.04,0.284,1,0,0.24995735361917937,0,4,0,0,False,True,False,False,False,True,False,False,False,True,False,False,False,True,False,False
2083.3,0.14,1,0,0.24995735361917937,0,5,1,0,False,True,False,False,False,False,False,True,False,False,False,True,True,False,False,False
1466.44,0.316,0,1,0.364,0,5,0,1,False,True,False,False,False,False,False,True,False,False,False,True,False,False,True,False
250.0,0.34,1,0,0.24995735361917937,0,1,1,0,False,False,True,False,False,True,False,False,False,True,False,False,False,True,False,False
8032.01,0.339,1,0,0.24995735361917937,1,2,1,0,False,False,True,False,False,True,False,False,False,False,True,False,False,True,False,False
10214.03,0.143,1,0,0.24995735361917937,0,4,0,0,False,False,False,True,False,True,False,False,False,False,False,True,True,False,False,False
5986.57,0.162,0,2,0.211,0,7,0,1,False,True,False,False,False,True,False,False,False,True,False,False,False,False,False,True
1037.01,0.136,0,1,0.182,0,4,0,1,True,False,False,False,False,True,False,False,False,False,False,True,False,False,False,True
750.24,0.227,0,2,0.207,0,2,1,1,False,False,True,False,False,True,False,False,False,True,False,False,False,True,False,False
551.3,0.156,0,2,0.136,1,5,0,1,False,False,True,False,False,False,True,False,False,True,False,False,False,False,True,False
654.68,0.306,0,2,0.134,1,6,0,1,False,False,True,False,False,False,False,True,False,True,False,False,True,False,False,False
8138.17,0.041,0,1,0.397,1,6,0,1,False,False,True,False,False,False,False,False,True,True,False,False,True,False,False,False
1867.43,0.251,1,0,0.24995735361917937,0,2,0,0,False,True,False,False,False,False,True,False,False,False,True,False,False,True,False,False
712.64,0.476,1,0,0.24995735361917937,0,3,1,0,True,False,False,False,False,True,False,False,False,False,True,False,False,True,False,False
10771.23,0.309,1,0,0.24995735361917937,0,3,0,0,False,True,False,False,False,True,False,False,False,False,True,False,True,False,False,False
476.51,0.422,0,2,0.14,0,1,0,1,False,True,False,False,False,True,False,False,False,True,False,False,False,False,False,True
553.2,0.06,1,0,0.24995735361917937,0,2,0,0,True,False,False,False,False,True,False,False,False,False,True,False,True,False,False,False
4573.22,0.46,1,0,0.24995735361917937,1,6,1,0,False,False,True,False,False,False,False,True,False,True,False,False,False,True,False,False
250.0,0.46,0,1,0.322,0,1,0,1,False,True,False,False,False,False,False,False,True,True,False,False,False,False,False,True
1477.3,0.075,0,1,0.382,0,2,0,1,False,False,False,False,True,True,False,False,False,True,False,False,False,True,False,False
1842.54,0.256,1,0,0.24995735361917937,1,5,0,0,False,False,True,False,False,False,True,False,False,True,False,False,False,False,True,False
265.41,0.106,0,1,0.301,1,2,0,1,False,False,True,False,False,False,True,False,False,False,True,False,False,False,True,False
250.0,0.501,1,0,0.24995735361917937,0,2,1,0,True,False,False,False,False,True,False,False,False,True,False,False,False,False,False,True
252.37,0.449,1,0,0.24995735361917937,0,2,0,0,False,False,False,False,True,False,False,False,True,False,True,False,False,True,False,False
1047.62,0.508,1,0,0.24995735361917937,0,2,0,0,False,False,False,True,False,True,False,False,False,False,True,False,False,True,False,False
5781.16,0.45,0,2,0.396,1,6,1,1,False,False,True,False,False,True,False,False,False,False,True,False,False,True,False,False
411.41,0.303,0,2,0.108,1,2,0,1,False,False,True,False,False,False,False,True,False,True,False,False,False,True,False,False
438.11,0.47,0,1,0.081,1,4,0,1,False,False,True,False,False,True,False,False,False,True,False,False,False,True,False,False
813.53,0.161,0,1,0.554,0,3,0,1,False,True,False,False,False,True,False,False,False,True,False,False,False,False,True,False
819.63,0.071,1,0,0.24995735361917937,0,5,0,0,False,True,False,False,False,False,True,False,False,True,False,False,False,True,False,False
503.98,0.462,1,0,0.24995735361917937,0,3,0,0,False,True,False,False,False,False,True,False,False,True,False,False,True,False,False,False
250.0,0.495,1,0,0.24995735361917937,0,6,0,0,False,True,False,False,False,False,False,True,False,False,False,True,False,False,True,False
387.92,0.174,0,2,0.257,0,4,0,1,True,False,False,False,False,True,False,False,False,False,False,True,False,True,False,False
250.0,0.255,1,0,0.24995735361917937,0,5,1,0,True,False,False,False,False,False,True,False,False,False,False,True,False,False,True,False
977.5,0.171,1,0,0.24995735361917937,0,3,1,0,False,True,False,False,False,True,False,False,False,True,False,False,False,True,False,False
2111.99,0.298,0,2,0.114,1,9,0,1,False,False,True,False,False,False,False,True,False,False,False,True,False,False,True,False
340.89,0.303,1,0,0.24995735361917937,1,6,0,0,False,False,True,False,False,False,True,False,False,False,False,True,False,True,False,False
1168.55,0.267,0,1,0.169,0,4,0,1,False,False,True,False,False,False,False,True,False,True,False,False,False,False,False,True
1107.01,0.154,1,0,0.24995735361917937,0,1,0,0,False,True,False,False,False,False,True,False,False,True,False,False,False,False,False,True
2868.25,0.421,0,1,0.312,1,3,0,1,False,False,True,False,False,False,True,False,False,False,True,False,True,False,False,False
468.62,0.062,0,2,0.119,0,6,0,1,False,False,False,True,False,True,False,False,False,False,True,False,False,True,False,False
491.58,0.325,1,0,0.24995735361917937,0,2,0,0,False,False,False,True,False,False,False,True,False,False,True,False,False,False,True,False
529.81,0.483,1,0,0.24995735361917937,0,2,0,0,True,False,False,False,False,False,True,False,False,False,True,False,True,False,False,False
2851.47,0.279,0,1,0.284,1,1,1,1,False,False,True,False,False,False,False,True,False,True,False,False,False,True,False,False
6444.75,0.115,1,0,0.24995735361917937,0,7,1,0,True,False,False,False,False,True,False,False,False,False,False,True,False,False,True,False
3831.37,0.39,1,0,0.24995735361917937,0,3,0,0,False,False,False,False,True,True,False,False,False,True,False,False,False,True,False,False
11436.58,0.486,1,0,0.24995735361917937,1,1,0,0,False,False,True,False,False,False,True,False,False,True,False,False,True,False,False,False
3905.59,0.382,1,0,0.24995735361917937,0,6,0,0,False,True,False,False,False,True,False,False,False,False,False,True,False,False,True,False
675.16,0.1,1,0,0.24995735361917937,1,2,0,0,False,False,True,False,False,True,False,False,False,True,False,False,False,False,True,False
924.45,0.517,1,0,0.24995735361917937,1,6,0,0,False,False,True,False,False,False,True,False,False,False,True,False,False,True,False,False
1222.09,0.184,1,0,0.24995735361917937,0,8,0,0,True,False,False,False,False,False,False,False,True,False,False,True,False,True,False,False
912.62,0.157,1,0,0.24995735361917937,0,1,0,0,False,True,False,False,False,False,True,False,False,True,False,False,False,True,False,False
1891.86,0.066,1,0,0.24995735361917937,0,6,0,0,False,False,False,True,False,False,False,True,False,False,False,True,True,False,False,False
1164.04,0.08,0,1,0.168,0,3,0,1,False,False,False,False,True,True,False,False,False,True,False,False,False,False,False,True
3188.42,0.395,0,3,0.199,0,4,0,1,False,False,False,False,True,True,False,False,False,True,False,False,False,False,True,False
915.2,0.416,0,1,0.437,0,3,0,1,True,False,False,False,False,True,False,False,False,True,False,False,False,False,False,True
701.79,0.381,1,0,0.24995735361917937,0,1,0,0,False,False,False,False,True,False,False,True,False,False,True,False,False,False,True,False
4774.07,0.295,0,1,0.042,0,4,0,1,False,False,True,False,False,True,False,False,False,False,True,False,True,False,False,False
2096.41,0.305,0,2,0.19,1,4,0,1,False,False,True,False,False,False,False,False,True,True,False,False,True,False,False,False
1670.56,0.239,1,0,0.24995735361917937,0,5,0,0,False,False,False,True,False,False,True,False,False,False,False,True,True,False,False,False
297.9,0.575,0,3,0.209,1,6,0,1,True,False,False,False,False,True,False,False,False,False,False,True,False,True,False,False
2628.94,0.406,1,0,0.24995735361917937,0,5,0,0,True,False,False,False,False,False,False,True,False,True,False,False,True,False,False,False
1956.42,0.088,1,0,0.24995735361917937,0,2,0,0,False,False,False,True,False,False,False,False,True,True,False,False,False,False,True,False
4021.48,0.347,1,0,0.24995735361917937,0,2,0,0,False,True,False,False,False,False,True,False,False,True,False,False,False,False,False,True
768.36,0.173,0,1,0.251,0,4,0,1,False,True,False,False,False,False,False,False,True,False,False,True,False,True,False,False
2672.46,0.359,1,0,0.24995735361917937,0,2,0,0,False,False,False,False,True,False,True,False,False,True,False,False,False,True,False,False
725.4,0.288,1,0,0.24995735361917937,1,4,1,0,False,False,True,False,False,True,False,False,False,False,False,True,False,True,False,False
1794.1,0.222,0,1,0.108,0,4,0,1,True,False,False,False,False,True,False,False,False,False,True,False,True,False,False,False
5140.21,0.052,0,1,0.154,0,4,0,1,False,True,False,False,False,True,False,False,False,False,False,True,False,True,False,False
461.11,0.228,1,0,0.24995735361917937,0,2,0,0,False,False,False,False,True,False,True,False,False,True,False,False,False,True,False,False
250.0,0.37,1,0,0.24995735361917937,0,1,0,0,False,True,False,False,False,True,False,False,False,True,False,False,True,False,False,False
250.0,0.097,1,0,0.24995735361917937,1,5,1,0,False,False,True,False,False,False,True,False,False,False,False,True,False,False,False,True
1939.26,0.348,1,0,0.24995735361917937,0,2,0,0,False,True,False,False,False,False,True,False,False,False,True,False,False,False,True,False
1943.15,0.284,1,0,0.24995735361917937,0,6,0,0,False,False,False,False,True,False,True,False,False,False,False,True,True,False,False,False
1100.57,0.375,1,0,0.24995735361917937,0,1,1,0,False,False,False,False,True,False,False,False,True,True,False,False,True,False,False,False
1328.08,0.239,1,0,0.24995735361917937,0,2,0,0,False,False,True,False,False,False,True,False,False,True,False,False,True,False,False,False
11393.31,0.435,0,1,0.349,0,3,0,1,True,False,False,False,False,True,False,False,False,False,True,False,True,False,False,False
250.0,0.241,1,0,0.24995735361917937,1,2,1,0,False,False,True,False,False,True,False,False,False,True,False,False,True,False,False,False
1405.68,0.235,0,1,0.208,1,7,0,1,False,False,True,False,False,False,True,False,False,True,False,False,True,False,False,False
1960.35,0.252,1,0,0.24995735361917937,1,7,1,0,False,False,True,False,False,False,False,True,False,True,False,False,False,False,True,False
259.36,0.236,0,1,0.169,0,4,0,1,False,False,False,True,False,True,False,False,False,False,False,True,False,False,True,False
10771.94,0.287,0,2,0.183,0,2,0,1,False,False,False,True,False,False,False,True,False,True,False,False,False,True,False,False
3628.42,0.142,0,1,0.614,0,1,0,1,False,False,False,False,True,False,False,False,True,False,True,False,False,False,True,False
964.33,0.257,1,0,0.24995735361917937,0,2,0,0,False,True,False,False,False,False,True,False,False,False,True,False,True,False,False,False
4793.12,0.266,1,0,0.24995735361917937,1,4,1,0,False,False,True,False,False,False,False,True,False,True,False,False,True,False,False,False
489.63,0.133,0,2,0.379,1,2,0,1,False,False,True,False,False,True,False,False,False,True,False,False,False,False,False,True
1446.62,0.436,0,1,0.44,0,5,0,1,False,False,False,False,True,True,False,False,False,False,True,False,True,False,False,False
250.0,0.104,1,0,0.24995735361917937,0,5,0,0,False,False,False,False,True,True,False,False,False,True,False,False,False,False,True,False
4016.31,0.605,1,0,0.24995735361917937,1,6,1,0,False,False,True,False,False,False,False,True,False,False,False,True,False,False,True,False
8283.82,0.243,1,0,0.24995735361917937,0,5,0,0,True,False,False,False,False,False,True,False,False,True,False,False,True,False,False,False
1086.38,0.129,1,0,0.24995735361917937,0,4,1,0,True,False,False,False,False,False,True,False,False,True,False,False,False,True,False,False
634.25,0.156,0,2,0.215,1,1,1,1,False,False,True,False,False,True,False,False,False,False,True,False,False,False,True,False
701.55,0.163,0,2,0.044,0,2,0,1,True,False,False,False,False,False,True,False,False,True,False,False,False,False,True,False
978.04,0.219,0,1,0.127,1,3,0,1,False,False,True,False,False,False,False,True,False,False,True,False,False,True,False,False
4418.16,0.324,1,0,0.24995735361917937,0,1,0,0,True,False,False,False,False,False,True,False,False,True,False,False,False,False,True,False
250.0,0.065,0,1,0.035,0,2,0,1,False,True,False,False,False,True,False,False,False,False,True,False,False,False,True,False
1805.54,0.319,1,0,0.24995735361917937,1,9,0,0,False,False,True,False,False,False,True,False,False,False,True,False,False,True,False,False
3306.07,0.191,1,0,0.24995735361917937,0,3,0,0,False,False,True,False,False,False,False,False,True,False,False,True,False,True,False,False
350.95,0.713,0,1,0.188,0,2,0,1,False,True,False,False,False,True,False,False,False,False,True,False,False,True,False,False
3114.05,0.498,0,1,0.153,1,3,0,1,False,False,True,False,False,False,True,False,False,True,False,False,True,False,False,False
3002.59,0.248,1,0,0.24995735361917937,0,3,0,0,True,False,False,False,False,False,True,False,False,False,True,False,False,True,False,False
2408.15,0.34,0,1,0.214,1,4,0,1,False,False,True,False,False,False,True,False,False,False,False,True,True,False,False,False
385.73,0.165,0,3,0.205,0,3,0,1,False,True,False,False,False,False,False,True,False,True,False,False,False,True,False,False
1391.96,0.138,0,3,0.372,0,2,0,1,False,False,False,False,True,False,True,False,False,True,False,False,True,False,False,False
4104.62,0.166,0,1,0.108,0,8,0,1,False,False,False,True,False,True,False,False,False,False,False,True,False,True,False,False
780.48,0.696,0,2,0.336,1,5,1,1,False,False,True,False,False,True,False,False,False,False,False,True,True,False,False,False
2936.2,0.163,0,1,0.272,0,2,0,1,False,False,False,False,True,False,True,False,False,True,False,False,False,False,False,True
250.0,0.529,0,1,0.344,1,3,0,1,False,False,True,False,False,True,False,False,False,False,False,True,False,False,False,True
285.87,0.32,1,0,0.24995735361917937,1,3,0,0,False,False,True,False,False,False,True,False,False,False,True,False,False,False,False,True
1221.53,0.735,1,0,0.24995735361917937,0,2,1,0,True,False,False,False,False,False,False,True,False,True,False,False,False,False,False,True
1797.9,0.016,1,0,0.24995735361917937,1,2,0,0,False,False,True,False,False,False,False,True,False,True,False,False,False,True,False,False
409.79,0.587,1,0,0.24995735361917937,0,6,0,0,False,False,False,False,True,True,False,False,False,False,False,True,True,False,False,False
250.0,0.267,0,3,0.084,0,3,0,1,False,True,False,False,False,True,False,False,False,False,True,False,True,False,False,False
3260.88,0.268,0,1,0.101,0,2,0,1,False,False,False,True,False,True,False,False,False,False,True,False,False,False,True,False
583.33,0.394,0,1,0.129,1,2,0,1,False,False,True,False,False,False,True,False,False,False,True,False,True,False,False,False
559.56,0.441,1,0,0.24995735361917937,0,5,0,0,False,True,False,False,False,True,False,False,False,False,False,True,False,False,True,False
2839.04,0.255,1,0,0.24995735361917937,1,3,1,0,False,False,True,False,False,False,True,False,False,False,True,False,False,True,False,False
384.95,0.313,0,2,0.088,1,4,1,1,False,False,True,False,False,False,False,True,False,False,False,True,True,False,False,False
1736.65,0.24,1,0,0.24995735361917937,1,4,1,0,False,False,True,False,False,True,False,False,False,False,True,False,False,True,False,False
3497.12,0.574,0,2,0.2,0,5,0,1,False,False,False,True,False,True,False,False,False,False,True,False,True,False,False,False
444.68,0.308,0,1,0.263,0,5,0,1,False,True,False,False,False,True,False,False,False,True,False,False,False,True,False,False
862.13,0.168,1,0,0.24995735361917937,0,2,0,0,False,False,False,True,False,False,True,False,False,False,True,False,True,False,False,False
3364.45,0.151,1,0,0.24995735361917937,0,3,0,0,False,False,True,False,False,False,True,False,False,False,True,False,False,False,False,True
658.62,0.5,0,4,0.326,0,8,0,1,True,False,False,False,False,False,True,False,False,False,False,True,False,False,True,False
895.16,0.333,0,2,0.336,0,2,0,1,False,False,False,False,True,False,False,False,True,True,False,False,True,False,False,False
3209.0,0.273,1,0,0.24995735361917937,0,1,1,0,False,False,False,True,False,True,False,False,False,False,True,False,False,False,False,True
250.0,0.28,0,3,0.344,1,3,0,1,False,False,True,False,False,False,False,True,False,True,False,False,False,True,False,False
2873.67,0.122,0,1,0.425,0,6,0,1,False,False,False,True,False,False,True,False,False,True,False,False,True,False,False,False
394.53,0.231,1,0,0.24995735361917937,0,4,0,0,False,True,False,False,False,False,False,True,False,True,False,False,False,True,False,False
5627.68,0.303,1,0,0.24995735361917937,0,3,1,0,False,False,True,False,False,True,False,False,False,True,False,False,False,True,False,False
1403.96,0.576,0,1,0.345,1,3,1,1,False,False,True,False,False,False,True,False,False,False,True,False,True,False,False,False
2709.99,0.187,0,2,0.457,0,4,1,1,False,False,True,False,False,True,False,False,False,False,False,True,True,False,False,False
1515.02,0.163,1,0,0.24995735361917937,0,9,0,0,True,False,False,False,False,False,False,True,False,False,False,True,False,True,False,False
768.04,0.223,0,1,0.404,0,1,0,1,False,False,False,True,False,False,False,True,False,False,True,False,False,True,False,False
1105.56,0.369,0,1,0.0,0,5,0,1,True,False,False,False,False,False,True,False,False,False,False,True,True,False,False,False
519.01,0.343,0,1,0.116,0,1,0,1,False,True,False,False,False,False,True,False,False,True,False,False,False,False,True,False
1560.6,0.232,1,0,0.24995735361917937,0,5,1,0,False,False,True,False,False,False,False,True,False,False,False,True,False,False,True,False
1563.58,0.04,1,0,0.24995735361917937,1,2,1,0,False,False,True,False,False,False,False,True,False,False,True,False,False,False,True,False
971.29,0.082,1,0,0.24995735361917937,0,2,0,0,False,False,False,False,True,False,True,False,False,False,True,False,False,True,False,False
1983.52,0.364,1,0,0.24995735361917937,0,3,1,0,True,False,False,False,False,False,True,False,False,False,True,False,False,False,False,True
420.82,0.516,1,0,0.24995735361917937,0,3,0,0,False,False,False,False,True,False,True,False,False,False,True,False,True,False,False,False
3499.63,0.373,0,2,0.264,1,4,0,1,False,False,True,False,False,True,False,False,False,True,False,False,False,True,False,False
764.98,0.191,0,1,0.042,1,3,0,1,False,False,True,False,False,True,False,False,False,False,False,True,False,False,False,True
811.62,0.204,1,0,0.24995735361917937,0,2,1,0,False,True,False,False,False,False,True,False,False,False,True,False,False,True,False,False
653.57,0.705,0,5,0.263,0,3,0,1,False,False,False,True,False,True,False,False,False,True,False,False,False,False,False,True
1131.94,0.379,1,0,0.24995735361917937,1,3,1,0,False,False,True,False,False,False,True,False,False,False,True,False,False,False,False,True
1921.81,0.242,0,1,0.463,0,1,0,1,False,False,False,False,True,True,False,False,False,False,True,False,True,False,False,False
7989.69,0.145,1,0,0.24995735361917937,1,2,1,0,False,False,True,False,False,True,False,False,False,True,False,False,False,False,True,False
1013.99,0.271,1,0,0.24995735361917937,0,2,0,0,False,False,False,False,True,False,False,False,True,True,False,False,True,False,False,False
461.22,0.32,0,1,0.085,0,4,1,1,False,False,False,False,True,True,False,False,False,False,True,False,False,False,False,True
993.88,0.283,0,3,0.209,0,4,0,1,False,True,False,False,False,False,True,False,False,False,True,False,False,False,True,False
268.78,0.384,0,3,0.27,0,4,0,1,False,True,False,False,False,False,True,False,False,True,False,False,False,True,False,False
3519.46,0.113,1,0,0.24995735361917937,0,2,0,0,False,False,False,False,True,False,True,False,False,False,True,False,False,True,False,False
383.68,0.527,1,0,0.24995735361917937,0,7,1,0,False,False,True,False,False,False,False,True,False,False,True,False,False,False,True,False
535.9,0.398,1,0,0.24995735361917937,0,5,1,0,False,True,False,False,False,False,True,False,False,True,False,False,False,True,False,False
372.12,0.172,0,2,0.419,0,3,0,1,False,True,False,False,False,True,False,False,False,False,True,False,False,True,False,False
2408.64,0.551,1,0,0.24995735361917937,0,3,0,0,True,False,False,False,False,False,False,True,False,True,False,False,True,False,False,False
5473.08,0.274,1,0,0.24995735361917937,0,5,1,0,False,False,False,False,True,True,False,False,False,False,True,False,True,False,False,False
964.22,0.29,1,0,0.24995735361917937,0,5,1,0,False,False,True,False,False,True,False,False,False,False,False,True,False,True,False,False
6085.03,0.029,1,0,0.24995735361917937,1,3,0,0,False,False,True,False,False,False,False,True,False,True,False,False,False,True,False,False
9031.06,0.356,0,2,0.075,1,2,0,1,False,False,True,False,False,False,True,False,False,True,False,False,False,True,False,False
2661.66,0.068,1,0,0.24995735361917937,0,4,0,0,False,False,False,False,True,False,True,False,False,False,True,False,True,False,False,False
1391.67,0.359,0,1,0.427,1,2,1,1,False,False,True,False,False,True,False,False,False,False,True,False,False,False,False,True
373.69,0.279,1,0,0.24995735361917937,1,2,1,0,False,False,True,False,False,True,False,False,False,True,False,False,False,False,True,False
827.64,0.307,0,2,0.322,0,5,0,1,False,False,False,True,False,False,True,False,False,False,False,True,False,True,False,False
846.97,0.186,0,1,0.12,1,1,0,1,False,False,True,False,False,False,True,False,False,False,True,False,True,False,False,False
562.06,0.161,1,0,0.24995735361917937,0,3,1,0,True,False,False,False,False,False,False,True,False,False,True,False,False,True,False,False
497.98,0.304,1,0,0.24995735361917937,1,2,0,0,False,False,True,False,False,False,False,True,False,False,True,False,False,True,False,False
458.52,0.328,1,0,0.24995735361917937,0,3,0,0,False,False,False,False,True,False,True,False,False,True,False,False,True,False,False,False
570.53,0.251,0,1,0.225,1,4,1,1,False,False,True,False,False,False,True,False,False,False,False,True,False,False,False,True
1412.55,0.259,0,4,0.196,0,3,0,1,False,False,False,False,True,False,True,False,False,False,True,False,False,True,False,False
8913.5,0.431,0,2,0.201,0,3,0,1,False,True,False,False,False,False,False,True,False,True,False,False,False,True,False,False
8570.18,0.184,1,0,0.24995735361917937,0,6,0,0,False,False,False,True,False,False,False,True,False,False,True,False,False,True,False,False
1413.97,0.481,0,1,0.566,0,2,1,1,False,False,False,False,True,True,False,False,False,True,False,False,False,True,False,False
902.39,0.408,0,1,0.202,0,2,0,1,True,False,False,False,False,True,False,False,False,False,False,True,False,False,True,False
1065.1,0.575,0,2,0.0,1,3,0,1,False,False,True,False,False,False,True,False,False,True,False,False,True,False,False,False
2187.06,0.073,0,2,0.499,0,7,0,1,False,False,True,False,False,False,False,False,True,False,True,False,False,False,True,False
1723.31,0.322,0,1,0.586,0,1,0,1,False,False,False,True,False,True,False,False,False,True,False,False,False,False,True,False
3969.49,0.612,1,0,0.24995735361917937,0,5,0,0,False,True,False,False,False,False,False,True,False,False,True,False,False,False,False,True
736.88,0.369,0,3,0.443,0,2,0,1,False,True,False,False,False,False,True,False,False,False,True,False,False,True,False,False
291.17,0.13,0,1,0.12,0,2,0,1,False,True,False,False,False,False,True,False,False,False,True,False,True,False,False,False
420.18,0.073,0,2,0.319,0,4,0,1,False,False,False,False,True,False,False,True,False,False,True,False,True,False,False,False
250.0,0.337,0,2,0.246,1,4,0,1,False,False,True,False,False,False,True,False,False,True,False,False,False,False,True,False
443.44,0.249,0,3,0.125,1,7,1,1,False,False,True,False,False,False,True,False,False,False,True,False,False,False,True,False
1000.6,0.321,0,3,0.31,0,5,0,1,False,True,False,False,False,True,False,False,False,False,False,True,True,False,False,False
1667.24,0.329,0,1,0.212,1,6,0,1,False,False,True,False,False,False,False,True,False,True,False,False,False,False,True,False
2282.75,0.432,0,2,0.134,0,4,0,1,True,False,False,False,False,False,False,False,True,True,False,False,True,False,False,False
1445.61,0.111,0,4,0.171,1,4,1,1,False,False,True,False,False,False,False,True,False,False,True,False,True,False,False,False
734.49,0.143,0,2,0.488,0,3,0,1,False,True,False,False,False,True,False,False,False,True,False,False,False,False,True,False
1083.64,0.249,0,1,0.38,0,5,0,1,True,False,False,False,False,True,False,False,False,False,True,False,True,False,False,False
856.47,0.195,1,0,0.24995735361917937,0,4,1,0,False,False,False,True,False,True,False,False,False,False,False,True,False,True,False,False
565.68,0.681,0,4,0.206,1,2,1,1,False,False,True,False,False,False,True,False,False,False,True,False,True,False,False,False
580.82,0.364,1,0,0.24995735361917937,1,7,1,0,False,False,True,False,False,False,True,False,False,False,False,True,False,True,False,False
398.86,0.306,0,2,0.0,1,3,1,1,True,False,False,False,False,True,False,False,False,False,True,False,True,False,False,False
1217.03,0.359,1,0,0.24995735361917937,0,7,0,0,False,True,False,False,False,False,True,False,False,False,False,True,False,False,False,True
527.32,0.048,0,3,0.442,0,3,0,1,False,True,False,False,False,True,False,False,False,False,True,False,True,False,False,False
507.47,0.422,0,2,0.561,0,1,0,1,False,True,False,False,False,False,True,False,False,True,False,False,False,False,True,False
1961.98,0.274,0,2,0.06,0,2,0,1,False,False,False,False,True,True,False,False,False,True,False,False,False,True,False,False
2929.14,0.447,0,1,0.162,1,3,0,1,False,False,True,False,False,True,False,False,False,False,True,False,True,False,False,False
1894.25,0.525,1,0,0.24995735361917937,0,7,0,0,True,False,False,False,False,False,True,False,False,False,True,False,True,False,False,False
875.19,0.626,0,3,0.543,0,2,1,1,True,False,False,False,False,False,True,False,False,True,False,False,False,False,False,True
2287.95,0.247,1,0,0.24995735361917937,0,3,0,0,False,False,False,False,True,False,False,True,False,False,True,False,True,False,False,False
250.0,0.214,0,4,0.053,1,6,0,1,False,False,True,False,False,False,True,False,False,False,True,False,True,False,False,False
1970.19,0.414,0,4,0.226,0,1,0,1,False,False,False,False,True,False,True,False,False,False,True,False,False,True,False,False
318.63,0.156,0,1,0.529,0,2,0,1,False,False,False,True,False,True,False,False,False,False,True,False,False,False,False,True
250.0,0.067,0,4,0.384,0,3,0,1,False,False,False,False,True,False,True,False,False,True,False,False,False,False,True,False
627.71,0.637,0,2,0.0,0,2,0,1,False,True,False,False,False,False,True,False,False,False,True,False,False,True,False,False
3357.75,0.284,1,0,0.24995735361917937,0,3,0,0,False,True,False,False,False,False,True,False,False,True,False,False,True,False,False,False
736.3,0.266,0,2,0.246,0,3,0,1,False,False,False,True,False,False,True,False,False,False,False,True,False,True,False,False
8598.04,0.444,0,2,0.302,0,3,0,1,False,True,False,False,False,False,True,False,False,False,True,False,True,False,False,False
1411.14,0.226,0,3,0.408,0,5,0,1,False,False,False,False,True,True,False,False,False,True,False,False,True,False,False,False
645.92,0.194,0,2,0.277,0,2,1,1,False,False,False,False,True,True,False,False,False,False,True,False,False,True,False,False
2056.99,0.128,0,2,0.118,0,4,0,1,False,False,False,False,True,False,False,False,True,True,False,False,False,False,True,False
1553.02,0.533,1,0,0.24995735361917937,0,3,0,0,True,False,False,False,False,False,False,True,False,False,False,True,False,True,False,False
250.0,0.221,0,2,0.152,1,4,0,1,False,False,True,False,False,False,True,False,False,True,False,False,False,False,True,False
1128.05,0.303,1,0,0.24995735361917937,0,3,0,0,True,False,False,False,False,False,False,True,False,True,False,False,False,False,False,True
946.79,0.291,1,0,0.24995735361917937,0,2,0,0,False,True,False,False,False,True,False,False,False,False,True,False,False,False,False,True
2088.47,0.344,0,1,0.18,0,4,0,1,False,False,False,False,True,True,False,False,False,True,False,False,False,False,False,True
1281.57,0.271,1,0,0.24995735361917937,0,5,0,0,True,False,False,False,False,False,True,False,False,True,False,False,False,True,False,False
751.02,0.356,0,2,0.134,0,3,1,1,False,False,False,False,True,False,False,False,True,True,False,False,True,False,False,False
1411.12,0.411,0,1,0.035,1,4,1,1,False,False,True,False,False,True,False,False,False,False,True,False,False,True,False,False
250.0,0.038,1,0,0.24995735361917937,0,3,1,0,False,False,False,True,False,True,False,False,False,False,True,False,False,False,True,False
5735.9,0.167,0,4,0.272,0,3,1,1,False,True,False,False,False,True,False,False,False,True,False,False,False,False,False,True
906.95,0.349,1,0,0.24995735361917937,0,1,0,0,True,False,False,False,False,False,True,False,False,False,True,False,False,False,True,False
12698.73,0.139,0,1,0.458,0,5,0,1,True,False,False,False,False,True,False,False,False,False,False,True,False,True,False,False
744.47,0.339,0,3,0.171,1,5,0,1,False,False,True,False,False,True,False,False,False,True,False,False,False,False,True,False
742.19,0.418,0,4,0.36,0,4,0,1,False,True,False,False,False,False,False,True,False,False,True,False,False,False,False,True
6476.82,0.14,1,0,0.24995735361917937,0,1,0,0,False,False,False,False,True,False,True,False,False,False,True,False,False,False,True,False
250.0,0.05,0,1,0.019,0,4,0,1,False,False,True,False,False,False,False,True,False,True,False,False,False,False,True,False
754.65,0.412,0,3,0.237,0,1,1,1,False,False,False,False,True,True,False,False,False,True,False,False,True,False,False,False
2266.49,0.035,0,1,0.071,1,6,0,1,False,False,True,False,False,True,False,False,False,False,False,True,True,False,False,False
1600.72,0.223,1,0,0.24995735361917937,0,5,0,0,False,True,False,False,False,False,False,True,False,False,False,True,True,False,False,False
251.53,0.435,1,0,0.24995735361917937,0,5,1,0,False,False,False,False,True,False,True,False,False,False,True,False,False,True,False,False
250.0,0.22,1,0,0.24995735361917937,0,2,0,0,True,False,False,False,False,False,True,False,False,False,False,True,False,False,False,True
721.33,0.477,0,1,0.31,1,2,0,1,False,False,True,False,False,True,False,False,False,True,False,False,True,False,False,False
562.13,0.421,1,0,0.24995735361917937,0,2,1,0,False,True,False,False,False,False,True,False,False,False,False,True,True,False,False,False
4833.13,0.416,0,3,0.076,0,3,0,1,False,False,False,True,False,False,True,False,False,True,False,False,False,False,True,False
1013.9,0.187,0,1,0.402,0,2,0,1,False,True,False,False,False,True,False,False,False,True,False,False,True,False,False,False
4002.11,0.246,1,0,0.24995735361917937,0,3,0,0,False,False,False,False,True,False,True,False,False,True,False,False,False,True,False,False
1804.47,0.412,0,1,0.11,1,3,1,1,False,False,True,False,False,True,False,False,False,True,False,False,False,True,False,False
1752.57,0.421,1,0,0.24995735361917937,0,2,0,0,False,False,True,False,False,False,True,False,False,False,True,False,True,False,False,False
906.65,0.427,0,2,0.036,1,4,0,1,False,False,True,False,False,True,False,False,False,True,False,False,False,True,False,False
5640.93,0.651,0,1,0.388,0,1,0,1,False,True,False,False,False,False,True,False,False,False,True,False,False,True,False,False
1129.12,0.279,1,0,0.24995735361917937,1,3,0,0,False,False,True,False,False,False,True,False,False,True,False,False,False,True,False,False
1492.66,0.396,0,5,0.33,0,4,0,1,False,True,False,False,False,False,False,True,False,False,False,True,True,False,False,False
429.8,0.553,0,1,0.145,1,4,0,1,False,False,True,False,False,False,True,False,False,False,True,False,False,True,False,False
2458.96,0.104,0,1,0.153,1,4,1,1,False,False,True,False,False,False,False,True,False,True,False,False,False,False,False,True
1067.35,0.379,1,0,0.24995735361917937,0,5,0,0,False,False,False,True,False,True,False,False,False,False,True,False,False,True,False,False
10526.44,0.184,1,0,0.24995735361917937,0,4,0,0,False,False,False,False,True,False,True,False,False,False,True,False,False,True,False,False
250.0,0.058,0,1,0.124,0,4,1,1,True,False,False,False,False,False,False,True,False,False,False,True,True,False,False,False
481.57,0.133,1,0,0.24995735361917937,0,1,0,0,False,False,False,True,False,True,False,False,False,False,True,False,False,True,False,False
1262.82,0.185,1,0,0.24995735361917937,0,2,0,0,False,False,False,False,True,True,False,False,False,True,False,False,False,True,False,False
250.0,0.348,0,1,0.298,0,2,0,1,False,True,False,False,False,True,False,False,False,False,False,True,False,True,False,False
488.31,0.203,1,0,0.24995735361917937,0,3,1,0,False,True,False,False,False,False,False,True,False,True,False,False,True,False,False,False
2318.57,0.014,1,0,0.24995735361917937,0,3,0,0,False,False,False,False,True,False,True,False,False,False,True,False,False,True,False,False
2820.31,0.147,1,0,0.24995735361917937,1,7,1,0,False,False,True,False,False,False,False,False,True,True,False,False,False,True,False,False
11177.0,0.431,0,2,0.0,1,8,0,1,False,False,True,False,False,False,True,False,False,False,False,True,False,False,True,False
505.65,0.318,0,1,0.299,0,5,0,1,False,False,False,False,True,False,True,False,False,True,False,False,True,False,False,False
889.61,0.09,1,0,0.24995735361917937,0,1,0,0,False,False,False,False,True,False,False,True,False,True,False,False,False,True,False,False
2313.48,0.288,0,5,0.307,0,1,0,1,False,False,False,False,True,False,True,False,False,True,False,False,False,True,False,False
9715.69,0.23,0,2,0.271,0,2,0,1,False,True,False,False,False,False,True,False,False,False,True,False,False,False,False,True
250.0,0.109,0,2,0.282,1,3,1,1,False,False,True,False,False,False,False,True,False,False,True,False,True,False,False,False
646.11,0.323,0,2,0.296,1,5,0,1,True,False,False,False,False,True,False,False,False,True,False,False,False,True,False,False
280.98,0.107,1,0,0.24995735361917937,0,2,0,0,False,False,True,False,False,False,True,False,False,True,False,False,False,True,False,False
6690.78,0.428,1,0,0.24995735361917937,1,3,1,0,False,False,True,False,False,True,False,False,False,False,True,False,False,False,True,False
711.81,0.421,1,0,0.24995735361917937,0,2,1,0,True,False,False,False,False,False,True,False,False,False,True,False,False,False,True,False
965.45,0.464,1,0,0.24995735361917937,0,3,0,0,False,False,False,False,True,False,True,False,False,False,True,False,False,True,False,False
2444.03,0.272,0,4,0.182,0,1,0,1,False,True,False,False,False,False,False,True,False,True,False,False,True,False,False,False
250.0,0.737,1,0,0.24995735361917937,1,1,1,0,False,False,True,False,False,False,False,True,False,False,True,False,True,False,False,False
1039.43,0.098,1,0,0.24995735361917937,0,7,1,0,False,True,False,False,False,True,False,False,False,False,False,True,False,True,False,False
1776.79,0.258,1,0,0.24995735361917937,1,7,1,0,False,False,True,False,False,False,True,False,False,False,False,True,False,False,True,False
4120.62,0.297,0,1,0.27,0,2,0,1,False,False,False,True,False,False,False,True,False,False,True,False,True,False,False,False
250.0,0.396,0,5,0.259,0,3,0,1,False,True,False,False,False,False,True,False,False,True,False,False,False,True,False,False
314.85,0.431,0,5,0.076,1,7,1,1,True,False,False,False,False,False,False,True,False,False,True,False,False,False,False,True
694.54,0.092,0,1,0.379,0,5,0,1,True,False,False,False,False,False,False,True,False,False,False,True,False,True,False,False
781.0,0.342,0,2,0.52,0,1,0,1,True,False,False,False,False,False,False,True,False,False,True,False,False,False,True,False
1220.15,0.323,0,3,0.358,1,4,1,1,False,False,True,False,False,True,False,False,False,True,False,False,False,False,True,False
250.0,0.308,1,0,0.24995735361917937,0,1,0,0,True,False,False,False,False,True,False,False,False,True,False,False,False,True,False,False
4391.65,0.49,0,2,0.311,0,3,0,1,False,True,False,False,False,True,False,False,False,False,True,False,False,True,False,False
1596.83,0.296,0,1,0.298,1,2,0,1,False,False,True,False,False,False,False,True,False,True,False,False,False,False,False,True
2428.2,0.249,1,0,0.24995735361917937,1,5,0,0,False,False,True,False,False,False,True,False,False,False,True,False,False,False,False,True
2142.36,0.259,0,1,0.308,0,3,0,1,True,False,False,False,False,True,False,False,False,False,False,True,True,False,False,False
6471.23,0.178,0,6,0.035,0,1,0,1,True,False,False,False,False,False,False,True,False,True,False,False,False,False,False,True
431.94,0.256,0,2,0.373,1,2,0,1,False,False,True,False,False,False,False,False,True,True,False,False,True,False,False,False
6039.61,0.172,1,0,0.24995735361917937,0,4,0,0,False,True,False,False,False,True,False,False,False,False,True,False,True,False,False,False
1121.12,0.253,0,5,0.255,0,5,0,1,False,True,False,False,False,False,False,False,True,False,False,True,False,False,True,False
983.93,0.031,1,0,0.24995735361917937,1,2,1,0,False,False,True,False,False,True,False,False,False,False,True,False,False,True,False,False
3908.83,0.278,1,0,0.24995735361917937,1,5,1,0,False,False,True,False,False,False,False,False,True,False,True,False,True,False,False,False
821.74,0.466,0,4,0.388,1,1,1,1,False,False,True,False,False,False,False,True,False,True,False,False,False,True,False,False
5464.93,0.281,1,0,0.24995735361917937,0,2,0,0,True,False,False,False,False,False,True,False,False,False,True,False,False,True,False,False
250.0,0.475,0,6,0.476,0,4,0,1,False,False,False,False,True,False,False,True,False,False,False,True,False,True,False,False
285.25,0.147,1,0,0.24995735361917937,0,6,0,0,False,False,True,False,False,True,False,False,False,False,False,True,False,True,False,False
496.73,0.255,0,1,0.324,0,6,0,1,True,False,False,False,False,False,False,False,True,False,False,True,True,False,False,False
299.58,0.209,1,0,0.24995735361917937,1,4,0,0,False,False,True,False,False,True,False,False,False,False,False,True,False,False,True,False
506.52,0.542,1,0,0.24995735361917937,1,6,1,0,False,False,True,False,False,True,False,False,False,False,False,True,False,False,True,False
941.11,0.374,1,0,0.24995735361917937,0,4,0,0,False,True,False,False,False,False,True,False,False,False,False,True,True,False,False,False
741.37,0.247,0,4,0.424,0,2,0,1,True,False,False,False,False,True,False,False,False,False,True,False,True,False,False,False
250.0,0.039,0,2,0.304,1,5,0,1,False,False,True,False,False,False,True,False,False,False,True,False,True,False,False,False
2585.21,0.33,0,2,0.211,1,2,1,1,False,False,True,False,False,True,False,False,False,True,False,False,False,True,False,False
646.11,0.736,0,5,0.115,1,4,1,1,False,False,True,False,False,False,True,False,False,True,False,False,True,False,False,False
697.87,0.744,1,0,0.24995735361917937,0,2,0,0,False,True,False,False,False,False,True,False,False,False,True,False,True,False,False,False
8196.27,0.084,0,3,0.398,0,6,0,1,False,False,False,True,False,False,True,False,False,False,False,True,True,False,False,False
923.63,0.318,0,1,0.465,0,2,0,1,False,False,False,True,False,False,True,False,False,True,False,False,False,False,True,False
3084.61,0.109,1,0,0.24995735361917937,0,2,0,0,True,False,False,False,False,False,True,False,False,False,True,False,False,False,True,False
20000.0,0.386,1,0,0.24995735361917937,0,1,0,0,False,True,False,False,False,False,False,True,False,True,False,False,False,True,False,False
1426.9,0.341,1,0,0.24995735361917937,0,3,0,0,False,False,False,True,False,False,True,False,False,True,False,False,False,True,False,False
277.81,0.172,1,0,0.24995735361917937,0,7,1,0,False,False,False,True,False,False,True,False,False,True,False,False,False,True,False,False
549.19,0.245,0,3,0.0,0,4,0,1,False,False,False,False,True,False,True,False,False,False,False,True,False,False,True,False
250.0,0.165,1,0,0.24995735361917937,0,6,1,0,True,False,False,False,False,True,False,False,False,False,False,True,True,False,False,False
2450.12,0.34,1,0,0.24995735361917937,0,3,1,0,True,False,False,False,False,True,False,False,False,False,False,True,False,True,False,False
1065.38,0.374,1,0,0.24995735361917937,0,4,1,0,False,False,False,True,False,True,False,False,False,True,False,False,False,True,False,False
12684.32,0.643,0,4,0.327,1,3,0,1,False,False,True,False,False,True,False,False,False,False,False,True,False,False,False,True
394.0,0.365,0,1,0.11,0,5,0,1,True,False,False,False,False,False,True,False,False,False,False,True,False,True,False,False
1099.07,0.267,0,2,0.0,0,2,0,1,False,True,False,False,False,False,True,False,False,False,True,False,False,False,False,True
260.98,0.44,0,3,0.169,0,2,0,1,False,False,False,False,True,False,False,False,True,True,False,False,False,True,False,False
3358.65,0.156,0,7,0.052,0,6,0,1,False,False,False,False,True,False,True,False,False,False,False,True,False,False,True,False
1333.21,0.112,0,4,0.354,1,4,0,1,False,False,True,False,False,False,False,True,False,False,True,False,False,True,False,False
606.31,0.374,0,2,0.085,1,4,1,1,False,False,True,False,False,False,True,False,False,False,False,True,False,True,False,False
797.09,0.162,1,0,0.24995735361917937,1,5,1,0,False,False,True,False,False,True,False,False,False,True,False,False,False,False,True,False
4937.15,0.75,0,6,0.323,1,1,1,1,False,False,True,False,False,True,False,False,False,False,True,False,False,True,False,False
1662.11,0.147,0,2,0.737,0,1,1,1,False,False,False,False,True,False,True,False,False,False,True,False,False,True,False,False
489.41,0.05,0,1,0.057,0,1,0,1,True,False,False,False,False,False,True,False,False,True,False,False,False,False,True,False
1292.47,0.303,0,1,0.066,0,5,0,1,False,False,False,False,True,False,True,False,False,True,False,False,True,False,False,False
5289.39,0.477,0,2,0.398,1,4,0,1,False,False,True,False,False,False,True,False,False,False,False,True,True,False,False,False
1728.59,0.136,0,2,0.192,0,5,0,1,False,False,False,True,False,True,False,False,False,False,False,True,True,False,False,False
831.02,0.219,0,3,0.56,0,3,1,1,False,False,False,False,True,False,True,False,False,False,True,False,True,False,False,False
5363.35,0.215,0,2,0.261,0,1,0,1,False,False,False,True,False,False,False,True,False,False,True,False,False,True,False,False
2623.84,0.289,0,3,0.417,1,6,0,1,False,False,True,False,False,False,True,False,False,False,False,True,False,True,False,False
1306.84,0.442,0,3,0.305,0,3,0,1,True,False,False,False,False,False,False,True,False,False,True,False,False,False,False,True
1668.29,0.219,0,4,0.273,0,2,0,1,False,True,False,False,False,False,False,True,False,True,False,False,False,True,False,False
1329.88,0.199,0,1,0.183,0,2,0,1,False,True,False,False,False,False,False,True,False,True,False,False,False,False,True,False
10581.55,0.304,1,0,0.24995735361917937,0,4,0,0,True,False,False,False,False,True,False,False,False,False,True,False,True,False,False,False
560.78,0.261,0,3,0.126,0,6,0,1,False,False,False,False,True,True,False,False,False,False,False,True,False,False,False,True
4606.16,0.281,0,6,0.321,0,2,0,1,False,False,False,False,True,False,True,False,False,True,False,False,True,False,False,False
5451.87,0.419,0,3,0.213,0,2,0,1,True,False,False,False,False,True,False,False,False,False,True,False,True,False,False,False
3103.67,0.103,1,0,0.24995735361917937,0,1,0,0,False,False,False,False,True,False,True,False,False,True,False,False,False,True,False,False
1233.0,0.282,1,0,0.24995735361917937,0,4,0,0,False,True,False,False,False,False,False,False,True,False,True,False,False,True,False,False
606.64,0.163,0,3,0.002,0,1,0,1,False,False,False,True,False,False,False,False,True,True,False,False,True,False,False,False
250.0,0.225,1,0,0.24995735361917937,0,2,0,0,False,False,True,False,False,False,False,False,True,False,True,False,False,False,False,True
2160.84,0.375,0,2,0.252,1,1,0,1,False,False,True,False,False,False,True,False,False,True,False,False,True,False,False,False
1506.09,0.282,0,5,0.033,0,6,0,1,True,False,False,False,False,False,False,True,False,True,False,False,False,True,False,False
1294.42,0.197,0,5,0.131,0,5,0,1,False,True,False,False,False,False,False,True,False,True,False,False,False,True,False,False
250.0,0.236,0,1,0.353,1,3,0,1,False,False,True,False,False,False,True,False,False,True,False,False,False,True,False,False
1163.78,0.518,1,0,0.24995735361917937,0,3,0,0,False,True,False,False,False,True,False,False,False,True,False,False,True,False,False,False
1046.62,0.343,0,6,0.321,0,3,0,1,False,False,False,False,True,False,True,False,False,True,False,False,False,True,False,False
635.95,0.166,0,3,0.374,1,4,0,1,False,False,True,False,False,False,False,False,True,True,False,False,False,False,True,False
492.51,0.449,1,0,0.24995735361917937,0,5,1,0,False,False,False,True,False,True,False,False,False,False,False,True,True,False,False,False
762.51,0.277,0,1,0.168,1,3,0,1,False,False,True,False,False,False,True,False,False,False,True,False,True,False,False,False
250.0,0.175,1,0,0.24995735361917937,1,3,0,0,False,False,True,False,False,False,True,False,False,True,False,False,False,False,False,True
595.71,0.314,0,2,0.504,0,5,0,1,False,False,False,False,True,False,True,False,False,True,False,False,False,True,False,False
1137.66,0.33,1,0,0.24995735361917937,1,6,0,0,False,False,True,False,False,False,False,False,True,False,False,True,False,False,False,True
14056.29,0.347,0,3,0.303,0,3,0,1,False,False,False,True,False,True,False,False,False,True,False,False,False,False,True,False
399.86,0.016,1,0,0.24995735361917937,0,3,0,0,True,False,False,False,False,False,True,False,False,False,True,False,False,True,False,False
3825.11,0.504,0,2,0.214,0,4,0,1,False,False,False,True,False,False,True,False,False,True,False,False,False,False,False,True
2965.97,0.433,1,0,0.24995735361917937,0,3,0,0,True,False,False,False,False,True,False,False,False,True,False,False,True,False,False,False
449.29,0.402,1,0,0.24995735361917937,0,7,1,0,False,False,True,False,False,False,False,False,True,False,True,False,True,False,False,False
3798.66,0.124,0,1,0.519,0,3,0,1,False,True,False,False,False,False,False,True,False,True,False,False,False,False,False,True
814.43,0.104,1,0,0.24995735361917937,1,3,1,0,False,False,True,False,False,True,False,False,False,False,True,False,False,True,False,False
2828.18,0.205,1,0,0.24995735361917937,0,4,1,0,False,True,False,False,False,False,False,True,False,False,False,True,False,True,False,False
1247.7,0.442,0,3,0.0,1,5,0,1,True,False,False,False,False,False,False,True,False,False,False,True,False,False,True,False
2666.3,0.503,0,1,0.379,1,3,0,1,False,False,True,False,False,False,True,False,False,True,False,False,False,True,False,False
1833.55,0.311,0,2,0.214,1,6,0,1,False,False,True,False,False,False,True,False,False,False,True,False,True,False,False,False
998.83,0.724,0,1,0.602,0,5,0,1,True,False,False,False,False,True,False,False,False,False,True,False,False,False,False,True
2921.15,0.302,1,0,0.24995735361917937,0,1,0,0,False,False,False,False,True,False,True,False,False,True,False,False,True,False,False,False
2000.92,0.031,0,3,0.286,1,4,1,1,False,False,True,False,False,False,True,False,False,False,False,True,True,False,False,False
2947.38,0.717,0,2,0.227,0,5,1,1,False,False,False,False,True,False,False,True,False,True,False,False,False,False,True,False
494.72,0.319,1,0,0.24995735361917937,1,2,0,0,False,False,True,False,False,False,True,False,False,False,True,False,False,True,False,False
319.3,0.427,0,1,0.175,0,4,0,1,False,True,False,False,False,True,False,False,False,True,False,False,False,True,False,False
250.0,0.459,1,0,0.24995735361917937,0,1,0,0,True,False,False,False,False,False,False,True,False,False,True,False,True,False,False,False
434.75,0.057,0,7,0.285,0,3,0,1,False,False,False,False,True,False,False,True,False,True,False,False,False,False,True,False
496.2,0.309,0,4,0.252,0,2,0,1,False,False,False,False,True,True,False,False,False,True,False,False,False,False,True,False
428.25,0.244,1,0,0.24995735361917937,0,3,0,0,False,True,False,False,False,True,False,False,False,False,False,True,True,False,False,False
4827.49,0.149,1,0,0.24995735361917937,0,3,0,0,False,True,False,False,False,False,False,True,False,False,True,False,True,False,False,False
3302.0,0.296,1,0,0.24995735361917937,1,4,0,0,False,False,True,False,False,True,False,False,False,True,False,False,False,False,True,False
381.85,0.613,0,6,0.267,0,4,0,1,False,False,False,False,True,False,True,False,False,False,False,True,False,False,True,False
2605.42,0.75,0,1,0.398,1,5,0,1,False,False,True,False,False,False,True,False,False,False,True,False,False,True,False,False
2303.07,0.42,0,1,0.135,0,6,0,1,False,True,False,False,False,False,False,True,False,False,True,False,True,False,False,False
713.08,0.168,0,1,0.304,0,7,0,1,False,False,False,False,True,True,False,False,False,True,False,False,False,False,True,False
6197.22,0.47,1,0,0.24995735361917937,1,2,0,0,False,False,True,False,False,False,False,True,False,False,True,False,False,False,False,True
295.07,0.044,1,0,0.24995735361917937,1,1,0,0,False,False,True,False,False,False,False,False,True,True,False,False,False,True,False,False
1648.49,0.391,0,1,0.232,0,7,0,1,False,True,False,False,False,False,True,False,False,False,True,False,False,True,False,False
3750.17,0.541,0,4,0.069,0,2,0,1,False,False,False,False,True,True,False,False,False,True,False,False,False,True,False,False
3666.4,0.54,0,1,0.62,1,2,1,1,False,False,True,False,False,False,True,False,False,False,True,False,False,True,False,False
2674.8,0.153,0,1,0.197,1,8,0,1,False,False,True,False,False,True,False,False,False,True,False,False,False,True,False,False
878.95,0.345,1,0,0.24995735361917937,0,4,0,0,True,False,False,False,False,True,False,False,False,True,False,False,True,False,False,False
929.4,0.141,0,1,0.293,0,4,0,1,True,False,False,False,False,True,False,False,False,True,False,False,False,True,False,False
304.62,0.118,0,1,0.413,0,3,0,1,False,False,False,False,True,False,True,False,False,True,False,False,False,True,False,False
774.42,0.391,1,0,0.24995735361917937,1,5,1,0,False,False,True,False,False,False,False,True,False,False,False,True,True,False,False,False
6036.98,0.368,1,0,0.24995735361917937,0,3,0,0,False,False,False,False,True,False,True,False,False,True,False,False,False,True,False,False
938.96,0.188,1,0,0.24995735361917937,1,5,1,0,False,False,True,False,False,False,False,True,False,False,False,True,False,True,False,False
1741.18,0.228,0,4,0.467,0,3,0,1,False,False,True,False,False,False,True,False,False,True,False,False,False,True,False,False
3477.63,0.121,0,1,0.335,0,2,0,1,False,False,False,True,False,True,False,False,False,True,False,False,False,True,False,False
1843.82,0.302,0,1,0.345,0,2,0,1,False,False,False,False,True,False,True,False,False,True,False,False,False,False,True,False
806.9,0.177,0,4,0.031,1,1,0,1,False,False,True,False,False,False,True,False,False,False,True,False,False,False,False,True
20000.0,0.347,0,4,0.2,1,2,0,1,False,False,True,False,False,False,True,False,False,False,False,True,True,False,False,False
1111.99,0.179,0,1,0.211,0,2,0,1,False,False,False,False,True,False,False,False,True,False,True,False,True,False,False,False
3198.68,0.102,0,2,0.26,0,5,0,1,False,True,False,False,False,True,False,False,False,True,False,False,False,False,False,True
2217.52,0.273,1,0,0.24995735361917937,0,1,0,0,False,True,False,False,False,False,True,False,False,False,True,False,False,False,False,True
264.22,0.13,0,2,0.432,1,4,1,1,False,False,True,False,False,False,False,True,False,True,False,False,False,False,False,True
752.8,0.244,0,1,0.294,0,8,0,1,False,False,False,False,True,False,False,True,False,False,True,False,False,False,False,True
414.39,0.22,0,1,0.141,0,5,0,1,False,True,False,False,False,True,False,False,False,False,True,False,False,False,True,False
673.91,0.368,0,7,0.251,0,2,0,1,True,False,False,False,False,False,False,True,False,True,False,False,False,True,False,False
2720.59,0.277,0,2,0.449,1,1,1,1,False,False,True,False,False,False,False,True,False,False,True,False,False,True,False,False
703.94,0.142,1,0,0.24995735361917937,0,2,1,0,False,False,True,False,False,False,False,True,False,False,True,False,False,False,False,True
1248.44,0.137,1,0,0.24995735361917937,0,6,0,0,True,False,False,False,False,True,False,False,False,False,False,True,False,False,False,True
337.51,0.224,0,1,0.057,1,6,0,1,False,False,True,False,False,False,True,False,False,True,False,False,False,False,True,False
2287.83,0.094,0,3,0.095,1,2,0,1,True,False,False,False,False,True,False,False,False,True,False,False,False,True,False,False
1208.0,0.296,0,5,0.0,0,5,0,1,False,False,False,False,True,True,False,False,False,True,False,False,False,False,True,False
250.0,0.33,0,1,0.247,0,3,0,1,False,False,False,False,True,False,False,True,False,True,False,False,True,False,False,False
943.21,0.414,0,2,0.139,0,5,0,1,False,False,False,False,True,True,False,False,False,True,False,False,True,False,False,False
817.53,0.163,0,2,0.045,0,7,0,1,False,True,False,False,False,False,True,False,False,True,False,False,False,True,False,False
1096.37,0.101,0,2,0.093,0,4,1,1,False,False,False,False,True,True,False,False,False,True,False,False,False,False,True,False
862.25,0.515,1,0,0.24995735361917937,1,4,1,0,False,False,True,False,False,True,False,False,False,True,False,False,True,False,False,False
3050.33,0.113,0,5,0.232,1,4,0,1,False,False,True,False,False,False,False,True,False,True,False,False,False,False,True,False
4658.05,0.25,0,3,0.046,0,4,0,1,True,False,False,False,False,True,False,False,False,True,False,False,False,False,False,True
250.0,0.335,0,1,0.167,0,4,1,1,True,False,False,False,False,False,False,True,False,True,False,False,False,False,True,False
259.44,0.232,0,5,0.13,0,3,0,1,False,True,False,False,False,False,False,True,False,True,False,False,False,False,True,False
4190.03,0.372,0,1,0.172,0,3,0,1,True,False,False,False,False,False,True,False,False,True,False,False,True,False,False,False
812.43,0.322,0,1,0.26,1,2,0,1,False,False,True,False,False,False,True,False,False,True,False,False,True,False,False,False
1087.23,0.151,1,0,0.24995735361917937,0,5,1,0,False,False,False,False,True,True,False,False,False,False,False,True,False,True,False,False
742.62,0.274,0,2,0.221,0,3,1,1,False,True,False,False,False,False,True,False,False,True,False,False,False,True,False,False
325.99,0.338,0,5,0.202,0,7,0,1,True,False,False,False,False,True,False,False,False,False,False,True,False,True,False,False
2179.01,0.191,1,0,0.24995735361917937,1,1,0,0,True,False,False,False,False,False,False,True,False,True,False,False,False,False,False,True
661.28,0.535,0,1,0.365,0,3,0,1,False,False,False,False,True,False,True,False,False,False,False,True,True,False,False,False
250.0,0.199,0,3,0.058,1,2,0,1,True,False,False,False,False,True,False,False,False,True,False,False,False,False,True,False
997.28,0.343,0,4,0.334,0,4,0,1,False,True,False,False,False,True,False,False,False,True,False,False,True,False,False,False
2160.02,0.239,1,0,0.24995735361917937,0,6,0,0,False,False,False,False,True,True,False,False,False,True,False,False,False,True,False,False
1078.28,0.369,1,0,0.24995735361917937,0,5,0,0,False,True,False,False,False,True,False,False,False,True,False,False,False,True,False,False
250.0,0.226,0,4,0.077,0,2,0,1,False,True,False,False,False,False,True,False,False,True,False,False,False,False,True,False
629.12,0.227,0,3,0.577,0,3,0,1,True,False,False,False,False,False,False,True,False,False,True,False,False,False,True,False
1139.58,0.477,0,2,0.475,1,6,0,1,False,False,True,False,False,False,False,True,False,True,False,False,False,True,False,False
450.33,0.117,0,5,0.085,0,5,0,1,False,False,False,False,True,False,True,False,False,True,False,False,True,False,False,False
1429.18,0.192,1,0,0.24995735361917937,1,3,0,0,False,False,True,False,False,False,False,False,True,False,False,True,False,True,False,False
535.4,0.145,0,1,0.315,0,3,1,1,False,False,False,False,True,True,False,False,False,True,False,False,False,False,True,False
414.38,0.477,0,7,0.239,0,1,0,1,False,True,False,False,False,False,True,False,False,True,False,False,False,False,True,False
1269.95,0.145,0,1,0.514,0,3,0,1,False,True,False,False,False,True,False,False,False,True,False,False,False,False,True,False
382.63,0.118,0,1,0.223,1,3,1,1,False,False,True,False,False,False,True,False,False,True,False,False,True,False,False,False
1919.63,0.091,1,0,0.24995735361917937,1,7,1,0,False,False,True,False,False,True,False,False,False,False,False,True,False,True,False,False
361.56,0.306,1,0,0.24995735361917937,0,4,0,0,False,True,False,False,False,False,True,False,False,False,False,True,False,True,False,False
19074.89,0.288,1,0,0.24995735361917937,0,5,0,0,False,True,False,False,False,False,True,False,False,False,True,False,True,False,False,False
927.11,0.115,0,1,0.0,0,4,0,1,False,True,False,False,False,True,False,False,False,False,True,False,False,False,True,False
2976.81,0.165,0,3,0.428,0,5,0,1,False,False,False,False,True,True,False,False,False,False,False,True,True,False,False,False
11705.11,0.448,1,0,0.24995735361917937,0,4,0,0,False,False,False,True,False,True,False,False,False,False,True,False,False,False,False,True
663.51,0.267,1,0,0.24995735361917937,1,3,1,0,False,False,True,False,False,False,True,False,False,True,False,False,True,False,False,False
2075.37,0.233,0,6,0.24,1,6,0,1,False,False,True,False,False,False,True,False,False,False,True,False,False,False,False,True
7032.72,0.297,1,0,0.24995735361917937,1,1,1,0,False,False,True,False,False,True,False,False,False,True,False,False,False,True,False,False
250.0,0.132,0,1,0.127,1,1,0,1,False,False,True,False,False,False,True,False,False,False,True,False,True,False,False,False
250.0,0.399,1,0,0.24995735361917937,0,4,0,0,False,False,False,True,False,True,False,False,False,False,True,False,True,False,False,False
595.23,0.055,0,3,0.031,0,5,0,1,False,False,False,False,True,False,False,True,False,False,True,False,False,True,False,False
250.0,0.241,1,0,0.24995735361917937,1,1,1,0,False,False,True,False,False,True,False,False,False,False,True,False,False,True,False,False
2519.96,0.404,1,0,0.24995735361917937,1,5,0,0,False,False,True,False,False,False,True,False,False,False,False,True,False,True,False,False
504.14,0.594,0,2,0.255,0,5,1,1,False,True,False,False,False,False,False,True,False,True,False,False,False,True,False,False
250.0,0.333,0,5,0.203,0,5,0,1,False,False,False,True,False,True,False,False,False,False,False,True,False,True,False,False
351.2,0.506,1,0,0.24995735361917937,0,2,1,0,False,True,False,False,False,True,False,False,False,True,False,False,False,True,False,False
1895.94,0.073,0,2,0.343,0,3,0,1,False,True,False,False,False,True,False,False,False,True,False,False,False,False,True,False
621.17,0.413,0,8,0.468,0,4,0,1,False,False,False,True,False,True,False,False,False,False,True,False,False,False,False,True
1601.02,0.132,0,3,0.269,0,1,0,1,False,True,False,False,False,False,False,True,False,True,False,False,False,True,False,False
2288.34,0.275,0,1,0.459,1,6,0,1,False,False,True,False,False,False,True,False,False,True,False,False,False,True,False,False
2361.69,0.441,1,0,0.24995735361917937,0,1,0,0,False,False,False,True,False,True,False,False,False,False,True,False,True,False,False,False
1203.76,0.406,1,0,0.24995735361917937,0,1,0,0,False,True,False,False,False,False,True,False,False,True,False,False,False,True,False,False
565.71,0.584,0,6,0.066,0,1,0,1,True,False,False,False,False,False,False,True,False,False,True,False,False,False,False,True
1157.87,0.579,0,2,0.177,0,6,0,1,False,False,True,False,False,False,True,False,False,False,False,True,False,True,False,False
824.69,0.095,1,0,0.24995735361917937,0,4,1,0,True,False,False,False,False,True,False,False,False,False,True,False,True,False,False,False
1221.1,0.404,0,1,0.041,0,1,0,1,False,False,False,False,True,False,False,False,True,True,False,False,False,True,False,False
809.52,0.508,0,4,0.513,0,6,0,1,False,True,False,False,False,False,False,True,False,True,False,False,False,True,False,False
4099.02,0.249,0,2,0.3,1,6,0,1,False,False,True,False,False,False,True,False,False,False,False,True,False,True,False,False
4114.62,0.088,0,1,0.279,0,5,0,1,False,False,False,True,False,True,False,False,False,False,True,False,False,True,False,False
4436.35,0.416,1,0,0.24995735361917937,1,3,1,0,False,False,True,False,False,True,False,False,False,True,False,False,False,False,False,True
4227.21,0.111,0,4,0.381,1,3,1,1,False,False,True,False,False,True,False,False,False,True,False,False,True,False,False,False
1962.13,0.178,0,1,0.242,0,5,0,1,False,False,False,False,True,True,False,False,False,False,True,False,True,False,False,False
2868.84,0.338,0,2,0.347,0,5,0,1,False,False,False,False,True,False,True,False,False,False,True,False,True,False,False,False
881.89,0.444,1,0,0.24995735361917937,0,2,0,0,False,True,False,False,False,True,False,False,False,True,False,False,True,False,False,False
934.25,0.128,1,0,0.24995735361917937,1,2,1,0,False,False,True,False,False,False,False,True,False,False,True,False,False,True,False,False
878.36,0.29,0,3,0.071,0,1,0,1,False,False,False,False,True,True,False,False,False,True,False,False,False,True,False,False
684.78,0.482,0,3,0.563,0,4,1,1,False,False,True,False,False,False,True,False,False,False,True,False,False,False,True,False
1041.96,0.174,0,1,0.201,0,2,0,1,True,False,False,False,False,False,False,True,False,True,False,False,False,False,False,True
843.49,0.441,1,0,0.24995735361917937,0,7,0,0,False,False,False,False,True,False,True,False,False,False,False,True,False,True,False,False
4912.36,0.397,0,2,0.187,0,6,1,1,True,False,False,False,False,False,False,True,False,True,False,False,True,False,False,False
614.35,0.183,1,0,0.24995735361917937,1,4,1,0,False,False,True,False,False,False,True,False,False,False,True,False,True,False,False,False
408.33,0.507,0,5,0.135,0,4,1,1,False,True,False,False,False,False,False,True,False,False,True,False,False,False,True,False
3404.09,0.29,0,7,0.026,1,3,0,1,False,False,True,False,False,False,False,False,True,False,True,False,True,False,False,False
532.51,0.454,0,2,0.362,1,1,0,1,False,False,True,False,False,False,False,True,False,False,True,False,True,False,False,False
1211.07,0.325,0,3,0.204,0,5,0,1,False,True,False,False,False,True,False,False,False,False,False,True,False,False,True,False
307.39,0.278,0,5,0.271,1,2,1,1,True,False,False,False,False,True,False,False,False,False,True,False,False,True,False,False
1376.74,0.328,0,1,0.328,0,5,0,1,True,False,False,False,False,False,True,False,False,True,False,False,False,True,False,False
971.92,0.063,0,1,0.417,0,3,0,1,False,True,False,False,False,False,True,False,False,False,True,False,False,True,False,False
2086.01,0.3,0,3,0.248,0,4,1,1,False,False,False,False,True,False,True,False,False,True,False,False,False,True,False,False
5491.57,0.159,1,0,0.24995735361917937,0,7,0,0,False,False,True,False,False,True,False,False,False,False,False,True,False,False,False,True
2020.61,0.369,0,2,0.109,1,1,0,1,False,False,True,False,False,True,False,False,False,False,True,False,False,False,True,False
1269.95,0.124,0,6,0.08,1,5,1,1,False,False,True,False,False,False,True,False,False,False,False,True,False,True,False,False
811.42,0.315,0,1,0.237,0,3,0,1,False,True,False,False,False,False,True,False,False,False,True,False,False,True,False,False
250.0,0.472,0,5,0.152,0,4,0,1,False,False,False,True,False,False,True,False,False,True,False,False,True,False,False,False
1281.7,0.076,0,1,0.291,1,2,0,1,False,False,True,False,False,False,False,True,False,True,False,False,False,False,True,False
1638.87,0.303,0,6,0.234,1,1,0,1,False,False,True,False,False,False,False,False,True,True,False,False,False,False,True,False
2680.54,0.315,0,6,0.373,1,1,0,1,True,False,False,False,False,True,False,False,False,False,True,False,True,False,False,False
2067.88,0.379,0,3,0.719,0,5,1,1,False,False,True,False,False,False,True,False,False,True,False,False,False,True,False,False
1114.05,0.075,1,0,0.24995735361917937,0,4,0,0,True,False,False,False,False,True,False,False,False,False,True,False,False,False,True,False
280.91,0.598,0,2,0.422,1,5,1,1,False,False,True,False,False,True,False,False,False,False,False,True,True,False,False,False
3282.85,0.327,1,0,0.24995735361917937,1,1,1,0,False,False,True,False,False,False,True,False,False,True,False,False,False,False,True,False
4462.46,0.19,1,0,0.24995735361917937,0,3,1,0,False,True,False,False,False,True,False,False,False,True,False,False,True,False,False,False
250.0,0.365,0,2,0.182,0,2,1,1,True,False,False,False,False,False,True,False,False,True,False,False,True,False,False,False
1077.85,0.322,0,4,0.133,0,4,0,1,False,False,False,False,True,False,False,True,False,False,True,False,True,False,False,False
6219.63,0.437,0,3,0.135,0,4,0,1,False,True,False,False,False,True,False,False,False,False,False,True,False,False,True,False
1561.75,0.232,1,0,0.24995735361917937,0,1,1,0,False,False,True,False,False,False,True,False,False,False,True,False,False,False,False,True
2228.36,0.082,0,2,0.308,0,2,1,1,True,False,False,False,False,False,True,False,False,False,True,False,False,False,True,False
836.48,0.612,1,0,0.24995735361917937,0,3,1,0,False,True,False,False,False,False,True,False,False,False,True,False,False,True,False,False
1801.11,0.167,0,1,0.124,0,4,0,1,False,False,False,True,False,False,True,False,False,True,False,False,True,False,False,False
14628.13,0.144,0,1,0.191,0,2,0,1,False,True,False,False,False,False,True,False,False,False,True,False,False,True,False,False
322.82,0.141,1,0,0.24995735361917937,0,4,0,0,True,False,False,False,False,False,False,True,False,False,True,False,True,False,False,False
1029.25,0.204,0,2,0.221,0,4,0,1,False,False,False,True,False,False,True,False,False,True,False,False,False,False,True,False
1613.47,0.212,0,5,0.119,0,7,0,1,True,False,False,False,False,False,True,False,False,False,False,True,False,False,True,False
1845.14,0.38,1,0,0.24995735361917937,0,3,0,0,False,True,False,False,False,True,False,False,False,True,False,False,False,True,False,False
1017.21,0.354,0,3,0.052,1,1,0,1,False,False,True,False,False,True,False,False,False,True,False,False,False,False,True,False
825.73,0.525,1,0,0.24995735361917937,1,3,1,0,False,False,True,False,False,False,True,False,False,False,False,True,False,True,False,False
332.03,0.331,0,6,0.237,0,3,0,1,False,True,False,False,False,True,False,False,False,False,True,False,True,False,False,False
1011.7,0.205,0,4,0.069,1,3,1,1,False,False,True,False,False,True,False,False,False,False,True,False,True,False,False,False
641.45,0.273,0,1,0.285,0,4,0,1,False,False,False,False,True,False,True,False,False,True,False,False,False,False,True,False
1536.32,0.269,0,5,0.252,0,3,0,1,False,True,False,False,False,False,False,True,False,False,True,False,False,False,True,False
1709.11,0.302,1,0,0.24995735361917937,0,2,0,0,False,True,False,False,False,False,True,False,False,False,True,False,False,False,False,True
424.73,0.118,0,2,0.036,0,3,0,1,False,False,False,False,True,False,False,True,False,False,True,False,False,False,False,True
3328.09,0.133,0,2,0.507,0,5,0,1,True,False,False,False,False,False,True,False,False,False,True,False,True,False,False,False
687.32,0.078,1,0,0.24995735361917937,0,6,0,0,False,False,True,False,False,True,False,False,False,True,False,False,False,False,False,True
1217.92,0.559,1,0,0.24995735361917937,0,6,1,0,False,False,True,False,False,True,False,False,False,False,True,False,False,True,False,False
2389.98,0.074,0,2,0.257,0,1,0,1,False,False,False,False,True,False,False,True,False,True,False,False,True,False,False,False
4168.95,0.173,0,1,0.133,0,2,0,1,False,False,False,False,True,True,False,False,False,True,False,False,True,False,False,False
352.56,0.069,0,8,0.131,0,6,1,1,False,False,False,False,True,False,True,False,False,False,False,True,False,True,False,False
5192.11,0.193,0,3,0.03,1,9,0,1,False,False,True,False,False,True,False,False,False,False,False,True,False,True,False,False
1497.33,0.127,0,4,0.663,1,6,0,1,True,False,False,False,False,False,True,False,False,True,False,False,False,True,False,False
476.74,0.708,0,2,0.444,0,3,0,1,True,False,False,False,False,True,False,False,False,True,False,False,True,False,False,False
779.82,0.265,0,1,0.04,1,2,0,1,False,False,True,False,False,False,True,False,False,False,True,False,False,True,False,False
1208.54,0.188,1,0,0.24995735361917937,0,3,0,0,False,False,True,False,False,True,False,False,False,False,False,True,True,False,False,False
5118.91,0.374,1,0,0.24995735361917937,1,1,1,0,False,False,True,False,False,False,False,True,False,False,True,False,False,False,True,False
1322.41,0.361,0,3,0.299,0,3,0,1,False,True,False,False,False,False,False,True,False,True,False,False,False,False,True,False
1071.18,0.121,0,1,0.069,0,6,0,1,False,False,False,False,True,False,False,True,False,True,False,False,False,False,True,False
20000.0,0.124,0,2,0.271,0,2,0,1,False,True,False,False,False,False,True,False,False,False,True,False,True,False,False,False
702.22,0.468,0,7,0.074,1,1,0,1,False,False,True,False,False,False,True,False,False,False,True,False,False,True,False,False
545.78,0.111,1,0,0.24995735361917937,1,8,1,0,False,False,True,False,False,True,False,False,False,False,False,True,False,False,False,True
250.0,0.239,1,0,0.24995735361917937,1,4,1,0,False,False,True,False,False,True,False,False,False,False,True,False,False,True,False,False
3669.14,0.364,0,3,0.201,1,1,1,1,False,False,True,False,False,True,False,False,False,False,True,False,False,False,False,True
3122.48,0.09,0,2,0.222,1,5,0,1,False,False,True,False,False,False,False,False,True,False,True,False,False,True,False,False
250.0,0.207,1,0,0.24995735361917937,0,1,0,0,True,False,False,False,False,False,True,False,False,True,False,False,False,False,False,True
331.16,0.598,0,9,0.555,0,1,1,1,False,True,False,False,False,True,False,False,False,False,True,False,True,False,False,False
3099.54,0.062,0,4,0.093,1,2,0,1,False,False,True,False,False,True,False,False,False,False,True,False,False,True,False,False
250.0,0.38,0,1,0.278,0,1,0,1,False,True,False,False,False,False,True,False,False,False,True,False,True,False,False,False
5781.97,0.353,0,1,0.094,0,4,0,1,False,False,False,False,True,False,False,True,False,False,True,False,False,True,False,False
9659.51,0.49,0,8,0.07,0,5,1,1,False,False,False,False,True,False,True,False,False,False,False,True,True,False,False,False
4238.79,0.403,0,3,0.254,0,4,0,1,False,False,False,False,True,False,True,False,False,False,False,True,False,False,False,True
535.45,0.542,1,0,0.24995735361917937,0,6,1,0,False,False,False,False,True,True,False,False,False,False,False,True,False,True,False,False
1587.55,0.179,0,4,0.321,1,2,0,1,False,False,True,False,False,True,False,False,False,True,False,False,True,False,False,False
784.78,0.176,0,2,0.134,1,1,0,1,False,False,True,False,False,False,True,False,False,True,False,False,False,True,False,False
2031.71,0.038,0,6,0.21,0,3,0,1,False,False,True,False,False,False,False,True,False,False,True,False,False,False,True,False
11127.25,0.308,0,3,0.374,1,4,0,1,False,False,True,False,False,False,False,True,False,True,False,False,True,False,False,False
1353.27,0.214,0,2,0.104,1,1,0,1,False,False,True,False,False,False,True,False,False,True,False,False,False,False,False,True
740.75,0.063,0,4,0.215,1,1,0,1,False,False,True,False,False,False,True,False,False,True,False,False,False,False,True,False
7081.27,0.335,1,0,0.24995735361917937,1,1,0,0,False,False,True,False,False,True,False,False,False,True,False,False,False,False,False,True
3672.85,0.073,0,8,0.027,0,6,0,1,False,False,False,False,True,True,False,False,False,True,False,False,True,False,False,False
960.52,0.538,0,4,0.231,0,2,0,1,False,False,False,True,False,False,True,False,False,True,False,False,True,False,False,False
6208.15,0.099,0,4,0.089,1,10,1,1,False,False,True,False,False,False,True,False,False,False,False,True,False,False,True,False
4840.23,0.407,0,10,0.501,1,3,1,1,True,False,False,False,False,False,True,False,False,False,False,True,False,True,False,False
5406.28,0.362,0,3,0.3,0,5,0,1,False,True,False,False,False,True,False,False,False,False,True,False,False,True,False,False
3334.13,0.318,0,2,0.158,1,4,0,1,False,False,True,False,False,False,True,False,False,False,False,True,False,False,False,True
250.0,0.295,0,3,0.195,1,6,0,1,False,False,True,False,False,False,True,False,False,False,True,False,False,True,False,False
3572.45,0.161,0,4,0.201,0,6,0,1,True,False,False,False,False,True,False,False,False,False,False,True,True,False,False,False
3341.64,0.153,1,0,0.24995735361917937,0,4,0,0,False,False,False,True,False,True,False,False,False,False,True,False,False,True,False,False
430.12,0.571,1,0,0.24995735361917937,1,5,1,0,True,False,False,False,False,True,False,False,False,False,False,True,False,False,True,False
750.05,0.313,0,1,0.055,0,2,0,1,True,False,False,False,False,True,False,False,False,False,True,False,False,True,False,False
405.96,0.472,0,2,0.308,1,2,0,1,False,False,True,False,False,False,True,False,False,False,True,False,False,False,True,False
1639.83,0.074,1,0,0.24995735361917937,0,4,0,0,False,True,False,False,False,False,False,True,False,False,False,True,False,True,False,False
961.94,0.215,0,3,0.056,0,3,0,1,True,False,False,False,False,False,True,False,False,True,False,False,False,False,True,False
1267.2,0.199,0,2,0.031,1,4,0,1,False,False,True,False,False,False,True,False,False,True,False,False,False,False,True,False
886.11,0.172,1,0,0.24995735361917937,0,8,1,0,False,True,False,False,False,True,False,False,False,False,False,True,True,False,False,False
2058.81,0.429,0,2,0.096,1,1,0,1,True,False,False,False,False,False,False,True,False,False,True,False,False,True,False,False
5696.25,0.161,0,3,0.383,0,5,0,1,False,True,False,False,False,False,False,True,False,True,False,False,False,True,False,False
1338.24,0.039,0,6,0.313,0,1,0,1,False,True,False,False,False,False,False,True,False,False,True,False,True,False,False,False
1381.82,0.361,1,0,0.24995735361917937,0,2,0,0,False,False,False,True,False,True,False,False,False,False,False,True,False,True,False,False
2914.35,0.283,0,1,0.132,0,4,0,1,False,True,False,False,False,True,False,False,False,False,True,False,False,True,False,False
561.38,0.455,1,0,0.24995735361917937,1,2,0,0,False,False,True,False,False,False,True,False,False,False,True,False,True,False,False,False
1454.08,0.434,1,0,0.24995735361917937,0,2,1,0,False,True,False,False,False,True,False,False,False,False,True,False,False,True,False,False
256.21,0.392,0,6,0.244,1,1,0,1,False,False,True,False,False,True,False,False,False,True,False,False,False,True,False,False
1853.23,0.286,1,0,0.24995735361917937,0,2,0,0,False,False,False,True,False,False,False,True,False,True,False,False,True,False,False,False
917.15,0.228,0,7,0.28,1,2,0,1,False,False,True,False,False,False,False,False,True,True,False,False,False,True,False,False
258.06,0.174,1,0,0.24995735361917937,1,1,0,0,False,False,True,False,False,False,False,True,False,False,True,False,False,True,False,False
553.92,0.027,0,4,0.584,0,3,0,1,False,False,False,False,True,True,False,False,False,True,False,False,False,False,False,True
6889.95,0.519,1,0,0.24995735361917937,0,2,1,0,False,False,True,False,False,False,True,False,False,False,True,False,True,False,False,False
3194.7,0.211,0,4,0.016,1,3,0,1,False,False,True,False,False,False,False,True,False,True,False,False,True,False,False,False
493.98,0.5,0,4,0.135,0,5,0,1,False,True,False,False,False,True,False,False,False,False,True,False,False,False,False,True
709.49,0.393,1,0,0.24995735361917937,1,7,1,0,False,False,True,False,False,False,True,False,False,False,False,True,True,False,False,False
902.17,0.164,0,1,0.121,0,2,0,1,False,False,False,True,False,False,True,False,False,True,False,False,False,False,False,True
1765.8,0.239,0,1,0.334,0,3,1,1,False,False,False,False,True,True,False,False,False,False,False,True,False,True,False,False
967.1,0.264,0,5,0.464,1,5,1,1,False,False,True,False,False,True,False,False,False,False,False,True,False,True,False,False
14360.61,0.141,0,1,0.209,1,2,0,1,False,False,True,False,False,False,True,False,False,True,False,False,False,False,True,False
2009.96,0.046,1,0,0.24995735361917937,0,2,0,0,True,False,False,False,False,False,True,False,False,False,False,True,False,True,False,False
461.28,0.387,1,0,0.24995735361917937,1,2,0,0,False,False,True,False,False,False,True,False,False,True,False,False,False,False,False,True
990.87,0.313,0,1,0.0,1,2,0,1,False,False,True,False,False,False,True,False,False,True,False,False,False,True,False,False
1073.55,0.37,1,0,0.24995735361917937,0,6,1,0,False,True,False,False,False,False,False,True,False,True,False,False,False,True,False,False
498.4,0.357,0,2,0.182,0,7,0,1,False,False,False,True,False,False,True,False,False,False,True,False,False,False,True,False
2586.44,0.198,0,4,0.187,0,5,0,1,False,False,False,False,True,True,False,False,False,True,False,False,False,False,False,True
659.83,0.243,1,0,0.24995735361917937,0,1,1,0,False,False,False,False,True,False,False,True,False,False,True,False,False,True,False,False
844.2,0.139,0,1,0.792,1,5,1,1,True,False,False,False,False,True,False,False,False,True,False,False,False,False,True,False
1867.51,0.321,0,4,0.61,1,5,1,1,False,False,True,False,False,True,False,False,False,False,False,True,False,True,False,False
5325.22,0.152,0,2,0.494,1,1,0,1,False,False,True,False,False,True,False,False,False,True,False,False,False,True,False,False
1731.51,0.521,1,0,0.24995735361917937,0,1,0,0,False,False,False,False,True,False,True,False,False,False,True,False,False,True,False,False
876.06,0.233,0,3,0.207,0,3,0,1,False,False,False,False,True,False,True,False,False,False,True,False,True,False,False,False
5014.17,0.323,1,0,0.24995735361917937,0,3,0,0,False,False,False,True,False,False,True,False,False,True,False,False,False,True,False,False
280.86,0.416,0,7,0.293,0,9,0,1,True,False,False,False,False,False,False,True,False,False,False,True,False,False,True,False
1471.01,0.073,0,1,0.0,0,3,0,1,False,True,False,False,False,False,True,False,False,False,True,False,True,False,False,False
439.75,0.087,0,4,0.0,1,4,0,1,False,False,True,False,False,False,False,True,False,False,False,True,False,True,False,False
567.35,0.312,0,1,0.313,0,3,0,1,False,True,False,False,False,True,False,False,False,False,False,True,False,True,False,False
1681.51,0.246,0,1,0.09,0,3,0,1,True,False,False,False,False,False,True,False,False,True,False,False,False,False,False,True
6939.01,0.36,0,3,0.163,1,4,0,1,False,False,True,False,False,False,True,False,False,False,False,True,False,True,False,False
2128.73,0.411,0,1,0.475,0,4,0,1,False,False,True,False,False,False,True,False,False,False,True,False,True,False,False,False
1040.34,0.053,0,1,0.026,0,3,0,1,False,True,False,False,False,False,True,False,False,False,True,False,True,False,False,False
304.97,0.49,0,4,0.328,0,2,0,1,True,False,False,False,False,True,False,False,False,False,False,True,False,False,False,True
2496.52,0.43,0,1,0.399,0,6,0,1,False,False,False,False,True,True,False,False,False,True,False,False,False,False,True,False
7946.95,0.122,1,0,0.24995735361917937,0,6,0,0,False,False,False,False,True,False,False,True,False,False,False,True,False,False,False,True
250.0,0.227,1,0,0.24995735361917937,1,4,0,0,True,False,False,False,False,False,False,False,True,False,True,False,True,False,False,False
372.51,0.257,0,5,0.625,0,1,0,1,True,False,False,False,False,False,False,True,False,False,True,False,False,False,False,True
4824.43,0.614,0,2,0.418,1,7,0,1,False,False,True,False,False,False,False,True,False,False,True,False,False,True,False,False
250.0,0.178,0,3,0.363,1,2,1,1,False,False,True,False,False,True,False,False,False,False,True,False,False,False,True,False
250.0,0.207,0,2,0.103,1,5,0,1,False,False,True,False,False,False,False,False,True,False,True,False,True,False,False,False
4906.75,0.111,0,8,0.067,0,1,0,1,False,False,True,False,False,True,False,False,False,True,False,False,False,False,True,False
2291.42,0.671,0,1,0.298,0,3,0,1,False,False,False,False,True,False,True,False,False,False,True,False,False,True,False,False
340.8,0.027,0,1,0.115,0,9,0,1,False,True,False,False,False,False,False,True,False,True,False,False,True,False,False,False
1679.57,0.219,0,2,0.336,0,1,0,1,False,False,False,False,True,False,True,False,False,True,False,False,False,True,False,False
250.0,0.511,0,2,0.0,1,2,1,1,False,False,True,False,False,False,True,False,False,True,False,False,False,True,False,False
2559.78,0.326,0,4,0.251,0,2,1,1,False,False,False,False,True,False,True,False,False,False,False,True,True,False,False,False
3445.47,0.333,0,1,0.376,0,4,0,1,False,False,True,False,False,False,False,False,True,False,True,False,True,False,False,False
784.61,0.022,0,1,0.197,1,2,0,1,False,False,True,False,False,True,False,False,False,False,False,True,True,False,False,False
250.0,0.326,0,9,0.018,0,1,0,1,False,False,False,False,True,True,False,False,False,True,False,False,False,True,False,False
250.0,0.39,1,0,0.24995735361917937,1,8,1,0,False,False,True,False,False,False,True,False,False,False,False,True,False,True,False,False
2724.07,0.529,0,3,0.334,1,4,0,1,False,False,True,False,False,False,False,False,True,False,False,True,True,False,False,False
712.22,0.267,0,8,0.287,1,3,1,1,False,False,True,False,False,True,False,False,False,True,False,False,False,False,True,False
1997.03,0.14,0,3,0.0,0,4,0,1,False,False,False,False,True,False,False,True,False,True,False,False,False,False,True,False
1432.32,0.381,0,10,0.0,1,2,0,1,False,False,True,False,False,True,False,False,False,True,False,False,True,False,False,False
1143.07,0.044,0,2,0.418,1,1,0,1,False,False,True,False,False,False,True,False,False,False,True,False,False,False,False,True
354.18,0.12,0,3,0.229,0,3,1,1,False,True,False,False,False,False,False,True,False,True,False,False,False,True,False,False
594.02,0.406,1,0,0.24995735361917937,0,6,0,0,True,False,False,False,False,False,True,False,False,True,False,False,False,True,False,False
1767.33,0.281,0,1,0.176,0,3,0,1,False,False,False,False,True,True,False,False,False,True,False,False,False,True,False,False
804.47,0.184,1,0,0.24995735361917937,0,4,0,0,True,False,False,False,False,False,True,False,False,False,True,False,False,False,True,False
1634.51,0.289,0,1,0.176,1,8,0,1,True,False,False,False,False,True,False,False,False,True,False,False,False,True,False,False
836.32,0.277,0,7,0.305,1,5,1,1,False,False,True,False,False,True,False,False,False,False,False,True,True,False,False,False
5805.21,0.267,0,5,0.182,0,4,0,1,True,False,False,False,False,False,False,False,True,True,False,False,True,False,False,False
946.32,0.1,1,0,0.24995735361917937,1,3,0,0,False,False,True,False,False,False,False,False,True,True,False,False,False,False,True,False
761.59,0.14,0,3,0.368,1,4,0,1,False,False,True,False,False,True,False,False,False,False,True,False,False,True,False,False
1304.56,0.06,0,4,0.299,0,4,0,1,False,False,False,True,False,False,True,False,False,False,True,False,False,True,False,False
368.05,0.383,0,5,0.725,0,1,0,1,False,False,False,False,True,False,True,False,False,True,False,False,False,True,False,False
250.0,0.297,0,2,0.327,1,7,0,1,True,False,False,False,False,False,False,True,False,True,False,False,True,False,False,False
1776.99,0.194,0,1,0.151,0,1,0,1,False,False,False,True,False,False,True,False,False,False,True,False,False,False,False,True
250.0,0.328,0,11,0.092,1,6,1,1,False,False,True,False,False,True,False,False,False,False,False,True,True,False,False,False
691.27,0.541,1,0,0.24995735361917937,1,3,1,0,False,False,True,False,False,False,False,True,False,False,True,False,True,False,False,False
5215.89,0.213,0,7,0.165,0,5,0,1,False,False,False,False,True,False,True,False,False,False,False,True,False,False,False,True
3022.92,0.062,0,3,0.558,0,3,0,1,False,False,False,False,True,True,False,False,False,False,False,True,False,False,False,True
704.21,0.454,0,6,0.008,0,5,0,1,False,True,False,False,False,False,True,False,False,True,False,False,False,False,True,False
2271.3,0.106,0,1,0.279,0,3,0,1,False,False,False,True,False,True,False,False,False,True,False,False,False,False,False,True
2175.35,0.285,0,1,0.361,1,3,0,1,False,False,True,False,False,False,True,False,False,True,False,False,False,False,True,False
250.0,0.192,0,9,0.093,0,5,0,1,False,True,False,False,False,False,True,False,False,True,False,False,True,False,False,False
5415.98,0.221,1,0,0.24995735361917937,0,1,0,0,False,True,False,False,False,False,False,True,False,True,False,False,True,False,False,False
1132.52,0.12,0,7,0.327,1,5,0,1,False,False,True,False,False,False,True,False,False,True,False,False,False,False,True,False
5090.64,0.367,0,9,0.315,1,3,1,1,False,False,True,False,False,False,True,False,False,True,False,False,False,False,True,False
335.2,0.05,0,2,0.231,0,4,0,1,False,False,True,False,False,False,False,True,False,False,False,True,False,False,True,False
697.25,0.318,0,1,0.0,0,6,0,1,False,True,False,False,False,False,True,False,False,False,False,True,False,False,False,True
1533.35,0.16,0,3,0.465,0,2,0,1,True,False,False,False,False,False,True,False,False,False,True,False,False,False,False,True
1807.99,0.324,1,0,0.24995735361917937,0,4,0,0,False,False,False,False,True,False,False,True,False,True,False,False,True,False,False,False
2291.04,0.194,0,1,0.443,1,1,1,1,False,False,True,False,False,True,False,False,False,False,True,False,False,False,True,False
585.89,0.33,0,1,0.257,0,5,0,1,False,False,False,False,True,False,True,False,False,False,True,False,False,False,True,False
501.15,0.044,1,0,0.24995735361917937,0,3,1,0,True,False,False,False,False,False,True,False,False,False,True,False,True,False,False,False
615.25,0.473,0,2,0.409,1,2,1,1,False,False,True,False,False,True,False,False,False,True,False,False,True,False,False,False
4814.32,0.461,0,7,0.202,1,1,1,1,False,False,True,False,False,False,True,False,False,True,False,False,True,False,False,False
6291.07,0.446,1,0,0.24995735361917937,0,2,0,0,True,False,False,False,False,False,False,True,False,True,False,False,False,True,False,False
8842.52,0.216,1,0,0.24995735361917937,1,4,1,0,True,False,False,False,False,True,False,False,False,True,False,False,False,True,False,False
1983.09,0.448,0,6,0.152,0,5,0,1,False,False,False,True,False,False,True,False,False,True,False,False,False,False,True,False
1190.32,0.479,0,2,0.201,0,5,0,1,False,True,False,False,False,True,False,False,False,False,False,True,False,False,True,False
2339.27,0.199,0,3,0.325,1,8,0,1,True,False,False,False,False,False,True,False,False,False,True,False,False,True,False,False
1387.51,0.562,0,1,0.179,0,2,1,1,True,False,False,False,False,True,False,False,False,False,True,False,False,True,False,False
3569.47,0.324,0,3,0.252,1,6,0,1,False,False,True,False,False,False,True,False,False,False,False,True,False,False,False,True
2086.39,0.247,0,5,0.336,0,3,0,1,True,False,False,False,False,False,True,False,False,True,False,False,False,True,False,False
489.8,0.281,1,0,0.24995735361917937,0,1,0,0,False,False,False,True,False,True,False,False,False,False,True,False,True,False,False,False
675.21,0.504,0,1,0.259,1,5,1,1,False,False,True,False,False,False,False,False,True,False,True,False,True,False,False,False
662.15,0.367,0,9,0.152,0,4,0,1,False,False,True,False,False,True,False,False,False,True,False,False,True,False,False,False
2037.58,0.171,0,1,0.335,0,7,0,1,False,False,False,True,False,False,True,False,False,False,False,True,False,True,False,False
3751.72,0.675,0,5,0.404,0,1,0,1,True,False,False,False,False,True,False,False,False,False,True,False,False,False,True,False
776.6,0.064,0,3,0.489,0,5,0,1,False,False,False,False,True,False,True,False,False,False,False,True,True,False,False,False
20000.0,0.75,0,1,0.114,1,3,0,1,False,False,True,False,False,True,False,False,False,True,False,False,False,False,True,False
393.25,0.072,1,0,0.24995735361917937,0,5,0,0,True,False,False,False,False,True,False,False,False,True,False,False,True,False,False,False
553.95,0.411,0,4,0.024,1,2,0,1,False,False,True,False,False,False,True,False,False,False,True,False,False,False,False,True
3062.21,0.109,0,1,0.114,0,2,0,1,True,False,False,False,False,False,True,False,False,True,False,False,False,True,False,False
3313.46,0.601,0,5,0.196,1,4,0,1,False,False,True,False,False,False,False,True,False,False,True,False,False,True,False,False
6419.41,0.75,0,2,0.443,0,7,0,1,False,False,False,True,False,False,False,False,True,False,True,False,False,False,False,True
3188.48,0.17,1,0,0.24995735361917937,0,4,0,0,True,False,False,False,False,False,True,False,False,False,True,False,False,True,False,False
359.03,0.296,0,5,0.477,0,6,0,1,False,False,False,True,False,True,False,False,False,False,True,False,True,False,False,False
293.64,0.03,0,2,0.228,1,4,0,1,False,False,True,False,False,False,True,False,False,True,False,False,False,True,False,False
919.36,0.17,0,4,0.216,1,5,0,1,False,False,True,False,False,False,True,False,False,False,False,True,True,False,False,False
1241.73,0.179,0,5,0.147,0,4,0,1,False,False,False,True,False,False,True,False,False,True,False,False,False,True,False,False
2510.73,0.046,0,8,0.219,0,8,0,1,False,False,False,False,True,True,False,False,False,False,True,False,False,False,True,False
1004.78,0.03,0,10,0.031,0,2,0,1,False,False,False,False,True,False,True,False,False,True,False,False,False,True,False,False
717.7,0.301,0,1,0.248,0,4,0,1,False,True,False,False,False,False,True,False,False,False,True,False,False,True,False,False
4354.01,0.195,0,3,0.144,1,5,0,1,False,False,True,False,False,False,True,False,False,False,False,True,False,True,False,False
3204.76,0.14,0,3,0.104,0,3,0,1,False,True,False,False,False,False,False,False,True,False,True,False,True,False,False,False
4226.74,0.064,0,5,0.228,1,7,0,1,False,False,True,False,False,False,False,False,True,True,False,False,True,False,False,False
998.22,0.295,1,0,0.24995735361917937,0,4,1,0,False,False,True,False,False,False,False,True,False,True,False,False,False,True,False,False
1263.25,0.536,1,0,0.24995735361917937,0,3,0,0,True,False,False,False,False,False,True,False,False,False,True,False,False,False,False,True
4406.31,0.306,0,2,0.169,0,2,0,1,False,True,False,False,False,False,True,False,False,True,False,False,False,False,False,True
1385.74,0.095,0,2,0.269,0,6,0,1,False,False,True,False,False,True,False,False,False,False,False,True,True,False,False,False
1110.12,0.279,1,0,0.24995735361917937,0,10,0,0,False,True,False,False,False,False,True,False,False,False,False,True,False,False,True,False
888.55,0.649,0,6,0.305,0,4,0,1,False,False,False,False,True,False,True,False,False,True,False,False,False,False,True,False
1480.85,0.136,0,2,0.26,0,5,0,1,False,False,True,False,False,False,False,False,True,False,False,True,True,False,False,False
672.51,0.522,0,1,0.446,0,8,0,1,False,False,False,False,True,True,False,False,False,False,False,True,False,True,False,False
4842.93,0.344,0,1,0.156,0,1,0,1,True,False,False,False,False,False,False,True,False,False,True,False,False,True,False,False
3829.27,0.256,0,7,0.209,1,5,1,1,False,False,True,False,False,False,True,False,False,True,False,False,True,False,False,False
437.7,0.224,0,4,0.127,0,3,0,1,True,False,False,False,False,False,True,False,False,True,False,False,False,True,False,False
1739.23,0.216,0,1,0.543,0,4,0,1,False,False,False,True,False,True,False,False,False,False,True,False,False,True,False,False
1931.92,0.296,0,5,0.171,1,4,0,1,False,False,True,False,False,False,True,False,False,True,False,False,True,False,False,False
2613.33,0.473,1,0,0.24995735361917937,1,3,0,0,False,False,True,False,False,False,True,False,False,False,True,False,False,True,False,False
480.06,0.078,0,4,0.389,1,1,1,1,True,False,False,False,False,True,False,False,False,True,False,False,True,False,False,False
306.46,0.292,0,3,0.404,0,3,0,1,False,True,False,False,False,True,False,False,False,True,False,False,True,False,False,False
1865.99,0.096,1,0,0.24995735361917937,0,2,0,0,False,False,False,False,True,False,True,False,False,False,True,False,False,False,True,False
5314.32,0.28,0,2,0.149,0,2,0,1,True,False,False,False,False,False,True,False,False,True,False,False,False,False,True,False
5009.49,0.188,0,5,0.254,1,5,0,1,False,False,True,False,False,False,True,False,False,False,False,True,False,False,False,True
1021.24,0.112,0,2,0.206,0,5,0,1,True,False,False,False,False,True,False,False,False,False,True,False,True,False,False,False
1128.51,0.312,1,0,0.24995735361917937,1,1,0,0,False,False,True,False,False,False,True,False,False,True,False,False,False,False,False,True
9143.39,0.177,0,3,0.378,0,1,0,1,False,False,False,False,True,True,False,False,False,False,True,False,False,False,False,True
3276.24,0.248,0,6,0.321,0,5,0,1,False,False,False,True,False,False,True,False,False,True,False,False,True,False,False,False
250.0,0.572,1,0,0.24995735361917937,0,4,1,0,False,False,False,False,True,False,True,False,False,False,True,False,False,True,False,False
1584.17,0.097,0,2,0.219,0,4,0,1,False,False,False,True,False,False,False,True,False,True,False,False,False,False,True,False
324.48,0.34,0,4,0.296,0,5,0,1,False,True,False,False,False,True,False,False,False,True,False,False,True,False,False,False
2176.29,0.259,1,0,0.24995735361917937,1,3,0,0,False,False,True,False,False,False,True,False,False,True,False,False,False,False,False,True
3515.14,0.396,0,3,0.351,0,4,0,1,False,False,False,False,True,False,False,True,False,True,False,False,False,True,False,False
250.0,0.25,0,8,0.417,0,7,0,1,False,True,False,False,False,False,False,True,False,False,True,False,True,False,False,False
1114.2,0.129,0,1,0.532,0,3,0,1,False,True,False,False,False,False,False,False,True,False,True,False,True,False,False,False
486.37,0.311,1,0,0.24995735361917937,0,1,0,0,False,True,False,False,False,False,False,False,True,False,True,False,True,False,False,False
3379.23,0.318,0,3,0.248,0,2,0,1,False,False,False,False,True,False,False,True,False,False,True,False,True,False,False,False
514.78,0.172,0,2,0.449,0,2,0,1,False,False,False,False,True,False,False,True,False,False,True,False,True,False,False,False
3137.2,0.086,0,6,0.219,0,3,0,1,False,False,False,True,False,True,False,False,False,True,False,False,False,True,False,False
320.29,0.283,0,2,0.21,0,5,0,1,True,False,False,False,False,True,False,False,False,False,False,True,True,False,False,False
250.0,0.456,1,0,0.24995735361917937,0,2,1,0,True,False,False,False,False,False,True,False,False,False,True,False,True,False,False,False
6707.55,0.234,0,2,0.188,1,1,0,1,False,False,True,False,False,False,True,False,False,False,True,False,False,True,False,False
1122.75,0.082,0,2,0.151,0,6,0,1,False,True,False,False,False,False,True,False,False,False,False,True,False,False,False,True
1039.89,0.621,0,2,0.006,1,2,1,1,False,False,True,False,False,True,False,False,False,True,False,False,False,True,False,False
1507.19,0.313,0,4,0.397,1,4,0,1,False,False,True,False,False,True,False,False,False,True,False,False,False,True,False,False
669.94,0.081,0,3,0.251,0,3,0,1,False,False,False,False,True,True,False,False,False,False,True,False,True,False,False,False
1544.93,0.259,0,1,0.712,1,4,0,1,False,False,True,False,False,False,False,True,False,True,False,False,True,False,False,False
3125.22,0.29,1,0,0.24995735361917937,0,1,1,0,False,False,False,False,True,False,True,False,False,False,True,False,True,False,False,False
452.94,0.311,0,3,0.231,1,2,0,1,False,False,True,False,False,False,True,False,False,False,True,False,False,False,True,False
1570.21,0.657,0,1,0.699,1,5,1,1,False,False,True,False,False,False,True,False,False,False,True,False,False,True,False,False
3531.23,0.632,1,0,0.24995735361917937,0,2,0,0,False,True,False,False,False,True,False,False,False,True,False,False,False,False,False,True
2611.46,0.22,1,0,0.24995735361917937,1,2,1,0,False,False,True,False,False,False,True,False,False,True,False,False,True,False,False,False
1907.54,0.187,0,5,0.28,1,2,0,1,False,False,True,False,False,False,True,False,False,True,False,False,False,True,False,False
2566.18,0.186,0,3,0.228,0,4,0,1,False,True,False,False,False,True,False,False,False,True,False,False,False,False,True,False
2629.93,0.64,0,1,0.038,0,8,0,1,False,False,False,False,True,False,False,False,True,False,False,True,False,True,False,False
1492.46,0.405,0,1,0.198,0,3,0,1,False,False,True,False,False,False,True,False,False,False,True,False,True,False,False,False
1107.87,0.399,0,4,0.267,0,7,0,1,False,True,False,False,False,False,False,True,False,False,True,False,True,False,False,False
11724.07,0.117,0,1,0.436,0,6,0,1,True,False,False,False,False,True,False,False,False,False,False,True,True,False,False,False
538.04,0.149,0,1,0.191,0,1,0,1,True,False,False,False,False,True,False,False,False,True,False,False,False,False,False,True
2936.86,0.086,0,1,0.331,0,6,0,1,False,False,False,False,True,False,True,False,False,True,False,False,True,False,False,False
1774.9,0.011,0,1,0.12,0,4,0,1,False,True,False,False,False,False,False,True,False,True,False,False,True,False,False,False
3603.5,0.024,0,1,0.078,0,2,0,1,False,False,True,False,False,False,True,False,False,True,False,False,False,False,True,False
6002.7,0.189,0,8,0.223,0,2,0,1,False,False,False,False,True,True,False,False,False,True,False,False,False,True,False,False
250.0,0.118,0,1,0.032,0,2,0,1,False,False,False,True,False,True,False,False,False,False,True,False,False,False,True,False
1557.59,0.255,0,4,0.345,1,3,0,1,False,False,True,False,False,False,False,True,False,True,False,False,False,True,False,False
916.9,0.081,0,3,0.035,0,7,0,1,False,True,False,False,False,False,True,False,False,False,True,False,True,False,False,False
1527.91,0.352,0,1,0.152,0,1,0,1,False,False,False,True,False,False,True,False,False,False,True,False,False,False,True,False
677.01,0.495,0,5,0.334,0,2,0,1,False,False,False,True,False,False,True,False,False,False,True,False,False,False,False,True
2109.03,0.75,0,5,0.145,0,3,0,1,False,True,False,False,False,False,False,True,False,True,False,False,True,False,False,False
6682.86,0.272,0,9,0.241,0,3,0,1,False,True,False,False,False,True,False,False,False,False,True,False,True,False,False,False
1489.65,0.461,0,5,0.064,1,5,0,1,False,False,True,False,False,True,False,False,False,True,False,False,False,True,False,False
2535.25,0.495,0,2,0.154,0,5,0,1,False,False,False,True,False,True,False,False,False,False,True,False,True,False,False,False
1484.33,0.175,0,2,0.0,0,2,1,1,False,False,False,False,True,False,True,False,False,False,True,False,False,True,False,False
2134.47,0.53,0,4,0.216,0,2,0,1,True,False,False,False,False,False,True,False,False,True,False,False,False,False,True,False
3773.34,0.048,1,0,0.24995735361917937,0,3,0,0,False,False,False,False,True,True,False,False,False,True,False,False,True,False,False,False
250.0,0.339,0,1,0.218,0,7,0,1,False,True,False,False,False,False,False,True,False,False,False,True,False,True,False,False
3377.11,0.172,0,3,0.092,0,6,0,1,False,False,False,False,True,True,False,False,False,False,False,True,False,False,False,True
2504.9,0.197,0,2,0.224,1,5,1,1,False,False,True,False,False,False,False,True,False,True,False,False,False,False,False,True
1881.8,0.207,0,2,0.085,1,5,0,1,False,False,True,False,False,False,True,False,False,False,False,True,False,False,False,True
3260.33,0.501,0,9,0.351,0,2,0,1,False,True,False,False,False,False,False,True,False,True,False,False,False,False,False,True
418.03,0.063,0,1,0.236,0,6,0,1,False,False,False,False,True,True,False,False,False,True,False,False,False,True,False,False
2086.07,0.649,0,1,0.278,0,1,0,1,False,False,False,True,False,False,True,False,False,False,True,False,True,False,False,False
1842.31,0.644,0,1,0.333,0,1,1,1,False,True,False,False,False,True,False,False,False,True,False,False,False,True,False,False
1625.83,0.051,1,0,0.24995735361917937,1,3,0,0,True,False,False,False,False,False,True,False,False,False,False,True,False,True,False,False
455.58,0.096,0,11,0.166,0,3,0,1,False,False,False,True,False,True,False,False,False,True,False,False,False,True,False,False
4039.91,0.114,1,0,0.24995735361917937,0,5,0,0,False,True,False,False,False,False,True,False,False,False,False,True,False,False,True,False
747.32,0.511,0,1,0.285,0,1,0,1,False,False,False,False,True,False,True,False,False,False,True,False,True,False,False,False
250.0,0.071,0,3,0.131,0,1,0,1,False,True,False,False,False,False,True,False,False,True,False,False,False,False,False,True
2726.6,0.235,1,0,0.24995735361917937,1,9,1,0,True,False,False,False,False,False,False,True,False,False,True,False,False,True,False,False
917.85,0.142,0,9,0.205,0,2,0,1,True,False,False,False,False,True,False,False,False,False,True,False,False,True,False,False
704.09,0.48,0,6,0.136,0,4,0,1,False,False,False,True,False,True,False,False,False,True,False,False,False,True,False,False
4917.44,0.316,0,4,0.271,1,4,0,1,False,False,True,False,False,False,True,False,False,False,True,False,False,True,False,False
466.88,0.477,0,2,0.497,0,4,0,1,False,False,False,False,True,False,True,False,False,False,True,False,False,False,False,True
1576.09,0.473,0,5,0.348,0,3,0,1,True,False,False,False,False,True,False,False,False,False,False,True,False,True,False,False
3017.43,0.338,0,3,0.275,0,3,0,1,False,True,False,False,False,True,False,False,False,False,True,False,False,False,True,False
250.0,0.127,0,3,0.222,1,2,1,1,False,False,True,False,False,False,False,True,False,True,False,False,False,True,False,False
544.78,0.056,0,1,0.209,1,1,0,1,False,False,True,False,False,False,False,True,False,True,False,False,True,False,False,False
366.82,0.468,0,2,0.075,0,8,0,1,False,False,False,True,False,False,True,False,False,True,False,False,False,True,False,False
662.19,0.191,0,5,0.182,0,8,1,1,False,False,True,False,False,False,False,True,False,False,False,True,False,True,False,False
703.08,0.4,0,1,0.159,1,2,1,1,False,False,True,False,False,False,True,False,False,False,True,False,True,False,False,False
19395.3,0.32,0,4,0.0,0,1,0,1,False,False,False,False,True,True,False,False,False,False,True,False,False,True,False,False
401.92,0.242,0,1,0.116,0,2,1,1,False,False,True,False,False,False,True,False,False,False,False,True,False,False,True,False
2068.69,0.086,0,2,0.112,0,2,0,1,False,True,False,False,False,True,False,False,False,True,False,False,False,True,False,False
585.13,0.381,0,4,0.186,1,4,0,1,False,False,True,False,False,False,False,True,False,False,False,True,True,False,False,False
2098.63,0.369,0,5,0.346,0,6,0,1,True,False,False,False,False,True,False,False,False,False,False,True,False,True,False,False
2965.32,0.375,1,0,0.24995735361917937,0,2,0,0,False,True,False,False,False,False,True,False,False,True,False,False,False,True,False,False
959.57,0.298,0,2,0.051,1,4,0,1,False,False,True,False,False,False,True,False,False,False,True,False,False,False,True,False
850.79,0.538,0,1,0.241,0,5,0,1,False,False,False,False,True,False,False,True,False,True,False,False,False,True,False,False
2657.44,0.137,1,0,0.24995735361917937,0,4,0,0,True,False,False,False,False,True,False,False,False,True,False,False,False,True,False,False
2488.0,0.091,0,2,0.144,0,2,0,1,True,False,False,False,False,False,False,True,False,True,False,False,True,False,False,False
1424.16,0.155,0,6,0.237,0,3,0,1,False,True,False,False,False,False,True,False,False,True,False,False,True,False,False,False
486.01,0.34,0,6,0.151,0,2,0,1,False,True,False,False,False,False,True,False,False,True,False,False,True,False,False,False
3649.98,0.25,1,0,0.24995735361917937,0,7,0,0,False,False,False,True,False,False,True,False,False,False,False,True,True,False,False,False
510.33,0.238,0,10,0.023,1,1,0,1,False,False,True,False,False,False,True,False,False,False,True,False,False,False,False,True
3296.0,0.47,1,0,0.24995735361917937,1,4,0,0,False,False,True,False,False,True,False,False,False,True,False,False,False,True,False,False
767.63,0.23,0,2,0.196,0,1,0,1,False,False,False,False,True,False,True,False,False,True,False,False,False,True,False,False
5894.34,0.087,0,3,0.414,0,1,0,1,True,False,False,False,False,True,False,False,False,True,False,False,True,False,False,False
3634.84,0.128,0,1,0.065,0,3,0,1,False,False,False,True,False,False,True,False,False,False,True,False,True,False,False,False
985.36,0.264,1,0,0.24995735361917937,1,3,0,0,False,False,True,False,False,False,True,False,False,True,False,False,False,True,False,False
6765.86,0.184,0,1,0.027,0,1,0,1,False,False,False,True,False,False,True,False,False,True,False,False,False,False,True,False
2259.4,0.418,1,0,0.24995735361917937,1,2,1,0,False,False,True,False,False,True,False,False,False,False,True,False,False,True,False,False
1606.78,0.145,1,0,0.24995735361917937,0,5,0,0,True,False,False,False,False,True,False,False,False,False,True,False,False,False,False,True
8138.68,0.289,0,2,0.241,0,3,0,1,True,False,False,False,False,False,False,True,False,False,True,False,False,False,True,False
563.58,0.307,0,8,0.311,1,4,0,1,False,False,True,False,False,False,True,False,False,True,False,False,False,False,False,True
250.0,0.056,0,1,0.206,0,4,0,1,False,False,False,False,True,True,False,False,False,False,True,False,False,True,False,False
1960.79,0.601,0,10,0.169,0,5,0,1,False,False,False,False,True,False,False,True,False,True,False,False,True,False,False,False
1640.41,0.276,0,6,0.273,1,1,0,1,False,False,True,False,False,False,False,True,False,False,True,False,False,False,False,True
452.97,0.369,0,3,0.234,0,3,0,1,False,False,False,False,True,False,False,True,False,False,True,False,True,False,False,False
397.23,0.025,0,1,0.205,0,4,0,1,False,False,False,True,False,False,True,False,False,True,False,False,False,False,False,True
3521.29,0.104,0,2,0.089,0,3,0,1,False,True,False,False,False,False,True,False,False,False,True,False,True,False,False,False
591.29,0.252,0,1,0.231,0,2,1,1,False,False,False,False,True,False,True,False,False,True,False,False,True,False,False,False
5441.58,0.273,1,0,0.24995735361917937,0,4,0,0,False,True,False,False,False,True,False,False,False,False,False,True,False,True,False,False
790.79,0.163,0,3,0.068,1,3,0,1,True,False,False,False,False,False,True,False,False,False,True,False,False,False,True,False
257.33,0.077,0,2,0.164,1,5,0,1,False,False,True,False,False,True,False,False,False,False,True,False,True,False,False,False
3171.56,0.212,0,3,0.128,1,4,1,1,False,False,True,False,False,True,False,False,False,True,False,False,False,True,False,False
3654.62,0.17,1,0,0.24995735361917937,0,5,0,0,False,False,False,True,False,True,False,False,False,True,False,False,False,False,True,False
7285.07,0.19,1,0,0.24995735361917937,0,2,1,0,False,False,False,False,True,True,False,False,False,True,False,False,False,True,False,False
306.14,0.269,0,1,0.226,0,7,0,1,True,False,False,False,False,True,False,False,False,False,False,True,False,True,False,False
3086.28,0.089,0,1,0.298,0,4,0,1,False,False,False,False,True,False,True,False,False,False,True,False,True,False,False,False
1026.54,0.246,0,10,0.388,0,2,0,1,False,True,False,False,False,False,False,True,False,True,False,False,False,True,False,False
390.93,0.048,0,1,0.713,1,2,0,1,False,False,True,False,False,False,False,True,False,False,False,True,False,False,True,False
1343.76,0.127,0,2,0.059,1,3,0,1,False,False,True,False,False,False,False,True,False,True,False,False,True,False,False,False
749.6,0.255,0,2,0.161,0,4,0,1,False,False,True,False,False,False,False,False,True,False,False,True,False,False,True,False
742.16,0.256,0,5,0.411,1,5,1,1,False,False,True,False,False,False,True,False,False,False,False,True,False,False,False,True
891.07,0.603,0,4,0.194,0,2,0,1,False,True,False,False,False,False,False,True,False,False,True,False,False,True,False,False
2020.56,0.455,0,1,0.762,0,3,0,1,False,False,False,False,True,False,True,False,False,True,False,False,False,False,False,True
1572.03,0.384,0,1,0.0,1,2,1,1,False,False,True,False,False,False,False,True,False,True,False,False,True,False,False,False
250.0,0.585,1,0,0.24995735361917937,0,2,0,0,True,False,False,False,False,True,False,False,False,True,False,False,False,True,False,False
4435.14,0.2,0,2,0.253,0,3,0,1,False,True,False,False,False,False,True,False,False,True,False,False,False,False,True,False
719.31,0.35,0,3,0.0,1,4,0,1,False,False,True,False,False,True,False,False,False,False,True,False,False,False,False,True
728.48,0.461,0,1,0.2,0,5,0,1,False,False,False,False,True,False,True,False,False,False,True,False,False,True,False,False
342.08,0.73,0,2,0.104,0,1,0,1,False,True,False,False,False,True,False,False,False,True,False,False,False,True,False,False
3008.55,0.064,0,3,0.126,1,5,0,1,False,False,True,False,False,False,False,True,False,False,False,True,True,False,False,False
1247.22,0.201,1,0,0.24995735361917937,1,3,1,0,True,False,False,False,False,False,False,True,False,True,False,False,False,False,True,False
3986.84,0.238,1,0,0.24995735361917937,0,6,0,0,True,False,False,False,False,False,True,False,False,False,False,True,True,False,False,False
1566.86,0.45,0,1,0.297,0,5,0,1,True,False,False,False,False,False,True,False,False,True,False,False,False,False,True,False
2253.07,0.156,0,2,0.117,1,8,1,1,False,False,True,False,False,False,True,False,False,False,False,True,True,False,False,False
1298.61,0.43,0,1,0.168,0,4,0,1,True,False,False,False,False,False,False,True,False,True,False,False,True,False,False,False
1699.03,0.244,0,2,0.683,1,1,0,1,False,False,True,False,False,False,True,False,False,False,True,False,False,True,False,False
347.98,0.545,0,1,0.2,0,3,0,1,False,False,False,False,True,False,True,False,False,False,False,True,False,True,False,False
719.26,0.084,0,3,0.039,1,2,0,1,False,False,True,False,False,True,False,False,False,True,False,False,False,False,True,False
1601.07,0.22,0,5,0.246,0,1,0,1,False,True,False,False,False,False,True,False,False,False,True,False,False,False,True,False
822.57,0.372,1,0,0.24995735361917937,1,5,0,0,False,False,True,False,False,False,True,False,False,False,True,False,False,False,True,False
698.54,0.233,0,5,0.304,1,6,1,1,False,False,True,False,False,False,True,False,False,False,False,True,False,False,True,False
250.0,0.251,0,8,0.2,0,5,0,1,False,False,False,False,True,True,False,False,False,True,False,False,False,True,False,False
2204.22,0.264,0,3,0.0,0,7,0,1,False,False,True,False,False,False,True,False,False,False,False,True,True,False,False,False
661.57,0.031,0,4,0.425,0,5,0,1,True,False,False,False,False,False,True,False,False,False,False,True,False,True,False,False
587.14,0.28,0,4,0.51,0,4,0,1,True,False,False,False,False,False,True,False,False,False,True,False,False,False,True,False
250.0,0.177,0,4,0.265,1,3,0,1,False,False,True,False,False,False,False,False,True,True,False,False,False,True,False,False
752.97,0.363,0,2,0.331,0,3,1,1,False,False,False,True,False,False,True,False,False,False,False,True,False,False,False,True
2552.36,0.063,0,1,0.632,1,2,0,1,False,False,True,False,False,False,False,False,True,False,False,True,True,False,False,False
1543.32,0.381,0,4,0.227,1,4,1,1,False,False,True,False,False,False,True,False,False,False,True,False,True,False,False,False
2357.29,0.047,0,6,0.227,0,2,0,1,False,False,True,False,False,False,True,False,False,True,False,False,False,False,False,True
10853.03,0.328,1,0,0.24995735361917937,1,5,0,0,False,False,True,False,False,False,False,False,True,True,False,False,True,False,False,False
958.84,0.513,1,0,0.24995735361917937,1,3,1,0,False,False,True,False,False,False,False,True,False,False,True,False,False,False,False,True
757.95,0.221,1,0,0.24995735361917937,0,6,1,0,False,True,False,False,False,False,False,True,False,False,False,True,False,True,False,False
3774.2,0.364,0,1,0.159,0,1,0,1,False,True,False,False,False,False,False,True,False,True,False,False,False,False,False,True
6447.31,0.447,0,7,0.0,0,3,0,1,True,False,False,False,False,False,False,False,True,False,True,False,False,True,False,False
636.62,0.43,1,0,0.24995735361917937,1,6,0,0,False,False,True,False,False,False,True,False,False,False,True,False,True,False,False,False
2688.09,0.429,0,4,0.179,0,4,0,1,False,True,False,False,False,False,True,False,False,False,False,True,True,False,False,False
2599.48,0.362,0,5,0.378,1,7,1,1,False,False,True,False,False,False,False,True,False,False,False,True,False,False,True,False
488.62,0.34,0,5,0.165,0,2,0,1,False,False,False,False,True,True,False,False,False,False,True,False,False,False,True,False
1332.92,0.248,1,0,0.24995735361917937,0,3,0,0,True,False,False,False,False,False,False,True,False,True,False,False,True,False,False,False
919.96,0.127,0,5,0.363,1,5,0,1,True,False,False,False,False,False,True,False,False,False,False,True,True,False,False,False
2643.44,0.202,0,3,0.224,0,3,0,1,False,True,False,False,False,False,True,False,False,True,False,False,True,False,False,False
779.68,0.391,0,1,0.358,1,3,1,1,False,False,True,False,False,True,False,False,False,False,False,True,False,True,False,False
701.95,0.209,1,0,0.24995735361917937,0,5,0,0,False,False,False,False,True,False,True,False,False,True,False,False,False,False,True,False
880.88,0.223,0,1,0.211,0,3,0,1,False,False,False,True,False,False,False,True,False,True,False,False,False,True,False,False
2133.52,0.408,0,4,0.014,1,2,0,1,False,False,True,False,False,False,False,True,False,True,False,False,True,False,False,False
4135.39,0.432,0,12,0.021,0,2,0,1,True,False,False,False,False,True,False,False,False,True,False,False,False,False,False,True
450.57,0.293,0,4,0.0,0,6,0,1,False,True,False,False,False,False,True,False,False,True,False,False,True,False,False,False
350.1,0.45,0,6,0.111,0,3,1,1,True,False,False,False,False,True,False,False,False,True,False,False,False,True,False,False
937.92,0.118,0,1,0.472,0,5,0,1,False,False,False,True,False,False,False,True,False,False,False,True,False,True,False,False
360.05,0.192,1,0,0.24995735361917937,1,6,1,0,True,False,False,False,False,True,False,False,False,False,False,True,False,True,False,False
1136.59,0.066,0,7,0.248,1,1,0,1,False,False,True,False,False,False,False,False,True,False,True,False,True,False,False,False
2605.65,0.022,0,1,0.301,0,5,0,1,False,True,False,False,False,False,True,False,False,False,False,True,False,True,False,False
634.92,0.248,0,13,0.0,0,2,0,1,False,False,False,True,False,True,False,False,False,False,True,False,False,True,False,False
3506.55,0.175,0,4,0.274,0,6,0,1,False,True,False,False,False,True,False,False,False,False,True,False,False,False,True,False
989.64,0.043,0,4,0.102,0,5,0,1,False,False,False,False,True,False,True,False,False,False,False,True,True,False,False,False
873.15,0.239,0,12,0.119,0,2,0,1,False,True,False,False,False,False,True,False,False,True,False,False,True,False,False,False
732.39,0.163,0,1,0.007,0,2,0,1,False,True,False,False,False,False,False,True,False,False,True,False,True,False,False,False
304.35,0.531,0,1,0.749,1,7,1,1,False,False,True,False,False,True,False,False,False,False,False,True,False,True,False,False
1937.59,0.611,0,6,0.478,1,3,0,1,False,False,True,False,False,False,True,False,False,True,False,False,False,True,False,False
6249.04,0.495,1,0,0.24995735361917937,0,4,0,0,False,False,False,True,False,False,False,False,True,False,True,False,False,False,False,True
3913.91,0.404,0,4,0.0,0,7,1,1,False,False,False,False,True,False,False,True,False,False,False,True,False,False,False,True
494.22,0.171,1,0,0.24995735361917937,0,3,0,0,True,False,False,False,False,True,False,False,False,False,False,True,False,True,False,False
505.87,0.45,1,0,0.24995735361917937,1,2,1,0,False,False,True,False,False,True,False,False,False,True,False,False,True,False,False,False
4569.52,0.076,0,13,0.06,0,4,0,1,False,False,False,False,True,True,False,False,False,True,False,False,False,True,False,False
5158.68,0.166,0,6,0.416,1,6,0,1,False,False,True,False,False,False,True,False,False,True,False,False,True,False,False,False
2047.45,0.082,0,3,0.539,0,9,0,1,False,True,False,False,False,False,False,True,False,True,False,False,False,False,True,False
5877.84,0.093,0,8,0.102,0,3,1,1,False,False,False,False,True,True,False,False,False,False,True,False,True,False,False,False
250.0,0.705,0,5,0.131,1,5,1,1,False,False,True,False,False,True,False,False,False,True,False,False,False,True,False,False
999.77,0.255,1,0,0.24995735361917937,0,3,0,0,True,False,False,False,False,False,False,False,True,False,True,False,False,True,False,False
1667.41,0.106,0,2,0.209,0,1,1,1,False,True,False,False,False,True,False,False,False,False,True,False,True,False,False,False
1152.09,0.54,0,6,0.189,0,4,0,1,False,True,False,False,False,False,True,False,False,False,True,False,False,True,False,False
1099.8,0.145,1,0,0.24995735361917937,0,4,0,0,False,True,False,False,False,True,False,False,False,False,False,True,False,True,False,False
2725.92,0.264,0,4,0.188,0,3,0,1,False,True,False,False,False,True,False,False,False,False,True,False,True,False,False,False
729.54,0.176,1,0,0.24995735361917937,1,2,0,0,False,False,True,False,False,False,True,False,False,False,True,False,False,False,False,True
1948.97,0.649,0,1,0.034,0,5,0,1,False,True,False,False,False,False,True,False,False,False,False,True,True,False,False,False
5860.8,0.266,0,7,0.386,1,2,0,1,False,False,True,False,False,False,True,False,False,False,True,False,True,False,False,False
3077.73,0.569,0,2,0.399,0,4,1,1,True,False,False,False,False,True,False,False,False,False,True,False,True,False,False,False
250.0,0.091,1,0,0.24995735361917937,0,1,0,0,True,False,False,False,False,True,False,False,False,True,False,False,False,True,False,False
2975.3,0.679,0,2,0.297,1,6,0,1,False,False,True,False,False,False,False,True,False,True,False,False,True,False,False,False
1084.72,0.488,1,0,0.24995735361917937,0,3,0,0,True,False,False,False,False,False,True,False,False,False,False,True,False,True,False,False
1989.29,0.069,1,0,0.24995735361917937,1,5,1,0,False,False,True,False,False,True,False,False,False,True,False,False,True,False,False,False
1771.11,0.047,0,1,0.568,0,1,0,1,False,False,False,False,True,False,True,False,False,False,True,False,False,True,False,False
979.54,0.09,0,1,0.461,0,1,0,1,False,True,False,False,False,True,False,False,False,True,False,False,False,True,False,False
1141.79,0.341,0,8,0.23,0,5,0,1,False,False,False,True,False,False,True,False,False,False,False,True,False,False,True,False
890.89,0.512,0,2,0.715,1,1,0,1,True,False,False,False,False,True,False,False,False,True,False,False,True,False,False,False
2568.11,0.198,1,0,0.24995735361917937,0,1,0,0,False,False,False,True,False,True,False,False,False,False,True,False,False,False,True,False
1292.01,0.406,1,0,0.24995735361917937,1,3,1,0,False,False,True,False,False,True,False,False,False,True,False,False,False,False,True,False
1057.21,0.525,0,7,0.157,1,1,0,1,False,False,True,False,False,False,True,False,False,True,False,False,False,False,True,False
5444.27,0.335,1,0,0.24995735361917937,0,3,0,0,False,False,False,True,False,True,False,False,False,False,True,False,False,False,False,True
2159.35,0.083,0,6,0.088,0,2,0,1,False,False,False,True,False,True,False,False,False,True,False,False,True,False,False,False
1941.82,0.634,0,8,0.156,0,7,0,1,False,False,True,False,False,False,True,False,False,True,False,False,False,True,False,False
2140.45,0.312,0,9,0.038,0,2,0,1,False,False,False,True,False,False,True,False,False,True,False,False,True,False,False,False
1050.2,0.535,0,6,0.067,0,4,0,1,True,False,False,False,False,False,False,True,False,False,True,False,False,True,False,False
3083.28,0.243,0,4,0.209,1,3,0,1,False,False,True,False,False,False,False,True,False,True,False,False,False,False,True,False
2266.77,0.187,0,3,0.197,1,2,0,1,False,False,True,False,False,False,True,False,False,False,True,False,True,False,False,False
412.58,0.314,0,1,0.54,0,5,1,1,True,False,False,False,False,False,True,False,False,False,True,False,False,False,True,False
3476.65,0.383,0,2,0.17,0,2,0,1,False,False,True,False,False,True,False,False,False,True,False,False,False,False,True,False
3420.18,0.08,0,5,0.164,0,7,0,1,False,False,False,False,True,True,False,False,False,False,True,False,True,False,False,False
3399.44,0.329,1,0,0.24995735361917937,0,4,0,0,False,False,False,False,True,False,True,False,False,False,True,False,True,False,False,False
4188.65,0.253,0,1,0.181,1,3,1,1,False,False,True,False,False,True,False,False,False,True,False,False,False,False,True,False
1613.41,0.305,0,1,0.43,0,4,0,1,False,False,True,False,False,False,True,False,False,True,False,False,False,False,False,True
1981.69,0.341,0,4,0.536,0,6,0,1,False,False,False,False,True,False,True,False,False,False,True,False,True,False,False,False
1754.59,0.537,0,5,0.412,0,4,0,1,True,False,False,False,False,False,True,False,False,False,True,False,False,False,True,False
3570.47,0.647,0,3,0.219,0,1,0,1,False,False,False,True,False,True,False,False,False,False,True,False,False,True,False,False
1144.44,0.496,0,3,0.27,0,1,0,1,False,False,False,True,False,False,True,False,False,True,False,False,False,True,False,False
1377.78,0.183,1,0,0.24995735361917937,0,4,0,0,False,False,False,True,False,True,False,False,False,False,False,True,False,True,False,False
952.29,0.024,0,6,0.333,0,5,0,1,False,False,False,False,True,False,False,True,False,True,False,False,True,False,False,False
1490.57,0.148,0,1,0.255,0,2,0,1,False,False,True,False,False,False,True,False,False,True,False,False,True,False,False,False
250.0,0.207,0,5,0.297,0,1,0,1,False,False,False,True,False,False,True,False,False,False,True,False,False,True,False,False
857.73,0.139,1,0,0.24995735361917937,0,2,0,0,True,False,False,False,False,False,True,False,False,False,True,False,False,False,True,False
2825.82,0.427,0,1,0.231,0,8,0,1,False,False,False,False,True,False,True,False,False,False,True,False,False,True,False,False
1876.69,0.36,0,4,0.276,1,2,0,1,False,False,True,False,False,False,False,False,True,False,True,False,True,False,False,False
4096.58,0.301,1,0,0.24995735361917937,0,2,0,0,True,False,False,False,False,True,False,False,False,True,False,False,True,False,False,False
988.37,0.286,0,11,0.463,0,6,0,1,True,False,False,False,False,True,False,False,False,True,False,False,False,True,False,False
4251.02,0.242,0,7,0.189,1,5,0,1,False,False,True,False,False,True,False,False,False,False,False,True,False,False,True,False
2178.47,0.131,0,5,0.006,0,1,0,1,True,False,False,False,False,True,False,False,False,False,True,False,False,True,False,False
445.16,0.148,1,0,0.24995735361917937,0,6,0,0,False,True,False,False,False,False,False,True,False,False,False,True,False,False,True,False
5494.54,0.3,0,14,0.115,0,7,0,1,False,True,False,False,False,True,False,False,False,False,False,True,False,True,False,False
1025.14,0.252,1,0,0.24995735361917937,1,1,0,0,False,False,True,False,False,False,True,False,False,False,True,False,False,False,False,True
926.37,0.651,0,4,0.088,0,3,0,1,False,True,False,False,False,False,True,False,False,False,True,False,False,True,False,False
491.93,0.135,0,2,0.103,0,6,0,1,False,False,False,False,True,True,False,False,False,True,False,False,True,False,False,False
1707.2,0.389,0,10,0.339,1,1,0,1,False,False,True,False,False,False,True,False,False,False,True,False,True,False,False,False
493.19,0.227,0,1,0.16,0,3,0,1,False,True,False,False,False,False,False,True,False,True,False,False,False,False,False,True
250.0,0.229,0,2,0.137,1,2,0,1,False,False,True,False,False,False,True,False,False,False,True,False,False,False,False,True
514.46,0.38,0,2,0.331,0,5,0,1,False,False,False,True,False,False,True,False,False,False,True,False,False,True,False,False
506.81,0.379,0,1,0.225,0,6,0,1,False,False,False,False,True,False,True,False,False,True,False,False,True,False,False,False
250.0,0.174,0,4,0.136,0,3,0,1,False,False,False,False,True,True,False,False,False,False,True,False,True,False,False,False
467.23,0.465,0,4,0.076,0,6,0,1,True,False,False,False,False,False,True,False,False,False,False,True,True,False,False,False
2070.42,0.09,0,1,0.0,0,2,0,1,False,True,False,False,False,True,False,False,False,False,True,False,False,False,True,False
250.0,0.647,0,3,0.424,1,5,1,1,False,False,True,False,False,True,False,False,False,True,False,False,True,False,False,False
2818.02,0.467,0,6,0.465,0,5,0,1,False,False,True,False,False,False,False,False,True,True,False,False,False,False,False,True
6008.81,0.185,0,10,0.022,0,5,0,1,False,False,False,False,True,False,False,True,False,False,False,True,False,False,True,False
1475.29,0.631,0,7,0.114,0,4,1,1,False,False,False,False,True,True,False,False,False,False,False,True,False,True,False,False
250.0,0.399,0,7,0.137,0,2,0,1,False,False,False,True,False,False,True,False,False,False,True,False,True,False,False,False
1534.42,0.165,1,0,0.24995735361917937,1,7,0,0,False,False,True,False,False,False,False,True,False,False,False,True,True,False,False,False
3811.13,0.541,0,3,0.274,0,1,0,1,False,False,False,False,True,True,False,False,False,False,True,False,False,False,True,False
1346.41,0.569,0,7,0.275,0,2,0,1,False,True,False,False,False,False,True,False,False,True,False,False,True,False,False,False
1931.91,0.176,0,2,0.188,0,3,0,1,False,False,True,False,False,True,False,False,False,True,False,False,False,False,True,False
8016.48,0.252,0,5,0.487,1,4,0,1,False,False,True,False,False,True,False,False,False,True,False,False,True,False,False,False
863.81,0.101,0,1,0.494,1,5,0,1,False,False,True,False,False,True,False,False,False,False,False,True,False,True,False,False
1233.4,0.575,1,0,0.24995735361917937,0,7,0,0,False,False,False,True,False,False,False,True,False,True,False,False,False,False,False,True
326.42,0.172,0,1,0.252,0,6,0,1,False,True,False,False,False,False,False,True,False,False,True,False,False,True,False,False
1233.52,0.486,0,2,0.0,0,5,0,1,False,False,False,True,False,False,True,False,False,False,True,False,False,False,True,False
1612.46,0.293,0,2,0.247,0,5,0,1,False,False,False,True,False,True,False,False,False,False,True,False,False,True,False,False
1458.73,0.329,0,15,0.023,0,2,0,1,False,True,False,False,False,False,True,False,False,False,True,False,False,True,False,False
1171.29,0.511,0,1,0.101,0,2,1,1,False,False,False,False,True,False,True,False,False,True,False,False,False,True,False,False
984.95,0.25,0,5,0.201,1,1,0,1,False,False,True,False,False,False,True,False,False,False,True,False,False,False,False,True
570.18,0.426,0,6,0.206,1,1,1,1,False,False,True,False,False,True,False,False,False,True,False,False,False,False,False,True
2957.01,0.228,0,2,0.253,0,4,0,1,False,True,False,False,False,False,True,False,False,True,False,False,True,False,False,False
2343.99,0.22,0,3,0.201,0,5,0,1,False,False,False,False,True,True,False,False,False,False,True,False,False,True,False,False
6913.27,0.165,0,1,0.015,0,6,0,1,False,False,False,False,True,False,True,False,False,True,False,False,False,False,True,False
1576.47,0.285,0,2,0.365,0,1,0,1,False,True,False,False,False,False,True,False,False,False,True,False,False,False,True,False
1228.32,0.149,1,0,0.24995735361917937,1,1,0,0,False,False,True,False,False,False,True,False,False,False,True,False,False,False,False,True
1297.44,0.29,0,5,0.501,0,2,0,1,False,False,False,False,True,False,True,False,False,True,False,False,False,False,True,False
2668.4,0.093,1,0,0.24995735361917937,0,8,1,0,False,True,False,False,False,False,True,False,False,True,False,False,False,True,False,False
294.64,0.376,0,5,0.127,0,5,0,1,False,True,False,False,False,True,False,False,False,True,False,False,True,False,False,False
1904.06,0.196,0,1,0.697,0,3,0,1,True,False,False,False,False,False,False,False,True,False,False,True,False,True,False,False
3624.73,0.581,0,1,0.432,0,3,0,1,False,False,False,True,False,True,False,False,False,True,False,False,True,False,False,False
250.0,0.291,1,0,0.24995735361917937,0,6,1,0,False,False,True,False,False,False,True,False,False,False,False,True,True,False,False,False
250.0,0.288,1,0,0.24995735361917937,0,2,1,0,False,True,False,False,False,True,False,False,False,True,False,False,False,True,False,False
5473.39,0.39,0,3,0.411,0,3,0,1,False,False,False,False,True,False,True,False,False,False,True,False,False,True,False,False
427.97,0.162,0,1,0.0,1,4,1,1,False,False,True,False,False,True,False,False,False,True,False,False,False,False,False,True
1226.16,0.675,0,10,0.198,0,3,0,1,False,True,False,False,False,True,False,False,False,False,True,False,False,False,False,True
899.81,0.399,0,4,0.054,0,3,0,1,False,True,False,False,False,False,True,False,False,False,False,True,True,False,False,False
2403.52,0.305,0,6,0.445,0,3,0,1,False,True,False,False,False,True,False,False,False,False,False,True,True,False,False,False
1439.74,0.136,0,6,0.237,0,1,0,1,False,True,False,False,False,True,False,False,False,True,False,False,True,False,False,False
1399.32,0.171,0,6,0.111,0,2,0,1,False,False,False,False,True,True,False,False,False,True,False,False,True,False,False,False
586.54,0.402,0,7,0.17,0,5,0,1,False,False,False,True,False,False,True,False,False,False,True,False,False,False,True,False
261.93,0.259,0,3,0.281,1,6,0,1,True,False,False,False,False,False,False,True,False,True,False,False,False,True,False,False
1251.09,0.252,0,4,0.424,1,6,1,1,True,False,False,False,False,False,True,False,False,False,False,True,False,False,False,True
1765.52,0.474,0,8,0.31,0,3,1,1,False,True,False,False,False,True,False,False,False,False,True,False,False,True,False,False
1428.96,0.267,0,8,0.296,0,3,0,1,False,True,False,False,False,False,True,False,False,True,False,False,True,False,False,False
2909.09,0.379,0,3,0.234,0,3,0,1,False,True,False,False,False,False,True,False,False,False,True,False,False,False,False,True
365.06,0.309,0,8,0.133,0,5,1,1,True,False,False,False,False,False,False,True,False,True,False,False,False,True,False,False
2306.16,0.006,0,5,0.326,1,2,0,1,False,False,True,False,False,True,False,False,False,False,True,False,False,False,True,False
1204.87,0.268,0,7,0.303,0,7,0,1,False,False,False,False,True,False,True,False,False,False,False,True,False,True,False,False
2100.49,0.132,0,1,0.314,0,4,0,1,False,False,False,False,True,False,True,False,False,False,True,False,False,True,False,False
277.71,0.274,0,2,0.297,0,3,0,1,False,False,True,False,False,False,False,True,False,False,True,False,False,False,False,True
250.0,0.245,0,4,0.15,0,3,0,1,False,False,False,False,True,False,True,False,False,True,False,False,False,False,False,True
694.53,0.369,0,1,0.357,0,8,0,1,True,False,False,False,False,False,True,False,False,False,False,True,False,True,False,False
280.92,0.37,0,4,0.306,0,2,0,1,False,False,False,False,True,False,True,False,False,True,False,False,False,False,True,False
2111.7,0.502,0,3,0.222,0,3,0,1,False,False,True,False,False,True,False,False,False,False,True,False,False,True,False,False
407.52,0.68,1,0,0.24995735361917937,0,1,0,0,True,False,False,False,False,False,False,True,False,False,True,False,False,False,True,False
2777.91,0.475,0,1,0.311,0,1,0,1,False,False,False,False,True,True,False,False,False,True,False,False,False,True,False,False
342.5,0.566,0,9,0.338,0,2,0,1,False,True,False,False,False,False,True,False,False,False,True,False,False,True,False,False
2569.15,0.286,0,7,0.122,1,1,0,1,False,False,True,False,False,True,False,False,False,False,True,False,False,True,False,False
2112.93,0.744,0,3,0.341,0,5,0,1,False,False,True,False,False,False,True,False,False,True,False,False,False,False,False,True
2920.98,0.188,0,3,0.0,0,3,0,1,False,False,False,True,False,False,True,False,False,True,False,False,False,True,False,False
853.0,0.072,0,5,0.115,0,6,0,1,False,True,False,False,False,False,True,False,False,False,False,True,True,False,False,False
368.88,0.072,0,2,0.071,0,1,0,1,False,False,False,True,False,False,False,True,False,False,True,False,False,True,False,False
14239.1,0.099,0,1,0.097,1,3,0,1,False,False,True,False,False,False,True,False,False,False,False,True,False,False,True,False
1515.68,0.134,0,1,0.204,1,2,0,1,False,False,True,False,False,False,False,True,False,True,False,False,False,False,True,False
3606.66,0.373,0,2,0.142,0,2,0,1,False,True,False,False,False,False,False,False,True,False,True,False,False,False,True,False
1195.25,0.232,0,11,0.0,0,3,0,1,False,False,False,False,True,False,False,False,True,True,False,False,False,False,True,False
7881.87,0.258,0,1,0.359,1,1,0,1,False,False,True,False,False,False,False,True,False,True,False,False,False,False,True,False
6129.8,0.286,0,4,0.297,1,2,1,1,False,False,True,False,False,True,False,False,False,False,True,False,True,False,False,False
1789.37,0.523,0,2,0.123,0,2,0,1,False,False,False,False,True,True,False,False,False,True,False,False,True,False,False,False
250.0,0.128,1,0,0.24995735361917937,1,2,0,0,False,False,True,False,False,False,True,False,False,True,False,False,True,False,False,False
286.28,0.425,0,9,0.03,0,3,1,1,False,True,False,False,False,False,True,False,False,False,False,True,False,True,False,False
762.12,0.64,0,7,0.142,0,4,0,1,False,False,True,False,False,True,False,False,False,True,False,False,False,False,False,True
1948.19,0.065,1,0,0.24995735361917937,1,7,0,0,False,False,True,False,False,True,False,False,False,False,True,False,False,True,False,False
3427.91,0.312,0,5,0.227,0,2,0,1,False,True,False,False,False,False,True,False,False,True,False,False,True,False,False,False
6376.93,0.268,0,2,0.077,1,1,0,1,False,False,True,False,False,False,True,False,False,True,False,False,False,True,False,False
1002.35,0.113,0,10,0.176,0,1,0,1,False,False,False,True,False,False,True,False,False,True,False,False,False,True,False,False
1945.2,0.51,1,0,0.24995735361917937,1,5,0,0,False,False,True,False,False,False,True,False,False,False,True,False,True,False,False,False
269.6,0.158,1,0,0.24995735361917937,0,3,0,0,False,False,False,True,False,True,False,False,False,True,False,False,False,True,False,False
568.75,0.096,0,9,0.2,0,2,0,1,False,False,False,False,True,False,True,False,False,False,True,False,True,False,False,False
3836.2,0.617,1,0,0.24995735361917937,0,3,1,0,False,False,False,False,True,False,False,True,False,False,True,False,False,True,False,False
1028.84,0.274,0,9,0.294,1,3,1,1,False,False,True,False,False,False,True,False,False,True,False,False,False,False,False,True
2872.2,0.208,0,4,0.0,1,3,0,1,True,False,False,False,False,False,False,False,True,False,True,False,True,False,False,False
671.01,0.391,0,10,0.143,0,3,0,1,False,True,False,False,False,False,True,False,False,False,True,False,False,False,True,False
410.4,0.296,0,11,0.338,0,4,1,1,True,False,False,False,False,True,False,False,False,True,False,False,False,True,False,False
849.14,0.062,0,1,0.274,1,1,0,1,False,False,True,False,False,True,False,False,False,True,False,False,True,False,False,False
2642.89,0.347,0,5,0.057,0,7,0,1,False,False,False,False,True,False,True,False,False,False,True,False,False,True,False,False
1272.11,0.414,0,10,0.268,1,4,0,1,False,False,True,False,False,False,False,True,False,False,True,False,False,False,False,True
1383.39,0.188,0,8,0.074,0,4,0,1,True,False,False,False,False,False,True,False,False,False,True,False,False,False,True,False
341.03,0.376,0,3,0.165,0,3,0,1,True,False,False,False,False,True,False,False,False,False,True,False,False,False,False,True
250.0,0.028,0,3,0.457,0,2,0,1,False,True,False,False,False,False,True,False,False,False,True,False,False,True,False,False
1730.31,0.118,0,3,0.122,0,6,1,1,False,False,False,False,True,True,False,False,False,False,False,True,True,False,False,False
752.26,0.097,1,0,0.24995735361917937,0,3,0,0,False,True,False,False,False,False,False,True,False,False,True,False,True,False,False,False
11224.78,0.405,0,8,0.221,0,1,0,1,False,False,False,True,False,True,False,False,False,False,True,False,False,True,False,False
2032.29,0.038,0,1,0.197,1,4,1,1,False,False,True,False,False,True,False,False,False,False,False,True,False,True,False,False
1178.39,0.498,0,5,0.016,0,2,0,1,False,False,False,False,True,False,False,False,True,True,False,False,False,True,False,False
841.54,0.276,0,1,0.286,0,4,0,1,False,False,False,True,False,False,False,True,False,False,False,True,False,True,False,False
7995.5,0.67,0,6,0.28,1,4,0,1,False,False,True,False,False,False,True,False,False,True,False,False,True,False,False,False
1390.58,0.531,0,11,0.204,1,3,0,1,False,False,True,False,False,False,False,False,True,True,False,False,False,False,True,False
720.57,0.144,0,10,0.078,0,2,0,1,False,True,False,False,False,False,False,True,False,True,False,False,False,True,False,False
1921.62,0.208,0,5,0.0,0,4,0,1,False,True,False,False,False,False,True,False,False,False,False,True,False,True,False,False
1147.71,0.336,0,2,0.182,0,4,0,1,False,False,False,True,False,False,True,False,False,True,False,False,True,False,False,False
320.65,0.325,0,2,0.446,0,4,0,1,False,False,False,False,True,True,False,False,False,True,False,False,False,False,False,True
250.0,0.304,1,0,0.24995735361917937,0,3,0,0,False,False,False,True,False,False,False,False,True,False,False,True,False,True,False,False
2474.2,0.553,0,11,0.179,0,3,1,1,False,False,False,False,True,False,True,False,False,False,True,False,False,True,False,False
8159.21,0.215,0,2,0.044,0,4,0,1,False,True,False,False,False,True,False,False,False,False,True,False,False,True,False,False
6686.32,0.318,0,12,0.439,0,4,0,1,False,True,False,False,False,True,False,False,False,True,False,False,True,False,False,False
1628.71,0.187,0,3,0.268,0,5,0,1,False,True,False,False,False,True,False,False,False,False,True,False,True,False,False,False
3552.7,0.593,0,6,0.404,0,2,1,1,False,False,False,False,True,True,False,False,False,True,False,False,True,False,False,False
4558.9,0.082,0,12,0.151,0,2,0,1,False,False,False,False,True,False,False,True,False,True,False,False,False,True,False,False
5779.27,0.077,0,3,0.039,1,2,0,1,False,False,True,False,False,True,False,False,False,False,True,False,False,True,False,False
1452.35,0.483,1,0,0.24995735361917937,0,2,0,0,False,False,False,True,False,True,False,False,False,True,False,False,False,True,False,False
2416.77,0.471,0,11,0.207,1,1,0,1,True,False,False,False,False,False,False,True,False,False,True,False,False,True,False,False
421.41,0.284,0,11,0.239,0,3,0,1,False,False,False,True,False,False,True,False,False,False,True,False,True,False,False,False
843.53,0.302,0,2,0.777,0,3,0,1,False,False,False,False,True,False,False,True,False,True,False,False,False,False,True,False
298.18,0.446,0,2,0.388,1,3,1,1,False,False,True,False,False,False,True,False,False,False,True,False,False,True,False,False
1042.06,0.257,0,3,0.152,0,2,0,1,False,True,False,False,False,True,False,False,False,True,False,False,False,True,False,False
13625.44,0.339,1,0,0.24995735361917937,0,1,0,0,False,False,False,False,True,False,False,True,False,True,False,False,False,True,False,False
715.07,0.306,0,2,0.097,1,2,1,1,False,False,True,False,False,True,False,False,False,True,False,False,False,True,False,False
250.0,0.75,0,1,0.381,0,3,0,1,False,True,False,False,False,False,False,True,False,False,False,True,False,True,False,False
1268.98,0.284,0,3,0.126,1,2,0,1,False,False,True,False,False,True,False,False,False,True,False,False,False,False,True,False
1219.74,0.273,0,16,0.062,0,2,0,1,False,True,False,False,False,True,False,False,False,False,True,False,False,False,True,False
2196.26,0.274,1,0,0.24995735361917937,0,2,0,0,False,False,False,True,False,True,False,False,False,True,False,False,False,False,False,True
2047.14,0.25,0,3,0.394,1,1,0,1,False,False,True,False,False,False,False,False,True,False,True,False,False,False,False,True
386.69,0.212,0,7,0.355,0,1,0,1,False,False,False,True,False,True,False,False,False,False,True,False,False,True,False,False
1371.24,0.362,1,0,0.24995735361917937,0,1,0,0,True,False,False,False,False,True,False,False,False,True,False,False,False,False,True,False
1079.77,0.337,0,9,0.284,0,3,1,1,True,False,False,False,False,False,True,False,False,False,True,False,False,True,False,False
648.17,0.068,0,1,0.075,0,1,0,1,True,False,False,False,False,False,False,False,True,True,False,False,False,True,False,False
250.0,0.066,0,3,0.299,1,2,0,1,True,False,False,False,False,False,True,False,False,True,False,False,False,True,False,False
5634.94,0.612,0,1,0.272,0,4,0,1,False,False,True,False,False,False,False,True,False,False,False,True,False,True,False,False
815.47,0.318,0,2,0.21,0,4,0,1,False,False,False,True,False,False,False,False,True,True,False,False,True,False,False,False
903.29,0.329,0,1,0.605,0,4,0,1,False,False,True,False,False,True,False,False,False,True,False,False,False,True,False,False
430.44,0.266,0,2,0.194,0,2,0,1,False,False,False,False,True,False,False,True,False,False,True,False,False,False,True,False
343.67,0.003,0,3,0.156,1,3,0,1,False,False,True,False,False,False,True,False,False,True,False,False,True,False,False,False
1728.66,0.343,0,8,0.195,0,5,1,1,True,False,False,False,False,True,False,False,False,False,False,True,False,True,False,False
787.85,0.166,0,13,0.0,1,3,0,1,False,False,True,False,False,False,True,False,False,True,False,False,False,True,False,False
461.37,0.186,0,2,0.259,0,3,0,1,False,True,False,False,False,True,False,False,False,False,False,True,True,False,False,False
632.2,0.342,0,8,0.18,0,6,0,1,False,True,False,False,False,False,True,False,False,True,False,False,False,True,False,False
2042.85,0.31,0,2,0.057,0,2,0,1,False,False,False,False,True,False,True,False,False,True,False,False,False,False,False,True
3300.27,0.206,0,2,0.481,0,5,1,1,False,False,False,True,False,False,True,False,False,True,False,False,False,True,False,False
4389.94,0.362,0,6,0.399,0,4,0,1,False,True,False,False,False,False,False,True,False,False,False,True,False,True,False,False
771.59,0.251,0,4,0.201,1,3,0,1,False,False,True,False,False,True,False,False,False,True,False,False,False,True,False,False
3832.65,0.388,0,2,0.108,1,4,1,1,False,False,True,False,False,False,False,True,False,False,True,False,False,True,False,False
250.0,0.342,0,3,0.02,1,3,0,1,False,False,True,False,False,False,False,True,False,True,False,False,False,False,True,False
558.29,0.193,0,7,0.067,1,6,0,1,False,False,True,False,False,True,False,False,False,True,False,False,True,False,False,False
1849.72,0.393,0,2,0.204,0,2,0,1,False,False,False,True,False,False,True,False,False,False,True,False,True,False,False,False
365.65,0.117,0,3,0.204,0,4,0,1,False,False,False,False,True,False,True,False,False,True,False,False,False,False,False,True
1853.23,0.278,0,11,0.055,0,1,0,1,False,False,False,False,True,False,True,False,False,False,True,False,False,True,False,False
1162.82,0.113,0,11,0.221,0,2,0,1,True,False,False,False,False,False,True,False,False,False,True,False,True,False,False,False
250.0,0.249,0,1,0.461,0,3,0,1,False,False,False,False,True,False,False,True,False,False,True,False,True,False,False,False
4189.13,0.344,0,12,0.104,1,3,0,1,False,False,True,False,False,False,True,False,False,True,False,False,False,True,False,False
3072.07,0.26,1,0,0.24995735361917937,0,3,0,0,False,False,False,False,True,True,False,False,False,True,False,False,False,True,False,False
454.54,0.131,0,5,0.194,0,3,0,1,False,False,False,False,True,False,True,False,False,False,True,False,False,False,True,False
4638.38,0.381,0,6,0.071,0,3,0,1,True,False,False,False,False,True,False,False,False,False,False,True,False,False,False,True
7422.44,0.515,1,0,0.24995735361917937,0,5,0,0,False,True,False,False,False,False,True,False,False,False,True,False,True,False,False,False
250.0,0.149,0,8,0.23,1,1,1,1,False,False,True,False,False,False,True,False,False,True,False,False,False,False,True,False
250.0,0.299,0,5,0.128,0,7,0,1,True,False,False,False,False,True,False,False,False,True,False,False,False,True,False,False
2569.0,0.523,0,2,0.72,0,4,0,1,True,False,False,False,False,False,True,False,False,False,True,False,False,False,False,True
1039.21,0.262,0,2,0.085,0,4,1,1,False,False,False,False,True,True,False,False,False,False,False,True,True,False,False,False
1402.89,0.056,0,4,0.0,0,5,0,1,True,False,False,False,False,True,False,False,False,False,False,True,True,False,False,False
1151.7,0.148,0,5,0.168,1,2,0,1,True,False,False,False,False,True,False,False,False,True,False,False,True,False,False,False
1442.98,0.297,0,1,0.155,1,2,0,1,False,False,True,False,False,True,False,False,False,True,False,False,True,False,False,False
6039.58,0.177,0,9,0.223,0,5,0,1,True,False,False,False,False,False,True,False,False,False,False,True,True,False,False,False
1953.04,0.27,0,10,0.262,1,3,1,1,False,False,True,False,False,False,False,True,False,False,True,False,True,False,False,False
1096.39,0.48,0,2,0.306,0,5,0,1,False,False,False,False,True,False,True,False,False,False,False,True,False,True,False,False
544.74,0.401,0,1,0.197,1,2,0,1,False,False,True,False,False,False,True,False,False,True,False,False,False,True,False,False
1109.42,0.412,1,0,0.24995735361917937,0,2,0,0,False,True,False,False,False,True,False,False,False,True,False,False,False,True,False,False
559.57,0.283,0,3,0.117,0,5,0,1,False,False,True,False,False,True,False,False,False,False,True,False,False,True,False,False
250.0,0.201,0,2,0.256,1,2,0,1,True,False,False,False,False,True,False,False,False,True,False,False,False,True,False,False
579.01,0.127,0,4,0.296,0,1,1,1,False,False,False,False,True,True,False,False,False,False,True,False,True,False,False,False
729.17,0.329,0,12,0.324,0,3,0,1,False,True,False,False,False,False,False,False,True,True,False,False,False,False,False,True
3071.18,0.133,0,4,0.248,1,3,0,1,False,False,True,False,False,False,True,False,False,False,True,False,False,False,False,True
1213.86,0.513,0,5,0.244,0,1,0,1,False,True,False,False,False,False,True,False,False,True,False,False,False,True,False,False
5998.28,0.385,0,8,0.206,1,2,1,1,False,False,True,False,False,True,False,False,False,False,True,False,False,False,True,False
257.69,0.283,0,14,0.094,1,2,0,1,False,False,True,False,False,False,True,False,False,False,True,False,False,False,False,True
3829.85,0.166,0,5,0.021,1,1,0,1,False,False,True,False,False,False,True,False,False,True,False,False,True,False,False,False
5121.34,0.203,0,11,0.182,0,2,0,1,False,False,False,True,False,False,True,False,False,False,True,False,False,False,False,True
2044.1,0.233,0,3,0.309,0,5,0,1,False,False,False,True,False,True,False,False,False,False,True,False,False,True,False,False
650.35,0.439,0,3,0.215,0,2,1,1,False,False,False,False,True,False,False,True,False,True,False,False,False,False,False,True
456.89,0.204,0,1,0.424,0,4,0,1,False,False,False,True,False,False,False,True,False,True,False,False,False,True,False,False
2646.74,0.269,0,3,0.746,1,1,0,1,False,False,True,False,False,False,False,True,False,True,False,False,False,True,False,False
1316.5,0.216,0,4,0.271,1,5,0,1,False,False,True,False,False,False,True,False,False,False,False,True,False,False,False,True
593.94,0.327,0,4,0.13,0,4,0,1,False,True,False,False,False,False,False,True,False,True,False,False,True,False,False,False
6830.53,0.649,0,12,0.101,0,7,0,1,False,False,False,False,True,False,False,False,True,True,False,False,False,False,True,False
3197.31,0.541,0,3,0.61,0,3,0,1,False,False,False,True,False,False,True,False,False,False,False,True,True,False,False,False
906.3,0.083,0,3,0.405,0,2,0,1,True,False,False,False,False,False,True,False,False,False,True,False,False,True,False,False
1488.51,0.512,0,5,0.13,0,1,0,1,False,False,False,False,True,True,False,False,False,False,True,False,True,False,False,False
1607.14,0.173,0,3,0.343,0,6,0,1,False,False,False,True,False,False,True,False,False,False,False,True,False,False,True,False
9049.89,0.225,0,1,0.195,1,4,0,1,False,False,True,False,False,False,True,False,False,False,False,True,True,False,False,False
650.32,0.096,0,9,0.16,0,4,1,1,False,False,False,False,True,True,False,False,False,False,False,True,False,True,False,False
1975.29,0.339,0,4,0.213,0,3,0,1,False,False,False,False,True,False,False,True,False,True,False,False,False,False,True,False
1098.7,0.366,0,3,0.226,0,3,0,1,True,False,False,False,False,True,False,False,False,False,True,False,False,True,False,False
2077.31,0.096,0,5,0.121,1,5,0,1,False,False,True,False,False,False,True,False,False,False,True,False,True,False,False,False
1692.56,0.381,0,2,0.453,0,1,0,1,False,True,False,False,False,True,False,False,False,False,True,False,True,False,False,False
1193.44,0.123,1,0,0.24995735361917937,0,7,0,0,False,False,False,True,False,True,False,False,False,False,False,True,False,False,True,False
1735.22,0.276,0,2,0.643,1,1,1,1,False,False,True,False,False,False,True,False,False,True,False,False,False,True,False,False
2193.58,0.306,0,1,0.234,0,3,0,1,False,False,False,False,True,True,False,False,False,True,False,False,True,False,False,False
285.62,0.322,0,2,0.452,1,5,0,1,False,False,True,False,False,False,True,False,False,False,True,False,False,True,False,False
2160.11,0.104,0,1,0.392,1,1,1,1,False,False,True,False,False,True,False,False,False,False,True,False,True,False,False,False
2641.29,0.081,0,4,0.252,0,4,0,1,False,True,False,False,False,False,False,False,True,True,False,False,False,False,True,False
1194.37,0.493,0,15,0.158,0,1,1,1,False,False,False,False,True,True,False,False,False,False,True,False,False,False,False,True
671.64,0.053,0,1,0.34,0,4,0,1,True,False,False,False,False,True,False,False,False,False,False,True,False,False,True,False
361.63,0.246,0,3,0.236,1,2,1,1,False,False,True,False,False,False,True,False,False,True,False,False,True,False,False,False
305.84,0.352,0,2,0.058,0,5,0,1,False,True,False,False,False,False,False,True,False,False,True,False,False,False,False,True
2974.78,0.643,1,0,0.24995735361917937,0,2,0,0,False,False,False,True,False,False,True,False,False,True,False,False,True,False,False,False
1078.9,0.265,0,6,0.163,0,1,0,1,False,False,False,False,True,True,False,False,False,True,False,False,True,False,False,False
6546.83,0.543,0,2,0.46,1,3,0,1,False,False,True,False,False,False,True,False,False,True,False,False,False,True,False,False
539.38,0.334,0,3,0.13,1,3,0,1,False,False,True,False,False,True,False,False,False,True,False,False,False,True,False,False
2637.78,0.087,0,4,0.203,0,4,0,1,False,False,False,False,True,True,False,False,False,False,False,True,False,False,False,True
5751.44,0.32,0,4,0.321,1,2,0,1,False,False,True,False,False,False,False,True,False,False,True,False,False,True,False,False
352.2,0.113,0,5,0.194,1,2,0,1,False,False,True,False,False,False,True,False,False,False,True,False,False,False,False,True
1043.32,0.248,0,7,0.182,0,2,1,1,False,False,True,False,False,False,False,True,False,False,True,False,False,False,False,True
1266.47,0.488,0,2,0.781,1,5,0,1,False,False,True,False,False,False,False,True,False,False,False,True,False,False,True,False
6739.79,0.168,0,4,0.103,0,6,0,1,False,False,False,True,False,False,False,True,False,True,False,False,False,False,False,True
656.61,0.648,0,14,0.133,1,8,0,1,False,False,True,False,False,False,True,False,False,False,False,True,False,True,False,False
578.1,0.06,0,8,0.159,0,3,1,1,False,False,False,False,True,False,True,False,False,True,False,False,False,False,True,False
531.1,0.078,1,0,0.24995735361917937,0,2,1,0,False,False,False,True,False,True,False,False,False,True,False,False,False,True,False,False
4126.42,0.416,0,13,0.345,1,7,1,1,False,False,True,False,False,True,False,False,False,False,True,False,False,False,True,False
1689.84,0.069,0,7,0.3,0,1,0,1,False,True,False,False,False,False,True,False,False,False,True,False,False,True,False,False
2572.32,0.178,0,7,0.196,1,1,0,1,False,False,True,False,False,False,False,False,True,True,False,False,False,True,False,False
250.0,0.067,0,7,0.408,0,2,0,1,False,True,False,False,False,True,False,False,False,True,False,False,False,True,False,False
4051.62,0.348,0,8,0.45,1,2,0,1,False,False,True,False,False,False,True,False,False,True,False,False,False,True,False,False
6991.97,0.051,0,3,0.696,0,1,0,1,False,False,False,False,True,False,True,False,False,False,True,False,False,True,False,False
669.05,0.198,0,6,0.0,1,4,0,1,True,False,False,False,False,False,True,False,False,False,False,True,False,True,False,False
4769.71,0.228,1,0,0.24995735361917937,0,5,0,0,False,False,False,False,True,True,False,False,False,False,True,False,False,True,False,False
250.0,0.216,0,7,0.386,0,2,0,1,False,False,False,False,True,False,True,False,False,False,True,False,False,False,True,False
2104.29,0.051,0,4,0.164,1,3,0,1,False,False,True,False,False,False,True,False,False,False,True,False,True,False,False,False
250.0,0.348,0,5,0.37,0,2,0,1,False,True,False,False,False,False,False,True,False,False,False,True,False,False,True,False
5209.89,0.274,0,9,0.394,0,9,0,1,False,True,False,False,False,True,False,False,False,False,False,True,True,False,False,False
3885.71,0.08,1,0,0.24995735361917937,0,5,0,0,True,False,False,False,False,False,True,False,False,False,False,True,True,False,False,False
250.0,0.177,1,0,0.24995735361917937,0,3,0,0,False,False,False,False,True,False,False,True,False,False,False,True,False,False,True,False
1043.96,0.551,0,9,0.206,0,4,0,1,False,True,False,False,False,False,True,False,False,True,False,False,False,True,False,False
5246.08,0.352,0,4,0.19,1,3,0,1,False,False,True,False,False,True,False,False,False,True,False,False,True,False,False,False
304.09,0.432,0,2,0.537,1,6,1,1,False,False,True,False,False,False,True,False,False,False,False,True,True,False,False,False
1980.86,0.521,0,3,0.31,0,1,0,1,False,True,False,False,False,False,True,False,False,False,True,False,False,False,True,False
870.61,0.45,0,6,0.09,0,3,0,1,True,False,False,False,False,False,True,False,False,False,True,False,True,False,False,False
393.11,0.354,0,4,0.223,1,1,0,1,False,False,True,False,False,False,False,True,False,True,False,False,False,False,False,True
685.09,0.355,0,2,0.224,1,2,0,1,False,False,True,False,False,True,False,False,False,True,False,False,False,False,True,False
4340.31,0.207,0,9,0.238,1,1,0,1,False,False,True,False,False,False,False,True,False,False,True,False,True,False,False,False
1150.54,0.439,0,7,0.198,0,2,0,1,False,False,False,False,True,False,True,False,False,False,True,False,False,True,False,False
14897.09,0.235,0,3,0.292,1,4,0,1,False,False,True,False,False,True,False,False,False,True,False,False,False,True,False,False
889.89,0.705,0,1,0.246,0,1,0,1,True,False,False,False,False,False,True,False,False,False,True,False,True,False,False,False
2831.41,0.339,0,8,0.168,0,5,0,1,False,True,False,False,False,True,False,False,False,False,True,False,False,False,True,False
4669.04,0.253,0,12,0.222,1,2,0,1,False,False,True,False,False,False,True,False,False,False,True,False,False,True,False,False
1403.86,0.275,0,9,0.222,0,1,1,1,False,False,False,False,True,False,False,True,False,True,False,False,False,False,True,False
668.0,0.229,0,1,0.026,1,3,0,1,False,False,True,False,False,False,False,True,False,True,False,False,True,False,False,False
1201.12,0.75,0,5,0.35,0,4,0,1,False,False,False,False,True,False,True,False,False,False,True,False,False,True,False,False
2711.68,0.054,0,1,0.313,1,2,0,1,False,False,True,False,False,False,True,False,False,True,False,False,True,False,False,False
667.55,0.446,0,4,0.158,0,4,1,1,False,False,False,False,True,False,False,False,True,False,False,True,False,True,False,False
566.47,0.294,0,1,0.309,1,7,0,1,True,False,False,False,False,False,True,False,False,True,False,False,False,True,False,False
266.29,0.152,0,6,0.336,0,5,0,1,False,False,False,False,True,False,False,True,False,True,False,False,False,False,True,False
3149.74,0.503,1,0,0.24995735361917937,1,3,0,0,True,False,False,False,False,False,True,False,False,True,False,False,True,False,False,False
250.0,0.309,0,1,0.126,0,5,0,1,False,False,False,False,True,False,False,True,False,False,True,False,False,True,False,False
2226.36,0.464,0,9,0.249,1,5,0,1,False,False,True,False,False,True,False,False,False,True,False,False,False,True,False,False
401.08,0.256,1,0,0.24995735361917937,0,6,0,0,False,False,True,False,False,False,False,True,False,False,False,True,True,False,False,False
313.46,0.143,0,1,0.264,0,1,0,1,False,False,False,True,False,False,True,False,False,True,False,False,False,True,False,False
861.39,0.257,0,2,0.417,0,2,0,1,True,False,False,False,False,True,False,False,False,True,False,False,False,True,False,False
755.47,0.151,0,9,0.421,1,6,0,1,False,False,True,False,False,True,False,False,False,True,False,False,False,False,False,True
19972.61,0.131,0,1,0.069,0,4,0,1,False,True,False,False,False,False,True,False,False,False,True,False,False,False,True,False
292.42,0.395,0,3,0.183,0,5,0,1,True,False,False,False,False,True,False,False,False,False,True,False,True,False,False,False
250.0,0.293,0,6,0.182,0,6,0,1,False,True,False,False,False,True,False,False,False,True,False,False,False,False,True,False
330.78,0.435,0,2,0.215,0,4,0,1,False,True,False,False,False,True,False,False,False,False,True,False,False,False,True,False
1614.48,0.057,0,5,0.387,1,3,0,1,False,False,True,False,False,False,True,False,False,True,False,False,False,True,False,False
250.0,0.348,0,4,0.0,0,5,1,1,False,False,False,False,True,True,False,False,False,False,False,True,True,False,False,False
1266.26,0.35,0,12,0.18,0,7,0,1,False,True,False,False,False,False,False,False,True,True,False,False,False,True,False,False
3258.98,0.174,0,5,0.06,0,8,0,1,False,False,False,True,False,True,False,False,False,False,False,True,False,True,False,False
3646.11,0.331,0,4,0.334,0,4,0,1,False,False,False,True,False,False,True,False,False,False,True,False,False,False,True,False
2024.51,0.326,0,11,0.314,0,2,0,1,True,False,False,False,False,True,False,False,False,True,False,False,True,False,False,False
461.78,0.184,0,6,0.179,1,7,1,1,False,False,True,False,False,True,False,False,False,False,False,True,False,True,False,False
1623.31,0.259,0,2,0.104,1,1,1,1,False,False,True,False,False,True,False,False,False,True,False,False,False,False,False,True
425.94,0.356,0,4,0.126,0,3,0,1,False,True,False,False,False,True,False,False,False,False,True,False,True,False,False,False
3340.65,0.109,0,1,0.41,0,1,0,1,True,False,False,False,False,True,False,False,False,False,True,False,True,False,False,False
6737.81,0.283,0,1,0.211,0,3,0,1,True,False,False,False,False,False,False,True,False,False,True,False,False,False,True,False
250.0,0.142,0,6,0.289,1,2,0,1,False,False,True,False,False,False,False,True,False,True,False,False,False,False,True,False
882.2,0.214,1,0,0.24995735361917937,1,1,1,0,False,False,True,False,False,False,True,False,False,False,True,False,False,True,False,False
974.05,0.103,0,10,0.223,0,3,0,1,False,True,False,False,False,False,True,False,False,True,False,False,False,False,False,True
1845.48,0.358,0,4,0.084,0,1,0,1,False,False,False,False,True,False,False,True,False,False,True,False,False,False,False,True
486.45,0.421,1,0,0.24995735361917937,0,5,1,0,False,True,False,False,False,False,False,True,False,False,False,True,False,False,False,True
1843.88,0.538,0,8,0.461,1,5,0,1,False,False,True,False,False,False,False,True,False,True,False,False,False,False,True,False
8055.3,0.132,0,8,0.187,0,3,0,1,False,False,False,True,False,False,True,False,False,True,False,False,False,True,False,False
2963.61,0.389,1,0,0.24995735361917937,1,5,1,0,False,False,True,False,False,True,False,False,False,False,False,True,True,False,False,False
611.9,0.402,1,0,0.24995735361917937,0,1,1,0,True,False,False,False,False,False,True,False,False,False,True,False,False,True,False,False
1714.18,0.256,0,10,0.212,0,6,0,1,False,False,False,True,False,False,False,True,False,False,False,True,True,False,False,False
1508.04,0.125,0,6,0.111,0,3,0,1,False,False,False,False,True,False,True,False,False,True,False,False,False,False,False,True
3066.08,0.307,0,3,0.454,0,2,1,1,False,False,False,False,True,True,False,False,False,True,False,False,False,True,False,False
5844.43,0.075,1,0,0.24995735361917937,1,4,0,0,False,False,True,False,False,True,False,False,False,False,True,False,False,True,False,False
1017.21,0.029,1,0,0.24995735361917937,0,2,0,0,False,False,False,True,False,False,False,True,False,True,False,False,False,True,False,False
250.0,0.356,0,9,0.315,1,4,0,1,False,False,True,False,False,False,False,False,True,False,False,True,False,False,True,False
647.02,0.189,0,6,0.297,0,6,0,1,True,False,False,False,False,True,False,False,False,True,False,False,False,False,False,True
365.48,0.167,0,4,0.18,1,5,0,1,False,False,True,False,False,False,False,False,True,False,False,True,False,True,False,False
2171.58,0.173,0,8,0.277,0,2,0,1,False,True,False,False,False,False,True,False,False,True,False,False,False,False,True,False
3271.86,0.369,0,17,0.0,0,3,0,1,False,True,False,False,False,False,True,False,False,True,False,False,False,True,False,False
753.46,0.36,0,1,0.236,0,3,0,1,False,True,False,False,False,False,False,True,False,True,False,False,False,False,True,False
370.6,0.368,0,13,0.153,0,1,0,1,False,False,False,True,False,False,True,False,False,False,True,False,True,False,False,False
5300.55,0.1,0,12,0.13,1,3,0,1,False,False,True,False,False,True,False,False,False,True,False,False,True,False,False,False
392.25,0.059,0,1,0.069,0,6,0,1,False,True,False,False,False,False,True,False,False,False,True,False,False,True,False,False
4588.05,0.05,0,16,0.154,0,2,0,1,False,False,False,True,False,False,True,False,False,False,True,False,False,False,True,False
3961.72,0.176,1,0,0.24995735361917937,1,2,1,0,False,False,True,False,False,False,True,False,False,False,True,False,False,False,False,True
314.57,0.028,0,6,0.195,0,4,0,1,False,True,False,False,False,False,False,True,False,False,True,False,False,False,False,True
7305.54,0.194,0,10,0.241,0,3,0,1,False,False,False,False,True,False,False,True,False,False,True,False,True,False,False,False
3371.69,0.724,0,10,0.348,1,3,0,1,False,False,True,False,False,False,False,True,False,False,True,False,True,False,False,False
6954.43,0.273,0,1,0.634,1,6,0,1,False,False,True,False,False,False,False,True,False,False,False,True,False,True,False,False
2420.51,0.606,0,8,0.283,0,2,0,1,True,False,False,False,False,False,True,False,False,True,False,False,True,False,False,False
1930.63,0.108,0,7,0.575,1,4,0,1,False,False,True,False,False,False,False,True,False,False,True,False,True,False,False,False
11409.59,0.177,0,3,0.47,0,4,0,1,False,True,False,False,False,False,True,False,False,True,False,False,False,False,True,False
554.06,0.092,0,11,0.303,1,3,1,1,False,False,True,False,False,False,False,True,False,True,False,False,True,False,False,False
1213.44,0.092,0,6,0.356,0,1,0,1,False,False,False,True,False,False,True,False,False,True,False,False,False,True,False,False
841.38,0.294,0,1,0.334,1,4,1,1,False,False,True,False,False,False,True,False,False,False,True,False,False,False,True,False
2071.95,0.212,0,7,0.454,1,3,0,1,False,False,True,False,False,False,False,True,False,False,True,False,False,True,False,False
1670.3,0.127,0,1,0.222,0,5,0,1,False,False,False,False,True,True,False,False,False,True,False,False,True,False,False,False
779.32,0.178,0,5,0.51,0,1,0,1,True,False,False,False,False,True,False,False,False,False,True,False,False,False,True,False
4313.29,0.216,0,7,0.212,0,5,0,1,False,False,False,True,False,True,False,False,False,True,False,False,False,False,True,False
5668.91,0.454,0,6,0.187,1,2,0,1,False,False,True,False,False,False,True,False,False,True,False,False,False,True,False,False
6649.29,0.141,0,3,0.0,0,1,0,1,False,False,False,False,True,False,True,False,False,True,False,False,False,True,False,False
985.35,0.263,1,0,0.24995735361917937,1,2,1,0,False,False,True,False,False,True,False,False,False,False,False,True,True,False,False,False
1119.46,0.139,0,12,0.124,1,1,0,1,False,False,True,False,False,False,True,False,False,False,True,False,False,False,True,False
615.17,0.393,0,3,0.369,0,6,0,1,False,False,False,True,False,True,False,False,False,True,False,False,False,True,False,False
560.09,0.486,0,4,0.351,0,3,0,1,False,False,False,False,True,True,False,False,False,True,False,False,True,False,False,False
2622.87,0.588,0,2,0.547,1,3,1,1,False,False,True,False,False,False,False,True,False,True,False,False,False,False,False,True
363.83,0.031,1,0,0.24995735361917937,0,7,0,0,False,True,False,False,False,False,False,True,False,False,False,True,False,False,True,False
2835.58,0.266,0,6,0.151,0,2,1,1,False,True,False,False,False,False,True,False,False,True,False,False,False,False,False,True
1408.41,0.078,0,5,0.402,0,1,0,1,False,True,False,False,False,False,True,False,False,True,False,False,False,True,False,False
632.01,0.491,0,7,0.207,0,3,0,1,False,False,False,True,False,True,False,False,False,True,False,False,False,False,True,False
8402.63,0.551,0,10,0.213,1,6,0,1,False,False,True,False,False,False,False,True,False,False,False,True,False,False,False,True
921.27,0.309,0,2,0.273,0,1,0,1,False,False,False,True,False,False,False,True,False,False,True,False,False,True,False,False
810.14,0.447,0,1,0.175,0,2,0,1,False,False,False,True,False,False,True,False,False,False,True,False,True,False,False,False
9457.59,0.436,0,6,0.361,1,3,0,1,False,False,True,False,False,False,True,False,False,True,False,False,False,True,False,False
1397.0,0.293,0,11,0.104,1,3,1,1,False,False,True,False,False,False,True,False,False,False,True,False,False,True,False,False
250.0,0.311,1,0,0.24995735361917937,1,3,1,0,False,False,True,False,False,True,False,False,False,False,True,False,True,False,False,False
1984.61,0.268,0,5,0.244,1,5,0,1,False,False,True,False,False,False,False,False,True,False,False,True,True,False,False,False
865.1,0.107,0,5,0.29,1,2,1,1,False,False,True,False,False,True,False,False,False,True,False,False,False,True,False,False
3111.6,0.104,0,7,0.339,0,1,0,1,False,True,False,False,False,True,False,False,False,False,True,False,False,False,True,False
250.0,0.633,0,12,0.426,0,7,1,1,False,False,False,False,True,True,False,False,False,False,False,True,False,True,False,False
4988.01,0.181,0,2,0.265,0,3,1,1,False,False,False,False,True,False,False,True,False,False,True,False,False,True,False,False
2910.36,0.263,0,3,0.553,0,2,0,1,False,False,False,True,False,False,False,False,True,True,False,False,True,False,False,False
1198.98,0.414,0,6,0.261,0,1,1,1,False,False,False,False,True,False,False,True,False,False,True,False,False,False,False,True
479.3,0.387,0,8,0.238,0,5,0,1,False,False,False,True,False,False,False,True,False,False,True,False,True,False,False,False
1024.05,0.275,0,9,0.149,0,4,0,1,True,False,False,False,False,False,True,False,False,False,False,True,False,True,False,False
1056.04,0.046,0,13,0.316,1,4,0,1,False,False,True,False,False,False,True,False,False,False,True,False,False,True,False,False
367.02,0.096,0,1,0.495,1,1,0,1,False,False,True,False,False,False,False,True,False,False,True,False,False,False,False,True
660.53,0.524,0,6,0.057,0,3,0,1,False,False,False,True,False,False,False,True,False,False,False,True,True,False,False,False
975.87,0.258,0,10,0.213,0,5,0,1,False,False,False,False,True,True,False,False,False,False,False,True,False,False,True,False
1197.24,0.401,0,7,0.157,0,3,0,1,False,True,False,False,False,False,True,False,False,True,False,False,True,False,False,False
2152.47,0.234,0,2,0.108,1,3,0,1,False,False,True,False,False,False,True,False,False,False,True,False,False,False,True,False
1228.49,0.231,0,9,0.278,1,1,1,1,True,False,False,False,False,False,True,False,False,False,True,False,False,False,False,True
4124.24,0.376,0,9,0.384,1,3,1,1,False,False,True,False,False,True,False,False,False,True,False,False,False,False,True,False
874.34,0.039,0,3,0.157,0,2,0,1,False,False,False,False,True,False,False,True,False,True,False,False,False,True,False,False
2259.54,0.234,0,7,0.188,0,8,0,1,False,True,False,False,False,False,True,False,False,False,True,False,False,True,False,False
1707.55,0.298,0,6,0.274,0,3,0,1,False,True,False,False,False,False,False,True,False,False,True,False,True,False,False,False
1724.97,0.133,0,14,0.095,0,8,0,1,False,False,False,False,True,False,False,True,False,False,False,True,False,True,False,False
1080.6,0.206,0,3,0.1,0,2,0,1,False,True,False,False,False,False,True,False,False,True,False,False,False,False,True,False
413.23,0.526,0,12,0.207,1,7,0,1,False,False,True,False,False,False,True,False,False,True,False,False,False,False,True,False
316.95,0.314,0,1,0.493,0,6,1,1,False,False,True,False,False,False,True,False,False,False,False,True,True,False,False,False
575.71,0.058,0,14,0.435,0,4,0,1,True,False,False,False,False,True,False,False,False,True,False,False,False,True,False,False
1427.04,0.445,0,5,0.121,0,6,0,1,False,False,True,False,False,True,False,False,False,False,False,True,True,False,False,False
2416.86,0.019,1,0,0.24995735361917937,0,4,0,0,False,False,False,False,True,True,False,False,False,False,True,False,True,False,False,False
1026.09,0.109,0,5,0.239,0,3,1,1,False,False,True,False,False,False,True,False,False,False,False,True,True,False,False,False
324.94,0.495,0,8,0.491,0,2,0,1,False,False,False,False,True,False,True,False,False,False,True,False,True,False,False,False
1132.24,0.141,0,14,0.143,1,1,1,1,False,False,True,False,False,True,False,False,False,False,True,False,True,False,False,False
1101.91,0.38,0,6,0.407,0,3,0,1,False,False,False,True,False,False,True,False,False,False,True,False,False,False,False,True
1655.76,0.117,0,15,0.082,0,8,0,1,False,True,False,False,False,True,False,False,False,False,False,True,False,False,True,False
503.5,0.137,0,15,0.525,0,3,0,1,False,False,True,False,False,False,True,False,False,True,False,False,False,False,True,False
458.35,0.106,0,7,0.57,0,2,0,1,False,False,False,True,False,True,False,False,False,True,False,False,False,True,False,False
334.57,0.246,0,3,0.3,1,3,0,1,False,False,True,False,False,False,True,False,False,True,False,False,True,False,False,False
322.45,0.116,0,1,0.077,0,3,1,1,True,False,False,False,False,False,True,False,False,False,False,True,True,False,False,False
250.0,0.615,0,1,0.4,0,2,0,1,False,True,False,False,False,False,True,False,False,True,False,False,True,False,False,False
6852.17,0.447,1,0,0.24995735361917937,1,8,1,0,False,False,True,False,False,False,True,False,False,False,False,True,False,True,False,False
1326.52,0.251,0,1,0.257,1,5,0,1,False,False,True,False,False,False,True,False,False,False,True,False,False,True,False,False
1095.81,0.13,0,2,0.101,0,3,0,1,False,False,False,True,False,False,True,False,False,True,False,False,False,True,False,False
2277.09,0.419,0,13,0.296,0,4,0,1,False,False,False,False,True,True,False,False,False,False,True,False,True,False,False,False
1465.99,0.447,0,3,0.545,0,7,1,1,False,True,False,False,False,False,True,False,False,False,False,True,True,False,False,False
1960.54,0.55,0,1,0.364,1,3,0,1,True,False,False,False,False,True,False,False,False,False,True,False,True,False,False,False
1667.62,0.095,0,11,0.117,0,4,0,1,False,False,False,False,True,False,True,False,False,False,True,False,True,False,False,False
591.05,0.331,0,1,0.151,0,8,0,1,False,False,False,False,True,True,False,False,False,True,False,False,False,True,False,False
826.61,0.414,0,6,0.152,1,1,1,1,False,False,True,False,False,True,False,False,False,True,False,False,False,False,True,False
1994.58,0.482,1,0,0.24995735361917937,0,5,1,0,False,True,False,False,False,True,False,False,False,False,False,True,True,False,False,False
344.85,0.396,0,4,0.262,1,3,1,1,False,False,True,False,False,False,False,False,True,True,False,False,False,False,False,True
16176.97,0.141,0,8,0.2,1,4,0,1,False,False,True,False,False,True,False,False,False,False,False,True,False,True,False,False
1190.52,0.225,1,0,0.24995735361917937,0,3,0,0,False,False,False,True,False,True,False,False,False,True,False,False,False,False,True,False
4608.21,0.459,0,7,0.402,1,4,0,1,False,False,True,False,False,False,True,False,False,False,True,False,False,True,False,False
3728.83,0.543,0,7,0.314,0,2,0,1,True,False,False,False,False,True,False,False,False,True,False,False,False,False,False,True
536.01,0.064,0,9,0.307,0,4,0,1,False,False,False,True,False,False,True,False,False,False,False,True,False,False,False,True
551.62,0.223,0,8,0.285,1,4,0,1,False,False,True,False,False,False,True,False,False,True,False,False,True,False,False,False
926.0,0.389,0,5,0.444,0,2,0,1,False,False,False,False,True,False,True,False,False,True,False,False,False,True,False,False
1359.37,0.043,1,0,0.24995735361917937,0,5,0,0,True,False,False,False,False,False,True,False,False,False,False,True,False,False,True,False
4112.53,0.106,0,7,0.456,1,3,1,1,False,False,True,False,False,True,False,False,False,False,True,False,False,True,False,False
1073.45,0.459,0,4,0.488,0,3,0,1,False,False,False,False,True,False,True,False,False,False,True,False,True,False,False,False
433.15,0.455,0,15,0.288,1,6,1,1,False,False,True,False,False,False,True,False,False,False,True,False,False,True,False,False
250.0,0.152,0,7,0.51,0,5,0,1,False,False,False,False,True,False,False,False,True,False,True,False,False,True,False,False
1429.97,0.398,0,5,0.317,0,1,0,1,False,False,False,False,True,True,False,False,False,True,False,False,False,True,False,False
2918.72,0.355,1,0,0.24995735361917937,0,2,0,0,False,True,False,False,False,True,False,False,False,False,True,False,False,True,False,False
1690.32,0.383,0,13,0.251,0,5,1,1,False,False,False,False,True,False,False,False,True,False,False,True,False,False,True,False
1517.06,0.274,0,1,0.323,0,4,0,1,False,False,False,True,False,False,True,False,False,False,True,False,False,False,False,True
407.58,0.262,0,1,0.33,0,1,0,1,True,False,False,False,False,False,False,True,False,True,False,False,False,True,False,False
2922.73,0.633,0,1,0.099,0,2,0,1,False,False,False,True,False,True,False,False,False,True,False,False,False,True,False,False
3744.06,0.093,0,5,0.053,1,6,0,1,True,False,False,False,False,False,True,False,False,True,False,False,False,False,True,False
1871.51,0.053,0,4,0.709,1,1,0,1,False,False,True,False,False,False,True,False,False,False,True,False,False,False,True,False
642.09,0.324,0,6,0.43,1,2,0,1,False,False,True,False,False,False,True,False,False,True,False,False,False,True,False,False
3556.55,0.506,0,7,0.011,0,1,0,1,False,False,False,True,False,False,False,True,False,False,True,False,False,True,False,False
1335.98,0.42,0,1,0.27,0,4,1,1,False,False,False,False,True,False,True,False,False,True,False,False,False,False,True,False
979.53,0.176,0,10,0.353,0,2,0,1,True,False,False,False,False,False,True,False,False,False,True,False,False,False,False,True
1720.02,0.33,0,5,0.07,1,1,0,1,False,False,True,False,False,False,True,False,False,True,False,False,False,True,False,False
2469.94,0.263,1,0,0.24995735361917937,1,1,1,0,False,False,True,False,False,True,False,False,False,False,True,False,False,False,True,False
3760.25,0.128,0,3,0.188,0,3,0,1,False,False,False,False,True,True,False,False,False,False,True,False,False,True,False,False
1746.45,0.293,0,15,0.167,1,5,0,1,False,False,True,False,False,True,False,False,False,False,True,False,False,False,True,False
2487.74,0.298,0,1,0.378,0,4,0,1,False,False,False,False,True,False,False,False,True,True,False,False,False,True,False,False
591.09,0.329,0,2,0.428,0,2,0,1,True,False,False,False,False,False,False,True,False,False,False,True,False,False,False,True
5750.06,0.592,1,0,0.24995735361917937,0,2,1,0,True,False,False,False,False,False,True,False,False,False,True,False,False,False,False,True
20000.0,0.443,0,5,0.1,0,7,0,1,False,True,False,False,False,False,True,False,False,False,False,True,True,False,False,False
2282.17,0.154,1,0,0.24995735361917937,0,2,0,0,False,False,False,False,True,False,False,True,False,True,False,False,False,True,False,False
865.45,0.449,0,2,0.698,0,4,0,1,False,False,False,True,False,False,False,False,True,False,True,False,True,False,False,False
800.34,0.042,0,2,0.235,0,4,0,1,False,False,False,True,False,True,False,False,False,False,False,True,False,False,True,False
882.55,0.749,0,13,0.13,0,3,0,1,False,False,False,True,False,False,False,True,False,False,True,False,False,False,False,True
6321.91,0.097,1,0,0.24995735361917937,0,1,0,0,False,True,False,False,False,True,False,False,False,True,False,False,False,False,False,True
15106.15,0.333,0,4,0.655,1,2,0,1,False,False,True,False,False,False,True,False,False,False,True,False,False,True,False,False
4328.74,0.33,0,9,0.368,0,1,0,1,False,True,False,False,False,True,False,False,False,False,True,False,False,True,False,False
250.0,0.181,0,5,0.035,0,7,0,1,False,False,False,True,False,False,True,False,False,False,False,True,True,False,False,False
3465.31,0.18,0,10,0.24,0,5,0,1,False,False,False,False,True,False,False,False,True,False,False,True,False,True,False,False
707.47,0.067,0,11,0.207,0,5,0,1,False,True,False,False,False,False,False,False,True,True,False,False,False,True,False,False
9141.01,0.403,0,1,0.183,1,5,0,1,False,False,True,False,False,False,True,False,False,False,False,True,False,False,True,False
2137.05,0.349,0,2,0.305,0,4,0,1,False,False,True,False,False,False,True,False,False,True,False,False,False,False,True,False
11467.84,0.331,0,6,0.365,0,2,0,1,False,False,False,False,True,True,False,False,False,False,True,False,False,True,False,False
670.86,0.431,0,6,0.064,0,1,0,1,True,False,False,False,False,True,False,False,False,True,False,False,False,True,False,False
819.92,0.247,1,0,0.24995735361917937,1,3,0,0,False,False,True,False,False,False,False,True,False,True,False,False,False,False,False,True
1023.07,0.238,0,5,0.256,0,4,0,1,False,False,False,False,True,False,False,True,False,False,False,True,False,True,False,False
794.63,0.265,0,4,0.501,0,1,0,1,False,False,False,False,True,False,True,False,False,False,True,False,False,True,False,False
5241.59,0.115,0,1,0.389,0,7,0,1,False,True,False,False,False,False,True,False,False,False,False,True,True,False,False,False
250.0,0.213,1,0,0.24995735361917937,0,1,0,0,False,False,False,False,True,False,True,False,False,False,True,False,False,False,True,False
4177.41,0.163,1,0,0.24995735361917937,0,2,0,0,False,True,False,False,False,False,False,True,False,True,False,False,True,False,False,False
250.0,0.594,0,3,0.416,0,4,0,1,True,False,False,False,False,True,False,False,False,False,True,False,False,True,False,False
2096.74,0.413,0,10,0.06,0,5,0,1,False,False,True,False,False,False,True,False,False,True,False,False,True,False,False,False
16523.72,0.309,0,8,0.235,0,4,0,1,False,True,False,False,False,True,False,False,False,True,False,False,True,False,False,False
899.26,0.446,0,1,0.249,1,1,1,1,False,False,True,False,False,False,True,False,False,False,True,False,False,False,False,True
1731.43,0.035,0,2,0.114,0,2,0,1,False,False,False,False,True,False,True,False,False,False,False,True,False,False,False,True
1490.07,0.438,0,4,0.254,0,2,0,1,False,True,False,False,False,False,False,True,False,False,True,False,False,False,True,False
684.34,0.233,0,2,0.087,0,8,0,1,False,False,True,False,False,False,False,True,False,False,True,False,True,False,False,False
11080.77,0.097,0,4,0.385,0,7,0,1,False,False,False,False,True,True,False,False,False,True,False,False,False,True,False,False
896.95,0.357,0,6,0.208,1,5,0,1,False,False,True,False,False,False,True,False,False,False,True,False,False,False,True,False
461.99,0.384,0,8,0.284,1,1,1,1,False,False,True,False,False,False,True,False,False,False,True,False,False,False,False,True
2382.78,0.325,0,4,0.0,0,2,0,1,False,False,False,False,True,False,True,False,False,True,False,False,False,True,False,False
2651.04,0.283,0,7,0.427,1,7,0,1,False,False,True,False,False,False,True,False,False,True,False,False,False,False,False,True
2155.96,0.198,0,6,0.688,0,1,1,1,False,False,False,False,True,False,True,False,False,False,True,False,False,True,False,False
1880.7,0.549,0,2,0.319,0,4,1,1,False,False,False,False,True,True,False,False,False,False,False,True,True,False,False,False
252.25,0.56,0,2,0.257,0,4,0,1,False,True,False,False,False,True,False,False,False,False,True,False,True,False,False,False
3644.93,0.319,1,0,0.24995735361917937,0,1,1,0,True,False,False,False,False,True,False,False,False,False,True,False,False,False,False,True
2612.51,0.12,0,8,0.208,0,2,0,1,False,False,False,False,True,False,False,True,False,True,False,False,False,False,False,True
10082.9,0.184,0,16,0.236,0,4,0,1,False,False,True,False,False,False,True,False,False,False,True,False,False,False,False,True
470.63,0.235,0,14,0.232,0,1,0,1,False,False,False,False,True,True,False,False,False,False,True,False,False,False,True,False
458.79,0.388,0,9,0.507,0,1,1,1,False,False,True,False,False,True,False,False,False,True,False,False,False,False,True,False
1645.64,0.136,0,1,0.233,1,2,0,1,False,False,True,False,False,False,True,False,False,True,False,False,False,False,True,False
458.94,0.301,0,2,0.116,0,10,0,1,True,False,False,False,False,True,False,False,False,False,True,False,False,True,False,False
877.51,0.24,0,7,0.19,0,5,0,1,False,False,False,False,True,False,False,True,False,False,True,False,True,False,False,False
3104.09,0.189,0,2,0.344,0,2,0,1,False,False,False,False,True,False,True,False,False,False,True,False,False,False,False,True
250.0,0.392,0,2,0.245,1,5,0,1,False,False,True,False,False,True,False,False,False,True,False,False,True,False,False,False
5010.63,0.281,0,3,0.234,0,2,0,1,False,False,False,False,True,False,True,False,False,True,False,False,False,False,False,True
646.7,0.277,0,5,0.296,0,4,1,1,False,False,False,False,True,False,False,True,False,True,False,False,False,True,False,False
1399.62,0.24,0,1,0.497,1,3,0,1,False,False,True,False,False,True,False,False,False,False,False,True,False,True,False,False
4402.72,0.117,0,3,0.42,1,3,0,1,False,False,True,False,False,True,False,False,False,False,True,False,True,False,False,False
765.53,0.374,0,2,0.009,0,5,0,1,True,False,False,False,False,False,False,True,False,True,False,False,False,True,False,False
765.4,0.166,0,1,0.246,1,2,1,1,False,False,True,False,False,False,False,True,False,True,False,False,False,True,False,False
1568.87,0.168,0,7,0.154,0,5,0,1,False,False,True,False,False,False,True,False,False,False,True,False,False,False,True,False
1337.79,0.153,0,2,0.253,1,1,1,1,False,False,True,False,False,True,False,False,False,True,False,False,False,True,False,False
250.0,0.305,0,2,0.244,1,1,0,1,False,False,True,False,False,False,False,True,False,True,False,False,True,False,False,False
815.81,0.138,0,1,0.575,1,2,1,1,False,False,True,False,False,False,True,False,False,True,False,False,False,False,False,True
471.32,0.198,0,8,0.369,1,5,1,1,False,False,True,False,False,True,False,False,False,False,False,True,False,True,False,False
2333.15,0.146,0,1,0.347,0,3,0,1,True,False,False,False,False,False,False,True,False,False,True,False,False,True,False,False
2028.67,0.081,0,11,0.132,1,6,0,1,False,False,True,False,False,False,True,False,False,True,False,False,False,True,False,False
8484.73,0.493,1,0,0.24995735361917937,1,1,1,0,False,False,True,False,False,True,False,False,False,True,False,False,False,True,False,False
414.47,0.141,0,2,0.039,0,4,0,1,False,True,False,False,False,False,True,False,False,False,False,True,False,True,False,False
386.19,0.308,0,3,0.449,0,3,0,1,False,False,False,False,True,True,False,False,False,False,True,False,False,False,True,False
377.5,0.63,0,16,0.09,1,1,0,1,False,False,True,False,False,False,False,True,False,True,False,False,False,False,True,False
2131.68,0.488,0,9,0.423,1,1,0,1,False,False,True,False,False,False,True,False,False,True,False,False,False,False,True,False
11667.28,0.301,0,9,0.34,0,6,0,1,False,False,False,False,True,False,False,True,False,True,False,False,False,True,False,False
1305.2,0.066,0,12,0.234,0,5,0,1,True,False,False,False,False,False,True,False,False,True,False,False,False,True,False,False
5725.46,0.263,0,1,0.225,0,2,0,1,True,False,False,False,False,False,True,False,False,True,False,False,True,False,False,False
302.06,0.169,0,1,0.128,0,2,1,1,False,False,False,False,True,True,False,False,False,False,True,False,False,True,False,False
2940.04,0.338,0,4,0.11,1,4,1,1,True,False,False,False,False,False,True,False,False,False,True,False,False,True,False,False
1937.59,0.103,0,8,0.365,0,4,0,1,False,False,False,False,True,False,False,True,False,True,False,False,True,False,False,False
280.9,0.276,0,8,0.147,0,4,0,1,False,True,False,False,False,True,False,False,False,True,False,False,True,False,False,False
377.05,0.161,0,12,0.255,0,6,1,1,False,False,False,False,True,False,True,False,False,False,False,True,False,True,False,False
626.05,0.091,0,7,0.305,0,3,0,1,False,True,False,False,False,False,False,False,True,False,True,False,False,False,False,True
250.0,0.191,1,0,0.24995735361917937,1,1,0,0,False,False,True,False,False,False,False,True,False,False,True,False,False,False,True,False
9085.26,0.555,0,1,0.308,0,2,0,1,False,False,False,True,False,False,True,False,False,True,False,False,True,False,False,False
4220.16,0.35,0,3,0.073,0,6,0,1,False,False,False,False,True,False,False,True,False,False,True,False,False,True,False,False
3176.16,0.155,0,6,0.088,1,5,0,1,False,False,True,False,False,False,True,False,False,False,True,False,True,False,False,False
250.0,0.379,0,7,0.216,0,4,0,1,False,True,False,False,False,False,True,False,False,False,False,True,True,False,False,False
654.1,0.11,1,0,0.24995735361917937,0,2,1,0,True,False,False,False,False,True,False,False,False,False,True,False,False,False,True,False
336.94,0.356,0,4,0.094,0,3,0,1,True,False,False,False,False,False,False,True,False,False,True,False,False,True,False,False
1967.84,0.143,0,3,0.108,0,4,0,1,True,False,False,False,False,True,False,False,False,True,False,False,False,True,False,False
1452.87,0.335,0,2,0.223,0,3,0,1,False,False,False,False,True,True,False,False,False,True,False,False,False,True,False,False
1615.32,0.352,0,3,0.341,1,3,0,1,False,False,True,False,False,False,True,False,False,False,True,False,False,False,True,False
995.31,0.358,0,3,0.342,0,3,0,1,False,False,True,False,False,False,True,False,False,False,False,True,False,False,True,False
461.56,0.199,0,5,0.147,0,2,0,1,False,False,False,False,True,True,False,False,False,True,False,False,True,False,False,False
250.0,0.209,0,3,0.025,0,3,0,1,False,False,False,False,True,False,False,True,False,True,False,False,True,False,False,False
250.0,0.389,0,14,0.149,0,2,0,1,False,False,False,True,False,False,False,True,False,True,False,False,True,False,False,False
4230.17,0.257,0,3,0.351,0,4,0,1,False,False,False,True,False,True,False,False,False,True,False,False,False,False,True,False
397.08,0.16,0,10,0.144,0,6,0,1,False,True,False,False,False,True,False,False,False,False,True,False,False,False,True,False
254.54,0.039,0,1,0.137,0,1,0,1,False,False,False,True,False,False,False,False,True,True,False,False,False,False,True,False
2438.37,0.466,0,1,0.298,0,2,0,1,True,False,False,False,False,False,True,False,False,True,False,False,False,True,False,False
1387.82,0.105,0,3,0.048,1,5,0,1,False,False,True,False,False,False,False,True,False,False,False,True,False,True,False,False
2498.92,0.024,0,9,0.192,1,6,0,1,True,False,False,False,False,True,False,False,False,True,False,False,False,False,False,True
1046.52,0.137,0,10,0.147,0,6,0,1,False,True,False,False,False,False,True,False,False,False,False,True,False,False,True,False
5904.55,0.232,0,10,0.298,0,4,0,1,False,False,False,False,True,False,True,False,False,True,False,False,True,False,False,False
4752.83,0.06,1,0,0.24995735361917937,0,1,0,0,False,False,False,False,True,False,True,False,False,True,False,False,True,False,False,False
3150.28,0.11,0,10,0.325,1,3,1,1,False,False,True,False,False,False,True,False,False,True,False,False,False,False,False,True
1261.38,0.382,0,8,0.425,0,1,0,1,True,False,False,False,False,False,False,True,False,True,False,False,False,True,False,False
1065.69,0.32,0,3,0.015,0,1,0,1,False,True,False,False,False,False,True,False,False,True,False,False,False,True,False,False
1703.64,0.416,0,13,0.0,0,5,0,1,False,False,False,False,True,False,False,True,False,True,False,False,False,True,False,False
346.19,0.043,0,4,0.419,1,2,0,1,False,False,True,False,False,False,False,True,False,False,True,False,True,False,False,False
839.56,0.317,0,1,0.362,0,1,1,1,False,False,False,False,True,False,True,False,False,True,False,False,True,False,False,False
2023.4,0.361,0,4,0.568,0,6,0,1,True,False,False,False,False,True,False,False,False,True,False,False,False,False,False,True
3672.68,0.49,0,3,0.9,1,2,0,1,False,False,True,False,False,True,False,False,False,True,False,False,True,False,False,False
2315.39,0.544,0,2,0.118,0,4,0,1,False,False,False,False,True,False,True,False,False,False,False,True,False,True,False,False
19757.02,0.249,0,13,0.224,0,1,0,1,True,False,False,False,False,False,True,False,False,True,False,False,False,False,False,True
3631.48,0.413,0,7,0.596,1,5,1,1,False,False,True,False,False,True,False,False,False,False,False,True,False,False,True,False
599.9,0.18,0,2,0.112,0,3,0,1,True,False,False,False,False,False,True,False,False,True,False,False,False,False,True,False
778.79,0.141,1,0,0.24995735361917937,0,5,0,0,False,False,False,False,True,False,False,True,False,True,False,False,False,False,True,False
4787.81,0.574,0,15,0.115,0,4,0,1,False,False,False,True,False,False,False,True,False,False,True,False,False,True,False,False
1987.3,0.141,1,0,0.24995735361917937,0,4,0,0,False,True,False,False,False,False,False,True,False,True,False,False,False,True,False,False
634.55,0.272,0,6,0.421,0,5,0,1,False,False,True,False,False,True,False,False,False,False,True,False,False,False,True,False
2233.63,0.157,0,4,0.202,0,1,0,1,False,True,False,False,False,False,False,False,True,True,False,False,False,True,False,False
361.81,0.448,0,12,0.273,0,1,1,1,True,False,False,False,False,True,False,False,False,False,True,False,False,False,False,True
15699.92,0.597,0,5,0.212,0,4,0,1,True,False,False,False,False,True,False,False,False,False,False,True,True,False,False,False
250.0,0.129,0,2,0.103,0,3,0,1,False,False,False,False,True,True,False,False,False,False,True,False,True,False,False,False
1173.55,0.455,0,10,0.223,0,6,1,1,False,False,False,False,True,False,True,False,False,False,True,False,False,False,False,True
3364.07,0.083,0,8,0.275,0,3,0,1,False,False,False,False,True,False,True,False,False,True,False,False,False,False,True,False
2985.67,0.097,0,4,0.263,1,3,0,1,True,False,False,False,False,False,True,False,False,False,True,False,False,False,True,False
14927.96,0.201,0,11,0.42,1,1,0,1,False,False,True,False,False,False,True,False,False,False,True,False,True,False,False,False
1635.88,0.237,0,3,0.447,1,2,0,1,False,False,True,False,False,False,True,False,False,False,True,False,False,False,True,False
4948.44,0.359,0,2,0.687,0,1,0,1,False,True,False,False,False,False,True,False,False,False,True,False,True,False,False,False
734.58,0.434,0,5,0.568,1,3,0,1,False,False,True,False,False,True,False,False,False,False,True,False,False,False,False,True
1456.58,0.028,0,1,0.306,0,2,0,1,False,False,False,True,False,False,False,True,False,True,False,False,False,False,True,False
454.11,0.263,0,7,0.041,0,1,0,1,False,False,True,False,False,False,False,True,False,True,False,False,False,True,False,False
4241.6,0.498,1,0,0.24995735361917937,1,7,1,0,False,False,True,False,False,True,False,False,False,True,False,False,False,False,True,False
2442.87,0.099,0,1,0.288,0,3,0,1,False,False,False,True,False,True,False,False,False,False,True,False,True,False,False,False
3719.68,0.071,0,1,0.196,1,4,1,1,False,False,True,False,False,True,False,False,False,False,True,False,False,True,False,False
250.0,0.592,0,9,0.373,0,5,0,1,False,False,False,False,True,False,False,False,True,False,True,False,False,False,True,False
6825.02,0.355,0,1,0.0,1,1,0,1,False,False,True,False,False,False,True,False,False,False,True,False,True,False,False,False
428.6,0.336,0,2,0.509,0,2,0,1,True,False,False,False,False,False,False,True,False,False,True,False,True,False,False,False
3284.95,0.195,1,0,0.24995735361917937,1,4,0,0,False,False,True,False,False,True,False,False,False,False,True,False,False,False,False,True
688.92,0.341,1,0,0.24995735361917937,1,3,1,0,False,False,True,False,False,True,False,False,False,False,True,False,True,False,False,False
682.19,0.405,0,5,0.388,1,7,1,1,False,False,True,False,False,True,False,False,False,False,False,True,False,False,False,True
2260.61,0.561,0,7,0.132,0,3,0,1,True,False,False,False,False,True,False,False,False,True,False,False,False,True,False,False
2643.53,0.353,0,8,0.293,1,5,0,1,False,False,True,False,False,True,False,False,False,True,False,False,True,False,False,False
5170.19,0.437,0,17,0.157,0,1,0,1,False,True,False,False,False,False,True,False,False,False,True,False,True,False,False,False
947.45,0.31,0,1,0.532,0,1,0,1,False,False,False,True,False,True,False,False,False,True,False,False,False,True,False,False
1089.97,0.75,0,1,0.458,1,2,1,1,False,False,True,False,False,False,False,True,False,False,True,False,False,False,True,False
1134.34,0.141,0,2,0.174,1,5,0,1,False,False,True,False,False,False,False,True,False,True,False,False,False,False,False,True
1661.87,0.141,0,4,0.372,1,8,1,1,False,False,True,False,False,False,True,False,False,True,False,False,True,False,False,False
803.07,0.503,0,2,0.204,1,3,0,1,False,False,True,False,False,False,False,False,True,True,False,False,True,False,False,False
1105.44,0.374,0,14,0.219,0,2,1,1,False,True,False,False,False,False,False,True,False,False,True,False,False,False,True,False
250.0,0.016,1,0,0.24995735361917937,0,4,0,0,False,False,False,True,False,False,True,False,False,False,False,True,False,False,True,False
991.64,0.427,0,4,0.192,1,5,0,1,False,False,True,False,False,False,False,True,False,False,False,True,False,False,False,True
1023.24,0.122,0,6,0.172,1,6,0,1,False,False,True,False,False,False,False,True,False,False,False,True,False,False,False,True
792.34,0.497,0,9,0.425,1,7,0,1,False,False,True,False,False,False,True,False,False,False,False,True,False,True,False,False
3245.59,0.146,0,4,0.112,0,1,0,1,False,True,False,False,False,True,False,False,False,True,False,False,False,False,False,True
1497.17,0.139,0,1,0.022,1,3,1,1,True,False,False,False,False,True,False,False,False,True,False,False,False,False,False,True
621.5,0.302,0,1,0.745,1,2,0,1,False,False,True,False,False,False,True,False,False,True,False,False,False,True,False,False
2461.7,0.116,0,17,0.019,0,2,0,1,False,True,False,False,False,True,False,False,False,True,False,False,False,False,False,True
506.06,0.205,0,5,0.401,1,2,0,1,False,False,True,False,False,False,False,False,True,True,False,False,False,True,False,False
1002.47,0.085,0,2,0.577,1,2,1,1,False,False,True,False,False,True,False,False,False,False,True,False,False,True,False,False
736.43,0.218,0,5,0.159,0,5,0,1,True,False,False,False,False,False,True,False,False,True,False,False,False,True,False,False
250.0,0.221,0,5,0.304,0,2,0,1,False,False,False,False,True,True,False,False,False,True,False,False,False,True,False,False
3296.17,0.47,0,4,0.082,0,3,0,1,False,False,False,False,True,False,True,False,False,False,True,False,False,False,False,True
649.79,0.289,0,3,0.13,1,1,0,1,False,False,True,False,False,True,False,False,False,False,True,False,True,False,False,False
250.0,0.153,0,3,0.204,1,3,1,1,False,False,True,False,False,False,False,False,True,False,False,True,False,True,False,False
1269.21,0.074,0,3,0.65,0,2,0,1,False,False,False,True,False,False,True,False,False,True,False,False,False,True,False,False
2709.61,0.498,0,4,0.374,0,1,0,1,False,False,False,True,False,False,True,False,False,False,True,False,True,False,False,False
1113.65,0.064,1,0,0.24995735361917937,1,2,0,0,False,False,True,False,False,False,False,True,False,True,False,False,False,True,False,False
251.0,0.067,0,7,0.312,1,1,0,1,False,False,True,False,False,False,True,False,False,False,True,False,False,True,False,False
250.0,0.209,0,6,0.245,0,8,0,1,True,False,False,False,False,False,True,False,False,False,True,False,False,True,False,False
1832.4,0.109,0,1,0.396,0,3,1,1,False,False,False,False,True,False,True,False,False,False,True,False,False,True,False,False
5710.91,0.295,0,1,0.247,0,3,0,1,True,False,False,False,False,False,True,False,False,False,True,False,True,False,False,False
3857.61,0.75,0,18,0.167,0,4,0,1,True,False,False,False,False,False,False,True,False,True,False,False,False,False,False,True
3141.34,0.12,0,10,0.221,0,3,0,1,False,False,False,False,True,False,True,False,False,False,True,False,False,True,False,False
764.56,0.053,0,4,0.298,0,4,0,1,False,False,False,False,True,False,True,False,False,True,False,False,True,False,False,False
332.78,0.24,0,5,0.284,1,4,0,1,False,False,True,False,False,False,True,False,False,True,False,False,True,False,False,False
568.69,0.193,1,0,0.24995735361917937,1,6,1,0,False,False,True,False,False,False,True,False,False,True,False,False,True,False,False,False
2745.98,0.198,0,3,0.227,0,6,0,1,False,False,False,True,False,False,True,False,False,False,False,True,False,True,False,False
1093.72,0.055,0,6,0.239,0,2,0,1,False,True,False,False,False,True,False,False,False,False,True,False,False,False,False,True
1517.08,0.704,0,13,0.409,0,3,0,1,False,False,False,False,True,False,False,True,False,False,True,False,False,True,False,False
3100.16,0.397,0,8,0.184,0,1,0,1,False,True,False,False,False,False,True,False,False,False,True,False,False,True,False,False
320.56,0.272,0,1,0.139,0,4,0,1,False,True,False,False,False,True,False,False,False,False,True,False,False,True,False,False
250.0,0.385,0,2,0.22,0,3,0,1,False,True,False,False,False,False,True,False,False,True,False,False,False,True,False,False
1317.06,0.006,1,0,0.24995735361917937,0,3,0,0,False,True,False,False,False,True,False,False,False,True,False,False,False,False,True,False
2253.39,0.257,0,8,0.326,0,4,0,1,False,False,True,False,False,True,False,False,False,False,True,False,False,False,False,True
1800.88,0.391,0,5,0.226,0,1,0,1,False,False,False,False,True,True,False,False,False,False,True,False,False,False,False,True
946.64,0.329,1,0,0.24995735361917937,0,4,0,0,False,True,False,False,False,False,True,False,False,False,True,False,True,False,False,False
896.29,0.688,0,2,0.351,0,2,0,1,True,False,False,False,False,False,False,True,False,False,True,False,False,True,False,False
250.0,0.343,0,1,0.084,1,3,1,1,True,False,False,False,False,True,False,False,False,False,True,False,False,True,False,False
428.24,0.2,0,5,0.0,0,3,0,1,False,False,True,False,False,False,True,False,False,False,True,False,False,False,False,True
1726.08,0.115,0,18,0.253,0,6,0,1,False,True,False,False,False,True,False,False,False,False,True,False,True,False,False,False
756.64,0.345,0,1,0.146,0,2,0,1,False,False,False,False,True,False,True,False,False,False,True,False,False,True,False,False
250.0,0.53,0,7,0.32,1,6,1,1,False,False,True,False,False,False,True,False,False,False,True,False,False,True,False,False
2691.43,0.133,0,5,0.694,1,1,1,1,False,False,True,False,False,True,False,False,False,True,False,False,True,False,False,False
1177.33,0.139,0,8,0.0,0,7,0,1,False,False,True,False,False,False,True,False,False,False,False,True,False,True,False,False
9383.87,0.144,0,5,0.275,1,1,0,1,True,False,False,False,False,False,True,False,False,True,False,False,False,True,False,False
250.0,0.75,0,7,0.12,0,4,0,1,False,True,False,False,False,True,False,False,False,False,True,False,False,True,False,False
3147.53,0.372,0,2,0.044,1,3,0,1,False,False,True,False,False,True,False,False,False,False,True,False,False,True,False,False
1264.72,0.156,0,2,0.14,0,2,0,1,False,False,False,True,False,False,False,True,False,False,False,True,False,True,False,False
447.28,0.569,0,2,0.515,0,4,1,1,True,False,False,False,False,True,False,False,False,True,False,False,False,False,False,True
382.06,0.364,0,16,0.16,0,3,0,1,False,True,False,False,False,True,False,False,False,True,False,False,False,True,False,False
261.34,0.155,0,2,0.095,0,6,0,1,False,True,False,False,False,True,False,False,False,True,False,False,False,False,True,False
250.0,0.384,0,3,0.027,0,3,0,1,True,False,False,False,False,True,False,False,False,False,True,False,False,False,False,True
2421.0,0.052,0,11,0.247,0,1,0,1,False,False,True,False,False,False,False,False,True,True,False,False,True,False,False,False
3619.7,0.175,0,4,0.482,0,4,0,1,False,False,False,True,False,False,False,False,True,True,False,False,False,False,False,True
1364.97,0.315,0,1,0.087,0,7,0,1,False,False,True,False,False,False,True,False,False,True,False,False,False,True,False,False
1519.79,0.478,0,14,0.279,1,4,0,1,True,False,False,False,False,False,False,True,False,False,True,False,True,False,False,False
4221.18,0.243,0,6,0.201,0,6,0,1,False,False,False,True,False,False,True,False,False,True,False,False,False,False,False,True
6313.29,0.052,0,3,0.013,0,3,0,1,False,False,False,False,True,False,True,False,False,True,False,False,False,False,False,True
1960.2,0.407,0,9,0.093,1,3,1,1,False,False,True,False,False,False,True,False,False,False,False,True,False,True,False,False
915.91,0.393,0,1,0.101,1,5,0,1,False,False,True,False,False,False,True,False,False,False,True,False,True,False,False,False
1759.74,0.104,0,2,0.162,0,6,0,1,False,False,False,False,True,True,False,False,False,False,False,True,True,False,False,False
1861.53,0.484,0,3,0.0,0,3,0,1,False,False,False,True,False,False,True,False,False,True,False,False,False,True,False,False
886.68,0.551,0,13,0.34,0,1,1,1,False,True,False,False,False,True,False,False,False,True,False,False,False,False,False,True
1453.88,0.343,1,0,0.24995735361917937,0,5,0,0,False,False,False,False,True,True,False,False,False,False,False,True,False,False,False,True
3609.92,0.373,0,10,0.083,0,6,0,1,False,False,False,True,False,True,False,False,False,False,True,False,False,False,False,True
1189.5,0.2,0,1,0.363,1,4,0,1,False,False,True,False,False,True,False,False,False,False,True,False,False,False,True,False
3223.21,0.201,0,1,0.26,0,2,0,1,True,False,False,False,False,False,True,False,False,True,False,False,False,True,False,False
1938.72,0.287,0,12,0.306,1,6,1,1,False,False,True,False,False,False,False,False,True,True,False,False,False,False,True,False
922.8,0.019,0,6,0.38,0,2,0,1,False,True,False,False,False,True,False,False,False,True,False,False,False,False,False,True
250.0,0.053,0,4,0.331,0,2,0,1,False,True,False,False,False,False,False,True,False,True,False,False,False,True,False,False
1242.89,0.469,1,0,0.24995735361917937,0,2,1,0,True,False,False,False,False,False,True,False,False,True,False,False,False,False,False,True
1553.19,0.346,0,3,0.363,0,2,1,1,True,False,False,False,False,True,False,False,False,True,False,False,False,True,False,False
583.7,0.267,0,11,0.112,0,3,0,1,True,False,False,False,False,False,True,False,False,False,True,False,False,True,False,False
3007.39,0.348,0,5,0.19,1,3,0,1,False,False,True,False,False,True,False,False,False,False,True,False,False,True,False,False
250.0,0.517,0,4,0.163,0,6,0,1,False,False,False,False,True,False,False,True,False,False,False,True,False,True,False,False
1391.21,0.388,0,5,0.276,0,1,0,1,False,True,False,False,False,False,False,False,True,True,False,False,True,False,False,False
951.9,0.453,0,15,0.371,1,1,1,1,False,False,True,False,False,False,False,True,False,False,True,False,False,True,False,False
1519.67,0.343,1,0,0.24995735361917937,0,2,0,0,False,False,False,True,False,False,True,False,False,True,False,False,False,False,False,True
317.2,0.055,0,9,0.368,1,5,0,1,False,False,True,False,False,False,True,False,False,False,False,True,True,False,False,False
526.02,0.202,0,1,0.0,1,3,0,1,False,False,True,False,False,False,False,True,False,True,False,False,True,False,False,False
1587.38,0.143,0,1,0.145,0,1,0,1,False,False,False,False,True,True,False,False,False,True,False,False,True,False,False,False
4805.13,0.376,0,5,0.281,1,2,0,1,False,False,True,False,False,False,True,False,False,False,True,False,True,False,False,False
1591.1,0.37,1,0,0.24995735361917937,0,2,1,0,False,True,False,False,False,False,True,False,False,False,False,True,True,False,False,False
895.5,0.205,0,7,0.448,0,2,1,1,False,False,False,True,False,True,False,False,False,True,False,False,False,True,False,False
746.74,0.321,0,10,0.488,0,8,0,1,False,False,True,False,False,False,True,False,False,False,False,True,False,False,True,False
875.08,0.561,0,5,0.584,1,2,0,1,False,False,True,False,False,False,True,False,False,True,False,False,False,False,False,True
1213.46,0.021,0,6,0.053,0,2,0,1,False,True,False,False,False,False,True,False,False,True,False,False,False,False,True,False
1174.23,0.168,0,2,0.294,0,4,0,1,True,False,False,False,False,False,True,False,False,False,False,True,True,False,False,False
4364.38,0.048,1,0,0.24995735361917937,1,2,0,0,False,False,True,False,False,False,True,False,False,False,True,False,True,False,False,False
516.53,0.153,0,1,0.224,0,3,0,1,False,False,False,True,False,False,True,False,False,False,False,True,False,True,False,False
349.5,0.333,0,4,0.1,0,3,0,1,False,True,False,False,False,False,True,False,False,False,True,False,True,False,False,False
1012.8,0.457,0,6,0.011,1,2,1,1,False,False,True,False,False,False,True,False,False,True,False,False,False,True,False,False
2636.32,0.067,0,18,0.0,0,2,0,1,False,True,False,False,False,False,True,False,False,True,False,False,False,True,False,False
722.22,0.377,0,5,0.077,0,4,0,1,False,True,False,False,False,True,False,False,False,False,False,True,False,True,False,False
262.17,0.322,1,0,0.24995735361917937,0,6,0,0,False,False,False,True,False,False,False,True,False,False,True,False,True,False,False,False
618.04,0.444,0,5,0.219,0,5,0,1,False,False,False,False,True,False,False,True,False,False,True,False,False,False,True,False
6863.55,0.033,0,2,0.176,1,5,0,1,False,False,True,False,False,False,False,True,False,False,True,False,False,False,False,True
1677.94,0.549,0,11,0.501,1,2,0,1,False,False,True,False,False,True,False,False,False,False,True,False,True,False,False,False
2826.16,0.248,0,2,0.133,0,4,1,1,False,True,False,False,False,False,True,False,False,False,False,True,False,False,True,False
1814.63,0.341,0,11,0.085,1,2,1,1,False,False,True,False,False,True,False,False,False,False,True,False,False,False,True,False
422.99,0.022,0,6,0.19,0,7,1,1,True,False,False,False,False,False,True,False,False,True,False,False,False,False,True,False
751.52,0.574,1,0,0.24995735361917937,1,2,1,0,False,False,True,False,False,False,True,False,False,True,False,False,True,False,False,False
2827.9,0.31,0,17,0.094,1,1,1,1,False,False,True,False,False,True,False,False,False,False,True,False,False,False,False,True
578.31,0.152,0,16,0.019,0,2,0,1,True,False,False,False,False,True,False,False,False,False,False,True,False,False,False,True
2233.63,0.09,0,1,0.156,0,2,0,1,False,True,False,False,False,False,False,True,False,True,False,False,False,False,True,False
447.1,0.3,0,3,0.131,1,5,1,1,False,False,True,False,False,False,True,False,False,False,True,False,False,False,False,True
1494.82,0.533,0,12,0.11,0,3,0,1,True,False,False,False,False,True,False,False,False,False,False,True,True,False,False,False
1936.42,0.317,0,2,0.086,0,6,0,1,False,False,False,True,False,False,True,False,False,False,False,True,False,True,False,False
1219.86,0.367,0,3,0.046,1,2,1,1,False,False,True,False,False,True,False,False,False,False,True,False,False,False,False,True
807.2,0.094,0,13,0.248,0,3,0,1,False,True,False,False,False,False,False,True,False,True,False,False,False,True,False,False
2689.59,0.251,0,3,0.283,0,3,0,1,False,True,False,False,False,False,True,False,False,False,True,False,False,False,True,False
437.43,0.57,0,1,0.015,0,1,0,1,False,True,False,False,False,False,False,True,False,False,True,False,True,False,False,False
286.31,0.505,0,16,0.477,0,3,0,1,False,True,False,False,False,False,True,False,False,False,True,False,True,False,False,False
3384.98,0.448,0,12,0.154,0,6,0,1,False,False,False,False,True,False,True,False,False,False,True,False,False,True,False,False
655.35,0.257,0,2,0.267,1,4,1,1,False,False,True,False,False,False,False,True,False,False,False,True,False,True,False,False
15565.49,0.499,0,13,0.294,0,1,0,1,False,False,False,False,True,False,True,False,False,True,False,False,False,True,False,False
6286.78,0.29,0,19,0.264,0,2,0,1,True,False,False,False,False,False,False,True,False,True,False,False,False,True,False,False
968.33,0.565,0,17,0.53,0,6,0,1,False,False,False,True,False,False,True,False,False,False,False,True,False,False,False,True
250.0,0.525,0,3,0.395,0,2,0,1,False,False,True,False,False,False,False,True,False,False,False,True,False,True,False,False
2339.59,0.233,0,13,0.173,0,6,0,1,False,False,True,False,False,True,False,False,False,False,True,False,False,True,False,False
12317.57,0.122,0,4,0.137,1,7,0,1,False,False,True,False,False,False,True,False,False,False,True,False,True,False,False,False
1023.22,0.09,0,1,0.158,0,4,0,1,True,False,False,False,False,True,False,False,False,False,False,True,True,False,False,False
3011.75,0.17,0,1,0.173,1,2,0,1,False,False,True,False,False,True,False,False,False,False,True,False,True,False,False,False
2613.47,0.211,0,2,0.261,0,5,0,1,False,False,True,False,False,False,True,False,False,False,False,True,False,True,False,False
705.59,0.22,0,11,0.182,1,1,1,1,False,False,True,False,False,True,False,False,False,False,True,False,False,False,True,False
4223.01,0.175,0,9,0.301,0,4,0,1,False,True,False,False,False,False,True,False,False,False,False,True,True,False,False,False
975.76,0.05,0,7,0.319,0,4,0,1,False,True,False,False,False,True,False,False,False,True,False,False,True,False,False,False
1851.63,0.168,0,19,0.092,0,5,0,1,False,False,False,False,True,True,False,False,False,False,True,False,False,True,False,False
2522.66,0.398,0,2,0.208,0,4,0,1,False,False,False,False,True,True,False,False,False,True,False,False,True,False,False,False
1036.53,0.186,0,11,0.344,1,2,1,1,False,False,True,False,False,False,False,True,False,False,True,False,False,True,False,False
1378.86,0.313,0,5,0.639,1,2,0,1,False,False,True,False,False,True,False,False,False,True,False,False,False,False,True,False
2100.82,0.068,0,6,0.068,1,2,1,1,False,False,True,False,False,False,False,True,False,True,False,False,False,True,False,False
407.62,0.222,0,8,0.037,1,5,1,1,False,False,True,False,False,False,True,False,False,False,False,True,False,True,False,False
1099.67,0.202,0,3,0.227,0,5,1,1,False,False,False,False,True,True,False,False,False,False,True,False,False,True,False,False
250.0,0.676,0,6,0.321,1,2,0,1,False,False,True,False,False,False,False,True,False,True,False,False,False,False,True,False
1111.99,0.441,0,1,0.077,1,5,0,1,False,False,True,False,False,False,True,False,False,False,True,False,False,False,False,True
4408.98,0.272,1,0,0.24995735361917937,0,6,0,0,False,False,False,True,False,False,True,False,False,True,False,False,False,False,False,True
3302.82,0.209,0,3,0.0,1,3,0,1,False,False,True,False,False,False,True,False,False,False,True,False,False,True,False,False
776.34,0.424,0,14,0.233,0,3,0,1,False,False,True,False,False,True,False,False,False,True,False,False,False,False,False,True
250.0,0.303,0,3,0.211,1,3,1,1,False,False,True,False,False,True,False,False,False,True,False,False,False,False,True,False
250.0,0.521,0,7,0.183,0,7,0,1,False,False,False,True,False,True,False,False,False,False,False,True,False,True,False,False
1493.4,0.616,0,9,0.589,0,2,0,1,False,True,False,False,False,False,False,False,True,True,False,False,True,False,False,False
2349.75,0.168,0,11,0.119,0,4,0,1,False,False,False,False,True,True,False,False,False,True,False,False,False,True,False,False
3009.98,0.17,0,4,0.121,1,6,0,1,True,False,False,False,False,False,False,True,False,True,False,False,False,False,False,True
3801.6,0.086,0,6,0.249,1,1,0,1,False,False,True,False,False,False,False,True,False,True,False,False,True,False,False,False
3134.43,0.486,0,12,0.325,0,2,0,1,False,True,False,False,False,True,False,False,False,False,True,False,False,False,False,True
547.17,0.035,0,6,0.001,0,4,0,1,False,True,False,False,False,False,False,True,False,True,False,False,False,True,False,False
2359.25,0.311,0,6,0.015,0,2,0,1,True,False,False,False,False,True,False,False,False,True,False,False,False,False,True,False
6107.91,0.322,0,19,0.055,0,5,0,1,False,False,False,False,True,False,True,False,False,False,False,True,True,False,False,False
4333.34,0.258,0,6,0.462,1,3,1,1,False,False,True,False,False,False,False,False,True,True,False,False,True,False,False,False
314.13,0.307,0,2,0.418,0,3,0,1,True,False,False,False,False,True,False,False,False,True,False,False,False,True,False,False
250.0,0.309,0,11,0.208,0,2,0,1,False,True,False,False,False,False,True,False,False,True,False,False,False,False,True,False
3707.02,0.584,1,0,0.24995735361917937,1,2,1,0,False,False,True,False,False,True,False,False,False,False,True,False,False,False,True,False
1485.04,0.375,1,0,0.24995735361917937,0,4,0,0,False,False,False,True,False,True,False,False,False,True,False,False,True,False,False,False
1491.76,0.152,0,6,0.143,0,7,0,1,False,False,False,False,True,False,True,False,False,False,False,True,False,True,False,False
1137.09,0.336,0,13,0.26,1,6,1,1,False,False,True,False,False,True,False,False,False,False,False,True,False,True,False,False
1135.14,0.298,1,0,0.24995735361917937,1,1,0,0,True,False,False,False,False,False,False,True,False,False,True,False,False,False,True,False
429.9,0.072,0,2,0.303,0,1,0,1,False,True,False,False,False,True,False,False,False,True,False,False,False,True,False,False
3566.27,0.206,0,18,0.146,1,1,0,1,False,False,True,False,False,False,True,False,False,True,False,False,False,True,False,False
1749.19,0.37,0,1,0.19,1,1,1,1,False,False,True,False,False,False,True,False,False,True,False,False,True,False,False,False
626.26,0.186,1,0,0.24995735361917937,0,2,0,0,False,False,False,False,True,False,True,False,False,False,True,False,False,False,True,False
250.0,0.091,0,14,0.161,0,2,0,1,False,False,True,False,False,True,False,False,False,False,True,False,True,False,False,False
1197.58,0.221,0,1,0.071,0,2,0,1,True,False,False,False,False,False,True,False,False,False,True,False,False,False,False,True
9353.27,0.215,0,7,0.259,1,7,0,1,False,False,True,False,False,False,True,False,False,False,False,True,False,True,False,False
611.46,0.198,0,6,0.162,0,2,0,1,False,False,False,True,False,True,False,False,False,False,False,True,False,True,False,False
554.63,0.332,0,1,0.196,1,5,0,1,False,False,True,False,False,True,False,False,False,False,True,False,False,False,True,False
2772.16,0.185,0,14,0.25,1,1,1,1,False,False,True,False,False,True,False,False,False,False,True,False,False,True,False,False
4298.0,0.104,0,14,0.228,1,5,0,1,False,False,True,False,False,False,True,False,False,False,False,True,True,False,False,False
1159.22,0.056,1,0,0.24995735361917937,0,1,0,0,False,True,False,False,False,False,True,False,False,True,False,False,False,False,False,True
879.47,0.479,0,2,0.543,0,4,0,1,True,False,False,False,False,False,False,True,False,True,False,False,False,False,False,True
629.52,0.297,0,2,0.085,1,1,1,1,False,False,True,False,False,True,False,False,False,False,True,False,False,False,False,True
879.87,0.739,0,6,0.568,1,7,1,1,False,False,True,False,False,False,False,True,False,False,False,True,False,False,False,True
2154.31,0.172,0,2,0.393,1,5,1,1,False,False,True,False,False,False,True,False,False,False,False,True,False,False,True,False
1329.25,0.508,0,1,0.0,1,6,0,1,False,False,True,False,False,False,True,False,False,True,False,False,False,True,False,False
1893.99,0.144,0,12,0.115,0,7,0,1,False,False,False,False,True,False,False,True,False,True,False,False,False,True,False,False
10836.46,0.173,0,12,0.224,0,8,0,1,False,True,False,False,False,False,True,False,False,False,False,True,False,False,False,True
1197.41,0.021,0,9,0.287,1,4,0,1,False,False,True,False,False,True,False,False,False,False,False,True,True,False,False,False
560.07,0.192,0,10,0.236,0,1,0,1,False,False,True,False,False,False,True,False,False,False,True,False,False,False,True,False
1922.84,0.384,0,3,0.204,0,3,0,1,False,False,False,True,False,False,True,False,False,True,False,False,False,True,False,False
3198.96,0.238,0,3,0.217,0,6,0,1,False,True,False,False,False,False,False,True,False,False,False,True,True,False,False,False
3416.45,0.282,0,3,0.158,1,1,0,1,True,False,False,False,False,False,False,True,False,True,False,False,True,False,False,False
447.13,0.163,0,13,0.104,1,7,0,1,False,False,True,False,False,False,False,True,False,False,True,False,False,False,False,True
4173.77,0.451,0,11,0.401,0,4,0,1,True,False,False,False,False,True,False,False,False,False,True,False,False,True,False,False
4113.15,0.263,0,9,0.228,1,5,1,1,False,False,True,False,False,True,False,False,False,True,False,False,False,False,True,False
2158.0,0.52,0,5,0.215,1,3,0,1,False,False,True,False,False,False,True,False,False,True,False,False,False,True,False,False
2050.87,0.67,0,2,0.147,1,3,1,1,True,False,False,False,False,True,False,False,False,True,False,False,False,False,False,True
10742.85,0.75,0,15,0.152,0,1,0,1,False,True,False,False,False,False,False,False,True,False,True,False,True,False,False,False
560.55,0.132,0,2,0.188,0,4,0,1,True,False,False,False,False,True,False,False,False,False,True,False,True,False,False,False
523.79,0.242,0,18,0.432,0,6,1,1,True,False,False,False,False,True,False,False,False,False,True,False,False,False,True,False
2548.0,0.171,0,16,0.111,0,2,0,1,False,False,False,False,True,False,False,False,True,True,False,False,False,True,False,False
3133.35,0.393,0,12,0.222,1,1,1,1,False,False,True,False,False,True,False,False,False,True,False,False,False,True,False,False
3634.99,0.409,0,5,0.177,1,3,0,1,False,False,True,False,False,False,True,False,False,True,False,False,True,False,False,False
1827.07,0.564,0,7,0.461,1,4,0,1,False,False,True,False,False,False,True,False,False,True,False,False,False,True,False,False
489.97,0.28,0,7,0.148,1,7,0,1,False,False,True,False,False,False,False,False,True,False,False,True,False,False,False,True
1598.39,0.668,0,8,0.456,0,2,0,1,False,False,False,True,False,False,True,False,False,False,True,False,False,False,False,True
1330.31,0.206,0,2,0.139,0,5,0,1,False,False,False,False,True,False,True,False,False,True,False,False,True,False,False,False
8749.07,0.464,0,6,0.16,0,7,0,1,False,True,False,False,False,False,True,False,False,False,False,True,True,False,False,False
1851.41,0.052,1,0,0.24995735361917937,1,2,1,0,False,False,True,False,False,True,False,False,False,False,True,False,False,True,False,False
250.0,0.215,0,7,0.104,0,4,0,1,False,True,False,False,False,True,False,False,False,True,False,False,False,True,False,False
579.12,0.381,0,7,0.584,1,3,0,1,False,False,True,False,False,True,False,False,False,False,False,True,True,False,False,False
12411.85,0.413,0,1,0.428,0,1,0,1,False,False,False,False,True,False,True,False,False,False,True,False,False,False,True,False
11414.88,0.154,0,3,0.237,0,2,0,1,False,False,False,False,True,True,False,False,False,False,True,False,False,True,False,False
2755.63,0.204,0,6,0.054,1,3,0,1,False,False,True,False,False,False,True,False,False,True,False,False,True,False,False,False
328.51,0.248,0,7,0.225,0,1,0,1,True,False,False,False,False,False,False,False,True,True,False,False,True,False,False,False
6339.03,0.099,0,17,0.174,1,3,0,1,False,False,True,False,False,True,False,False,False,False,True,False,False,True,False,False
414.63,0.323,1,0,0.24995735361917937,0,3,0,0,False,False,True,False,False,False,False,False,True,True,False,False,False,False,False,True
250.0,0.137,0,4,0.051,0,8,1,1,True,False,False,False,False,True,False,False,False,False,True,False,True,False,False,False
866.2,0.553,0,4,0.288,0,1,1,1,False,False,False,False,True,True,False,False,False,True,False,False,False,False,False,True
7611.33,0.067,0,10,0.333,0,1,0,1,False,False,True,False,False,False,True,False,False,False,True,False,False,True,False,False
852.1,0.265,0,2,0.274,1,2,1,1,False,False,True,False,False,False,True,False,False,True,False,False,False,True,False,False
3079.2,0.234,0,6,0.352,0,3,0,1,False,True,False,False,False,False,True,False,False,False,True,False,False,False,True,False
3019.08,0.24,0,6,0.214,0,6,1,1,False,False,False,False,True,True,False,False,False,False,True,False,False,False,False,True
2328.23,0.573,0,10,0.215,0,1,0,1,True,False,False,False,False,False,True,False,False,True,False,False,False,True,False,False
1226.13,0.433,0,20,0.129,1,4,0,1,False,False,True,False,False,False,True,False,False,False,True,False,False,False,False,True
250.0,0.09,1,0,0.24995735361917937,0,2,0,0,False,True,False,False,False,False,False,False,True,True,False,False,False,False,False,True
363.78,0.269,0,5,0.748,0,3,0,1,True,False,False,False,False,True,False,False,False,False,True,False,False,False,False,True
766.16,0.37,1,0,0.24995735361917937,1,4,1,0,False,False,True,False,False,True,False,False,False,True,False,False,False,True,False,False
1372.8,0.214,0,2,0.17,0,2,0,1,True,False,False,False,False,True,False,False,False,True,False,False,False,False,False,True
1496.6,0.289,0,3,0.097,0,3,0,1,True,False,False,False,False,False,True,False,False,False,False,True,False,False,True,False
3326.45,0.225,0,1,0.235,0,5,0,1,False,True,False,False,False,False,False,True,False,False,False,True,True,False,False,False
926.5,0.336,0,2,0.244,0,2,0,1,False,False,True,False,False,True,False,False,False,True,False,False,False,True,False,False
455.21,0.224,0,4,0.095,0,2,0,1,False,False,False,False,True,False,False,True,False,True,False,False,True,False,False,False
1371.88,0.35,0,2,0.078,1,3,0,1,False,False,True,False,False,False,True,False,False,True,False,False,True,False,False,False
2485.69,0.568,0,12,0.227,1,4,1,1,False,False,True,False,False,True,False,False,False,False,True,False,False,True,False,False
1609.85,0.358,0,3,0.393,1,7,1,1,False,False,True,False,False,False,False,True,False,True,False,False,False,False,True,False
451.33,0.557,0,3,0.674,0,4,0,1,False,False,False,True,False,False,False,False,True,False,True,False,False,True,False,False
725.7,0.468,1,0,0.24995735361917937,0,4,0,0,False,False,False,True,False,False,True,False,False,False,True,False,False,False,True,False
250.0,0.312,0,3,0.728,1,1,0,1,False,False,True,False,False,False,True,False,False,False,True,False,True,False,False,False
1051.8,0.167,0,4,0.21,1,3,1,1,False,False,True,False,False,False,True,False,False,True,False,False,False,True,False,False
10246.8,0.284,0,1,0.252,0,6,0,1,False,True,False,False,False,False,True,False,False,True,False,False,False,False,True,False
1249.74,0.467,0,3,0.013,0,4,0,1,False,True,False,False,False,False,True,False,False,True,False,False,False,False,True,False
854.77,0.504,0,5,0.0,0,1,0,1,False,True,False,False,False,False,False,True,False,False,True,False,False,False,False,True
305.61,0.135,1,0,0.24995735361917937,0,2,1,0,False,False,False,True,False,False,True,False,False,False,True,False,True,False,False,False
250.0,0.209,0,2,0.212,0,2,0,1,False,False,False,True,False,True,False,False,False,True,False,False,False,True,False,False
2229.74,0.138,0,5,0.137,1,1,0,1,False,False,True,False,False,True,False,False,False,True,False,False,False,False,True,False
1892.62,0.192,0,11,0.328,1,4,0,1,False,False,True,False,False,False,False,False,True,False,True,False,False,True,False,False
872.61,0.297,0,7,0.247,0,3,0,1,False,True,False,False,False,True,False,False,False,True,False,False,True,False,False,False
250.0,0.125,0,9,0.291,0,6,0,1,False,False,False,True,False,False,True,False,False,True,False,False,False,True,False,False
1411.11,0.081,0,2,0.264,0,2,0,1,True,False,False,False,False,True,False,False,False,True,False,False,False,True,False,False
845.17,0.062,0,3,0.196,1,5,0,1,False,False,True,False,False,True,False,False,False,True,False,False,False,True,False,False
449.43,0.14,0,19,0.538,0,3,0,1,False,False,False,True,False,False,False,False,True,False,False,True,True,False,False,False
1261.69,0.508,0,13,0.377,0,5,0,1,False,True,False,False,False,False,True,False,False,True,False,False,False,True,False,False
2854.99,0.121,0,11,0.206,0,2,0,1,False,True,False,False,False,False,False,True,False,False,True,False,True,False,False,False
250.0,0.121,0,7,0.306,0,1,1,1,True,False,False,False,False,False,True,False,False,True,False,False,True,False,False,False
2214.24,0.11,0,2,0.074,1,4,0,1,False,False,True,False,False,True,False,False,False,True,False,False,False,True,False,False
605.24,0.566,0,12,0.406,0,6,0,1,False,False,True,False,False,True,False,False,False,True,False,False,False,False,True,False
1873.09,0.362,0,6,0.283,1,6,0,1,False,False,True,False,False,False,False,True,False,True,False,False,False,False,True,False
3107.54,0.22,1,0,0.24995735361917937,0,4,0,0,False,False,False,True,False,False,False,True,False,False,True,False,False,True,False,False
737.61,0.387,1,0,0.24995735361917937,0,4,0,0,False,False,False,True,False,True,False,False,False,False,True,False,False,True,False,False
2182.79,0.258,0,1,0.142,1,3,0,1,False,False,True,False,False,False,True,False,False,True,False,False,False,False,False,True
314.99,0.307,0,20,0.477,0,4,0,1,False,False,True,False,False,False,True,False,False,False,False,True,False,True,False,False
387.67,0.649,0,12,0.336,0,5,0,1,False,False,True,False,False,True,False,False,False,True,False,False,False,False,False,True
547.49,0.294,0,5,0.258,0,4,0,1,False,True,False,False,False,True,False,False,False,True,False,False,False,False,False,True
1200.67,0.201,0,3,0.183,0,3,0,1,False,True,False,False,False,False,True,False,False,False,False,True,False,True,False,False
1775.18,0.581,0,13,0.327,0,5,0,1,False,False,False,True,False,False,True,False,False,False,True,False,False,True,False,False
694.73,0.527,0,4,0.139,0,1,0,1,False,False,False,False,True,True,False,False,False,True,False,False,False,True,False,False
17306.23,0.143,0,9,0.134,0,5,0,1,False,False,False,False,True,False,True,False,False,True,False,False,False,True,False,False
289.4,0.275,0,4,0.334,0,3,0,1,False,False,False,True,False,False,True,False,False,True,False,False,False,True,False,False
1422.9,0.334,1,0,0.24995735361917937,0,1,0,0,False,False,True,False,False,True,False,False,False,False,True,False,True,False,False,False
6624.11,0.1,0,13,0.179,1,1,0,1,False,False,True,False,False,False,False,True,False,True,False,False,False,True,False,False
2286.77,0.38,0,4,0.16,0,7,0,1,False,False,False,True,False,True,False,False,False,False,False,True,False,False,True,False
2126.22,0.165,0,4,0.101,0,1,1,1,False,False,False,True,False,True,False,False,False,True,False,False,False,True,False,False
734.52,0.328,0,3,0.237,0,6,0,1,False,False,True,False,False,True,False,False,False,False,False,True,True,False,False,False
1143.91,0.446,0,13,0.42,0,2,0,1,False,True,False,False,False,False,False,True,False,True,False,False,False,True,False,False
1748.2,0.532,0,2,0.272,0,6,0,1,False,True,False,False,False,False,False,True,False,True,False,False,True,False,False,False
867.81,0.325,0,3,0.388,1,4,0,1,False,False,True,False,False,True,False,False,False,True,False,False,False,False,True,False
3578.34,0.517,0,8,0.466,1,3,0,1,False,False,True,False,False,True,False,False,False,True,False,False,True,False,False,False
543.82,0.311,0,21,0.628,1,1,0,1,False,False,True,False,False,False,False,True,False,False,True,False,False,True,False,False
590.86,0.529,0,3,0.366,0,4,1,1,True,False,False,False,False,False,False,True,False,False,False,True,True,False,False,False
250.0,0.18,0,11,0.312,1,5,0,1,False,False,True,False,False,False,True,False,False,True,False,False,False,True,False,False
2294.83,0.181,0,15,0.292,1,5,0,1,False,False,True,False,False,True,False,False,False,False,True,False,False,True,False,False
544.99,0.304,0,7,0.44,0,4,0,1,False,False,False,False,True,True,False,False,False,True,False,False,True,False,False,False
561.93,0.348,0,3,0.0,1,1,0,1,False,False,True,False,False,True,False,False,False,True,False,False,True,False,False,False
4538.58,0.389,0,4,0.119,1,2,1,1,False,False,True,False,False,False,True,False,False,True,False,False,True,False,False,False
1787.71,0.165,0,4,0.343,1,2,0,1,False,False,True,False,False,False,False,True,False,False,True,False,False,True,False,False
2387.21,0.123,0,10,0.257,1,2,0,1,False,False,True,False,False,False,False,True,False,False,True,False,False,False,True,False
620.92,0.268,0,2,0.348,0,4,0,1,False,False,False,True,False,False,True,False,False,False,True,False,False,False,True,False
377.28,0.411,0,1,0.256,0,4,0,1,False,True,False,False,False,True,False,False,False,True,False,False,False,False,True,False
1131.19,0.392,0,10,0.304,0,1,0,1,True,False,False,False,False,True,False,False,False,True,False,False,False,True,False,False
1082.88,0.1,0,8,0.301,0,6,0,1,False,True,False,False,False,False,True,False,False,False,False,True,False,False,False,True
3229.54,0.507,0,8,0.162,0,3,0,1,True,False,False,False,False,False,True,False,False,True,False,False,True,False,False,False
1136.15,0.314,0,12,0.113,0,1,0,1,False,True,False,False,False,True,False,False,False,True,False,False,True,False,False,False
2158.48,0.423,0,3,0.217,0,1,0,1,False,False,False,True,False,False,True,False,False,True,False,False,True,False,False,False
250.0,0.176,0,3,0.38,0,5,1,1,False,True,False,False,False,True,False,False,False,False,False,True,False,True,False,False
3069.91,0.173,0,4,0.011,1,1,0,1,False,False,True,False,False,False,False,False,True,True,False,False,False,False,True,False
348.99,0.161,0,7,0.005,1,3,0,1,False,False,True,False,False,True,False,False,False,False,True,False,False,False,True,False
1260.54,0.253,0,1,0.236,1,2,1,1,False,False,True,False,False,False,True,False,False,False,True,False,False,True,False,False
554.48,0.06,0,1,0.65,1,3,0,1,False,False,True,False,False,False,True,False,False,False,True,False,False,True,False,False
3166.15,0.083,1,0,0.24995735361917937,0,1,0,0,True,False,False,False,False,False,True,False,False,True,False,False,False,True,False,False
1668.53,0.434,0,14,0.28,1,2,1,1,False,False,True,False,False,True,False,False,False,True,False,False,False,True,False,False
4565.22,0.014,0,8,0.304,0,4,0,1,False,False,False,False,True,True,False,False,False,False,True,False,True,False,False,False
748.08,0.249,0,7,0.212,0,9,0,1,False,False,False,False,True,False,True,False,False,False,False,True,True,False,False,False
4471.69,0.295,0,6,0.196,0,8,0,1,False,True,False,False,False,True,False,False,False,True,False,False,True,False,False,False
10312.48,0.601,0,1,0.42,1,6,1,1,False,False,True,False,False,True,False,False,False,True,False,False,False,False,True,False
250.0,0.333,0,9,0.419,0,1,0,1,False,False,False,True,False,False,True,False,False,False,True,False,False,False,True,False
250.0,0.243,0,4,0.149,0,6,0,1,False,False,False,True,False,True,False,False,False,False,False,True,True,False,False,False
395.43,0.086,0,7,0.0,1,2,0,1,False,False,True,False,False,False,True,False,False,True,False,False,False,True,False,False
4873.63,0.144,0,1,0.405,0,5,0,1,False,True,False,False,False,True,False,False,False,False,True,False,False,False,True,False
739.24,0.283,0,1,0.204,1,4,0,1,False,False,True,False,False,False,True,False,False,True,False,False,True,False,False,False
566.83,0.393,0,10,0.209,1,4,0,1,False,False,True,False,False,False,False,True,False,True,False,False,False,True,False,False
549.92,0.084,0,20,0.379,1,1,0,1,False,False,True,False,False,False,True,False,False,False,True,False,True,False,False,False
1815.93,0.476,0,1,0.496,1,1,1,1,False,False,True,False,False,True,False,False,False,False,True,False,False,True,False,False
1637.09,0.246,0,8,0.141,1,1,0,1,False,False,True,False,False,False,False,False,True,True,False,False,True,False,False,False
1954.12,0.543,0,4,0.114,0,6,0,1,False,True,False,False,False,False,False,False,True,False,False,True,True,False,False,False
870.41,0.305,0,4,0.27,0,3,1,1,False,False,False,False,True,False,True,False,False,False,False,True,False,True,False,False
2706.89,0.187,0,1,0.049,1,2,0,1,False,False,True,False,False,False,False,True,False,False,True,False,False,False,False,True
1549.31,0.212,0,3,0.191,1,3,1,1,False,False,True,False,False,False,True,False,False,True,False,False,False,False,True,False
945.87,0.009,0,6,0.413,0,4,0,1,False,False,False,False,True,False,False,True,False,True,False,False,False,False,True,False
757.35,0.083,0,10,0.296,0,3,1,1,False,False,False,False,True,True,False,False,False,True,False,False,False,True,False,False
1121.33,0.362,0,6,0.119,0,2,0,1,False,False,False,True,False,True,False,False,False,False,True,False,False,False,False,True
1475.36,0.395,0,4,0.128,1,4,0,1,False,False,True,False,False,False,True,False,False,False,False,True,True,False,False,False
399.74,0.14,0,11,0.214,1,7,1,1,False,False,True,False,False,True,False,False,False,True,False,False,False,False,True,False
1116.41,0.105,0,10,0.359,1,1,1,1,False,False,True,False,False,False,False,False,True,False,True,False,False,False,True,False
626.84,0.092,0,12,0.245,0,5,0,1,False,False,False,False,True,False,True,False,False,False,True,False,True,False,False,False
666.61,0.465,0,5,0.085,0,3,0,1,False,True,False,False,False,False,False,True,False,True,False,False,False,False,True,False
380.56,0.16,0,4,0.429,1,2,0,1,False,False,True,False,False,False,True,False,False,True,False,False,False,False,True,False
250.0,0.388,0,6,0.0,0,3,0,1,False,False,False,False,True,False,True,False,False,False,False,True,False,False,True,False
5091.43,0.165,0,7,0.128,1,3,0,1,False,False,True,False,False,False,False,True,False,False,False,True,False,True,False,False
1260.97,0.37,0,3,0.233,1,3,0,1,False,False,True,False,False,False,False,True,False,True,False,False,False,False,True,False
2142.68,0.476,0,9,0.418,0,5,0,1,False,False,True,False,False,False,True,False,False,True,False,False,True,False,False,False
2371.31,0.374,0,7,0.037,0,1,0,1,False,True,False,False,False,True,False,False,False,True,False,False,True,False,False,False
666.12,0.139,0,16,0.116,1,6,1,1,False,False,True,False,False,True,False,False,False,False,False,True,True,False,False,False
1436.91,0.468,0,4,0.111,1,3,1,1,False,False,True,False,False,False,True,False,False,True,False,False,False,False,False,True
329.92,0.248,0,5,0.122,0,5,0,1,True,False,False,False,False,False,True,False,False,True,False,False,False,False,True,False
1606.67,0.429,0,5,0.097,0,1,0,1,True,False,False,False,False,True,False,False,False,True,False,False,True,False,False,False
250.0,0.284,0,9,0.05,1,4,0,1,False,False,True,False,False,False,False,True,False,False,True,False,False,False,True,False
981.78,0.45,0,10,0.097,0,7,0,1,False,True,False,False,False,False,True,False,False,True,False,False,True,False,False,False
377.7,0.019,0,5,0.289,0,4,0,1,False,False,False,False,True,False,False,True,False,False,True,False,False,False,True,False
296.3,0.137,0,4,0.391,0,4,0,1,False,True,False,False,False,True,False,False,False,True,False,False,False,False,True,False
4137.74,0.426,0,5,0.398,0,2,0,1,True,False,False,False,False,False,True,False,False,True,False,False,False,False,True,False
769.69,0.505,0,3,0.081,1,2,0,1,False,False,True,False,False,False,True,False,False,False,True,False,False,False,True,False
611.49,0.427,0,15,0.213,1,3,1,1,False,False,True,False,False,True,False,False,False,True,False,False,False,False,True,False
542.7,0.48,0,16,0.23,1,4,1,1,False,False,True,False,False,True,False,False,False,True,False,False,False,True,False,False
255.56,0.101,0,4,0.054,0,4,0,1,True,False,False,False,False,True,False,False,False,False,False,True,False,True,False,False
2467.56,0.319,0,1,0.405,0,3,0,1,False,True,False,False,False,False,True,False,False,False,True,False,True,False,False,False
250.0,0.433,0,6,0.621,1,4,0,1,False,False,True,False,False,False,False,True,False,True,False,False,False,True,False,False
250.0,0.07,0,5,0.052,1,1,1,1,False,False,True,False,False,False,False,True,False,False,True,False,True,False,False,False
898.18,0.307,0,8,0.262,1,6,0,1,False,False,True,False,False,False,False,True,False,True,False,False,False,True,False,False
4087.12,0.36,0,3,0.025,0,2,0,1,False,False,False,False,True,False,False,True,False,False,True,False,False,True,False,False
8228.93,0.273,1,0,0.24995735361917937,0,2,0,0,False,False,False,False,True,False,True,False,False,False,True,False,False,True,False,False
1864.95,0.377,0,1,0.327,0,5,0,1,False,False,False,True,False,False,True,False,False,True,False,False,False,False,True,False
5097.12,0.275,0,11,0.048,1,4,0,1,False,False,True,False,False,False,True,False,False,False,False,True,False,True,False,False
250.0,0.2,0,21,0.226,0,3,0,1,True,False,False,False,False,True,False,False,False,False,True,False,False,False,False,True
989.79,0.313,0,4,0.123,1,3,1,1,False,False,True,False,False,False,False,True,False,True,False,False,True,False,False,False
698.7,0.013,0,1,0.386,0,4,0,1,False,False,False,True,False,True,False,False,False,True,False,False,False,False,True,False
250.0,0.256,0,12,0.621,0,1,1,1,True,False,False,False,False,True,False,False,False,True,False,False,True,False,False,False
1090.54,0.42,0,11,0.276,0,4,0,1,False,True,False,False,False,True,False,False,False,False,True,False,True,False,False,False
459.2,0.394,0,3,0.264,0,2,0,1,False,True,False,False,False,True,False,False,False,True,False,False,False,False,True,False
1398.75,0.132,0,2,0.425,0,3,0,1,False,False,False,False,True,True,False,False,False,True,False,False,False,False,True,False
1985.01,0.259,0,15,0.375,0,1,0,1,False,False,False,False,True,True,False,False,False,True,False,False,False,True,False,False
4865.5,0.573,0,17,0.164,0,2,0,1,True,False,False,False,False,False,True,False,False,True,False,False,False,True,False,False
551.51,0.172,0,17,0.334,1,5,0,1,True,False,False,False,False,False,True,False,False,False,False,True,False,True,False,False
250.0,0.498,0,7,0.175,0,3,1,1,False,True,False,False,False,False,False,False,True,False,True,False,False,True,False,False
250.0,0.068,0,9,0.145,0,6,0,1,False,True,False,False,False,False,True,False,False,False,True,False,True,False,False,False
3417.52,0.473,0,3,0.075,1,1,0,1,False,False,True,False,False,False,True,False,False,True,False,False,False,False,True,False
284.34,0.114,0,11,0.504,0,2,0,1,False,True,False,False,False,False,False,True,False,False,True,False,False,True,False,False
1690.91,0.161,0,5,0.375,0,3,0,1,True,False,False,False,False,False,True,False,False,False,True,False,False,True,False,False
375.61,0.083,0,2,0.152,0,4,0,1,False,False,False,False,True,True,False,False,False,False,True,False,False,False,True,False
924.22,0.18,0,1,0.122,1,3,0,1,False,False,True,False,False,False,False,True,False,False,True,False,False,True,False,False
610.1,0.046,0,7,0.073,0,4,0,1,True,False,False,False,False,False,True,False,False,True,False,False,False,False,True,False
810.35,0.341,0,5,0.225,0,7,0,1,False,True,False,False,False,False,True,False,False,False,True,False,False,True,False,False
607.93,0.15,0,3,0.354,0,4,0,1,False,True,False,False,False,True,False,False,False,False,True,False,False,True,False,False
1996.17,0.137,0,11,0.216,0,4,0,1,False,False,False,False,True,False,True,False,False,True,False,False,False,False,False,True
3913.98,0.263,0,3,0.306,1,2,1,1,False,False,True,False,False,True,False,False,False,True,False,False,True,False,False,False
841.49,0.212,0,7,0.423,1,5,1,1,False,False,True,False,False,False,True,False,False,True,False,False,False,True,False,False
250.0,0.074,0,1,0.249,1,3,0,1,False,False,True,False,False,False,True,False,False,True,False,False,False,False,False,True
1983.58,0.129,1,0,0.24995735361917937,0,5,0,0,False,False,False,True,False,True,False,False,False,False,False,True,False,False,True,False
495.74,0.553,0,14,0.282,0,2,1,1,False,False,True,False,False,False,True,False,False,True,False,False,False,True,False,False
843.5,0.378,0,1,0.245,1,2,1,1,False,False,True,False,False,True,False,False,False,False,True,False,False,True,False,False
946.19,0.239,1,0,0.24995735361917937,1,3,1,0,False,False,True,False,False,False,True,False,False,False,False,True,False,True,False,False
250.0,0.16,0,15,0.377,1,2,1,1,False,False,True,False,False,True,False,False,False,False,True,False,False,False,True,False
375.69,0.374,0,18,0.136,0,3,0,1,False,True,False,False,False,False,True,False,False,True,False,False,True,False,False,False
2033.03,0.243,1,0,0.24995735361917937,0,4,0,0,False,False,True,False,False,True,False,False,False,False,True,False,True,False,False,False
486.41,0.525,0,2,0.295,0,4,0,1,False,True,False,False,False,False,True,False,False,True,False,False,False,True,False,False
9390.32,0.086,0,8,0.073,0,5,0,1,False,True,False,False,False,False,True,False,False,False,True,False,False,False,True,False
2114.39,0.151,0,3,0.329,1,2,1,1,False,False,True,False,False,True,False,False,False,False,True,False,False,False,False,True
1368.91,0.416,0,9,0.174,1,1,0,1,False,False,True,False,False,False,True,False,False,True,False,False,True,False,False,False
2965.81,0.629,0,7,0.21,0,4,0,1,False,False,False,False,True,False,False,True,False,True,False,False,False,True,False,False
2222.46,0.144,0,17,0.166,1,2,0,1,False,False,True,False,False,False,True,False,False,False,True,False,False,True,False,False
279.42,0.19,1,0,0.24995735361917937,0,8,0,0,False,False,False,True,False,False,False,True,False,True,False,False,False,False,True,False
1065.59,0.448,0,5,0.302,0,4,0,1,False,False,False,False,True,False,True,False,False,True,False,False,False,False,False,True
3136.37,0.319,0,15,0.0,0,5,0,1,False,True,False,False,False,False,False,True,False,False,True,False,False,False,True,False
1365.22,0.35,0,8,0.603,0,4,1,1,False,True,False,False,False,True,False,False,False,False,False,True,False,False,True,False
707.94,0.139,0,16,0.313,0,3,0,1,False,False,False,False,True,True,False,False,False,True,False,False,False,True,False,False
1206.64,0.423,0,3,0.323,0,5,0,1,False,False,False,False,True,False,False,True,False,False,True,False,True,False,False,False
6288.67,0.21,0,12,0.351,0,3,0,1,False,True,False,False,False,False,False,False,True,True,False,False,True,False,False,False
1881.64,0.174,0,5,0.0,1,2,0,1,False,False,True,False,False,True,False,False,False,False,True,False,False,True,False,False
285.06,0.204,0,18,0.316,1,5,0,1,False,False,True,False,False,True,False,False,False,False,True,False,False,False,True,False
250.0,0.455,0,6,0.393,0,6,0,1,False,False,True,False,False,False,False,True,False,True,False,False,False,False,False,True
2625.99,0.149,0,6,0.113,1,5,0,1,False,False,True,False,False,False,True,False,False,True,False,False,True,False,False,False
492.51,0.402,0,8,0.383,0,2,0,1,False,False,False,True,False,False,True,False,False,False,True,False,False,False,False,True
608.4,0.216,0,3,0.54,0,3,1,1,True,False,False,False,False,True,False,False,False,True,False,False,False,False,True,False
3262.95,0.569,0,4,0.264,1,5,0,1,False,False,True,False,False,False,True,False,False,True,False,False,False,True,False,False
2091.29,0.133,0,17,0.142,0,3,0,1,False,False,False,True,False,True,False,False,False,False,False,True,False,True,False,False
15526.22,0.038,0,1,0.364,0,6,0,1,True,False,False,False,False,False,False,True,False,True,False,False,False,False,True,False
1186.97,0.036,0,2,0.172,0,4,0,1,False,False,False,False,True,False,False,True,False,False,False,True,False,False,False,True
1096.73,0.331,0,7,0.152,0,2,0,1,False,True,False,False,False,True,False,False,False,False,True,False,False,True,False,False
5050.63,0.054,0,2,0.042,1,3,1,1,False,False,True,False,False,False,False,True,False,False,True,False,True,False,False,False
12189.09,0.449,0,16,0.274,1,1,0,1,False,False,True,False,False,False,False,True,False,True,False,False,False,False,False,True
1615.57,0.418,0,18,0.037,0,5,0,1,False,False,False,False,True,False,True,False,False,False,True,False,True,False,False,False
2103.06,0.419,0,6,0.029,0,4,0,1,False,True,False,False,False,False,True,False,False,True,False,False,False,True,False,False
250.0,0.27,0,4,0.0,0,4,0,1,False,False,False,False,True,False,False,True,False,False,False,True,False,False,True,False
1943.36,0.315,0,10,0.134,1,3,0,1,False,False,True,False,False,False,False,True,False,True,False,False,False,True,False,False
9134.19,0.071,0,2,0.459,0,3,0,1,True,False,False,False,False,True,False,False,False,False,False,True,False,True,False,False
3883.39,0.204,0,9,0.402,0,4,0,1,False,True,False,False,False,False,True,False,False,False,True,False,False,True,False,False
404.78,0.418,0,2,0.205,0,4,0,1,False,False,False,True,False,False,False,False,True,True,False,False,True,False,False,False
1199.84,0.061,1,0,0.24995735361917937,0,5,0,0,False,False,False,False,True,True,False,False,False,False,True,False,False,True,False,False
689.73,0.147,0,13,0.307,0,1,0,1,False,False,False,False,True,False,False,True,False,True,False,False,False,True,False,False
2529.63,0.134,0,2,0.161,0,4,0,1,False,False,False,False,True,False,False,True,False,True,False,False,True,False,False,False
715.49,0.407,0,9,0.332,1,2,0,1,False,False,True,False,False,False,False,False,True,False,True,False,False,True,False,False
2854.39,0.075,0,1,0.14,0,3,0,1,True,False,False,False,False,True,False,False,False,False,True,False,False,True,False,False
2598.52,0.083,0,4,0.61,0,5,0,1,True,False,False,False,False,False,True,False,False,False,False,True,False,True,False,False
250.0,0.047,0,1,0.039,1,4,0,1,False,False,True,False,False,True,False,False,False,False,True,False,False,False,False,True
5593.59,0.173,0,5,0.328,0,4,0,1,False,False,False,False,True,False,False,True,False,False,False,True,False,True,False,False
4168.26,0.437,0,7,0.105,0,2,0,1,False,False,False,False,True,True,False,False,False,True,False,False,False,True,False,False
996.29,0.392,0,11,0.193,0,3,1,1,False,False,True,False,False,True,False,False,False,False,True,False,True,False,False,False
832.75,0.551,0,3,0.168,0,3,0,1,True,False,False,False,False,False,True,False,False,True,False,False,False,True,False,False
2297.85,0.202,1,0,0.24995735361917937,0,3,0,0,True,False,False,False,False,False,True,False,False,True,False,False,True,False,False,False
370.04,0.222,0,6,0.353,0,1,0,1,False,False,False,False,True,True,False,False,False,True,False,False,False,True,False,False
250.0,0.493,0,10,0.301,0,3,0,1,False,True,False,False,False,False,True,False,False,True,False,False,True,False,False,False
8475.84,0.105,0,4,0.323,0,1,0,1,False,False,False,True,False,False,False,False,True,True,False,False,False,True,False,False
640.69,0.645,0,1,0.279,1,1,0,1,False,False,True,False,False,False,True,False,False,False,True,False,True,False,False,False
904.62,0.242,0,7,0.234,0,3,0,1,True,False,False,False,False,False,True,False,False,False,False,True,False,False,True,False
3016.24,0.294,0,10,0.231,0,4,0,1,False,False,False,False,True,False,False,False,True,False,True,False,True,False,False,False
308.26,0.255,0,19,0.167,0,1,0,1,False,True,False,False,False,False,True,False,False,True,False,False,False,False,True,False
10849.49,0.26,0,19,0.182,1,2,0,1,False,False,True,False,False,False,True,False,False,True,False,False,False,False,False,True
304.25,0.365,0,20,0.0,0,3,1,1,True,False,False,False,False,True,False,False,False,False,True,False,True,False,False,False
2217.73,0.115,0,8,0.229,0,4,1,1,False,True,False,False,False,True,False,False,False,False,False,True,False,True,False,False
432.47,0.336,0,22,0.412,0,5,0,1,False,False,False,False,True,True,False,False,False,True,False,False,False,True,False,False
382.56,0.333,1,0,0.24995735361917937,1,3,1,0,False,False,True,False,False,False,False,False,True,False,True,False,False,True,False,False
1227.95,0.339,0,4,0.202,0,1,1,1,False,False,False,False,True,False,False,True,False,False,True,False,True,False,False,False
742.83,0.402,0,1,0.473,1,2,0,1,True,False,False,False,False,False,True,False,False,True,False,False,False,True,False,False
250.0,0.193,0,5,0.414,0,2,0,1,False,False,False,True,False,False,False,True,False,False,True,False,True,False,False,False
250.0,0.15,0,21,0.228,1,4,0,1,False,False,True,False,False,True,False,False,False,True,False,False,False,True,False,False
250.0,0.467,0,3,0.123,1,1,1,1,False,False,True,False,False,False,False,False,True,False,True,False,False,False,True,False
815.66,0.241,0,4,0.632,0,3,0,1,False,True,False,False,False,False,True,False,False,False,True,False,False,True,False,False
3121.59,0.192,0,14,0.169,0,4,0,1,False,False,False,False,True,False,True,False,False,False,False,True,True,False,False,False
4240.56,0.054,0,1,0.594,1,1,0,1,False,False,True,False,False,False,True,False,False,True,False,False,True,False,False,False
3198.14,0.51,0,4,0.262,1,2,0,1,False,False,True,False,False,False,True,False,False,False,True,False,False,True,False,False
732.79,0.211,0,5,0.0,0,5,0,1,False,True,False,False,False,False,True,False,False,True,False,False,True,False,False,False
7213.01,0.202,0,10,0.123,0,3,0,1,False,True,False,False,False,False,False,True,False,True,False,False,True,False,False,False
1202.33,0.39,0,19,0.288,1,4,1,1,False,False,True,False,False,True,False,False,False,False,True,False,False,True,False,False
4512.47,0.122,0,1,0.287,0,2,0,1,True,False,False,False,False,False,True,False,False,False,False,True,True,False,False,False
394.64,0.214,0,9,0.371,0,1,1,1,False,False,False,False,True,False,True,False,False,False,True,False,True,False,False,False
1454.53,0.525,1,0,0.24995735361917937,1,2,1,0,False,False,True,False,False,False,True,False,False,True,False,False,False,False,True,False
712.11,0.502,0,20,0.136,1,5,0,1,False,False,True,False,False,True,False,False,False,True,False,False,False,False,False,True
266.99,0.181,0,2,0.238,0,2,0,1,False,True,False,False,False,False,True,False,False,False,True,False,False,True,False,False
1874.36,0.443,0,8,0.697,1,3,1,1,False,False,True,False,False,True,False,False,False,False,True,False,True,False,False,False
810.77,0.52,0,16,0.42,1,1,0,1,False,False,True,False,False,False,True,False,False,True,False,False,False,True,False,False
5010.01,0.296,0,4,0.108,0,4,0,1,False,False,False,True,False,False,False,True,False,True,False,False,False,False,True,False
1485.98,0.12,0,11,0.077,0,1,0,1,False,False,False,False,True,False,False,False,True,True,False,False,False,True,False,False
2400.74,0.249,0,11,0.423,1,6,0,1,False,False,True,False,False,True,False,False,False,True,False,False,True,False,False,False
616.4,0.259,0,1,0.372,1,4,0,1,False,False,True,False,False,False,False,False,True,False,True,False,False,False,True,False
885.05,0.316,0,1,0.544,1,3,0,1,False,False,True,False,False,False,True,False,False,False,True,False,False,True,False,False
3675.68,0.299,0,3,0.497,1,4,1,1,False,False,True,False,False,False,True,False,False,False,True,False,False,True,False,False
250.0,0.155,1,0,0.24995735361917937,1,3,1,0,False,False,True,False,False,False,False,True,False,True,False,False,True,False,False,False
1538.75,0.159,0,6,0.124,0,3,0,1,True,False,False,False,False,False,False,False,True,False,False,True,False,True,False,False
673.06,0.07,0,13,0.445,0,5,0,1,False,False,False,False,True,True,False,False,False,True,False,False,True,False,False,False
6007.47,0.394,0,5,0.096,1,1,0,1,False,False,True,False,False,True,False,False,False,True,False,False,False,False,False,True
6040.51,0.193,0,15,0.259,1,2,0,1,False,False,True,False,False,False,True,False,False,True,False,False,False,False,True,False
540.39,0.324,0,9,0.341,1,2,0,1,False,False,True,False,False,False,True,False,False,True,False,False,False,True,False,False
622.65,0.338,1,0,0.24995735361917937,0,7,0,0,True,False,False,False,False,False,True,False,False,False,False,True,False,False,True,False
1105.08,0.303,0,7,0.0,0,1,0,1,False,False,False,False,True,False,True,False,False,False,True,False,True,False,False,False
501.27,0.156,0,7,0.0,0,6,0,1,False,True,False,False,False,True,False,False,False,False,True,False,False,True,False,False
674.81,0.548,0,16,0.309,1,2,1,1,False,False,True,False,False,False,False,True,False,False,False,True,False,True,False,False
2135.14,0.516,0,1,0.595,0,4,1,1,True,False,False,False,False,True,False,False,False,False,False,True,False,True,False,False
1396.01,0.482,0,17,0.269,0,2,0,1,False,False,True,False,False,False,True,False,False,False,True,False,False,False,False,True
501.23,0.325,0,1,0.053,0,4,0,1,False,False,False,False,True,False,True,False,False,True,False,False,True,False,False,False
250.0,0.364,0,8,0.446,0,4,0,1,False,False,False,True,False,True,False,False,False,False,True,False,False,True,False,False
676.94,0.189,0,23,0.443,0,5,0,1,False,False,True,False,False,True,False,False,False,False,True,False,False,False,False,True
637.19,0.369,0,4,0.326,1,3,0,1,True,False,False,False,False,False,True,False,False,False,True,False,True,False,False,False
903.96,0.365,0,4,0.618,0,4,1,1,False,False,False,False,True,False,False,True,False,True,False,False,False,False,True,False
1479.19,0.193,0,2,0.407,0,3,0,1,False,True,False,False,False,True,False,False,False,True,False,False,False,False,True,False
8336.71,0.165,0,1,0.273,0,4,0,1,False,False,False,False,True,False,False,True,False,True,False,False,False,True,False,False
2231.01,0.229,0,8,0.254,0,7,0,1,False,True,False,False,False,False,True,False,False,False,False,True,False,True,False,False
2029.87,0.236,0,4,0.214,1,1,0,1,False,False,True,False,False,False,False,True,False,False,True,False,True,False,False,False
2494.4,0.308,0,2,0.479,0,1,0,1,False,True,False,False,False,True,False,False,False,True,False,False,False,True,False,False
736.1,0.271,0,2,0.116,0,9,0,1,True,False,False,False,False,True,False,False,False,False,True,False,False,True,False,False
8722.08,0.477,0,8,0.073,0,1,0,1,False,False,False,False,True,False,True,False,False,True,False,False,False,False,True,False
373.36,0.249,0,14,0.293,0,2,0,1,True,False,False,False,False,True,False,False,False,False,True,False,True,False,False,False
3945.86,0.059,0,14,0.126,0,5,0,1,False,False,False,False,True,False,False,True,False,False,False,True,True,False,False,False
1817.18,0.22,0,17,0.234,1,5,0,1,False,False,True,False,False,False,False,True,False,False,True,False,True,False,False,False
712.62,0.198,0,12,0.437,1,3,0,1,False,False,True,False,False,True,False,False,False,False,False,True,True,False,False,False
1028.61,0.377,0,4,0.317,0,4,0,1,True,False,False,False,False,False,False,False,True,False,True,False,False,False,True,False
256.99,0.326,0,6,0.203,1,9,1,1,False,False,True,False,False,True,False,False,False,False,False,True,False,False,True,False
269.85,0.306,0,12,0.34,0,5,0,1,True,False,False,False,False,False,True,False,False,False,False,True,False,False,True,False
1393.31,0.502,0,5,0.191,1,3,1,1,False,False,True,False,False,False,True,False,False,True,False,False,False,True,False,False
743.65,0.044,0,2,0.336,0,5,0,1,False,False,False,False,True,False,True,False,False,False,True,False,False,True,False,False
713.03,0.182,0,3,0.484,0,2,0,1,False,True,False,False,False,False,True,False,False,True,False,False,False,True,False,False
3313.77,0.289,0,6,0.379,0,2,0,1,False,False,True,False,False,True,False,False,False,True,False,False,False,True,False,False
1750.84,0.214,0,7,0.114,0,8,0,1,True,False,False,False,False,False,True,False,False,True,False,False,False,False,True,False
1817.73,0.246,0,1,0.102,0,3,0,1,False,False,False,True,False,False,True,False,False,True,False,False,False,True,False,False
1157.7,0.083,0,2,0.15,1,3,0,1,False,False,True,False,False,True,False,False,False,False,False,True,False,True,False,False
412.53,0.33,0,20,0.044,0,1,0,1,False,True,False,False,False,True,False,False,False,False,True,False,False,False,True,False
909.11,0.262,0,4,0.467,0,5,1,1,False,True,False,False,False,False,False,True,False,False,True,False,False,False,True,False
418.39,0.295,1,0,0.24995735361917937,0,4,0,0,True,False,False,False,False,False,True,False,False,True,False,False,True,False,False,False
1740.48,0.089,0,21,0.25,0,4,0,1,False,True,False,False,False,False,True,False,False,False,True,False,True,False,False,False
2956.77,0.357,0,1,0.046,1,2,0,1,False,False,True,False,False,False,True,False,False,False,False,True,True,False,False,False
821.53,0.397,0,2,0.094,0,1,1,1,False,False,True,False,False,False,False,True,False,True,False,False,False,False,False,True
4426.92,0.022,0,18,0.262,0,1,0,1,True,False,False,False,False,False,True,False,False,True,False,False,True,False,False,False
1413.65,0.423,0,4,0.189,0,3,0,1,False,False,False,True,False,True,False,False,False,True,False,False,False,False,False,True
931.32,0.062,0,13,0.247,1,4,1,1,False,False,True,False,False,True,False,False,False,False,True,False,False,True,False,False
734.96,0.213,0,3,0.363,0,2,0,1,False,True,False,False,False,False,True,False,False,True,False,False,False,False,False,True
1278.91,0.056,0,14,0.269,1,2,0,1,False,False,True,False,False,False,True,False,False,True,False,False,False,True,False,False
3923.89,0.535,0,9,0.433,0,4,1,1,False,True,False,False,False,False,False,False,True,True,False,False,False,False,False,True
250.0,0.125,0,1,0.181,1,3,0,1,False,False,True,False,False,False,False,True,False,True,False,False,True,False,False,False
5623.94,0.454,0,17,0.39,0,3,0,1,False,False,False,False,True,False,False,True,False,True,False,False,False,True,False,False
988.08,0.074,0,8,0.001,1,4,0,1,False,False,True,False,False,False,False,True,False,False,True,False,False,True,False,False
250.0,0.205,0,14,0.527,0,2,0,1,False,True,False,False,False,False,True,False,False,False,True,False,True,False,False,False
369.44,0.212,0,3,0.19,0,2,1,1,True,False,False,False,False,True,False,False,False,False,True,False,False,True,False,False
1366.0,0.132,0,4,0.404,1,4,1,1,False,False,True,False,False,False,False,True,False,False,True,False,True,False,False,False
253.65,0.255,0,8,0.058,1,1,0,1,False,False,True,False,False,False,True,False,False,True,False,False,True,False,False,False
2723.8,0.154,1,0,0.24995735361917937,0,5,0,0,False,False,False,False,True,False,True,False,False,True,False,False,True,False,False,False
1101.4,0.336,0,14,0.277,1,3,1,1,False,False,True,False,False,False,False,False,True,False,False,True,True,False,False,False
997.99,0.44,0,18,0.247,0,3,1,1,False,False,True,False,False,True,False,False,False,False,False,True,True,False,False,False
535.67,0.1,0,2,0.166,0,3,0,1,False,True,False,False,False,False,True,False,False,False,True,False,False,True,False,False
678.35,0.324,0,9,0.461,0,4,0,1,False,True,False,False,False,False,True,False,False,True,False,False,False,False,False,True
2236.5,0.196,0,13,0.252,1,2,0,1,False,False,True,False,False,False,True,False,False,False,True,False,False,True,False,False
1790.89,0.234,0,1,0.354,1,2,1,1,False,False,True,False,False,False,True,False,False,True,False,False,False,False,False,True
250.0,0.189,0,24,0.482,1,6,0,1,False,False,True,False,False,False,True,False,False,False,False,True,False,True,False,False
2232.86,0.257,0,18,0.274,1,5,0,1,False,False,True,False,False,True,False,False,False,True,False,False,False,False,True,False
936.42,0.109,0,19,0.21,0,2,0,1,False,False,False,True,False,True,False,False,False,False,True,False,True,False,False,False
4750.19,0.359,0,7,0.179,0,1,0,1,False,False,False,False,True,False,True,False,False,True,False,False,False,False,False,True
1822.39,0.238,0,2,0.203,0,4,1,1,False,True,False,False,False,True,False,False,False,False,False,True,False,False,True,False
729.33,0.339,0,1,0.575,0,1,1,1,False,False,False,False,True,True,False,False,False,False,True,False,True,False,False,False
294.98,0.021,0,9,0.1,1,6,0,1,False,False,True,False,False,False,False,True,False,False,True,False,False,False,True,False
250.0,0.445,1,0,0.24995735361917937,0,1,0,0,False,False,False,True,False,False,False,False,True,True,False,False,False,True,False,False
455.6,0.19,0,19,0.443,1,9,1,1,False,False,True,False,False,False,True,False,False,False,True,False,False,False,True,False
684.03,0.091,0,7,0.237,0,4,0,1,False,False,False,False,True,False,False,False,True,False,False,True,False,False,False,True
1706.37,0.487,0,12,0.264,1,3,1,1,False,False,True,False,False,True,False,False,False,False,True,False,False,False,True,False
1038.58,0.347,0,2,0.343,0,4,0,1,False,True,False,False,False,False,False,True,False,False,False,True,True,False,False,False
881.58,0.353,0,5,0.468,1,2,0,1,False,False,True,False,False,False,True,False,False,False,True,False,False,False,True,False
644.84,0.319,0,7,0.148,0,6,0,1,False,True,False,False,False,False,True,False,False,False,False,True,False,True,False,False
1935.41,0.098,0,5,0.385,1,2,0,1,False,False,True,False,False,False,True,False,False,False,True,False,True,False,False,False
2441.43,0.072,0,15,0.101,1,3,0,1,False,False,True,False,False,False,False,True,False,True,False,False,False,True,False,False
1948.69,0.177,0,22,0.242,0,6,0,1,False,False,False,False,True,False,False,True,False,False,False,True,False,True,False,False
2341.46,0.344,0,2,0.395,1,1,0,1,False,False,True,False,False,False,True,False,False,True,False,False,False,True,False,False
494.74,0.22,0,22,0.181,1,5,1,1,True,False,False,False,False,True,False,False,False,False,False,True,False,False,True,False
1100.68,0.268,0,23,0.309,0,10,0,1,True,False,False,False,False,False,False,True,False,True,False,False,False,False,False,True
964.1,0.541,1,0,0.24995735361917937,1,2,0,0,False,False,True,False,False,False,True,False,False,True,False,False,False,False,True,False
467.86,0.369,0,5,0.5,1,4,1,1,False,False,True,False,False,True,False,False,False,False,True,False,False,True,False,False
1918.29,0.294,0,2,0.354,0,4,1,1,True,False,False,False,False,True,False,False,False,False,False,True,False,False,True,False
925.94,0.239,1,0,0.24995735361917937,1,4,0,0,False,False,True,False,False,False,True,False,False,False,False,True,True,False,False,False
2644.46,0.274,0,14,0.235,1,4,0,1,False,False,True,False,False,True,False,False,False,True,False,False,False,False,True,False
1447.68,0.49,0,6,0.221,0,1,0,1,True,False,False,False,False,False,True,False,False,False,True,False,False,False,True,False
607.82,0.542,0,3,0.198,0,1,0,1,False,False,False,True,False,False,False,True,False,False,True,False,False,False,True,False
11133.42,0.227,0,9,0.185,0,1,0,1,True,False,False,False,False,False,True,False,False,False,True,False,False,False,True,False
5972.83,0.339,0,1,0.1,0,3,0,1,False,False,True,False,False,False,True,False,False,False,True,False,True,False,False,False
298.96,0.33,0,24,0.215,0,2,1,1,False,False,True,False,False,False,True,False,False,False,True,False,True,False,False,False
767.06,0.206,0,2,0.391,0,3,0,1,False,True,False,False,False,True,False,False,False,True,False,False,False,True,False,False
1479.03,0.352,0,2,0.286,0,6,0,1,False,True,False,False,False,False,True,False,False,False,False,True,False,False,False,True
651.89,0.15,0,23,0.305,0,1,0,1,False,True,False,False,False,True,False,False,False,True,False,False,False,False,True,False
616.85,0.177,0,5,0.323,0,1,0,1,False,False,False,True,False,True,False,False,False,True,False,False,False,False,True,False
1462.13,0.111,0,2,0.375,0,8,0,1,False,True,False,False,False,False,True,False,False,True,False,False,True,False,False,False
606.01,0.3,0,3,0.011,1,4,1,1,False,False,True,False,False,False,True,False,False,True,False,False,False,False,True,False
471.23,0.119,0,2,0.267,1,1,1,1,False,False,True,False,False,True,False,False,False,False,True,False,True,False,False,False
1922.4,0.626,0,5,0.076,0,3,1,1,False,False,False,False,True,True,False,False,False,False,False,True,True,False,False,False
1137.86,0.374,0,4,0.359,0,3,1,1,False,False,False,False,True,True,False,False,False,True,False,False,True,False,False,False
492.03,0.351,1,0,0.24995735361917937,0,4,0,0,False,True,False,False,False,False,True,False,False,False,False,True,False,True,False,False
1766.08,0.24,0,8,0.469,1,7,1,1,True,False,False,False,False,False,True,False,False,False,False,True,False,False,True,False
1785.73,0.116,0,10,0.431,1,3,0,1,False,False,True,False,False,False,True,False,False,True,False,False,False,False,True,False
3657.62,0.453,1,0,0.24995735361917937,1,2,0,0,False,False,True,False,False,False,False,False,True,False,True,False,False,True,False,False
705.65,0.075,0,10,0.445,1,3,0,1,True,False,False,False,False,False,False,True,False,True,False,False,False,False,False,True
250.0,0.354,0,13,0.169,1,4,0,1,False,False,True,False,False,False,False,False,True,True,False,False,True,False,False,False
1433.96,0.189,0,5,0.24,1,2,0,1,False,False,True,False,False,False,True,False,False,True,False,False,False,True,False,False
1056.92,0.43,0,6,0.219,1,2,0,1,False,False,True,False,False,True,False,False,False,True,False,False,True,False,False,False
553.23,0.514,0,1,0.014,0,3,0,1,False,True,False,False,False,False,True,False,False,False,True,False,False,True,False,False
284.34,0.52,0,2,0.42,1,7,1,1,False,False,True,False,False,True,False,False,False,True,False,False,False,False,False,True
788.67,0.058,0,11,0.394,1,2,0,1,False,False,True,False,False,False,True,False,False,False,True,False,False,False,True,False
984.02,0.102,0,9,0.478,0,1,0,1,True,False,False,False,False,False,True,False,False,False,True,False,False,True,False,False
425.54,0.213,0,15,0.13,0,1,0,1,False,True,False,False,False,True,False,False,False,False,True,False,True,False,False,False
2116.92,0.527,0,10,0.248,0,2,0,1,False,True,False,False,False,False,False,True,False,True,False,False,True,False,False,False
658.12,0.291,0,22,0.02,0,3,0,1,False,False,True,False,False,False,False,True,False,True,False,False,False,True,False,False
1761.74,0.08,0,6,0.097,0,2,0,1,False,False,True,False,False,False,False,True,False,True,False,False,False,False,True,False
4258.74,0.228,1,0,0.24995735361917937,1,2,0,0,False,False,True,False,False,False,False,True,False,True,False,False,True,False,False,False
250.0,0.2,0,7,0.096,0,2,0,1,False,False,False,False,True,False,True,False,False,True,False,False,True,False,False,False
431.33,0.7,0,1,0.116,0,3,0,1,False,False,True,False,False,False,True,False,False,False,True,False,True,False,False,False
366.52,0.526,0,5,0.374,0,1,0,1,False,False,False,True,False,True,False,False,False,True,False,False,False,True,False,False
5611.41,0.424,0,1,0.497,0,3,0,1,False,True,False,False,False,True,False,False,False,False,True,False,False,True,False,False
3158.87,0.247,0,2,0.408,1,3,1,1,False,False,True,False,False,False,False,False,True,False,True,False,True,False,False,False
1203.98,0.181,0,14,0.0,0,4,0,1,False,False,True,False,False,False,False,True,False,False,True,False,False,True,False,False
7340.49,0.158,0,3,0.364,0,5,0,1,False,True,False,False,False,False,False,True,False,False,False,True,False,False,False,True
890.55,0.421,1,0,0.24995735361917937,0,2,0,0,False,False,False,False,True,False,True,False,False,False,True,False,False,True,False,False
1309.71,0.36,0,4,0.231,1,1,1,1,False,False,True,False,False,False,True,False,False,False,True,False,False,True,False,False
1576.13,0.399,0,16,0.064,1,1,0,1,False,False,True,False,False,False,True,False,False,False,True,False,False,False,False,True
3219.58,0.75,1,0,0.24995735361917937,1,6,1,0,False,False,True,False,False,True,False,False,False,False,False,True,False,False,True,False
3213.29,0.318,0,20,0.23,0,2,0,1,False,True,False,False,False,False,True,False,False,False,True,False,False,True,False,False
1837.99,0.243,0,13,0.061,0,3,0,1,False,True,False,False,False,False,False,False,True,True,False,False,False,False,True,False
2982.7,0.253,1,0,0.24995735361917937,1,2,0,0,False,False,True,False,False,False,True,False,False,False,True,False,False,False,True,False
1063.98,0.358,0,5,0.167,0,3,0,1,False,True,False,False,False,True,False,False,False,True,False,False,False,True,False,False
3250.64,0.501,0,18,0.158,1,3,0,1,False,False,True,False,False,False,True,False,False,False,True,False,False,True,False,False
1962.93,0.291,0,6,0.252,0,3,0,1,False,False,False,False,True,False,True,False,False,True,False,False,False,False,True,False
1897.85,0.369,1,0,0.24995735361917937,0,1,0,0,False,True,False,False,False,False,True,False,False,False,True,False,True,False,False,False
513.88,0.299,0,6,0.259,1,3,0,1,False,False,True,False,False,False,False,False,True,False,False,True,False,False,False,True
2083.91,0.244,0,1,0.168,0,7,0,1,False,False,False,False,True,False,True,False,False,False,False,True,False,False,True,False
2603.87,0.154,0,1,0.111,0,2,0,1,False,True,False,False,False,False,True,False,False,True,False,False,False,False,True,False
1759.42,0.624,0,6,0.241,0,5,0,1,False,True,False,False,False,True,False,False,False,True,False,False,False,False,False,True
930.74,0.246,0,4,0.11,0,3,0,1,False,True,False,False,False,True,False,False,False,True,False,False,False,False,True,False
1422.33,0.298,0,11,0.234,0,4,0,1,False,False,False,False,True,True,False,False,False,False,False,True,True,False,False,False
1001.05,0.22,0,5,0.419,1,2,1,1,False,False,True,False,False,True,False,False,False,False,True,False,False,True,False,False
467.42,0.438,0,7,0.161,1,3,0,1,False,False,True,False,False,True,False,False,False,True,False,False,True,False,False,False
2684.83,0.473,0,6,0.504,1,3,1,1,False,False,True,False,False,True,False,False,False,False,True,False,False,True,False,False
482.73,0.372,0,1,0.245,1,3,1,1,False,False,True,False,False,True,False,False,False,False,True,False,False,True,False,False
1159.5,0.412,0,3,0.17,1,5,0,1,False,False,True,False,False,False,True,False,False,False,True,False,True,False,False,False
1107.47,0.152,0,4,0.267,0,3,0,1,False,True,False,False,False,False,True,False,False,True,False,False,False,True,False,False
3140.22,0.182,1,0,0.24995735361917937,0,4,1,0,True,False,False,False,False,False,True,False,False,False,True,False,False,False,True,False
5581.49,0.53,0,19,0.112,0,7,0,1,False,True,False,False,False,True,False,False,False,False,False,True,True,False,False,False
612.32,0.071,0,4,0.187,1,4,0,1,False,False,True,False,False,True,False,False,False,True,False,False,True,False,False,False
5660.51,0.714,1,0,0.24995735361917937,1,3,0,0,False,False,True,False,False,False,False,True,False,False,False,True,True,False,False,False
5657.74,0.142,1,0,0.24995735361917937,0,3,0,0,False,False,False,True,False,False,True,False,False,False,True,False,True,False,False,False
2874.5,0.229,0,20,0.232,1,7,0,1,False,False,True,False,False,False,False,False,True,False,False,True,True,False,False,False
581.56,0.102,0,25,0.243,0,2,0,1,False,False,True,False,False,True,False,False,False,True,False,False,False,False,True,False
722.38,0.172,0,15,0.293,1,3,0,1,False,False,True,False,False,False,True,False,False,True,False,False,False,True,False,False
685.89,0.37,0,26,0.124,0,1,0,1,False,False,False,False,True,True,False,False,False,False,True,False,False,True,False,False
1835.78,0.492,1,0,0.24995735361917937,1,4,1,0,False,False,True,False,False,True,False,False,False,False,True,False,False,False,True,False
1164.76,0.374,0,1,0.136,0,7,0,1,False,True,False,False,False,False,True,False,False,False,False,True,True,False,False,False
3434.92,0.156,0,2,0.599,0,1,0,1,False,True,False,False,False,False,False,False,True,True,False,False,True,False,False,False
946.26,0.179,0,10,0.363,1,5,1,1,False,False,True,False,False,False,True,False,False,False,True,False,False,False,True,False
250.0,0.088,0,4,0.291,0,5,0,1,False,True,False,False,False,True,False,False,False,False,False,True,False,True,False,False
10438.01,0.27,0,16,0.297,1,3,1,1,False,False,True,False,False,True,False,False,False,True,False,False,False,False,False,True
2569.71,0.158,0,6,0.17,1,2,1,1,False,False,True,False,False,True,False,False,False,False,True,False,False,False,True,False
1432.39,0.468,0,8,0.038,0,2,0,1,False,False,False,True,False,True,False,False,False,True,False,False,True,False,False,False
3019.94,0.308,0,7,0.0,0,3,0,1,False,False,False,False,True,True,False,False,False,True,False,False,False,False,True,False
1163.57,0.172,1,0,0.24995735361917937,0,2,1,0,False,False,True,False,False,False,True,False,False,False,True,False,False,False,True,False
3419.44,0.146,0,8,0.166,0,6,0,1,False,True,False,False,False,False,True,False,False,False,True,False,False,True,False,False
8437.71,0.213,0,8,0.0,0,4,0,1,False,False,False,True,False,False,True,False,False,False,True,False,False,False,True,False
2093.8,0.097,0,5,0.309,1,2,0,1,False,False,True,False,False,False,False,True,False,True,False,False,False,True,False,False
1157.66,0.165,0,19,0.1,1,3,1,1,False,False,True,False,False,False,True,False,False,False,True,False,True,False,False,False
250.0,0.553,0,15,0.434,0,4,0,1,True,False,False,False,False,True,False,False,False,False,True,False,True,False,False,False
250.0,0.247,0,8,0.243,0,9,0,1,True,False,False,False,False,True,False,False,False,False,False,True,False,False,False,True
768.82,0.462,0,8,0.069,0,3,0,1,False,False,False,True,False,False,False,True,False,True,False,False,True,False,False,False
2856.98,0.194,0,4,0.158,1,4,0,1,False,False,True,False,False,False,True,False,False,False,True,False,False,True,False,False
3974.79,0.064,0,21,0.023,0,2,0,1,False,False,True,False,False,False,True,False,False,True,False,False,False,False,True,False
767.8,0.112,0,13,0.253,1,2,0,1,False,False,True,False,False,False,True,False,False,False,False,True,False,True,False,False
250.0,0.51,0,18,0.312,0,7,0,1,False,True,False,False,False,False,False,False,True,False,False,True,False,False,True,False
4804.45,0.445,0,20,0.165,0,4,0,1,False,True,False,False,False,False,False,True,False,True,False,False,True,False,False,False
250.0,0.277,0,13,0.026,0,3,0,1,False,False,False,False,True,False,False,True,False,True,False,False,False,True,False,False
3574.67,0.186,0,7,0.112,0,2,0,1,False,True,False,False,False,False,True,False,False,True,False,False,False,False,False,True
1013.14,0.328,0,5,0.011,1,6,0,1,False,False,True,False,False,True,False,False,False,True,False,False,False,True,False,False
4974.18,0.534,0,6,0.34,0,7,0,1,False,False,False,False,True,True,False,False,False,False,True,False,True,False,False,False
1875.06,0.177,0,2,0.492,0,3,0,1,False,False,False,False,True,True,False,False,False,True,False,False,False,True,False,False
289.89,0.105,0,6,0.278,0,5,0,1,False,False,False,False,True,False,True,False,False,False,False,True,True,False,False,False
701.46,0.257,0,14,0.23,0,6,0,1,False,False,False,False,True,False,True,False,False,True,False,False,False,True,False,False
2027.08,0.235,0,1,0.271,0,2,0,1,True,False,False,False,False,False,True,False,False,True,False,False,False,True,False,False
703.54,0.242,0,14,0.196,1,3,1,1,False,False,True,False,False,False,False,True,False,True,False,False,False,True,False,False
250.0,0.413,0,14,0.154,0,4,1,1,True,False,False,False,False,True,False,False,False,True,False,False,False,False,False,True
250.0,0.039,0,7,0.273,0,4,0,1,True,False,False,False,False,True,False,False,False,True,False,False,False,False,False,True
313.84,0.296,0,1,0.377,0,4,0,1,False,True,False,False,False,False,False,False,True,False,True,False,False,True,False,False
1195.35,0.136,0,10,0.407,1,6,1,1,False,False,True,False,False,True,False,False,False,False,True,False,False,True,False,False
4164.76,0.714,0,9,0.767,0,5,0,1,False,False,False,False,True,False,True,False,False,False,True,False,False,False,True,False
2920.62,0.174,0,8,0.386,0,3,0,1,False,False,True,False,False,False,True,False,False,True,False,False,False,True,False,False
1078.08,0.122,0,1,0.218,0,4,0,1,True,False,False,False,False,False,False,True,False,True,False,False,False,True,False,False
3986.41,0.576,0,8,0.156,0,3,0,1,False,False,False,True,False,True,False,False,False,False,False,True,False,False,False,True
1289.42,0.126,0,2,0.313,0,4,0,1,False,False,False,False,True,False,True,False,False,False,True,False,False,False,False,True
838.09,0.374,0,2,0.495,1,1,1,1,False,False,True,False,False,False,True,False,False,True,False,False,False,False,True,False
1917.58,0.103,0,1,0.395,1,2,0,1,False,False,True,False,False,False,True,False,False,True,False,False,False,True,False,False
1903.57,0.054,0,7,0.108,0,3,0,1,False,False,False,False,True,False,False,True,False,False,False,True,False,False,False,True
1683.49,0.359,0,7,0.36,1,4,0,1,False,False,True,False,False,False,True,False,False,False,False,True,False,True,False,False
2959.96,0.068,0,7,0.294,1,2,0,1,False,False,True,False,False,False,False,False,True,True,False,False,False,False,False,True
7401.98,0.159,0,4,0.173,0,1,0,1,False,False,False,True,False,False,True,False,False,True,False,False,False,False,True,False
8225.1,0.178,0,7,0.127,0,3,0,1,False,False,False,False,True,True,False,False,False,False,False,True,False,True,False,False
1558.09,0.193,0,5,0.323,0,4,0,1,False,False,False,True,False,False,False,True,False,False,False,True,False,False,False,True
5087.2,0.252,0,2,0.057,0,4,0,1,True,False,False,False,False,False,False,True,False,False,True,False,False,False,True,False
438.34,0.543,0,4,0.207,0,2,0,1,True,False,False,False,False,False,False,False,True,True,False,False,False,False,True,False
269.51,0.127,0,3,0.561,0,1,1,1,False,False,False,False,True,True,False,False,False,True,False,False,False,True,False,False
448.94,0.173,0,9,0.109,0,7,0,1,False,True,False,False,False,True,False,False,False,False,False,True,False,False,False,True
386.11,0.028,0,16,0.374,0,2,0,1,False,False,False,False,True,False,True,False,False,True,False,False,False,False,True,False
1615.11,0.63,0,8,0.095,0,3,0,1,True,False,False,False,False,False,True,False,False,False,True,False,True,False,False,False
5651.8,0.014,0,12,0.171,1,2,0,1,False,False,True,False,False,False,True,False,False,True,False,False,False,True,False,False
3362.87,0.284,0,2,0.169,1,2,1,1,False,False,True,False,False,False,True,False,False,False,True,False,False,True,False,False
8674.36,0.478,0,6,0.207,0,3,1,1,False,False,False,True,False,True,False,False,False,False,False,True,True,False,False,False
3148.47,0.169,0,11,0.203,0,5,0,1,False,False,False,True,False,True,False,False,False,False,True,False,False,True,False,False
1009.67,0.381,0,15,0.27,1,3,1,1,False,False,True,False,False,True,False,False,False,True,False,False,True,False,False,False
274.74,0.588,0,1,0.197,0,2,0,1,False,True,False,False,False,True,False,False,False,True,False,False,False,True,False,False
1764.4,0.082,0,4,0.32,0,2,0,1,True,False,False,False,False,False,False,True,False,False,False,True,False,True,False,False
2199.28,0.461,0,15,0.373,0,5,0,1,False,False,False,False,True,True,False,False,False,True,False,False,True,False,False,False
2195.59,0.241,0,10,0.523,0,4,0,1,False,False,False,False,True,True,False,False,False,False,False,True,False,False,False,True
496.04,0.457,0,4,0.403,0,2,1,1,True,False,False,False,False,True,False,False,False,True,False,False,True,False,False,False
250.0,0.24,0,10,0.058,0,1,0,1,False,False,False,False,True,True,False,False,False,True,False,False,True,False,False,False
1359.71,0.388,0,1,0.508,0,4,0,1,False,True,False,False,False,False,True,False,False,False,True,False,False,True,False,False
5051.56,0.167,0,10,0.379,1,3,0,1,False,False,True,False,False,True,False,False,False,True,False,False,False,False,True,False
1346.55,0.307,0,2,0.515,0,4,0,1,True,False,False,False,False,False,True,False,False,False,False,True,False,False,False,True
10369.9,0.253,0,5,0.583,1,2,1,1,False,False,True,False,False,True,False,False,False,True,False,False,True,False,False,False
706.21,0.234,0,2,0.258,0,3,0,1,False,False,False,False,True,False,True,False,False,False,False,True,False,False,True,False
550.27,0.146,0,9,0.153,0,6,0,1,False,True,False,False,False,False,True,False,False,False,False,True,False,True,False,False
1157.1,0.427,0,6,0.09,0,4,0,1,True,False,False,False,False,False,True,False,False,True,False,False,False,False,False,True
4014.95,0.505,0,6,0.603,1,8,1,1,False,False,True,False,False,False,False,True,False,False,True,False,False,True,False,False
11535.61,0.273,0,5,0.112,0,3,0,1,True,False,False,False,False,False,False,False,True,True,False,False,False,True,False,False
435.69,0.676,0,7,0.011,0,2,0,1,True,False,False,False,False,True,False,False,False,True,False,False,True,False,False,False
1554.55,0.262,0,2,0.264,1,4,0,1,False,False,True,False,False,False,False,True,False,True,False,False,False,True,False,False
854.31,0.565,0,8,0.294,0,1,0,1,False,False,False,True,False,True,False,False,False,False,True,False,False,False,True,False
2170.18,0.177,0,5,0.2,1,3,0,1,False,False,True,False,False,False,True,False,False,True,False,False,False,True,False,False
340.84,0.1,1,0,0.24995735361917937,0,2,1,0,True,False,False,False,False,True,False,False,False,False,False,True,True,False,False,False
1553.23,0.088,0,19,0.277,1,1,0,1,False,False,True,False,False,True,False,False,False,True,False,False,False,True,False,False
250.0,0.036,0,8,0.213,1,4,0,1,False,False,True,False,False,True,False,False,False,True,False,False,False,False,False,True
622.56,0.422,0,6,0.327,0,4,1,1,False,True,False,False,False,True,False,False,False,True,False,False,False,False,False,True
1639.31,0.321,0,21,0.1,0,1,0,1,False,False,False,True,False,False,True,False,False,True,False,False,False,False,False,True
1369.92,0.061,0,11,0.28,1,3,1,1,False,False,True,False,False,False,True,False,False,True,False,False,False,False,False,True
5647.13,0.231,0,1,0.159,1,4,1,1,False,False,True,False,False,False,False,True,False,False,False,True,True,False,False,False
755.82,0.375,0,14,0.057,1,1,0,1,False,False,True,False,False,False,True,False,False,False,True,False,False,True,False,False
977.89,0.283,0,1,0.449,0,6,0,1,False,False,False,False,True,False,True,False,False,False,False,True,False,True,False,False
2156.15,0.352,0,23,0.08,0,10,0,1,True,False,False,False,False,True,False,False,False,False,True,False,False,False,False,True
791.64,0.041,0,12,0.484,1,3,0,1,False,False,True,False,False,False,True,False,False,True,False,False,False,False,True,False
390.79,0.284,0,1,0.187,1,6,0,1,False,False,True,False,False,False,True,False,False,False,False,True,True,False,False,False
509.8,0.097,0,2,0.513,0,6,0,1,False,False,True,False,False,False,False,False,True,True,False,False,True,False,False,False
741.12,0.386,0,4,0.541,1,8,0,1,False,False,True,False,False,False,False,True,False,False,True,False,True,False,False,False
378.6,0.741,0,1,0.0,1,3,0,1,False,False,True,False,False,False,True,False,False,False,False,True,False,True,False,False
1988.28,0.216,0,6,0.305,0,1,0,1,False,True,False,False,False,False,False,False,True,False,True,False,False,True,False,False
1516.74,0.125,0,2,0.334,1,4,0,1,False,False,True,False,False,False,False,True,False,False,True,False,True,False,False,False
4056.44,0.288,0,3,0.335,0,1,0,1,False,False,False,True,False,False,True,False,False,True,False,False,True,False,False,False
5718.63,0.293,0,7,0.811,1,2,1,1,False,False,True,False,False,False,True,False,False,True,False,False,False,False,False,True
2312.11,0.344,0,2,0.367,1,1,0,1,False,False,True,False,False,True,False,False,False,False,True,False,False,True,False,False
484.17,0.444,0,4,0.396,0,3,0,1,False,False,False,True,False,False,False,False,True,True,False,False,False,False,False,True
250.0,0.501,0,6,0.183,0,1,0,1,False,True,False,False,False,True,False,False,False,True,False,False,True,False,False,False
2038.03,0.338,0,21,0.271,1,6,1,1,True,False,False,False,False,False,True,False,False,True,False,False,False,True,False,False
1666.95,0.331,0,13,0.164,0,1,0,1,False,False,True,False,False,False,False,True,False,True,False,False,True,False,False,False
299.37,0.277,0,2,0.395,0,4,0,1,False,False,False,False,True,False,True,False,False,False,True,False,True,False,False,False
6430.08,0.323,0,11,0.445,0,3,0,1,True,False,False,False,False,True,False,False,False,False,True,False,False,True,False,False
1635.69,0.159,0,6,0.348,0,5,0,1,False,True,False,False,False,False,False,True,False,False,False,True,False,True,False,False
653.48,0.406,0,3,0.297,1,4,0,1,False,False,True,False,False,False,False,True,False,False,True,False,True,False,False,False
1006.56,0.113,0,4,0.009,0,2,0,1,False,False,True,False,False,False,False,True,False,False,True,False,True,False,False,False
4528.76,0.261,0,17,0.0,1,3,1,1,True,False,False,False,False,False,False,False,True,False,True,False,False,True,False,False
1580.19,0.25,0,21,0.067,0,6,0,1,False,True,False,False,False,True,False,False,False,False,True,False,False,False,False,True
1718.39,0.45,0,4,0.449,1,1,0,1,False,False,True,False,False,False,True,False,False,False,True,False,False,True,False,False
2425.53,0.462,0,11,0.012,0,3,0,1,False,False,False,False,True,False,True,False,False,False,True,False,False,False,False,True
4927.98,0.419,0,8,0.0,1,6,0,1,False,False,True,False,False,False,False,True,False,False,False,True,False,False,True,False
9531.94,0.141,0,6,0.28,1,1,0,1,False,False,True,False,False,False,True,False,False,False,True,False,False,False,True,False
1350.31,0.408,0,2,0.483,0,6,0,1,True,False,False,False,False,False,True,False,False,False,True,False,False,False,False,True
2663.9,0.587,0,9,0.191,0,2,0,1,False,True,False,False,False,False,True,False,False,False,True,False,False,False,True,False
332.67,0.375,0,15,0.388,1,1,1,1,False,False,True,False,False,False,True,False,False,False,True,False,True,False,False,False
311.3,0.576,0,1,0.39,0,5,0,1,False,True,False,False,False,False,True,False,False,True,False,False,False,True,False,False
307.05,0.454,1,0,0.24995735361917937,0,1,1,0,False,False,False,False,True,False,True,False,False,False,True,False,False,False,True,False
3518.31,0.525,0,7,0.009,0,1,1,1,False,False,False,True,False,False,False,False,True,False,True,False,True,False,False,False
1284.0,0.318,0,9,0.0,1,3,1,1,False,False,True,False,False,True,False,False,False,True,False,False,False,True,False,False
250.0,0.324,0,8,0.268,0,3,0,1,False,True,False,False,False,False,False,True,False,True,False,False,True,False,False,False
756.29,0.341,0,1,0.089,1,5,0,1,True,False,False,False,False,False,False,False,True,False,False,True,False,True,False,False
250.0,0.361,0,9,0.254,0,2,0,1,True,False,False,False,False,True,False,False,False,True,False,False,False,False,True,False
2675.79,0.192,0,2,0.02,0,3,0,1,True,False,False,False,False,False,True,False,False,False,False,True,False,True,False,False
2114.68,0.293,0,22,0.352,0,1,0,1,False,False,False,True,False,False,True,False,False,True,False,False,True,False,False,False
5282.99,0.121,0,9,0.213,0,5,0,1,False,True,False,False,False,True,False,False,False,False,False,True,False,True,False,False
879.27,0.309,0,6,0.36,0,4,0,1,True,False,False,False,False,False,True,False,False,True,False,False,False,True,False,False
1443.74,0.445,0,4,0.355,0,6,0,1,False,False,False,True,False,False,True,False,False,False,False,True,False,True,False,False
602.11,0.613,0,2,0.459,0,4,1,1,False,False,False,False,True,False,False,True,False,False,False,True,True,False,False,False
18213.05,0.415,0,6,0.166,0,5,0,1,False,False,False,False,True,False,True,False,False,False,True,False,True,False,False,False
804.93,0.454,0,3,0.306,0,4,1,1,False,True,False,False,False,True,False,False,False,False,True,False,False,True,False,False
7690.41,0.203,0,2,0.335,1,1,0,1,False,False,True,False,False,True,False,False,False,True,False,False,False,False,True,False
812.46,0.164,0,3,0.127,0,2,0,1,False,False,False,False,True,True,False,False,False,True,False,False,False,False,False,True
2582.64,0.086,0,16,0.287,0,1,0,1,False,False,False,True,False,False,False,True,False,False,True,False,True,False,False,False
6746.08,0.424,0,11,0.561,1,3,0,1,False,False,True,False,False,False,True,False,False,False,True,False,False,True,False,False
1366.79,0.188,0,3,0.458,0,8,0,1,False,False,True,False,False,True,False,False,False,False,False,True,True,False,False,False
2076.94,0.272,0,12,0.402,0,7,0,1,False,True,False,False,False,False,False,True,False,False,True,False,True,False,False,False
4455.6,0.391,0,8,0.227,0,5,0,1,False,True,False,False,False,False,True,False,False,False,False,True,False,True,False,False
2931.91,0.253,0,1,0.376,1,4,0,1,False,False,True,False,False,True,False,False,False,True,False,False,False,True,False,False
1398.88,0.216,0,13,0.247,1,3,0,1,False,False,True,False,False,True,False,False,False,True,False,False,False,False,True,False
407.82,0.164,0,22,0.154,1,5,0,1,False,False,True,False,False,False,False,True,False,False,True,False,False,True,False,False
1242.69,0.231,0,10,0.0,0,1,0,1,False,False,False,False,True,False,True,False,False,False,True,False,False,True,False,False
736.95,0.454,0,4,0.248,0,4,1,1,False,False,False,False,True,True,False,False,False,False,True,False,True,False,False,False
3106.15,0.272,0,1,0.494,1,4,0,1,False,False,True,False,False,False,False,True,False,False,True,False,True,False,False,False
1605.29,0.18,0,17,0.209,0,5,0,1,True,False,False,False,False,False,False,False,True,True,False,False,False,False,True,False
1245.65,0.158,0,6,0.037,1,1,0,1,False,False,True,False,False,False,False,False,True,True,False,False,False,True,False,False
1655.5,0.75,0,4,0.29,1,1,1,1,False,False,True,False,False,False,False,True,False,True,False,False,False,True,False,False
335.35,0.132,0,7,0.283,1,5,0,1,False,False,True,False,False,False,True,False,False,True,False,False,False,False,True,False
717.68,0.404,0,7,0.361,1,1,0,1,False,False,True,False,False,False,True,False,False,True,False,False,True,False,False,False
256.2,0.141,0,3,0.034,1,4,0,1,True,False,False,False,False,True,False,False,False,False,False,True,False,False,False,True
260.34,0.168,0,2,0.022,0,1,0,1,False,False,False,False,True,True,False,False,False,True,False,False,False,False,False,True
1020.76,0.659,0,5,0.266,1,3,0,1,False,False,True,False,False,False,True,False,False,False,True,False,False,True,False,False
5891.79,0.551,0,9,0.573,0,3,0,1,True,False,False,False,False,True,False,False,False,False,True,False,False,False,True,False
250.0,0.169,0,9,0.346,1,5,0,1,False,False,True,False,False,False,True,False,False,False,True,False,True,False,False,False
775.84,0.237,0,11,0.33,1,3,0,1,False,False,True,False,False,False,False,True,False,False,True,False,True,False,False,False
2371.56,0.183,0,18,0.186,0,3,0,1,True,False,False,False,False,True,False,False,False,False,True,False,True,False,False,False
958.42,0.637,0,8,0.217,1,2,0,1,False,False,True,False,False,False,True,False,False,True,False,False,False,False,True,False
250.0,0.412,0,12,0.094,0,3,0,1,True,False,False,False,False,True,False,False,False,True,False,False,False,False,True,False
410.33,0.246,0,4,0.215,0,1,0,1,False,False,False,False,True,False,False,False,True,False,True,False,False,True,False,False
2203.85,0.206,0,8,0.693,0,5,0,1,True,False,False,False,False,False,False,True,False,False,False,True,False,True,False,False
393.11,0.324,0,12,0.051,0,2,0,1,False,False,False,False,True,False,False,True,False,True,False,False,False,True,False,False
2140.15,0.16,0,11,0.239,0,2,0,1,False,True,False,False,False,False,False,True,False,True,False,False,False,False,True,False
844.7,0.301,0,8,0.134,0,3,0,1,True,False,False,False,False,True,False,False,False,False,True,False,False,False,True,False
1169.84,0.396,0,8,0.245,1,3,0,1,False,False,True,False,False,False,True,False,False,False,True,False,False,True,False,False
1834.94,0.272,0,7,0.334,0,1,0,1,False,False,False,False,True,True,False,False,False,False,True,False,False,True,False,False
1842.45,0.187,0,8,0.204,0,3,0,1,True,False,False,False,False,True,False,False,False,True,False,False,False,True,False,False
5976.68,0.034,0,27,0.307,0,3,0,1,False,True,False,False,False,True,False,False,False,True,False,False,False,False,True,False
1166.91,0.499,0,17,0.345,1,1,1,1,False,False,True,False,False,True,False,False,False,True,False,False,False,False,True,False
5016.09,0.313,0,11,0.139,1,1,0,1,False,False,True,False,False,True,False,False,False,True,False,False,True,False,False,False
1698.66,0.079,0,6,0.566,0,1,0,1,False,False,False,False,True,True,False,False,False,False,True,False,False,True,False,False
3154.07,0.187,0,19,0.236,0,4,0,1,True,False,False,False,False,True,False,False,False,False,False,True,False,False,True,False
490.89,0.098,0,5,0.44,0,4,1,1,False,False,True,False,False,True,False,False,False,False,True,False,True,False,False,False
308.82,0.311,0,25,0.376,0,2,0,1,False,True,False,False,False,False,True,False,False,False,True,False,True,False,False,False
1458.33,0.164,0,10,0.337,0,5,0,1,False,True,False,False,False,False,False,False,True,False,False,True,False,True,False,False
623.45,0.436,0,3,0.08,0,5,0,1,False,False,True,False,False,False,True,False,False,False,True,False,False,False,False,True
378.36,0.321,0,11,0.18,0,7,1,1,True,False,False,False,False,True,False,False,False,False,False,True,False,True,False,False
2614.79,0.046,0,5,0.714,0,4,0,1,False,False,False,False,True,False,False,False,True,True,False,False,False,False,False,True
1467.18,0.336,0,16,0.28,1,6,0,1,False,False,True,False,False,True,False,False,False,False,True,False,True,False,False,False
10129.72,0.213,0,24,0.179,1,5,1,1,False,False,True,False,False,False,True,False,False,False,False,True,False,True,False,False
1184.51,0.398,0,12,0.091,1,2,0,1,False,False,True,False,False,False,False,True,False,True,False,False,False,True,False,False
6835.73,0.359,0,3,0.225,0,2,0,1,True,False,False,False,False,False,True,False,False,True,False,False,True,False,False,False
1521.77,0.053,0,9,0.0,0,4,0,1,False,False,False,False,True,False,True,False,False,True,False,False,False,True,False,False
6984.54,0.679,0,4,0.335,0,6,0,1,False,True,False,False,False,False,True,False,False,True,False,False,False,False,True,False
1918.01,0.117,0,11,0.423,0,5,0,1,False,False,False,True,False,False,True,False,False,True,False,False,False,False,True,False
3111.44,0.309,0,3,0.175,1,5,1,1,False,False,True,False,False,True,False,False,False,True,False,False,True,False,False,False
5894.7,0.247,0,2,0.239,0,6,0,1,False,False,False,False,True,False,True,False,False,True,False,False,False,True,False,False
624.21,0.182,0,5,0.352,0,1,0,1,False,False,False,False,True,False,True,False,False,False,True,False,False,False,False,True
1193.96,0.197,0,5,0.0,0,4,0,1,False,True,False,False,False,False,False,True,False,True,False,False,False,False,True,False
2250.58,0.38,0,2,0.176,0,2,0,1,False,False,False,False,True,True,False,False,False,False,True,False,True,False,False,False
615.87,0.484,0,8,0.0,1,2,1,1,False,False,True,False,False,True,False,False,False,False,False,True,True,False,False,False
310.45,0.104,0,24,0.234,0,4,0,1,True,False,False,False,False,False,True,False,False,False,False,True,False,True,False,False
254.36,0.663,0,8,0.153,1,3,0,1,False,False,True,False,False,False,False,True,False,True,False,False,True,False,False,False
377.83,0.078,0,2,0.195,0,4,0,1,True,False,False,False,False,False,False,True,False,False,False,True,False,False,True,False
3779.04,0.243,0,12,0.253,0,4,0,1,False,False,False,False,True,False,False,True,False,False,True,False,False,False,True,False
906.06,0.366,1,0,0.24995735361917937,1,2,1,0,False,False,True,False,False,True,False,False,False,True,False,False,False,False,False,True
1718.83,0.093,0,20,0.2,0,6,1,1,False,True,False,False,False,False,True,False,False,False,False,True,False,False,False,True
442.09,0.325,0,5,0.213,0,2,0,1,False,True,False,False,False,False,False,False,True,False,True,False,False,False,True,False
2347.87,0.152,1,0,0.24995735361917937,0,3,0,0,False,True,False,False,False,True,False,False,False,True,False,False,False,True,False,False
538.26,0.124,0,11,0.367,0,1,0,1,False,False,False,False,True,True,False,False,False,True,False,False,False,False,False,True
1388.04,0.2,0,3,0.226,0,4,0,1,False,False,False,False,True,True,False,False,False,True,False,False,False,True,False,False
3407.59,0.202,0,8,0.054,0,2,1,1,False,True,False,False,False,True,False,False,False,True,False,False,False,True,False,False
829.62,0.128,0,4,0.013,0,5,1,1,True,False,False,False,False,True,False,False,False,True,False,False,True,False,False,False
3907.89,0.122,0,7,0.508,0,5,0,1,False,False,False,False,True,False,True,False,False,False,False,True,False,False,True,False
2812.43,0.054,0,18,0.322,1,4,0,1,False,False,True,False,False,False,False,False,True,False,False,True,False,True,False,False
4665.62,0.215,0,3,0.0,0,3,0,1,True,False,False,False,False,False,False,False,True,True,False,False,False,True,False,False
804.53,0.595,0,7,0.201,0,4,0,1,False,True,False,False,False,False,False,False,True,True,False,False,False,True,False,False
1677.23,0.124,0,3,0.308,0,6,0,1,True,False,False,False,False,False,True,False,False,False,False,True,False,False,True,False
1628.6,0.074,0,20,0.175,0,3,0,1,False,False,False,False,True,False,True,False,False,False,True,False,True,False,False,False
591.48,0.75,0,14,0.037,0,3,0,1,False,False,False,False,True,True,False,False,False,True,False,False,True,False,False,False
5625.92,0.316,1,0,0.24995735361917937,0,6,0,0,True,False,False,False,False,False,True,False,False,False,True,False,False,True,False,False
1529.5,0.306,0,12,0.405,0,5,0,1,False,False,True,False,False,False,False,True,False,True,False,False,False,False,False,True
3452.63,0.279,0,6,0.666,0,5,0,1,False,True,False,False,False,True,False,False,False,False,False,True,False,True,False,False
1420.37,0.464,0,9,0.159,0,4,1,1,False,False,True,False,False,True,False,False,False,True,False,False,False,True,False,False
316.3,0.311,0,3,0.325,1,4,0,1,True,False,False,False,False,False,False,True,False,False,True,False,True,False,False,False
5881.48,0.133,0,6,0.22,1,4,0,1,False,False,True,False,False,False,False,False,True,False,True,False,True,False,False,False
1426.9,0.427,0,11,0.18,1,2,0,1,False,False,True,False,False,True,False,False,False,True,False,False,False,False,False,True
12490.53,0.243,0,4,0.09,0,5,0,1,False,False,True,False,False,False,False,True,False,True,False,False,True,False,False,False
2039.74,0.178,0,18,0.013,1,4,1,1,False,False,True,False,False,True,False,False,False,False,False,True,True,False,False,False
2839.78,0.396,0,3,0.106,0,3,0,1,False,False,True,False,False,False,True,False,False,True,False,False,False,True,False,False
2497.92,0.258,0,5,0.215,1,4,0,1,False,False,True,False,False,False,False,False,True,True,False,False,True,False,False,False
308.33,0.271,0,12,0.143,1,7,1,1,False,False,True,False,False,True,False,False,False,False,False,True,False,False,True,False
250.0,0.287,1,0,0.24995735361917937,0,5,0,0,False,True,False,False,False,True,False,False,False,True,False,False,False,False,False,True
573.36,0.088,0,4,0.109,0,1,0,1,False,False,False,True,False,True,False,False,False,False,True,False,False,False,False,True
1901.19,0.159,0,8,0.185,0,5,0,1,False,True,False,False,False,False,False,True,False,False,False,True,False,False,False,True
4792.24,0.353,0,15,0.017,1,2,1,1,False,False,True,False,False,True,False,False,False,True,False,False,False,True,False,False
3026.66,0.358,0,16,0.337,1,3,0,1,False,False,True,False,False,True,False,False,False,False,True,False,True,False,False,False
2586.8,0.387,0,2,0.818,0,3,0,1,True,False,False,False,False,False,False,True,False,False,True,False,True,False,False,False
957.0,0.409,0,5,0.192,0,3,0,1,False,False,False,False,True,False,False,True,False,False,True,False,True,False,False,False
1087.34,0.169,0,7,0.237,0,5,0,1,False,False,False,False,True,True,False,False,False,False,False,True,False,True,False,False
1160.66,0.363,0,19,0.365,0,5,0,1,False,False,False,True,False,False,True,False,False,True,False,False,True,False,False,False
1402.32,0.26,0,2,0.322,0,2,0,1,True,False,False,False,False,True,False,False,False,True,False,False,True,False,False,False
608.48,0.227,0,23,0.208,1,3,0,1,False,False,True,False,False,False,True,False,False,False,True,False,False,False,True,False
717.37,0.551,0,10,0.641,0,3,1,1,False,False,False,False,True,False,True,False,False,False,True,False,False,False,True,False
4046.29,0.097,0,13,0.274,0,4,0,1,False,False,False,False,True,False,True,False,False,False,False,True,False,False,True,False
387.93,0.17,0,13,0.081,0,3,0,1,True,False,False,False,False,False,True,False,False,False,True,False,False,False,True,False
250.0,0.156,0,28,0.174,0,1,0,1,False,False,False,False,True,True,False,False,False,False,True,False,False,False,False,True
1650.02,0.127,0,12,0.242,0,2,0,1,False,False,False,True,False,False,True,False,False,False,False,True,False,True,False,False
3069.82,0.232,0,13,0.319,1,6,0,1,False,False,True,False,False,False,False,True,False,False,False,True,False,False,True,False
382.55,0.037,0,6,0.257,0,1,0,1,False,False,False,False,True,False,True,False,False,True,False,False,False,True,False,False
1700.38,0.483,0,3,0.305,0,1,0,1,True,False,False,False,False,True,False,False,False,True,False,False,False,False,True,False
445.96,0.342,0,7,0.496,1,5,0,1,False,False,True,False,False,False,False,True,False,True,False,False,False,False,False,True
3761.68,0.124,0,5,0.177,1,3,0,1,False,False,True,False,False,False,False,True,False,False,True,False,False,False,True,False
490.03,0.233,0,1,0.281,0,3,0,1,False,True,False,False,False,False,True,False,False,True,False,False,True,False,False,False
1272.11,0.167,0,1,0.134,0,5,0,1,False,True,False,False,False,True,False,False,False,False,True,False,False,False,True,False
4756.83,0.128,0,1,0.286,0,6,0,1,True,False,False,False,False,False,False,True,False,False,True,False,True,False,False,False
1416.38,0.356,0,8,0.305,0,5,0,1,False,False,False,True,False,False,False,True,False,True,False,False,True,False,False,False
2471.28,0.376,0,15,0.088,0,3,0,1,True,False,False,False,False,False,False,True,False,True,False,False,False,False,False,True
14249.19,0.118,0,17,0.372,0,3,0,1,True,False,False,False,False,True,False,False,False,False,True,False,True,False,False,False
1185.82,0.188,0,3,0.755,0,4,0,1,True,False,False,False,False,False,True,False,False,False,True,False,False,True,False,False
936.45,0.268,0,1,0.586,0,6,1,1,True,False,False,False,False,True,False,False,False,False,True,False,False,True,False,False
563.46,0.126,0,16,0.155,0,2,0,1,False,False,False,False,True,False,True,False,False,True,False,False,False,True,False,False
1699.82,0.269,1,0,0.24995735361917937,1,5,0,0,False,False,True,False,False,False,False,False,True,False,True,False,False,True,False,False
640.73,0.176,0,3,0.127,0,5,0,1,False,True,False,False,False,True,False,False,False,True,False,False,False,True,False,False
546.43,0.264,0,16,0.282,0,6,0,1,False,False,False,True,False,False,False,True,False,False,False,True,False,True,False,False
609.03,0.191,0,9,0.345,0,4,0,1,True,False,False,False,False,False,True,False,False,True,False,False,False,False,True,False
250.0,0.228,0,10,0.282,0,4,0,1,False,True,False,False,False,False,True,False,False,True,False,False,True,False,False,False
2380.4,0.12,0,12,0.454,0,5,1,1,False,True,False,False,False,False,True,False,False,False,True,False,False,True,False,False
1248.07,0.279,0,23,0.198,1,2,0,1,False,False,True,False,False,False,True,False,False,False,True,False,False,True,False,False
1304.76,0.376,0,5,0.635,1,6,1,1,False,False,True,False,False,True,False,False,False,False,True,False,True,False,False,False
1845.49,0.15,0,5,0.078,0,1,0,1,False,True,False,False,False,False,False,True,False,False,True,False,True,False,False,False
1931.84,0.31,0,17,0.279,0,2,0,1,False,False,False,True,False,False,True,False,False,True,False,False,False,True,False,False
12349.28,0.18,0,2,0.246,1,2,0,1,False,False,True,False,False,False,False,True,False,True,False,False,True,False,False,False
3120.91,0.113,0,5,0.291,0,7,0,1,False,True,False,False,False,False,False,True,False,False,False,True,True,False,False,False
883.11,0.281,0,12,0.446,0,4,0,1,False,False,False,False,True,False,True,False,False,False,True,False,True,False,False,False
527.16,0.327,0,13,0.589,0,4,1,1,False,True,False,False,False,True,False,False,False,True,False,False,False,False,False,True
992.07,0.233,0,13,0.281,1,2,0,1,False,False,True,False,False,False,False,True,False,True,False,False,False,True,False,False
701.12,0.117,1,0,0.24995735361917937,1,6,0,0,False,False,True,False,False,False,True,False,False,True,False,False,False,False,False,True
1081.49,0.433,1,0,0.24995735361917937,1,7,1,0,False,False,True,False,False,True,False,False,False,True,False,False,False,True,False,False
1218.66,0.096,0,6,0.334,0,2,0,1,False,True,False,False,False,False,True,False,False,True,False,False,True,False,False,False
5411.54,0.335,0,10,0.191,1,4,0,1,False,False,True,False,False,True,False,False,False,True,False,False,False,False,False,True
855.29,0.6,0,20,0.13,1,4,1,1,False,False,True,False,False,False,True,False,False,False,False,True,True,False,False,False
1196.88,0.708,0,16,0.076,1,7,1,1,False,False,True,False,False,True,False,False,False,False,False,True,False,True,False,False
608.43,0.338,0,22,0.208,1,3,0,1,False,False,True,False,False,False,True,False,False,False,True,False,False,False,True,False
2822.72,0.227,0,4,0.388,0,6,0,1,False,True,False,False,False,False,False,False,True,False,True,False,False,True,False,False
436.17,0.218,0,1,0.576,1,4,0,1,False,False,True,False,False,False,True,False,False,False,True,False,False,False,False,True
1272.73,0.192,0,7,0.24,0,6,0,1,False,False,False,False,True,False,True,False,False,False,False,True,False,True,False,False
446.31,0.177,0,13,0.491,0,1,1,1,False,False,True,False,False,False,True,False,False,True,False,False,False,True,False,False
621.52,0.234,0,3,0.056,1,1,0,1,False,False,True,False,False,True,False,False,False,False,True,False,False,False,True,False
889.99,0.75,1,0,0.24995735361917937,0,1,0,0,False,True,False,False,False,True,False,False,False,True,False,False,True,False,False,False
264.43,0.099,0,15,0.239,0,3,0,1,False,False,False,False,True,False,True,False,False,True,False,False,False,True,False,False
9457.56,0.153,0,3,0.541,0,8,0,1,False,True,False,False,False,False,True,False,False,False,True,False,False,True,False,False
1381.3,0.519,0,14,0.016,0,3,0,1,False,False,False,False,True,True,False,False,False,False,False,True,False,True,False,False
250.0,0.23,0,9,0.435,0,3,1,1,False,False,False,False,True,True,False,False,False,False,False,True,False,True,False,False
3810.99,0.284,0,4,0.298,0,6,0,1,False,True,False,False,False,False,True,False,False,False,False,True,False,True,False,False
4204.12,0.29,0,8,0.244,0,4,0,1,False,False,False,True,False,True,False,False,False,False,True,False,False,True,False,False
3684.93,0.385,0,1,0.249,1,4,1,1,False,False,True,False,False,True,False,False,False,False,True,False,False,True,False,False
672.37,0.115,0,17,0.171,0,2,0,1,False,True,False,False,False,False,True,False,False,False,True,False,True,False,False,False
2913.44,0.329,0,9,0.316,1,2,0,1,False,False,True,False,False,False,True,False,False,True,False,False,False,True,False,False
1281.01,0.328,0,17,0.61,0,4,0,1,False,True,False,False,False,False,True,False,False,True,False,False,False,True,False,False
1072.26,0.558,0,1,0.532,1,3,0,1,False,False,True,False,False,False,True,False,False,True,False,False,False,True,False,False
648.07,0.142,0,9,0.079,1,7,0,1,False,False,True,False,False,True,False,False,False,False,False,True,False,False,True,False
1767.79,0.153,0,8,0.093,0,3,0,1,False,True,False,False,False,False,True,False,False,False,True,False,False,False,True,False
466.06,0.018,0,7,0.212,0,2,0,1,False,False,False,False,True,False,True,False,False,True,False,False,False,True,False,False
1818.0,0.086,0,6,0.05,0,2,0,1,False,False,False,True,False,False,False,True,False,False,True,False,False,True,False,False
250.0,0.097,0,9,0.256,0,2,0,1,False,False,True,False,False,False,False,False,True,True,False,False,True,False,False,False
2034.85,0.529,0,3,0.309,1,4,0,1,False,False,True,False,False,False,False,False,True,False,True,False,False,False,False,True
383.18,0.222,0,7,0.459,0,2,1,1,False,False,False,False,True,True,False,False,False,False,True,False,True,False,False,False
839.91,0.127,1,0,0.24995735361917937,1,2,0,0,False,False,True,False,False,True,False,False,False,True,False,False,False,False,False,True
1599.62,0.227,0,20,0.082,1,3,0,1,False,False,True,False,False,True,False,False,False,True,False,False,False,False,False,True
3008.43,0.75,0,13,0.278,0,3,0,1,False,False,False,False,True,False,True,False,False,False,False,True,True,False,False,False
710.72,0.177,0,21,0.212,0,5,0,1,False,True,False,False,False,False,False,True,False,False,True,False,True,False,False,False
250.0,0.194,0,12,0.384,1,7,0,1,False,False,True,False,False,False,True,False,False,False,False,True,False,True,False,False
829.07,0.44,0,19,0.366,0,5,0,1,False,False,True,False,False,False,True,False,False,True,False,False,False,True,False,False
1841.07,0.26,0,8,0.152,0,1,0,1,False,True,False,False,False,False,False,False,True,False,True,False,False,False,True,False
303.31,0.24,0,5,0.311,0,3,0,1,True,False,False,False,False,False,False,True,False,False,True,False,False,False,True,False
250.0,0.158,0,7,0.401,0,5,0,1,False,True,False,False,False,False,True,False,False,False,False,True,True,False,False,False
15011.0,0.16,0,6,0.243,1,1,0,1,False,False,True,False,False,False,False,True,False,False,True,False,False,False,False,True
3280.1,0.511,0,7,0.219,0,5,0,1,False,False,False,False,True,False,False,True,False,True,False,False,False,False,True,False
928.87,0.258,0,4,0.408,1,1,1,1,False,False,True,False,False,True,False,False,False,True,False,False,False,True,False,False
1821.76,0.066,0,8,0.269,0,5,0,1,False,True,False,False,False,True,False,False,False,False,True,False,False,True,False,False
4600.98,0.401,0,5,0.369,0,4,0,1,True,False,False,False,False,True,False,False,False,True,False,False,False,False,True,False
763.45,0.09,0,6,0.183,0,2,0,1,False,False,True,False,False,False,True,False,False,True,False,False,True,False,False,False
418.39,0.292,0,6,0.367,0,4,1,1,True,False,False,False,False,True,False,False,False,False,True,False,False,True,False,False
4884.05,0.273,0,6,0.561,0,3,0,1,True,False,False,False,False,False,False,True,False,False,True,False,False,False,True,False
515.92,0.335,0,5,0.06,1,1,1,1,False,False,True,False,False,True,False,False,False,True,False,False,True,False,False,False
1327.45,0.277,0,15,0.276,0,1,1,1,True,False,False,False,False,False,False,True,False,False,True,False,True,False,False,False
967.46,0.064,0,4,0.297,0,4,0,1,False,False,False,True,False,False,True,False,False,False,True,False,False,True,False,False
250.0,0.257,0,8,0.274,0,5,0,1,True,False,False,False,False,False,False,True,False,True,False,False,False,True,False,False
3261.22,0.382,0,10,0.215,0,3,0,1,True,False,False,False,False,True,False,False,False,True,False,False,False,False,True,False
409.35,0.156,0,23,0.312,1,2,0,1,False,False,True,False,False,False,True,False,False,False,True,False,False,True,False,False
13950.94,0.226,0,6,0.182,1,2,0,1,True,False,False,False,False,True,False,False,False,False,True,False,False,False,True,False
1015.31,0.376,0,14,0.198,1,1,0,1,True,False,False,False,False,True,False,False,False,True,False,False,True,False,False,False
337.15,0.097,0,7,0.283,1,3,0,1,False,False,True,False,False,False,True,False,False,True,False,False,False,False,True,False
1776.89,0.133,0,10,0.013,0,5,0,1,False,False,True,False,False,True,False,False,False,False,False,True,True,False,False,False
489.28,0.195,0,20,0.305,0,4,1,1,False,True,False,False,False,False,False,False,True,False,True,False,True,False,False,False
978.9,0.033,0,25,0.058,1,6,1,1,False,False,True,False,False,True,False,False,False,False,False,True,False,False,True,False
250.0,0.092,0,3,0.42,1,1,1,1,False,False,True,False,False,False,True,False,False,False,True,False,False,True,False,False
689.98,0.239,0,4,0.415,0,1,0,1,False,True,False,False,False,False,True,False,False,True,False,False,False,False,True,False
880.46,0.026,0,5,0.105,1,6,0,1,False,False,True,False,False,False,True,False,False,False,False,True,False,True,False,False
381.26,0.357,0,2,0.192,1,2,0,1,False,False,True,False,False,True,False,False,False,True,False,False,True,False,False,False
1145.14,0.172,0,1,0.617,0,2,0,1,False,False,False,True,False,False,True,False,False,False,False,True,False,False,True,False
2562.91,0.323,0,4,0.305,0,4,0,1,False,False,False,True,False,True,False,False,False,False,False,True,False,True,False,False
484.38,0.209,0,6,0.257,1,5,0,1,False,False,True,False,False,False,True,False,False,True,False,False,False,True,False,False
540.12,0.247,0,2,0.455,1,5,0,1,False,False,True,False,False,False,True,False,False,False,False,True,True,False,False,False
918.41,0.475,0,2,0.381,0,8,0,1,False,True,False,False,False,False,True,False,False,False,True,False,False,True,False,False
671.4,0.579,0,1,0.296,0,6,1,1,False,True,False,False,False,True,False,False,False,False,False,True,False,False,True,False
1182.9,0.136,0,4,0.84,0,4,0,1,False,False,False,False,True,False,True,False,False,False,False,True,False,False,False,True
2571.28,0.303,0,2,0.047,0,3,0,1,False,True,False,False,False,False,False,False,True,False,True,False,False,False,True,False
461.2,0.185,0,4,0.251,0,2,0,1,False,False,False,True,False,False,False,True,False,True,False,False,True,False,False,False
12733.46,0.372,0,4,0.435,0,5,0,1,False,True,False,False,False,False,False,False,True,False,True,False,False,True,False,False
406.5,0.685,0,7,0.224,0,3,0,1,False,False,False,False,True,False,False,True,False,True,False,False,False,True,False,False
4334.59,0.633,0,5,0.809,0,4,0,1,False,False,False,False,True,False,False,False,True,False,False,True,True,False,False,False
1860.46,0.469,1,0,0.24995735361917937,1,3,0,0,False,False,True,False,False,False,False,True,False,False,True,False,True,False,False,False
1076.89,0.462,0,7,0.45,1,1,0,1,False,False,True,False,False,False,True,False,False,True,False,False,False,False,True,False
987.47,0.066,0,1,0.542,0,1,0,1,False,True,False,False,False,True,False,False,False,False,True,False,False,False,False,True
888.28,0.336,0,2,0.502,1,5,1,1,False,False,True,False,False,False,False,True,False,True,False,False,True,False,False,False
3002.17,0.228,0,1,0.383,1,5,0,1,False,False,True,False,False,False,True,False,False,True,False,False,True,False,False,False
2904.34,0.395,0,2,0.286,1,1,1,1,False,False,True,False,False,True,False,False,False,False,True,False,False,True,False,False
638.66,0.19,0,10,0.344,0,2,1,1,False,False,False,False,True,True,False,False,False,False,True,False,False,True,False,False
1580.91,0.284,0,11,0.027,1,1,0,1,False,False,True,False,False,True,False,False,False,False,True,False,True,False,False,False
368.67,0.176,0,7,0.376,1,1,0,1,False,False,True,False,False,False,True,False,False,False,True,False,False,False,True,False
3253.39,0.324,0,14,0.207,0,1,0,1,True,False,False,False,False,False,False,True,False,True,False,False,False,False,True,False
2119.06,0.455,0,7,0.0,0,6,0,1,True,False,False,False,False,True,False,False,False,True,False,False,True,False,False,False
2021.14,0.646,0,11,0.354,0,5,0,1,False,True,False,False,False,False,True,False,False,False,False,True,False,False,False,True
9519.08,0.745,0,4,0.159,0,2,0,1,False,True,False,False,False,True,False,False,False,False,True,False,False,True,False,False
1929.16,0.09,0,10,0.485,1,3,0,1,False,False,True,False,False,False,False,True,False,True,False,False,True,False,False,False
250.0,0.361,0,7,0.0,1,4,0,1,False,False,True,False,False,True,False,False,False,False,True,False,True,False,False,False
1073.28,0.143,0,2,0.618,0,4,0,1,False,False,False,True,False,False,True,False,False,False,False,True,True,False,False,False
922.73,0.119,0,3,0.223,1,3,0,1,False,False,True,False,False,True,False,False,False,False,True,False,False,False,True,False
967.24,0.398,0,5,0.194,0,4,0,1,False,False,False,False,True,False,True,False,False,False,True,False,False,True,False,False
1307.26,0.248,0,9,0.041,0,2,0,1,False,False,False,True,False,True,False,False,False,False,True,False,False,True,False,False
1489.82,0.194,0,3,0.037,1,2,0,1,False,False,True,False,False,False,False,False,True,True,False,False,False,True,False,False
2312.32,0.305,0,1,0.52,0,7,1,1,False,False,False,True,False,False,False,True,False,False,False,True,False,False,True,False
619.14,0.483,1,0,0.24995735361917937,0,2,0,0,True,False,False,False,False,False,False,True,False,False,True,False,False,True,False,False
12034.02,0.285,0,2,0.042,0,3,0,1,False,True,False,False,False,True,False,False,False,False,True,False,False,True,False,False
795.3,0.179,0,8,0.18,0,3,0,1,True,False,False,False,False,False,True,False,False,False,False,True,True,False,False,False
410.35,0.096,0,3,0.192,0,6,0,1,False,False,True,False,False,True,False,False,False,True,False,False,False,True,False,False
1026.73,0.403,0,2,0.293,0,6,0,1,False,False,False,False,True,False,True,False,False,True,False,False,False,True,False,False
1113.57,0.633,0,9,0.154,0,1,0,1,False,True,False,False,False,False,True,False,False,False,True,False,True,False,False,False
7104.28,0.314,1,0,0.24995735361917937,1,4,1,0,False,False,True,False,False,True,False,False,False,True,False,False,True,False,False,False
1049.17,0.076,0,4,0.278,0,3,0,1,False,True,False,False,False,False,False,True,False,False,True,False,False,True,False,False
2789.88,0.427,1,0,0.24995735361917937,1,1,0,0,False,False,True,False,False,False,True,False,False,True,False,False,False,False,False,True
463.75,0.592,0,9,0.213,1,5,1,1,False,False,True,False,False,False,True,False,False,False,False,True,False,True,False,False
3413.53,0.258,0,6,0.032,0,6,0,1,True,False,False,False,False,True,False,False,False,True,False,False,True,False,False,False
2973.42,0.285,0,8,0.242,1,4,1,1,False,False,True,False,False,True,False,False,False,False,False,True,False,False,True,False
3681.17,0.445,0,2,0.11,0,1,0,1,True,False,False,False,False,False,False,True,False,False,True,False,False,True,False,False
1675.39,0.152,0,7,0.107,1,2,0,1,False,False,True,False,False,False,True,False,False,False,True,False,False,True,False,False
7027.94,0.268,0,17,0.292,0,1,0,1,False,False,False,True,False,True,False,False,False,True,False,False,False,True,False,False
1355.85,0.53,0,18,0.282,0,2,0,1,False,True,False,False,False,True,False,False,False,True,False,False,False,False,True,False
397.16,0.059,0,1,0.088,1,5,0,1,True,False,False,False,False,False,True,False,False,True,False,False,False,True,False,False
411.63,0.265,0,6,0.129,0,7,0,1,False,True,False,False,False,False,True,False,False,False,True,False,False,False,True,False
2907.88,0.603,0,22,0.209,0,4,0,1,False,False,False,False,True,False,True,False,False,True,False,False,False,False,True,False
578.63,0.295,0,4,0.297,0,6,0,1,False,False,False,True,False,False,True,False,False,True,False,False,False,True,False,False
13080.96,0.226,0,7,0.246,0,4,0,1,False,False,False,True,False,False,True,False,False,False,True,False,False,False,False,True
4502.99,0.706,0,2,0.591,0,2,0,1,True,False,False,False,False,False,False,True,False,True,False,False,False,False,True,False
7418.14,0.456,0,2,0.296,0,1,0,1,False,True,False,False,False,False,True,False,False,False,True,False,True,False,False,False
3279.93,0.635,0,9,0.136,0,4,0,1,True,False,False,False,False,False,True,False,False,True,False,False,True,False,False,False
1572.67,0.22,0,5,0.233,0,6,0,1,False,True,False,False,False,False,False,True,False,False,True,False,False,True,False,False
710.13,0.284,0,1,0.092,0,4,0,1,False,False,False,False,True,True,False,False,False,True,False,False,True,False,False,False
2938.97,0.101,0,11,0.248,0,5,0,1,True,False,False,False,False,False,True,False,False,True,False,False,True,False,False,False
2559.51,0.435,0,1,0.018,1,1,0,1,False,False,True,False,False,False,True,False,False,True,False,False,True,False,False,False
2510.75,0.25,1,0,0.24995735361917937,0,4,0,0,False,False,False,False,True,False,False,False,True,False,True,False,False,True,False,False
2434.12,0.133,0,15,0.162,0,2,0,1,False,False,False,False,True,False,True,False,False,True,False,False,True,False,False,False
1962.33,0.09,0,1,0.255,0,8,0,1,False,False,False,False,True,True,False,False,False,False,True,False,False,True,False,False
913.92,0.675,0,6,0.279,1,4,1,1,False,False,True,False,False,True,False,False,False,False,False,True,False,False,False,True
2794.18,0.497,0,9,0.234,0,4,0,1,False,False,False,True,False,False,True,False,False,False,False,True,True,False,False,False
1305.34,0.307,0,8,0.006,0,3,0,1,False,False,False,False,True,False,True,False,False,False,True,False,True,False,False,False
2229.2,0.132,0,7,0.005,0,3,0,1,False,False,True,False,False,True,False,False,False,False,True,False,True,False,False,False
830.82,0.357,0,4,0.107,1,1,0,1,False,False,True,False,False,False,True,False,False,True,False,False,False,True,False,False
7783.29,0.197,0,1,0.183,1,1,0,1,False,False,True,False,False,False,True,False,False,True,False,False,False,True,False,False
1915.44,0.242,0,21,0.306,0,4,0,1,False,True,False,False,False,False,False,True,False,True,False,False,True,False,False,False
5407.89,0.492,0,10,0.205,1,2,0,1,False,False,True,False,False,False,False,True,False,True,False,False,False,False,True,False
1144.49,0.268,0,5,0.098,1,1,0,1,True,False,False,False,False,False,True,False,False,False,True,False,True,False,False,False
729.82,0.058,0,6,0.021,1,2,0,1,False,False,True,False,False,False,True,False,False,False,True,False,True,False,False,False
543.76,0.048,0,5,0.198,0,5,0,1,False,True,False,False,False,False,False,True,False,False,False,True,True,False,False,False
1071.48,0.182,0,9,0.059,0,2,0,1,True,False,False,False,False,False,True,False,False,True,False,False,False,False,False,True
281.61,0.162,0,7,0.391,1,2,1,1,False,False,True,False,False,False,True,False,False,False,False,True,False,False,True,False
1622.42,0.314,0,2,0.196,0,4,0,1,False,False,False,False,True,True,False,False,False,True,False,False,True,False,False,False
8242.12,0.308,0,24,0.242,1,1,0,1,False,False,True,False,False,False,True,False,False,True,False,False,False,True,False,False
443.57,0.343,0,9,0.107,1,4,0,1,False,False,True,False,False,False,False,True,False,False,False,True,False,True,False,False
996.75,0.018,0,3,0.416,0,3,0,1,True,False,False,False,False,True,False,False,False,False,False,True,False,True,False,False
764.12,0.506,0,16,0.086,0,3,0,1,False,True,False,False,False,False,False,True,False,False,True,False,False,False,True,False
1207.28,0.242,0,12,0.396,0,6,1,1,False,True,False,False,False,False,True,False,False,True,False,False,False,True,False,False
664.64,0.351,0,3,0.423,1,2,1,1,False,False,True,False,False,False,True,False,False,True,False,False,False,True,False,False
328.05,0.474,0,4,0.0,1,2,0,1,True,False,False,False,False,False,False,True,False,True,False,False,True,False,False,False
993.21,0.247,1,0,0.24995735361917937,0,2,0,0,False,False,False,False,True,False,True,False,False,False,True,False,False,False,False,True
2429.96,0.38,0,8,0.241,0,4,1,1,False,True,False,False,False,False,True,False,False,False,True,False,True,False,False,False
1325.21,0.246,0,5,0.424,0,2,0,1,False,False,False,True,False,False,False,False,True,False,True,False,False,False,False,True
1092.04,0.106,0,12,0.189,0,2,0,1,False,False,True,False,False,False,True,False,False,False,True,False,False,False,True,False
11838.85,0.515,0,9,0.216,0,2,0,1,False,False,False,True,False,False,True,False,False,False,False,True,False,True,False,False
1131.51,0.213,0,15,0.131,0,1,0,1,False,False,False,True,False,False,True,False,False,True,False,False,False,True,False,False
1346.81,0.242,0,12,0.049,1,7,1,1,False,False,True,False,False,False,False,True,False,False,False,True,True,False,False,False
4128.36,0.627,0,7,0.669,0,2,0,1,False,True,False,False,False,False,True,False,False,False,False,True,False,True,False,False
456.51,0.355,0,8,0.218,1,4,0,1,False,False,True,False,False,True,False,False,False,False,True,False,False,False,False,True
1203.74,0.515,0,2,0.411,1,5,0,1,False,False,True,False,False,False,False,True,False,True,False,False,True,False,False,False
550.27,0.214,1,0,0.24995735361917937,1,5,0,0,False,False,True,False,False,False,True,False,False,False,False,True,True,False,False,False
4954.94,0.071,0,11,0.204,0,2,0,1,False,True,False,False,False,False,False,True,False,True,False,False,True,False,False,False
1445.87,0.534,0,8,0.0,0,3,0,1,False,False,False,False,True,False,False,True,False,False,True,False,False,True,False,False
1227.59,0.056,0,10,0.417,1,3,0,1,False,False,True,False,False,False,True,False,False,True,False,False,False,True,False,False
891.99,0.127,0,8,0.0,0,1,0,1,False,True,False,False,False,True,False,False,False,False,True,False,True,False,False,False
955.82,0.53,0,1,0.55,0,2,0,1,False,True,False,False,False,False,True,False,False,False,True,False,False,False,False,True
3973.07,0.666,0,6,0.145,0,5,0,1,False,True,False,False,False,False,True,False,False,False,False,True,False,False,False,True
526.42,0.483,0,2,0.276,0,4,0,1,False,False,False,False,True,False,True,False,False,True,False,False,False,False,True,False
481.35,0.148,1,0,0.24995735361917937,0,8,0,0,False,False,False,True,False,False,True,False,False,False,False,True,True,False,False,False
2238.53,0.111,0,4,0.508,0,5,0,1,False,False,True,False,False,True,False,False,False,False,True,False,False,True,False,False
364.15,0.673,0,8,0.297,1,3,1,1,False,False,True,False,False,False,False,True,False,True,False,False,False,True,False,False
961.03,0.481,0,21,0.025,0,5,0,1,True,False,False,False,False,False,False,True,False,False,False,True,False,False,True,False
1616.59,0.126,0,3,0.307,0,4,0,1,False,False,False,True,False,False,False,True,False,True,False,False,True,False,False,False
497.74,0.154,0,15,0.186,1,5,0,1,False,False,True,False,False,False,False,True,False,False,True,False,False,False,False,True
4460.68,0.308,0,5,0.191,0,1,0,1,False,False,True,False,False,False,True,False,False,True,False,False,False,True,False,False
849.24,0.381,0,26,0.54,1,3,0,1,False,False,True,False,False,True,False,False,False,True,False,False,True,False,False,False
856.25,0.325,0,13,0.199,0,1,0,1,False,True,False,False,False,False,True,False,False,False,True,False,True,False,False,False
3460.85,0.364,0,1,0.449,0,5,1,1,False,True,False,False,False,True,False,False,False,True,False,False,False,False,False,True
6146.98,0.453,0,6,0.228,0,2,0,1,False,True,False,False,False,False,True,False,False,True,False,False,False,True,False,False
250.0,0.489,0,11,0.449,0,3,1,1,True,False,False,False,False,True,False,False,False,False,True,False,False,True,False,False
745.91,0.596,0,2,0.215,0,3,1,1,False,False,False,True,False,True,False,False,False,True,False,False,True,False,False,False
1140.66,0.198,0,8,0.415,0,5,0,1,False,False,True,False,False,True,False,False,False,True,False,False,False,False,True,False
1242.3,0.121,0,3,0.162,0,3,0,1,False,True,False,False,False,False,True,False,False,False,True,False,True,False,False,False
1006.97,0.442,0,1,0.328,1,3,0,1,False,False,True,False,False,False,True,False,False,True,False,False,True,False,False,False
615.53,0.253,0,10,0.332,1,4,0,1,False,False,True,False,False,True,False,False,False,False,False,True,False,False,False,True
433.0,0.136,0,4,0.115,0,6,0,1,False,True,False,False,False,False,False,True,False,False,False,True,False,False,True,False
262.98,0.219,0,10,0.183,0,1,0,1,False,False,False,False,True,False,True,False,False,False,True,False,True,False,False,False
1591.78,0.071,0,10,0.267,0,3,0,1,False,True,False,False,False,False,True,False,False,True,False,False,False,False,False,True
880.15,0.317,0,1,0.08,0,6,0,1,False,True,False,False,False,False,True,False,False,False,False,True,False,False,True,False
1571.18,0.15,0,1,0.278,0,2,0,1,False,False,False,False,True,False,True,False,False,True,False,False,True,False,False,False
692.05,0.442,0,5,0.152,0,5,0,1,False,True,False,False,False,False,False,True,False,True,False,False,False,True,False,False
3193.9,0.194,0,9,0.155,0,1,1,1,True,False,False,False,False,True,False,False,False,True,False,False,True,False,False,False
4233.2,0.307,0,14,0.144,1,6,0,1,False,False,True,False,False,False,True,False,False,False,True,False,False,True,False,False
832.64,0.132,0,8,0.676,0,6,0,1,False,True,False,False,False,True,False,False,False,False,True,False,False,False,True,False
484.86,0.183,0,7,0.41,1,4,0,1,False,False,True,False,False,False,True,False,False,False,True,False,False,False,False,True
4806.81,0.316,0,4,0.131,0,3,0,1,False,False,False,False,True,False,False,False,True,False,True,False,False,True,False,False
2565.66,0.282,0,8,0.215,1,3,0,1,False,False,True,False,False,True,False,False,False,True,False,False,True,False,False,False
1116.19,0.283,0,16,0.015,0,1,0,1,False,False,False,False,True,False,False,True,False,True,False,False,True,False,False,False
1265.73,0.295,0,10,0.264,1,4,0,1,False,False,True,False,False,False,True,False,False,False,True,False,True,False,False,False
400.22,0.081,0,4,0.157,0,1,0,1,False,False,False,True,False,True,False,False,False,True,False,False,False,False,False,True
465.28,0.211,1,0,0.24995735361917937,0,1,0,0,False,True,False,False,False,False,True,False,False,False,True,False,False,False,True,False
666.96,0.418,0,3,0.03,1,1,1,1,False,False,True,False,False,True,False,False,False,False,True,False,False,False,False,True
2805.66,0.463,0,13,0.363,0,2,0,1,False,False,False,False,True,False,True,False,False,True,False,False,False,True,False,False
1137.49,0.404,0,12,0.129,0,2,0,1,False,False,False,False,True,True,False,False,False,False,True,False,False,True,False,False
1410.1,0.209,0,15,0.201,0,2,0,1,False,True,False,False,False,False,True,False,False,True,False,False,True,False,False,False
915.2,0.518,0,10,0.133,1,6,0,1,False,False,True,False,False,False,True,False,False,False,False,True,False,True,False,False
684.96,0.415,0,13,0.497,1,1,0,1,False,False,True,False,False,True,False,False,False,True,False,False,True,False,False,False
420.3,0.14,0,4,0.389,1,5,1,1,False,False,True,False,False,False,True,False,False,False,True,False,True,False,False,False
3362.65,0.478,0,1,0.068,0,2,0,1,False,True,False,False,False,False,False,True,False,True,False,False,False,False,True,False
4548.8,0.598,0,3,0.295,0,4,0,1,False,False,True,False,False,False,True,False,False,True,False,False,True,False,False,False
250.0,0.198,0,14,0.498,0,4,0,1,False,False,False,False,True,False,False,False,True,False,False,True,False,True,False,False
4562.67,0.185,1,0,0.24995735361917937,0,3,0,0,False,False,False,False,True,True,False,False,False,False,True,False,False,True,False,False
999.73,0.33,0,9,0.013,0,1,0,1,False,True,False,False,False,True,False,False,False,True,False,False,False,True,False,False
327.55,0.093,0,25,0.24,0,3,1,1,False,False,False,False,True,True,False,False,False,True,False,False,False,False,False,True
597.2,0.185,0,23,0.326,0,7,0,1,False,True,False,False,False,True,False,False,False,False,False,True,False,True,False,False
4386.23,0.239,0,11,0.235,0,3,0,1,True,False,False,False,False,False,True,False,False,False,True,False,False,False,True,False
737.49,0.349,0,14,0.246,1,1,0,1,False,False,True,False,False,False,True,False,False,False,True,False,True,False,False,False
430.71,0.138,0,2,0.212,1,3,1,1,False,False,True,False,False,True,False,False,False,False,True,False,False,False,False,True
543.54,0.283,0,12,0.152,1,3,0,1,True,False,False,False,False,False,True,False,False,False,True,False,False,True,False,False
1990.8,0.289,0,12,0.507,0,1,0,1,False,False,False,True,False,True,False,False,False,False,True,False,False,True,False,False
250.0,0.352,0,3,0.168,0,2,0,1,False,False,False,False,True,False,False,True,False,True,False,False,False,True,False,False
460.32,0.491,0,2,0.188,0,4,0,1,False,False,False,True,False,False,True,False,False,False,True,False,False,False,False,True
1154.13,0.147,0,2,0.279,0,3,0,1,False,False,False,False,True,False,True,False,False,False,True,False,False,False,False,True
1466.9,0.625,0,8,0.281,1,5,0,1,False,False,True,False,False,True,False,False,False,False,True,False,False,True,False,False
250.0,0.145,0,6,0.25,0,4,0,1,False,False,False,True,False,True,False,False,False,True,False,False,False,True,False,False
3489.27,0.521,0,5,0.426,1,3,0,1,False,False,True,False,False,False,True,False,False,False,False,True,False,True,False,False
450.59,0.146,0,21,0.149,0,6,0,1,False,False,False,False,True,False,True,False,False,True,False,False,False,False,True,False
7898.29,0.335,0,7,0.166,0,3,0,1,False,False,True,False,False,False,True,False,False,True,False,False,True,False,False,False
250.0,0.093,0,3,0.225,0,3,0,1,True,False,False,False,False,True,False,False,False,False,True,False,False,True,False,False
544.96,0.583,0,14,0.376,0,3,0,1,True,False,False,False,False,True,False,False,False,True,False,False,False,True,False,False
591.57,0.201,0,4,0.231,0,8,0,1,False,False,False,False,True,False,True,False,False,False,False,True,False,True,False,False
4595.12,0.162,0,3,0.15,1,3,0,1,False,False,True,False,False,False,True,False,False,False,True,False,False,False,False,True
954.79,0.345,0,25,0.205,1,2,0,1,True,False,False,False,False,False,True,False,False,False,True,False,False,False,False,True
596.13,0.193,0,2,0.127,0,4,0,1,False,True,False,False,False,False,True,False,False,False,True,False,False,True,False,False
450.69,0.15,0,1,0.18,0,2,0,1,False,True,False,False,False,True,False,False,False,True,False,False,True,False,False,False
1265.84,0.397,0,6,0.37,0,2,0,1,False,True,False,False,False,False,False,True,False,True,False,False,False,False,True,False
346.33,0.1,0,16,0.354,0,7,0,1,False,True,False,False,False,False,True,False,False,False,False,True,True,False,False,False
1375.92,0.094,0,5,0.322,1,1,0,1,False,False,True,False,False,False,True,False,False,True,False,False,False,True,False,False
1391.78,0.172,0,1,0.189,0,6,1,1,False,False,False,True,False,False,True,False,False,False,False,True,False,True,False,False
2113.52,0.243,0,17,0.315,0,2,0,1,False,False,True,False,False,True,False,False,False,False,True,False,False,True,False,False
2363.74,0.032,0,14,0.149,0,2,0,1,False,True,False,False,False,True,False,False,False,True,False,False,False,True,False,False
2027.4,0.632,0,3,0.405,0,2,0,1,False,False,False,False,True,False,True,False,False,False,True,False,False,True,False,False
1220.81,0.23,0,9,0.577,1,3,0,1,False,False,True,False,False,True,False,False,False,False,True,False,False,True,False,False
964.83,0.224,0,14,0.213,0,4,1,1,False,False,False,False,True,True,False,False,False,True,False,False,False,False,False,True
552.36,0.145,0,3,0.037,0,1,0,1,False,True,False,False,False,False,True,False,False,True,False,False,True,False,False,False
3011.81,0.159,0,6,0.275,0,1,0,1,False,False,False,True,False,False,False,True,False,False,True,False,False,True,False,False
1930.9,0.499,0,8,0.209,0,2,0,1,False,True,False,False,False,False,True,False,False,False,False,True,False,True,False,False
3122.79,0.113,0,1,0.382,1,1,1,1,False,False,True,False,False,True,False,False,False,True,False,False,False,False,False,True
293.38,0.356,0,22,0.197,0,7,0,1,True,False,False,False,False,False,False,True,False,False,False,True,False,False,True,False
963.29,0.462,0,9,0.057,1,2,0,1,False,False,True,False,False,False,True,False,False,True,False,False,False,False,True,False
605.77,0.141,0,11,0.348,0,3,0,1,False,True,False,False,False,False,False,False,True,False,True,False,False,False,True,False
331.67,0.249,0,1,0.226,0,2,0,1,False,False,True,False,False,True,False,False,False,True,False,False,False,True,False,False
5339.76,0.374,0,18,0.11,0,2,0,1,False,False,False,False,True,False,True,False,False,False,True,False,True,False,False,False
319.93,0.323,0,13,0.024,0,2,0,1,False,True,False,False,False,False,False,False,True,True,False,False,True,False,False,False
485.14,0.157,0,10,0.458,0,5,0,1,False,False,False,False,True,False,True,False,False,True,False,False,True,False,False,False
458.97,0.303,0,13,0.112,1,3,1,1,True,False,False,False,False,False,True,False,False,True,False,False,False,False,True,False
250.0,0.452,0,16,0.314,0,4,0,1,False,False,False,False,True,False,False,True,False,False,True,False,False,False,False,True
427.7,0.406,0,5,0.0,1,2,0,1,False,False,True,False,False,False,True,False,False,False,False,True,False,False,False,True
1370.43,0.136,0,12,0.275,0,1,0,1,False,False,False,True,False,False,True,False,False,True,False,False,False,False,False,True
968.59,0.445,0,13,0.226,1,4,0,1,False,False,True,False,False,False,True,False,False,False,False,True,False,True,False,False
1577.54,0.163,0,15,0.251,0,2,0,1,False,True,False,False,False,False,True,False,False,True,False,False,False,True,False,False
3441.26,0.573,0,7,0.255,0,1,0,1,True,False,False,False,False,True,False,False,False,False,True,False,False,True,False,False
794.09,0.024,0,1,0.33,1,5,0,1,False,False,True,False,False,True,False,False,False,True,False,False,True,False,False,False
1697.94,0.499,0,5,0.422,1,5,1,1,False,False,True,False,False,False,False,True,False,False,True,False,True,False,False,False
250.0,0.302,0,1,0.206,0,3,0,1,False,False,False,False,True,False,True,False,False,False,False,True,True,False,False,False
15490.38,0.461,0,5,0.0,0,1,0,1,False,True,False,False,False,False,True,False,False,False,True,False,False,False,False,True
519.21,0.16,0,17,0.194,1,2,1,1,True,False,False,False,False,False,True,False,False,False,True,False,False,True,False,False
284.88,0.298,0,2,0.527,0,4,0,1,False,False,False,True,False,False,True,False,False,False,False,True,False,True,False,False
3096.98,0.23,0,7,0.28,0,7,0,1,False,False,False,False,True,False,False,True,False,True,False,False,False,True,False,False
656.24,0.162,0,15,0.235,1,6,0,1,False,False,True,False,False,False,True,False,False,False,False,True,False,False,False,True
327.29,0.238,0,9,0.686,1,4,1,1,False,False,True,False,False,True,False,False,False,True,False,False,False,False,False,True
2929.67,0.506,1,0,0.24995735361917937,1,1,0,0,False,False,True,False,False,False,True,False,False,False,True,False,True,False,False,False
1836.14,0.436,0,2,0.082,1,5,0,1,False,False,True,False,False,False,True,False,False,True,False,False,True,False,False,False
410.22,0.254,0,11,0.153,0,3,0,1,False,False,False,False,True,True,False,False,False,True,False,False,False,True,False,False
3237.6,0.308,0,3,0.619,0,1,0,1,True,False,False,False,False,False,True,False,False,False,True,False,False,False,True,False
988.1,0.338,0,2,0.389,0,9,0,1,False,False,False,True,False,True,False,False,False,True,False,False,False,False,False,True
1423.76,0.265,0,2,0.162,1,4,1,1,False,False,True,False,False,True,False,False,False,False,False,True,True,False,False,False
323.72,0.723,0,4,0.482,1,3,0,1,False,False,True,False,False,False,True,False,False,False,True,False,False,False,True,False
250.0,0.196,0,8,0.147,0,3,0,1,False,True,False,False,False,False,True,False,False,False,True,False,True,False,False,False
1023.93,0.235,0,22,0.032,0,5,0,1,False,False,False,True,False,True,False,False,False,True,False,False,False,True,False,False
1055.39,0.339,0,6,0.458,0,7,0,1,False,True,False,False,False,True,False,False,False,False,False,True,False,False,False,True
1311.72,0.434,0,5,0.053,1,3,1,1,True,False,False,False,False,True,False,False,False,True,False,False,False,True,False,False
1776.21,0.276,0,1,0.309,0,2,0,1,False,True,False,False,False,True,False,False,False,True,False,False,True,False,False,False
250.0,0.23,0,7,0.428,0,4,0,1,False,True,False,False,False,False,True,False,False,False,True,False,False,False,True,False
2674.0,0.241,0,8,0.043,0,4,0,1,False,True,False,False,False,False,True,False,False,True,False,False,False,True,False,False
2340.29,0.368,0,24,0.28,0,4,0,1,False,False,False,False,True,False,True,False,False,False,False,True,True,False,False,False
3278.49,0.059,0,19,0.468,1,2,0,1,False,False,True,False,False,False,True,False,False,False,False,True,False,True,False,False
468.98,0.298,0,10,0.029,0,3,0,1,False,False,False,False,True,True,False,False,False,True,False,False,False,True,False,False
759.12,0.156,0,12,0.152,0,2,1,1,False,True,False,False,False,True,False,False,False,False,True,False,False,False,True,False
1032.38,0.049,0,8,0.306,0,1,0,1,False,False,True,False,False,True,False,False,False,True,False,False,True,False,False,False
4188.88,0.275,0,7,0.197,0,6,0,1,False,True,False,False,False,True,False,False,False,True,False,False,False,False,True,False
2301.9,0.31,0,17,0.411,1,4,0,1,False,False,True,False,False,False,True,False,False,False,False,True,False,True,False,False
1108.21,0.176,0,6,0.068,1,4,0,1,False,False,True,False,False,False,False,False,True,True,False,False,True,False,False,False
455.36,0.197,0,3,0.131,0,1,0,1,False,False,True,False,False,True,False,False,False,True,False,False,False,True,False,False
1635.32,0.321,0,25,0.326,0,1,0,1,True,False,False,False,False,True,False,False,False,False,True,False,False,True,False,False
417.97,0.352,0,13,0.08,0,4,0,1,False,False,False,False,True,False,True,False,False,False,True,False,False,False,True,False
1501.9,0.391,0,15,0.319,0,4,0,1,False,True,False,False,False,False,True,False,False,True,False,False,True,False,False,False
1480.51,0.224,0,8,0.373,1,1,1,1,False,False,True,False,False,False,False,True,False,True,False,False,False,False,True,False
261.31,0.504,0,8,0.275,1,4,1,1,False,False,True,False,False,True,False,False,False,True,False,False,False,True,False,False
1411.87,0.201,0,3,0.352,0,4,0,1,False,True,False,False,False,False,True,False,False,False,False,True,False,True,False,False
2932.94,0.314,0,1,0.069,1,4,1,1,False,False,True,False,False,False,True,False,False,False,True,False,False,True,False,False
1515.09,0.034,0,4,0.201,0,4,0,1,False,False,False,False,True,False,True,False,False,False,False,True,True,False,False,False
2440.21,0.156,0,4,0.559,0,2,0,1,False,False,False,False,True,False,False,True,False,False,True,False,True,False,False,False
703.58,0.535,0,9,0.523,1,1,1,1,False,False,True,False,False,True,False,False,False,True,False,False,True,False,False,False
7733.22,0.281,0,2,0.427,1,1,0,1,False,False,True,False,False,False,True,False,False,False,True,False,False,True,False,False
1363.57,0.439,1,0,0.24995735361917937,1,2,1,0,False,False,True,False,False,False,True,False,False,False,True,False,False,False,True,False
4428.67,0.089,1,0,0.24995735361917937,0,3,1,0,False,False,False,False,True,False,False,True,False,False,False,True,True,False,False,False
4850.2,0.675,0,2,0.0,0,8,1,1,False,False,True,False,False,False,True,False,False,False,True,False,False,False,True,False
8283.34,0.227,0,7,0.243,0,3,0,1,False,False,False,False,True,False,True,False,False,True,False,False,True,False,False,False
1904.31,0.441,0,8,0.427,0,2,0,1,False,False,False,False,True,False,False,True,False,True,False,False,True,False,False,False
694.56,0.44,0,12,0.246,0,7,0,1,False,False,False,True,False,False,False,False,True,True,False,False,False,False,True,False
5700.25,0.267,0,13,0.522,0,1,0,1,True,False,False,False,False,False,True,False,False,False,True,False,True,False,False,False
1612.93,0.138,0,4,0.752,1,3,0,1,False,False,True,False,False,False,True,False,False,False,False,True,False,False,False,True
289.92,0.139,0,13,0.187,1,4,1,1,False,False,True,False,False,True,False,False,False,True,False,False,False,True,False,False
2291.39,0.289,0,19,0.186,0,8,1,1,False,False,True,False,False,False,True,False,False,False,False,True,True,False,False,False
250.0,0.307,0,5,0.272,1,7,0,1,False,False,True,False,False,True,False,False,False,True,False,False,True,False,False,False
2232.69,0.362,0,6,0.267,1,1,0,1,False,False,True,False,False,True,False,False,False,False,True,False,False,True,False,False
2896.35,0.259,0,16,0.139,0,5,0,1,True,False,False,False,False,False,True,False,False,False,True,False,False,False,True,False
801.57,0.052,0,3,0.0,0,4,0,1,False,False,False,True,False,True,False,False,False,False,False,True,False,False,False,True
3112.06,0.275,0,22,0.207,1,4,1,1,False,False,True,False,False,True,False,False,False,False,False,True,False,True,False,False
943.21,0.228,0,10,0.246,0,1,0,1,False,True,False,False,False,False,False,True,False,True,False,False,False,False,False,True
1111.46,0.235,0,1,0.121,0,5,0,1,True,False,False,False,False,True,False,False,False,False,True,False,False,False,False,True
1636.83,0.213,0,5,0.032,0,2,0,1,False,False,False,True,False,False,True,False,False,False,True,False,True,False,False,False
567.75,0.3,0,3,0.425,0,2,1,1,False,True,False,False,False,True,False,False,False,False,True,False,False,True,False,False
2290.1,0.385,0,1,0.388,0,3,0,1,False,False,False,True,False,False,True,False,False,True,False,False,False,True,False,False
803.58,0.536,0,3,0.352,1,5,1,1,False,False,True,False,False,False,False,True,False,False,True,False,True,False,False,False
916.02,0.663,0,1,0.581,0,2,0,1,False,False,False,True,False,False,True,False,False,False,True,False,False,False,False,True
3301.67,0.249,0,1,0.301,0,5,0,1,False,True,False,False,False,True,False,False,False,False,True,False,False,False,False,True
3009.17,0.285,0,1,0.478,0,4,0,1,False,True,False,False,False,True,False,False,False,False,False,True,False,False,True,False
2568.35,0.098,0,1,0.092,0,4,0,1,False,True,False,False,False,False,False,True,False,False,False,True,False,True,False,False
578.1,0.25,0,2,0.033,0,4,0,1,False,False,False,False,True,False,False,True,False,False,True,False,False,True,False,False
338.09,0.351,0,29,0.251,0,2,0,1,False,False,False,False,True,True,False,False,False,False,True,False,False,True,False,False
1177.09,0.383,0,1,0.186,1,5,1,1,False,False,True,False,False,False,False,True,False,False,True,False,True,False,False,False
1823.84,0.08,0,1,0.445,0,2,0,1,False,False,False,False,True,False,False,True,False,True,False,False,False,True,False,False
1376.94,0.116,0,9,0.242,0,4,0,1,True,False,False,False,False,False,False,True,False,False,True,False,False,True,False,False
2589.2,0.155,0,9,0.017,0,1,0,1,False,True,False,False,False,True,False,False,False,False,True,False,False,False,True,False
2430.24,0.283,0,10,0.2,1,6,0,1,False,False,True,False,False,False,False,True,False,False,False,True,True,False,False,False
1604.88,0.491,0,2,0.408,0,3,1,1,False,False,False,False,True,True,False,False,False,True,False,False,True,False,False,False
548.96,0.254,0,7,0.374,0,3,0,1,False,False,False,True,False,False,True,False,False,False,True,False,False,False,False,True
1312.93,0.154,1,0,0.24995735361917937,1,5,1,0,False,False,True,False,False,True,False,False,False,False,True,False,False,True,False,False
3448.58,0.59,0,2,0.066,0,4,0,1,False,False,False,False,True,False,True,False,False,False,True,False,False,False,False,True
813.56,0.148,0,10,0.0,0,3,0,1,False,True,False,False,False,False,True,False,False,True,False,False,False,True,False,False
992.62,0.336,0,21,0.257,1,3,1,1,False,False,True,False,False,False,True,False,False,True,False,False,False,True,False,False
1730.42,0.525,0,1,0.389,0,6,1,1,True,False,False,False,False,True,False,False,False,False,False,True,True,False,False,False
6176.2,0.523,0,5,0.192,0,2,0,1,False,True,False,False,False,True,False,False,False,False,True,False,False,True,False,False
2767.72,0.239,0,15,0.283,0,2,1,1,True,False,False,False,False,False,True,False,False,False,True,False,True,False,False,False
995.6,0.295,0,6,0.0,0,6,0,1,False,False,False,False,True,False,True,False,False,True,False,False,False,True,False,False
2590.29,0.355,0,8,0.0,1,6,0,1,False,False,True,False,False,False,True,False,False,False,False,True,False,True,False,False
1703.29,0.293,0,10,0.513,0,2,0,1,False,False,False,False,True,False,True,False,False,True,False,False,False,True,False,False
717.83,0.219,0,1,0.291,0,2,0,1,False,True,False,False,False,False,False,True,False,True,False,False,False,False,False,True
1829.38,0.236,0,2,0.523,0,1,0,1,True,False,False,False,False,False,False,True,False,True,False,False,False,False,False,True
1501.02,0.085,0,2,0.123,0,5,0,1,False,True,False,False,False,False,False,True,False,False,True,False,True,False,False,False
700.2,0.177,0,13,0.23,1,6,1,1,False,False,True,False,False,True,False,False,False,True,False,False,False,False,True,False
2474.25,0.376,0,2,0.303,0,2,0,1,False,True,False,False,False,True,False,False,False,True,False,False,False,True,False,False
547.68,0.161,0,20,0.266,0,2,1,1,True,False,False,False,False,False,False,True,False,True,False,False,False,False,False,True
1579.34,0.359,0,2,0.439,0,3,0,1,False,True,False,False,False,True,False,False,False,False,False,True,True,False,False,False
634.06,0.194,0,18,0.346,0,2,0,1,True,False,False,False,False,False,True,False,False,True,False,False,False,True,False,False
554.2,0.425,0,8,0.312,0,1,0,1,False,True,False,False,False,True,False,False,False,True,False,False,True,False,False,False
1951.08,0.433,0,13,0.391,0,4,0,1,True,False,False,False,False,False,True,False,False,False,True,False,False,True,False,False
1408.54,0.182,0,18,0.169,0,2,0,1,False,True,False,False,False,False,False,True,False,True,False,False,False,False,True,False
2824.52,0.75,0,5,0.101,0,5,0,1,True,False,False,False,False,True,False,False,False,True,False,False,True,False,False,False
622.42,0.69,0,2,0.232,1,3,1,1,False,False,True,False,False,False,False,True,False,True,False,False,False,False,True,False
318.06,0.189,0,1,0.0,1,5,1,1,False,False,True,False,False,True,False,False,False,False,False,True,False,False,False,True
250.0,0.446,0,8,0.438,0,2,0,1,False,True,False,False,False,False,True,False,False,True,False,False,True,False,False,False
1873.36,0.261,0,15,0.084,0,6,0,1,False,True,False,False,False,True,False,False,False,True,False,False,False,True,False,False
282.29,0.158,0,8,0.202,1,5,1,1,False,False,True,False,False,False,True,False,False,False,False,True,True,False,False,False
1384.51,0.179,0,9,0.195,0,5,1,1,False,False,False,True,False,True,False,False,False,False,False,True,False,True,False,False
3544.53,0.439,0,18,0.307,1,3,0,1,False,False,True,False,False,False,False,False,True,True,False,False,True,False,False,False
250.0,0.466,0,23,0.089,1,2,0,1,False,False,True,False,False,True,False,False,False,True,False,False,False,True,False,False
628.79,0.071,0,12,0.503,1,2,1,1,False,False,True,False,False,False,True,False,False,True,False,False,False,True,False,False
524.21,0.197,0,3,0.0,0,2,0,1,False,False,True,False,False,False,True,False,False,False,True,False,False,True,False,False
498.97,0.433,0,10,0.3,0,2,0,1,False,True,False,False,False,True,False,False,False,True,False,False,True,False,False,False
534.55,0.48,0,1,0.293,0,3,0,1,False,False,False,False,True,False,True,False,False,False,True,False,False,False,False,True
12106.92,0.044,0,2,0.365,0,1,0,1,True,False,False,False,False,False,True,False,False,False,True,False,False,True,False,False
1260.06,0.32,0,26,0.195,1,2,1,1,False,False,True,False,False,True,False,False,False,True,False,False,False,True,False,False
1166.67,0.438,1,0,0.24995735361917937,0,4,1,0,False,False,True,False,False,False,False,False,True,True,False,False,False,False,True,False
1857.37,0.086,0,9,0.403,0,8,0,1,False,False,False,True,False,False,True,False,False,False,False,True,False,False,True,False
3777.46,0.173,0,1,0.519,0,6,1,1,False,True,False,False,False,False,True,False,False,False,False,True,False,False,True,False
942.25,0.501,0,13,0.0,0,1,0,1,True,False,False,False,False,False,True,False,False,True,False,False,False,False,True,False
892.49,0.304,0,13,0.357,0,3,0,1,False,False,False,True,False,False,True,False,False,True,False,False,True,False,False,False
1329.03,0.125,0,8,0.023,0,2,0,1,False,False,False,False,True,False,True,False,False,False,True,False,False,True,False,False
7807.34,0.194,0,15,0.224,1,8,0,1,True,False,False,False,False,True,False,False,False,True,False,False,False,True,False,False
1632.57,0.294,0,5,0.342,0,5,0,1,True,False,False,False,False,False,False,True,False,True,False,False,False,True,False,False
1784.71,0.29,0,20,0.305,0,3,0,1,False,False,False,False,True,False,True,False,False,False,False,True,False,True,False,False
4535.42,0.25,0,1,0.029,0,4,0,1,False,False,False,True,False,True,False,False,False,True,False,False,False,False,True,False
274.21,0.178,0,1,0.145,0,4,0,1,False,False,False,True,False,True,False,False,False,True,False,False,True,False,False,False
465.72,0.346,0,19,0.337,0,2,0,1,False,False,False,True,False,False,True,False,False,True,False,False,False,True,False,False
1530.67,0.089,0,3,0.296,0,4,0,1,False,False,False,False,True,True,False,False,False,False,False,True,False,False,True,False
2738.45,0.606,0,30,0.239,1,6,0,1,False,False,True,False,False,False,True,False,False,False,True,False,True,False,False,False
1177.09,0.103,0,1,0.034,0,7,0,1,False,True,False,False,False,False,True,False,False,False,False,True,False,False,True,False
1396.53,0.138,0,22,0.153,1,3,0,1,False,False,True,False,False,True,False,False,False,True,False,False,True,False,False,False
337.03,0.283,0,23,0.002,1,1,0,1,False,False,True,False,False,True,False,False,False,True,False,False,False,False,True,False
1165.39,0.669,0,15,0.465,0,2,0,1,False,False,False,True,False,True,False,False,False,True,False,False,False,False,False,True
6019.47,0.241,1,0,0.24995735361917937,0,1,0,0,False,True,False,False,False,False,False,False,True,False,True,False,False,True,False,False
521.36,0.424,0,6,0.082,0,5,0,1,False,True,False,False,False,False,True,False,False,True,False,False,True,False,False,False
994.82,0.229,0,6,0.2,0,3,0,1,False,False,False,True,False,False,True,False,False,True,False,False,False,False,True,False
1264.24,0.431,0,17,0.095,0,3,0,1,False,False,False,False,True,False,True,False,False,False,True,False,False,True,False,False
2878.71,0.264,0,1,0.232,0,1,0,1,False,False,False,True,False,True,False,False,False,True,False,False,False,True,False,False
1971.64,0.649,0,8,0.445,0,3,1,1,True,False,False,False,False,False,True,False,False,False,True,False,False,False,False,True
1846.49,0.411,0,2,0.106,1,3,0,1,False,False,True,False,False,True,False,False,False,False,True,False,False,True,False,False
759.96,0.259,0,18,0.459,1,3,0,1,False,False,True,False,False,True,False,False,False,False,True,False,True,False,False,False
3192.69,0.438,0,6,0.243,0,4,0,1,False,False,False,False,True,True,False,False,False,False,False,True,True,False,False,False
1799.27,0.253,0,18,0.33,0,5,0,1,False,True,False,False,False,True,False,False,False,False,True,False,False,False,True,False
1220.28,0.312,0,26,0.091,0,7,0,1,False,False,False,False,True,True,False,False,False,False,False,True,False,False,True,False
1033.05,0.237,0,22,0.159,0,6,0,1,False,False,False,False,True,True,False,False,False,False,False,True,False,False,False,True
640.13,0.324,0,5,0.391,1,6,0,1,False,False,True,False,False,False,False,True,False,False,True,False,False,False,True,False
4704.58,0.133,0,15,0.371,0,6,0,1,False,True,False,False,False,False,True,False,False,False,False,True,False,True,False,False
368.64,0.292,0,16,0.163,1,3,0,1,False,False,True,False,False,False,True,False,False,False,False,True,True,False,False,False
1670.99,0.11,0,14,0.201,0,9,0,1,True,False,False,False,False,False,True,False,False,False,False,True,False,True,False,False
5493.07,0.107,0,5,0.211,0,3,0,1,False,False,False,True,False,False,False,True,False,False,True,False,False,True,False,False
250.0,0.4,0,1,0.0,1,3,0,1,False,False,True,False,False,False,False,True,False,False,True,False,False,True,False,False
1052.29,0.087,0,4,0.226,0,5,0,1,True,False,False,False,False,False,False,True,False,False,False,True,False,False,True,False
1875.64,0.091,0,21,0.313,1,2,0,1,False,False,True,False,False,True,False,False,False,False,True,False,False,True,False,False
484.92,0.675,0,4,0.266,0,8,1,1,False,False,False,False,True,False,False,True,False,False,False,True,False,True,False,False
1484.1,0.211,0,19,0.545,0,4,0,1,True,False,False,False,False,False,False,True,False,False,False,True,False,True,False,False
3007.73,0.231,0,4,0.332,1,2,1,1,False,False,True,False,False,True,False,False,False,False,True,False,False,False,True,False
1193.6,0.149,0,2,0.347,0,4,0,1,False,True,False,False,False,False,True,False,False,True,False,False,True,False,False,False
343.85,0.176,0,14,0.263,0,2,0,1,False,False,False,True,False,True,False,False,False,False,True,False,False,True,False,False
558.68,0.389,1,0,0.24995735361917937,1,7,1,0,False,False,True,False,False,False,True,False,False,False,False,True,False,True,False,False
511.41,0.204,0,12,0.171,1,5,0,1,False,False,True,False,False,False,True,False,False,True,False,False,False,False,True,False
323.57,0.22,0,3,0.305,1,1,0,1,False,False,True,False,False,True,False,False,False,False,True,False,False,False,True,False
976.82,0.293,0,14,0.409,0,6,1,1,False,False,False,True,False,False,True,False,False,False,False,True,True,False,False,False
442.07,0.208,0,16,0.258,0,5,1,1,False,True,False,False,False,True,False,False,False,True,False,False,False,False,True,False
403.14,0.75,0,19,0.218,0,7,0,1,False,True,False,False,False,False,True,False,False,False,False,True,False,True,False,False
4026.6,0.17,0,3,0.166,0,4,0,1,False,True,False,False,False,False,False,True,False,False,False,True,False,True,False,False
5660.95,0.328,0,4,0.395,1,1,0,1,False,False,True,False,False,False,True,False,False,False,True,False,True,False,False,False
3937.99,0.203,0,10,0.015,1,5,0,1,False,False,True,False,False,True,False,False,False,True,False,False,False,False,True,False
1706.09,0.203,0,14,0.191,0,4,0,1,True,False,False,False,False,True,False,False,False,False,True,False,False,True,False,False
1412.78,0.244,0,16,0.265,0,3,0,1,False,True,False,False,False,False,False,True,False,False,True,False,False,False,False,True
5712.27,0.041,0,11,0.32,1,2,0,1,False,False,True,False,False,False,False,True,False,True,False,False,True,False,False,False
3079.64,0.222,0,14,0.43,0,2,0,1,True,False,False,False,False,False,False,True,False,False,True,False,False,False,True,False
4462.2,0.162,0,15,0.58,0,4,0,1,False,True,False,False,False,True,False,False,False,True,False,False,False,True,False,False
863.1,0.094,0,24,0.222,1,1,0,1,False,False,True,False,False,False,True,False,False,False,True,False,False,False,True,False
401.67,0.456,0,2,0.288,0,6,0,1,False,False,False,False,True,False,True,False,False,False,True,False,False,True,False,False
3123.81,0.377,0,20,0.366,0,6,0,1,False,True,False,False,False,False,False,True,False,True,False,False,True,False,False,False
2115.67,0.371,0,5,0.18,1,3,1,1,False,False,True,False,False,False,True,False,False,True,False,False,True,False,False,False
3656.85,0.116,0,31,0.223,1,2,0,1,False,False,True,False,False,False,True,False,False,False,True,False,False,False,True,False
1361.06,0.088,0,21,0.233,0,2,0,1,False,False,False,True,False,False,False,True,False,True,False,False,False,False,False,True
400.94,0.303,1,0,0.24995735361917937,0,4,0,0,False,True,False,False,False,False,False,True,False,False,False,True,False,True,False,False
1640.88,0.566,0,13,0.335,1,6,0,1,False,False,True,False,False,False,True,False,False,True,False,False,False,False,True,False
319.61,0.067,0,11,0.187,0,2,1,1,False,False,False,False,True,True,False,False,False,True,False,False,False,True,False,False
5446.08,0.512,0,3,0.132,0,4,1,1,False,True,False,False,False,False,True,False,False,True,False,False,True,False,False,False
2005.87,0.129,0,18,0.311,0,3,0,1,True,False,False,False,False,True,False,False,False,False,True,False,True,False,False,False
1188.75,0.036,1,0,0.24995735361917937,1,3,1,0,False,False,True,False,False,True,False,False,False,False,False,True,False,True,False,False
2078.87,0.243,0,1,0.244,1,2,0,1,False,False,True,False,False,False,False,True,False,False,True,False,False,False,True,False
250.0,0.277,0,9,0.368,1,5,0,1,False,False,True,False,False,True,False,False,False,False,True,False,False,False,True,False
404.24,0.211,0,14,0.146,0,3,0,1,False,True,False,False,False,False,True,False,False,False,True,False,True,False,False,False
2846.68,0.109,0,3,0.005,1,5,0,1,False,False,True,False,False,False,True,False,False,False,False,True,False,False,False,True
1994.62,0.32,0,12,0.32,1,4,0,1,False,False,True,False,False,False,True,False,False,True,False,False,False,False,True,False
833.58,0.3,0,5,0.429,1,5,0,1,False,False,True,False,False,True,False,False,False,False,False,True,True,False,False,False
326.48,0.118,0,5,0.049,0,2,0,1,True,False,False,False,False,False,False,True,False,True,False,False,True,False,False,False
1074.94,0.716,0,19,0.213,1,2,0,1,False,False,True,False,False,False,False,True,False,True,False,False,False,True,False,False
484.29,0.266,0,4,0.115,1,4,1,1,False,False,True,False,False,True,False,False,False,False,True,False,False,False,True,False
3876.84,0.139,0,32,0.356,0,6,0,1,False,True,False,False,False,False,False,True,False,False,False,True,False,True,False,False
702.5,0.522,1,0,0.24995735361917937,0,5,0,0,True,False,False,False,False,False,False,True,False,True,False,False,False,False,True,False
1165.76,0.03,0,2,0.313,0,3,0,1,False,False,False,False,True,False,True,False,False,False,True,False,False,True,False,False
993.81,0.569,0,3,0.053,0,2,0,1,False,True,False,False,False,False,True,False,False,True,False,False,True,False,False,False
740.16,0.173,0,3,0.26,0,1,0,1,False,False,False,False,True,True,False,False,False,True,False,False,False,True,False,False
2182.86,0.071,0,11,0.378,1,4,0,1,False,False,True,False,False,False,True,False,False,False,True,False,False,False,True,False
516.9,0.385,1,0,0.24995735361917937,0,4,1,0,False,True,False,False,False,False,False,True,False,False,False,True,False,True,False,False
15758.04,0.167,0,9,0.0,0,5,0,1,False,False,False,False,True,True,False,False,False,False,False,True,False,False,False,True
1283.17,0.2,0,3,0.14,0,1,0,1,False,False,False,True,False,True,False,False,False,False,True,False,False,True,False,False
1452.97,0.324,1,0,0.24995735361917937,0,7,0,0,False,True,False,False,False,True,False,False,False,False,True,False,True,False,False,False
4113.04,0.185,0,6,0.0,0,3,0,1,False,False,False,True,False,False,True,False,False,True,False,False,True,False,False,False
491.33,0.038,1,0,0.24995735361917937,1,1,0,0,False,False,True,False,False,False,True,False,False,False,True,False,True,False,False,False
10562.98,0.277,0,4,0.238,0,4,0,1,False,False,False,False,True,False,False,True,False,False,True,False,False,True,False,False
727.87,0.225,0,27,0.479,0,6,0,1,False,False,True,False,False,False,False,True,False,True,False,False,False,False,False,True
1867.65,0.356,0,7,0.227,0,4,0,1,False,True,False,False,False,False,True,False,False,False,True,False,True,False,False,False
704.37,0.235,0,21,0.327,0,1,0,1,True,False,False,False,False,False,True,False,False,False,True,False,False,True,False,False
4049.31,0.355,0,16,0.348,0,3,1,1,True,False,False,False,False,True,False,False,False,False,True,False,False,True,False,False
1657.47,0.16,0,6,0.558,0,8,0,1,True,False,False,False,False,True,False,False,False,False,False,True,False,False,True,False
1358.35,0.03,0,8,0.314,0,6,0,1,False,False,False,False,True,False,False,False,True,False,True,False,False,True,False,False
661.62,0.171,0,1,0.304,0,1,0,1,False,False,False,True,False,False,True,False,False,True,False,False,False,False,False,True
1582.81,0.25,0,17,0.391,0,4,0,1,False,False,False,True,False,False,True,False,False,False,True,False,True,False,False,False
1205.68,0.276,0,11,0.242,0,3,0,1,False,False,False,False,True,True,False,False,False,True,False,False,False,True,False,False
290.0,0.663,0,1,0.582,1,4,1,1,False,False,True,False,False,True,False,False,False,False,True,False,False,True,False,False
298.24,0.169,0,5,0.128,0,3,0,1,False,False,False,False,True,False,False,True,False,False,True,False,False,True,False,False
1229.3,0.326,0,7,0.002,0,1,0,1,True,False,False,False,False,True,False,False,False,False,True,False,False,True,False,False
468.48,0.199,0,16,0.215,0,2,0,1,False,True,False,False,False,False,True,False,False,True,False,False,False,True,False,False
1012.41,0.199,0,4,0.117,1,1,0,1,False,False,True,False,False,False,False,False,True,False,True,False,False,True,False,False
250.0,0.225,0,14,0.439,1,5,0,1,False,False,True,False,False,True,False,False,False,True,False,False,False,True,False,False
1427.16,0.08,0,11,0.0,0,4,0,1,False,True,False,False,False,False,False,False,True,False,False,True,True,False,False,False
845.86,0.205,0,8,0.136,1,5,0,1,False,False,True,False,False,False,True,False,False,True,False,False,True,False,False,False
1015.5,0.548,0,1,0.229,0,1,0,1,False,False,True,False,False,False,True,False,False,False,True,False,False,True,False,False
250.0,0.051,0,6,0.52,0,2,0,1,True,False,False,False,False,False,True,False,False,True,False,False,True,False,False,False
1205.84,0.138,0,2,0.182,0,1,0,1,False,True,False,False,False,True,False,False,False,True,False,False,False,True,False,False
2540.66,0.427,0,26,0.494,1,4,0,1,False,False,True,False,False,False,False,True,False,True,False,False,False,True,False,False
1167.1,0.244,0,15,0.102,0,1,0,1,False,True,False,False,False,False,False,True,False,True,False,False,False,False,True,False
1960.27,0.236,0,9,0.0,0,3,0,1,False,True,False,False,False,False,False,False,True,True,False,False,False,True,False,False
956.0,0.107,0,1,0.128,1,7,0,1,False,False,True,False,False,True,False,False,False,True,False,False,False,True,False,False
636.85,0.261,0,33,0.047,0,7,0,1,True,False,False,False,False,True,False,False,False,False,True,False,True,False,False,False
2273.6,0.061,0,1,0.55,0,4,0,1,False,False,False,False,True,False,True,False,False,False,False,True,False,True,False,False
641.03,0.35,0,12,0.244,0,6,0,1,False,False,True,False,False,True,False,False,False,False,False,True,False,False,True,False
3392.31,0.471,0,2,0.361,0,1,0,1,True,False,False,False,False,False,False,True,False,True,False,False,False,False,False,True
6290.15,0.591,0,9,0.235,1,3,0,1,False,False,True,False,False,False,False,True,False,False,True,False,False,False,True,False
7306.13,0.032,0,2,0.434,0,2,0,1,False,False,False,False,True,False,True,False,False,False,True,False,True,False,False,False
390.58,0.129,0,9,0.11,0,4,0,1,True,False,False,False,False,False,False,True,False,True,False,False,False,False,True,False
907.34,0.151,0,23,0.084,0,5,0,1,False,False,False,False,True,True,False,False,False,True,False,False,True,False,False,False
3049.74,0.626,0,23,0.369,1,3,1,1,False,False,True,False,False,True,False,False,False,False,True,False,False,True,False,False
4302.29,0.191,0,6,0.527,1,2,0,1,False,False,True,False,False,False,False,True,False,False,True,False,True,False,False,False
1307.88,0.612,0,2,0.0,0,1,0,1,False,False,True,False,False,False,True,False,False,False,True,False,True,False,False,False
667.78,0.277,0,1,0.207,0,6,1,1,False,False,False,False,True,True,False,False,False,False,True,False,False,True,False,False
321.8,0.156,0,21,0.34,1,2,1,1,False,False,True,False,False,False,False,True,False,False,True,False,False,False,False,True
6814.97,0.183,0,19,0.152,0,1,0,1,False,False,False,False,True,True,False,False,False,True,False,False,True,False,False,False
503.07,0.181,0,3,0.433,0,7,0,1,False,True,False,False,False,True,False,False,False,False,False,True,True,False,False,False
4210.54,0.179,0,8,0.179,1,2,0,1,False,False,True,False,False,False,True,False,False,False,True,False,True,False,False,False
1414.75,0.389,0,10,0.183,1,3,1,1,False,False,True,False,False,False,False,True,False,True,False,False,False,True,False,False
1155.55,0.054,0,34,0.167,0,2,0,1,True,False,False,False,False,False,False,True,False,False,True,False,False,True,False,False
1354.31,0.485,0,25,0.248,0,4,1,1,False,False,False,False,True,True,False,False,False,True,False,False,False,True,False,False
6139.09,0.318,0,10,0.15,0,4,0,1,False,True,False,False,False,False,True,False,False,False,False,True,False,True,False,False
1018.29,0.253,0,9,0.306,0,3,0,1,False,False,True,False,False,False,True,False,False,True,False,False,False,True,False,False
635.91,0.268,0,9,0.345,1,4,0,1,False,False,True,False,False,False,True,False,False,False,False,True,False,True,False,False
2068.7,0.314,0,7,0.363,1,2,0,1,False,False,True,False,False,True,False,False,False,True,False,False,False,False,True,False
800.44,0.122,0,3,0.254,0,4,0,1,False,True,False,False,False,False,False,True,False,True,False,False,False,False,True,False
6467.63,0.684,0,9,0.019,0,4,0,1,False,False,False,False,True,False,True,False,False,True,False,False,False,True,False,False
3344.92,0.411,0,26,0.105,1,4,0,1,False,False,True,False,False,False,False,True,False,False,False,True,False,False,True,False
4050.01,0.286,1,0,0.24995735361917937,1,5,1,0,True,False,False,False,False,True,False,False,False,True,False,False,False,True,False,False
9915.36,0.286,1,0,0.24995735361917937,1,4,0,0,False,False,True,False,False,False,True,False,False,False,False,True,False,False,True,False
250.0,0.38,0,14,0.559,0,1,1,1,False,False,True,False,False,True,False,False,False,True,False,False,True,False,False,False
1046.69,0.47,0,11,0.033,0,6,0,1,False,False,False,False,True,True,False,False,False,False,False,True,False,True,False,False
250.0,0.311,0,3,0.114,0,1,1,1,False,False,False,False,True,False,True,False,False,False,True,False,False,False,False,True
496.89,0.3,0,9,0.196,1,1,1,1,False,False,True,False,False,False,True,False,False,True,False,False,False,False,True,False
1112.79,0.38,0,15,0.426,0,1,0,1,False,True,False,False,False,True,False,False,False,True,False,False,False,True,False,False
250.0,0.436,0,9,0.246,0,6,0,1,False,True,False,False,False,False,True,False,False,False,False,True,True,False,False,False
18654.21,0.07,0,9,0.165,1,4,0,1,False,False,True,False,False,False,False,True,False,True,False,False,False,True,False,False
563.41,0.424,0,6,0.0,0,2,0,1,False,False,False,False,True,False,True,False,False,False,True,False,False,True,False,False
533.39,0.504,0,2,0.467,1,4,1,1,False,False,True,False,False,True,False,False,False,False,False,True,True,False,False,False
2605.11,0.279,0,15,0.502,1,1,0,1,False,False,True,False,False,False,False,True,False,False,True,False,False,False,False,True
1026.83,0.639,0,9,0.143,0,3,0,1,False,True,False,False,False,True,False,False,False,True,False,False,False,True,False,False
3416.39,0.07,0,10,0.35,0,6,0,1,False,False,False,True,False,False,False,True,False,False,True,False,False,True,False,False
250.0,0.366,0,1,0.281,1,3,1,1,False,False,True,False,False,False,True,False,False,False,False,True,False,True,False,False
250.0,0.167,0,9,0.354,1,1,1,1,False,False,True,False,False,False,False,False,True,False,True,False,True,False,False,False
696.81,0.322,0,4,0.424,1,5,0,1,False,False,True,False,False,True,False,False,False,False,True,False,True,False,False,False
549.14,0.465,0,10,0.327,0,7,0,1,True,False,False,False,False,True,False,False,False,False,False,True,True,False,False,False
1189.38,0.309,0,6,0.29,0,3,0,1,False,False,False,False,True,False,True,False,False,True,False,False,False,False,False,True
725.81,0.349,0,2,0.673,0,5,0,1,False,True,False,False,False,False,False,False,True,False,False,True,False,True,False,False
481.84,0.176,0,16,0.454,1,5,0,1,False,False,True,False,False,False,False,False,True,True,False,False,True,False,False,False
439.47,0.669,0,24,0.102,0,3,1,1,True,False,False,False,False,True,False,False,False,False,True,False,False,True,False,False
510.9,0.083,0,3,0.624,1,4,1,1,True,False,False,False,False,False,False,True,False,True,False,False,False,False,True,False
1577.3,0.186,0,5,0.139,1,4,0,1,False,False,True,False,False,False,True,False,False,False,True,False,False,True,False,False
4638.16,0.129,0,5,0.247,0,2,0,1,True,False,False,False,False,False,True,False,False,False,True,False,False,True,False,False
644.54,0.358,0,3,0.102,1,3,0,1,False,False,True,False,False,True,False,False,False,False,True,False,True,False,False,False
329.93,0.58,0,7,0.321,0,5,0,1,False,True,False,False,False,False,True,False,False,False,True,False,False,False,True,False
4277.57,0.081,0,10,0.128,1,2,0,1,False,False,True,False,False,False,True,False,False,False,True,False,False,True,False,False
2988.5,0.37,0,17,0.145,0,4,0,1,False,False,False,True,False,False,True,False,False,False,False,True,True,False,False,False
1611.45,0.453,0,2,0.064,0,5,1,1,False,True,False,False,False,True,False,False,False,True,False,False,True,False,False,False
1586.04,0.275,0,6,0.124,0,3,0,1,False,True,False,False,False,False,False,True,False,True,False,False,False,False,False,True
318.32,0.017,0,27,0.229,0,2,0,1,False,False,False,True,False,True,False,False,False,True,False,False,False,False,True,False
1710.28,0.313,0,4,0.176,0,3,0,1,False,False,False,False,True,False,False,True,False,False,True,False,True,False,False,False
1428.38,0.233,0,23,0.156,0,2,0,1,False,True,False,False,False,False,False,True,False,True,False,False,True,False,False,False
2710.42,0.519,0,24,0.18,0,3,0,1,False,False,False,True,False,True,False,False,False,False,True,False,True,False,False,False
4563.59,0.404,0,1,0.386,0,5,0,1,False,False,False,True,False,True,False,False,False,True,False,False,True,False,False,False
353.39,0.562,0,20,0.325,1,5,1,1,False,False,True,False,False,False,False,True,False,False,False,True,True,False,False,False
446.84,0.123,0,22,0.186,0,3,0,1,False,True,False,False,False,False,True,False,False,True,False,False,False,True,False,False
5729.41,0.253,0,3,0.25,0,4,0,1,True,False,False,False,False,True,False,False,False,True,False,False,False,False,True,False
2805.27,0.566,1,0,0.24995735361917937,0,1,1,0,True,False,False,False,False,False,False,True,False,False,True,False,False,False,True,False
4338.66,0.416,0,5,0.212,0,1,0,1,True,False,False,False,False,False,False,True,False,True,False,False,True,False,False,False
250.0,0.285,0,3,0.459,1,6,1,1,False,False,True,False,False,False,True,False,False,False,False,True,True,False,False,False
3694.36,0.157,1,0,0.24995735361917937,0,3,1,0,True,False,False,False,False,False,True,False,False,False,True,False,True,False,False,False
643.68,0.34,0,2,0.194,0,4,0,1,False,False,False,False,True,True,False,False,False,True,False,False,True,False,False,False
445.03,0.414,0,8,0.292,1,1,0,1,False,False,True,False,False,False,True,False,False,True,False,False,False,True,False,False
2064.1,0.378,0,16,0.285,0,2,0,1,False,False,False,False,True,False,True,False,False,True,False,False,False,False,True,False
6693.03,0.337,0,6,0.382,0,8,1,1,True,False,False,False,False,True,False,False,False,False,False,True,False,True,False,False
299.83,0.271,0,18,0.278,1,10,1,1,False,False,True,False,False,False,True,False,False,False,False,True,True,False,False,False
324.03,0.113,0,4,0.235,1,6,0,1,False,False,True,False,False,False,True,False,False,True,False,False,False,False,False,True
20000.0,0.543,0,10,0.226,0,3,0,1,False,True,False,False,False,False,True,False,False,True,False,False,False,True,False,False
1337.68,0.287,0,3,0.086,0,1,1,1,False,True,False,False,False,True,False,False,False,False,True,False,True,False,False,False
615.69,0.406,0,2,0.259,0,3,0,1,False,False,True,False,False,False,False,True,False,False,True,False,False,False,False,True
3650.48,0.147,0,12,0.148,0,4,0,1,True,False,False,False,False,False,True,False,False,False,True,False,False,False,True,False
285.95,0.292,0,15,0.275,0,8,0,1,True,False,False,False,False,False,False,True,False,False,False,True,False,True,False,False
4451.24,0.273,0,11,0.419,0,6,1,1,False,False,False,False,True,False,True,False,False,False,False,True,False,False,True,False
6181.12,0.136,0,5,0.376,0,1,0,1,False,True,False,False,False,True,False,False,False,True,False,False,False,False,True,False
592.97,0.041,0,3,0.451,1,6,0,1,False,False,True,False,False,False,True,False,False,False,False,True,False,False,True,False
1853.91,0.476,0,16,0.244,0,4,1,1,True,False,False,False,False,False,False,False,True,False,False,True,False,True,False,False
4612.56,0.503,0,1,0.496,1,4,0,1,False,False,True,False,False,False,True,False,False,False,False,True,False,False,False,True
562.13,0.449,0,7,0.369,0,2,0,1,True,False,False,False,False,False,True,False,False,False,True,False,True,False,False,False
354.48,0.107,0,13,0.393,1,5,1,1,False,False,True,False,False,False,True,False,False,False,True,False,True,False,False,False
894.04,0.283,0,2,0.393,0,3,0,1,False,True,False,False,False,True,False,False,False,True,False,False,False,False,True,False
1126.35,0.569,0,2,0.501,0,4,0,1,False,True,False,False,False,False,True,False,False,True,False,False,True,False,False,False
2083.69,0.276,0,11,0.145,1,5,0,1,False,False,True,False,False,False,True,False,False,False,True,False,True,False,False,False
2255.62,0.523,1,0,0.24995735361917937,0,2,1,0,False,True,False,False,False,True,False,False,False,True,False,False,True,False,False,False
520.31,0.049,0,12,0.216,0,3,0,1,False,True,False,False,False,True,False,False,False,False,False,True,False,True,False,False
565.21,0.23,0,7,0.797,1,3,0,1,False,False,True,False,False,False,False,True,False,True,False,False,False,True,False,False
1821.78,0.313,0,16,0.277,0,3,0,1,False,True,False,False,False,False,True,False,False,True,False,False,False,False,False,True
735.48,0.318,0,17,0.262,0,2,1,1,False,True,False,False,False,True,False,False,False,True,False,False,True,False,False,False
639.75,0.311,0,4,0.037,0,4,0,1,False,True,False,False,False,False,False,True,False,False,False,True,True,False,False,False
6436.02,0.046,0,25,0.201,0,2,0,1,False,False,False,True,False,False,True,False,False,True,False,False,True,False,False,False
893.06,0.406,0,9,0.334,1,4,0,1,False,False,True,False,False,False,True,False,False,True,False,False,False,True,False,False
538.8,0.341,0,12,0.06,1,4,0,1,False,False,True,False,False,False,True,False,False,False,False,True,False,False,False,True
347.32,0.223,0,13,0.079,1,4,0,1,False,False,True,False,False,True,False,False,False,False,True,False,False,False,False,True
457.78,0.353,0,16,0.273,0,5,1,1,False,False,False,False,True,True,False,False,False,False,False,True,True,False,False,False
365.74,0.08,0,17,0.0,0,4,1,1,False,True,False,False,False,False,True,False,False,False,True,False,True,False,False,False
1204.07,0.342,0,10,0.313,0,2,0,1,False,False,False,False,True,False,True,False,False,False,True,False,False,False,True,False
250.0,0.505,0,25,0.205,0,3,1,1,True,False,False,False,False,True,False,False,False,True,False,False,False,True,False,False
1241.02,0.592,0,10,0.292,1,2,0,1,False,False,True,False,False,False,True,False,False,True,False,False,True,False,False,False
3505.74,0.257,0,1,0.271,0,4,0,1,False,True,False,False,False,True,False,False,False,True,False,False,True,False,False,False
5648.46,0.363,0,9,0.116,1,4,1,1,False,False,True,False,False,True,False,False,False,False,False,True,True,False,False,False
2489.26,0.058,0,15,0.174,0,3,0,1,False,True,False,False,False,False,False,True,False,True,False,False,False,True,False,False
2211.33,0.308,0,2,0.0,1,5,0,1,False,False,True,False,False,False,False,True,False,True,False,False,True,False,False,False
2304.02,0.299,0,28,0.531,0,4,0,1,False,True,False,False,False,False,True,False,False,True,False,False,False,True,False,False
6789.24,0.248,0,13,0.275,0,6,0,1,False,False,False,False,True,False,True,False,False,False,True,False,True,False,False,False
410.99,0.346,0,6,0.301,0,6,0,1,False,False,False,True,False,False,False,True,False,True,False,False,False,False,False,True
896.98,0.593,0,5,0.661,0,1,0,1,True,False,False,False,False,False,False,True,False,True,False,False,False,True,False,False
731.54,0.085,0,20,0.315,0,2,0,1,False,False,False,True,False,False,True,False,False,True,False,False,False,True,False,False
372.58,0.2,0,13,0.177,0,1,0,1,True,False,False,False,False,True,False,False,False,True,False,False,False,False,True,False
2348.4,0.113,0,12,0.04,0,7,1,1,False,True,False,False,False,True,False,False,False,False,False,True,True,False,False,False
2457.75,0.146,0,4,0.0,0,3,0,1,False,False,True,False,False,False,False,False,True,False,True,False,True,False,False,False
4253.61,0.362,0,1,0.078,0,4,0,1,True,False,False,False,False,True,False,False,False,True,False,False,True,False,False,False
746.29,0.404,0,1,0.288,0,2,1,1,True,False,False,False,False,False,False,True,False,False,True,False,False,True,False,False
674.6,0.293,0,2,0.116,0,5,0,1,False,True,False,False,False,False,True,False,False,False,False,True,True,False,False,False
400.99,0.044,0,14,0.283,0,6,0,1,False,False,False,True,False,False,True,False,False,False,True,False,False,False,False,True
6712.61,0.515,0,1,0.313,0,2,0,1,False,True,False,False,False,True,False,False,False,False,True,False,False,True,False,False
440.48,0.095,0,9,0.362,1,3,0,1,False,False,True,False,False,False,True,False,False,True,False,False,False,False,False,True
250.0,0.205,0,11,0.413,1,2,1,1,False,False,True,False,False,True,False,False,False,True,False,False,False,False,False,True
1436.13,0.513,0,10,0.212,0,1,0,1,False,True,False,False,False,False,True,False,False,True,False,False,True,False,False,False
974.11,0.114,0,5,0.294,1,5,0,1,False,False,True,False,False,True,False,False,False,True,False,False,False,True,False,False
380.03,0.648,0,18,0.438,0,4,0,1,False,False,True,False,False,True,False,False,False,False,True,False,False,True,False,False
907.43,0.141,0,6,0.238,1,2,1,1,False,False,True,False,False,True,False,False,False,False,True,False,True,False,False,False
4126.21,0.31,0,28,0.269,0,3,1,1,True,False,False,False,False,True,False,False,False,True,False,False,False,False,False,True
3162.48,0.483,0,2,0.288,0,5,0,1,False,True,False,False,False,False,True,False,False,False,True,False,False,True,False,False
1070.13,0.233,0,19,0.275,0,2,0,1,False,True,False,False,False,False,False,True,False,False,True,False,False,True,False,False
1608.55,0.642,0,3,0.689,1,3,1,1,False,False,True,False,False,True,False,False,False,True,False,False,False,True,False,False
424.0,0.235,0,29,0.398,0,2,1,1,True,False,False,False,False,False,False,True,False,True,False,False,False,True,False,False
600.84,0.119,0,3,0.574,0,7,0,1,False,False,False,True,False,True,False,False,False,True,False,False,False,True,False,False
467.33,0.089,0,14,0.151,1,1,0,1,False,False,True,False,False,False,True,False,False,False,True,False,False,True,False,False
2928.09,0.496,0,16,0.316,0,3,0,1,False,False,False,False,True,False,False,True,False,False,True,False,True,False,False,False
2007.48,0.141,0,10,0.16,0,4,0,1,False,False,False,True,False,False,True,False,False,True,False,False,False,False,True,False
900.76,0.089,0,9,0.0,0,3,0,1,False,True,False,False,False,False,False,True,False,False,True,False,True,False,False,False
630.65,0.314,0,3,0.037,0,3,0,1,False,False,False,False,True,True,False,False,False,True,False,False,True,False,False,False
643.92,0.215,0,16,0.466,0,2,0,1,False,False,False,True,False,False,False,True,False,True,False,False,False,False,True,False
1336.23,0.16,0,4,0.43,1,5,0,1,False,False,True,False,False,True,False,False,False,False,False,True,False,True,False,False
2077.45,0.124,0,24,0.151,1,5,0,1,False,False,True,False,False,False,True,False,False,False,False,True,False,False,True,False
1803.22,0.343,0,5,0.286,1,4,1,1,False,False,True,False,False,False,True,False,False,True,False,False,False,True,False,False
2485.75,0.139,0,27,0.309,0,4,0,1,False,True,False,False,False,False,True,False,False,False,True,False,True,False,False,False
958.77,0.011,0,18,0.119,1,1,0,1,False,False,True,False,False,False,False,False,True,False,True,False,False,True,False,False
280.88,0.238,0,28,0.218,0,4,0,1,False,True,False,False,False,True,False,False,False,False,True,False,False,False,True,False
1792.49,0.19,1,0,0.24995735361917937,1,3,1,0,False,False,True,False,False,True,False,False,False,False,True,False,False,False,True,False
3432.01,0.622,0,13,0.351,1,1,0,1,False,False,True,False,False,False,False,True,False,True,False,False,False,True,False,False
992.27,0.133,0,10,0.395,1,2,0,1,False,False,True,False,False,False,False,True,False,False,True,False,True,False,False,False
1037.34,0.47,1,0,0.24995735361917937,0,4,0,0,False,False,False,False,True,True,False,False,False,False,True,False,False,True,False,False
3283.91,0.388,0,14,0.221,1,4,0,1,False,False,True,False,False,False,True,False,False,False,True,False,False,True,False,False
1672.46,0.252,0,11,0.426,1,7,1,1,False,False,True,False,False,False,True,False,False,False,False,True,True,False,False,False
250.0,0.145,0,2,0.168,1,2,0,1,False,False,True,False,False,False,False,True,False,False,True,False,False,True,False,False
250.0,0.567,0,8,0.194,1,1,0,1,False,False,True,False,False,False,False,True,False,True,False,False,True,False,False,False
2041.32,0.204,0,22,0.339,0,3,0,1,False,True,False,False,False,True,False,False,False,False,True,False,False,True,False,False
783.25,0.207,0,9,0.349,0,1,1,1,False,True,False,False,False,True,False,False,False,True,False,False,False,True,False,False
573.55,0.344,0,6,0.125,0,6,0,1,False,True,False,False,False,False,True,False,False,True,False,False,False,False,False,True
263.13,0.473,0,17,0.173,0,3,1,1,True,False,False,False,False,False,True,False,False,True,False,False,False,True,False,False
7193.42,0.497,0,12,0.519,1,8,0,1,False,False,True,False,False,True,False,False,False,False,False,True,False,False,True,False
250.0,0.084,0,2,0.257,1,3,1,1,False,False,True,False,False,True,False,False,False,True,False,False,False,True,False,False
1521.99,0.164,0,2,0.249,0,3,0,1,False,False,False,True,False,True,False,False,False,False,True,False,False,False,True,False
330.55,0.414,0,4,0.315,0,3,0,1,False,False,False,False,True,False,False,True,False,False,False,True,False,False,True,False
618.8,0.393,0,17,0.353,0,4,0,1,False,True,False,False,False,False,True,False,False,True,False,False,False,False,True,False
1460.19,0.127,0,16,0.262,1,3,0,1,False,False,True,False,False,False,True,False,False,False,True,False,True,False,False,False
445.72,0.513,1,0,0.24995735361917937,1,5,0,0,False,False,True,False,False,False,True,False,False,False,True,False,False,False,False,True
2216.4,0.154,0,21,0.287,1,5,1,1,False,False,True,False,False,True,False,False,False,True,False,False,False,False,True,False
1616.34,0.371,0,11,0.211,0,7,0,1,False,True,False,False,False,False,True,False,False,False,False,True,True,False,False,False
504.91,0.222,0,6,0.308,0,3,0,1,False,True,False,False,False,True,False,False,False,True,False,False,False,True,False,False
1715.9,0.047,0,10,0.0,0,2,0,1,False,True,False,False,False,False,False,True,False,False,True,False,False,True,False,False
3290.37,0.253,0,2,0.637,1,3,0,1,False,False,True,False,False,False,True,False,False,False,False,True,False,False,False,True
2513.07,0.246,0,26,0.275,0,5,0,1,False,True,False,False,False,False,False,True,False,False,True,False,True,False,False,False
1161.81,0.203,0,8,0.409,0,1,0,1,False,False,False,True,False,True,False,False,False,False,True,False,False,True,False,False
2899.58,0.345,0,9,0.052,0,2,0,1,True,False,False,False,False,False,False,True,False,True,False,False,True,False,False,False
611.05,0.05,0,7,0.356,0,2,0,1,False,True,False,False,False,False,False,True,False,False,True,False,False,True,False,False
266.58,0.316,0,3,0.038,1,1,0,1,True,False,False,False,False,True,False,False,False,False,True,False,False,False,True,False
753.98,0.299,0,1,0.321,1,4,0,1,False,False,True,False,False,False,True,False,False,True,False,False,False,True,False,False
319.45,0.268,0,7,0.567,0,5,0,1,False,False,False,False,True,False,False,True,False,False,False,True,False,False,False,True
515.15,0.505,0,10,0.137,1,2,0,1,False,False,True,False,False,False,True,False,False,False,True,False,True,False,False,False
250.0,0.394,0,6,0.39,0,6,1,1,False,False,True,False,False,True,False,False,False,False,True,False,False,False,True,False
595.98,0.309,0,8,0.368,0,10,1,1,True,False,False,False,False,True,False,False,False,False,False,True,True,False,False,False
542.58,0.297,0,15,0.362,1,5,1,1,False,False,True,False,False,False,True,False,False,False,True,False,True,False,False,False
1268.78,0.037,0,24,0.188,0,3,0,1,False,False,False,False,True,False,False,True,False,False,True,False,True,False,False,False
534.3,0.599,0,6,0.148,0,1,0,1,True,False,False,False,False,False,False,True,False,True,False,False,False,False,True,False
250.0,0.231,0,8,0.007,0,7,0,1,False,False,False,False,True,False,False,True,False,False,False,True,False,False,True,False
2215.26,0.468,0,3,0.329,1,4,0,1,False,False,True,False,False,False,True,False,False,False,True,False,False,False,False,True
332.03,0.354,0,1,0.444,1,8,0,1,False,False,True,False,False,False,False,False,True,False,False,True,False,True,False,False
752.23,0.18,0,3,0.302,0,6,0,1,False,True,False,False,False,False,True,False,False,True,False,False,False,False,True,False
1105.39,0.108,0,7,0.264,0,1,0,1,False,False,False,False,True,False,True,False,False,False,True,False,False,True,False,False
2343.41,0.199,0,17,0.44,1,3,0,1,False,False,True,False,False,False,False,True,False,False,False,True,False,True,False,False
2259.84,0.052,0,27,0.163,1,3,0,1,False,False,True,False,False,False,True,False,False,True,False,False,False,True,False,False
1050.91,0.249,0,35,0.339,0,4,0,1,False,True,False,False,False,False,True,False,False,False,False,True,False,True,False,False
697.91,0.399,0,11,0.317,0,2,0,1,True,False,False,False,False,True,False,False,False,True,False,False,False,False,True,False
631.73,0.7,0,3,0.109,0,4,0,1,False,False,False,False,True,False,True,False,False,False,True,False,False,True,False,False
413.6,0.356,0,28,0.213,1,6,0,1,False,False,True,False,False,False,True,False,False,False,False,True,False,False,True,False
1373.37,0.335,0,29,0.033,0,5,0,1,True,False,False,False,False,False,True,False,False,False,False,True,False,True,False,False
250.0,0.464,0,13,0.314,0,4,1,1,False,False,False,False,True,True,False,False,False,False,False,True,False,True,False,False
250.0,0.317,0,12,0.169,0,5,0,1,False,False,False,False,True,True,False,False,False,False,True,False,False,False,False,True
20000.0,0.269,0,1,0.26,1,6,0,1,False,False,True,False,False,False,True,False,False,False,False,True,False,True,False,False
1756.52,0.714,0,10,0.33,0,3,1,1,False,False,False,False,True,True,False,False,False,True,False,False,True,False,False,False
10453.89,0.129,0,7,0.096,1,6,0,1,False,False,True,False,False,False,True,False,False,False,False,True,False,True,False,False
250.0,0.19,0,12,0.273,0,3,1,1,True,False,False,False,False,True,False,False,False,True,False,False,False,True,False,False
532.17,0.209,0,4,0.068,0,1,0,1,True,False,False,False,False,False,False,True,False,True,False,False,True,False,False,False
507.92,0.524,0,9,0.283,1,1,0,1,False,False,True,False,False,False,False,False,True,True,False,False,False,True,False,False
614.85,0.394,0,1,0.133,0,2,0,1,False,False,False,False,True,False,True,False,False,False,True,False,False,True,False,False
9963.51,0.233,0,11,0.192,0,2,0,1,False,False,False,False,True,False,True,False,False,False,True,False,True,False,False,False
3055.93,0.195,0,10,0.238,1,5,1,1,False,False,True,False,False,True,False,False,False,True,False,False,False,False,True,False
318.14,0.387,0,36,0.058,0,3,0,1,False,False,True,False,False,True,False,False,False,True,False,False,True,False,False,False
1511.76,0.127,0,5,0.141,0,1,0,1,False,False,False,False,True,True,False,False,False,True,False,False,False,False,True,False
329.85,0.196,0,2,0.272,0,2,0,1,True,False,False,False,False,False,True,False,False,True,False,False,False,False,True,False
522.63,0.15,0,16,0.285,0,4,0,1,False,False,False,False,True,True,False,False,False,True,False,False,False,False,True,False
1785.33,0.581,0,2,0.498,1,2,1,1,True,False,False,False,False,True,False,False,False,True,False,False,False,True,False,False
367.32,0.212,1,0,0.24995735361917937,1,3,1,0,False,False,True,False,False,False,True,False,False,False,True,False,False,False,False,True
8229.05,0.206,0,3,0.193,1,5,0,1,False,False,True,False,False,False,False,False,True,True,False,False,False,True,False,False
415.81,0.492,0,14,0.238,0,3,0,1,False,True,False,False,False,False,False,True,False,True,False,False,True,False,False,False
797.45,0.272,0,19,0.272,0,5,1,1,False,True,False,False,False,True,False,False,False,False,False,True,False,False,True,False
334.83,0.279,0,17,0.228,0,4,0,1,False,True,False,False,False,False,False,False,True,False,False,True,False,False,True,False
2891.77,0.294,0,6,0.3,0,3,0,1,False,False,False,True,False,True,False,False,False,True,False,False,False,False,False,True
1772.54,0.474,0,10,0.255,0,7,0,1,False,False,True,False,False,False,True,False,False,True,False,False,False,False,True,False
5405.17,0.047,0,13,0.203,0,3,0,1,False,True,False,False,False,True,False,False,False,True,False,False,False,False,True,False
860.72,0.71,0,17,0.27,0,6,0,1,False,True,False,False,False,True,False,False,False,False,False,True,True,False,False,False
525.98,0.387,0,4,0.118,0,1,0,1,False,True,False,False,False,False,True,False,False,True,False,False,False,True,False,False
447.99,0.261,0,2,0.186,0,7,1,1,True,False,False,False,False,False,True,False,False,False,False,True,False,True,False,False
250.0,0.045,0,23,0.317,0,6,0,1,False,False,False,False,True,False,False,True,False,False,False,True,False,False,False,True
9933.64,0.199,0,2,0.305,1,5,0,1,False,False,True,False,False,False,True,False,False,False,False,True,True,False,False,False
5726.81,0.089,0,17,0.217,0,1,0,1,False,False,True,False,False,False,False,True,False,True,False,False,True,False,False,False
250.0,0.24,0,18,0.42,1,1,0,1,False,False,True,False,False,True,False,False,False,True,False,False,False,False,True,False
8490.17,0.329,0,24,0.281,0,3,0,1,False,True,False,False,False,False,True,False,False,True,False,False,False,True,False,False
7520.83,0.194,0,11,0.252,0,5,0,1,True,False,False,False,False,True,False,False,False,False,False,True,True,False,False,False
2038.4,0.326,0,10,0.205,0,4,0,1,False,False,False,True,False,False,True,False,False,True,False,False,True,False,False,False
633.02,0.151,0,6,0.121,0,1,0,1,False,False,True,False,False,False,True,False,False,False,True,False,True,False,False,False
1128.17,0.251,0,7,0.188,1,3,0,1,False,False,True,False,False,True,False,False,False,False,True,False,False,False,True,False
3784.15,0.113,0,13,0.087,0,7,0,1,False,False,False,False,True,False,True,False,False,False,False,True,False,True,False,False
2279.37,0.042,0,4,0.013,1,3,0,1,False,False,True,False,False,False,True,False,False,False,True,False,False,False,False,True
1171.37,0.185,0,5,0.209,0,1,0,1,False,False,False,False,True,False,False,True,False,False,True,False,True,False,False,False
7096.54,0.226,0,9,0.0,0,2,0,1,False,False,False,False,True,True,False,False,False,True,False,False,False,False,True,False
10665.87,0.231,1,0,0.24995735361917937,0,3,0,0,False,False,False,False,True,False,False,True,False,True,False,False,False,True,False,False
9077.27,0.346,0,8,0.301,0,3,0,1,True,False,False,False,False,False,True,False,False,True,False,False,False,True,False,False
2913.36,0.243,0,4,0.34,1,2,0,1,True,False,False,False,False,False,True,False,False,True,False,False,True,False,False,False
305.2,0.293,0,10,0.543,0,3,1,1,False,False,True,False,False,True,False,False,False,False,True,False,True,False,False,False
764.65,0.188,0,27,0.079,0,3,0,1,False,False,False,False,True,True,False,False,False,False,True,False,False,True,False,False
2842.71,0.308,0,7,0.245,0,6,0,1,False,False,False,False,True,False,False,False,True,False,False,True,True,False,False,False
320.47,0.299,1,0,0.24995735361917937,1,4,1,0,True,False,False,False,False,False,True,False,False,False,False,True,True,False,False,False
1647.05,0.335,0,20,0.229,0,4,0,1,True,False,False,False,False,False,True,False,False,False,True,False,False,True,False,False
549.55,0.127,0,11,0.212,1,2,1,1,False,False,True,False,False,False,False,True,False,True,False,False,True,False,False,False
2517.74,0.19,0,2,0.475,0,5,0,1,False,False,False,False,True,False,True,False,False,False,False,True,False,False,False,True
1992.3,0.346,0,1,0.047,0,5,0,1,True,False,False,False,False,True,False,False,False,False,False,True,False,False,True,False
1041.96,0.116,0,1,0.086,0,5,0,1,True,False,False,False,False,False,False,True,False,True,False,False,False,True,False,False
2368.96,0.218,0,11,0.272,1,3,1,1,False,False,True,False,False,True,False,False,False,False,True,False,False,False,False,True
972.87,0.282,0,2,0.057,0,2,0,1,False,True,False,False,False,False,True,False,False,True,False,False,True,False,False,False
944.74,0.422,0,4,0.445,0,3,0,1,False,True,False,False,False,True,False,False,False,False,False,True,True,False,False,False
2266.68,0.322,0,6,0.374,0,3,0,1,False,True,False,False,False,False,True,False,False,False,True,False,False,False,True,False
752.59,0.265,0,21,0.189,1,4,0,1,False,False,True,False,False,False,True,False,False,True,False,False,False,False,True,False
1105.41,0.355,0,14,0.466,1,2,1,1,False,False,True,False,False,False,False,False,True,False,True,False,False,True,False,False
431.94,0.143,0,11,0.131,1,1,1,1,False,False,True,False,False,False,False,True,False,False,True,False,False,True,False,False
2125.17,0.336,0,15,0.099,1,4,0,1,False,False,True,False,False,True,False,False,False,True,False,False,False,False,True,False
893.0,0.332,0,4,0.635,1,3,1,1,False,False,True,False,False,False,True,False,False,False,True,False,False,False,True,False
4737.97,0.412,1,0,0.24995735361917937,0,1,0,0,False,True,False,False,False,True,False,False,False,False,True,False,False,False,False,True
2764.19,0.206,0,17,0.283,0,6,0,1,False,True,False,False,False,True,False,False,False,False,False,True,False,False,True,False
250.0,0.303,0,3,0.278,1,6,0,1,False,False,True,False,False,False,True,False,False,False,True,False,False,True,False,False
7108.47,0.518,0,17,0.141,0,4,0,1,False,False,False,False,True,False,False,True,False,True,False,False,False,True,False,False
358.22,0.173,0,4,0.185,0,3,0,1,False,False,False,True,False,True,False,False,False,True,False,False,False,False,True,False
250.0,0.365,0,8,0.729,0,3,0,1,False,False,False,False,True,False,True,False,False,True,False,False,False,False,False,True
523.69,0.18,0,18,0.122,0,9,0,1,True,False,False,False,False,False,False,True,False,False,False,True,True,False,False,False
2380.23,0.417,0,1,0.099,0,1,0,1,False,True,False,False,False,False,False,True,False,False,True,False,False,True,False,False
1577.44,0.383,0,19,0.102,0,5,0,1,False,True,False,False,False,False,False,False,True,False,True,False,False,False,True,False
477.5,0.145,0,11,0.31,1,4,0,1,False,False,True,False,False,True,False,False,False,True,False,False,False,False,True,False
696.92,0.312,1,0,0.24995735361917937,1,6,0,0,False,False,True,False,False,False,True,False,False,False,True,False,True,False,False,False
1608.45,0.628,0,11,0.668,0,2,0,1,False,False,False,False,True,False,True,False,False,True,False,False,False,False,True,False
571.95,0.176,0,12,0.526,0,4,0,1,False,True,False,False,False,False,False,True,False,True,False,False,False,False,False,True
1773.6,0.418,0,4,0.292,1,3,0,1,False,False,True,False,False,True,False,False,False,True,False,False,False,False,True,False
250.0,0.667,0,3,0.312,0,1,1,1,True,False,False,False,False,True,False,False,False,True,False,False,False,True,False,False
783.04,0.429,0,26,0.36,0,4,0,1,False,False,False,False,True,False,True,False,False,True,False,False,False,True,False,False
519.57,0.114,0,1,0.125,0,5,0,1,False,True,False,False,False,True,False,False,False,True,False,False,False,True,False,False
787.66,0.431,0,6,0.311,0,2,0,1,False,True,False,False,False,False,True,False,False,True,False,False,False,False,False,True
2436.29,0.107,1,0,0.24995735361917937,1,3,0,0,False,False,True,False,False,False,True,False,False,True,False,False,True,False,False,False
703.42,0.072,0,12,0.074,0,4,0,1,False,False,False,False,True,True,False,False,False,False,True,False,False,True,False,False
874.51,0.698,0,9,0.259,0,3,0,1,False,True,False,False,False,False,True,False,False,False,True,False,True,False,False,False
391.52,0.063,0,17,0.363,1,1,0,1,False,False,True,False,False,False,False,True,False,True,False,False,False,True,False,False
7276.37,0.063,0,9,0.274,0,4,0,1,True,False,False,False,False,True,False,False,False,False,True,False,False,True,False,False
1013.0,0.333,1,0,0.24995735361917937,1,3,1,0,False,False,True,False,False,False,True,False,False,False,False,True,False,True,False,False
1798.7,0.216,0,19,0.225,1,2,1,1,False,False,True,False,False,False,True,False,False,False,True,False,True,False,False,False
525.61,0.118,0,15,0.274,0,2,0,1,False,True,False,False,False,True,False,False,False,True,False,False,True,False,False,False
2385.04,0.067,0,2,0.193,0,3,0,1,False,True,False,False,False,True,False,False,False,True,False,False,False,True,False,False
3148.1,0.411,0,3,0.525,0,6,0,1,False,False,False,True,False,True,False,False,False,False,True,False,True,False,False,False
3509.72,0.201,0,1,0.362,1,6,0,1,False,False,True,False,False,False,True,False,False,False,False,True,False,False,False,True
793.22,0.209,0,9,0.138,0,5,0,1,False,True,False,False,False,True,False,False,False,False,True,False,False,True,False,False
1254.43,0.08,0,8,0.179,0,4,0,1,False,True,False,False,False,False,True,False,False,True,False,False,False,False,False,True
1555.83,0.155,0,15,0.408,1,5,0,1,False,False,True,False,False,True,False,False,False,True,False,False,True,False,False,False
1646.48,0.265,0,23,0.211,0,2,0,1,False,False,False,False,True,False,False,True,False,False,False,True,False,True,False,False
3199.87,0.381,0,1,0.284,0,4,0,1,False,False,False,False,True,False,True,False,False,True,False,False,False,True,False,False
662.3,0.13,1,0,0.24995735361917937,0,1,0,0,False,True,False,False,False,True,False,False,False,True,False,False,False,False,False,True
739.68,0.065,0,2,0.452,0,10,1,1,False,True,False,False,False,False,True,False,False,False,True,False,False,True,False,False
1424.2,0.248,0,15,0.526,0,3,0,1,False,False,False,True,False,False,False,True,False,False,False,True,True,False,False,False
439.59,0.354,0,10,0.18,0,3,0,1,False,True,False,False,False,False,False,False,True,False,False,True,True,False,False,False
1467.86,0.046,0,20,0.067,0,4,0,1,False,True,False,False,False,False,False,True,False,False,False,True,False,False,True,False
3391.41,0.665,0,2,0.172,0,3,0,1,False,True,False,False,False,True,False,False,False,True,False,False,True,False,False,False
2230.88,0.141,0,28,0.065,0,3,0,1,False,True,False,False,False,False,True,False,False,False,False,True,False,False,False,True
5090.49,0.396,0,25,0.049,1,2,0,1,False,False,True,False,False,False,False,True,False,False,False,True,False,False,True,False
682.9,0.513,0,9,0.035,1,6,1,1,False,False,True,False,False,False,True,False,False,False,False,True,False,True,False,False
250.0,0.005,0,2,0.136,1,1,1,1,False,False,True,False,False,True,False,False,False,False,True,False,True,False,False,False
948.41,0.073,0,27,0.436,1,2,0,1,False,False,True,False,False,True,False,False,False,True,False,False,False,True,False,False
1501.84,0.132,0,10,0.365,0,2,0,1,False,True,False,False,False,False,False,True,False,True,False,False,False,True,False,False
1093.01,0.168,1,0,0.24995735361917937,1,5,1,0,False,False,True,False,False,True,False,False,False,False,False,True,True,False,False,False
250.0,0.395,0,14,0.0,0,2,0,1,False,False,False,False,True,False,False,False,True,False,True,False,False,False,False,True
966.79,0.692,0,12,0.316,0,3,0,1,False,False,False,True,False,False,True,False,False,False,True,False,False,False,True,False
3797.91,0.112,0,9,0.208,0,4,0,1,False,False,False,False,True,False,True,False,False,True,False,False,False,False,True,False
4578.21,0.23,0,10,0.0,0,5,0,1,False,False,False,True,False,False,False,False,True,True,False,False,False,True,False,False
482.01,0.257,0,7,0.275,1,1,0,1,False,False,True,False,False,True,False,False,False,True,False,False,False,False,False,True
7699.19,0.224,0,8,0.0,1,4,0,1,False,False,True,False,False,False,False,False,True,False,False,True,True,False,False,False
1098.52,0.286,0,12,0.332,0,3,0,1,False,False,True,False,False,False,True,False,False,False,True,False,False,False,True,False
6185.38,0.321,0,3,0.16,1,4,0,1,False,False,True,False,False,True,False,False,False,True,False,False,False,True,False,False
278.64,0.468,0,2,0.06,1,8,1,1,False,False,True,False,False,True,False,False,False,False,False,True,False,True,False,False
1338.74,0.24,0,11,0.141,1,3,0,1,False,False,True,False,False,True,False,False,False,False,True,False,False,True,False,False
369.99,0.122,0,1,0.008,0,4,0,1,False,True,False,False,False,False,True,False,False,False,True,False,False,False,False,True
5038.15,0.226,0,5,0.059,0,1,0,1,False,True,False,False,False,False,True,False,False,False,True,False,False,False,True,False
5294.13,0.121,0,16,0.445,1,4,0,1,False,False,True,False,False,True,False,False,False,True,False,False,False,False,False,True
2250.95,0.135,0,19,0.068,0,4,0,1,False,False,False,False,True,False,True,False,False,True,False,False,True,False,False,False
640.62,0.362,0,3,0.004,1,3,0,1,False,False,True,False,False,False,False,True,False,False,True,False,False,False,True,False
250.0,0.264,0,13,0.163,0,5,1,1,True,False,False,False,False,True,False,False,False,False,False,True,False,False,False,True
983.64,0.439,0,2,0.43,0,2,0,1,False,True,False,False,False,False,True,False,False,False,True,False,True,False,False,False
2451.06,0.485,0,8,0.566,0,1,0,1,False,False,False,False,True,False,True,False,False,False,True,False,True,False,False,False
2003.88,0.101,0,6,0.428,0,1,0,1,True,False,False,False,False,False,False,False,True,False,True,False,False,True,False,False
1071.43,0.423,0,4,0.267,1,2,0,1,False,False,True,False,False,False,False,True,False,False,True,False,False,True,False,False
621.84,0.231,0,16,0.301,0,5,1,1,False,False,False,False,True,True,False,False,False,False,False,True,False,True,False,False
2217.73,0.126,0,29,0.133,0,3,0,1,False,False,False,True,False,True,False,False,False,False,True,False,False,False,False,True
2256.72,0.448,0,4,0.141,1,9,0,1,False,False,True,False,False,False,True,False,False,False,False,True,False,True,False,False
7787.77,0.201,0,5,0.131,0,4,0,1,False,False,False,False,True,True,False,False,False,False,True,False,False,True,False,False
898.08,0.339,0,16,0.191,1,3,1,1,False,False,True,False,False,False,True,False,False,False,False,True,True,False,False,False
5254.45,0.334,0,4,0.209,1,2,0,1,False,False,True,False,False,False,True,False,False,True,False,False,False,False,True,False
427.63,0.332,0,13,0.377,0,2,0,1,True,False,False,False,False,False,True,False,False,True,False,False,False,True,False,False
1050.89,0.287,0,9,0.549,0,2,0,1,False,False,False,False,True,False,False,False,True,True,False,False,False,False,True,False
4202.75,0.496,0,3,0.058,0,7,0,1,False,True,False,False,False,True,False,False,False,False,False,True,True,False,False,False
2293.4,0.445,0,12,0.693,0,8,1,1,True,False,False,False,False,True,False,False,False,False,False,True,False,True,False,False
779.23,0.264,0,10,0.0,0,3,1,1,False,False,True,False,False,False,True,False,False,True,False,False,False,True,False,False
765.68,0.143,0,14,0.151,1,4,1,1,True,False,False,False,False,True,False,False,False,True,False,False,False,False,False,True
828.39,0.521,0,10,0.0,0,6,0,1,False,False,False,False,True,False,True,False,False,False,False,True,False,True,False,False
736.42,0.228,0,1,0.017,0,2,1,1,False,True,False,False,False,True,False,False,False,True,False,False,False,True,False,False
646.62,0.26,0,11,0.082,0,5,0,1,False,False,False,False,True,False,True,False,False,True,False,False,False,False,True,False
2711.94,0.556,0,30,0.314,0,1,0,1,False,False,False,False,True,True,False,False,False,False,True,False,False,False,True,False
1683.75,0.206,0,20,0.362,0,2,0,1,False,False,False,False,True,False,True,False,False,True,False,False,False,True,False,False
5434.41,0.289,0,13,0.085,0,3,0,1,False,False,False,False,True,True,False,False,False,True,False,False,True,False,False,False
334.28,0.312,0,3,0.283,0,5,0,1,False,False,False,False,True,False,False,True,False,False,True,False,True,False,False,False
2238.41,0.613,0,3,0.184,0,6,1,1,False,False,False,False,True,False,True,False,False,False,True,False,False,True,False,False
739.13,0.462,0,29,0.14,1,7,0,1,False,False,True,False,False,False,True,False,False,False,False,True,False,False,False,True
303.53,0.052,0,18,0.018,1,4,1,1,False,False,True,False,False,True,False,False,False,False,False,True,True,False,False,False
8209.72,0.355,0,7,0.392,1,5,0,1,False,False,True,False,False,False,False,True,False,False,True,False,True,False,False,False
443.6,0.241,0,5,0.316,0,7,0,1,False,False,False,True,False,True,False,False,False,False,False,True,True,False,False,False
2106.06,0.233,0,28,0.451,0,2,0,1,False,True,False,False,False,True,False,False,False,False,True,False,False,True,False,False
2490.79,0.119,0,3,0.157,1,2,0,1,False,False,True,False,False,False,True,False,False,False,True,False,False,False,False,True
1306.91,0.356,1,0,0.24995735361917937,0,1,0,0,False,False,True,False,False,True,False,False,False,True,False,False,False,False,False,True
1960.57,0.069,0,25,0.072,0,1,0,1,False,False,True,False,False,True,False,False,False,False,True,False,True,False,False,False
5998.04,0.29,0,17,0.437,1,3,0,1,False,False,True,False,False,False,False,True,False,False,False,True,False,False,True,False
1317.67,0.111,0,4,0.207,1,6,0,1,False,False,True,False,False,False,False,True,False,False,True,False,False,True,False,False
1232.74,0.39,0,14,0.346,0,7,0,1,True,False,False,False,False,False,False,False,True,False,True,False,True,False,False,False
3226.53,0.258,0,4,0.339,1,3,0,1,False,False,True,False,False,False,False,True,False,True,False,False,True,False,False,False
949.23,0.23,0,11,0.173,0,4,0,1,True,False,False,False,False,False,False,True,False,False,False,True,False,True,False,False
895.05,0.03,1,0,0.24995735361917937,0,4,0,0,False,True,False,False,False,False,True,False,False,False,False,True,False,True,False,False
1808.84,0.191,0,11,0.23,1,3,0,1,False,False,True,False,False,False,False,True,False,False,False,True,False,False,True,False
255.59,0.344,1,0,0.24995735361917937,1,3,1,0,False,False,True,False,False,False,True,False,False,False,False,True,False,False,True,False
695.47,0.552,0,4,0.255,0,2,0,1,False,False,False,True,False,False,False,False,True,True,False,False,False,True,False,False
3679.83,0.317,0,18,0.062,1,5,1,1,False,False,True,False,False,True,False,False,False,False,False,True,False,False,True,False
3513.59,0.206,0,2,0.061,0,8,0,1,False,True,False,False,False,True,False,False,False,False,False,True,False,False,False,True
555.38,0.109,0,6,0.4,0,2,0,1,True,False,False,False,False,False,True,False,False,False,False,True,True,False,False,False
1182.32,0.324,0,15,0.275,1,3,0,1,False,False,True,False,False,True,False,False,False,True,False,False,False,False,True,False
2837.94,0.045,0,1,0.461,0,1,1,1,True,False,False,False,False,False,False,True,False,False,True,False,True,False,False,False
1099.21,0.344,0,1,0.249,0,3,0,1,False,False,False,True,False,False,False,False,True,False,True,False,False,False,True,False
1220.85,0.169,0,7,0.048,1,2,0,1,False,False,True,False,False,False,False,True,False,False,True,False,False,False,True,False
354.43,0.709,0,3,0.389,0,5,0,1,False,True,False,False,False,False,False,False,True,True,False,False,False,True,False,False
398.15,0.632,0,3,0.0,1,4,1,1,False,False,True,False,False,False,True,False,False,False,False,True,False,False,True,False
475.32,0.234,0,22,0.191,1,2,0,1,False,False,True,False,False,False,True,False,False,True,False,False,True,False,False,False
2665.81,0.289,0,25,0.106,0,6,0,1,False,True,False,False,False,False,True,False,False,False,False,True,False,True,False,False
294.98,0.091,0,5,0.394,0,7,0,1,False,False,True,False,False,False,True,False,False,True,False,False,True,False,False,False
1485.93,0.181,0,26,0.156,0,5,0,1,False,False,False,True,False,True,False,False,False,False,True,False,True,False,False,False
1894.03,0.463,0,2,0.218,0,4,0,1,True,False,False,False,False,False,False,True,False,False,False,True,False,True,False,False
647.4,0.104,0,7,0.291,0,4,0,1,False,False,False,True,False,False,True,False,False,False,False,True,False,True,False,False
1921.01,0.547,0,14,0.195,1,1,1,1,False,False,True,False,False,True,False,False,False,False,True,False,True,False,False,False
1078.48,0.317,0,18,0.333,1,4,0,1,False,False,True,False,False,False,True,False,False,True,False,False,True,False,False,False
2042.29,0.121,0,15,0.354,0,1,1,1,False,False,False,False,True,False,True,False,False,False,True,False,True,False,False,False
5478.52,0.431,0,10,0.208,0,4,0,1,False,False,True,False,False,False,True,False,False,False,True,False,True,False,False,False
3338.12,0.477,0,1,0.39,0,2,0,1,False,False,False,True,False,True,False,False,False,False,True,False,False,True,False,False
1556.81,0.526,0,3,0.349,0,1,0,1,False,True,False,False,False,False,True,False,False,True,False,False,True,False,False,False
3087.39,0.595,0,10,0.242,1,7,0,1,False,False,True,False,False,False,False,False,True,True,False,False,False,True,False,False
1146.51,0.297,0,13,0.077,0,1,0,1,False,True,False,False,False,False,False,True,False,False,True,False,False,False,False,True
5759.75,0.518,0,8,0.188,1,4,0,1,False,False,True,False,False,True,False,False,False,True,False,False,False,False,False,True
337.61,0.438,0,2,0.0,1,7,0,1,False,False,True,False,False,False,True,False,False,False,False,True,False,True,False,False
928.65,0.499,0,2,0.056,0,1,0,1,False,False,False,True,False,True,False,False,False,True,False,False,False,True,False,False
517.15,0.421,0,7,0.214,1,5,0,1,False,False,True,False,False,False,True,False,False,False,False,True,False,True,False,False
1246.09,0.134,1,0,0.24995735361917937,1,4,0,0,False,False,True,False,False,True,False,False,False,False,False,True,True,False,False,False
579.79,0.116,0,2,0.335,0,4,0,1,False,False,False,True,False,False,True,False,False,False,True,False,False,True,False,False
250.0,0.304,0,26,0.316,0,4,0,1,False,True,False,False,False,False,True,False,False,False,True,False,False,True,False,False
831.35,0.042,1,0,0.24995735361917937,0,4,0,0,False,False,False,True,False,True,False,False,False,False,False,True,False,False,False,True
250.0,0.457,0,3,0.457,1,4,1,1,False,False,True,False,False,False,True,False,False,False,False,True,False,True,False,False
476.73,0.146,0,23,0.42,0,4,1,1,True,False,False,False,False,True,False,False,False,False,False,True,True,False,False,False
675.27,0.716,0,12,0.362,0,1,0,1,False,False,False,True,False,False,True,False,False,False,True,False,True,False,False,False
4975.23,0.113,0,11,0.36,0,5,0,1,False,False,False,True,False,True,False,False,False,False,True,False,False,False,True,False
302.24,0.238,0,11,0.132,0,1,0,1,True,False,False,False,False,False,False,False,True,False,True,False,True,False,False,False
2267.06,0.111,0,2,0.342,0,5,0,1,False,False,False,False,True,True,False,False,False,True,False,False,True,False,False,False
250.0,0.152,0,18,0.32,0,2,0,1,True,False,False,False,False,False,False,True,False,True,False,False,False,False,False,True
306.12,0.356,0,7,0.43,0,5,0,1,False,False,True,False,False,False,True,False,False,True,False,False,False,True,False,False
364.99,0.059,0,9,0.319,1,3,0,1,False,False,True,False,False,False,False,True,False,True,False,False,False,True,False,False
6506.16,0.575,0,18,0.174,0,5,0,1,False,True,False,False,False,False,False,False,True,False,False,True,False,False,False,True
617.92,0.228,0,9,0.323,0,1,0,1,True,False,False,False,False,False,True,False,False,True,False,False,False,False,True,False
1067.98,0.122,0,9,0.047,0,5,0,1,False,False,False,True,False,False,True,False,False,False,False,True,True,False,False,False
341.06,0.443,0,2,0.03,1,5,1,1,False,False,True,False,False,False,True,False,False,True,False,False,True,False,False,False
2057.21,0.198,0,1,0.399,0,4,0,1,True,False,False,False,False,False,True,False,False,False,True,False,False,False,False,True
2499.67,0.068,0,7,0.218,0,6,0,1,False,False,False,True,False,True,False,False,False,False,True,False,False,True,False,False
413.3,0.292,0,8,0.375,0,1,0,1,False,False,False,False,True,False,True,False,False,True,False,False,False,False,True,False
620.4,0.081,0,12,0.32,0,4,0,1,False,False,False,False,True,False,False,False,True,False,True,False,True,False,False,False
815.26,0.32,0,1,0.202,0,4,1,1,False,False,False,False,True,True,False,False,False,False,True,False,True,False,False,False
250.0,0.337,0,11,0.398,1,4,0,1,False,False,True,False,False,False,True,False,False,False,True,False,True,False,False,False
460.84,0.286,0,2,0.229,0,6,0,1,True,False,False,False,False,False,False,True,False,False,False,True,False,False,True,False
465.58,0.466,0,14,0.189,0,3,0,1,False,True,False,False,False,True,False,False,False,True,False,False,False,True,False,False
1041.26,0.462,0,5,0.487,0,7,0,1,True,False,False,False,False,False,True,False,False,False,False,True,False,True,False,False
1443.17,0.555,0,7,0.324,0,3,0,1,False,False,False,True,False,False,True,False,False,True,False,False,False,False,True,False
4707.76,0.462,0,20,0.31,0,5,1,1,False,True,False,False,False,False,True,False,False,True,False,False,False,True,False,False
13423.65,0.341,0,2,0.439,0,3,0,1,False,False,False,True,False,True,False,False,False,True,False,False,True,False,False,False
746.73,0.082,0,5,0.377,1,4,0,1,False,False,True,False,False,False,True,False,False,False,True,False,False,True,False,False
664.53,0.099,0,30,0.205,1,2,1,1,False,False,True,False,False,False,True,False,False,False,True,False,True,False,False,False
2327.55,0.255,0,2,0.043,0,4,0,1,False,False,True,False,False,False,True,False,False,False,True,False,True,False,False,False
1926.57,0.087,0,4,0.045,1,6,0,1,False,False,True,False,False,False,True,False,False,False,False,True,True,False,False,False
3398.37,0.36,0,12,0.206,0,2,0,1,False,True,False,False,False,False,True,False,False,False,True,False,False,True,False,False
270.86,0.249,0,10,0.609,1,3,1,1,False,False,True,False,False,True,False,False,False,False,False,True,False,True,False,False
382.43,0.12,0,3,0.364,1,4,1,1,False,False,True,False,False,True,False,False,False,True,False,False,False,False,True,False
3402.69,0.313,0,5,0.352,0,1,0,1,False,False,False,False,True,False,False,True,False,True,False,False,False,False,False,True
1328.51,0.409,0,27,0.157,0,3,0,1,False,False,True,False,False,False,False,True,False,False,True,False,False,False,False,True
1147.24,0.071,0,19,0.034,1,6,1,1,False,False,True,False,False,True,False,False,False,False,False,True,True,False,False,False
652.41,0.176,0,10,0.265,0,2,0,1,False,False,False,False,True,False,False,True,False,True,False,False,True,False,False,False
886.38,0.111,0,5,0.123,1,1,1,1,False,False,True,False,False,False,True,False,False,True,False,False,False,False,True,False
410.44,0.16,0,16,0.177,0,2,0,1,False,True,False,False,False,True,False,False,False,False,True,False,True,False,False,False
5500.31,0.593,0,2,0.127,1,3,0,1,False,False,True,False,False,False,True,False,False,True,False,False,False,True,False,False
1119.72,0.16,0,6,0.03,0,5,0,1,False,True,False,False,False,False,False,True,False,True,False,False,False,False,True,False
2464.77,0.206,0,10,0.726,0,4,0,1,False,False,True,False,False,True,False,False,False,False,True,False,False,True,False,False
275.54,0.235,0,8,0.386,0,1,0,1,False,True,False,False,False,False,False,False,True,True,False,False,False,True,False,False
1944.12,0.46,0,10,0.259,0,3,0,1,False,False,False,False,True,True,False,False,False,False,True,False,False,False,False,True
317.59,0.463,0,2,0.243,0,4,0,1,False,True,False,False,False,False,False,True,False,True,False,False,False,True,False,False
1699.5,0.507,0,10,0.394,1,3,0,1,False,False,True,False,False,False,False,True,False,True,False,False,False,False,False,True
3144.37,0.158,1,0,0.24995735361917937,1,4,1,0,False,False,True,False,False,True,False,False,False,True,False,False,True,False,False,False
2394.36,0.274,0,21,0.223,1,3,0,1,False,False,True,False,False,False,True,False,False,True,False,False,False,False,True,False
796.11,0.071,1,0,0.24995735361917937,0,6,0,0,False,False,False,True,False,True,False,False,False,False,False,True,False,True,False,False
2442.93,0.126,0,15,0.417,0,4,0,1,False,False,False,False,True,False,True,False,False,True,False,False,False,True,False,False
891.71,0.363,0,24,0.341,0,2,0,1,True,False,False,False,False,True,False,False,False,False,True,False,False,False,True,False
3603.57,0.1,0,17,0.081,0,2,0,1,False,False,False,True,False,True,False,False,False,False,True,False,True,False,False,False
250.0,0.469,1,0,0.24995735361917937,0,3,1,0,False,True,False,False,False,True,False,False,False,True,False,False,False,False,True,False
647.17,0.55,1,0,0.24995735361917937,0,8,0,0,False,True,False,False,False,False,True,False,False,False,True,False,False,False,True,False
937.31,0.023,0,3,0.157,0,2,0,1,False,False,True,False,False,True,False,False,False,False,True,False,False,True,False,False
1355.24,0.55,0,22,0.228,0,3,0,1,False,False,True,False,False,False,False,True,False,False,True,False,False,True,False,False
1344.79,0.513,0,31,0.355,1,2,1,1,False,False,True,False,False,False,True,False,False,False,True,False,False,False,False,True
1984.4,0.117,0,15,0.076,0,5,1,1,False,False,False,False,True,True,False,False,False,False,False,True,True,False,False,False
2735.73,0.378,0,3,0.112,0,5,0,1,False,False,False,True,False,True,False,False,False,False,True,False,False,True,False,False
1441.63,0.359,1,0,0.24995735361917937,0,2,0,0,False,True,False,False,False,False,True,False,False,True,False,False,False,False,True,False
4776.97,0.066,0,4,0.246,0,3,0,1,True,False,False,False,False,True,False,False,False,False,True,False,False,True,False,False
1467.33,0.396,0,9,0.119,0,6,1,1,False,True,False,False,False,True,False,False,False,False,False,True,False,False,True,False
4297.77,0.34,0,4,0.335,1,3,1,1,False,False,True,False,False,False,True,False,False,True,False,False,False,False,False,True
1935.27,0.147,0,17,0.151,1,3,1,1,False,False,True,False,False,True,False,False,False,True,False,False,False,True,False,False
915.28,0.273,0,2,0.228,0,1,0,1,True,False,False,False,False,True,False,False,False,True,False,False,False,False,True,False
2833.18,0.339,0,17,0.28,0,1,0,1,False,True,False,False,False,False,True,False,False,True,False,False,False,True,False,False
1918.74,0.488,0,2,0.34,1,5,0,1,False,False,True,False,False,False,True,False,False,False,False,True,False,True,False,False
250.0,0.207,0,5,0.195,1,1,0,1,False,False,True,False,False,False,True,False,False,True,False,False,False,False,True,False
1168.63,0.333,0,14,0.388,0,1,0,1,True,False,False,False,False,False,False,True,False,True,False,False,True,False,False,False
582.57,0.205,0,11,0.057,0,4,0,1,False,True,False,False,False,True,False,False,False,True,False,False,True,False,False,False
437.01,0.276,0,4,0.36,0,2,0,1,False,False,False,True,False,False,True,False,False,False,True,False,True,False,False,False
1417.98,0.229,0,3,0.326,0,5,0,1,False,True,False,False,False,False,True,False,False,False,False,True,True,False,False,False
1234.04,0.315,0,2,0.036,0,1,0,1,False,False,False,False,True,False,True,False,False,False,True,False,True,False,False,False
642.19,0.168,0,17,0.297,0,5,1,1,True,False,False,False,False,False,True,False,False,True,False,False,False,True,False,False
1389.04,0.294,0,15,0.188,0,5,0,1,True,False,False,False,False,False,True,False,False,True,False,False,False,True,False,False
250.0,0.272,0,27,0.272,0,6,0,1,False,False,True,False,False,True,False,False,False,False,True,False,True,False,False,False
391.67,0.065,0,3,0.071,1,9,1,1,False,False,True,False,False,False,True,False,False,False,False,True,False,True,False,False
853.19,0.636,0,19,0.213,0,1,1,1,False,False,True,False,False,False,False,False,True,True,False,False,False,True,False,False
1630.91,0.213,0,3,0.199,1,3,0,1,False,False,True,False,False,True,False,False,False,True,False,False,False,True,False,False
342.24,0.159,0,20,0.064,0,2,0,1,False,True,False,False,False,False,True,False,False,True,False,False,False,False,True,False
250.0,0.2,0,6,0.524,0,5,0,1,False,False,True,False,False,False,True,False,False,False,True,False,True,False,False,False
560.05,0.329,0,6,0.374,0,1,0,1,False,True,False,False,False,True,False,False,False,False,True,False,True,False,False,False
391.27,0.208,0,29,0.536,0,1,0,1,False,True,False,False,False,False,True,False,False,True,False,False,False,False,True,False
1437.51,0.191,0,7,0.044,0,1,0,1,False,False,True,False,False,False,True,False,False,True,False,False,True,False,False,False
1272.68,0.366,0,15,0.328,0,4,0,1,False,False,False,True,False,True,False,False,False,True,False,False,True,False,False,False
526.27,0.104,0,13,0.696,1,4,0,1,False,False,True,False,False,False,False,False,True,False,True,False,False,False,False,True
1531.89,0.208,1,0,0.24995735361917937,0,2,0,0,False,False,False,True,False,True,False,False,False,False,True,False,True,False,False,False
2870.94,0.449,0,5,0.231,0,5,0,1,False,False,False,False,True,False,True,False,False,False,True,False,False,False,False,True
405.69,0.562,0,12,0.203,0,2,0,1,False,True,False,False,False,False,False,True,False,True,False,False,True,False,False,False
1736.79,0.323,0,10,0.103,0,1,0,1,False,True,False,False,False,False,True,False,False,True,False,False,True,False,False,False
8302.1,0.18,0,9,0.583,0,5,0,1,False,True,False,False,False,False,True,False,False,False,True,False,False,False,True,False
2665.08,0.361,0,21,0.234,0,2,0,1,False,False,False,False,True,False,True,False,False,True,False,False,True,False,False,False
478.87,0.308,1,0,0.24995735361917937,0,3,0,0,False,False,False,False,True,False,False,True,False,True,False,False,False,False,False,True
332.74,0.281,0,13,0.219,1,2,0,1,True,False,False,False,False,False,True,False,False,False,True,False,False,False,False,True
5447.04,0.187,0,9,0.347,0,2,0,1,False,False,False,False,True,True,False,False,False,False,True,False,False,True,False,False
638.56,0.251,0,6,0.311,0,7,0,1,False,False,False,False,True,False,True,False,False,False,True,False,False,True,False,False
5718.7,0.205,0,7,0.311,0,3,0,1,False,False,False,False,True,True,False,False,False,False,True,False,False,True,False,False
9364.74,0.378,0,9,0.125,1,5,0,1,False,False,True,False,False,True,False,False,False,True,False,False,False,True,False,False
1261.35,0.228,0,24,0.067,0,6,0,1,False,False,False,True,False,True,False,False,False,True,False,False,False,True,False,False
2652.51,0.534,1,0,0.24995735361917937,0,1,0,0,False,False,False,False,True,True,False,False,False,True,False,False,True,False,False,False
250.0,0.144,0,2,0.155,0,3,0,1,False,True,False,False,False,False,False,False,True,True,False,False,False,False,True,False
2531.92,0.379,0,1,0.367,0,4,0,1,True,False,False,False,False,False,True,False,False,True,False,False,True,False,False,False
4316.62,0.363,0,1,0.151,1,5,0,1,False,False,True,False,False,False,False,True,False,True,False,False,True,False,False,False
5748.45,0.2,0,27,0.23,0,1,0,1,False,False,False,True,False,False,False,True,False,True,False,False,True,False,False,False
2645.62,0.302,0,5,0.0,0,3,0,1,True,False,False,False,False,True,False,False,False,True,False,False,False,False,False,True
2441.23,0.389,0,7,0.211,1,2,1,1,False,False,True,False,False,True,False,False,False,True,False,False,True,False,False,False
352.93,0.36,0,15,0.096,0,2,0,1,False,False,True,False,False,False,False,True,False,False,True,False,True,False,False,False
2151.81,0.252,0,3,0.0,1,1,1,1,False,False,True,False,False,True,False,False,False,False,True,False,True,False,False,False
250.0,0.384,0,2,0.075,1,5,0,1,False,False,True,False,False,True,False,False,False,False,False,True,False,False,False,True
2128.72,0.546,0,8,0.118,1,4,0,1,False,False,True,False,False,True,False,False,False,False,False,True,False,False,False,True
2446.63,0.607,0,4,0.239,0,6,0,1,False,True,False,False,False,True,False,False,False,False,False,True,True,False,False,False
4720.08,0.211,0,21,0.26,1,2,0,1,False,False,True,False,False,True,False,False,False,False,True,False,False,False,False,True
418.31,0.315,0,30,0.423,1,6,0,1,False,False,True,False,False,True,False,False,False,True,False,False,False,True,False,False
17783.04,0.295,0,14,0.139,1,1,0,1,False,False,True,False,False,True,False,False,False,False,True,False,True,False,False,False
718.77,0.277,1,0,0.24995735361917937,0,3,0,0,False,False,False,False,True,False,True,False,False,True,False,False,False,False,True,False
638.89,0.384,0,7,0.493,0,4,0,1,False,True,False,False,False,False,False,True,False,False,False,True,True,False,False,False
3043.72,0.313,0,10,0.626,0,4,1,1,False,False,True,False,False,False,True,False,False,True,False,False,True,False,False,False
5428.42,0.401,0,8,0.123,0,1,0,1,True,False,False,False,False,False,False,True,False,True,False,False,False,True,False,False
634.14,0.111,0,16,0.259,0,2,0,1,False,True,False,False,False,False,True,False,False,False,False,True,True,False,False,False
349.56,0.268,0,16,0.249,0,4,0,1,True,False,False,False,False,True,False,False,False,False,True,False,True,False,False,False
3728.81,0.189,0,7,0.434,1,2,0,1,False,False,True,False,False,False,True,False,False,False,True,False,True,False,False,False
1180.15,0.605,0,16,0.053,0,1,0,1,False,False,False,True,False,False,False,False,True,False,True,False,False,True,False,False
1295.33,0.109,0,28,0.263,1,2,0,1,False,False,True,False,False,True,False,False,False,True,False,False,False,False,True,False
2024.67,0.337,0,8,0.356,1,3,0,1,False,False,True,False,False,True,False,False,False,False,True,False,False,True,False,False
323.79,0.212,0,1,0.081,0,1,0,1,False,True,False,False,False,False,True,False,False,True,False,False,False,False,False,True
1084.66,0.057,0,10,0.063,0,2,0,1,False,True,False,False,False,False,True,False,False,True,False,False,False,True,False,False
250.0,0.187,0,11,0.044,0,3,0,1,True,False,False,False,False,False,True,False,False,True,False,False,True,False,False,False
2524.01,0.366,0,4,0.153,0,1,0,1,True,False,False,False,False,False,True,False,False,True,False,False,True,False,False,False
1189.83,0.382,0,3,0.503,1,5,0,1,False,False,True,False,False,False,True,False,False,False,False,True,True,False,False,False
5095.03,0.319,0,17,0.366,0,6,0,1,False,True,False,False,False,False,True,False,False,False,False,True,True,False,False,False
2408.38,0.388,0,5,0.317,0,6,0,1,False,False,False,False,True,True,False,False,False,False,False,True,False,True,False,False
6292.88,0.072,1,0,0.24995735361917937,0,1,0,0,False,False,False,False,True,False,True,False,False,False,True,False,False,False,True,False
888.48,0.522,0,5,0.082,0,5,0,1,True,False,False,False,False,False,True,False,False,False,True,False,False,False,True,False
1525.04,0.193,0,30,0.0,1,3,0,1,False,False,True,False,False,False,False,True,False,False,True,False,False,False,True,False
2977.93,0.218,0,8,0.042,1,4,0,1,False,False,True,False,False,True,False,False,False,False,True,False,False,True,False,False
250.0,0.295,0,6,0.23,0,5,0,1,False,False,False,False,True,False,False,True,False,True,False,False,False,False,False,True
1645.07,0.13,0,3,0.166,0,5,0,1,False,False,True,False,False,False,False,True,False,False,True,False,False,True,False,False
1248.2,0.322,0,8,0.228,1,4,0,1,False,False,True,False,False,False,True,False,False,False,True,False,False,True,False,False
1849.28,0.254,1,0,0.24995735361917937,1,3,1,0,False,False,True,False,False,False,True,False,False,True,False,False,True,False,False,False
1678.87,0.166,0,10,0.298,0,5,0,1,False,False,False,True,False,False,False,False,True,False,False,True,False,False,True,False
20000.0,0.461,0,4,0.167,1,1,0,1,False,False,True,False,False,False,True,False,False,False,True,False,False,True,False,False
250.0,0.216,0,9,0.27,0,1,0,1,False,True,False,False,False,False,False,True,False,True,False,False,False,True,False,False
5270.87,0.21,0,8,0.271,1,1,0,1,True,False,False,False,False,False,True,False,False,True,False,False,False,True,False,False
622.5,0.205,0,2,0.122,0,6,0,1,False,False,False,False,True,False,True,False,False,True,False,False,False,True,False,False
775.9,0.347,0,18,0.516,0,5,0,1,False,False,True,False,False,True,False,False,False,False,False,True,False,False,True,False
250.0,0.182,0,5,0.223,0,2,1,1,False,False,False,False,True,True,False,False,False,True,False,False,True,False,False,False
3437.13,0.25,0,16,0.188,1,4,0,1,False,False,True,False,False,False,False,True,False,False,False,True,True,False,False,False
674.53,0.319,0,4,0.081,0,2,0,1,False,False,False,True,False,False,True,False,False,True,False,False,False,False,True,False
2239.8,0.378,0,6,0.357,0,2,0,1,False,True,False,False,False,False,True,False,False,True,False,False,False,True,False,False
2495.77,0.109,0,3,0.275,1,6,0,1,True,False,False,False,False,False,True,False,False,False,True,False,False,False,False,True
1095.55,0.314,0,5,0.195,0,3,0,1,False,True,False,False,False,False,False,True,False,False,False,True,False,False,False,True
4659.1,0.347,0,13,0.28,1,2,0,1,False,False,True,False,False,False,False,False,True,True,False,False,True,False,False,False
1317.03,0.091,0,8,0.324,0,5,0,1,False,True,False,False,False,True,False,False,False,False,False,True,True,False,False,False
4558.97,0.405,0,19,0.37,1,3,0,1,False,False,True,False,False,False,True,False,False,True,False,False,False,True,False,False
420.57,0.212,0,14,0.492,1,3,0,1,False,False,True,False,False,False,False,True,False,False,True,False,False,True,False,False
4633.95,0.139,0,12,0.056,0,2,0,1,False,True,False,False,False,False,True,False,False,False,False,True,False,False,True,False
566.16,0.258,0,12,0.162,1,8,0,1,False,False,True,False,False,False,False,True,False,False,True,False,False,False,False,True
1385.36,0.174,0,7,0.231,0,7,1,1,False,True,False,False,False,True,False,False,False,False,False,True,False,True,False,False
901.55,0.153,1,0,0.24995735361917937,1,5,1,0,False,False,True,False,False,True,False,False,False,False,True,False,True,False,False,False
1731.75,0.069,0,11,0.057,1,1,0,1,False,False,True,False,False,True,False,False,False,False,True,False,False,False,False,True
250.0,0.565,0,12,0.298,0,1,0,1,False,False,True,False,False,True,False,False,False,False,True,False,False,True,False,False
2229.9,0.258,0,3,0.025,0,2,0,1,False,False,False,False,True,False,True,False,False,False,True,False,False,False,False,True
2253.71,0.26,0,14,0.277,0,2,0,1,False,False,False,False,True,False,True,False,False,True,False,False,True,False,False,False
728.62,0.159,0,10,0.424,1,1,1,1,False,False,True,False,False,True,False,False,False,True,False,False,False,True,False,False
612.35,0.184,1,0,0.24995735361917937,0,2,0,0,True,False,False,False,False,False,False,True,False,False,True,False,False,True,False,False
568.67,0.236,0,3,0.183,1,2,0,1,False,False,True,False,False,False,True,False,False,True,False,False,False,True,False,False
9280.97,0.167,0,2,0.169,0,2,0,1,False,False,False,True,False,False,False,True,False,False,True,False,True,False,False,False
4835.78,0.291,0,31,0.248,1,1,0,1,False,False,True,False,False,True,False,False,False,True,False,False,True,False,False,False
1419.61,0.285,0,13,0.366,0,3,0,1,False,False,True,False,False,False,False,True,False,True,False,False,False,False,True,False
14579.4,0.164,0,17,0.306,0,1,0,1,False,True,False,False,False,True,False,False,False,True,False,False,False,True,False,False
250.0,0.16,0,14,0.436,1,3,1,1,False,False,True,False,False,False,True,False,False,False,True,False,False,True,False,False
1685.4,0.25,0,9,0.326,1,3,1,1,False,False,True,False,False,False,True,False,False,True,False,False,False,False,True,False
250.0,0.353,0,9,0.435,0,6,0,1,False,False,True,False,False,False,True,False,False,False,False,True,False,False,False,True
1723.98,0.186,0,2,0.222,1,3,1,1,False,False,True,False,False,True,False,False,False,True,False,False,False,True,False,False
519.82,0.286,0,11,0.651,1,3,0,1,False,False,True,False,False,False,False,True,False,True,False,False,True,False,False,False
394.61,0.378,0,18,0.304,0,1,0,1,True,False,False,False,False,True,False,False,False,True,False,False,False,False,True,False
531.85,0.369,0,13,0.368,0,3,0,1,False,False,False,True,False,False,True,False,False,True,False,False,True,False,False,False
948.43,0.194,0,9,0.121,0,6,0,1,False,False,False,False,True,True,False,False,False,True,False,False,False,False,True,False
5157.64,0.292,0,5,0.171,0,4,0,1,False,True,False,False,False,True,False,False,False,False,False,True,False,True,False,False
999.49,0.291,0,16,0.317,0,6,0,1,False,True,False,False,False,False,True,False,False,False,False,True,False,True,False,False
2249.61,0.413,0,22,0.248,1,1,0,1,False,False,True,False,False,False,False,True,False,True,False,False,False,True,False,False
7150.31,0.226,0,5,0.074,0,2,1,1,False,True,False,False,False,True,False,False,False,False,True,False,True,False,False,False
1249.75,0.535,0,16,0.532,0,3,0,1,False,False,False,False,True,False,True,False,False,False,True,False,True,False,False,False
6937.56,0.124,0,28,0.104,1,5,0,1,False,False,True,False,False,False,False,True,False,False,True,False,False,False,False,True
963.32,0.276,0,22,0.257,0,2,0,1,False,False,False,False,True,True,False,False,False,False,True,False,False,False,True,False
578.22,0.17,0,6,0.208,0,5,0,1,False,True,False,False,False,True,False,False,False,False,False,True,False,False,False,True
12054.4,0.213,0,3,0.397,0,5,0,1,False,False,False,False,True,False,True,False,False,False,False,True,False,True,False,False
1999.3,0.377,0,5,0.0,0,4,0,1,False,False,True,False,False,False,True,False,False,False,False,True,False,True,False,False
3178.71,0.364,0,17,0.407,1,4,0,1,False,False,True,False,False,False,True,False,False,False,False,True,False,False,True,False
1020.66,0.452,0,16,0.258,0,1,0,1,False,False,False,False,True,False,True,False,False,True,False,False,True,False,False,False
405.32,0.265,0,29,0.293,0,1,1,1,False,False,True,False,False,False,True,False,False,True,False,False,False,True,False,False
408.58,0.597,0,22,0.291,0,3,1,1,True,False,False,False,False,False,False,False,True,True,False,False,True,False,False,False
250.0,0.111,0,18,0.31,1,5,0,1,False,False,True,False,False,False,True,False,False,True,False,False,False,True,False,False
2463.68,0.458,0,3,0.326,1,4,0,1,False,False,True,False,False,False,False,True,False,True,False,False,False,False,False,True
587.12,0.036,0,24,0.138,1,2,0,1,True,False,False,False,False,False,False,True,False,False,True,False,False,False,True,False
666.25,0.181,0,1,0.196,0,4,0,1,False,True,False,False,False,False,False,False,True,True,False,False,False,False,True,False
3058.97,0.383,0,13,0.471,0,4,0,1,False,False,False,False,True,True,False,False,False,True,False,False,False,True,False,False
4856.49,0.235,0,18,0.322,0,4,0,1,False,False,False,True,False,True,False,False,False,True,False,False,False,True,False,False
1524.82,0.158,0,31,0.414,0,4,1,1,True,False,False,False,False,True,False,False,False,False,True,False,True,False,False,False
309.93,0.118,0,15,0.427,0,2,0,1,False,False,False,True,False,True,False,False,False,False,True,False,True,False,False,False
4305.49,0.276,0,11,0.282,1,7,0,1,True,False,False,False,False,False,True,False,False,False,True,False,True,False,False,False
15950.44,0.494,0,23,0.299,0,3,0,1,False,False,False,False,True,False,True,False,False,True,False,False,False,True,False,False
278.56,0.353,0,10,0.129,0,3,0,1,False,False,False,True,False,False,False,True,False,False,True,False,False,False,False,True
1339.74,0.475,0,3,0.39,0,2,1,1,False,False,False,False,True,True,False,False,False,True,False,False,True,False,False,False
1384.06,0.5,0,10,0.322,0,6,1,1,False,True,False,False,False,False,True,False,False,False,False,True,False,True,False,False
2655.26,0.243,0,5,0.396,1,5,0,1,False,False,True,False,False,True,False,False,False,True,False,False,True,False,False,False
250.0,0.458,0,20,0.376,1,3,1,1,False,False,True,False,False,True,False,False,False,True,False,False,False,False,True,False
2530.02,0.212,0,10,0.0,0,4,0,1,False,True,False,False,False,True,False,False,False,True,False,False,False,False,False,True
839.86,0.196,0,2,0.077,1,3,1,1,False,False,True,False,False,False,True,False,False,False,True,False,True,False,False,False
669.51,0.21,0,11,0.247,0,5,0,1,False,False,False,False,True,False,True,False,False,False,False,True,False,False,True,False
452.85,0.419,0,2,0.126,0,3,0,1,False,False,True,False,False,False,True,False,False,True,False,False,False,False,True,False
3848.96,0.216,0,13,0.183,1,4,0,1,False,False,True,False,False,True,False,False,False,True,False,False,False,True,False,False
250.0,0.167,0,11,0.359,0,6,0,1,False,False,False,False,True,False,True,False,False,False,False,True,False,True,False,False
2614.7,0.307,0,3,0.223,0,2,0,1,False,True,False,False,False,False,True,False,False,True,False,False,False,False,True,False
2082.43,0.13,0,12,0.133,0,2,0,1,True,False,False,False,False,True,False,False,False,True,False,False,False,False,False,True
519.87,0.147,0,32,0.464,0,2,0,1,False,False,False,True,False,True,False,False,False,True,False,False,False,False,True,False
599.59,0.259,0,17,0.085,0,5,0,1,False,True,False,False,False,True,False,False,False,False,False,True,False,False,False,True
15294.67,0.013,0,23,0.271,0,5,0,1,False,True,False,False,False,True,False,False,False,False,True,False,False,False,True,False
471.24,0.236,0,2,0.0,0,2,0,1,False,False,True,False,False,False,True,False,False,True,False,False,False,False,False,True
2255.03,0.247,0,5,0.317,0,2,0,1,False,True,False,False,False,True,False,False,False,False,True,False,False,True,False,False
3051.75,0.478,0,3,0.49,1,3,1,1,True,False,False,False,False,False,True,False,False,False,True,False,True,False,False,False
3187.33,0.259,0,12,0.117,0,5,0,1,False,True,False,False,False,True,False,False,False,True,False,False,False,False,False,True
1270.43,0.399,0,12,0.454,0,4,0,1,False,False,False,True,False,True,False,False,False,True,False,False,False,False,False,True
945.97,0.546,0,3,0.387,0,8,0,1,False,False,True,False,False,False,False,True,False,False,False,True,True,False,False,False
3194.96,0.297,0,2,0.298,1,4,0,1,False,False,True,False,False,False,True,False,False,False,False,True,False,False,True,False
1266.36,0.559,0,11,0.269,0,2,0,1,False,True,False,False,False,False,True,False,False,True,False,False,True,False,False,False
18338.85,0.2,0,17,0.29,0,2,0,1,False,True,False,False,False,False,True,False,False,True,False,False,False,False,False,True
2471.49,0.432,0,32,0.119,1,1,0,1,False,False,True,False,False,False,True,False,False,False,True,False,False,True,False,False
1692.39,0.149,0,12,0.32,1,1,0,1,False,False,True,False,False,False,True,False,False,False,True,False,True,False,False,False
1577.93,0.385,0,1,0.167,0,2,0,1,False,False,False,False,True,False,True,False,False,False,True,False,True,False,False,False
8186.54,0.524,0,6,0.291,0,2,0,1,False,True,False,False,False,False,False,False,True,True,False,False,False,False,False,True
2889.18,0.307,0,15,0.164,0,3,0,1,False,False,True,False,False,False,True,False,False,True,False,False,False,True,False,False
1381.03,0.057,0,17,0.241,1,2,1,1,False,False,True,False,False,False,True,False,False,True,False,False,False,False,True,False
2138.41,0.112,0,19,0.215,1,4,0,1,False,False,True,False,False,False,True,False,False,True,False,False,False,True,False,False
2902.6,0.326,0,20,0.104,0,4,0,1,True,False,False,False,False,False,False,False,True,True,False,False,True,False,False,False
769.58,0.086,0,10,0.282,0,4,1,1,False,False,False,False,True,True,False,False,False,True,False,False,False,False,True,False
20000.0,0.438,0,29,0.204,0,4,0,1,False,False,True,False,False,True,False,False,False,False,True,False,False,False,False,True
2523.22,0.175,0,14,0.351,0,4,0,1,False,False,False,True,False,False,True,False,False,True,False,False,True,False,False,False
965.55,0.145,1,0,0.24995735361917937,1,3,0,0,False,False,True,False,False,False,True,False,False,False,True,False,False,False,True,False
1246.1,0.184,0,11,0.016,0,8,0,1,True,False,False,False,False,False,True,False,False,False,False,True,False,False,True,False
488.73,0.258,0,10,0.07,0,6,1,1,False,False,False,False,True,False,False,False,True,False,False,True,False,False,False,True
1246.59,0.461,0,25,0.0,0,1,0,1,False,False,False,False,True,False,False,True,False,False,True,False,False,True,False,False
8784.62,0.065,0,8,0.18,0,4,0,1,False,False,False,False,True,False,True,False,False,False,False,True,False,True,False,False
250.0,0.247,0,4,0.335,0,1,0,1,True,False,False,False,False,False,True,False,False,True,False,False,True,False,False,False
2019.08,0.289,0,4,0.258,1,1,0,1,False,False,True,False,False,False,False,True,False,True,False,False,False,False,False,True
1984.78,0.418,0,11,0.0,0,5,0,1,False,False,False,False,True,False,False,True,False,False,False,True,False,False,True,False
1031.22,0.233,0,13,0.383,1,3,0,1,False,False,True,False,False,False,True,False,False,True,False,False,True,False,False,False
3378.03,0.458,1,0,0.24995735361917937,1,4,0,0,False,False,True,False,False,False,True,False,False,False,False,True,False,False,True,False
266.69,0.456,0,19,0.348,0,1,1,1,False,False,False,False,True,False,True,False,False,True,False,False,True,False,False,False
7854.41,0.565,0,2,0.151,0,5,1,1,False,False,False,False,True,False,False,True,False,False,True,False,False,True,False,False
908.14,0.085,0,20,0.217,1,3,1,1,True,False,False,False,False,False,True,False,False,False,True,False,True,False,False,False
593.68,0.081,0,21,0.0,0,5,0,1,False,True,False,False,False,False,True,False,False,True,False,False,False,False,False,True
8524.45,0.309,0,2,0.34,0,5,0,1,False,False,False,False,True,False,True,False,False,False,False,True,False,True,False,False
1629.86,0.58,0,32,0.218,0,1,0,1,False,False,False,True,False,False,False,True,False,True,False,False,False,False,False,True
20000.0,0.058,0,19,0.2,0,2,0,1,False,False,True,False,False,False,True,False,False,True,False,False,False,True,False,False
1397.53,0.142,0,28,0.276,0,7,0,1,False,True,False,False,False,False,False,True,False,False,False,True,True,False,False,False
1098.53,0.391,0,4,0.397,0,3,0,1,True,False,False,False,False,False,False,True,False,False,True,False,True,False,False,False
4010.3,0.42,0,33,0.283,1,3,0,1,False,False,True,False,False,False,True,False,False,True,False,False,True,False,False,False
4304.94,0.113,0,4,0.281,0,5,0,1,True,False,False,False,False,True,False,False,False,False,True,False,False,False,True,False
7699.78,0.188,0,16,0.27,0,1,0,1,False,False,False,True,False,True,False,False,False,True,False,False,False,True,False,False
411.53,0.117,0,4,0.183,0,2,0,1,False,False,False,False,True,False,False,True,False,True,False,False,True,False,False,False
4418.22,0.276,0,1,0.087,0,3,0,1,True,False,False,False,False,True,False,False,False,False,True,False,False,True,False,False
464.96,0.299,0,4,0.48,0,7,0,1,False,False,False,True,False,False,False,True,False,False,False,True,True,False,False,False
367.99,0.455,0,17,0.433,0,2,0,1,False,False,True,False,False,False,True,False,False,True,False,False,False,True,False,False
12097.01,0.152,0,11,0.579,0,1,0,1,False,True,False,False,False,False,False,True,False,True,False,False,False,True,False,False
532.68,0.091,0,2,0.445,0,7,0,1,False,True,False,False,False,False,True,False,False,True,False,False,False,False,False,True
755.95,0.31,0,5,0.198,0,1,0,1,False,False,False,True,False,True,False,False,False,False,True,False,False,False,True,False
1374.55,0.072,0,20,0.0,0,3,0,1,False,False,False,False,True,True,False,False,False,False,True,False,False,True,False,False
3411.85,0.15,0,10,0.134,0,2,0,1,False,False,True,False,False,False,True,False,False,False,True,False,False,False,False,True
3057.42,0.323,0,3,0.082,1,5,0,1,False,False,True,False,False,False,True,False,False,True,False,False,False,True,False,False
1048.2,0.455,0,21,0.202,1,3,0,1,False,False,True,False,False,True,False,False,False,True,False,False,True,False,False,False
2489.81,0.282,0,2,0.384,0,7,0,1,False,True,False,False,False,False,False,True,False,False,True,False,False,True,False,False
13287.54,0.463,0,16,0.139,0,4,0,1,False,True,False,False,False,False,False,True,False,False,True,False,False,False,True,False
333.56,0.39,0,18,0.409,0,3,0,1,False,False,False,False,True,False,True,False,False,True,False,False,True,False,False,False
3612.05,0.221,0,7,0.164,0,4,0,1,False,True,False,False,False,True,False,False,False,False,True,False,False,True,False,False
1071.79,0.253,0,3,0.167,0,4,0,1,False,True,False,False,False,False,True,False,False,True,False,False,False,True,False,False
1177.18,0.302,0,7,0.147,1,1,0,1,False,False,True,False,False,False,True,False,False,True,False,False,False,True,False,False
822.83,0.281,0,23,0.185,0,4,1,1,True,False,False,False,False,True,False,False,False,False,True,False,False,True,False,False
1045.84,0.42,0,20,0.552,0,4,0,1,False,False,False,False,True,True,False,False,False,True,False,False,True,False,False,False
2661.84,0.319,0,4,0.098,1,6,1,1,False,False,True,False,False,False,False,True,False,True,False,False,False,False,True,False
2101.15,0.31,0,9,0.0,0,1,0,1,False,False,False,True,False,True,False,False,False,False,True,False,False,False,False,True
1999.13,0.224,0,7,0.26,0,5,0,1,False,False,False,False,True,False,True,False,False,True,False,False,True,False,False,False
1473.06,0.309,0,12,0.342,0,4,0,1,False,False,True,False,False,False,True,False,False,False,True,False,False,False,True,False
4094.56,0.466,0,4,0.677,0,4,0,1,False,False,True,False,False,True,False,False,False,True,False,False,False,False,True,False
688.1,0.133,0,22,0.268,0,6,0,1,False,False,True,False,False,False,False,True,False,True,False,False,False,True,False,False
332.12,0.226,0,5,0.161,1,1,0,1,False,False,True,False,False,False,True,False,False,True,False,False,False,False,False,True
2849.82,0.167,1,0,0.24995735361917937,0,2,0,0,False,False,False,False,True,False,True,False,False,False,False,True,True,False,False,False
532.36,0.342,0,13,0.244,1,4,1,1,False,False,True,False,False,False,True,False,False,False,True,False,True,False,False,False
1817.75,0.229,0,24,0.205,1,2,0,1,False,False,True,False,False,False,True,False,False,True,False,False,True,False,False,False
3094.17,0.248,0,20,0.125,0,1,0,1,False,False,False,True,False,True,False,False,False,True,False,False,False,False,True,False
2085.54,0.467,0,8,0.395,0,2,0,1,False,True,False,False,False,True,False,False,False,False,True,False,False,False,True,False
2890.14,0.75,0,9,0.459,0,4,0,1,False,False,False,False,True,False,False,True,False,True,False,False,False,True,False,False
434.74,0.104,0,12,0.122,1,2,0,1,False,False,True,False,False,False,True,False,False,False,True,False,True,False,False,False
7943.71,0.415,0,1,0.156,1,2,1,1,False,False,True,False,False,False,True,False,False,False,True,False,False,False,False,True
5201.9,0.099,0,9,0.19,1,3,0,1,True,False,False,False,False,True,False,False,False,False,False,True,False,True,False,False
2583.72,0.107,0,2,0.472,1,10,0,1,False,False,True,False,False,False,False,True,False,False,False,True,True,False,False,False
250.0,0.221,0,7,0.357,0,5,0,1,False,True,False,False,False,False,True,False,False,False,False,True,False,True,False,False
522.25,0.284,0,12,0.077,0,4,0,1,False,False,False,False,True,False,True,False,False,False,False,True,False,True,False,False
1418.94,0.462,0,5,0.28,0,1,0,1,False,True,False,False,False,False,True,False,False,False,True,False,False,True,False,False
1343.51,0.029,0,6,0.059,0,5,0,1,False,True,False,False,False,True,False,False,False,True,False,False,True,False,False,False
250.0,0.75,0,37,0.106,1,2,0,1,False,False,True,False,False,False,True,False,False,False,True,False,False,False,True,False
448.0,0.443,0,12,0.313,0,6,0,1,False,False,False,False,True,False,True,False,False,True,False,False,True,False,False,False
844.21,0.12,0,4,0.367,0,2,0,1,False,False,True,False,False,True,False,False,False,True,False,False,True,False,False,False
1332.93,0.056,0,7,0.187,0,2,0,1,False,True,False,False,False,False,True,False,False,False,True,False,True,False,False,False
2611.56,0.516,0,4,0.148,0,3,0,1,False,True,False,False,False,False,True,False,False,False,False,True,False,True,False,False
899.95,0.199,0,13,0.0,0,3,0,1,False,True,False,False,False,True,False,False,False,True,False,False,True,False,False,False
7732.07,0.172,0,24,0.317,0,6,0,1,False,True,False,False,False,False,True,False,False,True,False,False,False,True,False,False
597.08,0.253,0,6,0.32,1,1,0,1,False,False,True,False,False,False,False,True,False,True,False,False,True,False,False,False
250.0,0.23,0,13,0.432,0,4,0,1,False,True,False,False,False,False,False,True,False,True,False,False,True,False,False,False
6225.32,0.462,0,2,0.363,0,3,0,1,True,False,False,False,False,False,True,False,False,False,True,False,True,False,False,False
881.56,0.305,0,19,0.365,1,3,0,1,False,False,True,False,False,False,True,False,False,False,True,False,False,False,False,True
1332.24,0.355,0,22,0.019,0,3,0,1,False,False,False,True,False,False,False,True,False,False,True,False,True,False,False,False
3103.95,0.174,0,2,0.008,0,3,0,1,False,False,False,True,False,False,True,False,False,False,True,False,True,False,False,False
2250.25,0.191,0,5,0.051,1,2,1,1,False,False,True,False,False,True,False,False,False,False,True,False,True,False,False,False
1988.6,0.351,0,1,0.185,1,4,0,1,False,False,True,False,False,False,True,False,False,False,False,True,False,False,False,True
250.0,0.129,0,18,0.121,1,1,0,1,False,False,True,False,False,False,False,True,False,True,False,False,True,False,False,False
1485.89,0.223,0,11,0.149,1,6,1,1,False,False,True,False,False,True,False,False,False,False,False,True,True,False,False,False
2204.67,0.653,0,31,0.004,0,2,0,1,False,True,False,False,False,False,True,False,False,True,False,False,True,False,False,False
3940.64,0.638,0,1,0.297,0,5,0,1,False,False,True,False,False,True,False,False,False,False,False,True,False,True,False,False
4489.78,0.099,0,1,0.178,0,4,0,1,False,False,False,True,False,False,True,False,False,True,False,False,False,False,True,False
731.73,0.058,0,15,0.598,1,6,1,1,False,False,True,False,False,False,True,False,False,True,False,False,False,True,False,False
2386.56,0.076,0,18,0.345,0,7,0,1,False,True,False,False,False,False,False,True,False,True,False,False,False,False,False,True
2489.29,0.069,0,24,0.218,0,3,0,1,False,False,False,False,True,True,False,False,False,True,False,False,False,True,False,False
255.4,0.418,0,3,0.383,0,1,0,1,False,False,False,True,False,False,False,False,True,False,True,False,False,False,False,True
2166.99,0.222,0,30,0.188,0,6,0,1,False,False,False,False,True,False,False,True,False,True,False,False,False,False,True,False
1612.11,0.127,0,30,0.268,1,5,0,1,False,False,True,False,False,False,True,False,False,False,True,False,True,False,False,False
1275.16,0.4,0,25,0.461,1,3,1,1,False,False,True,False,False,True,False,False,False,True,False,False,True,False,False,False
970.18,0.382,0,25,0.339,1,6,0,1,False,False,True,False,False,False,False,True,False,True,False,False,True,False,False,False
458.7,0.21,0,1,0.455,1,3,0,1,False,False,True,False,False,True,False,False,False,True,False,False,False,False,True,False
373.89,0.143,0,11,0.212,0,7,1,1,False,True,False,False,False,False,True,False,False,False,False,True,False,True,False,False
1177.33,0.534,0,29,0.372,0,2,0,1,False,False,False,False,True,False,True,False,False,True,False,False,False,False,True,False
6890.28,0.267,0,3,0.195,1,1,0,1,False,False,True,False,False,True,False,False,False,True,False,False,True,False,False,False
381.24,0.17,0,23,0.382,0,1,0,1,True,False,False,False,False,False,False,True,False,True,False,False,True,False,False,False
407.81,0.549,0,25,0.387,0,2,0,1,False,False,False,True,False,False,False,True,False,True,False,False,False,False,False,True
533.23,0.143,0,4,0.118,0,3,0,1,False,False,False,True,False,False,True,False,False,False,False,True,False,True,False,False
1125.16,0.22,0,30,0.194,0,4,0,1,False,False,False,False,True,True,False,False,False,True,False,False,False,True,False,False
744.24,0.495,0,34,0.241,1,1,0,1,False,False,True,False,False,False,True,False,False,False,True,False,False,False,True,False
1013.36,0.278,1,0,0.24995735361917937,1,3,1,0,False,False,True,False,False,False,False,True,False,True,False,False,True,False,False,False
681.68,0.168,0,26,0.222,1,4,0,1,False,False,True,False,False,False,True,False,False,False,True,False,False,True,False,False
3695.35,0.153,0,19,0.056,0,3,0,1,False,True,False,False,False,False,True,False,False,True,False,False,True,False,False,False
637.71,0.291,0,1,0.192,0,2,0,1,False,True,False,False,False,False,True,False,False,True,False,False,False,False,True,False
1465.73,0.434,0,2,0.0,0,6,0,1,False,False,True,False,False,False,False,True,False,False,True,False,True,False,False,False
8435.9,0.34,0,4,0.209,0,1,0,1,False,False,False,False,True,True,False,False,False,True,False,False,False,True,False,False
488.35,0.22,0,3,0.252,0,2,0,1,False,False,True,False,False,False,True,False,False,False,True,False,False,True,False,False
1053.46,0.607,0,31,0.332,0,5,0,1,False,False,False,True,False,False,True,False,False,True,False,False,True,False,False,False
1553.27,0.427,0,10,0.273,1,4,0,1,False,False,True,False,False,False,True,False,False,False,False,True,False,True,False,False
525.79,0.108,0,3,0.408,1,1,0,1,False,False,True,False,False,False,True,False,False,False,True,False,False,False,True,False
398.55,0.094,0,17,0.145,0,3,1,1,False,False,False,True,False,True,False,False,False,False,True,False,False,False,True,False
1699.58,0.342,0,29,0.285,1,5,0,1,False,False,True,False,False,True,False,False,False,False,False,True,False,True,False,False
2196.27,0.48,0,12,0.314,1,3,0,1,False,False,True,False,False,False,True,False,False,True,False,False,False,True,False,False
250.0,0.144,0,7,0.11,0,2,0,1,False,False,False,False,True,False,True,False,False,False,True,False,False,True,False,False
1701.15,0.47,0,8,0.263,0,8,1,1,False,False,True,False,False,False,False,False,True,False,True,False,False,True,False,False
871.59,0.305,1,0,0.24995735361917937,1,3,1,0,False,False,True,False,False,True,False,False,False,True,False,False,False,False,True,False
2232.28,0.135,0,1,0.507,0,5,0,1,False,False,False,True,False,False,False,False,True,False,True,False,False,True,False,False
250.0,0.136,0,31,0.177,1,3,0,1,False,False,True,False,False,False,True,False,False,True,False,False,False,False,False,True
250.0,0.181,0,12,0.116,0,2,0,1,False,True,False,False,False,False,True,False,False,True,False,False,False,False,False,True
2468.95,0.205,0,30,0.241,0,2,0,1,False,False,False,True,False,False,True,False,False,False,False,True,False,False,True,False
250.0,0.238,0,9,0.189,0,3,0,1,False,False,False,True,False,False,True,False,False,False,False,True,True,False,False,False
1492.04,0.396,0,6,0.402,0,5,0,1,False,True,False,False,False,False,True,False,False,True,False,False,False,False,True,False
620.14,0.359,0,14,0.067,0,4,0,1,True,False,False,False,False,False,False,True,False,True,False,False,True,False,False,False
1852.88,0.357,0,3,0.255,0,4,0,1,False,False,False,True,False,False,False,True,False,False,False,True,False,True,False,False
9669.73,0.253,0,9,0.01,1,6,0,1,False,False,True,False,False,False,True,False,False,False,False,True,True,False,False,False
2212.22,0.173,0,3,0.028,0,1,0,1,False,True,False,False,False,False,True,False,False,False,True,False,False,False,True,False
1837.56,0.163,0,11,0.203,0,5,0,1,False,False,False,False,True,True,False,False,False,False,True,False,False,False,False,True
526.51,0.314,0,4,0.153,1,1,0,1,False,False,True,False,False,False,True,False,False,True,False,False,False,False,True,False
594.23,0.16,0,2,0.256,0,1,1,1,False,False,False,False,True,False,True,False,False,False,True,False,True,False,False,False
1544.68,0.446,0,3,0.021,1,8,0,1,False,False,True,False,False,False,True,False,False,False,True,False,False,True,False,False
537.85,0.221,0,3,0.049,0,5,0,1,True,False,False,False,False,False,True,False,False,False,True,False,True,False,False,False
631.29,0.166,0,18,0.355,0,4,0,1,False,True,False,False,False,False,False,True,False,False,True,False,True,False,False,False
3250.3,0.188,0,13,0.104,0,1,0,1,False,False,False,True,False,False,False,True,False,False,True,False,True,False,False,False
409.0,0.417,0,11,0.0,0,9,0,1,False,False,False,False,True,False,True,False,False,False,True,False,False,False,False,True
2045.36,0.523,0,1,0.362,0,1,1,1,False,True,False,False,False,False,True,False,False,True,False,False,True,False,False,False
1253.3,0.097,0,21,0.473,1,6,1,1,False,False,True,False,False,False,True,False,False,False,False,True,True,False,False,False
4470.45,0.176,0,5,0.19,0,1,0,1,False,False,False,False,True,False,False,True,False,True,False,False,False,True,False,False
1411.39,0.075,0,26,0.357,0,5,0,1,False,True,False,False,False,False,True,False,False,True,False,False,False,True,False,False
781.44,0.218,0,11,0.443,1,2,0,1,False,False,True,False,False,False,True,False,False,False,True,False,False,False,True,False
250.0,0.066,0,18,0.092,1,6,1,1,False,False,True,False,False,True,False,False,False,True,False,False,True,False,False,False
1798.03,0.146,0,38,0.128,0,1,0,1,False,False,False,False,True,False,False,True,False,True,False,False,True,False,False,False
726.41,0.257,0,10,0.428,1,6,1,1,False,False,True,False,False,True,False,False,False,False,False,True,False,False,True,False
3866.86,0.099,0,32,0.0,0,4,0,1,False,True,False,False,False,False,False,True,False,True,False,False,True,False,False,False
2429.74,0.589,0,21,0.133,0,5,1,1,True,False,False,False,False,True,False,False,False,True,False,False,True,False,False,False
20000.0,0.08,0,10,0.0,0,3,0,1,False,True,False,False,False,False,True,False,False,False,True,False,False,True,False,False
749.75,0.052,0,17,0.131,0,4,0,1,False,False,False,False,True,True,False,False,False,True,False,False,True,False,False,False
1926.59,0.059,0,21,0.123,1,4,0,1,False,False,True,False,False,False,True,False,False,False,True,False,False,False,False,True
920.82,0.089,0,22,0.253,0,1,1,1,False,False,False,False,True,True,False,False,False,False,True,False,False,True,False,False
303.88,0.279,0,5,0.333,0,1,0,1,False,True,False,False,False,False,False,True,False,True,False,False,False,True,False,False
610.89,0.138,0,7,0.14,0,6,0,1,True,False,False,False,False,False,True,False,False,False,False,True,False,False,False,True
319.08,0.251,0,5,0.339,0,1,0,1,False,True,False,False,False,False,True,False,False,True,False,False,False,False,True,False
508.53,0.21,0,9,0.206,0,4,0,1,False,False,False,False,True,False,False,True,False,False,True,False,False,True,False,False
1044.03,0.205,0,13,0.254,1,1,0,1,False,False,True,False,False,False,True,False,False,False,True,False,False,False,False,True
2863.45,0.325,0,9,0.292,0,2,0,1,False,False,False,True,False,False,False,True,False,False,True,False,False,True,False,False
250.0,0.169,0,10,0.161,1,7,1,1,False,False,True,False,False,False,True,False,False,False,True,False,False,False,False,True
852.67,0.3,0,12,0.094,0,3,0,1,False,False,True,False,False,False,True,False,False,False,False,True,False,True,False,False
18742.8,0.358,0,25,0.112,0,5,0,1,False,True,False,False,False,False,True,False,False,False,True,False,False,False,True,False
522.49,0.181,0,4,0.136,0,2,0,1,False,False,True,False,False,False,False,True,False,False,True,False,False,True,False,False
4297.25,0.27,0,4,0.418,0,2,0,1,False,True,False,False,False,False,True,False,False,True,False,False,True,False,False,False
250.0,0.194,0,12,0.29,1,5,1,1,False,False,True,False,False,False,False,True,False,False,True,False,False,True,False,False
1165.85,0.006,0,16,0.172,1,1,0,1,False,False,True,False,False,False,True,False,False,False,True,False,False,False,False,True
4622.76,0.285,0,18,0.512,0,3,0,1,True,False,False,False,False,True,False,False,False,True,False,False,False,False,True,False
295.9,0.455,0,6,0.473,0,1,0,1,True,False,False,False,False,False,True,False,False,True,False,False,False,False,False,True
7449.58,0.329,0,11,0.314,0,4,1,1,False,True,False,False,False,True,False,False,False,False,True,False,False,False,False,True
852.27,0.625,0,25,0.252,0,1,1,1,False,False,False,False,True,True,False,False,False,True,False,False,True,False,False,False
18713.55,0.218,0,11,0.304,0,4,0,1,False,False,True,False,False,False,False,True,False,True,False,False,True,False,False,False
2860.63,0.316,0,14,0.312,0,3,0,1,False,True,False,False,False,False,True,False,False,False,True,False,False,False,False,True
2631.6,0.75,0,12,0.0,0,4,1,1,True,False,False,False,False,True,False,False,False,False,False,True,False,False,True,False
523.09,0.386,0,14,0.099,1,5,0,1,False,False,True,False,False,False,False,True,False,False,False,True,False,True,False,False
315.14,0.045,0,26,0.269,0,5,0,1,True,False,False,False,False,True,False,False,False,False,False,True,False,True,False,False
1560.35,0.647,0,8,0.075,1,5,0,1,False,False,True,False,False,False,True,False,False,False,True,False,False,False,False,True
7537.06,0.237,0,5,0.093,0,5,0,1,True,False,False,False,False,False,True,False,False,False,True,False,False,False,True,False
4751.29,0.484,0,18,0.266,0,8,0,1,False,False,False,True,False,True,False,False,False,False,False,True,False,False,False,True
10971.46,0.309,0,19,0.356,1,1,0,1,False,False,True,False,False,False,True,False,False,True,False,False,False,False,False,True
939.1,0.086,0,11,0.114,1,2,0,1,False,False,True,False,False,True,False,False,False,False,True,False,False,False,True,False
4050.95,0.148,0,33,0.565,0,3,0,1,False,False,False,True,False,False,True,False,False,False,False,True,False,False,True,False
1262.14,0.199,0,27,0.419,1,6,1,1,False,False,True,False,False,False,False,True,False,False,False,True,False,True,False,False
1469.26,0.173,0,1,0.425,0,1,0,1,False,False,False,True,False,False,True,False,False,False,True,False,False,False,True,False
250.0,0.423,0,20,0.305,1,2,1,1,False,False,True,False,False,True,False,False,False,True,False,False,False,True,False,False
3682.13,0.383,0,4,0.248,0,3,0,1,False,False,False,True,False,True,False,False,False,True,False,False,False,True,False,False
654.51,0.286,0,19,0.207,0,2,0,1,False,False,False,True,False,False,True,False,False,True,False,False,False,True,False,False
1966.48,0.187,0,4,0.302,1,4,0,1,False,False,True,False,False,False,False,True,False,False,False,True,False,False,True,False
677.17,0.137,0,10,0.199,1,5,0,1,False,False,True,False,False,True,False,False,False,False,True,False,True,False,False,False
3708.71,0.293,0,4,0.608,1,1,0,1,False,False,True,False,False,False,True,False,False,True,False,False,False,False,False,True
801.6,0.134,0,35,0.305,0,4,0,1,True,False,False,False,False,True,False,False,False,True,False,False,False,True,False,False
1327.78,0.122,0,28,0.256,1,5,0,1,False,False,True,False,False,False,True,False,False,False,False,True,False,True,False,False
896.42,0.039,0,18,0.263,1,4,0,1,False,False,True,False,False,False,True,False,False,False,True,False,True,False,False,False
1657.25,0.448,0,11,0.435,1,1,1,1,False,False,True,False,False,True,False,False,False,True,False,False,False,False,False,True
3093.77,0.21,0,10,0.121,0,5,0,1,False,False,False,False,True,False,True,False,False,False,False,True,False,True,False,False
470.29,0.069,0,19,0.303,1,1,0,1,True,False,False,False,False,False,True,False,False,True,False,False,False,True,False,False
3128.34,0.166,0,2,0.099,0,1,0,1,False,True,False,False,False,True,False,False,False,False,True,False,False,True,False,False
1456.0,0.18,1,0,0.24995735361917937,0,2,0,0,False,True,False,False,False,False,True,False,False,True,False,False,True,False,False,False
20000.0,0.51,0,1,0.255,0,2,0,1,True,False,False,False,False,False,False,True,False,True,False,False,True,False,False,False
864.99,0.183,0,3,0.257,0,4,0,1,True,False,False,False,False,False,True,False,False,False,True,False,False,False,True,False
3172.55,0.025,0,2,0.285,0,4,0,1,False,False,False,False,True,True,False,False,False,True,False,False,True,False,False,False
364.0,0.33,0,34,0.483,0,4,0,1,False,True,False,False,False,False,True,False,False,False,True,False,False,True,False,False
3378.83,0.399,0,4,0.261,0,2,0,1,False,True,False,False,False,False,True,False,False,True,False,False,False,True,False,False
634.0,0.104,0,3,0.707,1,5,0,1,False,False,True,False,False,False,False,True,False,False,True,False,False,True,False,False
4286.44,0.264,0,32,0.148,1,3,0,1,False,False,True,False,False,False,True,False,False,False,False,True,False,True,False,False
544.01,0.1,0,10,0.282,0,3,0,1,False,False,False,True,False,False,True,False,False,False,True,False,True,False,False,False
460.54,0.182,0,9,0.086,1,3,0,1,False,False,True,False,False,False,False,True,False,True,False,False,True,False,False,False
313.56,0.203,0,6,0.0,0,2,0,1,False,True,False,False,False,True,False,False,False,True,False,False,True,False,False,False
262.11,0.214,0,13,0.257,1,2,0,1,False,False,True,False,False,False,False,True,False,True,False,False,True,False,False,False
250.0,0.124,0,7,0.3,0,2,0,1,False,True,False,False,False,True,False,False,False,True,False,False,False,True,False,False
1136.66,0.189,0,35,0.393,1,1,1,1,False,False,True,False,False,False,True,False,False,False,True,False,False,True,False,False
250.0,0.345,0,3,0.265,1,4,1,1,False,False,True,False,False,False,True,False,False,False,False,True,False,False,True,False
1456.45,0.262,0,26,0.172,1,2,0,1,False,False,True,False,False,True,False,False,False,True,False,False,False,False,True,False
935.34,0.255,0,20,0.396,0,5,0,1,False,False,False,False,True,False,True,False,False,False,True,False,True,False,False,False
505.47,0.403,0,6,0.083,1,2,0,1,False,False,True,False,False,False,True,False,False,False,False,True,False,False,True,False
2738.38,0.248,0,12,0.304,0,4,0,1,True,False,False,False,False,True,False,False,False,True,False,False,False,False,True,False
250.0,0.172,0,14,0.278,1,6,0,1,False,False,True,False,False,False,False,True,False,False,False,True,False,True,False,False
461.02,0.306,0,5,0.309,0,12,0,1,False,False,False,False,True,False,False,False,True,False,False,True,False,True,False,False
1111.45,0.366,0,16,0.543,0,2,0,1,False,False,False,True,False,True,False,False,False,True,False,False,True,False,False,False
648.99,0.431,0,11,0.53,0,1,0,1,False,True,False,False,False,True,False,False,False,False,True,False,False,True,False,False
1107.03,0.422,0,7,0.388,0,7,1,1,False,True,False,False,False,False,True,False,False,False,True,False,True,False,False,False
282.82,0.467,0,6,0.438,0,1,0,1,False,False,False,True,False,False,True,False,False,False,True,False,False,False,False,True
2280.15,0.068,0,30,0.169,0,3,0,1,True,False,False,False,False,False,True,False,False,True,False,False,False,False,True,False
4507.01,0.125,0,20,0.282,1,8,0,1,False,False,True,False,False,False,False,True,False,False,False,True,True,False,False,False
3786.32,0.137,0,6,0.179,1,3,0,1,False,False,True,False,False,True,False,False,False,False,False,True,True,False,False,False
2450.75,0.271,0,7,0.366,0,4,0,1,False,False,True,False,False,False,False,True,False,False,True,False,False,True,False,False
1424.43,0.372,0,3,0.321,0,2,0,1,False,False,False,True,False,True,False,False,False,False,False,True,True,False,False,False
1816.52,0.236,0,1,0.0,0,9,0,1,False,True,False,False,False,False,False,True,False,True,False,False,True,False,False,False
11279.95,0.519,0,39,0.188,1,1,0,1,False,False,True,False,False,False,False,True,False,False,True,False,True,False,False,False
618.8,0.188,0,1,0.013,1,3,0,1,False,False,True,False,False,False,True,False,False,True,False,False,False,False,False,True
480.31,0.239,0,7,0.107,1,7,0,1,False,False,True,False,False,False,True,False,False,False,False,True,False,True,False,False
250.0,0.278,0,31,0.244,0,5,0,1,True,False,False,False,False,False,False,True,False,False,False,True,False,True,False,False
489.52,0.35,0,19,0.134,1,5,0,1,False,False,True,False,False,True,False,False,False,False,True,False,True,False,False,False
7373.76,0.468,0,24,0.141,1,1,0,1,False,False,True,False,False,True,False,False,False,True,False,False,True,False,False,False
488.01,0.349,0,7,0.472,0,2,0,1,False,False,False,True,False,False,True,False,False,True,False,False,False,False,True,False
334.95,0.368,0,19,0.183,1,6,0,1,False,False,True,False,False,False,True,False,False,True,False,False,True,False,False,False
10789.34,0.249,0,12,0.092,1,6,0,1,False,False,True,False,False,False,False,True,False,False,False,True,False,False,True,False
4188.72,0.29,0,26,0.121,0,1,0,1,True,False,False,False,False,False,False,True,False,False,True,False,False,False,True,False
837.72,0.207,0,3,0.134,0,1,0,1,False,False,False,True,False,False,True,False,False,True,False,False,False,False,True,False
338.25,0.247,0,11,0.035,0,3,0,1,True,False,False,False,False,True,False,False,False,True,False,False,False,False,True,False
3892.59,0.682,0,12,0.087,0,6,0,1,False,True,False,False,False,False,False,True,False,True,False,False,True,False,False,False
294.74,0.478,0,12,0.241,0,3,0,1,True,False,False,False,False,False,True,False,False,False,False,True,False,True,False,False
255.26,0.306,0,13,0.0,0,4,0,1,True,False,False,False,False,True,False,False,False,False,False,True,False,True,False,False
3240.05,0.1,0,3,0.187,1,2,0,1,False,False,True,False,False,True,False,False,False,True,False,False,True,False,False,False
5210.28,0.107,0,6,0.424,0,6,1,1,False,False,False,False,True,False,True,False,False,False,False,True,False,True,False,False
1317.39,0.274,0,20,0.222,0,4,0,1,True,False,False,False,False,False,False,True,False,False,False,True,False,False,True,False
2706.46,0.13,0,2,0.283,0,3,0,1,False,True,False,False,False,False,False,True,False,True,False,False,True,False,False,False
553.82,0.274,0,26,0.072,1,3,1,1,False,False,True,False,False,True,False,False,False,True,False,False,True,False,False,False
250.0,0.512,0,4,0.405,0,3,0,1,False,False,False,False,True,False,False,True,False,False,True,False,False,False,True,False
4056.27,0.22,0,3,0.368,0,3,0,1,False,False,False,True,False,False,False,True,False,False,True,False,False,False,False,True
463.55,0.138,0,13,0.376,1,1,0,1,False,False,True,False,False,False,False,True,False,False,True,False,False,False,True,False
404.09,0.107,0,14,0.351,0,1,0,1,True,False,False,False,False,False,False,True,False,False,True,False,False,True,False,False
410.26,0.548,0,3,0.388,0,2,1,1,False,True,False,False,False,False,True,False,False,False,True,False,False,True,False,False
1382.14,0.249,0,6,0.348,0,3,0,1,False,False,False,True,False,False,True,False,False,False,True,False,False,True,False,False
3121.25,0.359,0,4,0.097,0,2,0,1,False,False,False,False,True,False,True,False,False,False,True,False,False,True,False,False
1048.68,0.201,0,20,0.493,1,4,1,1,False,False,True,False,False,False,False,True,False,False,True,False,True,False,False,False
1743.13,0.524,0,4,0.206,1,4,1,1,False,False,True,False,False,False,True,False,False,False,False,True,False,False,False,True
926.0,0.227,0,19,0.087,0,4,0,1,False,True,False,False,False,False,True,False,False,False,False,True,False,True,False,False
13959.58,0.142,0,10,0.493,0,3,0,1,False,True,False,False,False,True,False,False,False,False,True,False,False,True,False,False
12453.95,0.278,0,4,0.702,0,4,0,1,True,False,False,False,False,False,True,False,False,True,False,False,False,False,True,False
807.22,0.387,0,3,0.719,1,6,1,1,False,False,True,False,False,False,True,False,False,False,False,True,False,False,False,True
5246.23,0.233,0,15,0.158,0,2,0,1,False,True,False,False,False,True,False,False,False,True,False,False,True,False,False,False
3355.69,0.206,0,4,0.156,0,4,0,1,False,False,False,False,True,False,False,False,True,True,False,False,True,False,False,False
573.98,0.078,0,11,0.0,0,2,0,1,False,False,False,False,True,True,False,False,False,False,True,False,True,False,False,False
397.5,0.181,1,0,0.24995735361917937,0,1,0,0,False,True,False,False,False,True,False,False,False,True,False,False,False,False,False,True
364.0,0.294,0,7,0.263,0,3,0,1,True,False,False,False,False,True,False,False,False,True,False,False,False,True,False,False
2745.1,0.564,0,15,0.057,0,1,0,1,False,False,False,False,True,False,False,True,False,True,False,False,False,True,False,False
250.0,0.361,0,11,0.309,1,1,1,1,False,False,True,False,False,True,False,False,False,True,False,False,False,True,False,False
2132.07,0.525,0,31,0.218,0,2,0,1,True,False,False,False,False,True,False,False,False,False,True,False,True,False,False,False
1756.58,0.251,1,0,0.24995735361917937,0,2,0,0,False,False,False,False,True,False,True,False,False,False,True,False,False,True,False,False
9120.96,0.333,0,23,0.0,0,6,0,1,True,False,False,False,False,False,True,False,False,True,False,False,True,False,False,False
4326.55,0.532,0,13,0.0,0,1,0,1,True,False,False,False,False,False,False,False,True,True,False,False,True,False,False,False
326.02,0.065,0,1,0.139,0,6,0,1,False,False,False,True,False,True,False,False,False,False,False,True,False,True,False,False
2448.41,0.46,0,9,0.036,0,2,0,1,True,False,False,False,False,True,False,False,False,False,True,False,False,False,True,False
9100.54,0.184,0,12,0.046,0,4,0,1,False,False,False,False,True,False,False,False,True,False,True,False,True,False,False,False
500.48,0.21,0,21,0.475,0,1,0,1,False,False,False,False,True,False,True,False,False,True,False,False,False,True,False,False
564.33,0.191,0,12,0.302,0,1,0,1,True,False,False,False,False,False,True,False,False,False,True,False,True,False,False,False
982.28,0.679,0,24,0.306,0,4,0,1,False,True,False,False,False,False,False,False,True,True,False,False,False,False,True,False
491.48,0.307,0,5,0.274,0,2,0,1,True,False,False,False,False,True,False,False,False,False,False,True,False,True,False,False
253.82,0.323,0,7,0.497,0,4,1,1,False,True,False,False,False,True,False,False,False,True,False,False,True,False,False,False
477.18,0.113,1,0,0.24995735361917937,0,2,1,0,False,True,False,False,False,False,False,True,False,True,False,False,True,False,False,False
2773.81,0.126,0,2,0.489,0,4,1,1,False,False,True,False,False,True,False,False,False,True,False,False,False,False,False,True
1110.07,0.522,0,19,0.25,0,2,0,1,False,False,False,False,True,False,False,True,False,True,False,False,True,False,False,False
250.0,0.477,0,11,0.235,0,2,0,1,False,True,False,False,False,False,True,False,False,True,False,False,False,False,False,True
5060.76,0.347,0,6,0.299,0,4,0,1,True,False,False,False,False,False,False,False,True,True,False,False,False,True,False,False
530.71,0.169,0,6,0.205,0,3,0,1,False,False,False,True,False,False,False,True,False,True,False,False,False,True,False,False
7382.98,0.334,0,4,0.219,0,4,0,1,False,False,False,False,True,False,True,False,False,False,True,False,False,True,False,False
4223.64,0.058,0,18,0.0,0,4,0,1,False,False,False,False,True,False,True,False,False,True,False,False,True,False,False,False
951.88,0.492,0,15,0.193,0,4,0,1,False,True,False,False,False,False,False,True,False,False,False,True,False,True,False,False
531.38,0.062,0,13,0.305,1,3,0,1,False,False,True,False,False,False,False,True,False,False,True,False,False,True,False,False
250.0,0.143,0,5,0.578,1,6,0,1,False,False,True,False,False,False,True,False,False,False,True,False,False,False,True,False
755.44,0.23,0,4,0.077,0,5,0,1,False,False,False,True,False,True,False,False,False,False,False,True,False,True,False,False
1756.05,0.055,0,4,0.226,1,3,0,1,False,False,True,False,False,False,True,False,False,True,False,False,True,False,False,False
15855.71,0.245,0,21,0.144,1,7,0,1,True,False,False,False,False,False,True,False,False,False,True,False,True,False,False,False
5686.79,0.387,0,17,0.616,0,3,0,1,False,False,False,False,True,True,False,False,False,True,False,False,False,False,False,True
705.75,0.096,0,29,0.324,0,2,0,1,True,False,False,False,False,True,False,False,False,False,True,False,True,False,False,False
516.09,0.162,0,33,0.243,0,7,0,1,False,True,False,False,False,False,True,False,False,False,False,True,True,False,False,False
474.3,0.078,0,1,0.36,1,5,0,1,False,False,True,False,False,True,False,False,False,True,False,False,True,False,False,False
250.0,0.438,0,2,0.278,0,2,0,1,False,True,False,False,False,False,True,False,False,True,False,False,False,False,True,False
1183.66,0.141,0,21,0.119,0,1,0,1,False,False,False,False,True,False,True,False,False,False,True,False,True,False,False,False
801.95,0.681,0,22,0.102,1,3,0,1,False,False,True,False,False,False,False,True,False,False,True,False,False,False,True,False
250.0,0.241,0,22,0.293,0,4,0,1,True,False,False,False,False,False,True,False,False,True,False,False,False,True,False,False
697.83,0.456,0,10,0.48,0,3,1,1,False,False,False,False,True,False,True,False,False,True,False,False,True,False,False,False
6641.33,0.354,0,8,0.389,1,5,1,1,False,False,True,False,False,False,False,False,True,True,False,False,False,True,False,False
4391.31,0.332,0,4,0.305,0,7,0,1,True,False,False,False,False,False,False,False,True,False,False,True,True,False,False,False
250.0,0.16,0,14,0.047,1,5,0,1,False,False,True,False,False,True,False,False,False,True,False,False,False,True,False,False
1094.99,0.578,0,3,0.358,0,3,1,1,False,False,False,False,True,False,False,False,True,False,True,False,False,True,False,False
1446.9,0.593,0,13,0.181,0,4,0,1,False,True,False,False,False,False,False,True,False,False,False,True,True,False,False,False
1559.71,0.608,0,8,0.138,0,2,0,1,False,False,True,False,False,False,True,False,False,False,True,False,False,True,False,False
567.75,0.265,0,2,0.489,1,4,0,1,False,False,True,False,False,False,False,True,False,True,False,False,False,True,False,False
250.0,0.653,0,26,0.045,1,4,0,1,False,False,True,False,False,False,False,True,False,False,True,False,True,False,False,False
451.19,0.203,0,12,0.137,0,4,0,1,False,False,False,False,True,False,True,False,False,True,False,False,True,False,False,False
2505.18,0.452,0,14,0.357,0,2,0,1,False,False,False,True,False,False,False,True,False,False,True,False,True,False,False,False
250.0,0.17,0,6,0.398,0,3,0,1,False,True,False,False,False,False,True,False,False,False,True,False,False,False,False,True
1555.04,0.396,0,24,0.0,0,3,0,1,False,False,True,False,False,False,True,False,False,False,True,False,False,False,True,False
365.25,0.273,0,2,0.254,1,3,0,1,False,False,True,False,False,True,False,False,False,False,False,True,False,True,False,False
677.17,0.344,0,8,0.216,0,3,0,1,False,True,False,False,False,False,False,True,False,True,False,False,False,False,True,False
993.44,0.045,0,1,0.116,1,2,0,1,False,False,True,False,False,True,False,False,False,False,True,False,True,False,False,False
1100.9,0.653,0,1,0.754,1,8,1,1,True,False,False,False,False,True,False,False,False,False,False,True,True,False,False,False
1979.68,0.292,0,40,0.237,0,5,0,1,True,False,False,False,False,False,True,False,False,False,False,True,True,False,False,False
1030.37,0.21,0,12,0.466,0,2,0,1,False,True,False,False,False,False,True,False,False,False,True,False,False,False,True,False
7522.51,0.161,0,2,0.119,0,2,0,1,False,False,False,True,False,False,True,False,False,True,False,False,False,False,True,False
1192.67,0.392,0,18,0.203,1,3,0,1,False,False,True,False,False,False,True,False,False,True,False,False,False,False,False,True
1364.97,0.541,0,5,0.239,0,2,0,1,False,True,False,False,False,False,False,True,False,False,True,False,True,False,False,False
615.08,0.507,0,5,0.49,0,4,0,1,False,False,False,False,True,True,False,False,False,True,False,False,True,False,False,False
678.78,0.209,0,14,0.098,1,1,0,1,False,False,True,False,False,False,False,True,False,True,False,False,False,False,True,False
645.16,0.392,0,14,0.247,0,3,0,1,True,False,False,False,False,False,False,False,True,False,True,False,False,False,True,False
3129.64,0.142,0,19,0.527,0,2,0,1,False,True,False,False,False,False,False,True,False,False,True,False,False,True,False,False
9364.57,0.381,0,4,0.533,0,5,0,1,False,False,True,False,False,False,True,False,False,True,False,False,True,False,False,False
354.76,0.122,0,17,0.0,0,6,0,1,False,True,False,False,False,False,False,True,False,True,False,False,False,False,True,False
250.0,0.082,0,5,0.068,0,5,0,1,True,False,False,False,False,False,False,False,True,True,False,False,True,False,False,False
1849.52,0.218,0,27,0.404,0,3,0,1,False,False,False,True,False,True,False,False,False,False,False,True,True,False,False,False
3183.45,0.449,0,18,0.141,1,2,0,1,False,False,True,False,False,True,False,False,False,False,False,True,False,True,False,False
384.19,0.449,0,11,0.335,1,2,0,1,False,False,True,False,False,False,True,False,False,False,True,False,False,True,False,False
876.59,0.283,0,5,0.105,1,4,1,1,False,False,True,False,False,False,False,True,False,False,False,True,False,True,False,False
575.76,0.086,0,19,0.407,0,3,0,1,False,False,False,True,False,True,False,False,False,False,True,False,False,True,False,False
1797.02,0.234,0,2,0.11,0,3,0,1,False,False,False,False,True,False,False,True,False,False,True,False,True,False,False,False
3124.3,0.54,0,12,0.371,0,3,0,1,False,False,False,False,True,False,True,False,False,True,False,False,True,False,False,False
348.43,0.092,0,5,0.228,1,2,0,1,False,False,True,False,False,False,True,False,False,False,False,True,False,True,False,False
2233.01,0.125,0,25,0.086,0,1,0,1,False,False,False,True,False,True,False,False,False,False,True,False,False,True,False,False
717.15,0.223,0,13,0.243,1,1,0,1,False,False,True,False,False,False,False,True,False,False,True,False,True,False,False,False
3806.21,0.01,0,8,0.392,0,4,1,1,True,False,False,False,False,True,False,False,False,True,False,False,False,False,True,False
284.84,0.255,0,16,0.109,0,6,1,1,False,True,False,False,False,False,False,True,False,True,False,False,False,True,False,False
3170.99,0.27,0,11,0.258,0,4,0,1,False,False,True,False,False,True,False,False,False,False,False,True,False,False,False,True
250.0,0.394,1,0,0.24995735361917937,0,1,0,0,False,True,False,False,False,False,True,False,False,False,True,False,False,False,False,True
318.64,0.438,0,6,0.193,1,3,0,1,False,False,True,False,False,True,False,False,False,True,False,False,False,False,True,False
250.0,0.567,0,2,0.336,0,2,0,1,False,True,False,False,False,True,False,False,False,True,False,False,False,False,False,True
4511.81,0.058,0,19,0.189,0,1,0,1,False,False,False,True,False,False,False,True,False,False,True,False,False,True,False,False
4208.49,0.336,0,33,0.031,1,5,0,1,False,False,True,False,False,False,False,True,False,True,False,False,True,False,False,False
1297.47,0.069,0,1,0.182,0,1,0,1,False,False,True,False,False,True,False,False,False,False,True,False,False,True,False,False
252.68,0.067,0,23,0.0,1,6,0,1,False,False,True,False,False,False,True,False,False,False,True,False,True,False,False,False
3876.08,0.431,0,21,0.362,1,4,1,1,False,False,True,False,False,True,False,False,False,False,True,False,False,True,False,False
5738.24,0.463,1,0,0.24995735361917937,0,1,0,0,False,True,False,False,False,True,False,False,False,False,True,False,False,False,True,False
250.0,0.411,0,3,0.439,0,7,1,1,False,True,False,False,False,True,False,False,False,False,False,True,True,False,False,False
1998.82,0.246,0,1,0.407,1,3,0,1,False,False,True,False,False,False,False,False,True,False,True,False,False,False,True,False
1164.26,0.186,0,4,0.0,0,2,0,1,True,False,False,False,False,False,True,False,False,False,True,False,False,False,False,True
9099.87,0.206,0,21,0.497,0,3,0,1,False,True,False,False,False,False,False,True,False,True,False,False,False,False,False,True
332.83,0.134,0,9,0.161,1,2,1,1,False,False,True,False,False,False,True,False,False,False,True,False,True,False,False,False
5315.42,0.376,0,14,0.092,0,3,0,1,False,False,False,False,True,False,True,False,False,True,False,False,True,False,False,False
497.56,0.24,1,0,0.24995735361917937,0,3,0,0,True,False,False,False,False,True,False,False,False,True,False,False,False,False,True,False
2298.48,0.065,0,27,0.347,0,2,0,1,True,False,False,False,False,False,False,True,False,True,False,False,False,False,True,False
4500.49,0.176,0,36,0.159,0,3,0,1,False,True,False,False,False,False,False,True,False,False,True,False,True,False,False,False
4101.09,0.41,0,22,0.223,1,2,0,1,False,False,True,False,False,False,True,False,False,False,True,False,True,False,False,False
2635.77,0.455,0,17,0.038,1,6,0,1,False,False,True,False,False,False,True,False,False,True,False,False,False,True,False,False
3862.3,0.194,0,28,0.273,0,4,0,1,False,False,False,False,True,True,False,False,False,True,False,False,False,False,False,True
1613.45,0.263,0,27,0.325,1,6,1,1,False,False,True,False,False,False,False,True,False,False,False,True,False,True,False,False
930.9,0.237,0,5,0.352,0,2,0,1,False,False,False,False,True,False,True,False,False,True,False,False,True,False,False,False
9816.61,0.196,0,2,0.815,1,4,0,1,False,False,True,False,False,False,False,True,False,False,True,False,False,False,False,True
5971.98,0.377,0,7,0.393,0,2,0,1,True,False,False,False,False,True,False,False,False,False,True,False,False,True,False,False
3199.39,0.449,0,13,0.087,0,4,0,1,False,True,False,False,False,False,True,False,False,True,False,False,True,False,False,False
677.37,0.09,0,8,0.296,0,7,0,1,False,False,True,False,False,False,True,False,False,False,False,True,False,False,False,True
4144.45,0.36,0,12,0.634,1,6,0,1,False,False,True,False,False,False,True,False,False,True,False,False,False,False,True,False
7130.9,0.108,0,22,0.523,1,7,0,1,False,False,True,False,False,False,True,False,False,True,False,False,False,True,False,False
1148.3,0.139,0,31,0.289,0,3,0,1,False,True,False,False,False,False,False,False,True,True,False,False,False,False,True,False
953.97,0.127,0,2,0.0,0,4,0,1,False,True,False,False,False,False,False,True,False,False,False,True,False,True,False,False
590.63,0.093,0,11,0.257,1,3,0,1,False,False,True,False,False,False,True,False,False,True,False,False,True,False,False,False
436.63,0.134,0,11,0.234,1,7,0,1,False,False,True,False,False,False,True,False,False,True,False,False,False,True,False,False
516.02,0.423,1,0,0.24995735361917937,0,8,1,0,False,False,False,False,True,False,True,False,False,False,False,True,True,False,False,False
502.51,0.064,0,28,0.242,0,1,0,1,False,False,False,False,True,False,True,False,False,False,True,False,False,True,False,False
504.1,0.032,1,0,0.24995735361917937,0,2,0,0,False,True,False,False,False,False,False,True,False,False,False,True,True,False,False,False
613.05,0.252,0,7,0.703,0,4,0,1,False,True,False,False,False,False,False,True,False,False,False,True,False,False,True,False
739.06,0.21,0,18,0.438,1,4,0,1,False,False,True,False,False,False,True,False,False,False,False,True,False,True,False,False
319.17,0.396,0,13,0.279,0,6,0,1,False,False,False,False,True,True,False,False,False,False,False,True,True,False,False,False
1112.5,0.055,0,14,0.337,1,1,0,1,False,False,True,False,False,False,False,True,False,True,False,False,False,True,False,False
1081.32,0.111,0,4,0.275,0,5,0,1,False,True,False,False,False,True,False,False,False,True,False,False,False,True,False,False
1229.92,0.471,0,5,0.261,0,3,0,1,False,True,False,False,False,False,False,True,False,False,True,False,False,False,False,True
833.31,0.544,0,14,0.179,1,6,0,1,False,False,True,False,False,True,False,False,False,True,False,False,False,False,True,False
2600.98,0.16,0,6,0.272,0,6,0,1,False,False,False,False,True,True,False,False,False,True,False,False,False,True,False,False
266.96,0.106,0,4,0.222,0,2,0,1,False,False,False,True,False,False,False,True,False,True,False,False,False,False,False,True
2254.59,0.216,0,3,0.079,0,3,0,1,True,False,False,False,False,True,False,False,False,True,False,False,False,True,False,False
782.13,0.135,0,12,0.35,0,3,1,1,False,True,False,False,False,True,False,False,False,False,True,False,True,False,False,False
4270.07,0.424,0,9,0.32,0,3,0,1,False,False,True,False,False,False,False,True,False,False,True,False,True,False,False,False
414.99,0.318,0,20,0.0,0,3,0,1,False,False,False,False,True,False,True,False,False,False,False,True,False,True,False,False
930.95,0.471,0,5,0.521,0,3,0,1,False,True,False,False,False,False,False,False,True,False,True,False,False,False,True,False
250.0,0.212,0,7,0.274,1,4,0,1,False,False,True,False,False,True,False,False,False,False,True,False,True,False,False,False
1888.79,0.162,0,6,0.404,1,3,1,1,False,False,True,False,False,False,True,False,False,True,False,False,True,False,False,False
3157.3,0.647,0,9,0.372,0,1,0,1,False,False,False,True,False,False,False,True,False,False,True,False,False,False,False,True
2013.05,0.381,0,19,0.335,0,7,0,1,False,True,False,False,False,False,True,False,False,True,False,False,False,True,False,False
5862.79,0.378,0,6,0.474,1,7,1,1,False,False,True,False,False,False,True,False,False,True,False,False,False,True,False,False
1481.92,0.136,0,22,0.483,1,1,0,1,False,False,True,False,False,False,False,True,False,True,False,False,True,False,False,False
1714.87,0.291,0,3,0.469,0,4,0,1,False,False,False,True,False,False,True,False,False,True,False,False,True,False,False,False
2136.22,0.109,0,17,0.396,1,1,0,1,True,False,False,False,False,True,False,False,False,True,False,False,False,False,True,False
2227.84,0.441,0,1,0.159,1,4,0,1,False,False,True,False,False,False,True,False,False,False,False,True,False,True,False,False
2014.68,0.253,0,1,0.043,0,2,0,1,False,False,False,False,True,False,True,False,False,False,True,False,True,False,False,False
1518.01,0.556,0,3,0.194,1,2,0,1,False,False,True,False,False,True,False,False,False,True,False,False,False,False,False,True
1384.9,0.077,0,5,0.423,0,9,0,1,True,False,False,False,False,False,False,True,False,True,False,False,False,True,False,False
1554.97,0.206,0,13,0.361,0,1,0,1,False,False,True,False,False,True,False,False,False,True,False,False,False,False,True,False
250.0,0.621,0,5,0.08,0,3,1,1,False,False,False,False,True,True,False,False,False,True,False,False,False,False,True,False
795.65,0.46,0,13,0.359,0,1,0,1,True,False,False,False,False,False,False,True,False,False,True,False,True,False,False,False
813.42,0.423,0,4,0.166,0,2,0,1,False,False,False,False,True,False,True,False,False,True,False,False,True,False,False,False
641.91,0.198,0,2,0.219,1,6,0,1,False,False,True,False,False,False,True,False,False,False,False,True,False,True,False,False
250.0,0.286,0,3,0.385,0,4,0,1,False,False,False,True,False,False,True,False,False,True,False,False,False,False,True,False
3549.72,0.225,0,14,0.291,1,4,0,1,False,False,True,False,False,False,False,True,False,True,False,False,False,False,True,False
343.2,0.251,1,0,0.24995735361917937,1,7,1,0,False,False,True,False,False,True,False,False,False,False,True,False,False,False,False,True
705.85,0.199,0,23,0.439,0,2,0,1,False,True,False,False,False,True,False,False,False,True,False,False,True,False,False,False
926.88,0.14,0,4,0.129,1,6,1,1,False,False,True,False,False,True,False,False,False,False,False,True,False,False,False,True
250.0,0.309,0,10,0.277,1,4,1,1,False,False,True,False,False,True,False,False,False,True,False,False,True,False,False,False
3322.12,0.103,0,33,0.181,1,2,0,1,False,False,True,False,False,True,False,False,False,False,True,False,False,False,False,True
2138.58,0.241,0,20,0.242,1,8,0,1,False,False,True,False,False,False,False,True,False,False,False,True,False,False,False,True
10334.01,0.078,0,7,0.164,0,5,0,1,True,False,False,False,False,False,True,False,False,False,False,True,False,False,True,False
1225.84,0.136,0,5,0.56,0,1,0,1,False,True,False,False,False,False,True,False,False,False,True,False,True,False,False,False
6926.82,0.164,0,6,0.058,0,1,0,1,True,False,False,False,False,False,True,False,False,False,True,False,False,True,False,False
1705.51,0.153,0,20,0.246,0,4,0,1,False,True,False,False,False,True,False,False,False,True,False,False,True,False,False,False
441.37,0.144,0,14,0.198,0,2,1,1,False,False,True,False,False,True,False,False,False,False,True,False,False,True,False,False
931.49,0.288,0,5,0.349,0,1,1,1,True,False,False,False,False,True,False,False,False,True,False,False,False,True,False,False
2783.67,0.434,0,2,0.118,0,4,0,1,True,False,False,False,False,False,True,False,False,True,False,False,False,False,False,True
1778.65,0.698,0,18,0.215,0,6,0,1,True,False,False,False,False,False,False,True,False,True,False,False,False,False,True,False
1128.6,0.425,0,16,0.263,0,2,0,1,False,True,False,False,False,False,False,True,False,True,False,False,False,True,False,False
1054.12,0.038,0,7,0.155,0,2,1,1,False,False,True,False,False,True,False,False,False,True,False,False,False,False,False,True
1939.68,0.18,0,16,0.235,0,3,0,1,False,False,False,False,True,False,True,False,False,False,True,False,False,False,True,False
250.0,0.266,0,21,0.152,0,1,0,1,False,False,True,False,False,False,False,True,False,False,True,False,True,False,False,False
1446.39,0.082,0,3,0.166,0,3,0,1,False,False,False,True,False,False,True,False,False,False,True,False,False,True,False,False
2965.9,0.096,0,7,0.218,0,1,0,1,True,False,False,False,False,True,False,False,False,True,False,False,False,False,False,True
907.04,0.066,0,13,0.436,1,2,0,1,False,False,True,False,False,False,True,False,False,True,False,False,False,False,True,False
7482.27,0.05,0,15,0.276,0,6,0,1,False,True,False,False,False,False,True,False,False,True,False,False,True,False,False,False
1078.16,0.75,0,20,0.384,1,1,0,1,False,False,True,False,False,False,False,True,False,False,True,False,False,False,False,True
3993.47,0.34,0,10,0.285,0,4,0,1,False,False,False,False,True,False,False,True,False,True,False,False,True,False,False,False
1326.23,0.302,0,15,0.214,0,4,0,1,True,False,False,False,False,False,False,True,False,True,False,False,True,False,False,False
1194.7,0.372,0,13,0.066,1,1,1,1,False,False,True,False,False,True,False,False,False,False,True,False,False,True,False,False
250.0,0.681,0,13,0.177,1,1,1,1,False,False,True,False,False,False,True,False,False,False,True,False,True,False,False,False
382.81,0.156,0,18,0.195,0,6,0,1,True,False,False,False,False,False,True,False,False,True,False,False,False,False,False,True
906.29,0.685,0,17,0.216,1,4,0,1,True,False,False,False,False,False,True,False,False,False,True,False,False,False,True,False
504.64,0.042,0,2,0.506,0,4,0,1,False,False,False,False,True,False,False,False,True,False,False,True,False,False,False,True
420.22,0.214,0,6,0.179,0,1,0,1,False,False,False,False,True,False,True,False,False,False,True,False,True,False,False,False
2985.52,0.253,0,6,0.667,0,4,0,1,False,True,False,False,False,False,False,True,False,False,True,False,False,True,False,False
917.27,0.187,0,5,0.088,1,5,0,1,False,False,True,False,False,True,False,False,False,False,True,False,False,False,True,False
1966.87,0.427,0,28,0.157,0,4,0,1,False,False,True,False,False,True,False,False,False,False,True,False,False,False,True,False
2057.54,0.024,0,7,0.172,0,1,0,1,True,False,False,False,False,False,True,False,False,True,False,False,True,False,False,False
1605.95,0.721,0,4,0.372,1,5,0,1,False,False,True,False,False,True,False,False,False,True,False,False,True,False,False,False
1743.87,0.113,0,3,0.134,0,2,0,1,False,False,True,False,False,False,True,False,False,False,True,False,False,False,False,True
1950.93,0.187,0,3,0.418,0,2,0,1,False,False,False,True,False,False,False,True,False,True,False,False,True,False,False,False
1743.52,0.226,0,2,0.305,1,2,0,1,False,False,True,False,False,False,False,True,False,False,True,False,False,True,False,False
250.0,0.188,0,24,0.113,1,2,1,1,False,False,True,False,False,True,False,False,False,False,True,False,False,False,True,False
1942.21,0.26,0,19,0.15,0,3,0,1,False,True,False,False,False,True,False,False,False,False,False,True,True,False,False,False
397.76,0.32,0,6,0.112,1,7,0,1,True,False,False,False,False,False,True,False,False,False,True,False,False,True,False,False
613.18,0.248,0,10,0.286,0,4,0,1,True,False,False,False,False,False,True,False,False,False,False,True,False,True,False,False
763.89,0.554,0,34,0.0,0,6,0,1,False,False,False,True,False,True,False,False,False,False,True,False,False,True,False,False
348.02,0.254,0,7,0.201,1,3,0,1,False,False,True,False,False,True,False,False,False,True,False,False,False,False,True,False
306.66,0.039,0,4,0.501,0,5,0,1,True,False,False,False,False,True,False,False,False,True,False,False,True,False,False,False
276.7,0.241,0,12,0.262,0,3,0,1,False,True,False,False,False,False,False,True,False,True,False,False,False,False,True,False
250.0,0.286,0,3,0.147,0,1,0,1,True,False,False,False,False,False,True,False,False,True,False,False,True,False,False,False
862.31,0.698,0,26,0.265,0,4,1,1,False,False,False,False,True,True,False,False,False,False,False,True,False,True,False,False
886.06,0.314,0,11,0.327,0,6,0,1,True,False,False,False,False,False,True,False,False,False,False,True,False,False,True,False
1391.11,0.27,0,6,0.543,1,4,0,1,False,False,True,False,False,False,True,False,False,True,False,False,False,False,False,True
498.35,0.163,0,11,0.092,0,7,0,1,False,False,False,True,False,False,False,True,False,False,False,True,False,True,False,False
2305.14,0.464,0,22,0.557,0,2,0,1,True,False,False,False,False,False,True,False,False,True,False,False,False,False,True,False
412.07,0.062,0,36,0.448,0,1,0,1,False,True,False,False,False,False,False,False,True,False,True,False,True,False,False,False
995.59,0.208,0,4,0.418,0,4,0,1,False,False,False,False,True,False,True,False,False,False,False,True,True,False,False,False
2153.74,0.25,0,3,0.215,0,5,1,1,False,False,False,False,True,True,False,False,False,False,True,False,True,False,False,False
1537.35,0.513,0,5,0.076,1,4,1,1,False,False,True,False,False,False,False,False,True,False,False,True,False,False,True,False
1017.39,0.508,0,12,0.219,0,7,0,1,False,True,False,False,False,False,True,False,False,False,True,False,False,False,True,False
3140.69,0.387,0,13,0.049,1,1,1,1,False,False,True,False,False,True,False,False,False,False,True,False,False,True,False,False
13956.93,0.261,0,1,0.361,0,5,0,1,False,True,False,False,False,False,True,False,False,False,False,True,False,True,False,False
250.0,0.218,0,3,0.0,0,7,0,1,False,False,False,False,True,True,False,False,False,False,False,True,False,True,False,False
2093.12,0.263,0,3,0.382,1,5,0,1,False,False,True,False,False,True,False,False,False,False,False,True,False,True,False,False
1189.1,0.501,0,20,0.268,1,4,0,1,False,False,True,False,False,False,False,False,True,False,True,False,False,True,False,False
1500.84,0.42,0,20,0.379,0,3,0,1,False,True,False,False,False,True,False,False,False,True,False,False,True,False,False,False
351.87,0.57,0,9,0.335,0,3,0,1,False,False,True,False,False,False,False,True,False,False,True,False,True,False,False,False
5611.36,0.149,0,11,0.432,0,2,0,1,False,True,False,False,False,False,True,False,False,True,False,False,False,False,True,False
3137.2,0.639,0,3,0.282,1,2,1,1,False,False,True,False,False,True,False,False,False,False,True,False,False,True,False,False
1463.14,0.358,0,24,0.366,0,3,0,1,True,False,False,False,False,False,False,True,False,False,False,True,True,False,False,False
714.38,0.37,0,1,0.389,0,5,0,1,True,False,False,False,False,True,False,False,False,False,False,True,False,False,True,False
5511.92,0.437,0,34,0.08,0,5,0,1,False,False,True,False,False,False,False,False,True,True,False,False,False,True,False,False
1177.1,0.325,0,5,0.467,0,2,0,1,False,True,False,False,False,True,False,False,False,False,False,True,False,True,False,False
682.87,0.594,0,4,0.201,0,5,0,1,False,False,False,False,True,False,True,False,False,False,True,False,False,False,True,False
1621.95,0.339,0,18,0.495,1,5,0,1,False,False,True,False,False,False,True,False,False,True,False,False,False,True,False,False
584.72,0.469,0,2,0.088,0,3,0,1,False,False,True,False,False,False,True,False,False,False,True,False,False,True,False,False
492.19,0.048,0,6,0.406,0,1,0,1,True,False,False,False,False,False,True,False,False,True,False,False,False,False,True,False
599.87,0.224,0,13,0.339,0,5,0,1,False,False,False,False,True,True,False,False,False,True,False,False,True,False,False,False
3951.6,0.413,1,0,0.24995735361917937,0,1,1,0,True,False,False,False,False,True,False,False,False,True,False,False,False,True,False,False
3018.44,0.113,0,4,0.11,0,4,0,1,False,False,False,True,False,False,False,True,False,True,False,False,False,True,False,False
803.95,0.271,0,17,0.254,0,2,0,1,False,True,False,False,False,False,False,True,False,True,False,False,False,False,True,False
1112.86,0.301,0,3,0.414,0,3,0,1,False,False,True,False,False,False,False,True,False,True,False,False,True,False,False,False
695.5,0.112,0,12,0.167,0,4,1,1,False,False,False,False,True,True,False,False,False,False,True,False,True,False,False,False
253.79,0.617,0,20,0.489,0,5,0,1,False,True,False,False,False,False,True,False,False,True,False,False,True,False,False,False
451.73,0.209,0,1,0.433,0,4,1,1,False,False,False,True,False,True,False,False,False,False,False,True,False,True,False,False
1299.64,0.368,0,41,0.262,0,3,0,1,False,True,False,False,False,False,False,False,True,True,False,False,False,False,False,True
276.31,0.485,0,13,0.24,0,5,0,1,False,False,False,True,False,True,False,False,False,False,False,True,False,True,False,False
250.0,0.296,0,18,0.213,0,5,0,1,False,True,False,False,False,False,True,False,False,True,False,False,False,True,False,False
1723.21,0.16,0,1,0.271,0,5,0,1,True,False,False,False,False,False,True,False,False,False,False,True,True,False,False,False
250.0,0.343,0,26,0.127,1,4,0,1,False,False,True,False,False,False,False,True,False,True,False,False,False,True,False,False
1619.61,0.481,0,2,0.32,0,5,1,1,False,False,False,True,False,False,True,False,False,False,False,True,False,True,False,False
531.21,0.441,0,1,0.216,0,8,1,1,False,False,True,False,False,False,True,False,False,False,True,False,True,False,False,False
371.03,0.081,0,12,0.261,0,2,0,1,False,True,False,False,False,False,True,False,False,True,False,False,True,False,False,False
5450.32,0.282,0,32,0.274,0,1,0,1,False,False,False,False,True,False,True,False,False,True,False,False,False,False,True,False
4510.79,0.363,0,35,0.0,1,1,1,1,False,False,True,False,False,True,False,False,False,False,True,False,False,False,True,False
1547.9,0.314,0,12,0.236,0,3,0,1,False,False,False,False,True,True,False,False,False,False,False,True,True,False,False,False
4447.84,0.093,0,7,0.217,0,8,0,1,True,False,False,False,False,False,False,True,False,True,False,False,False,False,False,True
2908.45,0.188,0,32,0.182,0,5,0,1,True,False,False,False,False,True,False,False,False,False,True,False,True,False,False,False
271.42,0.671,0,8,0.357,1,1,0,1,False,False,True,False,False,False,True,False,False,True,False,False,False,False,True,False
4232.14,0.351,0,12,0.106,1,4,1,1,False,False,True,False,False,False,False,True,False,False,False,True,False,True,False,False
3117.74,0.102,0,21,0.395,0,3,0,1,False,False,True,False,False,False,False,True,False,False,True,False,False,True,False,False
1449.2,0.312,0,21,0.266,0,1,0,1,False,False,False,True,False,False,True,False,False,True,False,False,False,False,True,False
1196.4,0.217,0,42,0.135,0,2,1,1,True,False,False,False,False,True,False,False,False,True,False,False,False,True,False,False
1257.11,0.322,0,23,0.174,0,6,0,1,False,True,False,False,False,True,False,False,False,False,False,True,False,False,True,False
346.55,0.329,0,11,0.094,0,3,0,1,False,True,False,False,False,False,False,True,False,False,True,False,False,False,True,False
1310.78,0.337,0,22,0.235,0,1,0,1,False,True,False,False,False,False,True,False,False,True,False,False,False,True,False,False
11740.74,0.181,0,4,0.119,1,4,0,1,False,False,True,False,False,False,True,False,False,False,True,False,False,True,False,False
681.78,0.29,0,25,0.27,0,3,0,1,False,True,False,False,False,False,False,True,False,True,False,False,False,True,False,False
1236.65,0.312,0,3,0.405,0,4,0,1,False,False,False,True,False,False,True,False,False,True,False,False,False,False,True,False
2502.61,0.039,0,8,0.365,0,7,0,1,False,False,True,False,False,False,True,False,False,True,False,False,False,True,False,False
3677.34,0.153,0,11,0.579,0,5,0,1,False,False,False,False,True,False,True,False,False,False,True,False,False,True,False,False
2574.97,0.708,0,16,0.21,0,5,1,1,False,False,False,False,True,True,False,False,False,False,True,False,True,False,False,False
285.12,0.279,0,4,0.554,0,3,1,1,False,False,True,False,False,False,True,False,False,True,False,False,False,True,False,False
1008.94,0.189,0,21,0.535,1,2,0,1,False,False,True,False,False,False,True,False,False,True,False,False,False,False,False,True
1214.7,0.145,0,3,0.199,0,6,0,1,False,True,False,False,False,False,True,False,False,False,True,False,False,False,True,False
311.01,0.66,0,2,0.254,0,6,1,1,False,False,True,False,False,False,False,True,False,False,True,False,False,False,True,False
876.3,0.655,0,22,0.503,1,4,1,1,False,False,True,False,False,False,True,False,False,True,False,False,False,True,False,False
1179.68,0.144,0,14,0.287,0,5,0,1,True,False,False,False,False,False,True,False,False,True,False,False,False,False,True,False
1966.71,0.473,0,21,0.187,1,3,0,1,False,False,True,False,False,True,False,False,False,False,True,False,False,False,True,False
2068.71,0.026,0,29,0.33,1,3,0,1,False,False,True,False,False,True,False,False,False,True,False,False,False,True,False,False
827.22,0.138,0,3,0.442,0,6,0,1,False,True,False,False,False,False,True,False,False,False,False,True,False,False,True,False
3392.42,0.447,0,27,0.0,1,4,0,1,False,False,True,False,False,False,True,False,False,False,False,True,False,False,False,True
13403.71,0.582,0,20,0.138,0,3,0,1,False,False,False,False,True,True,False,False,False,True,False,False,True,False,False,False
2150.32,0.256,0,12,0.355,0,2,0,1,False,False,False,False,True,False,True,False,False,False,True,False,True,False,False,False
909.89,0.279,0,4,0.17,1,1,0,1,False,False,True,False,False,False,True,False,False,False,True,False,False,True,False,False
560.16,0.436,0,14,0.0,0,2,1,1,False,False,False,True,False,False,True,False,False,False,True,False,True,False,False,False
5507.84,0.123,0,6,0.47,0,3,0,1,False,True,False,False,False,False,True,False,False,True,False,False,True,False,False,False
3077.5,0.11,0,23,0.171,0,3,0,1,False,False,False,True,False,True,False,False,False,False,True,False,False,True,False,False
549.48,0.478,0,3,0.0,0,7,0,1,False,False,False,False,True,False,False,True,False,False,False,True,True,False,False,False
453.1,0.393,0,22,0.253,0,6,0,1,False,False,False,False,True,True,False,False,False,True,False,False,False,False,False,True
2364.49,0.243,0,19,0.277,1,1,0,1,False,False,True,False,False,False,True,False,False,True,False,False,False,False,False,True
1178.55,0.613,0,7,0.277,1,2,0,1,False,False,True,False,False,True,False,False,False,True,False,False,False,True,False,False
532.99,0.595,0,1,0.252,0,3,1,1,False,True,False,False,False,True,False,False,False,True,False,False,False,False,True,False
3858.05,0.148,0,21,0.263,1,2,0,1,False,False,True,False,False,True,False,False,False,True,False,False,False,True,False,False
14655.24,0.358,0,7,0.0,0,1,0,1,False,False,False,True,False,False,True,False,False,False,True,False,True,False,False,False
2985.48,0.405,0,2,0.384,1,4,1,1,False,False,True,False,False,True,False,False,False,True,False,False,True,False,False,False
7108.99,0.407,0,3,0.262,0,1,0,1,True,False,False,False,False,True,False,False,False,False,True,False,False,True,False,False
469.88,0.367,0,37,0.126,0,3,1,1,True,False,False,False,False,False,False,False,True,True,False,False,False,False,True,False
1782.63,0.256,0,23,0.39,0,3,0,1,False,False,False,False,True,False,False,True,False,True,False,False,True,False,False,False
4337.33,0.217,0,38,0.364,0,1,0,1,False,False,True,False,False,True,False,False,False,True,False,False,False,False,False,True
581.75,0.207,0,7,0.581,1,5,0,1,False,False,True,False,False,True,False,False,False,True,False,False,True,False,False,False
625.78,0.566,0,27,0.082,1,2,0,1,False,False,True,False,False,False,True,False,False,True,False,False,True,False,False,False
858.03,0.582,0,22,0.245,0,4,1,1,True,False,False,False,False,True,False,False,False,False,True,False,False,True,False,False
4061.5,0.347,0,10,0.377,0,2,0,1,False,True,False,False,False,False,True,False,False,False,True,False,False,True,False,False
1421.02,0.098,0,22,0.214,0,4,0,1,False,True,False,False,False,False,True,False,False,False,True,False,False,False,False,True
565.59,0.243,0,23,0.126,1,3,0,1,False,False,True,False,False,False,True,False,False,True,False,False,False,True,False,False
452.56,0.372,0,7,0.104,0,6,1,1,False,False,False,True,False,True,False,False,False,True,False,False,False,True,False,False
2604.45,0.386,0,22,0.225,1,2,0,1,False,False,True,False,False,False,False,True,False,False,True,False,False,False,False,True
3922.96,0.321,1,0,0.24995735361917937,1,1,1,0,False,False,True,False,False,True,False,False,False,False,True,False,True,False,False,False
891.59,0.144,0,9,0.339,0,2,0,1,False,True,False,False,False,True,False,False,False,False,False,True,False,False,False,True
254.69,0.176,0,15,0.447,0,2,1,1,False,False,False,False,True,True,False,False,False,True,False,False,False,False,False,True
1154.45,0.266,0,4,0.127,0,1,0,1,True,False,False,False,False,False,True,False,False,True,False,False,False,True,False,False
2667.72,0.141,0,24,0.219,0,5,0,1,False,False,False,False,True,True,False,False,False,False,True,False,False,True,False,False
1310.65,0.342,0,9,0.109,0,3,0,1,True,False,False,False,False,False,True,False,False,True,False,False,False,False,False,True
4489.01,0.108,0,8,0.326,0,2,0,1,False,False,False,False,True,False,True,False,False,True,False,False,False,True,False,False
725.59,0.269,0,13,0.401,0,5,1,1,False,False,False,False,True,False,False,True,False,False,False,True,False,False,True,False
552.17,0.262,1,0,0.24995735361917937,0,3,0,0,True,False,False,False,False,False,True,False,False,True,False,False,False,False,False,True
1447.27,0.588,0,3,0.208,0,4,0,1,False,True,False,False,False,False,True,False,False,False,False,True,True,False,False,False
250.0,0.27,0,22,0.201,0,5,0,1,False,False,False,False,True,False,True,False,False,True,False,False,False,True,False,False
745.83,0.007,0,9,0.355,1,4,1,1,False,False,True,False,False,True,False,False,False,False,True,False,False,False,True,False
461.77,0.32,0,4,0.121,0,3,0,1,False,True,False,False,False,False,True,False,False,True,False,False,True,False,False,False
723.13,0.259,0,21,0.058,0,4,0,1,False,False,False,True,False,True,False,False,False,False,False,True,True,False,False,False
675.34,0.45,0,5,0.172,0,4,0,1,True,False,False,False,False,True,False,False,False,True,False,False,False,True,False,False
1468.04,0.436,0,5,0.102,0,4,1,1,False,False,False,False,True,True,False,False,False,False,True,False,True,False,False,False
1167.34,0.194,0,2,0.003,1,3,1,1,False,False,True,False,False,True,False,False,False,True,False,False,True,False,False,False
5712.48,0.167,0,5,0.0,0,5,0,1,False,False,False,False,True,True,False,False,False,False,False,True,False,True,False,False
469.48,0.081,0,20,0.266,0,1,0,1,False,False,False,True,False,False,False,True,False,False,True,False,True,False,False,False
1682.89,0.269,0,24,0.125,0,6,0,1,False,True,False,False,False,False,True,False,False,True,False,False,False,True,False,False
1421.22,0.092,0,5,0.011,0,2,0,1,False,True,False,False,False,False,False,False,True,True,False,False,False,True,False,False
755.8,0.421,0,6,0.135,0,2,0,1,True,False,False,False,False,False,False,False,True,True,False,False,False,False,True,False
2984.22,0.426,0,39,0.281,0,5,1,1,False,False,False,True,False,True,False,False,False,False,True,False,False,True,False,False
1292.46,0.161,0,33,0.118,0,6,0,1,False,False,False,True,False,True,False,False,False,True,False,False,False,True,False,False
14177.85,0.126,0,4,0.207,0,2,0,1,False,False,True,False,False,False,True,False,False,False,True,False,True,False,False,False
3773.99,0.372,0,21,0.197,0,2,0,1,False,False,False,False,True,True,False,False,False,False,False,True,False,False,False,True
993.75,0.195,0,3,0.408,0,2,0,1,False,False,False,True,False,False,True,False,False,False,True,False,False,False,False,True
3103.6,0.041,0,4,0.0,0,6,0,1,False,False,True,False,False,False,True,False,False,False,True,False,True,False,False,False
2448.01,0.194,0,19,0.14,0,7,0,1,True,False,False,False,False,False,True,False,False,False,False,True,False,False,False,True
1881.64,0.363,0,14,0.397,0,2,1,1,False,False,False,True,False,True,False,False,False,False,True,False,False,True,False,False
1025.71,0.257,0,6,0.546,0,3,0,1,False,True,False,False,False,False,True,False,False,True,False,False,False,True,False,False
2139.92,0.123,0,3,0.148,1,5,0,1,False,False,True,False,False,True,False,False,False,False,True,False,False,True,False,False
1598.95,0.487,0,12,0.171,1,5,0,1,False,False,True,False,False,False,True,False,False,True,False,False,False,True,False,False
830.31,0.201,0,12,0.154,1,3,1,1,False,False,True,False,False,True,False,False,False,True,False,False,False,False,True,False
796.37,0.59,0,5,0.167,0,2,0,1,False,False,False,True,False,False,False,True,False,False,True,False,False,True,False,False
2331.4,0.063,0,3,0.608,1,1,0,1,False,False,True,False,False,False,True,False,False,True,False,False,True,False,False,False
6005.52,0.262,0,4,0.609,0,4,0,1,False,True,False,False,False,False,True,False,False,True,False,False,False,True,False,False
2102.34,0.289,0,14,0.216,0,3,0,1,False,True,False,False,False,False,False,True,False,False,True,False,False,True,False,False
16455.06,0.097,0,23,0.42,1,4,0,1,False,False,True,False,False,False,False,True,False,True,False,False,False,False,True,False
2587.3,0.211,0,18,0.01,0,5,0,1,False,False,False,True,False,False,True,False,False,False,True,False,False,False,True,False
467.48,0.23,1,0,0.24995735361917937,1,2,1,0,False,False,True,False,False,False,True,False,False,True,False,False,False,True,False,False
343.67,0.224,0,13,0.032,0,4,0,1,False,True,False,False,False,True,False,False,False,True,False,False,True,False,False,False
250.0,0.333,0,17,0.111,0,6,0,1,False,True,False,False,False,False,False,True,False,False,True,False,False,False,True,False
1098.02,0.041,0,5,0.276,0,1,0,1,False,True,False,False,False,False,True,False,False,True,False,False,False,False,False,True
696.17,0.051,0,28,0.21,0,5,0,1,True,False,False,False,False,False,True,False,False,False,False,True,False,False,True,False
256.72,0.75,0,10,0.166,0,2,0,1,True,False,False,False,False,False,True,False,False,True,False,False,False,True,False,False
1760.18,0.331,0,12,0.208,0,3,0,1,False,False,False,True,False,False,True,False,False,True,False,False,False,True,False,False
7888.44,0.365,0,33,0.184,0,4,0,1,False,False,True,False,False,False,True,False,False,True,False,False,True,False,False,False
971.86,0.58,0,13,0.382,0,1,1,1,False,False,False,False,True,False,True,False,False,False,True,False,False,False,False,True
439.73,0.082,0,3,0.11,1,6,0,1,False,False,True,False,False,False,False,False,True,False,True,False,False,True,False,False
484.2,0.339,0,13,0.269,1,4,0,1,False,False,True,False,False,True,False,False,False,True,False,False,False,True,False,False
3658.74,0.331,0,14,0.36,0,7,0,1,False,False,True,False,False,False,False,True,False,True,False,False,False,True,False,False
263.93,0.157,0,25,0.442,1,5,0,1,False,False,True,False,False,True,False,False,False,False,True,False,True,False,False,False
1113.36,0.123,0,3,0.09,1,4,0,1,False,False,True,False,False,True,False,False,False,False,True,False,True,False,False,False
2046.18,0.399,0,36,0.094,1,5,0,1,False,False,True,False,False,False,False,True,False,False,False,True,False,False,False,True
2235.41,0.224,0,21,0.202,1,4,0,1,False,False,True,False,False,True,False,False,False,False,True,False,False,True,False,False
1177.06,0.175,0,4,0.374,1,4,0,1,False,False,True,False,False,False,True,False,False,False,True,False,False,True,False,False
2029.79,0.222,0,9,0.666,0,4,0,1,False,False,True,False,False,False,True,False,False,False,False,True,False,False,True,False
569.44,0.27,0,40,0.241,1,4,0,1,True,False,False,False,False,False,False,True,False,False,True,False,False,True,False,False
996.26,0.404,0,7,0.126,0,3,0,1,False,False,False,False,True,False,False,True,False,True,False,False,False,False,False,True
3395.99,0.225,0,19,0.288,0,5,0,1,False,False,False,False,True,False,True,False,False,False,True,False,True,False,False,False
1825.24,0.302,0,8,0.204,0,7,0,1,True,False,False,False,False,False,False,True,False,True,False,False,False,True,False,False
2862.69,0.218,0,16,0.248,0,3,0,1,False,False,False,True,False,False,False,True,False,True,False,False,False,True,False,False
543.7,0.18,0,16,0.325,0,7,1,1,False,False,True,False,False,True,False,False,False,False,False,True,False,True,False,False
956.89,0.149,0,34,0.21,1,4,0,1,True,False,False,False,False,True,False,False,False,True,False,False,False,False,False,True
333.23,0.204,0,12,0.235,0,5,0,1,False,False,False,False,True,False,True,False,False,False,True,False,False,False,True,False
2527.79,0.201,0,27,0.253,0,4,0,1,False,True,False,False,False,False,False,True,False,False,False,True,True,False,False,False
504.49,0.081,0,21,0.191,0,6,0,1,False,True,False,False,False,False,False,False,True,True,False,False,False,False,False,True
525.87,0.563,0,19,0.369,0,1,0,1,False,True,False,False,False,False,False,True,False,False,True,False,False,False,False,True
771.97,0.317,0,5,0.066,0,3,1,1,False,False,True,False,False,True,False,False,False,True,False,False,False,True,False,False
1671.75,0.327,0,10,0.444,1,4,0,1,False,False,True,False,False,False,False,True,False,True,False,False,False,False,True,False
4865.02,0.205,0,25,0.131,1,2,0,1,False,False,True,False,False,False,True,False,False,False,True,False,False,False,True,False
387.05,0.218,0,26,0.0,0,4,0,1,False,True,False,False,False,False,True,False,False,True,False,False,False,True,False,False
4178.29,0.042,0,6,0.212,1,4,0,1,False,False,True,False,False,False,False,True,False,True,False,False,False,True,False,False
1471.68,0.286,0,3,0.07,0,7,0,1,False,True,False,False,False,False,True,False,False,True,False,False,False,True,False,False
572.43,0.521,0,9,0.331,1,1,0,1,False,False,True,False,False,True,False,False,False,True,False,False,False,True,False,False
2551.0,0.524,0,11,0.0,0,2,0,1,False,True,False,False,False,False,True,False,False,False,True,False,True,False,False,False
570.7,0.182,0,5,0.033,1,2,0,1,False,False,True,False,False,False,True,False,False,True,False,False,False,False,False,True
250.0,0.195,0,1,0.389,0,2,0,1,True,False,False,False,False,False,False,True,False,False,True,False,False,False,True,False
1501.65,0.09,0,20,0.416,0,4,0,1,False,False,False,False,True,False,True,False,False,True,False,False,False,False,False,True
2923.82,0.673,0,15,0.31,0,3,0,1,False,False,False,False,True,False,True,False,False,True,False,False,False,True,False,False
1598.14,0.315,0,5,0.199,1,1,0,1,False,False,True,False,False,False,False,True,False,True,False,False,False,False,True,False
707.52,0.242,0,5,0.224,0,1,0,1,False,False,False,False,True,True,False,False,False,True,False,False,False,False,True,False
1182.19,0.119,0,19,0.267,0,4,0,1,False,True,False,False,False,True,False,False,False,False,False,True,False,False,True,False
250.0,0.271,0,4,0.116,0,1,1,1,False,True,False,False,False,False,True,False,False,False,True,False,True,False,False,False
1713.97,0.56,0,6,0.065,0,4,1,1,False,True,False,False,False,False,False,False,True,False,False,True,True,False,False,False
2364.04,0.418,0,25,0.287,0,5,0,1,False,True,False,False,False,True,False,False,False,True,False,False,False,False,True,False
5689.71,0.166,0,14,0.331,0,3,0,1,True,False,False,False,False,False,True,False,False,False,False,True,False,True,False,False
1034.85,0.523,0,6,0.0,0,2,0,1,False,False,True,False,False,False,True,False,False,True,False,False,False,False,False,True
882.46,0.205,0,22,0.282,0,1,0,1,True,False,False,False,False,True,False,False,False,False,True,False,False,False,True,False
3618.04,0.557,1,0,0.24995735361917937,1,4,1,0,False,False,True,False,False,True,False,False,False,True,False,False,True,False,False,False
580.52,0.182,0,15,0.322,0,2,0,1,False,True,False,False,False,False,False,True,False,True,False,False,False,True,False,False
4334.67,0.591,0,27,0.034,0,2,0,1,False,False,False,False,True,False,False,True,False,False,True,False,True,False,False,False
4422.62,0.256,0,17,0.284,0,1,0,1,True,False,False,False,False,False,False,True,False,False,True,False,False,False,True,False
3435.64,0.327,0,5,0.213,1,3,0,1,False,False,True,False,False,False,True,False,False,True,False,False,True,False,False,False
3301.13,0.147,0,17,0.094,0,1,0,1,True,False,False,False,False,False,False,True,False,False,True,False,True,False,False,False
250.0,0.549,0,23,0.259,0,5,1,1,False,False,True,False,False,True,False,False,False,True,False,False,False,True,False,False
1907.14,0.121,0,5,0.249,1,1,0,1,False,False,True,False,False,True,False,False,False,True,False,False,True,False,False,False
531.98,0.357,0,5,0.19,0,4,0,1,False,False,False,True,False,False,True,False,False,False,True,False,True,False,False,False
3150.04,0.318,0,22,0.118,1,4,0,1,False,False,True,False,False,False,True,False,False,False,False,True,False,False,True,False
3309.75,0.281,0,14,0.061,0,1,0,1,False,True,False,False,False,False,True,False,False,True,False,False,True,False,False,False
2676.61,0.423,0,7,0.203,0,3,0,1,False,True,False,False,False,False,True,False,False,False,True,False,False,True,False,False
1034.6,0.188,0,29,0.297,0,3,0,1,False,True,False,False,False,False,True,False,False,False,True,False,True,False,False,False
1727.32,0.119,0,1,0.306,0,4,0,1,False,False,False,True,False,False,False,True,False,True,False,False,True,False,False,False
250.0,0.379,0,4,0.415,0,1,0,1,False,False,False,True,False,True,False,False,False,True,False,False,False,True,False,False
4128.39,0.362,0,32,0.148,1,2,1,1,False,False,True,False,False,False,False,True,False,False,True,False,False,False,True,False
2254.36,0.147,0,28,0.081,0,4,0,1,False,False,False,True,False,True,False,False,False,True,False,False,False,False,True,False
1445.32,0.476,0,13,0.294,1,4,0,1,False,False,True,False,False,False,False,True,False,False,False,True,False,True,False,False
1912.38,0.623,0,23,0.375,0,5,0,1,False,True,False,False,False,False,False,True,False,False,True,False,True,False,False,False
438.2,0.272,1,0,0.24995735361917937,1,5,1,0,False,False,True,False,False,True,False,False,False,False,False,True,True,False,False,False
467.93,0.131,0,5,0.236,1,5,1,1,False,False,True,False,False,False,False,True,False,True,False,False,False,True,False,False
2781.69,0.31,0,4,0.31,1,6,0,1,False,False,True,False,False,False,False,True,False,True,False,False,False,False,True,False
5179.87,0.372,0,3,0.286,1,2,0,1,False,False,True,False,False,False,False,True,False,False,True,False,True,False,False,False
1688.89,0.337,0,15,0.049,1,7,1,1,False,False,True,False,False,False,False,True,False,False,True,False,False,True,False,False
3837.22,0.208,0,10,0.401,0,3,0,1,False,True,False,False,False,False,True,False,False,False,False,True,True,False,False,False
2754.04,0.07,0,25,0.199,1,2,0,1,False,False,True,False,False,True,False,False,False,False,True,False,False,False,True,False
500.24,0.113,0,16,0.0,1,4,0,1,False,False,True,False,False,False,True,False,False,False,False,True,False,True,False,False
4475.15,0.137,0,28,0.092,0,5,0,1,False,True,False,False,False,True,False,False,False,False,True,False,False,False,True,False
7918.23,0.282,0,6,0.309,0,3,0,1,False,True,False,False,False,False,True,False,False,True,False,False,False,True,False,False
1794.31,0.317,0,8,0.382,0,5,0,1,False,True,False,False,False,True,False,False,False,False,True,False,True,False,False,False
250.0,0.162,0,5,0.237,0,5,0,1,False,False,False,False,True,False,True,False,False,True,False,False,False,False,True,False
3767.89,0.114,0,10,0.279,1,3,0,1,False,False,True,False,False,True,False,False,False,False,True,False,False,False,False,True
1454.56,0.358,0,13,0.601,0,4,0,1,True,False,False,False,False,False,True,False,False,True,False,False,False,True,False,False
1336.66,0.069,0,24,0.137,0,1,0,1,False,False,False,False,True,False,False,True,False,True,False,False,False,True,False,False
743.79,0.424,0,33,0.294,1,5,0,1,False,False,True,False,False,False,True,False,False,False,True,False,False,False,False,True
2627.76,0.056,0,8,0.137,0,4,0,1,False,True,False,False,False,False,False,True,False,False,True,False,False,False,False,True
306.38,0.012,0,13,0.066,1,5,0,1,False,False,True,False,False,False,True,False,False,False,True,False,False,True,False,False
1409.72,0.373,0,2,0.257,0,3,1,1,False,False,False,False,True,True,False,False,False,True,False,False,False,False,True,False
5270.02,0.085,0,23,0.302,1,3,0,1,False,False,True,False,False,True,False,False,False,False,False,True,False,True,False,False
4217.35,0.58,0,15,0.097,0,1,0,1,False,False,False,False,True,True,False,False,False,False,True,False,True,False,False,False
250.0,0.207,0,2,0.171,0,1,1,1,False,False,False,True,False,False,False,False,True,False,True,False,False,False,False,True
1250.03,0.263,0,14,0.268,0,4,0,1,False,False,False,False,True,False,False,True,False,False,True,False,False,False,False,True
3501.8,0.285,1,0,0.24995735361917937,1,3,0,0,True,False,False,False,False,False,True,False,False,False,True,False,False,True,False,False
3255.45,0.275,0,18,0.316,0,3,0,1,False,False,False,True,False,False,False,True,False,True,False,False,False,True,False,False
6889.11,0.212,0,16,0.436,0,7,0,1,False,False,False,True,False,False,True,False,False,False,False,True,False,False,True,False
250.0,0.108,0,14,0.207,0,2,0,1,False,True,False,False,False,False,True,False,False,False,True,False,False,False,True,False
1585.51,0.145,0,10,0.317,0,5,0,1,False,False,False,True,False,False,True,False,False,True,False,False,False,True,False,False
390.75,0.155,0,3,0.586,0,2,1,1,False,False,False,False,True,False,True,False,False,False,True,False,False,True,False,False
1271.42,0.27,0,15,0.201,1,3,0,1,False,False,True,False,False,True,False,False,False,False,True,False,False,False,False,True
719.65,0.137,0,29,0.039,1,1,1,1,False,False,True,False,False,False,True,False,False,True,False,False,False,True,False,False
1000.62,0.258,0,4,0.369,1,3,1,1,False,False,True,False,False,False,True,False,False,False,True,False,False,False,False,True
490.81,0.198,0,23,0.219,0,2,0,1,False,True,False,False,False,True,False,False,False,False,True,False,False,False,True,False
725.83,0.055,0,9,0.159,0,3,0,1,True,False,False,False,False,False,True,False,False,False,False,True,False,False,True,False
285.02,0.619,0,4,0.117,0,6,0,1,False,True,False,False,False,False,False,True,False,True,False,False,False,False,True,False
2040.2,0.202,0,2,0.129,0,2,0,1,True,False,False,False,False,False,True,False,False,False,True,False,False,False,False,True
3880.69,0.224,0,20,0.424,0,8,0,1,False,True,False,False,False,True,False,False,False,True,False,False,True,False,False,False
1166.44,0.331,1,0,0.24995735361917937,0,7,0,0,False,True,False,False,False,False,True,False,False,False,False,True,False,True,False,False
2072.1,0.261,0,4,0.116,0,2,0,1,True,False,False,False,False,False,False,True,False,True,False,False,False,False,True,False
250.0,0.22,0,13,0.059,0,1,0,1,True,False,False,False,False,False,True,False,False,True,False,False,False,False,False,True
250.0,0.025,0,8,0.244,0,1,0,1,False,False,True,False,False,False,True,False,False,True,False,False,False,False,True,False
5266.22,0.026,0,15,0.206,0,3,0,1,False,True,False,False,False,False,True,False,False,True,False,False,False,False,False,True
1586.62,0.392,0,4,0.302,0,6,0,1,True,False,False,False,False,False,True,False,False,False,False,True,True,False,False,False
646.58,0.166,0,6,0.491,0,2,1,1,True,False,False,False,False,False,True,False,False,True,False,False,False,False,True,False
670.71,0.255,0,13,0.075,0,6,0,1,False,True,False,False,False,True,False,False,False,True,False,False,False,False,True,False
441.06,0.305,0,17,0.003,0,5,0,1,True,False,False,False,False,False,True,False,False,False,False,True,True,False,False,False
3929.17,0.307,0,1,0.017,0,4,0,1,False,True,False,False,False,False,True,False,False,True,False,False,True,False,False,False
2918.16,0.596,0,2,0.405,0,3,1,1,False,False,False,False,True,True,False,False,False,False,True,False,False,False,True,False
482.13,0.227,0,4,0.469,0,3,0,1,False,False,False,False,True,False,True,False,False,False,True,False,False,True,False,False
1803.91,0.42,0,30,0.322,1,2,0,1,False,False,True,False,False,False,True,False,False,True,False,False,True,False,False,False
1133.5,0.359,0,1,0.096,0,5,0,1,False,True,False,False,False,False,True,False,False,False,True,False,False,True,False,False
344.79,0.434,0,17,0.239,0,5,0,1,False,False,False,False,True,False,False,True,False,False,True,False,False,False,True,False
2883.67,0.149,0,14,0.225,0,5,0,1,False,False,False,False,True,False,True,False,False,True,False,False,False,True,False,False
250.0,0.289,0,8,0.028,0,2,0,1,False,True,False,False,False,True,False,False,False,False,True,False,False,False,False,True
980.2,0.57,0,35,0.364,0,8,1,1,False,True,False,False,False,False,True,False,False,False,False,True,False,True,False,False
1952.49,0.295,0,24,0.203,0,1,0,1,True,False,False,False,False,False,False,True,False,False,True,False,False,True,False,False
673.84,0.511,0,14,0.0,0,5,0,1,True,False,False,False,False,True,False,False,False,False,False,True,True,False,False,False
458.65,0.256,1,0,0.24995735361917937,0,2,1,0,False,True,False,False,False,False,False,True,False,True,False,False,False,False,False,True
2190.01,0.222,0,14,0.636,0,3,0,1,False,True,False,False,False,False,False,False,True,True,False,False,False,False,False,True
634.07,0.231,0,36,0.29,0,2,1,1,False,False,False,False,True,False,False,True,False,False,True,False,True,False,False,False
1709.46,0.601,0,31,0.305,0,3,0,1,False,False,False,False,True,False,True,False,False,False,True,False,False,False,True,False
250.0,0.264,0,20,0.259,1,6,0,1,False,False,True,False,False,True,False,False,False,False,False,True,True,False,False,False
468.1,0.208,1,0,0.24995735361917937,1,1,1,0,False,False,True,False,False,False,True,False,False,False,True,False,False,True,False,False
495.96,0.293,0,3,0.012,0,4,0,1,False,False,False,False,True,False,True,False,False,True,False,False,False,True,False,False
1660.12,0.084,0,18,0.139,0,6,0,1,False,True,False,False,False,False,True,False,False,True,False,False,False,True,False,False
250.0,0.051,0,23,0.354,0,3,0,1,True,False,False,False,False,False,True,False,False,False,True,False,True,False,False,False
1874.01,0.189,0,4,0.316,1,3,0,1,False,False,True,False,False,False,False,True,False,False,False,True,True,False,False,False
722.48,0.137,0,37,0.389,1,1,1,1,False,False,True,False,False,False,False,True,False,False,True,False,True,False,False,False
1919.3,0.343,0,20,0.249,0,4,0,1,False,False,False,True,False,False,True,False,False,False,False,True,False,False,True,False
250.0,0.183,0,7,0.328,1,2,1,1,False,False,True,False,False,False,False,True,False,False,True,False,False,True,False,False
646.71,0.312,0,5,0.773,0,1,0,1,False,False,False,True,False,True,False,False,False,False,True,False,True,False,False,False
3008.3,0.213,0,15,0.071,1,3,0,1,False,False,True,False,False,True,False,False,False,False,True,False,True,False,False,False
1978.61,0.128,0,4,0.202,1,2,0,1,False,False,True,False,False,False,False,True,False,False,True,False,True,False,False,False
2190.32,0.176,0,29,0.018,1,3,0,1,False,False,True,False,False,False,False,True,False,True,False,False,False,False,False,True
2272.66,0.248,0,8,0.013,0,1,0,1,False,False,False,False,True,True,False,False,False,True,False,False,True,False,False,False
768.84,0.346,0,23,0.438,0,7,0,1,False,False,True,False,False,False,True,False,False,True,False,False,False,True,False,False
590.8,0.341,0,24,0.457,0,4,0,1,False,False,False,True,False,False,True,False,False,True,False,False,False,False,True,False
918.02,0.089,0,5,0.171,0,4,0,1,False,False,False,False,True,True,False,False,False,True,False,False,False,True,False,False
250.0,0.391,0,21,0.193,1,4,0,1,False,False,True,False,False,True,False,False,False,True,False,False,True,False,False,False
1040.18,0.215,0,12,0.085,0,3,0,1,False,False,False,False,True,True,False,False,False,True,False,False,False,False,True,False
1311.35,0.103,0,21,0.175,1,3,0,1,False,False,True,False,False,True,False,False,False,True,False,False,False,True,False,False
4763.24,0.139,0,17,0.436,1,4,0,1,False,False,True,False,False,False,True,False,False,False,True,False,False,True,False,False
11938.83,0.264,0,34,0.04,0,3,0,1,True,False,False,False,False,False,True,False,False,False,True,False,False,True,False,False
993.08,0.218,0,16,0.123,0,1,0,1,False,False,False,False,True,False,True,False,False,False,True,False,False,True,False,False
1092.63,0.143,0,26,0.378,0,5,0,1,False,False,False,False,True,False,True,False,False,False,True,False,False,True,False,False
794.53,0.266,0,2,0.309,1,4,0,1,False,False,True,False,False,False,True,False,False,True,False,False,False,True,False,False
2307.19,0.15,0,20,0.222,0,4,0,1,False,True,False,False,False,True,False,False,False,False,True,False,False,True,False,False
1388.39,0.476,0,13,0.11,0,3,0,1,False,False,False,True,False,True,False,False,False,False,True,False,False,True,False,False
260.16,0.079,0,27,0.074,0,2,0,1,False,True,False,False,False,False,False,False,True,True,False,False,False,False,False,True
616.89,0.197,0,27,0.528,0,3,0,1,True,False,False,False,False,True,False,False,False,False,True,False,False,True,False,False
2271.36,0.308,0,11,0.169,0,4,0,1,False,True,False,False,False,False,False,True,False,False,False,True,False,True,False,False
629.45,0.302,0,2,0.548,0,3,0,1,False,True,False,False,False,False,False,False,True,False,True,False,True,False,False,False
534.11,0.563,0,34,0.203,0,3,0,1,True,False,False,False,False,False,True,False,False,False,True,False,False,False,True,False
3472.72,0.22,0,11,0.228,1,2,0,1,True,False,False,False,False,False,False,True,False,False,False,True,True,False,False,False
2147.4,0.377,0,14,0.214,0,3,1,1,False,False,False,False,True,True,False,False,False,False,True,False,False,False,True,False
945.37,0.322,0,8,0.097,0,1,0,1,False,False,False,True,False,True,False,False,False,False,True,False,False,True,False,False
1193.34,0.099,0,25,0.275,0,2,0,1,False,True,False,False,False,False,True,False,False,False,True,False,False,True,False,False
7209.97,0.139,0,3,0.304,0,3,0,1,True,False,False,False,False,True,False,False,False,True,False,False,False,True,False,False
517.05,0.529,0,35,0.212,0,4,0,1,False,False,False,True,False,False,True,False,False,True,False,False,False,False,True,False
1279.05,0.219,0,11,0.401,1,3,1,1,False,False,True,False,False,True,False,False,False,False,False,True,True,False,False,False
377.9,0.086,0,16,0.343,1,3,1,1,False,False,True,False,False,False,False,True,False,False,True,False,False,False,False,True
766.28,0.334,0,26,0.306,0,1,0,1,False,False,False,False,True,True,False,False,False,True,False,False,False,False,True,False
1983.4,0.126,0,1,0.468,1,4,0,1,True,False,False,False,False,False,True,False,False,False,True,False,False,True,False,False
822.39,0.151,0,14,0.353,0,3,0,1,False,True,False,False,False,True,False,False,False,False,True,False,False,True,False,False
3797.3,0.355,0,6,0.387,1,5,1,1,False,False,True,False,False,False,False,False,True,True,False,False,False,True,False,False
761.07,0.365,0,5,0.139,0,1,0,1,False,True,False,False,False,False,True,False,False,False,True,False,False,False,True,False
3215.6,0.254,0,9,0.036,1,4,0,1,False,False,True,False,False,False,True,False,False,False,True,False,False,True,False,False
250.0,0.356,0,2,0.0,0,4,1,1,False,True,False,False,False,False,False,True,False,True,False,False,False,True,False,False
2169.61,0.203,0,7,0.112,0,1,0,1,False,True,False,False,False,True,False,False,False,True,False,False,True,False,False,False
3835.32,0.39,0,23,0.0,0,2,0,1,False,False,False,True,False,False,True,False,False,True,False,False,True,False,False,False
636.01,0.082,0,30,0.0,0,4,0,1,False,False,False,False,True,False,True,False,False,False,False,True,False,False,True,False
4122.45,0.2,0,14,0.312,1,2,0,1,False,False,True,False,False,False,True,False,False,False,True,False,False,True,False,False
835.86,0.685,0,11,0.428,0,4,0,1,False,True,False,False,False,True,False,False,False,True,False,False,True,False,False,False
1919.55,0.151,0,29,0.279,0,1,0,1,False,False,False,False,True,False,True,False,False,False,True,False,False,False,True,False
3058.71,0.201,0,23,0.332,0,6,0,1,False,True,False,False,False,False,False,False,True,False,False,True,False,True,False,False
1700.11,0.156,1,0,0.24995735361917937,1,2,0,0,False,False,True,False,False,True,False,False,False,True,False,False,False,True,False,False
605.69,0.057,0,3,0.201,0,5,0,1,False,False,False,False,True,False,False,True,False,False,True,False,True,False,False,False
3105.02,0.484,0,15,0.541,0,3,1,1,False,True,False,False,False,True,False,False,False,True,False,False,False,True,False,False
4234.68,0.303,0,15,0.419,0,3,0,1,False,False,False,True,False,False,True,False,False,True,False,False,True,False,False,False
2168.87,0.683,0,34,0.285,0,4,0,1,False,False,False,True,False,False,False,True,False,False,False,True,True,False,False,False
2232.49,0.44,0,3,0.171,1,2,1,1,False,False,True,False,False,False,True,False,False,True,False,False,True,False,False,False
701.37,0.186,0,35,0.109,0,4,0,1,False,False,False,True,False,True,False,False,False,True,False,False,False,True,False,False
2304.5,0.365,0,12,0.015,0,4,0,1,False,False,False,False,True,True,False,False,False,True,False,False,True,False,False,False
1393.22,0.591,0,13,0.246,1,1,0,1,False,False,True,False,False,False,True,False,False,False,True,False,False,False,True,False
1701.06,0.5,0,14,0.067,0,6,0,1,False,True,False,False,False,True,False,False,False,False,False,True,True,False,False,False
250.0,0.386,0,5,0.15,0,1,0,1,False,False,False,False,True,True,False,False,False,True,False,False,True,False,False,False
250.0,0.223,0,10,0.213,0,7,0,1,False,False,False,False,True,False,True,False,False,False,False,True,False,False,True,False
250.0,0.363,0,16,0.12,0,6,0,1,False,False,False,False,True,True,False,False,False,False,False,True,True,False,False,False
2710.66,0.275,0,43,0.17,0,9,1,1,False,False,False,False,True,True,False,False,False,False,False,True,False,True,False,False
905.2,0.112,0,11,0.478,1,1,0,1,False,False,True,False,False,False,True,False,False,True,False,False,True,False,False,False
1078.28,0.402,0,14,0.342,1,4,1,1,False,False,True,False,False,False,True,False,False,True,False,False,True,False,False,False
1094.2,0.255,0,6,0.06,0,4,0,1,False,False,False,False,True,False,True,False,False,False,True,False,True,False,False,False
353.0,0.224,0,3,0.039,1,2,0,1,False,False,True,False,False,True,False,False,False,True,False,False,False,False,False,True
1737.39,0.108,0,13,0.318,0,5,0,1,False,False,False,True,False,False,True,False,False,False,True,False,False,True,False,False
250.0,0.115,0,10,0.153,1,2,0,1,False,False,True,False,False,True,False,False,False,False,True,False,False,False,True,False
3244.4,0.067,0,35,0.127,0,4,0,1,True,False,False,False,False,False,True,False,False,False,False,True,False,True,False,False
390.59,0.178,0,18,0.066,0,5,0,1,False,False,False,False,True,True,False,False,False,False,True,False,True,False,False,False
795.89,0.43,0,13,0.384,1,1,0,1,True,False,False,False,False,True,False,False,False,False,True,False,False,True,False,False
596.55,0.181,0,15,0.467,0,2,0,1,False,True,False,False,False,False,False,True,False,False,True,False,False,False,True,False
1569.39,0.247,1,0,0.24995735361917937,0,2,0,0,False,False,False,False,True,True,False,False,False,True,False,False,False,True,False,False
322.43,0.269,0,30,0.114,0,4,0,1,False,True,False,False,False,False,True,False,False,True,False,False,True,False,False,False
1972.63,0.472,0,15,0.306,0,2,0,1,False,True,False,False,False,False,True,False,False,False,True,False,False,True,False,False
15002.75,0.487,0,9,0.363,0,4,0,1,True,False,False,False,False,False,True,False,False,True,False,False,False,True,False,False
873.95,0.121,0,24,0.517,1,1,0,1,False,False,True,False,False,False,True,False,False,True,False,False,False,False,True,False
250.0,0.234,0,8,0.365,0,4,0,1,False,True,False,False,False,False,False,True,False,False,True,False,True,False,False,False
6315.65,0.273,0,25,0.119,1,4,0,1,False,False,True,False,False,False,False,True,False,False,True,False,False,True,False,False
4094.57,0.48,0,6,0.13,1,4,0,1,False,False,True,False,False,False,True,False,False,False,False,True,True,False,False,False
782.91,0.163,0,2,0.11,1,4,0,1,False,False,True,False,False,False,True,False,False,True,False,False,False,True,False,False
3041.21,0.264,0,36,0.088,1,4,0,1,False,False,True,False,False,False,False,False,True,True,False,False,False,True,False,False
844.65,0.085,0,8,0.162,0,2,0,1,True,False,False,False,False,True,False,False,False,False,True,False,False,True,False,False
488.34,0.268,0,36,0.261,1,2,1,1,False,False,True,False,False,False,False,True,False,False,True,False,False,True,False,False
511.87,0.233,0,15,0.177,1,5,0,1,False,False,True,False,False,False,False,True,False,False,True,False,False,False,False,True
5300.18,0.198,0,8,0.111,1,2,0,1,False,False,True,False,False,True,False,False,False,False,True,False,True,False,False,False
250.0,0.21,0,21,0.21,0,2,0,1,False,False,False,False,True,False,False,True,False,True,False,False,False,True,False,False
971.33,0.12,0,7,0.352,1,5,0,1,False,False,True,False,False,False,False,True,False,False,False,True,True,False,False,False
1288.94,0.75,0,28,0.145,0,4,0,1,False,False,False,False,True,False,True,False,False,True,False,False,True,False,False,False
453.48,0.228,0,26,0.021,1,1,1,1,False,False,True,False,False,True,False,False,False,True,False,False,False,False,False,True
788.11,0.117,0,5,0.598,1,5,0,1,False,False,True,False,False,False,False,True,False,False,False,True,False,False,True,False
346.69,0.243,0,4,0.17,0,3,0,1,False,False,False,True,False,False,False,True,False,True,False,False,False,False,True,False
1650.77,0.276,0,22,0.251,0,1,0,1,False,False,True,False,False,False,True,False,False,False,True,False,False,True,False,False
7627.68,0.307,0,36,0.321,0,4,0,1,True,False,False,False,False,False,False,True,False,False,True,False,False,True,False,False
1758.37,0.453,0,13,0.162,1,8,1,1,True,False,False,False,False,False,True,False,False,False,False,True,False,False,False,True
1613.87,0.282,0,10,0.235,0,3,0,1,False,False,False,False,True,False,True,False,False,False,False,True,False,False,True,False
381.25,0.595,0,14,0.0,1,2,1,1,False,False,True,False,False,True,False,False,False,False,True,False,True,False,False,False
2388.12,0.225,0,20,0.146,0,5,0,1,False,False,True,False,False,True,False,False,False,False,False,True,False,True,False,False
2541.35,0.062,0,4,0.097,0,7,0,1,False,True,False,False,False,False,True,False,False,True,False,False,True,False,False,False
520.97,0.403,0,44,0.226,0,8,1,1,False,True,False,False,False,False,True,False,False,False,False,True,True,False,False,False
1303.6,0.217,0,15,0.445,1,6,1,1,False,False,True,False,False,False,True,False,False,False,False,True,False,True,False,False
1013.1,0.09,0,6,0.343,1,1,0,1,False,False,True,False,False,True,False,False,False,True,False,False,True,False,False,False
1045.65,0.286,0,3,0.465,0,4,1,1,False,False,False,False,True,True,False,False,False,False,False,True,True,False,False,False
4609.03,0.236,0,30,0.143,0,2,0,1,False,False,False,False,True,True,False,False,False,False,True,False,False,False,True,False
1027.8,0.336,0,15,0.079,0,1,0,1,False,True,False,False,False,True,False,False,False,True,False,False,True,False,False,False
4428.93,0.427,0,11,0.0,0,4,0,1,False,True,False,False,False,False,True,False,False,False,False,True,False,False,False,True
2780.1,0.434,0,2,0.082,0,3,0,1,False,True,False,False,False,False,True,False,False,False,True,False,False,True,False,False
2844.69,0.081,0,35,0.193,0,4,0,1,False,False,True,False,False,False,False,True,False,True,False,False,False,True,False,False
1118.95,0.385,0,30,0.281,0,5,1,1,True,False,False,False,False,True,False,False,False,False,True,False,True,False,False,False
4814.41,0.576,0,14,0.203,0,3,0,1,False,True,False,False,False,False,False,True,False,False,True,False,True,False,False,False
770.77,0.195,0,4,0.085,0,1,0,1,False,True,False,False,False,False,True,False,False,True,False,False,True,False,False,False
250.0,0.032,0,1,0.188,0,3,0,1,False,True,False,False,False,False,True,False,False,True,False,False,True,False,False,False
762.21,0.437,0,9,0.207,1,1,1,1,False,False,True,False,False,True,False,False,False,True,False,False,True,False,False,False
291.68,0.623,0,31,0.302,1,2,0,1,True,False,False,False,False,False,True,False,False,True,False,False,False,True,False,False
8054.9,0.42,0,8,0.279,0,1,0,1,False,False,False,False,True,True,False,False,False,False,True,False,False,False,False,True
324.34,0.214,0,6,0.082,0,3,0,1,False,True,False,False,False,False,False,False,True,True,False,False,False,False,True,False
1020.78,0.404,0,9,0.265,0,1,0,1,True,False,False,False,False,False,True,False,False,True,False,False,True,False,False,False
4492.09,0.445,0,14,0.11,0,4,0,1,False,True,False,False,False,False,False,False,True,True,False,False,True,False,False,False
480.21,0.168,0,3,0.332,0,4,0,1,False,True,False,False,False,False,True,False,False,True,False,False,False,False,True,False
9024.7,0.67,0,37,0.0,1,2,0,1,False,False,True,False,False,False,True,False,False,False,True,False,False,False,False,True
1246.28,0.378,0,21,0.371,0,1,0,1,False,True,False,False,False,False,False,True,False,True,False,False,False,True,False,False
702.34,0.489,0,15,0.148,0,6,0,1,False,False,False,False,True,False,False,True,False,False,False,True,False,True,False,False
2319.84,0.691,0,7,0.678,0,4,0,1,True,False,False,False,False,False,False,True,False,True,False,False,False,True,False,False
1041.76,0.392,0,7,0.469,1,7,0,1,False,False,True,False,False,True,False,False,False,False,False,True,False,False,False,True
1590.9,0.194,0,12,0.161,0,2,0,1,False,False,False,False,True,True,False,False,False,False,True,False,False,False,False,True
1825.41,0.056,0,2,0.006,1,3,0,1,False,False,True,False,False,True,False,False,False,False,True,False,False,False,False,True
813.61,0.064,0,12,0.265,1,5,0,1,False,False,True,False,False,False,True,False,False,True,False,False,True,False,False,False
2207.83,0.204,0,38,0.115,1,5,0,1,True,False,False,False,False,True,False,False,False,False,True,False,False,False,False,True
19927.79,0.465,0,4,0.316,1,6,0,1,False,False,True,False,False,False,True,False,False,False,False,True,False,True,False,False
4416.15,0.439,0,17,0.078,0,2,0,1,True,False,False,False,False,True,False,False,False,False,True,False,True,False,False,False
344.78,0.66,1,0,0.24995735361917937,0,4,0,0,False,False,True,False,False,False,True,False,False,False,False,True,False,True,False,False
1593.07,0.286,0,19,0.0,0,9,0,1,False,True,False,False,False,False,False,True,False,True,False,False,True,False,False,False
9413.15,0.138,0,21,0.509,0,2,0,1,False,False,True,False,False,False,True,False,False,False,True,False,True,False,False,False
2986.0,0.121,0,28,0.283,0,4,0,1,False,True,False,False,False,False,False,True,False,False,False,True,True,False,False,False
250.0,0.154,0,22,0.151,0,3,0,1,False,False,True,False,False,False,False,True,False,True,False,False,False,True,False,False
820.61,0.399,0,37,0.071,0,2,0,1,False,False,False,False,True,False,True,False,False,False,True,False,False,False,True,False
359.77,0.439,0,11,0.235,0,2,1,1,False,False,False,False,True,False,True,False,False,True,False,False,False,False,False,True
250.0,0.152,0,4,0.069,1,5,1,1,False,False,True,False,False,True,False,False,False,True,False,False,False,True,False,False
409.46,0.297,0,26,0.083,0,3,1,1,False,False,False,False,True,False,True,False,False,True,False,False,False,False,True,False
250.0,0.335,0,4,0.512,0,3,1,1,False,False,True,False,False,True,False,False,False,True,False,False,False,False,False,True
3492.05,0.071,0,16,0.059,0,4,0,1,False,True,False,False,False,False,True,False,False,True,False,False,False,True,False,False
359.78,0.343,0,19,0.424,0,9,1,1,True,False,False,False,False,True,False,False,False,True,False,False,False,False,True,False
2225.45,0.193,0,10,0.088,0,6,0,1,False,True,False,False,False,False,True,False,False,False,False,True,False,False,False,True
2462.12,0.384,0,22,0.216,0,3,0,1,True,False,False,False,False,False,True,False,False,True,False,False,False,False,False,True
1869.09,0.222,0,22,0.113,1,3,0,1,False,False,True,False,False,True,False,False,False,False,False,True,True,False,False,False
250.0,0.106,0,9,0.107,1,1,0,1,False,False,True,False,False,True,False,False,False,True,False,False,False,False,True,False
3270.01,0.248,0,24,0.35,0,3,0,1,False,False,False,True,False,False,True,False,False,False,True,False,False,True,False,False
439.82,0.235,0,22,0.442,0,3,0,1,False,False,False,True,False,False,True,False,False,True,False,False,False,True,False,False
1377.9,0.428,0,12,0.288,1,2,1,1,False,False,True,False,False,True,False,False,False,False,True,False,False,False,False,True
2873.93,0.061,0,13,0.306,0,2,0,1,False,False,True,False,False,False,True,False,False,True,False,False,False,True,False,False
353.28,0.113,0,3,0.255,0,3,1,1,False,False,True,False,False,False,False,False,True,False,True,False,False,False,False,True
479.33,0.067,0,20,0.393,0,2,0,1,False,False,False,False,True,False,True,False,False,True,False,False,True,False,False,False
2753.33,0.181,0,4,0.46,0,6,1,1,False,True,False,False,False,False,True,False,False,True,False,False,True,False,False,False
4296.38,0.391,0,22,0.121,1,4,1,1,False,False,True,False,False,True,False,False,False,False,False,True,False,True,False,False
410.17,0.508,0,22,0.327,0,4,1,1,False,False,False,False,True,True,False,False,False,False,True,False,False,False,True,False
1046.46,0.523,0,17,0.043,0,2,0,1,False,True,False,False,False,False,True,False,False,True,False,False,True,False,False,False
1300.19,0.324,0,10,0.217,0,2,0,1,False,True,False,False,False,False,True,False,False,True,False,False,False,True,False,False
250.0,0.49,0,10,0.283,0,6,0,1,False,True,False,False,False,False,False,False,True,False,True,False,True,False,False,False
707.73,0.276,0,18,0.305,1,2,0,1,True,False,False,False,False,False,True,False,False,True,False,False,False,False,True,False
576.26,0.307,1,0,0.24995735361917937,1,3,0,0,False,False,True,False,False,False,True,False,False,True,False,False,False,True,False,False
4810.66,0.229,0,1,0.342,0,5,0,1,False,False,False,False,True,True,False,False,False,False,False,True,False,True,False,False
542.02,0.253,0,10,0.698,1,2,0,1,False,False,True,False,False,False,False,True,False,True,False,False,False,True,False,False
2123.06,0.178,1,0,0.24995735361917937,0,3,0,0,False,False,False,False,True,False,False,True,False,False,True,False,False,False,True,False
582.79,0.186,0,2,0.742,0,3,0,1,False,False,True,False,False,False,True,False,False,True,False,False,False,True,False,False
1346.11,0.216,0,2,0.453,1,7,1,1,False,False,True,False,False,True,False,False,False,False,False,True,False,False,False,True
2798.35,0.119,0,8,0.073,0,6,0,1,True,False,False,False,False,False,False,True,False,False,True,False,False,False,False,True
869.37,0.225,0,10,0.377,1,6,0,1,False,False,True,False,False,False,True,False,False,False,False,True,False,False,True,False
1443.52,0.499,0,24,0.055,0,1,0,1,False,False,False,True,False,False,True,False,False,False,True,False,True,False,False,False
466.17,0.179,0,4,0.321,0,5,0,1,False,True,False,False,False,True,False,False,False,False,True,False,False,False,False,True
17553.69,0.51,0,12,0.366,1,2,0,1,False,False,True,False,False,True,False,False,False,False,True,False,False,True,False,False
1000.37,0.169,0,19,0.379,0,2,0,1,True,False,False,False,False,False,True,False,False,True,False,False,False,False,False,True
683.13,0.145,0,3,0.763,1,1,1,1,False,False,True,False,False,True,False,False,False,False,True,False,False,False,True,False
17346.38,0.372,1,0,0.24995735361917937,0,3,0,0,False,True,False,False,False,False,True,False,False,False,False,True,True,False,False,False
250.0,0.112,0,4,0.221,1,3,0,1,False,False,True,False,False,False,True,False,False,True,False,False,False,False,False,True
250.0,0.427,0,23,0.143,0,3,0,1,False,False,False,False,True,True,False,False,False,True,False,False,True,False,False,False
4135.17,0.086,0,4,0.378,0,2,1,1,True,False,False,False,False,False,True,False,False,False,True,False,False,False,True,False
957.68,0.587,0,11,0.834,0,5,1,1,False,True,False,False,False,False,False,True,False,True,False,False,True,False,False,False
1764.91,0.601,0,38,0.188,0,1,0,1,False,True,False,False,False,False,True,False,False,False,True,False,False,True,False,False
10463.7,0.093,0,23,0.0,0,2,0,1,False,False,False,False,True,False,True,False,False,True,False,False,True,False,False,False
2744.65,0.267,0,20,0.07,1,6,0,1,False,False,True,False,False,False,True,False,False,True,False,False,False,False,True,False
1632.61,0.437,0,11,0.201,0,2,0,1,False,False,False,False,True,False,False,True,False,False,True,False,False,False,True,False
261.9,0.397,0,15,0.143,0,4,0,1,False,False,False,False,True,False,True,False,False,True,False,False,False,True,False,False
5463.87,0.396,0,19,0.15,1,1,0,1,False,False,True,False,False,False,True,False,False,False,True,False,False,False,True,False
354.38,0.433,0,16,0.293,0,2,0,1,False,False,True,False,False,False,False,True,False,False,True,False,False,False,True,False
1454.89,0.098,0,4,0.438,0,3,0,1,False,True,False,False,False,False,False,False,True,False,True,False,False,True,False,False
867.43,0.526,0,1,0.37,0,5,0,1,False,False,False,False,True,False,True,False,False,True,False,False,True,False,False,False
2266.87,0.253,0,30,0.078,0,1,0,1,False,False,False,False,True,False,False,True,False,True,False,False,True,False,False,False
1081.08,0.279,0,24,0.224,1,1,1,1,False,False,True,False,False,False,True,False,False,False,True,False,False,True,False,False
8506.81,0.163,0,5,0.264,0,2,0,1,False,True,False,False,False,False,False,True,False,False,True,False,True,False,False,False
3036.23,0.187,0,17,0.101,0,2,0,1,False,True,False,False,False,False,True,False,False,True,False,False,False,False,True,False
2798.73,0.392,0,19,0.15,0,7,0,1,False,False,True,False,False,False,False,False,True,False,False,True,True,False,False,False
2586.05,0.111,0,39,0.022,1,2,0,1,False,False,True,False,False,False,True,False,False,True,False,False,False,True,False,False
483.89,0.4,0,5,0.261,0,4,0,1,False,False,False,False,True,False,True,False,False,False,True,False,False,True,False,False
648.78,0.286,0,6,0.173,0,2,0,1,False,False,False,False,True,False,True,False,False,False,True,False,False,True,False,False
277.0,0.308,0,14,0.166,1,4,0,1,False,False,True,False,False,False,True,False,False,True,False,False,False,False,False,True
473.67,0.162,0,5,0.255,0,1,0,1,False,True,False,False,False,False,True,False,False,True,False,False,False,True,False,False
7059.47,0.663,0,32,0.312,0,1,0,1,False,True,False,False,False,True,False,False,False,True,False,False,False,False,False,True
1322.5,0.386,1,0,0.24995735361917937,0,1,1,0,False,False,False,True,False,False,True,False,False,True,False,False,True,False,False,False
1282.09,0.256,0,15,0.143,0,3,0,1,False,True,False,False,False,True,False,False,False,False,True,False,False,True,False,False
250.0,0.628,0,12,0.216,0,2,0,1,True,False,False,False,False,True,False,False,False,False,True,False,False,True,False,False
3864.91,0.183,0,22,0.179,0,2,0,1,False,True,False,False,False,True,False,False,False,True,False,False,False,False,True,False
1902.15,0.47,0,6,0.441,0,3,0,1,False,True,False,False,False,True,False,False,False,False,False,True,False,False,False,True
1209.57,0.157,0,10,0.344,0,4,0,1,False,False,True,False,False,True,False,False,False,True,False,False,False,True,False,False
458.91,0.051,0,3,0.0,1,3,0,1,False,False,True,False,False,True,False,False,False,True,False,False,False,False,True,False
4728.26,0.401,0,21,0.205,1,7,0,1,False,False,True,False,False,True,False,False,False,True,False,False,True,False,False,False
4815.42,0.026,0,25,0.438,0,1,0,1,False,False,False,True,False,False,False,False,True,True,False,False,True,False,False,False
547.75,0.324,0,23,0.424,0,5,0,1,False,False,True,False,False,False,True,False,False,False,False,True,True,False,False,False
250.0,0.183,0,21,0.34,1,3,0,1,False,False,True,False,False,False,True,False,False,True,False,False,False,True,False,False
1423.89,0.107,0,16,0.228,0,6,0,1,True,False,False,False,False,True,False,False,False,False,False,True,False,False,False,True
315.62,0.087,0,5,0.14,1,1,1,1,False,False,True,False,False,False,True,False,False,False,True,False,True,False,False,False
278.85,0.058,0,32,0.135,0,5,1,1,True,False,False,False,False,False,False,True,False,False,True,False,False,False,True,False
1055.06,0.101,0,13,0.329,0,2,0,1,False,False,False,True,False,False,False,True,False,True,False,False,False,False,True,False
332.52,0.43,0,4,0.103,0,4,0,1,False,True,False,False,False,False,True,False,False,True,False,False,False,True,False,False
1151.6,0.203,0,6,0.176,0,6,0,1,True,False,False,False,False,False,True,False,False,False,True,False,True,False,False,False
2112.21,0.579,0,7,0.254,0,8,0,1,False,False,False,True,False,False,True,False,False,False,True,False,False,False,False,True
562.99,0.614,0,9,0.184,1,4,1,1,False,False,True,False,False,True,False,False,False,False,True,False,False,False,False,True
3134.73,0.548,0,6,0.419,0,3,0,1,False,False,False,True,False,False,False,False,True,False,True,False,False,True,False,False
343.8,0.243,0,24,0.141,0,3,0,1,False,False,False,False,True,True,False,False,False,False,False,True,True,False,False,False
1063.73,0.307,0,3,0.121,1,4,1,1,False,False,True,False,False,False,False,True,False,False,True,False,True,False,False,False
433.34,0.283,0,6,0.099,0,1,0,1,False,False,False,False,True,False,True,False,False,False,True,False,False,False,True,False
888.63,0.171,0,15,0.157,0,4,0,1,False,False,False,False,True,True,False,False,False,False,True,False,False,False,True,False
1344.32,0.14,0,27,0.281,0,4,0,1,True,False,False,False,False,False,True,False,False,False,True,False,False,True,False,False
1103.48,0.235,0,4,0.34,1,4,0,1,False,False,True,False,False,True,False,False,False,True,False,False,False,True,False,False
801.24,0.171,0,7,0.167,1,3,0,1,True,False,False,False,False,False,True,False,False,False,True,False,False,True,False,False
2009.25,0.221,0,16,0.0,0,2,0,1,False,True,False,False,False,True,False,False,False,False,False,True,False,False,False,True
701.07,0.35,0,11,0.339,0,1,0,1,True,False,False,False,False,True,False,False,False,False,True,False,True,False,False,False
1333.28,0.23,0,5,0.0,0,4,0,1,False,False,False,False,True,True,False,False,False,False,False,True,True,False,False,False
4322.57,0.241,0,33,0.203,0,5,0,1,True,False,False,False,False,False,True,False,False,True,False,False,True,False,False,False
3653.91,0.377,0,7,0.155,0,4,0,1,True,False,False,False,False,False,False,True,False,True,False,False,False,False,True,False
1243.93,0.245,0,2,0.121,0,2,0,1,False,True,False,False,False,False,True,False,False,True,False,False,False,True,False,False
1856.45,0.655,0,3,0.18,0,1,0,1,False,False,False,False,True,False,True,False,False,True,False,False,False,True,False,False
689.75,0.181,0,39,0.25,0,6,0,1,False,False,False,True,False,False,False,True,False,False,True,False,False,False,False,True
1163.92,0.435,0,11,0.727,0,2,0,1,False,True,False,False,False,False,True,False,False,True,False,False,True,False,False,False
1971.31,0.275,0,23,0.308,0,3,1,1,False,False,False,False,True,False,False,False,True,False,True,False,True,False,False,False
1578.48,0.235,0,37,0.195,0,3,0,1,False,False,True,False,False,False,True,False,False,True,False,False,True,False,False,False
360.4,0.232,0,14,0.093,1,6,0,1,False,False,True,False,False,True,False,False,False,True,False,False,True,False,False,False
2635.02,0.301,0,12,0.121,0,2,0,1,False,False,False,True,False,False,True,False,False,False,True,False,False,False,False,True
7448.81,0.271,0,45,0.318,1,4,1,1,False,False,True,False,False,False,True,False,False,False,False,True,False,True,False,False
426.88,0.356,0,2,0.548,1,2,0,1,False,False,True,False,False,False,False,False,True,False,True,False,True,False,False,False
1040.04,0.467,0,5,0.356,1,3,0,1,False,False,True,False,False,False,False,False,True,False,True,False,False,True,False,False
1369.68,0.328,0,9,0.0,1,4,0,1,False,False,True,False,False,False,True,False,False,True,False,False,False,False,False,True
250.0,0.137,0,13,0.01,1,4,0,1,False,False,True,False,False,True,False,False,False,False,True,False,False,False,False,True
2032.22,0.281,0,6,0.29,0,1,0,1,True,False,False,False,False,False,True,False,False,True,False,False,True,False,False,False
635.73,0.282,0,3,0.071,0,5,0,1,False,True,False,False,False,False,True,False,False,False,False,True,True,False,False,False
1616.59,0.201,0,24,0.278,1,2,0,1,False,False,True,False,False,False,False,True,False,False,True,False,False,True,False,False
1196.93,0.499,0,4,0.168,1,2,0,1,False,False,True,False,False,False,False,True,False,True,False,False,False,False,False,True
250.0,0.226,0,8,0.068,1,1,0,1,False,False,True,False,False,False,True,False,False,False,True,False,False,False,False,True
280.77,0.363,0,9,0.28,0,3,0,1,True,False,False,False,False,False,True,False,False,True,False,False,True,False,False,False
850.77,0.639,0,3,0.03,0,1,0,1,False,False,False,False,True,False,True,False,False,False,True,False,False,True,False,False
972.26,0.136,0,14,0.212,0,4,0,1,True,False,False,False,False,False,False,False,True,False,False,True,False,False,False,True
4295.56,0.057,0,24,0.305,1,1,0,1,False,False,True,False,False,False,False,False,True,True,False,False,True,False,False,False
2725.09,0.293,0,18,0.124,1,5,0,1,False,False,True,False,False,False,False,True,False,False,False,True,True,False,False,False
2516.65,0.026,0,20,0.286,1,4,0,1,False,False,True,False,False,False,True,False,False,False,True,False,False,True,False,False
250.0,0.305,0,2,0.333,1,3,0,1,False,False,True,False,False,True,False,False,False,True,False,False,False,True,False,False
797.77,0.061,0,2,0.111,0,3,0,1,False,False,True,False,False,True,False,False,False,True,False,False,False,True,False,False
593.7,0.439,0,7,0.496,1,2,0,1,False,False,True,False,False,False,False,True,False,False,False,True,False,True,False,False
3379.86,0.457,0,29,0.1,1,1,0,1,False,False,True,False,False,False,True,False,False,True,False,False,False,True,False,False
1048.62,0.451,0,2,0.195,0,5,0,1,False,True,False,False,False,False,True,False,False,True,False,False,False,True,False,False
1154.58,0.185,0,12,0.339,0,4,0,1,False,False,False,True,False,False,True,False,False,True,False,False,False,False,True,False
765.86,0.409,0,1,0.526,0,4,0,1,False,False,False,True,False,True,False,False,False,True,False,False,True,False,False,False
9790.18,0.037,0,41,0.165,1,7,0,1,False,False,True,False,False,False,True,False,False,False,False,True,False,False,False,True
2063.45,0.434,0,14,0.353,0,1,0,1,False,False,False,False,True,False,False,True,False,True,False,False,True,False,False,False
860.66,0.135,0,21,0.287,1,3,0,1,False,False,True,False,False,False,True,False,False,False,True,False,False,True,False,False
250.0,0.465,0,3,0.116,0,4,0,1,False,True,False,False,False,False,True,False,False,True,False,False,False,False,True,False
1030.69,0.204,0,3,0.178,1,5,0,1,False,False,True,False,False,True,False,False,False,False,False,True,False,True,False,False
2897.31,0.07,0,16,0.115,0,5,0,1,False,False,False,True,False,False,False,True,False,True,False,False,False,True,False,False
332.77,0.227,0,7,0.501,0,1,0,1,False,False,True,False,False,False,True,False,False,True,False,False,False,False,False,True
6935.05,0.543,0,37,0.07,0,5,0,1,True,False,False,False,False,False,True,False,False,False,True,False,False,False,False,True
705.72,0.287,0,31,0.351,0,2,0,1,False,False,False,False,True,False,True,False,False,False,True,False,False,False,False,True
1231.12,0.468,0,4,0.312,0,2,0,1,False,False,False,False,True,True,False,False,False,True,False,False,False,False,False,True
250.0,0.103,0,20,0.262,0,2,0,1,False,False,False,False,True,False,False,True,False,False,True,False,False,False,True,False
424.01,0.461,0,14,0.192,0,3,0,1,False,False,False,False,True,False,True,False,False,True,False,False,False,False,False,True
639.67,0.191,0,37,0.514,1,1,1,1,False,False,True,False,False,False,False,True,False,False,True,False,True,False,False,False
267.45,0.259,0,6,0.496,0,2,1,1,True,False,False,False,False,True,False,False,False,False,True,False,False,False,True,False
250.0,0.063,0,8,0.171,0,5,0,1,False,True,False,False,False,True,False,False,False,False,True,False,False,False,True,False
1824.46,0.346,0,12,0.032,1,2,0,1,False,False,True,False,False,False,True,False,False,True,False,False,True,False,False,False
2094.19,0.234,0,2,0.479,0,1,0,1,False,True,False,False,False,False,True,False,False,True,False,False,True,False,False,False
1714.33,0.238,0,7,0.364,0,4,0,1,False,False,False,True,False,False,True,False,False,True,False,False,True,False,False,False
687.47,0.295,0,22,0.158,0,1,0,1,False,False,False,True,False,False,True,False,False,False,True,False,False,False,False,True
307.72,0.097,0,5,0.085,0,5,0,1,False,False,False,False,True,True,False,False,False,False,False,True,False,False,False,True
250.0,0.044,0,21,0.048,1,3,0,1,False,False,True,False,False,True,False,False,False,True,False,False,True,False,False,False
1921.4,0.356,0,2,0.23,0,1,0,1,False,False,False,False,True,True,False,False,False,True,False,False,True,False,False,False
8047.35,0.513,0,13,0.207,0,7,0,1,False,False,False,True,False,True,False,False,False,False,True,False,True,False,False,False
250.0,0.416,0,34,0.25,0,2,0,1,False,False,False,True,False,False,True,False,False,True,False,False,False,False,True,False
421.33,0.22,0,15,0.0,1,3,1,1,False,False,True,False,False,True,False,False,False,True,False,False,False,True,False,False
5945.32,0.154,0,13,0.098,1,2,0,1,False,False,True,False,False,True,False,False,False,False,True,False,True,False,False,False
503.75,0.349,0,23,0.212,0,3,0,1,True,False,False,False,False,False,True,False,False,True,False,False,False,True,False,False
1478.8,0.165,0,29,0.241,1,2,0,1,False,False,True,False,False,False,False,True,False,False,True,False,True,False,False,False
8272.16,0.153,0,15,0.404,0,1,0,1,False,False,False,False,True,False,False,False,True,True,False,False,True,False,False,False
929.07,0.154,0,6,0.199,0,1,0,1,False,True,False,False,False,False,False,True,False,False,True,False,False,False,False,True
1272.48,0.424,0,8,0.231,0,1,0,1,False,False,False,False,True,False,False,True,False,True,False,False,False,True,False,False
2099.89,0.389,0,33,0.31,0,3,0,1,False,True,False,False,False,True,False,False,False,False,False,True,True,False,False,False
1113.73,0.34,0,13,0.35,1,4,1,1,False,False,True,False,False,False,True,False,False,True,False,False,False,False,True,False
1527.23,0.095,0,14,0.12,0,1,1,1,False,True,False,False,False,True,False,False,False,True,False,False,False,True,False,False
2376.28,0.252,0,3,0.142,1,6,0,1,False,False,True,False,False,False,True,False,False,False,False,True,False,True,False,False
830.92,0.531,0,2,0.41,0,4,0,1,False,False,True,False,False,False,True,False,False,False,True,False,False,False,False,True
1263.5,0.198,0,15,0.074,0,6,0,1,True,False,False,False,False,True,False,False,False,True,False,False,False,True,False,False
453.35,0.136,0,6,0.155,1,4,0,1,False,False,True,False,False,False,True,False,False,True,False,False,False,False,False,True
3350.96,0.362,0,16,0.41,0,5,0,1,False,True,False,False,False,False,True,False,False,True,False,False,False,True,False,False
513.08,0.592,0,16,0.408,1,5,0,1,True,False,False,False,False,False,True,False,False,True,False,False,False,False,False,True
5872.65,0.327,0,15,0.314,0,1,0,1,True,False,False,False,False,False,False,True,False,False,True,False,False,False,False,True
1213.43,0.254,0,9,0.119,0,2,0,1,False,False,True,False,False,False,True,False,False,False,True,False,True,False,False,False
2064.78,0.375,0,34,0.204,1,5,0,1,False,False,True,False,False,False,True,False,False,False,True,False,False,True,False,False
1715.36,0.238,0,25,0.167,1,4,0,1,False,False,True,False,False,True,False,False,False,True,False,False,False,False,True,False
318.54,0.269,0,12,0.529,0,3,0,1,False,False,False,True,False,False,True,False,False,True,False,False,True,False,False,False
344.59,0.507,0,21,0.308,0,1,0,1,False,False,False,False,True,False,False,False,True,True,False,False,True,False,False,False
712.3,0.246,0,25,0.371,0,2,0,1,False,True,False,False,False,False,True,False,False,False,True,False,True,False,False,False
2654.84,0.263,0,27,0.0,1,7,0,1,False,False,True,False,False,False,False,False,True,True,False,False,True,False,False,False
451.29,0.217,0,24,0.297,1,7,0,1,False,False,True,False,False,False,True,False,False,True,False,False,False,True,False,False
1192.77,0.267,0,25,0.205,1,2,0,1,False,False,True,False,False,True,False,False,False,True,False,False,False,True,False,False
7941.26,0.092,0,32,0.147,0,2,0,1,False,False,False,True,False,False,True,False,False,False,True,False,False,False,False,True
13308.71,0.181,0,6,0.174,0,1,0,1,False,False,False,False,True,False,True,False,False,True,False,False,True,False,False,False
864.99,0.34,0,4,0.2,0,4,0,1,False,False,False,False,True,False,False,False,True,True,False,False,False,True,False,False
2052.94,0.365,0,30,0.229,1,1,1,1,True,False,False,False,False,False,False,True,False,True,False,False,False,False,True,False
1304.41,0.247,0,3,0.296,0,10,0,1,False,True,False,False,False,True,False,False,False,False,True,False,True,False,False,False
250.0,0.314,0,7,0.295,0,5,1,1,False,False,False,False,True,True,False,False,False,True,False,False,True,False,False,False
828.28,0.301,0,1,0.533,0,4,0,1,False,False,False,True,False,True,False,False,False,False,False,True,True,False,False,False
463.64,0.223,0,6,0.035,0,2,0,1,True,False,False,False,False,True,False,False,False,True,False,False,True,False,False,False
1142.95,0.077,0,5,0.136,0,1,0,1,False,True,False,False,False,False,True,False,False,True,False,False,False,False,False,True
497.69,0.185,0,7,0.109,0,1,1,1,False,False,False,False,True,True,False,False,False,False,True,False,False,False,True,False
1601.78,0.055,0,2,0.16,0,1,0,1,False,True,False,False,False,False,False,False,True,False,True,False,False,False,False,True
2788.57,0.227,0,7,0.565,0,2,0,1,True,False,False,False,False,True,False,False,False,True,False,False,False,False,True,False
2158.21,0.24,0,31,0.0,0,1,0,1,False,False,False,True,False,False,True,False,False,False,True,False,True,False,False,False
250.0,0.342,0,26,0.668,0,2,0,1,False,True,False,False,False,False,False,True,False,False,True,False,False,False,True,False
1752.15,0.531,0,6,0.333,1,4,0,1,False,False,True,False,False,True,False,False,False,True,False,False,False,False,True,False
860.82,0.197,0,15,0.191,1,3,0,1,False,False,True,False,False,False,True,False,False,True,False,False,True,False,False,False
1345.98,0.298,0,26,0.344,1,6,0,1,False,False,True,False,False,False,True,False,False,True,False,False,False,False,False,True
250.0,0.168,0,24,0.228,0,3,1,1,False,False,False,False,True,True,False,False,False,True,False,False,True,False,False,False
1105.99,0.374,0,3,0.183,0,4,0,1,False,False,False,False,True,False,False,False,True,True,False,False,True,False,False,False
250.0,0.016,0,10,0.294,1,4,1,1,False,False,True,False,False,False,False,True,False,False,True,False,False,False,True,False
2298.49,0.419,0,15,0.357,0,1,0,1,False,True,False,False,False,False,True,False,False,False,True,False,False,False,False,True
800.53,0.141,0,3,0.375,0,7,0,1,True,False,False,False,False,False,False,True,False,False,True,False,False,False,True,False
2999.91,0.478,0,21,0.229,0,8,0,1,False,False,False,True,False,False,True,False,False,False,False,True,False,False,False,True
374.15,0.25,0,5,0.468,1,10,1,1,False,False,True,False,False,False,False,True,False,False,False,True,True,False,False,False
748.44,0.353,0,35,0.312,0,1,0,1,False,True,False,False,False,True,False,False,False,False,True,False,True,False,False,False
829.73,0.249,0,2,0.08,0,6,0,1,False,False,False,False,True,False,True,False,False,False,False,True,False,True,False,False
308.49,0.25,0,40,0.001,0,5,0,1,False,True,False,False,False,False,True,False,False,True,False,False,False,False,False,True
1261.72,0.268,0,4,0.0,1,4,0,1,False,False,True,False,False,True,False,False,False,False,True,False,False,False,True,False
1147.64,0.65,0,19,0.139,1,3,1,1,False,False,True,False,False,True,False,False,False,False,True,False,True,False,False,False
250.0,0.069,0,15,0.165,1,5,0,1,False,False,True,False,False,True,False,False,False,False,True,False,False,False,False,True
598.04,0.038,0,24,0.08,0,1,0,1,False,False,False,False,True,False,True,False,False,True,False,False,False,True,False,False
944.58,0.61,1,0,0.24995735361917937,0,2,0,0,True,False,False,False,False,True,False,False,False,False,True,False,True,False,False,False
2912.87,0.073,0,1,0.423,0,1,0,1,False,True,False,False,False,True,False,False,False,True,False,False,False,True,False,False
3474.16,0.476,0,16,0.335,0,1,0,1,False,True,False,False,False,False,True,False,False,False,True,False,False,True,False,False
3270.63,0.65,0,15,0.172,1,4,0,1,False,False,True,False,False,False,False,True,False,True,False,False,False,False,True,False
917.98,0.75,0,28,0.436,0,4,1,1,False,False,True,False,False,False,False,True,False,False,True,False,False,True,False,False
1912.35,0.603,0,8,0.155,0,4,0,1,True,False,False,False,False,True,False,False,False,False,True,False,False,True,False,False
1863.16,0.16,0,17,0.204,0,2,0,1,True,False,False,False,False,False,True,False,False,False,True,False,False,False,True,False
646.94,0.561,0,22,0.111,0,2,0,1,False,False,False,False,True,False,True,False,False,True,False,False,False,False,True,False
3071.19,0.074,0,2,0.525,0,3,0,1,False,False,False,True,False,False,True,False,False,False,True,False,False,True,False,False
1973.79,0.244,0,8,0.304,0,3,0,1,True,False,False,False,False,False,True,False,False,False,True,False,False,True,False,False
278.74,0.207,0,6,0.225,0,1,0,1,False,False,False,True,False,True,False,False,False,True,False,False,False,True,False,False
2369.88,0.122,0,27,0.394,0,5,0,1,False,True,False,False,False,True,False,False,False,False,False,True,False,False,True,False
9385.13,0.17,0,27,0.145,1,5,0,1,False,False,True,False,False,False,True,False,False,False,False,True,False,True,False,False
1693.98,0.107,0,9,0.401,0,3,0,1,False,False,False,True,False,False,True,False,False,True,False,False,True,False,False,False
1621.71,0.436,0,31,0.0,0,3,0,1,False,False,False,True,False,False,True,False,False,False,False,True,False,True,False,False
4682.91,0.118,0,5,0.227,0,1,1,1,False,False,False,False,True,True,False,False,False,False,True,False,False,True,False,False
250.0,0.3,0,3,0.42,1,2,0,1,False,False,True,False,False,True,False,False,False,True,False,False,False,False,True,False
839.31,0.243,0,11,0.173,1,3,1,1,False,False,True,False,False,False,True,False,False,False,False,True,False,True,False,False
306.61,0.084,0,2,0.092,1,1,0,1,False,False,True,False,False,True,False,False,False,False,True,False,False,False,True,False
266.5,0.141,1,0,0.24995735361917937,0,2,0,0,False,True,False,False,False,False,True,False,False,False,True,False,True,False,False,False
1883.21,0.294,0,8,0.316,0,2,0,1,False,True,False,False,False,True,False,False,False,True,False,False,True,False,False,False
440.56,0.167,0,16,0.353,0,5,1,1,False,False,False,True,False,False,False,True,False,True,False,False,False,True,False,False
6852.55,0.486,0,10,0.173,1,6,0,1,True,False,False,False,False,False,True,False,False,False,False,True,False,False,True,False
7282.51,0.325,0,7,0.14,1,1,0,1,False,False,True,False,False,True,False,False,False,True,False,False,True,False,False,False
2026.68,0.085,0,2,0.088,1,3,0,1,False,False,True,False,False,False,False,True,False,False,True,False,True,False,False,False
332.41,0.505,0,10,0.117,0,2,1,1,False,False,False,False,True,False,False,True,False,False,True,False,True,False,False,False
286.22,0.261,0,3,0.371,1,5,0,1,False,False,True,False,False,False,True,False,False,False,False,True,True,False,False,False
2596.64,0.356,0,6,0.399,0,2,0,1,False,False,False,True,False,False,False,True,False,False,True,False,False,True,False,False
1251.49,0.105,0,32,0.28,0,2,0,1,False,False,False,True,False,True,False,False,False,True,False,False,False,True,False,False
348.26,0.378,0,14,0.277,0,2,0,1,True,False,False,False,False,False,True,False,False,True,False,False,True,False,False,False
1868.66,0.191,0,3,0.182,0,3,0,1,True,False,False,False,False,True,False,False,False,False,True,False,False,True,False,False
3277.78,0.084,0,31,0.169,1,4,0,1,False,False,True,False,False,False,True,False,False,False,True,False,False,False,True,False
3374.48,0.293,0,16,0.329,0,3,0,1,False,True,False,False,False,False,True,False,False,False,True,False,False,True,False,False
675.44,0.289,0,15,0.089,0,3,0,1,False,False,False,True,False,True,False,False,False,True,False,False,True,False,False,False
1067.46,0.167,0,30,0.073,0,3,0,1,False,False,False,False,True,False,True,False,False,True,False,False,True,False,False,False
4334.24,0.14,0,2,0.307,1,3,0,1,False,False,True,False,False,False,True,False,False,True,False,False,False,True,False,False
4111.39,0.271,0,5,0.054,1,3,0,1,False,False,True,False,False,False,True,False,False,False,True,False,False,True,False,False
1492.39,0.53,0,18,0.0,0,4,0,1,False,True,False,False,False,False,True,False,False,True,False,False,False,True,False,False
250.0,0.312,0,15,0.329,1,2,1,1,False,False,True,False,False,True,False,False,False,True,False,False,False,False,True,False
2347.12,0.316,0,5,0.272,0,4,0,1,True,False,False,False,False,True,False,False,False,False,True,False,False,False,True,False
1960.94,0.188,0,20,0.187,0,4,0,1,False,True,False,False,False,False,False,True,False,True,False,False,False,True,False,False
717.42,0.606,0,25,0.247,0,3,0,1,False,False,False,True,False,False,True,False,False,False,True,False,True,False,False,False
424.14,0.204,0,6,0.229,1,2,0,1,False,False,True,False,False,False,False,False,True,True,False,False,False,True,False,False
1897.61,0.076,0,8,0.088,1,5,1,1,False,False,True,False,False,True,False,False,False,False,True,False,False,True,False,False
1237.46,0.272,0,4,0.564,0,2,0,1,True,False,False,False,False,False,False,True,False,True,False,False,True,False,False,False
427.42,0.233,0,23,0.077,0,3,0,1,False,False,False,True,False,False,True,False,False,True,False,False,False,True,False,False
3491.65,0.263,0,38,0.312,0,2,0,1,False,False,False,False,True,True,False,False,False,True,False,False,False,False,True,False
6277.42,0.229,0,5,0.096,0,4,0,1,False,False,False,False,True,True,False,False,False,False,True,False,True,False,False,False
4141.5,0.448,0,1,0.0,0,7,0,1,False,True,False,False,False,False,True,False,False,False,False,True,True,False,False,False
775.73,0.269,0,23,0.279,0,4,1,1,False,True,False,False,False,False,True,False,False,False,False,True,True,False,False,False
2631.56,0.214,0,5,0.209,0,3,0,1,False,False,False,False,True,False,True,False,False,True,False,False,True,False,False,False
1134.5,0.279,0,26,0.201,0,4,0,1,False,False,False,True,False,False,True,False,False,True,False,False,False,False,False,True
5298.18,0.176,0,14,0.329,0,7,1,1,False,False,False,False,True,True,False,False,False,False,True,False,False,False,True,False
700.62,0.587,0,6,0.078,0,3,0,1,True,False,False,False,False,True,False,False,False,True,False,False,True,False,False,False
286.84,0.364,0,18,0.007,0,4,0,1,False,True,False,False,False,False,False,True,False,True,False,False,False,False,True,False
1497.84,0.294,0,26,0.112,1,3,0,1,False,False,True,False,False,False,False,False,True,True,False,False,True,False,False,False
1000.27,0.163,0,19,0.222,1,6,1,1,False,False,True,False,False,False,False,False,True,False,False,True,True,False,False,False
376.88,0.289,0,16,0.295,0,1,0,1,False,True,False,False,False,True,False,False,False,False,True,False,True,False,False,False
3923.36,0.106,0,28,0.472,0,5,0,1,False,False,False,False,True,False,False,False,True,False,False,True,False,False,True,False
13229.0,0.099,0,1,0.341,0,5,0,1,False,True,False,False,False,True,False,False,False,True,False,False,False,True,False,False
2123.16,0.391,0,4,0.344,0,2,0,1,False,True,False,False,False,False,True,False,False,False,True,False,False,True,False,False
250.0,0.47,0,16,0.396,1,7,1,1,False,False,True,False,False,False,False,True,False,False,False,True,True,False,False,False
2864.35,0.281,0,4,0.726,0,2,0,1,False,True,False,False,False,True,False,False,False,True,False,False,False,True,False,False
3361.47,0.462,0,4,0.257,0,3,0,1,False,False,True,False,False,True,False,False,False,False,False,True,False,True,False,False
2145.99,0.246,0,27,0.112,0,1,0,1,False,False,True,False,False,False,True,False,False,False,True,False,True,False,False,False
2519.0,0.131,0,39,0.238,1,4,0,1,False,False,True,False,False,False,True,False,False,True,False,False,False,True,False,False
2478.98,0.184,0,17,0.195,0,4,0,1,False,False,False,False,True,False,False,True,False,False,True,False,True,False,False,False
2801.51,0.431,0,2,0.41,0,3,0,1,False,False,False,False,True,False,False,True,False,False,False,True,True,False,False,False
2348.97,0.136,0,2,0.064,1,2,0,1,False,False,True,False,False,False,True,False,False,True,False,False,False,False,False,True
5550.65,0.366,0,3,0.371,1,6,0,1,False,False,True,False,False,True,False,False,False,False,False,True,False,False,True,False
909.49,0.26,0,2,0.366,1,1,0,1,False,False,True,False,False,False,False,True,False,True,False,False,False,False,False,True
402.62,0.235,0,36,0.286,1,4,0,1,False,False,True,False,False,False,True,False,False,False,True,False,True,False,False,False
2375.69,0.074,0,31,0.316,1,4,0,1,False,False,True,False,False,False,True,False,False,False,False,True,True,False,False,False
1909.94,0.276,0,6,0.282,0,2,0,1,False,True,False,False,False,False,False,True,False,True,False,False,False,True,False,False
1487.25,0.118,0,15,0.119,0,4,0,1,False,False,False,False,True,False,True,False,False,True,False,False,True,False,False,False
999.78,0.163,0,17,0.439,1,5,0,1,False,False,True,False,False,False,True,False,False,False,True,False,False,False,False,True
403.08,0.383,0,3,0.286,0,1,0,1,False,False,False,True,False,False,False,True,False,False,True,False,False,False,True,False
1619.84,0.425,0,28,0.25,1,7,1,1,True,False,False,False,False,True,False,False,False,False,False,True,True,False,False,False
1259.28,0.364,0,3,0.358,1,3,1,1,False,False,True,False,False,False,True,False,False,False,True,False,False,False,True,False
653.95,0.69,0,16,0.037,1,2,1,1,True,False,False,False,False,False,False,False,True,False,True,False,False,False,False,True
4024.77,0.466,0,13,0.082,1,1,0,1,False,False,True,False,False,True,False,False,False,True,False,False,False,True,False,False
339.07,0.158,0,1,0.054,0,3,0,1,False,False,False,False,True,True,False,False,False,True,False,False,False,True,False,False
509.07,0.334,0,12,0.228,0,4,0,1,False,False,False,False,True,False,False,True,False,False,True,False,True,False,False,False
5850.24,0.505,0,5,0.082,0,5,0,1,False,False,False,True,False,False,True,False,False,False,False,True,True,False,False,False
1499.68,0.209,0,5,0.245,1,1,0,1,False,False,True,False,False,False,False,True,False,True,False,False,False,True,False,False
4559.95,0.569,0,1,0.17,0,6,0,1,False,True,False,False,False,False,False,True,False,False,True,False,False,False,True,False
1532.36,0.203,0,2,0.075,0,5,0,1,True,False,False,False,False,False,True,False,False,False,True,False,False,False,True,False
1162.89,0.33,0,18,0.27,0,2,0,1,False,True,False,False,False,True,False,False,False,False,True,False,False,False,True,False
777.14,0.512,0,5,0.399,0,4,0,1,False,True,False,False,False,False,True,False,False,True,False,False,False,False,True,False
452.91,0.384,0,28,0.178,1,4,0,1,False,False,True,False,False,False,True,False,False,False,True,False,False,True,False,False
519.44,0.269,0,17,0.292,0,1,1,1,True,False,False,False,False,False,True,False,False,False,True,False,False,False,True,False
2108.24,0.275,0,27,0.228,1,5,0,1,False,False,True,False,False,False,False,True,False,False,True,False,False,False,False,True
1705.5,0.244,0,2,0.588,1,6,0,1,False,False,True,False,False,False,True,False,False,False,False,True,False,False,False,True
1134.14,0.748,0,5,0.196,0,4,1,1,True,False,False,False,False,False,True,False,False,True,False,False,False,True,False,False
632.56,0.103,0,2,0.203,1,5,0,1,False,False,True,False,False,False,False,True,False,False,True,False,True,False,False,False
585.68,0.014,0,25,0.283,1,2,0,1,False,False,True,False,False,False,False,True,False,True,False,False,False,False,False,True
1666.96,0.212,0,1,0.105,0,3,0,1,False,True,False,False,False,False,False,True,False,True,False,False,False,True,False,False
1871.11,0.353,0,16,0.129,0,1,0,1,False,False,True,False,False,False,True,False,False,True,False,False,False,False,False,True
1508.03,0.563,0,18,0.228,0,5,1,1,False,False,False,True,False,False,True,False,False,True,False,False,True,False,False,False
1792.72,0.095,0,33,0.313,0,2,0,1,False,False,False,True,False,False,True,False,False,True,False,False,False,True,False,False
13484.48,0.262,0,9,0.038,1,5,0,1,False,False,True,False,False,False,True,False,False,False,False,True,False,True,False,False
482.52,0.137,0,16,0.18,1,5,0,1,False,False,True,False,False,False,False,True,False,True,False,False,False,False,True,False
7087.13,0.038,0,16,0.104,0,4,0,1,False,False,True,False,False,False,True,False,False,False,True,False,False,False,True,False
499.42,0.114,0,27,0.105,1,6,0,1,False,False,True,False,False,False,False,True,False,True,False,False,True,False,False,False
1147.46,0.162,0,38,0.155,0,5,0,1,False,False,False,False,True,True,False,False,False,False,True,False,True,False,False,False
4094.81,0.321,0,32,0.261,0,4,0,1,False,True,False,False,False,False,True,False,False,True,False,False,False,False,True,False
852.03,0.442,0,9,0.014,1,3,0,1,False,False,True,False,False,True,False,False,False,False,True,False,False,True,False,False
1685.88,0.046,0,24,0.254,0,1,0,1,False,False,False,False,True,False,False,True,False,False,True,False,False,True,False,False
3126.9,0.38,0,25,0.077,0,2,0,1,False,False,False,False,True,True,False,False,False,True,False,False,False,True,False,False
1084.85,0.143,0,6,0.035,1,6,0,1,False,False,True,False,False,False,True,False,False,False,True,False,False,False,True,False
1018.45,0.188,0,5,0.282,0,5,0,1,False,True,False,False,False,False,True,False,False,False,True,False,False,False,True,False
5923.21,0.665,0,42,0.208,1,2,0,1,False,False,True,False,False,False,True,False,False,False,True,False,False,False,False,True
302.97,0.205,1,0,0.24995735361917937,0,6,0,0,False,True,False,False,False,True,False,False,False,False,False,True,False,False,True,False
1921.63,0.329,0,5,0.219,1,6,0,1,False,False,True,False,False,False,False,True,False,True,False,False,False,False,False,True
10991.13,0.197,0,2,0.446,0,1,0,1,False,False,False,False,True,False,False,False,True,False,True,False,False,False,True,False
792.72,0.168,0,16,0.049,1,4,0,1,False,False,True,False,False,False,False,True,False,True,False,False,False,False,False,True
1187.43,0.261,1,0,0.24995735361917937,0,3,0,0,False,False,False,True,False,True,False,False,False,True,False,False,False,True,False,False
11565.58,0.38,0,14,0.192,0,3,0,1,False,False,True,False,False,False,False,True,False,False,False,True,True,False,False,False
338.46,0.225,0,2,0.142,1,9,1,1,False,False,True,False,False,False,True,False,False,True,False,False,True,False,False,False
250.0,0.123,0,16,0.327,0,5,0,1,False,True,False,False,False,False,False,True,False,False,True,False,True,False,False,False
2226.88,0.064,0,18,0.239,0,4,0,1,False,True,False,False,False,False,True,False,False,True,False,False,True,False,False,False
2631.03,0.305,0,4,0.253,1,4,0,1,True,False,False,False,False,False,False,True,False,False,True,False,True,False,False,False
1761.36,0.216,0,1,0.241,1,2,0,1,False,False,True,False,False,True,False,False,False,True,False,False,False,False,True,False
3993.59,0.157,0,8,0.203,0,3,0,1,True,False,False,False,False,False,True,False,False,True,False,False,True,False,False,False
250.0,0.261,0,29,0.385,0,6,0,1,False,True,False,False,False,False,True,False,False,False,False,True,True,False,False,False
1972.38,0.247,0,2,0.422,0,1,0,1,True,False,False,False,False,False,False,True,False,False,True,False,True,False,False,False
935.04,0.08,0,25,0.43,1,3,1,1,False,False,True,False,False,False,False,True,False,False,False,True,False,True,False,False
1297.11,0.385,0,11,0.142,0,7,0,1,False,False,True,False,False,False,False,False,True,False,False,True,False,True,False,False
1489.73,0.183,0,28,0.124,0,2,0,1,False,True,False,False,False,False,True,False,False,False,False,True,True,False,False,False
398.69,0.398,0,34,0.448,1,1,1,1,False,False,True,False,False,False,True,False,False,True,False,False,False,False,False,True
1710.63,0.408,0,20,0.461,0,1,1,1,False,False,True,False,False,False,True,False,False,False,True,False,False,False,True,False
3608.56,0.616,0,22,0.305,1,5,1,1,True,False,False,False,False,True,False,False,False,False,False,True,True,False,False,False
961.75,0.142,0,8,0.491,1,3,0,1,False,False,True,False,False,False,True,False,False,True,False,False,True,False,False,False
5032.45,0.477,0,10,0.217,1,2,1,1,False,False,True,False,False,False,True,False,False,False,True,False,True,False,False,False
448.87,0.13,0,2,0.226,0,3,0,1,False,False,False,True,False,False,True,False,False,True,False,False,False,False,True,False
601.07,0.522,0,7,0.149,1,3,1,1,False,False,True,False,False,False,True,False,False,True,False,False,False,False,False,True
579.41,0.695,0,25,0.0,0,3,0,1,False,False,False,False,True,False,False,True,False,False,True,False,False,True,False,False
250.0,0.144,0,14,0.063,0,4,0,1,False,False,False,False,True,True,False,False,False,True,False,False,False,False,False,True
1958.11,0.302,0,7,0.132,1,5,0,1,False,False,True,False,False,False,False,True,False,False,False,True,True,False,False,False
799.35,0.734,0,1,0.345,1,2,1,1,False,False,True,False,False,False,False,True,False,True,False,False,False,False,True,False
933.95,0.54,0,16,0.221,0,2,0,1,False,False,False,True,False,False,True,False,False,True,False,False,False,True,False,False
4227.15,0.373,0,8,0.224,0,4,1,1,False,True,False,False,False,True,False,False,False,True,False,False,True,False,False,False
1185.2,0.116,0,4,0.308,1,2,1,1,False,False,True,False,False,True,False,False,False,True,False,False,False,False,False,True
1406.55,0.469,0,2,0.396,0,2,0,1,False,False,False,True,False,False,False,False,True,False,True,False,True,False,False,False
250.0,0.229,0,24,0.137,0,5,0,1,False,False,False,False,True,False,True,False,False,False,True,False,False,True,False,False
1926.32,0.452,0,3,0.092,1,2,0,1,False,False,True,False,False,False,True,False,False,False,True,False,False,False,False,True
2547.62,0.119,0,1,0.475,1,7,1,1,False,False,True,False,False,True,False,False,False,False,False,True,True,False,False,False
505.87,0.258,0,14,0.322,0,2,0,1,True,False,False,False,False,False,False,False,True,True,False,False,True,False,False,False
470.14,0.447,0,26,0.182,1,8,0,1,False,False,True,False,False,False,True,False,False,False,True,False,False,False,True,False
250.0,0.078,0,6,0.281,0,6,0,1,False,False,False,False,True,True,False,False,False,True,False,False,True,False,False,False
250.0,0.262,0,17,0.385,0,7,1,1,False,False,False,False,True,False,False,True,False,True,False,False,True,False,False,False
250.0,0.239,0,33,0.189,1,3,1,1,False,False,True,False,False,False,True,False,False,False,True,False,False,False,True,False
11826.66,0.206,0,3,0.165,0,3,0,1,True,False,False,False,False,False,False,True,False,True,False,False,False,False,False,True
1918.22,0.13,0,12,0.606,0,5,0,1,False,True,False,False,False,True,False,False,False,False,False,True,False,True,False,False
6085.51,0.189,0,40,0.197,0,2,0,1,False,True,False,False,False,True,False,False,False,True,False,False,False,True,False,False
874.78,0.46,0,8,0.0,0,4,0,1,False,True,False,False,False,False,True,False,False,False,True,False,True,False,False,False
669.8,0.061,0,32,0.127,0,6,0,1,True,False,False,False,False,False,True,False,False,False,False,True,False,False,True,False
757.55,0.297,0,4,0.533,0,4,1,1,True,False,False,False,False,True,False,False,False,True,False,False,False,False,True,False
6281.38,0.188,0,28,0.268,0,6,0,1,False,False,False,False,True,True,False,False,False,True,False,False,False,True,False,False
533.86,0.75,0,14,0.064,0,5,0,1,False,True,False,False,False,True,False,False,False,True,False,False,True,False,False,False
1139.76,0.287,0,33,0.0,0,4,0,1,False,True,False,False,False,True,False,False,False,True,False,False,False,True,False,False
1486.48,0.174,0,25,0.436,1,2,1,1,True,False,False,False,False,True,False,False,False,False,True,False,False,True,False,False
2681.08,0.275,0,11,0.282,1,2,0,1,True,False,False,False,False,True,False,False,False,True,False,False,True,False,False,False
937.89,0.119,0,7,0.291,1,1,0,1,False,False,True,False,False,False,True,False,False,False,True,False,False,True,False,False
2806.54,0.112,0,15,0.424,1,1,1,1,False,False,True,False,False,False,True,False,False,True,False,False,True,False,False,False
921.26,0.111,0,15,0.0,0,2,0,1,False,False,False,False,True,True,False,False,False,True,False,False,False,False,False,True
450.55,0.489,0,16,0.0,1,1,0,1,False,False,True,False,False,True,False,False,False,False,True,False,True,False,False,False
4468.31,0.19,0,13,0.595,0,5,0,1,True,False,False,False,False,False,True,False,False,False,False,True,True,False,False,False
454.46,0.511,0,5,0.275,0,2,0,1,False,True,False,False,False,False,True,False,False,False,True,False,True,False,False,False
1979.51,0.172,0,12,0.135,0,3,1,1,False,True,False,False,False,False,False,True,False,False,False,True,False,False,True,False
475.04,0.365,0,24,0.291,1,3,0,1,False,False,True,False,False,True,False,False,False,True,False,False,False,True,False,False
4661.21,0.568,0,3,0.051,0,2,0,1,False,False,False,False,True,False,True,False,False,True,False,False,False,False,True,False
815.01,0.253,0,16,0.228,1,1,0,1,False,False,True,False,False,True,False,False,False,False,True,False,False,False,False,True
688.81,0.411,0,7,0.395,0,3,0,1,False,False,False,True,False,True,False,False,False,False,False,True,False,False,True,False
1228.11,0.434,0,28,0.091,1,1,0,1,False,False,True,False,False,True,False,False,False,True,False,False,False,True,False,False
383.91,0.296,0,5,0.461,0,1,0,1,True,False,False,False,False,True,False,False,False,True,False,False,True,False,False,False
250.0,0.232,0,6,0.13,0,3,0,1,False,False,False,False,True,False,False,False,True,False,True,False,False,True,False,False
3374.82,0.489,0,3,0.511,0,3,1,1,False,False,False,False,True,False,True,False,False,False,True,False,True,False,False,False
1172.59,0.277,0,17,0.239,0,3,0,1,False,False,False,True,False,False,True,False,False,False,True,False,True,False,False,False
433.85,0.399,0,15,0.396,0,6,0,1,False,False,False,True,False,True,False,False,False,False,False,True,False,False,True,False
2362.17,0.229,0,4,0.23,1,3,1,1,False,False,True,False,False,True,False,False,False,True,False,False,False,False,True,False
904.3,0.578,0,17,0.194,1,4,0,1,False,False,True,False,False,False,False,True,False,False,False,True,False,False,True,False
1338.09,0.106,0,2,0.011,0,2,0,1,False,True,False,False,False,False,True,False,False,False,False,True,True,False,False,False
995.02,0.081,0,7,0.102,1,3,0,1,False,False,True,False,False,True,False,False,False,True,False,False,False,False,False,True
1749.32,0.245,0,33,0.166,0,1,0,1,True,False,False,False,False,False,False,True,False,False,True,False,True,False,False,False
5255.19,0.523,0,21,0.172,0,4,0,1,False,False,False,True,False,False,True,False,False,False,False,True,False,False,False,True
1368.53,0.619,0,29,0.33,0,2,0,1,False,True,False,False,False,False,False,True,False,True,False,False,False,False,False,True
250.0,0.14,0,22,0.309,1,5,0,1,False,False,True,False,False,False,True,False,False,True,False,False,False,False,True,False
250.0,0.078,0,14,0.599,0,5,0,1,False,True,False,False,False,False,True,False,False,True,False,False,False,False,True,False
728.95,0.192,0,26,0.346,0,3,0,1,False,False,False,False,True,False,False,True,False,True,False,False,False,False,True,False
1967.32,0.322,0,38,0.446,0,2,1,1,True,False,False,False,False,True,False,False,False,False,True,False,True,False,False,False
3296.81,0.294,0,17,0.185,0,1,0,1,False,False,False,False,True,True,False,False,False,True,False,False,False,False,True,False
250.0,0.185,0,15,0.171,1,3,1,1,True,False,False,False,False,True,False,False,False,False,False,True,False,False,False,True
2222.51,0.338,0,17,0.322,0,5,0,1,False,False,False,True,False,False,False,True,False,True,False,False,False,True,False,False
2802.63,0.21,0,2,0.525,1,1,0,1,True,False,False,False,False,False,True,False,False,True,False,False,True,False,False,False
4113.06,0.192,0,26,0.048,0,5,0,1,True,False,False,False,False,False,True,False,False,False,False,True,False,True,False,False
522.13,0.399,0,30,0.413,1,5,0,1,False,False,True,False,False,False,True,False,False,False,False,True,False,False,True,False
1208.79,0.364,0,18,0.225,0,2,0,1,True,False,False,False,False,False,False,True,False,False,True,False,False,False,True,False
1020.5,0.15,0,26,0.515,0,1,0,1,False,False,False,False,True,True,False,False,False,True,False,False,False,True,False,False
622.51,0.369,0,7,0.104,0,5,0,1,False,False,False,False,True,False,False,True,False,True,False,False,False,True,False,False
2929.35,0.324,0,4,0.142,1,2,0,1,False,False,True,False,False,False,False,False,True,False,True,False,True,False,False,False
250.0,0.384,0,3,0.066,0,4,0,1,False,True,False,False,False,False,True,False,False,True,False,False,False,True,False,False
250.0,0.153,0,2,0.236,0,3,0,1,False,True,False,False,False,False,True,False,False,True,False,False,False,False,False,True
609.4,0.052,0,20,0.002,0,4,0,1,False,True,False,False,False,False,False,True,False,True,False,False,True,False,False,False
8587.98,0.062,1,0,0.24995735361917937,0,1,0,0,True,False,False,False,False,False,True,False,False,True,False,False,True,False,False,False
1961.88,0.141,0,22,0.227,0,7,0,1,False,False,False,False,True,False,False,False,True,False,True,False,True,False,False,False
3408.41,0.657,0,4,0.158,0,1,0,1,True,False,False,False,False,False,True,False,False,False,True,False,False,True,False,False
3477.29,0.249,0,3,0.126,1,3,0,1,False,False,True,False,False,True,False,False,False,True,False,False,False,False,False,True
1741.94,0.307,0,3,0.357,1,5,1,1,False,False,True,False,False,False,False,True,False,False,True,False,False,False,True,False
623.21,0.344,0,5,0.319,1,3,0,1,False,False,True,False,False,False,True,False,False,False,True,False,True,False,False,False
451.54,0.156,0,35,0.342,0,3,0,1,False,False,True,False,False,False,True,False,False,True,False,False,False,False,False,True
255.02,0.75,0,10,0.16,1,2,1,1,False,False,True,False,False,True,False,False,False,True,False,False,False,False,True,False
6209.77,0.688,0,8,0.552,1,5,0,1,False,False,True,False,False,False,True,False,False,False,False,True,False,False,False,True
1066.07,0.308,0,6,0.215,0,2,0,1,False,False,False,True,False,True,False,False,False,False,True,False,True,False,False,False
292.37,0.304,0,9,0.052,1,4,0,1,False,False,True,False,False,True,False,False,False,False,False,True,False,True,False,False
7659.87,0.102,0,23,0.262,0,2,0,1,False,False,True,False,False,True,False,False,False,True,False,False,False,True,False,False
1010.5,0.423,0,34,0.326,0,3,0,1,False,False,False,True,False,False,True,False,False,False,True,False,False,True,False,False
14066.27,0.423,0,1,0.208,0,1,0,1,False,True,False,False,False,False,True,False,False,True,False,False,True,False,False,False
250.0,0.21,0,8,0.23,0,3,0,1,True,False,False,False,False,True,False,False,False,True,False,False,False,True,False,False
836.83,0.423,0,22,0.026,0,5,0,1,False,False,True,False,False,False,True,False,False,True,False,False,False,True,False,False
577.18,0.247,0,18,0.085,1,8,1,1,False,False,True,False,False,False,True,False,False,False,False,True,False,True,False,False
4878.63,0.109,0,7,0.299,0,4,0,1,False,False,False,True,False,False,True,False,False,False,True,False,False,False,True,False
1029.55,0.168,0,38,0.394,1,3,0,1,False,False,True,False,False,False,True,False,False,False,True,False,False,True,False,False
288.9,0.479,0,4,0.0,0,3,0,1,False,False,False,False,True,False,True,False,False,True,False,False,False,False,True,False
332.33,0.451,0,4,0.244,1,4,0,1,False,False,True,False,False,True,False,False,False,False,True,False,True,False,False,False
4593.48,0.233,0,8,0.552,0,3,0,1,False,False,False,True,False,True,False,False,False,False,True,False,True,False,False,False
250.0,0.31,0,20,0.283,0,5,0,1,False,True,False,False,False,False,True,False,False,True,False,False,True,False,False,False
2841.83,0.237,0,35,0.357,1,4,1,1,False,False,True,False,False,False,True,False,False,False,False,True,True,False,False,False
700.29,0.282,0,5,0.054,0,5,0,1,False,True,False,False,False,False,True,False,False,False,True,False,False,False,False,True
10927.31,0.395,0,4,0.006,0,1,0,1,False,False,False,False,True,False,True,False,False,True,False,False,False,False,False,True
8530.84,0.32,0,23,0.393,0,5,0,1,True,False,False,False,False,False,True,False,False,False,True,False,False,True,False,False
250.0,0.426,0,4,0.12,0,3,0,1,False,False,False,False,True,True,False,False,False,False,False,True,True,False,False,False
331.85,0.512,0,3,0.191,1,2,0,1,False,False,True,False,False,False,False,True,False,True,False,False,False,True,False,False
1144.07,0.393,0,30,0.268,0,3,0,1,False,False,False,False,True,True,False,False,False,False,True,False,False,True,False,False
3674.75,0.522,0,9,0.181,0,6,0,1,False,False,True,False,False,True,False,False,False,False,False,True,True,False,False,False
1326.91,0.133,0,25,0.278,0,1,0,1,False,False,True,False,False,False,True,False,False,True,False,False,True,False,False,False
2188.51,0.413,0,27,0.221,1,5,1,1,False,False,True,False,False,False,False,True,False,True,False,False,False,False,True,False
1797.2,0.096,0,7,0.269,0,2,0,1,False,True,False,False,False,False,False,True,False,False,True,False,True,False,False,False
1132.95,0.119,0,21,0.314,0,3,0,1,False,False,False,False,True,True,False,False,False,True,False,False,False,False,True,False
