order_id,customer_id,order_date,order_value,category,discount_pct,payment_method,is_first_time_buyer,customer_past_orders,customer_past_return_rate,delivery_pincode_tier,size_variant_flag,days_to_deliver,time_of_day_ordered,_latent_propensity,p_return_true,returned
1033ce36-0b49-4b0c-af10-3dc2c9561675,fa6a8767-7e2a-4113-bdf9-a05ed044b7d7,2025-10-26,660.17,fashion,0.457,UPI,1,0,,tier2,1,5,evening,0.1965713354260339,0.6744,1
74af1c20-8f56-46f6-bdef-fbd9e317b9e2,e46f6f26-c239-4aa1-9c65-1209e9e43c60,2025-10-27,250.0,beauty,0.442,COD,1,0,,metro,1,4,afternoon,0.24597285000833133,0.7219,1
4b559519-2f75-4eed-8630-862cb43ee376,ac46d877-8423-49a6-902f-7054e0aa8316,2025-05-18,3815.33,beauty,0.251,COD,1,0,,metro,1,5,afternoon,0.05573145024510638,0.3782,0
b3a85651-695f-4025-b72c-0e35f9d8d7ff,5a0bd207-df7a-41c3-8a83-1274a9efee90,2025-02-03,1167.26,electronics,0.106,UPI,1,0,,tier3,0,6,evening,0.025007063694987345,0.1127,0
4587565e-db09-4535-8a6f-243527147664,fd281fbb-79c1-45b3-9e12-038f990994d1,2025-02-23,1429.91,fashion,0.281,UPI,1,0,,metro,1,2,afternoon,0.11826527161057414,0.2368,1
109c45df-65fb-4f22-bb48-4d21753ac647,75eeaa53-7844-43df-bc21-e13cd628ffb7,2025-06-16,250.0,fashion,0.463,COD,1,0,,metro,1,2,afternoon,0.20763912883986363,0.7522,0
935cc1e7-118b-4ff4-aa79-426ebf66ecb5,87699cd8-cca3-418f-9a3e-144a0cbaca68,2025-05-20,488.28,grocery,0.274,COD,1,0,,metro,0,2,evening,0.05655306904883348,0.3334,0
0433efea-cbbf-44da-8f30-7df710ce9218,937f81a2-0c57-467d-869e-aaae2412816a,2025-04-23,250.0,electronics,0.045,UPI,1,0,,metro,0,7,evening,0.2365731909103324,0.0727,0
ea98bad4-246b-4038-8c94-e4d1c423bd77,cd41d912-6dd3-48f5-8321-ab579b72c57a,2025-04-22,1294.33,grocery,0.607,UPI,1,0,,tier2,0,2,evening,0.1561219227039281,0.058,0
55cb0b4c-4a4d-4576-869d-abefa4f175d4,54179b75-2c75-4ee9-90ff-b2d3cf2eeccf,2025-03-30,2385.45,home,0.154,card,1,0,,tier2,0,2,morning,0.13620156896909216,0.1213,1
1e0fc36d-a3c7-4952-b104-9582b4ef686d,3f888151-69ed-4006-b5f2-68afced6201b,2025-07-16,13706.38,home,0.357,UPI,1,0,,tier2,0,4,afternoon,0.10820090543681238,0.0633,0
5ca82a91-54bd-4562-b82a-f8cb57068f9d,ade38847-ed43-40bb-86a7-c04000915ee5,2025-06-30,1324.98,home,0.082,netbanking,1,0,,metro,0,2,evening,0.14720873128711998,0.1624,1
80aec48f-c091-44f2-ae7b-c4b903e58cb9,3f888151-69ed-4006-b5f2-68afced6201b,2025-09-16,922.04,home,0.416,UPI,0,1,0.119,metro,0,2,morning,0.10820090543681238,0.1285,0
1587ac55-94d6-4d61-a023-29801f038ca8,f798ef7e-e2a3-4c54-b902-894eaf540d62,2025-01-11,4892.5,fashion,0.29,COD,1,0,,metro,1,7,evening,0.21199326223067969,0.5109,0
93594803-3866-4d60-80fe-6756cd65dc0d,e337d2a3-6032-4e1f-8ce4-a81121aa131e,2025-09-11,1433.27,fashion,0.312,UPI,1,0,,tier2,1,5,evening,0.2771725532528444,0.5692,1
e7682a39-5431-4c59-bb85-b239a3f2e990,88b88e03-c936-4c7f-ba2d-52cf64525090,2025-06-07,3033.87,fashion,0.363,UPI,1,0,,tier2,1,3,evening,0.20459557629689876,0.4463,0
4b225ec3-2bcf-45d1-abc7-8a27f7775e85,f91b87e4-35a7-481d-96ba-a679feba54f3,2025-02-25,20000.0,electronics,0.143,COD,1,0,,tier3,0,3,evening,0.05881659853496958,0.0195,0
1b1bb7d6-1d54-4a07-8a43-fc3082df654a,2171476c-3a28-4828-9aca-aed26cbdedc5,2025-10-16,250.0,home,0.37,COD,1,0,,tier3,0,3,night,0.7296899354667504,0.5677,0
e027d10a-7bac-4f1f-b834-a61ffd032a10,dcc320e0-51d7-4f5a-b1cf-f774f3ea235f,2025-03-23,10953.53,beauty,0.145,UPI,1,0,,metro,0,5,morning,0.08097222048102413,0.0525,0
e2522377-807d-4cb3-b28a-9968fdf62a5d,f7243914-f259-4b3f-b4da-cc523ff04815,2025-06-12,1447.4,fashion,0.33,UPI,1,0,,tier2,1,2,afternoon,0.2798863894924076,0.5302,1
44e823a2-17aa-44e9-8f27-01cc570bf639,b3f33ef6-3953-4fa2-b5c0-493473e40312,2025-05-15,250.0,electronics,0.186,UPI,1,0,,metro,0,7,morning,0.24874291058771908,0.1844,0
9b6cd3e3-6d3c-4616-8526-6dcd6148ef34,31fb899b-f8d2-414f-90c0-6743b2dbc9b3,2025-06-05,3965.8,fashion,0.357,UPI,1,0,,tier2,0,5,evening,0.3358319706571889,0.3055,0
f63499ba-f865-4a20-9d37-f2720c8a0d33,c74291cc-50dd-48a2-918a-2263305eb957,2025-03-04,726.5,fashion,0.397,card,1,0,,tier2,1,4,morning,0.2897378778415542,0.4424,0
a7aecd62-03d1-44eb-863b-5250596b1eed,b23d847d-997a-4928-9b10-f50e4fa93ba9,2025-03-19,441.57,fashion,0.154,COD,1,0,,tier3,1,5,night,0.22452854262691951,0.5224,1
72a73555-963f-430f-8e0d-fca1c8aaafb0,f87f5cec-4cc7-4356-8a1b-5e82f142a0e0,2025-05-10,250.0,fashion,0.335,COD,1,0,,tier3,1,4,night,0.2242312963277271,0.6952,1
df8dba1f-d4d7-4336-8b7e-c8893fa253d0,50dc3803-1af4-4a0a-8917-ca0e73db20ad,2025-04-16,1184.8,grocery,0.422,COD,1,0,,tier3,0,4,evening,0.3098477304837669,0.408,1
b0cd93cf-6f2b-496c-8029-663783196976,33400ab9-e13d-4a05-8847-17a4d6026168,2025-05-20,1683.84,electronics,0.63,UPI,1,0,,tier2,0,7,afternoon,0.12288201183791768,0.1244,0
8c266c7b-48c4-462b-8680-40410a37de0c,1430da84-3676-4e2f-a20c-58786ed1d466,2025-09-23,1125.91,fashion,0.206,card,1,0,,metro,1,3,evening,0.22121655786542901,0.3497,0
f8737575-9023-4686-a219-5e7621b221d4,cc825a9c-6ef8-48bc-90ca-0bc2af6a4e40,2025-05-24,11797.36,home,0.108,card,1,0,,tier2,0,6,afternoon,0.27966983742156076,0.0435,0
0b6fe8b9-4431-46a7-80db-378881a73134,9cfbe601-0322-4c7f-a8fc-089374a870d3,2025-04-29,1516.31,fashion,0.457,netbanking,1,0,,tier3,1,3,evening,0.2677657562695904,0.6515,0
a727c88b-ce4f-4676-949a-dddd3c6e16fc,e337d2a3-6032-4e1f-8ce4-a81121aa131e,2025-08-15,1501.44,electronics,0.066,netbanking,0,1,0.284,tier2,0,3,evening,0.2771725532528444,0.0193,0
f9ce9849-4c48-4e29-9313-ff92c0d8fe18,b6da0c58-e09f-4c64-b488-90dde3c22bf1,2025-03-29,441.55,fashion,0.21,UPI,1,0,,metro,1,1,afternoon,0.06852796151158619,0.1252,0
db09ce44-1641-479f-a059-3de9cc096874,04b89a3b-d082-4664-972e-b40c6268b46d,2025-02-26,1510.75,electronics,0.236,card,1,0,,tier2,0,1,evening,0.24939791763606534,0.0864,0
5b55ec6f-dd8a-483d-8b68-15e6e70ee271,93d11106-41d0-4c5d-ac79-1d9d6f90bcbf,2025-02-03,3639.32,fashion,0.232,netbanking,1,0,,tier3,0,4,night,0.052918216172000036,0.2679,0
c7b83cdd-2265-4c4a-8a28-d22fbcbb3d6b,8c999c97-976e-46cb-af9a-8058b87fe589,2025-05-01,898.37,fashion,0.185,COD,1,0,,tier3,1,6,evening,0.34116143905998736,0.8873,1
c9a9c3be-a576-4ef9-b7cf-b5d7ffa1f683,76e3ab4e-0d33-4910-81b9-f0f04685b7d6,2025-05-02,20000.0,beauty,0.75,card,1,0,,tier3,0,5,evening,0.06842336486313001,0.025,0
86a4b4d9-0489-46fc-8bd1-ae830a546dd9,4599a51c-2008-4079-839d-ecfc8f342f0e,2025-06-20,2228.88,beauty,0.325,card,1,0,,metro,0,9,evening,0.18723773115835693,0.1303,0
486b5b8f-932a-4ebc-8ecb-c7bf38341610,6789065a-34d8-4edc-ac86-5b28ecb59411,2025-01-25,951.2,fashion,0.329,card,1,0,,tier2,1,4,evening,0.23983923810393037,0.4945,0
246df988-b555-451b-9c98-3a6e6c1d926d,a539cfde-3926-498d-8b11-8bd068d970d3,2025-05-27,865.9,beauty,0.286,COD,1,0,,tier2,0,4,night,0.4117868133302571,0.7509,1
acd1b767-5f17-471d-a5b9-6a97ff937f46,61e68552-c2ac-46ab-b349-d5252a071eca,2025-10-05,1064.89,grocery,0.544,UPI,1,0,,tier2,0,3,night,0.1913603605753747,0.1485,0
68be3abe-199d-4d23-a962-0801022864a7,9c227d96-5b36-48ba-a156-acdb775ef507,2025-03-22,5132.06,fashion,0.187,card,1,0,,metro,0,2,evening,0.17228835136124024,0.1589,0
35e3c19b-fd0b-4ebc-a743-b1b5da7825bd,36d6b08a-5436-4a2f-83c2-120975d4be7f,2025-04-15,3299.77,fashion,0.175,UPI,1,0,,tier2,0,2,night,0.04915448350944119,0.3964,0
b97a08aa-0fc9-40d9-bb54-2e44d80344bf,7fcf9fd9-1923-484a-922c-09c4375a580f,2025-01-17,250.0,fashion,0.093,COD,1,0,,tier3,1,4,afternoon,0.44930858167455523,0.8139,1
270ae5f9-5de4-4266-83a9-c4fbcface728,48242df6-6544-46ca-8243-b23028d6d805,2025-10-21,432.14,grocery,0.101,COD,1,0,,tier3,0,4,afternoon,0.1548544510371693,0.2069,0
0f9e3eb9-72d6-46d3-a45f-4cf9afd9fe65,9624258c-4f43-4c23-8a52-ae3657722b57,2025-09-07,609.24,beauty,0.204,UPI,1,0,,tier2,0,2,night,0.4134664929263236,0.1162,1
a5ce0c94-2f19-4451-bcaa-81bc797ae79e,6c361c11-ca46-4858-84ff-ccace7f3ec03,2025-01-20,1761.07,electronics,0.461,card,1,0,,metro,0,5,evening,0.17298841463602524,0.1367,0
78e03ce4-7c36-44d8-8eac-554a4f60e39b,3d51b281-7585-4d43-aefd-40a803a1bf4f,2025-09-23,563.1,fashion,0.389,COD,1,0,,metro,1,3,evening,0.24645297721478737,0.7915,1
b12565a7-485c-4586-9a2b-d466951ac2a7,7f892973-babf-4935-bab7-187b59d8b023,2025-02-07,646.19,fashion,0.246,card,1,0,,metro,1,5,afternoon,0.2434169799043869,0.2505,0
366bc83a-a182-4ac0-9ae7-d5642bbb9015,27ee70da-889d-4738-ab0e-9f0da960fec1,2025-04-05,15697.32,fashion,0.157,COD,1,0,,tier3,1,6,afternoon,0.32492766544731544,0.3788,0
a8ca8aa8-4a60-4994-9175-1e84d1c90d8a,df765bcf-110d-40b7-a135-a7fe2ee8e54c,2025-01-25,1334.87,electronics,0.113,UPI,1,0,,metro,0,2,afternoon,0.17068626302318904,0.0746,0
552f08c3-2bdc-41ac-a2f3-fc2434a22ee8,097d0365-0675-4666-b7c8-994ae68ef3f8,2025-10-07,418.43,beauty,0.234,netbanking,1,0,,metro,0,8,morning,0.30768308227881586,0.2053,0
637052ec-bbcd-44a5-a9f5-cd12515a2764,c098bafa-20a7-4c6c-9fce-d433c8e83be7,2025-04-18,821.05,fashion,0.061,COD,1,0,,metro,1,1,evening,0.27580452681496,0.4322,0
1680ef2a-2717-4dfd-919f-8e2c417508d0,6741beec-5e04-4bdd-9202-60c1031010f8,2025-07-12,499.74,electronics,0.205,COD,1,0,,metro,0,2,morning,0.20115272590154482,0.303,0
4f846514-71f5-4072-9dce-c406ad8ba451,7c4561a1-0fb1-4641-bf3c-02486cc5d63f,2025-01-03,1334.31,fashion,0.52,COD,1,0,,tier2,1,3,afternoon,0.33399605777104996,0.8421,1
d8759fdc-3599-4059-9c04-9368f15dab69,3ae5d8e2-1cd9-49fe-a877-331f08d4c8e0,2025-01-29,11438.42,beauty,0.277,UPI,1,0,,metro,0,3,night,0.22359865383939137,0.0221,0
39a8efe3-1f05-4075-8234-01c397ea8795,dd1d4990-d4e5-4687-bd01-cb6b03a151bf,2025-09-28,2145.0,fashion,0.444,UPI,1,0,,metro,1,3,afternoon,0.0920841435969077,0.4735,0
2497b84b-dd8b-4a54-8291-726c37d6ccc7,3f888151-69ed-4006-b5f2-68afced6201b,2025-07-13,653.8,fashion,0.065,COD,0,2,0.109,tier2,1,3,evening,0.10820090543681238,0.4722,1
44aafbbd-5939-4d58-9261-e391c190f117,b36dde2e-e09b-4224-b113-133cdade54b5,2025-10-04,4169.03,fashion,0.154,UPI,1,0,,tier2,1,3,evening,0.13745108080776064,0.374,0
d8f227f2-0ce6-43a2-96bc-ea8a65bafb8d,77e96371-82ca-416e-af8f-071e169e4282,2025-01-06,2165.67,fashion,0.421,UPI,1,0,,metro,1,4,evening,0.25979890009270734,0.4406,1
a8a6b991-68bf-4c82-be08-54bc071bb2fd,bdf5e5de-7033-4345-ac37-819738c0e957,2025-06-05,250.0,beauty,0.27,COD,1,0,,metro,0,3,evening,0.2211439005048725,0.3606,0
363a4d72-5f03-426d-aa7a-d724fbc42c11,e46f6f26-c239-4aa1-9c65-1209e9e43c60,2025-10-06,2985.15,beauty,0.196,UPI,0,1,0.092,tier2,0,4,evening,0.24597285000833133,0.0441,0
b5a6c114-d902-4fe2-989b-daeb01bc06e7,afbedcf2-f5d0-441d-8f1d-dff0523a9d8e,2025-02-03,419.13,fashion,0.337,COD,1,0,,tier2,0,1,afternoon,0.08979930230446,0.3576,1
403d0347-96db-418f-bdd3-a6b45e41fe48,4ab3cbf1-5914-4c42-b2e7-1238debcf239,2025-03-05,6755.88,fashion,0.474,COD,1,0,,tier2,1,3,night,0.2033814634391261,0.4806,0
e77da7c3-c550-427c-8365-d512d81e9a70,21644b40-c53f-493e-af3f-29e3483e3d9b,2025-05-09,2037.62,electronics,0.173,COD,1,0,,tier2,0,2,morning,0.22287364608691065,0.2146,0
0dbdc6fe-8a7f-47f3-9d66-85528e12a5a5,3f175ef7-cb46-404c-ae55-2d22b3544172,2025-09-09,275.77,fashion,0.368,UPI,1,0,,metro,1,4,night,0.048627470043128354,0.3147,0
a8bba759-3342-4982-84a3-b54469e0eba5,937f81a2-0c57-467d-869e-aaae2412816a,2025-04-04,3894.78,electronics,0.274,UPI,0,1,0.348,metro,0,4,morning,0.2365731909103324,0.0393,1
b5998fe3-a42b-4926-a404-31ea62a75268,21644b40-c53f-493e-af3f-29e3483e3d9b,2025-07-13,992.09,grocery,0.291,card,0,1,0.171,tier3,0,9,night,0.22287364608691065,0.113,0
737464f7-141e-47f9-b8e7-a3e5c8273eb0,937f81a2-0c57-467d-869e-aaae2412816a,2025-02-24,844.68,home,0.364,COD,0,2,0.199,tier3,0,4,afternoon,0.2365731909103324,0.486,1
0ad3a807-3450-4d2f-a989-f90220d552e9,2e69e260-0ee4-43cf-9c88-a409981081c6,2025-07-03,2126.51,electronics,0.456,card,1,0,,tier3,0,3,night,0.41585134920398,0.1442,0
223c97d9-9dce-461b-92ac-632ed5c6507a,96605643-5d7c-4608-a7b9-f8a186bcac96,2025-04-13,11107.46,beauty,0.24,COD,1,0,,tier3,0,6,evening,0.26428705277408854,0.4282,1
06b6f145-d7a7-4593-a402-3c1936446f2d,6691be4b-2f05-471e-880b-641b361f736f,2025-09-08,2836.75,beauty,0.083,UPI,1,0,,tier2,0,3,morning,0.2916477929418046,0.2156,1
e4eeef9e-0a81-4389-9666-b2bdeba5fb70,6691be4b-2f05-471e-880b-641b361f736f,2025-09-18,5092.1,electronics,0.081,UPI,0,1,0.32,metro,0,3,morning,0.2916477929418046,0.0142,0
fc98ce85-6048-4989-bb59-268868b84333,f511f812-b332-434e-84ac-a8d69f0d2875,2025-06-23,564.53,home,0.481,UPI,1,0,,metro,0,5,night,0.1091421274751211,0.2489,0
936d5649-98d6-43f8-baf6-8ac6b66f4f6d,bdf5e5de-7033-4345-ac37-819738c0e957,2025-07-01,6329.53,fashion,0.086,UPI,0,1,0.291,tier2,1,1,morning,0.2211439005048725,0.0923,0
240e6496-09bf-4d31-9aac-07be4578144c,03155ba3-cd3a-4a32-9885-eaa1d5a0f4a0,2025-03-01,3585.07,fashion,0.275,UPI,1,0,,metro,1,1,evening,0.4955830568370258,0.1222,0
a02506fb-858d-420a-a907-c330b872829d,77e96371-82ca-416e-af8f-071e169e4282,2025-04-17,363.61,home,0.064,COD,0,1,0.223,metro,0,3,night,0.25979890009270734,0.066,1
10f64a5d-b226-439f-8f24-af448aff9b54,737e35bc-4ea3-42a4-9c26-b22f7099bf28,2025-08-12,1634.14,fashion,0.022,card,1,0,,metro,1,6,evening,0.05662677973259444,0.4034,0
70f5e1df-1f63-4b99-8cbe-b321f8101462,1430da84-3676-4e2f-a20c-58786ed1d466,2025-04-20,1124.43,beauty,0.112,COD,0,1,0.147,metro,1,3,afternoon,0.22121655786542901,0.1129,0
5d25e6da-0b50-477d-9734-803ae55cb153,d0f3def4-10c3-442b-9b93-148c1f1e3a46,2025-03-09,402.53,fashion,0.504,COD,1,0,,tier3,1,5,afternoon,0.2928560981860891,0.9331,1
2ea2a73c-7257-4b4a-b7e4-30644a30ac2b,ebb8a1f2-51a7-4500-b1ee-9350840d7c45,2025-07-18,258.67,grocery,0.142,UPI,1,0,,metro,0,7,evening,0.2923331864352393,0.133,0
edd987c0-43a9-440b-a67a-7a646cfc4464,c8a7524e-36b1-4fee-b565-91c6a8438582,2025-07-14,5158.96,electronics,0.437,card,1,0,,metro,0,2,evening,0.15960867264431888,0.1152,0
462163c5-1aa8-466d-851f-80718577ae02,c74291cc-50dd-48a2-918a-2263305eb957,2025-05-25,1081.56,fashion,0.116,COD,0,1,0.238,tier3,1,3,night,0.2897378778415542,0.25,0
a3026a1c-b15f-467a-8b5e-41b3dfe4f9a5,c93c6de8-9490-43c9-a1b4-b58f531b4584,2025-06-25,9924.71,electronics,0.372,UPI,1,0,,tier3,0,6,evening,0.04047509547806022,0.1177,0
f3099325-fa05-4c28-a764-be7f20132aba,ad87b3e3-8b3e-438e-8994-51127b85c296,2025-10-25,449.49,home,0.309,UPI,1,0,,metro,0,1,morning,0.06067469417646223,0.2417,0
dfb697d5-8f5f-49a3-8089-4d17e0f164f3,36d6b08a-5436-4a2f-83c2-120975d4be7f,2025-05-13,753.68,fashion,0.055,card,0,1,0.182,tier2,1,3,evening,0.04915448350944119,0.2357,1
db8bc4f6-915a-4f51-99e4-2a36d37dac9f,afbedcf2-f5d0-441d-8f1d-dff0523a9d8e,2025-07-21,524.62,fashion,0.239,UPI,0,1,0.127,metro,1,4,morning,0.08979930230446,0.2615,1
0ed4ca56-3313-40a9-9d27-2ab513e25e2a,dafa4cb3-c022-4df8-a53f-f33eccbb2af0,2025-08-18,1965.58,fashion,0.305,COD,1,0,,tier2,1,4,morning,0.21055725528180214,0.8541,1
191bd8d3-f851-4a63-ad3b-84d4dd952b6e,f04fffa3-5b04-4da0-9f3b-8a6b87fc1e74,2025-01-04,572.7,beauty,0.295,COD,1,0,,metro,0,2,morning,0.3517803851773976,0.3198,1
5ddeaffb-6e47-4888-a267-2ee00aa41eab,2610fe33-8b0a-4c9b-8c47-756cf516e89b,2025-05-07,1286.0,home,0.204,UPI,1,0,,metro,0,5,evening,0.3007027884503935,0.1158,0
137d15ab-83a8-4565-a3d6-78d74ae2f36d,2c59936d-caf6-4146-92d2-512fed6fb2a4,2025-01-25,5436.44,fashion,0.478,UPI,1,0,,tier2,1,1,evening,0.38559486575544727,0.2626,0
3891effa-8ea5-474b-8f67-35672b57f76c,4cd5aebd-9645-4916-a283-2a50de156e5d,2025-06-06,3569.84,fashion,0.374,COD,1,0,,tier2,1,5,evening,0.16482652189748134,0.7405,0
2cb1fbcd-e37d-4dfb-a1ff-6b47316a94d9,cdfac639-c4a1-4655-be5a-2d787e76f71c,2025-06-28,464.32,fashion,0.186,UPI,1,0,,tier2,1,8,morning,0.18576378008237582,0.4439,1
139a1d44-5dfa-44fd-90b5-f8260a92f2d0,ac46d877-8423-49a6-902f-7054e0aa8316,2025-05-10,966.25,fashion,0.247,UPI,0,1,0.021,tier2,1,7,evening,0.05573145024510638,0.108,0
b197ca12-d431-470e-b2b3-97542963cc59,f511f812-b332-434e-84ac-a8d69f0d2875,2025-03-24,420.32,fashion,0.259,card,0,1,0.144,tier2,1,3,evening,0.1091421274751211,0.2187,0
d7539f0e-cad2-4ba8-b978-d75bbe925126,9624258c-4f43-4c23-8a52-ae3657722b57,2025-10-14,993.22,electronics,0.163,COD,0,1,0.379,metro,0,1,evening,0.4134664929263236,0.0464,0
9da9c30d-0a48-4eab-8bf1-e6364de68794,bcb984b1-9b6a-4ffd-b13b-a1e84be1d9a9,2025-10-27,746.34,fashion,0.131,card,1,0,,tier3,1,5,evening,0.3958288561774479,0.4567,1
e2f0a599-5b8f-4a7e-b38f-a69da4e889f6,b5daeff1-0e3f-47c3-be6d-6411c18d7d85,2025-03-06,1398.51,beauty,0.297,card,1,0,,metro,0,2,morning,0.12950940053657903,0.1712,0
34b597ae-3cc6-46b9-8ac4-2c2d6e3eb5b9,dbcfa484-3e27-41f3-a2d5-0bd20054c665,2025-06-04,318.24,fashion,0.123,netbanking,1,0,,tier2,1,3,evening,0.10784218495956682,0.3147,0
31a0d046-4bb5-4d6a-b130-6371fa2b3c2f,c194cfb2-f100-4d2c-893d-dbdc989f1426,2025-10-20,250.0,electronics,0.48,UPI,1,0,,metro,0,4,evening,0.2333357897188074,0.2704,0
7aea9d6e-300e-4446-8b83-1bdda42130ac,4c19ca15-e9d8-445e-9a4a-ef49bd34d343,2025-02-17,250.0,electronics,0.397,UPI,1,0,,tier2,0,3,morning,0.24706696213115537,0.0676,0
bbe21009-e9a1-4d25-ac8b-592808a31da0,9aa571df-aea2-47de-b06c-0ea67f546c81,2025-06-08,1814.26,fashion,0.433,COD,1,0,,tier2,1,3,evening,0.23081817084314912,0.7388,1
712595f6-e633-42a7-927c-92bd2ddf9963,fee7a85f-cf25-4349-b927-7a6f87b1bd3f,2025-09-20,2184.21,electronics,0.429,UPI,1,0,,tier2,0,1,afternoon,0.3325622338548419,0.1665,1
54f5b77d-dfef-482e-82de-7054bde03e5c,ee1573cf-855f-4d78-94ec-59176830795f,2025-06-09,1361.04,fashion,0.323,UPI,1,0,,tier3,1,4,afternoon,0.07319325355511432,0.4621,0
d746244f-fa6b-46f1-a2d9-3b6a897bbb61,e46f6f26-c239-4aa1-9c65-1209e9e43c60,2025-03-08,680.02,beauty,0.213,card,0,2,0.321,metro,0,1,evening,0.24597285000833133,0.154,0
695ad1b2-23f6-46ee-b2cd-81294a5be6ce,c098bafa-20a7-4c6c-9fce-d433c8e83be7,2025-05-15,3482.09,fashion,0.504,netbanking,0,1,0.227,tier3,1,6,afternoon,0.27580452681496,0.2623,0
c604d193-7847-4b5b-95ac-f39c73f3e70b,3f888151-69ed-4006-b5f2-68afced6201b,2025-09-09,1897.89,fashion,0.066,COD,0,3,0.058,tier2,1,1,morning,0.10820090543681238,0.2773,0
bca41c95-c60d-4fe9-8199-f62a3ba9b316,ca387ff8-0675-453b-aac2-60dc063177d4,2025-09-25,3393.6,fashion,0.327,UPI,1,0,,metro,1,1,afternoon,0.2560233812776348,0.3389,0
42c994db-d7cf-4d50-869b-ca811ede234d,e0be4c42-c5d2-46e6-98a3-f57143c81929,2025-05-29,543.98,beauty,0.219,COD,1,0,,metro,0,1,morning,0.23228588338828865,0.3218,0
2a55148b-84f5-4c34-b03b-c11039466da3,b36dde2e-e09b-4224-b113-133cdade54b5,2025-06-26,767.33,fashion,0.289,card,0,1,0.044,tier2,1,3,afternoon,0.13745108080776064,0.0851,0
37c2a21a-e5da-4c0e-82f1-43ab24e7ea1f,e0c7f018-d138-4b2a-8686-c7bc5a512a86,2025-10-14,1181.05,electronics,0.316,card,1,0,,metro,0,3,morning,0.32765833124561905,0.2545,0
91ed0347-06db-442e-849c-17ad7d99259b,8c999c97-976e-46cb-af9a-8058b87fe589,2025-02-09,653.99,home,0.228,COD,0,1,0.329,tier3,0,5,evening,0.34116143905998736,0.1789,1
42796de6-8ac8-4f5f-ade0-bb43b9e0306f,c8a7524e-36b1-4fee-b565-91c6a8438582,2025-05-28,2650.16,beauty,0.158,card,0,1,0.081,tier3,0,3,afternoon,0.15960867264431888,0.0373,0
0c0e43e2-98d2-43ac-ac14-70047cddc9f3,551aee57-0df4-4a51-9afa-0babaf28b33a,2025-08-02,1795.52,fashion,0.67,COD,1,0,,metro,1,1,afternoon,0.18168234468688693,0.4606,0
eed293bc-a656-4ac6-9ffd-02ac46965e2f,3f175ef7-cb46-404c-ae55-2d22b3544172,2025-08-08,4020.5,fashion,0.294,COD,0,1,0.0,tier2,0,4,evening,0.048627470043128354,0.1707,0
916f90dc-fb1d-4647-8e18-0c2a9e4eaecf,eb671c1e-81f6-496c-b68d-49ea47acde37,2025-02-19,288.66,grocery,0.491,card,1,0,,metro,0,1,afternoon,0.18608348760507418,0.109,0
6899199b-37fc-4769-af27-24bbba9bd651,b732b9b1-5184-4f45-af4d-630b007d8b56,2025-05-03,2446.58,fashion,0.108,netbanking,1,0,,metro,1,5,morning,0.3974441051585353,0.4599,0
242d7189-44e5-4079-9c2d-a61a637988f8,3c199261-e6e2-42ad-b4e0-535e7eb5a1c0,2025-08-09,371.42,electronics,0.17,UPI,1,0,,tier2,0,2,morning,0.3389478327833424,0.1049,1
0dc90797-8633-4a48-af61-a200e3590a59,e337d2a3-6032-4e1f-8ce4-a81121aa131e,2025-01-22,343.27,fashion,0.392,COD,0,2,0.249,tier2,1,3,evening,0.2771725532528444,0.5999,1
30225e0e-3c3f-449e-a6df-4ebedb347d5a,feea7c80-d662-4acf-a55b-6fe675e1cbec,2025-10-21,608.03,electronics,0.379,UPI,1,0,,metro,0,3,night,0.5777434668907969,0.2577,0
8f168977-f7f5-4346-8d17-f3a29092e7df,0378c4bd-f343-455a-bdc9-a9913f58cfda,2025-02-04,613.39,electronics,0.555,COD,1,0,,metro,0,5,evening,0.19283338499564623,0.5972,0
33cbfd0f-4ba1-4694-a487-f2b20db0137d,37407cb6-5b5f-4c6d-8d6f-fd7473362bdb,2025-09-20,3408.53,fashion,0.335,COD,1,0,,tier3,0,5,evening,0.24074547305735522,0.5735,0
de41ed1b-ac4f-475a-9d21-bc180d8dec36,386639da-c4fb-436b-9ced-e6f3c7021453,2025-02-28,1318.41,fashion,0.282,COD,1,0,,tier2,1,3,afternoon,0.13845962298865533,0.6294,1
5ede3b99-713a-4ab8-a94d-fd1be9a05437,b15097c2-354a-48aa-8b88-0fc27a70d24f,2025-04-26,250.0,fashion,0.197,UPI,1,0,,tier2,1,3,night,0.35941268307576457,0.6179,0
8476cb8d-7f5d-4a2a-b84f-2c442ed658ba,6c56ea03-6f25-465a-8841-c114051cab81,2025-01-07,1849.91,electronics,0.408,COD,1,0,,tier3,0,5,morning,0.29048499029100583,0.5746,0
c515861a-ce04-4994-b540-2003ea25bdd0,551aee57-0df4-4a51-9afa-0babaf28b33a,2025-08-25,1337.04,home,0.201,card,0,1,0.146,tier3,0,6,afternoon,0.18168234468688693,0.0335,0
400c9b32-4dc6-4528-bbaf-6a3eeda23d17,b35327f3-9a21-435b-a376-d3e29a326d89,2025-05-30,1402.68,fashion,0.491,UPI,1,0,,tier2,0,3,night,0.3174880999559512,0.402,0
450e0577-1a28-455c-840d-1981d4ce5554,82715f5b-0eb8-4809-b878-05fd95a15158,2025-07-22,523.23,electronics,0.281,COD,1,0,,tier2,0,4,evening,0.021184252375003435,0.4468,0
2688da22-131a-45d9-9c82-ce12547a32b4,97097040-636b-45f4-85e0-9e1a52c27325,2025-01-29,2732.99,electronics,0.702,card,1,0,,metro,0,2,morning,0.15906278458837203,0.2363,1
0f64b3fe-c8e4-4994-9cd3-721fc1b69791,b6da0c58-e09f-4c64-b488-90dde3c22bf1,2025-07-02,1815.32,beauty,0.606,COD,0,1,0.169,tier2,0,3,night,0.06852796151158619,0.2585,1
c0ed0e91-f4da-4a63-9910-2bc7063dfc1a,cba1f52f-9905-4405-b96d-4c622c0b248e,2025-03-17,2437.3,grocery,0.567,card,1,0,,metro,0,3,night,0.4451782602422671,0.0725,0
4db2d296-a924-4a23-bb8b-deb31d583aba,3bd11f4d-7dd1-422b-8df9-7dc5cf636fc9,2025-06-21,4958.82,electronics,0.201,card,1,0,,metro,0,4,morning,0.3052133289526958,0.1253,0
c37d3dd6-48d9-4ccc-9b18-efc0d6203520,84f798c4-c576-4100-9357-d92419324080,2025-04-27,748.45,grocery,0.211,netbanking,1,0,,metro,0,2,evening,0.032458508417533755,0.0625,0
8b4bd46b-b262-4023-8bd1-4b62829f2336,023b9e7c-1296-4744-8d72-4287487c387a,2025-06-12,250.0,beauty,0.136,UPI,1,0,,metro,0,4,afternoon,0.3858310964520147,0.1483,0
7dddb9ce-9dc1-40ee-8158-a0a8ae42f28e,6a7814a2-3655-4d08-8da4-8ec7df0030b9,2025-07-20,602.08,grocery,0.327,card,1,0,,metro,0,1,evening,0.15705197005739738,0.0662,0
83eb8834-5797-4e47-a010-0fbbfd8c990a,c74291cc-50dd-48a2-918a-2263305eb957,2025-03-17,2369.21,fashion,0.097,UPI,0,2,0.415,tier2,1,3,afternoon,0.2897378778415542,0.1883,0
99da53b2-049a-46f9-a68b-4f8d54c91215,386639da-c4fb-436b-9ced-e6f3c7021453,2025-07-07,1155.65,fashion,0.197,card,0,1,0.033,metro,1,3,evening,0.13845962298865533,0.1234,0
0a803769-4b52-4818-8ba4-16222336b53b,e337d2a3-6032-4e1f-8ce4-a81121aa131e,2025-03-06,1444.14,fashion,0.091,UPI,0,3,0.212,tier2,1,1,afternoon,0.2771725532528444,0.2868,0
7053508a-64b7-49ab-a0f7-d5e0d6c64547,412fdcc8-a20c-4ee8-986c-d10d8bf4a971,2025-07-11,4729.83,home,0.244,netbanking,1,0,,tier2,0,1,afternoon,0.6645072620284929,0.1524,0
40f02c7d-5e0f-44dd-8237-b48e1d18eb26,bd3c3573-0103-48f0-b2c0-b7ec007b2db3,2025-06-14,1533.97,electronics,0.29,UPI,1,0,,tier2,0,4,afternoon,0.23310699843617838,0.1534,0
60cf6559-daf3-4142-acfd-c2ca117783c6,2022f5c1-083c-4c40-93e7-f3bf5ca21797,2025-04-11,2019.37,fashion,0.208,UPI,1,0,,metro,1,4,morning,0.03002375015151436,0.2744,0
c1233ad7-e27a-420f-a52f-11eb0da630b4,e46f6f26-c239-4aa1-9c65-1209e9e43c60,2025-07-02,631.78,beauty,0.257,card,0,3,0.057,tier2,0,4,night,0.24597285000833133,0.1042,0
0f0bb865-7e12-4c3d-b4f0-68b1152d0b72,b6352c97-2241-47d4-89b2-77d21afae1a8,2025-01-05,421.99,home,0.145,COD,1,0,,tier2,0,1,morning,0.2098480405685214,0.2356,1
f90c871b-f727-4519-897d-721e41fa8ff3,09f0bdb4-9a82-4836-9937-2f88cb2c1621,2025-08-29,1075.13,fashion,0.145,netbanking,1,0,,metro,1,3,afternoon,0.34129841122598414,0.3632,1
1f6ee1ef-68f4-498f-82c5-47b0efea3600,5a0bd207-df7a-41c3-8a83-1274a9efee90,2025-06-27,4595.85,fashion,0.174,card,0,1,0.0,tier3,1,2,afternoon,0.025007063694987345,0.0429,0
49c73a09-b633-4a7d-94d3-9aae85964b59,0fc1c1ab-b781-4d50-9d85-9900bab12268,2025-10-21,508.04,electronics,0.145,UPI,1,0,,metro,0,1,evening,0.09630629790643759,0.0791,0
77a72fc6-4616-4249-9b27-a6a467345460,c27f9da9-44ad-48e8-bb50-8ff2efb3fca0,2025-09-29,456.67,beauty,0.137,netbanking,1,0,,tier2,0,4,afternoon,0.21714365268202862,0.1342,0
b6fae923-80f1-4f37-a5dc-4888e35f93b8,b732b9b1-5184-4f45-af4d-630b007d8b56,2025-10-16,4274.48,electronics,0.202,UPI,0,1,0.227,tier2,0,2,evening,0.3974441051585353,0.0334,0
2d0f74e5-a2fc-4380-a368-e8db36618fa2,e0be4c42-c5d2-46e6-98a3-f57143c81929,2025-05-09,718.97,electronics,0.548,UPI,0,1,0.298,tier2,0,4,afternoon,0.23228588338828865,0.0809,0
79a70084-349e-42be-865f-f3e465feacba,31f344da-4c1e-47ec-af4b-557c14d0e8e0,2025-01-02,1211.03,beauty,0.274,UPI,1,0,,tier2,1,3,night,0.6039320915435429,0.4464,0
77952379-8746-40b8-b598-ec19c3345ee1,1af574e3-1cf2-4f6f-9cae-ab5630dd0840,2025-05-30,1442.91,home,0.118,COD,1,0,,tier2,0,4,afternoon,0.3900564499123696,0.2392,0
47dd307f-d34e-4635-9df0-018cd58a6c4c,a539cfde-3926-498d-8b11-8bd068d970d3,2025-01-14,849.53,fashion,0.566,UPI,0,1,0.332,tier3,1,3,evening,0.4117868133302571,0.5712,0
09cd1324-e32e-4480-80d5-af3a1244a509,ab402b2b-f644-4050-9b7a-256960a2b70d,2025-05-19,642.78,home,0.285,COD,1,0,,tier2,0,5,night,0.2537284053397563,0.6313,0
dd2af5f7-5e6d-4626-a9d3-c591ecedc117,01536a12-d950-4aad-a788-acb6687eb503,2025-07-04,360.41,electronics,0.647,UPI,1,0,,tier3,0,7,morning,0.13672888574706193,0.2127,1
f34186e4-90a9-4a18-8b57-d99da59d2640,bd3c3573-0103-48f0-b2c0-b7ec007b2db3,2025-02-06,4934.29,electronics,0.478,card,0,1,0.187,metro,0,6,afternoon,0.23310699843617838,0.0682,0
d804a6f1-b868-4b39-ac41-66354109cf94,b48b45a4-753f-4ba5-b83c-ddf1c5e444e1,2025-07-30,420.61,grocery,0.153,card,1,0,,metro,0,4,afternoon,0.419905690979168,0.0533,0
a63a0ecf-11ce-4445-9b95-bf109cb7e1e2,915abb39-22d8-45e0-a5b6-a6320aeb6892,2025-08-09,358.95,home,0.205,UPI,1,0,,tier3,0,7,night,0.2732031279049196,0.3713,0
297a42bd-6ad3-4d3d-b609-3af7a24c43e0,31f344da-4c1e-47ec-af4b-557c14d0e8e0,2025-10-14,836.88,fashion,0.238,UPI,0,1,0.818,tier2,1,1,evening,0.6039320915435429,0.2796,0
1e95ea7e-1a0b-4ccb-87e5-ec77e7c366ef,cba1f52f-9905-4405-b96d-4c622c0b248e,2025-04-08,668.14,grocery,0.162,COD,0,1,0.345,tier3,0,5,evening,0.4451782602422671,0.218,1
817df16c-1c1a-43de-bbd4-82a91d81ae88,77e96371-82ca-416e-af8f-071e169e4282,2025-09-02,292.62,fashion,0.619,COD,0,2,0.109,tier3,1,4,evening,0.25979890009270734,0.6116,0
75994b69-3e3f-4c72-b2bb-93508ab91eb6,115b599a-217b-402c-bf2e-d673a28b8b6a,2025-08-11,1165.69,electronics,0.129,netbanking,1,0,,metro,0,3,afternoon,0.22490754943212576,0.0757,0
d762e3cd-2296-4bc3-b58d-c0b3036d0dd3,ad87b3e3-8b3e-438e-8994-51127b85c296,2025-03-12,463.83,fashion,0.193,COD,0,1,0.0,metro,0,3,evening,0.06067469417646223,0.1698,0
b87463c2-2185-422e-9c97-a50abaaac228,d4dcf918-8a6a-4458-964c-19d5a610cdda,2025-01-29,7235.92,beauty,0.253,UPI,1,0,,tier2,0,4,night,0.183269198067007,0.0452,0
44a0cbbb-1e0d-4c50-97cf-f52b1a896911,f7243914-f259-4b3f-b4da-cc523ff04815,2025-07-07,3781.48,beauty,0.344,netbanking,0,1,0.164,metro,0,1,morning,0.2798863894924076,0.0842,0
ea7de10e-a264-443d-9f40-a602767193fb,7f892973-babf-4935-bab7-187b59d8b023,2025-08-14,720.7,fashion,0.328,COD,0,1,0.342,tier3,1,5,evening,0.2434169799043869,0.5067,0
4a369eba-ae40-4562-9d64-2c64034376a4,dafa4cb3-c022-4df8-a53f-f33eccbb2af0,2025-01-31,287.51,beauty,0.533,UPI,0,1,0.138,metro,0,1,evening,0.21055725528180214,0.1462,0
3f18b36c-b8b3-44b5-bbfd-1c1a3c22018e,016c991c-d324-4a0d-8554-0f6f7eab3aae,2025-08-16,6131.47,home,0.594,netbanking,1,0,,tier2,0,4,morning,0.04287065580036544,0.1165,0
c0c09ed7-9b3d-448d-a416-0e297ed2e1b3,3ecb19de-c2c2-4695-853a-66f9349c3a05,2025-04-01,922.49,fashion,0.212,COD,1,0,,tier3,1,8,afternoon,0.1410845122933714,0.7404,0
c7b13332-cf3b-4b66-9d0b-1b833e904022,91d9555b-1d4d-4f40-aeaa-eb332e280fbc,2025-07-30,2815.31,electronics,0.314,UPI,1,0,,tier3,0,5,afternoon,0.15808045554802053,0.2115,1
0b843fc6-ebcc-48db-8a9d-a1446adb8af9,b7789f24-3475-46e9-8f14-57af30220b3a,2025-04-15,508.4,grocery,0.471,card,1,0,,metro,0,2,afternoon,0.24733755276936278,0.0413,0
44998b56-8bf5-408c-8d81-4b5d5998dfd8,48242df6-6544-46ca-8243-b23028d6d805,2025-10-07,575.86,fashion,0.637,COD,0,1,0.255,metro,1,2,evening,0.1548544510371693,0.2746,0
a4d4d1b2-d1df-4c0d-b283-6afca1ea9d58,e337d2a3-6032-4e1f-8ce4-a81121aa131e,2025-10-20,1928.09,fashion,0.434,COD,0,4,0.25,tier3,1,5,afternoon,0.2771725532528444,0.4672,1
449d0822-e939-4458-be8d-4e9c70542163,4c19ca15-e9d8-445e-9a4a-ef49bd34d343,2025-09-10,2115.69,beauty,0.169,card,0,1,0.312,tier3,0,6,evening,0.24706696213115537,0.1083,0
2e7b2893-9d33-4596-8a31-7d1d4cd3e7de,928114f7-f956-485a-b601-6b40b48c18d7,2025-02-26,979.96,home,0.2,card,1,0,,tier2,0,4,afternoon,0.29038571770418864,0.1384,0
d8070f8f-ee50-40cf-ab68-5c3d56487001,e214ab93-bb11-4ddf-84f4-87f79b34191a,2025-07-29,588.43,fashion,0.139,UPI,1,0,,tier3,1,3,afternoon,0.3666490656306323,0.3431,0
33b6500e-7e11-47b3-8487-8e2b5c3897f4,31c1fad5-4cd1-4948-951c-4b6f05b9a3e3,2025-03-10,451.24,fashion,0.298,UPI,1,0,,metro,1,2,afternoon,0.1036578444265268,0.6424,1
ebd07c7f-b654-49fc-b37b-6232b3616f15,9624258c-4f43-4c23-8a52-ae3657722b57,2025-09-19,602.63,fashion,0.274,card,0,2,0.353,tier2,0,7,afternoon,0.4134664929263236,0.3676,0
fc560a75-bfd7-4daa-bf08-79285ecedff6,fd6cccad-5f4f-45ca-8142-59059b87515b,2025-01-15,415.98,fashion,0.412,UPI,1,0,,metro,1,3,evening,0.2595265118239566,0.1507,0
ba77537e-fddb-4616-9e52-de560afd9e53,91510149-f597-4196-b779-376ce2143f83,2025-07-31,1892.38,fashion,0.593,COD,1,0,,metro,1,1,evening,0.26241881723183863,0.6619,1
0c5cd7f9-bf09-4e84-91fa-37d7b2acbf65,efe987bb-9956-4090-b0a3-f923ed1b15fc,2025-08-10,1984.04,electronics,0.284,COD,1,0,,metro,0,4,evening,0.39867930835006377,0.3111,0
eaf3b01a-aa8e-4cdf-ba11-ac7163d98915,3c212041-014e-4793-98f2-826628bba05c,2025-02-12,2083.3,electronics,0.14,card,1,0,,tier3,0,5,afternoon,0.25921265445369807,0.133,1
c8f4124b-9a09-41a0-8427-79193ca553ce,6c56ea03-6f25-465a-8841-c114051cab81,2025-02-03,1466.44,electronics,0.316,card,0,1,0.364,tier3,0,5,morning,0.29048499029100583,0.053,0
ffe18bde-863f-4eb5-9539-3f932a89d858,3e1f62af-b83b-474c-84a3-3e02f8a64e1a,2025-06-20,250.0,fashion,0.34,COD,1,0,,metro,0,1,evening,0.11495022682730283,0.7086,1
9ccb73e1-722b-4681-a474-dd4de0078f1e,61d96718-feb5-4038-8c4d-b96c3a34a100,2025-10-13,8032.01,fashion,0.339,COD,1,0,,tier2,1,2,evening,0.3378139318232394,0.3506,1
cfa4f700-d55c-4f92-8485-a0a58f0ad03b,530bbe2d-ad3a-48f9-bc50-6461db39ef79,2025-07-14,10214.03,grocery,0.143,COD,1,0,,tier3,0,4,afternoon,0.5144941083307562,0.0643,0
fbb3c4b3-9ae6-4748-b2a5-e0c806c99e14,1430da84-3676-4e2f-a20c-58786ed1d466,2025-03-22,5986.57,electronics,0.162,COD,0,2,0.211,metro,0,7,night,0.22121655786542901,0.067,0
c05e3ba5-3195-4cdc-bf1a-fd9f34b52b5e,61e68552-c2ac-46ab-b349-d5252a071eca,2025-01-31,1037.01,beauty,0.136,COD,0,1,0.182,tier3,0,4,night,0.1913603605753747,0.2321,0
c02fe6f2-dca8-4266-82fe-d9e1ad79fef4,bdf5e5de-7033-4345-ac37-819738c0e957,2025-06-25,750.24,fashion,0.227,COD,0,2,0.207,metro,0,2,evening,0.2211439005048725,0.1926,1
67bf9648-af8b-4319-aa83-b03ea2749f5b,3f175ef7-cb46-404c-ae55-2d22b3544172,2025-04-03,551.3,fashion,0.156,UPI,0,2,0.136,metro,1,5,morning,0.048627470043128354,0.1864,0
f057e435-4a3e-4a96-af58-e07e830d79f1,48242df6-6544-46ca-8243-b23028d6d805,2025-06-06,654.68,fashion,0.306,card,0,2,0.134,metro,1,6,afternoon,0.1548544510371693,0.1595,0
8d16de48-f493-4003-8198-dc2c1dd06a76,b15097c2-354a-48aa-8b88-0fc27a70d24f,2025-03-14,8138.17,fashion,0.041,netbanking,0,1,0.397,metro,1,6,afternoon,0.35941268307576457,0.1073,0
41cb3aec-a0f9-4248-83bb-7738b5a8ad2e,b414a809-32f3-45e4-ae71-d194ad4694d5,2025-03-24,1867.43,electronics,0.251,UPI,1,0,,tier2,0,2,evening,0.04292142383700191,0.0765,0
4eee8d78-9b67-49e1-adb0-058a436d827a,59605de4-49e6-4ec1-939b-6b33100b85a0,2025-09-16,712.64,beauty,0.476,COD,1,0,,tier2,0,3,evening,0.16468907167168612,0.7169,1
6a8c1423-e9c5-4194-a5b7-952251e07cda,c82ff35e-d4c0-40e3-8dbc-ce7b5a246eb2,2025-07-02,10771.23,electronics,0.309,COD,1,0,,tier2,0,3,afternoon,0.3049431715733594,0.0912,0
dfa69587-9f95-4db2-b936-b58a8b7ca14e,61e68552-c2ac-46ab-b349-d5252a071eca,2025-05-04,476.51,electronics,0.422,COD,0,2,0.14,metro,0,1,night,0.1913603605753747,0.1688,0
414865aa-98b9-4eb0-a691-ad3c24bd67b9,ec513aca-b3ea-457e-b9fd-46a0fbbd0108,2025-03-26,553.2,beauty,0.06,COD,1,0,,tier2,0,2,afternoon,0.19762424986659227,0.5092,0
849abf4b-3e7e-4af2-b8a5-910225a607ff,475cfcc6-88df-4e49-810d-e60c6915e823,2025-08-03,4573.22,fashion,0.46,card,1,0,,metro,1,6,evening,0.2511919731705291,0.4388,1
73a258e1-1f16-41af-8971-a965e5916020,9cfbe601-0322-4c7f-a8fc-089374a870d3,2025-09-01,250.0,electronics,0.46,netbanking,0,1,0.322,metro,0,1,night,0.2677657562695904,0.1258,0
5690cb53-692b-4200-9bf1-b0c455fb9a67,915abb39-22d8-45e0-a5b6-a6320aeb6892,2025-10-05,1477.3,home,0.075,COD,0,1,0.382,metro,0,2,evening,0.2732031279049196,0.0731,0
686ec8af-c78d-4130-8637-52e8dbcabead,5a4e456a-7177-438a-a82d-59e0133f3eb9,2025-08-27,1842.54,fashion,0.256,UPI,1,0,,metro,1,5,morning,0.23069756686430742,0.4236,0
6baa005f-9f3f-418f-aa45-9c5cdd2cbfe0,6741beec-5e04-4bdd-9202-60c1031010f8,2025-09-10,265.41,fashion,0.106,UPI,0,1,0.301,tier2,1,2,morning,0.20115272590154482,0.1914,0
0e42d311-7f6f-4428-ae5b-338facb92a5c,30ed7aa6-3495-4b99-970b-27c038e98f99,2025-05-03,250.0,beauty,0.501,COD,1,0,,metro,0,2,night,0.30707185083804733,0.6441,1
f0d7dbf2-eceb-4fdf-938c-f45d5fe9e192,5644e802-a267-4eeb-bd8e-cdf3be61d5d6,2025-10-21,252.37,home,0.449,netbanking,1,0,,tier2,0,2,evening,0.3923137330147234,0.3138,0
88b39100-d6ca-45f8-914b-def032de35eb,fdebca3c-4db6-45f9-aecf-5b0e2d82bf66,2025-06-02,1047.62,grocery,0.508,COD,1,0,,tier2,0,2,evening,0.21485681318313843,0.3408,0
2fd0461b-734d-41c4-bbcd-1d5aba56a1ea,cba1f52f-9905-4405-b96d-4c622c0b248e,2025-05-05,5781.16,fashion,0.45,COD,0,2,0.396,tier2,1,6,evening,0.4451782602422671,0.6308,1
8497234e-9ed2-4342-9930-d231a112a41b,6691be4b-2f05-471e-880b-641b361f736f,2025-06-03,411.41,fashion,0.303,card,0,2,0.108,metro,1,2,evening,0.2916477929418046,0.315,0
8d801515-0ddc-474b-8133-70107be6e3ee,ec513aca-b3ea-457e-b9fd-46a0fbbd0108,2025-06-24,438.11,fashion,0.47,COD,0,1,0.081,metro,1,4,evening,0.19762424986659227,0.2114,0
a87c0f3c-a735-49eb-bf40-eccade4f3642,feea7c80-d662-4acf-a55b-6fe675e1cbec,2025-07-29,813.53,electronics,0.161,COD,0,1,0.554,metro,0,3,morning,0.5777434668907969,0.1243,0
baac259f-c940-4315-860c-62020d146f20,3661a905-c2f5-441f-8a96-b261c579bc9c,2025-07-25,819.63,electronics,0.071,UPI,1,0,,metro,0,5,evening,0.46113145613975703,0.09,0
37f93f2a-a205-4b64-b458-d5515222b9ea,079ccc14-56e1-44f4-b53d-a66ed0eeac29,2025-08-24,503.98,electronics,0.462,UPI,1,0,,metro,0,3,afternoon,0.37075169622686466,0.091,0
fd6ee559-c5ae-475b-8b09-47f2ab0adee5,8072997b-4154-420b-b82c-3e57d37444e3,2025-07-15,250.0,electronics,0.495,card,1,0,,tier3,0,6,morning,0.2676344641423701,0.27,0
ee7d8736-7092-473d-a4ef-799158957d3a,21644b40-c53f-493e-af3f-29e3483e3d9b,2025-07-06,387.92,beauty,0.174,COD,0,2,0.257,tier3,0,4,evening,0.22287364608691065,0.2801,0
bca1a1fc-4419-4037-a9dc-6f2b3a06b2e9,7577f5f5-f434-4ba2-be8d-bc819a90aa7d,2025-10-19,250.0,beauty,0.255,UPI,1,0,,tier3,0,5,morning,0.12936071938754626,0.4494,1
eee8d1e2-09a9-4d9c-b907-d39c681dede8,8d622291-0b6b-4638-bb2d-5dc9c87ded1c,2025-05-19,977.5,electronics,0.171,COD,1,0,,metro,0,3,evening,0.41400072201775984,0.3462,1
d6e8554c-d814-483a-a477-4e9712a8e38e,551aee57-0df4-4a51-9afa-0babaf28b33a,2025-10-03,2111.99,fashion,0.298,card,0,2,0.114,tier3,1,9,morning,0.18168234468688693,0.3607,0
e08869e2-6ea3-43dd-9d09-640eaba9b8ab,7abb60f8-6a15-44b0-8a8a-33cf510670a6,2025-06-24,340.89,fashion,0.303,UPI,1,0,,tier3,1,6,evening,0.03542903995029727,0.5759,0
acbd5eea-ceaa-4fb5-8fa2-77e52d47833f,6c361c11-ca46-4858-84ff-ccace7f3ec03,2025-10-03,1168.55,fashion,0.267,card,0,1,0.169,metro,0,4,night,0.17298841463602524,0.036,0
8cdc2758-bb5f-4f6e-a057-436868548ac3,fcad361d-37b1-48e4-ba15-27f5efd12bd2,2025-05-11,1107.01,electronics,0.154,UPI,1,0,,metro,0,1,night,0.3926881472493449,0.0651,0
805828e5-2ec4-4b41-8e68-cc68accbb602,fd6cccad-5f4f-45ca-8142-59059b87515b,2025-09-08,2868.25,fashion,0.421,UPI,0,1,0.312,tier2,1,3,afternoon,0.2595265118239566,0.1111,0
16bd8b43-84f7-4c09-abc6-288ce4584864,f511f812-b332-434e-84ac-a8d69f0d2875,2025-08-06,468.62,grocery,0.062,COD,0,2,0.119,tier2,0,6,evening,0.1091421274751211,0.102,0
64a7c61f-d2f2-4db6-816e-06c461f32600,13fe080b-d69d-443e-a712-766c682faa59,2025-04-30,491.58,grocery,0.325,card,1,0,,tier2,0,2,morning,0.5362129046914219,0.1093,0
1aae5e00-32a5-43a2-bc0f-a7a0d9d1fcbb,33a52997-bb93-4122-bb18-091c31a74bab,2025-09-05,529.81,beauty,0.483,UPI,1,0,,tier2,0,2,afternoon,0.03758950939721761,0.2884,0
ba9632bc-b572-4bd1-801d-572383273e02,09f0bdb4-9a82-4836-9937-2f88cb2c1621,2025-08-22,2851.47,fashion,0.279,card,0,1,0.284,metro,1,1,evening,0.34129841122598414,0.223,1
5318978f-c27d-4429-9c2b-2f4872983314,679ef845-fb3d-4126-9adc-a30f1398f3ae,2025-09-02,6444.75,beauty,0.115,COD,1,0,,tier3,0,7,morning,0.21714315647382218,0.2365,1
f27f8dfd-4e50-4678-9dcb-57346972435d,4c3650cb-e088-4c11-a624-1102a42ebe08,2025-03-20,3831.37,home,0.39,COD,1,0,,metro,0,3,evening,0.03297163095944513,0.1446,0
168a82ab-f014-46e2-b555-35fef3c0e5ff,f03be7b6-589c-4dfc-a5f8-c0f89d4406ff,2025-08-24,11436.58,fashion,0.486,UPI,1,0,,metro,1,1,afternoon,0.06565876288364696,0.1179,0
7778e3ab-35f3-48ee-ad0c-b58ea98ac65a,14fa1e07-e46e-4421-bcc9-efd97fda4448,2025-01-17,3905.59,electronics,0.382,COD,1,0,,tier3,0,6,morning,0.2216976101384966,0.437,0
bfbb7d6c-0d4a-4994-be8e-39a7e9351713,617c2dac-ff86-4a50-b68a-9e92a81ce5c4,2025-03-22,675.16,fashion,0.1,COD,1,0,,metro,1,2,morning,0.3565159652552688,0.3525,0
22242a1f-bf63-40a8-84ef-61df701c483d,69e71a26-be82-438b-a70e-06d7d45a08cc,2025-02-11,924.45,fashion,0.517,UPI,1,0,,tier2,1,6,evening,0.13825855892486977,0.6323,0
4c4a13c0-5c63-4dab-9f51-01c60874d5ab,18ac91fe-d7d1-4831-a17e-7c06a5ec4af5,2025-02-24,1222.09,beauty,0.184,netbanking,1,0,,tier3,0,8,evening,0.24614417619698423,0.1432,0
ce1984f6-c9e5-41a9-8623-75a7e4f12e67,b8493f5f-1103-47ee-bad7-6a24a2ebc92e,2025-04-11,912.62,electronics,0.157,UPI,1,0,,metro,0,1,evening,0.0781064825203757,0.1193,0
f38707c6-47a0-43e9-9c84-4cda717e3fb0,468d438b-e72b-4826-8537-75d3f84b6a40,2025-08-13,1891.86,grocery,0.066,card,1,0,,tier3,0,6,afternoon,0.4862266497306529,0.042,0
7606f259-0e35-4545-ac35-2d93bae1ec5d,b23d847d-997a-4928-9b10-f50e4fa93ba9,2025-10-12,1164.04,home,0.08,COD,0,1,0.168,metro,0,3,night,0.22452854262691951,0.169,0
a9f5d77b-2854-4c1a-a52d-c3bd6045269f,c74291cc-50dd-48a2-918a-2263305eb957,2025-08-28,3188.42,home,0.395,COD,0,3,0.199,metro,0,4,morning,0.2897378778415542,0.0713,0
f5c7d0c9-ae0b-42bd-b647-0fc6e9d0f2be,2e69e260-0ee4-43cf-9c88-a409981081c6,2025-07-22,915.2,beauty,0.416,COD,0,1,0.437,metro,0,3,night,0.41585134920398,0.2066,0
70cde4f2-9ce6-4724-9e8b-499faa42dbde,0b3125cc-29c6-4f20-b1ef-8890454bd85d,2025-02-13,701.79,home,0.381,card,1,0,,tier2,0,1,morning,0.45454338905514596,0.3048,0
14e9a4cb-1397-4491-b2f5-022182a9d812,4c3650cb-e088-4c11-a624-1102a42ebe08,2025-04-20,4774.07,fashion,0.295,COD,0,1,0.042,tier2,0,4,afternoon,0.03297163095944513,0.1437,0
49cce312-6cf2-47c2-b3c1-436f48fa2685,ad87b3e3-8b3e-438e-8994-51127b85c296,2025-03-30,2096.41,fashion,0.305,netbanking,0,2,0.19,metro,1,4,afternoon,0.06067469417646223,0.0556,0
bcbb34bc-e842-4908-bdfd-84eca7c99754,879efc3e-a486-44ac-a9cc-29dca850ccc1,2025-08-28,1670.56,grocery,0.239,UPI,1,0,,tier3,0,5,afternoon,0.14849469586761202,0.1129,0
58e946e5-2c44-430c-86b6-72b1702b5852,61e68552-c2ac-46ab-b349-d5252a071eca,2025-04-04,297.9,beauty,0.575,COD,0,3,0.209,tier3,1,6,evening,0.1913603605753747,0.3372,0
c3b3c3e0-6ed6-4029-9da6-e0b11ec3df58,6dcbc337-b789-4bd9-a661-20e6aae5f28e,2025-06-20,2628.94,beauty,0.406,card,1,0,,metro,0,5,afternoon,0.13102794820675195,0.1488,0
bde15edb-5a79-4f56-88c7-2d81d067a748,ce26b8b6-9b52-4549-a381-20ab40191ab9,2025-01-26,1956.42,grocery,0.088,netbanking,1,0,,metro,0,2,morning,0.2779937156072131,0.1311,0
95e84627-d764-40ce-a633-20fe5fb4f7c5,4a210397-e8f5-48f0-9b24-1863f194f342,2025-05-21,4021.48,electronics,0.347,UPI,1,0,,metro,0,2,night,0.7642110094338409,0.1103,0
bda7731d-ad0a-468d-b227-5a27702c150c,3d51b281-7585-4d43-aefd-40a803a1bf4f,2025-10-26,768.36,electronics,0.173,netbanking,0,1,0.251,tier3,0,4,evening,0.24645297721478737,0.0508,0
9b3f7566-92c6-45a9-acd7-b0d2322da614,c6bd3ced-8dfd-418f-9676-7701c939761a,2025-08-16,2672.46,home,0.359,UPI,1,0,,metro,0,2,evening,0.0851383244395845,0.1197,0
b185f432-fb03-41d2-8def-77da9a1b3178,844e1cc6-38c0-44c1-8fb0-2171c4ac07a9,2025-08-06,725.4,fashion,0.288,COD,1,0,,tier3,1,4,evening,0.09221080951028436,0.5894,1
36304445-ce10-4e1c-95f7-da691090339a,879efc3e-a486-44ac-a9cc-29dca850ccc1,2025-04-30,1794.1,beauty,0.222,COD,0,1,0.108,tier2,0,4,afternoon,0.14849469586761202,0.1801,0
786b6d66-948f-4296-a92f-80449f645b46,115b599a-217b-402c-bf2e-d673a28b8b6a,2025-08-21,5140.21,electronics,0.052,COD,0,1,0.154,tier3,0,4,evening,0.22490754943212576,0.2093,0
dc49e593-5201-489d-b567-2f4c7b3b16b6,a5e935b1-2c69-4267-9bfb-173119adce52,2025-07-29,461.11,home,0.228,UPI,1,0,,metro,0,2,evening,0.09566624421358363,0.1086,0
1790f0c7-0094-487d-80d2-fa12c57b85f7,f7620ff0-2d52-4476-8dbe-6126a23c6314,2025-08-02,250.0,electronics,0.37,COD,1,0,,metro,0,1,afternoon,0.13931901060737575,0.2267,0
a08eb6a9-f8f9-4dcf-8809-7c1b6a7e14e8,2ccb80d1-fee2-4f7c-a92e-d2c170ce7748,2025-03-19,250.0,fashion,0.097,UPI,1,0,,tier3,1,5,night,0.4006136338939826,0.5208,1
1beac0b6-50c4-4acd-9189-85248b05a6eb,706509ac-1c21-4830-bf5f-7a48ed377c6a,2025-02-05,1939.26,electronics,0.348,UPI,1,0,,tier2,0,2,morning,0.21026090580847182,0.1897,0
4a29b068-9676-4d1a-b337-fcca1523a7c3,bd1084dd-629c-4150-a764-2ccea032f578,2025-02-08,1943.15,home,0.284,UPI,1,0,,tier3,0,6,afternoon,0.21989011196511407,0.241,0
390a8382-f5c1-44e6-ae82-fabf520b33e1,d684615e-b5d2-4dff-856f-f7aa94f57139,2025-06-08,1100.57,home,0.375,netbanking,1,0,,metro,0,1,afternoon,0.391147140695262,0.152,1
c0987622-e193-4669-b243-cff5f34889e8,a3c6430f-e9eb-4c47-9359-730c9e42a716,2025-09-29,1328.08,fashion,0.239,UPI,1,0,,metro,0,2,afternoon,0.3571737769623766,0.2898,0
d23e73a2-a6ce-4a29-890d-76db0c8fdbe2,617c2dac-ff86-4a50-b68a-9e92a81ce5c4,2025-09-30,11393.31,beauty,0.435,COD,0,1,0.349,tier2,0,3,afternoon,0.3565159652552688,0.0414,0
02219c73-f4dc-4eb9-889e-1673537deec9,158def50-116f-4763-a5e8-5dc99becd3e9,2025-09-23,250.0,fashion,0.241,COD,1,0,,metro,1,2,afternoon,0.03256332504746043,0.5698,1
f407873b-2ffc-47c1-b4b8-e6abafb428a4,cdfac639-c4a1-4655-be5a-2d787e76f71c,2025-03-10,1405.68,fashion,0.235,UPI,0,1,0.208,metro,1,7,afternoon,0.18576378008237582,0.0644,0
002587cb-2741-41e1-8719-720416380d08,67991ec5-6540-4afc-8700-1e97c8b7427e,2025-10-16,1960.35,fashion,0.252,card,1,0,,metro,1,7,morning,0.13954174495960747,0.3835,1
f04aa808-9409-4f78-aae2-a81ea2360ef8,76e3ab4e-0d33-4910-81b9-f0f04685b7d6,2025-09-28,259.36,grocery,0.236,COD,0,1,0.169,tier3,0,4,morning,0.06842336486313001,0.0869,0
e9b045dd-03bb-44df-a6a4-7a2f997a42b7,3d51b281-7585-4d43-aefd-40a803a1bf4f,2025-06-26,10771.94,grocery,0.287,card,0,2,0.183,metro,0,2,evening,0.24645297721478737,0.0113,0
74b0c021-f5d8-42fa-95cc-95e67dad9e10,2171476c-3a28-4828-9aca-aed26cbdedc5,2025-04-08,3628.42,home,0.142,netbanking,0,1,0.614,tier2,0,1,morning,0.7296899354667504,0.052,0
5198e0bd-3670-4e04-bc99-b45e8ea85fca,13305eb5-fa9e-4ad0-82e5-51bd1825bb0e,2025-09-16,964.33,electronics,0.257,UPI,1,0,,tier2,0,2,afternoon,0.06015710717930573,0.203,0
205099ae-cc3a-46c1-ab0e-77b32b0a95f2,ac0ed3da-6d79-4329-959d-5629884008b4,2025-02-23,4793.12,fashion,0.266,card,1,0,,metro,1,4,afternoon,0.04633846991413163,0.217,1
14764dd5-b9d7-4ea2-8b7a-fb1045144508,6c56ea03-6f25-465a-8841-c114051cab81,2025-10-18,489.63,fashion,0.133,COD,0,2,0.379,metro,1,2,night,0.29048499029100583,0.531,0
3914957a-9991-4901-826d-fbe2c60d49e2,530bbe2d-ad3a-48f9-bc50-6461db39ef79,2025-10-14,1446.62,home,0.436,COD,0,1,0.44,tier2,0,5,afternoon,0.5144941083307562,0.4246,0
26c65ef4-b7d6-4f06-8b20-17b97086cd67,3ec64305-084b-4dbf-ad10-b6692b139740,2025-05-14,250.0,home,0.104,COD,1,0,,metro,0,5,morning,0.354621720738092,0.3137,0
2e175742-57ab-4dc0-a088-37461138817a,31f53599-3fbf-4d54-b360-4ebd731496d0,2025-06-02,4016.31,fashion,0.605,card,1,0,,tier3,1,6,morning,0.3108899842101137,0.6379,1
4e140edf-5e60-49d7-aa12-d0d452fc54d2,e8f694f4-75c7-4b9d-8461-3f6fce844e62,2025-09-09,8283.82,beauty,0.243,UPI,1,0,,metro,0,5,afternoon,0.10058728392504118,0.0414,0
ec2de426-afa8-45f9-b08b-c1e9275d9044,183731f0-c4f7-459f-b6fe-03d481d1dc2b,2025-10-10,1086.38,beauty,0.129,UPI,1,0,,metro,0,4,evening,0.3251850941589013,0.252,1
4698e49f-ce3d-440f-82a3-23b49b38b461,c098bafa-20a7-4c6c-9fce-d433c8e83be7,2025-07-23,634.25,fashion,0.156,COD,0,2,0.215,tier2,1,1,morning,0.27580452681496,0.7951,1
1fd49a5e-9dc9-47c7-94d9-672c186c0279,36d6b08a-5436-4a2f-83c2-120975d4be7f,2025-01-18,701.55,beauty,0.163,UPI,0,2,0.044,metro,0,2,morning,0.04915448350944119,0.0205,0
289361fe-983f-48af-b355-72d9aebd45db,c93c6de8-9490-43c9-a1b4-b58f531b4584,2025-07-18,978.04,fashion,0.219,card,0,1,0.127,tier2,1,3,evening,0.04047509547806022,0.1839,0
0dbf0b7e-4c1d-4bbb-a582-d357cc9e6f83,b66a45c1-7406-4950-a677-2ee579e724f2,2025-10-27,4418.16,beauty,0.324,UPI,1,0,,metro,0,1,morning,0.33946126851350195,0.1068,0
460c8de9-e385-4cb5-af21-d0e22515562d,737e35bc-4ea3-42a4-9c26-b22f7099bf28,2025-01-10,250.0,electronics,0.065,COD,0,1,0.035,tier2,0,2,morning,0.05662677973259444,0.1148,0
923a3183-ab88-48b6-bcfe-5b8f03b4d7a9,2a199d42-4b29-4a69-bdae-61711686d721,2025-06-10,1805.54,fashion,0.319,UPI,1,0,,tier2,1,9,evening,0.5280280326519072,0.3017,0
00beedc1-40a8-4bc0-9ba3-3023c1c8517b,1e465044-0862-48e8-8f32-09db66c81fad,2025-05-14,3306.07,fashion,0.191,netbanking,1,0,,tier3,0,3,evening,0.20401397040683977,0.1275,0
30c3b24d-a465-4665-a268-73c6f2d497ac,18ac91fe-d7d1-4831-a17e-7c06a5ec4af5,2025-06-03,350.95,electronics,0.713,COD,0,1,0.188,tier2,0,2,evening,0.24614417619698423,0.5425,0
813ddf0b-5afd-4c89-b861-de030bec9c82,82715f5b-0eb8-4809-b878-05fd95a15158,2025-06-08,3114.05,fashion,0.498,UPI,0,1,0.153,metro,1,3,afternoon,0.021184252375003435,0.3436,0
5cb6b36c-1701-496a-a35b-be67c64436c4,80cef85a-5938-4801-9fa5-9b6c0de0cc08,2025-04-06,3002.59,beauty,0.248,UPI,1,0,,tier2,0,3,evening,0.2042925306906814,0.0628,0
fbe56d0e-92a1-4f4a-b49a-15e54cee6dbb,bd1084dd-629c-4150-a764-2ccea032f578,2025-01-19,2408.15,fashion,0.34,UPI,0,1,0.214,tier3,1,4,afternoon,0.21989011196511407,0.5143,0
a0bf4f9b-3ccc-48dd-b478-1c6b86bef0d9,1430da84-3676-4e2f-a20c-58786ed1d466,2025-09-04,385.73,electronics,0.165,card,0,3,0.205,metro,0,3,evening,0.22121655786542901,0.0268,0
3856a772-8cb0-4819-9a61-05085cacb6e8,937f81a2-0c57-467d-869e-aaae2412816a,2025-01-10,1391.96,home,0.138,UPI,0,3,0.372,metro,0,2,afternoon,0.2365731909103324,0.0895,0
72678930-2eeb-41ee-a2b9-5e88e834b383,ee1573cf-855f-4d78-94ec-59176830795f,2025-08-22,4104.62,grocery,0.166,COD,0,1,0.108,tier3,0,8,evening,0.07319325355511432,0.0589,0
a2a5e0ed-467a-470a-a5a0-ba2a88dcaa79,115b599a-217b-402c-bf2e-d673a28b8b6a,2025-05-23,780.48,fashion,0.696,COD,0,2,0.336,tier3,1,5,afternoon,0.22490754943212576,0.7647,1
6584f2e7-1c42-40b1-9e0c-02dd95888d74,30ed7aa6-3495-4b99-970b-27c038e98f99,2025-04-09,2936.2,home,0.163,UPI,0,1,0.272,metro,0,2,night,0.30707185083804733,0.047,0
8efa0d7e-6daa-433e-bdb7-16ead0cc71b3,fcad361d-37b1-48e4-ba15-27f5efd12bd2,2025-06-12,250.0,fashion,0.529,COD,0,1,0.344,tier3,1,3,night,0.3926881472493449,0.814,0
05808424-7802-43fc-ab3d-bc66b74ac893,44966f4a-9060-4681-b0c5-38aabff795b2,2025-03-31,285.87,fashion,0.32,UPI,1,0,,tier2,1,3,night,0.17602227586818103,0.3986,0
37b71e81-80d8-440c-abaa-2c899f571c4c,15413aac-76b8-444c-9d55-391961a96d45,2025-07-02,1221.53,beauty,0.735,card,1,0,,metro,0,2,night,0.46219689800581915,0.6146,1
c99b9be6-9850-457b-a724-c4f8ddf858c4,1a4bfac1-4bff-4c1a-8331-8f58709b98b3,2025-07-19,1797.9,fashion,0.016,card,1,0,,metro,1,2,evening,0.15250618963621082,0.396,0
004e39b0-f363-4b94-87f4-9b45656de552,eeb31956-eff1-4d4c-88b9-4562dc040f82,2025-05-25,409.79,home,0.587,COD,1,0,,tier3,0,6,afternoon,0.3706024922013499,0.6331,0
edae4a54-04fa-42b1-a044-a296d067b412,3f175ef7-cb46-404c-ae55-2d22b3544172,2025-01-28,250.0,electronics,0.267,COD,0,3,0.084,tier2,0,3,afternoon,0.048627470043128354,0.137,0
75813fd0-ca93-4761-9eb5-1dc6f716f44a,c6bd3ced-8dfd-418f-9676-7701c939761a,2025-01-31,3260.88,grocery,0.268,COD,0,1,0.101,tier2,0,2,morning,0.0851383244395845,0.0572,0
55b9b17b-aba3-4a29-be58-a8239708c72a,ade38847-ed43-40bb-86a7-c04000915ee5,2025-01-22,583.33,fashion,0.394,UPI,0,1,0.129,tier2,1,2,afternoon,0.14720873128711998,0.2104,0
2b66f317-f85a-4e86-8ccf-4b517986752c,bc9aa5af-cb2d-49cb-8b51-cbd09afee7b7,2025-07-10,559.56,electronics,0.441,COD,1,0,,tier3,0,5,morning,0.34134778732339127,0.4164,0
70386c6d-3cef-476d-ad80-5956e035fd97,264713e0-0ea7-4880-9795-f6f977d4d71c,2025-08-20,2839.04,fashion,0.255,UPI,1,0,,tier2,1,3,evening,0.1503348970823547,0.4682,1
56ecb0a9-ff8c-4b25-a196-144c0aca485d,7f892973-babf-4935-bab7-187b59d8b023,2025-01-08,384.95,fashion,0.313,card,0,2,0.088,tier3,1,4,afternoon,0.2434169799043869,0.3442,1
6aef978f-7268-4e47-be35-df1e3a44da9b,b2260d18-fffa-4383-9ce1-cdafe986cab2,2025-10-18,1736.65,fashion,0.24,COD,1,0,,tier2,1,4,evening,0.4468118022423648,0.6118,1
d546b17e-9ae1-406e-9063-5ea6964dab47,ec513aca-b3ea-457e-b9fd-46a0fbbd0108,2025-10-26,3497.12,grocery,0.574,COD,0,2,0.2,tier2,0,5,afternoon,0.19762424986659227,0.1058,0
a7ca4ca8-efcd-4a59-8289-28280c2ff2e2,5a4e456a-7177-438a-a82d-59e0133f3eb9,2025-08-15,444.68,electronics,0.308,COD,0,1,0.263,metro,0,5,evening,0.23069756686430742,0.0909,0
3657cce1-bd92-468e-baff-3730d6a58cd1,9e9db8b8-b527-46e0-9e4b-211ffcef38a3,2025-10-01,862.13,grocery,0.168,UPI,1,0,,tier2,0,2,afternoon,0.33315409272597374,0.174,0
9cff279e-620b-49fe-bea3-10aaacd56df6,b4be0f9f-132c-4b83-8ea5-35d873cfaf35,2025-02-12,3364.45,fashion,0.151,UPI,1,0,,tier2,0,3,night,0.2767647537778325,0.2576,0
84ae5aa6-7bb8-4669-ad4d-892bfa03c84e,1430da84-3676-4e2f-a20c-58786ed1d466,2025-01-05,658.62,beauty,0.5,UPI,0,4,0.326,tier3,0,8,morning,0.22121655786542901,0.2201,0
31b472d3-9510-4779-851b-f0f165518903,5a4e456a-7177-438a-a82d-59e0133f3eb9,2025-02-22,895.16,home,0.333,netbanking,0,2,0.336,metro,0,2,afternoon,0.23069756686430742,0.0888,0
ee2fdd13-7545-4a41-a8ee-f777776d6e12,0b5160a5-9c4f-4c68-ada5-de1d857e1d81,2025-06-08,3209.0,grocery,0.273,COD,1,0,,tier2,0,1,night,0.14213974082226472,0.2211,1
7d97ea47-0495-4ccf-a1ea-779517f6c416,6691be4b-2f05-471e-880b-641b361f736f,2025-02-05,250.0,fashion,0.28,card,0,3,0.344,metro,1,3,evening,0.2916477929418046,0.1955,0
bd8b33ad-4e94-446a-ac1d-bc233d2aa3f9,31fb899b-f8d2-414f-90c0-6743b2dbc9b3,2025-04-06,2873.67,grocery,0.122,UPI,0,1,0.425,metro,0,6,afternoon,0.3358319706571889,0.0278,0
589232d6-ee0c-4298-93a8-c6a045d7857f,7ac50be3-7d5d-43cf-b103-1bd15ed90d91,2025-09-23,394.53,electronics,0.231,card,1,0,,metro,0,4,evening,0.16177634634701885,0.1582,0
52be7853-770c-43a3-b079-153840c91691,0f58fc78-ce5f-44f5-aec7-492478e32c4f,2025-06-13,5627.68,fashion,0.303,COD,1,0,,metro,0,3,evening,0.15829274806408117,0.1859,1
066b4423-0480-486f-a33b-8361e9a0ba27,3c199261-e6e2-42ad-b4e0-535e7eb5a1c0,2025-03-25,1403.96,fashion,0.576,UPI,0,1,0.345,tier2,1,3,afternoon,0.3389478327833424,0.4542,1
bab281a0-b3e3-41dc-8601-fad7ec42434d,b732b9b1-5184-4f45-af4d-630b007d8b56,2025-03-28,2709.99,fashion,0.187,COD,0,2,0.457,tier3,0,4,afternoon,0.3974441051585353,0.703,1
15d3a0e1-f6ca-4b76-9996-d2fa13f1058b,e7003096-072a-48a6-8f1e-8ff340a5abf6,2025-08-31,1515.02,beauty,0.163,card,1,0,,tier3,0,9,evening,0.2568909066288726,0.1062,0
76784d60-ddd1-4cb0-afc4-017a9b2e4c35,bcb984b1-9b6a-4ffd-b13b-a1e84be1d9a9,2025-01-07,768.04,grocery,0.223,card,0,1,0.404,tier2,0,1,evening,0.3958288561774479,0.0689,0
a5f97a7a-e251-4e83-b779-59d78e30edfa,87699cd8-cca3-418f-9a3e-144a0cbaca68,2025-01-12,1105.56,beauty,0.369,UPI,0,1,0.0,tier3,0,5,afternoon,0.05655306904883348,0.0444,0
d66a01b6-95fb-4aab-863d-a3f6962cab1b,4ab3cbf1-5914-4c42-b2e7-1238debcf239,2025-07-31,519.01,electronics,0.343,UPI,0,1,0.116,metro,0,1,morning,0.2033814634391261,0.0219,0
3b445868-635a-4d80-93c8-cba7adab7baf,e78ba48d-2065-40c5-87f9-0202160a87af,2025-01-04,1560.6,fashion,0.232,card,1,0,,tier3,0,5,morning,0.18263332309352803,0.2317,1
42d8e503-1c55-427c-8505-21fe4c6c6405,22f58788-391d-4372-9ad4-9e208eef569b,2025-01-11,1563.58,fashion,0.04,card,1,0,,tier2,1,2,morning,0.20694259408245252,0.3826,1
66f1dfe7-0558-4637-b91e-9020fa921b69,bb979d3d-d61a-4c89-bbda-657156be921e,2025-08-23,971.29,home,0.082,UPI,1,0,,tier2,0,2,evening,0.3797344893685818,0.1816,0
0937a6d8-8869-4cbc-a926-ace2e8121d9f,d2951b9d-49eb-4eef-8467-6d832ad3d8ac,2025-03-07,1983.52,beauty,0.364,UPI,1,0,,tier2,0,3,night,0.19975800750299405,0.1898,1
80acde54-5716-4820-b957-bc3e6f264a31,6206c71c-e9de-45c6-abb4-00ba2310dd86,2025-08-10,420.82,home,0.516,UPI,1,0,,tier2,0,3,afternoon,0.44476856839523915,0.1692,0
509348b5-ad81-4cb4-9326-6f3fb9d7c3c9,4c19ca15-e9d8-445e-9a4a-ef49bd34d343,2025-09-14,3499.63,fashion,0.373,COD,0,2,0.264,metro,1,4,evening,0.24706696213115537,0.369,0
7f7b6f0c-1a42-4a2e-ac5a-12f5f7bf30e5,b3f33ef6-3953-4fa2-b5c0-493473e40312,2025-09-17,764.98,fashion,0.191,COD,0,1,0.042,tier3,1,3,night,0.24874291058771908,0.2069,0
9443b1a1-0922-4ffe-aea7-e04478c4fc88,1f06f63a-b4b1-4b03-bfcd-0334b93f8852,2025-05-13,811.62,electronics,0.204,UPI,1,0,,tier2,0,2,evening,0.07981520295766234,0.1754,1
38013c80-a467-46ee-8136-a75cd762ffda,1430da84-3676-4e2f-a20c-58786ed1d466,2025-07-27,653.57,grocery,0.705,COD,0,5,0.263,metro,0,3,night,0.22121655786542901,0.133,0
0ebb1b1e-3d70-4ae7-83aa-0e512c0f5b39,18471c77-61f9-4793-b4da-b432f51981aa,2025-05-06,1131.94,fashion,0.379,UPI,1,0,,tier2,1,3,night,0.14258967185168278,0.6246,1
c846940d-3ac8-42b4-bcbf-04f80b38723c,b2260d18-fffa-4383-9ce1-cdafe986cab2,2025-08-09,1921.81,home,0.242,COD,0,1,0.463,tier2,0,1,afternoon,0.4468118022423648,0.1449,0
d8334446-5487-4812-b277-f98ca36dbef0,fcea3d1f-6b6c-4b8a-973b-e7ef9eb62cae,2025-04-30,7989.69,fashion,0.145,COD,1,0,,metro,1,2,morning,0.08260669207550075,0.3976,1
0b24a3ab-6fc0-4ee9-b43a-b1b363dfe19c,cf5465d8-8940-4d68-9bd4-d63e06f0c953,2025-04-15,1013.99,home,0.271,netbanking,1,0,,metro,0,2,afternoon,0.049577018851452645,0.0502,0
77cce043-e8b1-4aa5-bc46-2900ad33da93,ac0ed3da-6d79-4329-959d-5629884008b4,2025-10-04,461.22,home,0.32,COD,0,1,0.085,tier2,0,4,night,0.04633846991413163,0.3288,1
82dd6ad6-d6f1-4e53-ae07-7126da2414fc,bdf5e5de-7033-4345-ac37-819738c0e957,2025-05-18,993.88,electronics,0.283,UPI,0,3,0.209,tier2,0,4,morning,0.2211439005048725,0.072,0
d7e86f92-b87e-47fa-a43f-f3e9458263ab,3d51b281-7585-4d43-aefd-40a803a1bf4f,2025-04-18,268.78,electronics,0.384,UPI,0,3,0.27,metro,0,4,evening,0.24645297721478737,0.0544,0
3a452251-69cc-4ca6-a925-3e0f718aac91,b04a7536-4686-417f-a655-22380d452828,2025-06-02,3519.46,home,0.113,UPI,1,0,,tier2,0,2,evening,0.23564858214539242,0.0753,0
028dbac2-a0a1-4535-8b97-32f0247f3a97,8779fb27-f743-4810-ab5b-061f3407a98f,2025-01-23,383.68,fashion,0.527,card,1,0,,tier2,0,7,morning,0.18284841178251302,0.4146,1
03f33bf6-4611-4e52-8573-edb41286db4c,f6f67e36-a121-4df1-ba73-a6fd9499076a,2025-03-23,535.9,electronics,0.398,UPI,1,0,,metro,0,5,evening,0.1410237131485087,0.1379,1
c939dd14-35be-47ed-b669-c0b163dc6a8a,fcad361d-37b1-48e4-ba15-27f5efd12bd2,2025-08-31,372.12,electronics,0.172,COD,0,2,0.419,tier2,0,3,evening,0.3926881472493449,0.0813,0
827d0224-3225-4666-8b48-f7c230580a2e,14e9a40c-48f4-4b52-8121-a603990cd08e,2025-03-28,2408.64,beauty,0.551,card,1,0,,metro,0,3,afternoon,0.5997722687005431,0.2129,0
edccd0f7-3bfd-4aa5-b01f-60db86d2c487,f60dd379-b761-4abe-a910-2e679a649299,2025-07-26,5473.08,home,0.274,COD,1,0,,tier2,0,5,afternoon,0.6231863021915255,0.2417,1
5ea408bd-5668-4a24-bd34-47dea8927825,8506b021-403c-46b4-ab99-86649962eacc,2025-04-30,964.22,fashion,0.29,COD,1,0,,tier3,0,5,evening,0.03200477582582108,0.7037,1
af1c6799-78d4-4e7d-a451-64597ad6000d,ae9132eb-6eff-473e-998e-0c039ce43cc7,2025-03-02,6085.03,fashion,0.029,card,1,0,,metro,1,3,evening,0.19434600150643108,0.1174,0
0ed4c8bc-8831-4f88-8c75-b2520f2fdd25,5a0bd207-df7a-41c3-8a83-1274a9efee90,2025-07-31,9031.06,fashion,0.356,UPI,0,2,0.075,metro,1,2,evening,0.025007063694987345,0.0326,0
83c56a08-2d82-4675-9050-7998d82417bb,ef3c5eb1-df39-44cd-b40c-2dba5d3ff964,2025-06-30,2661.66,home,0.068,UPI,1,0,,tier2,0,4,afternoon,0.1171182105953482,0.0912,0
2a52ab01-7320-491b-9cb7-cb5ea383335a,eeb31956-eff1-4d4c-88b9-4562dc040f82,2025-10-01,1391.67,fashion,0.359,COD,0,1,0.427,tier2,1,2,night,0.3706024922013499,0.6603,1
38bc73be-776b-423e-bb34-1d03aef50c32,754ee000-0eb3-4857-a2e8-476c39a286c0,2025-09-30,373.69,fashion,0.279,COD,1,0,,metro,1,2,morning,0.2831068452109286,0.6912,1
16fe169d-75df-4cec-80a7-bc085c52b8d2,fd6cccad-5f4f-45ca-8142-59059b87515b,2025-08-25,827.64,grocery,0.307,UPI,0,2,0.322,tier3,0,5,evening,0.2595265118239566,0.0496,0
40c67a9a-8833-4edf-ad30-9afbc638a535,f798ef7e-e2a3-4c54-b902-894eaf540d62,2025-02-03,846.97,fashion,0.186,UPI,0,1,0.12,tier2,1,1,afternoon,0.21199326223067969,0.1875,0
bae5e055-d15f-4dbb-80e5-10f154319e4e,b5214a86-0454-4ac2-900e-2783858d45dd,2025-09-22,562.06,beauty,0.161,card,1,0,,tier2,0,3,evening,0.31538639948094277,0.172,1
b9616210-eb9a-4b18-b25a-80664750e447,b3e02abd-6666-424d-8948-93b73e3468f8,2025-03-28,497.98,fashion,0.304,card,1,0,,tier2,1,2,evening,0.1072782582698679,0.3662,0
e387d90f-db2c-4e1e-8dff-60cf369195e9,0fa4c353-7a11-4f49-99ea-93fd3305878d,2025-06-11,458.52,home,0.328,UPI,1,0,,metro,0,3,afternoon,0.35048631763167787,0.1178,0
3d2c1419-59f5-43b7-b0f0-fb5fef94ce1a,f87f5cec-4cc7-4356-8a1b-5e82f142a0e0,2025-10-21,570.53,fashion,0.251,UPI,0,1,0.225,tier3,1,4,night,0.2242312963277271,0.2736,1
ed6c26de-222a-402f-ab67-28cdcf07f35e,6691be4b-2f05-471e-880b-641b361f736f,2025-03-25,1412.55,home,0.259,UPI,0,4,0.196,tier2,0,3,evening,0.2916477929418046,0.0821,0
fa272ee0-a73b-4cf7-8b97-728900f74091,18ac91fe-d7d1-4831-a17e-7c06a5ec4af5,2025-03-18,8913.5,electronics,0.431,card,0,2,0.201,metro,0,3,evening,0.24614417619698423,0.0197,0
553159de-6780-4837-a80e-19bf27823dc7,6b66d66e-6934-45ee-9a06-94516b474772,2025-02-17,8570.18,grocery,0.184,card,1,0,,tier2,0,6,evening,0.13085373507915285,0.0099,0
f89eabb2-8bfd-4aa6-9be2-ed2eebd505a6,0b3125cc-29c6-4f20-b1ef-8890454bd85d,2025-03-22,1413.97,home,0.481,COD,0,1,0.566,metro,0,2,evening,0.45454338905514596,0.4527,1
c83f814b-da58-48ad-aab6-d594e4bdbe2f,31f53599-3fbf-4d54-b360-4ebd731496d0,2025-04-18,902.39,beauty,0.408,COD,0,1,0.202,tier3,0,2,morning,0.3108899842101137,0.1721,0
af494da4-e73c-4db5-bfa0-99fff3270522,76e3ab4e-0d33-4910-81b9-f0f04685b7d6,2025-10-13,1065.1,fashion,0.575,UPI,0,2,0.0,metro,1,3,afternoon,0.06842336486313001,0.1144,0
7b45bf17-3c08-44cc-87a3-74563ec53270,530bbe2d-ad3a-48f9-bc50-6461db39ef79,2025-03-23,2187.06,fashion,0.073,netbanking,0,2,0.499,tier2,0,7,morning,0.5144941083307562,0.0925,0
1e264e27-0c4b-46fe-b754-406a1d556aeb,412fdcc8-a20c-4ee8-986c-d10d8bf4a971,2025-08-21,1723.31,grocery,0.322,COD,0,1,0.586,metro,0,1,morning,0.6645072620284929,0.1085,0
eda643a8-7193-4386-8c45-8b1e31f82e2c,1a23a683-c22e-476b-84ea-7de5efdd8f6f,2025-09-10,3969.49,electronics,0.612,card,1,0,,tier2,0,5,night,0.23076225353726293,0.1435,0
c1d87f63-2c87-4012-8950-dfa2ca73ac13,6c56ea03-6f25-465a-8841-c114051cab81,2025-01-02,736.88,electronics,0.369,UPI,0,3,0.443,tier2,0,2,evening,0.29048499029100583,0.1541,0
6b5065ca-b2bc-40e6-97f2-7c65a8952909,d2951b9d-49eb-4eef-8467-6d832ad3d8ac,2025-06-05,291.17,electronics,0.13,UPI,0,1,0.12,tier2,0,2,afternoon,0.19975800750299405,0.0743,0
65a41c45-67c4-442b-84de-2fb98a3b1d4e,d2951b9d-49eb-4eef-8467-6d832ad3d8ac,2025-03-19,420.18,home,0.073,card,0,2,0.319,tier2,0,4,afternoon,0.19975800750299405,0.0236,0
30172b9f-773b-4fe2-88e9-38939044e1ed,4ab3cbf1-5914-4c42-b2e7-1238debcf239,2025-02-11,250.0,fashion,0.337,UPI,0,2,0.246,metro,1,4,morning,0.2033814634391261,0.0954,0
3f9f05b5-cd12-4281-a383-0fc3f62f1f23,21644b40-c53f-493e-af3f-29e3483e3d9b,2025-09-15,443.44,fashion,0.249,UPI,0,3,0.125,tier2,1,7,morning,0.22287364608691065,0.4098,1
91f47c8b-138c-4ccb-a33a-de57f3cef844,4ab3cbf1-5914-4c42-b2e7-1238debcf239,2025-03-29,1000.6,electronics,0.321,COD,0,3,0.31,tier3,0,5,afternoon,0.2033814634391261,0.1919,0
e3e39a1e-467f-4cea-a0a8-da64bcec983f,6dcbc337-b789-4bd9-a661-20e6aae5f28e,2025-03-31,1667.24,fashion,0.329,card,0,1,0.212,metro,1,6,morning,0.13102794820675195,0.1421,0
5823f913-862c-451e-ae0d-e66a8d5533fe,9cfbe601-0322-4c7f-a8fc-089374a870d3,2025-07-24,2282.75,beauty,0.432,netbanking,0,2,0.134,metro,0,4,afternoon,0.2677657562695904,0.1023,0
6f691ade-64da-4c10-9484-7b8346e39b91,3f888151-69ed-4006-b5f2-68afced6201b,2025-08-30,1445.61,fashion,0.111,card,0,4,0.171,tier2,1,4,afternoon,0.10820090543681238,0.2632,1
de2fd272-45ec-479c-876c-a90ceb25a0ce,2e69e260-0ee4-43cf-9c88-a409981081c6,2025-06-08,734.49,electronics,0.143,COD,0,2,0.488,metro,0,3,morning,0.41585134920398,0.194,0
30a2a684-8e4d-4d9b-b5af-be68b48b4f4d,bb979d3d-d61a-4c89-bbda-657156be921e,2025-01-01,1083.64,beauty,0.249,COD,0,1,0.38,tier2,0,5,afternoon,0.3797344893685818,0.1887,0
0cffb229-7d97-44db-afb5-5143efaaf207,bbe8e4c6-2da1-471e-b2bd-71328ccd5406,2025-01-04,856.47,grocery,0.195,COD,1,0,,tier3,0,4,evening,0.21478291236143027,0.069,1
e029eef3-7e70-49cd-be70-3e0f90eb6c0a,21644b40-c53f-493e-af3f-29e3483e3d9b,2025-09-08,565.68,fashion,0.681,UPI,0,4,0.206,tier2,1,2,afternoon,0.22287364608691065,0.4671,1
9d193179-8f73-4064-b52b-76c656072549,32031148-6c2b-49dd-a326-f9536a99cd45,2025-03-01,580.82,fashion,0.364,UPI,1,0,,tier3,1,7,evening,0.24680180551951414,0.5933,1
2d1b958f-1e76-4ab4-b406-e01d9c477641,82715f5b-0eb8-4809-b878-05fd95a15158,2025-09-24,398.86,beauty,0.306,COD,0,2,0.0,tier2,1,3,afternoon,0.021184252375003435,0.22,1
e57eccb0-adcd-4ff6-b8d8-fa19cba0a2e4,8cabcba8-2b36-4f7e-984b-440baba9ad97,2025-04-06,1217.03,electronics,0.359,UPI,1,0,,tier3,0,7,night,0.27780100478810504,0.1019,0
8e7bb827-3af9-457c-9327-0246a9285c30,cba1f52f-9905-4405-b96d-4c622c0b248e,2025-09-16,527.32,electronics,0.048,COD,0,3,0.442,tier2,0,3,afternoon,0.4451782602422671,0.1787,0
54eb4803-835f-4335-a9af-599044887928,b2260d18-fffa-4383-9ce1-cdafe986cab2,2025-05-12,507.47,electronics,0.422,UPI,0,2,0.561,metro,0,1,morning,0.4468118022423648,0.0788,0
25ad6bdf-580b-412b-b97d-e650da51f9db,b23d847d-997a-4928-9b10-f50e4fa93ba9,2025-05-01,1961.98,home,0.274,COD,0,2,0.06,metro,0,2,evening,0.22452854262691951,0.1328,0
61527c22-8e25-4c9f-bf74-d71dbfcd1715,bbe8e4c6-2da1-471e-b2bd-71328ccd5406,2025-01-22,2929.14,fashion,0.447,COD,0,1,0.162,tier2,1,3,afternoon,0.21478291236143027,0.5902,0
a05cdc8d-7a38-4010-b5c3-83039764ee87,725c4b2b-fd3b-436a-abcf-6276d2517885,2025-01-29,1894.25,beauty,0.525,UPI,1,0,,tier2,0,7,afternoon,0.14508620262612762,0.2289,0
98603e54-87c3-4ada-a8f8-9c3c4dd72fb0,b2260d18-fffa-4383-9ce1-cdafe986cab2,2025-02-17,875.19,beauty,0.626,UPI,0,3,0.543,metro,0,2,night,0.4468118022423648,0.4831,1
9dfed9d7-732b-4319-a2ee-22793daf20e6,2b07b584-d1aa-4d4c-8a54-d972e2975ecf,2025-10-03,2287.95,home,0.247,card,1,0,,tier2,0,3,afternoon,0.12972182350309738,0.1256,0
002e6aa9-d6cc-4e63-b701-5ccf7ec8593e,3f175ef7-cb46-404c-ae55-2d22b3544172,2025-02-13,250.0,fashion,0.214,UPI,0,4,0.053,tier2,1,6,afternoon,0.048627470043128354,0.3164,0
3a2e3e80-7078-454f-a567-4f2ebbbfc331,bdf5e5de-7033-4345-ac37-819738c0e957,2025-04-07,1970.19,home,0.414,UPI,0,4,0.226,tier2,0,1,evening,0.2211439005048725,0.0614,0
d07ab096-dce0-4fa1-9cdf-f31d6c6e388f,03155ba3-cd3a-4a32-9885-eaa1d5a0f4a0,2025-09-03,318.63,grocery,0.156,COD,0,1,0.529,tier2,0,2,night,0.4955830568370258,0.1758,0
bc627284-fe16-48f4-b04f-0cb4c1433e48,c74291cc-50dd-48a2-918a-2263305eb957,2025-07-15,250.0,home,0.067,UPI,0,4,0.384,metro,0,3,morning,0.2897378778415542,0.0363,0
92a5b85a-b503-4c04-8562-0e4eed169d7e,ac0ed3da-6d79-4329-959d-5629884008b4,2025-07-23,627.71,electronics,0.637,UPI,0,2,0.0,tier2,0,2,evening,0.04633846991413163,0.1096,0
64e52203-a915-40fc-b4de-3924b93ae743,55d5bc4c-7c8a-442f-b65c-64ab85db7d38,2025-06-21,3357.75,electronics,0.284,UPI,1,0,,metro,0,3,afternoon,0.32801543383093573,0.2943,0
81be38f2-9888-4515-9829-663c2b15b8e4,ade38847-ed43-40bb-86a7-c04000915ee5,2025-04-09,736.3,grocery,0.266,UPI,0,2,0.246,tier3,0,3,evening,0.14720873128711998,0.0207,0
b838ac74-023a-4085-8962-676936e3808b,f7243914-f259-4b3f-b4da-cc523ff04815,2025-03-07,8598.04,electronics,0.444,UPI,0,2,0.302,tier2,0,3,afternoon,0.2798863894924076,0.0072,0
c8c8117e-ee86-47e1-992f-7bb51bfef2e3,5a4e456a-7177-438a-a82d-59e0133f3eb9,2025-01-12,1411.14,home,0.226,COD,0,3,0.408,metro,0,5,afternoon,0.23069756686430742,0.1313,0
dd483a37-cd01-46d3-afda-fe40c4c030eb,dafa4cb3-c022-4df8-a53f-f33eccbb2af0,2025-07-27,645.92,home,0.194,COD,0,2,0.277,tier2,0,2,evening,0.21055725528180214,0.2196,1
a843491c-4101-45a9-9172-5d5aee15ac21,f87f5cec-4cc7-4356-8a1b-5e82f142a0e0,2025-03-16,2056.99,home,0.128,netbanking,0,2,0.118,metro,0,4,morning,0.2242312963277271,0.0383,0
22500e80-ce52-437b-bd7c-bfc4274ff626,721b220e-7e4b-40c6-9bfa-ae6d9e8a9c1b,2025-06-01,1553.02,beauty,0.533,card,1,0,,tier3,0,3,evening,0.11140768335427466,0.2478,0
3c287d0c-0f86-443f-a30d-fcd04fa14701,ee1573cf-855f-4d78-94ec-59176830795f,2025-09-01,250.0,fashion,0.221,UPI,0,2,0.152,metro,1,4,morning,0.07319325355511432,0.2841,0
dfcb0b6e-ce22-44c6-bc6f-177bfda29da9,feb110b5-88cd-477f-98d9-c4648c9e917a,2025-10-12,1128.05,beauty,0.303,card,1,0,,metro,0,3,night,0.28099909876364537,0.1426,0
f6af5dbc-436d-439b-ae26-7fd98559551c,aa146080-a61b-4d65-8941-28a1786e2342,2025-09-13,946.79,electronics,0.291,COD,1,0,,tier2,0,2,night,0.519733870835829,0.4828,0
668a4a9f-913f-4c8c-b8f1-46ea24b4c4f2,f6f67e36-a121-4df1-ba73-a6fd9499076a,2025-07-04,2088.47,home,0.344,COD,0,1,0.18,metro,0,4,night,0.1410237131485087,0.1213,0
eaa7bc07-bb61-474b-8d05-0cd7fde15e2a,9d939e1c-b8da-4c70-95f1-935678f16771,2025-09-17,1281.57,beauty,0.271,UPI,1,0,,metro,0,5,evening,0.19264547693073103,0.1011,0
dc029d61-b9ff-4e44-8d75-2c19b3c615bb,c6bd3ced-8dfd-418f-9676-7701c939761a,2025-09-30,751.02,home,0.356,netbanking,0,2,0.134,metro,0,3,afternoon,0.0851383244395845,0.0661,1
0c9cacb9-ba56-41c8-b6a2-e19d0913cd00,93d11106-41d0-4c5d-ac79-1d9d6f90bcbf,2025-01-09,1411.12,fashion,0.411,COD,0,1,0.035,tier2,1,4,evening,0.052918216172000036,0.4596,1
5f83a5c1-7905-40d1-90ed-26f73c7cc567,42062672-9628-4767-b3c7-ce07bbe65e82,2025-05-12,250.0,grocery,0.038,COD,1,0,,tier2,0,3,morning,0.406655373188852,0.381,1
dfc4ce22-41f2-4979-80c3-fe3e4c2ae4ac,3d51b281-7585-4d43-aefd-40a803a1bf4f,2025-04-26,5735.9,electronics,0.167,COD,0,4,0.272,metro,0,3,night,0.24645297721478737,0.0764,1
dc01206c-9209-4735-b406-c5c764f36f0a,b1866946-8935-4ecd-acf7-242f08c22f6f,2025-01-16,906.95,beauty,0.349,UPI,1,0,,tier2,0,1,morning,0.4237639813012678,0.2753,0
78709165-8925-4fe1-a52b-bf5e13eb72b3,1af574e3-1cf2-4f6f-9cae-ab5630dd0840,2025-09-08,12698.73,beauty,0.139,COD,0,1,0.458,tier3,0,5,evening,0.3900564499123696,0.0715,0
d634ac07-8d64-4d87-851c-44602c052eff,f7243914-f259-4b3f-b4da-cc523ff04815,2025-05-09,744.47,fashion,0.339,COD,0,3,0.171,metro,1,5,morning,0.2798863894924076,0.3681,0
dd06a60e-a0f1-41f7-abc1-cea63443e2ed,b2260d18-fffa-4383-9ce1-cdafe986cab2,2025-03-21,742.19,electronics,0.418,card,0,4,0.36,tier2,0,4,night,0.4468118022423648,0.0849,0
719227e3-b714-4862-9701-8eaff70d1183,0264a3d8-19e4-4ba6-8fef-821e2f029db1,2025-10-08,6476.82,home,0.14,UPI,1,0,,tier2,0,1,morning,0.21082490652703922,0.0488,0
6d4069a5-4a3a-4eba-b7c5-73a2573ff91d,dcc320e0-51d7-4f5a-b1cf-f774f3ea235f,2025-09-25,250.0,fashion,0.05,card,0,1,0.019,metro,0,4,morning,0.08097222048102413,0.065,0
58d51616-2e30-492f-89e0-8d5d52cc66b9,551aee57-0df4-4a51-9afa-0babaf28b33a,2025-09-27,754.65,home,0.412,COD,0,3,0.237,metro,0,1,afternoon,0.18168234468688693,0.0947,1
baad88ef-1610-4025-9afd-2e049ea4cd9b,7577f5f5-f434-4ba2-be8d-bc819a90aa7d,2025-04-06,2266.49,fashion,0.035,COD,0,1,0.071,tier3,1,6,afternoon,0.12936071938754626,0.1789,0
8b48dbbf-45f5-4ae1-98e2-1e27f4257941,4942d716-fa51-452f-aeaf-c11d692c023b,2025-03-09,1600.72,electronics,0.223,card,1,0,,tier3,0,5,afternoon,0.19943866470802457,0.0886,0
9d3af016-a76c-4f8f-8666-8d367a86045d,6b41fb6b-2b44-478a-8bb4-1a35d8471ae4,2025-03-15,251.53,home,0.435,UPI,1,0,,tier2,0,5,evening,0.28679047154820847,0.1584,1
d8d00244-51d7-47f3-a64e-bb1c578e4c9f,d5494308-5c94-415e-84b4-e8b023728580,2025-07-23,250.0,beauty,0.22,UPI,1,0,,tier3,0,2,night,0.15409376748987197,0.2633,0
a7be08a8-b6f6-4f73-91b6-f928cfb08a58,50dc3803-1af4-4a0a-8917-ca0e73db20ad,2025-07-21,721.33,fashion,0.477,COD,0,1,0.31,metro,1,2,afternoon,0.3098477304837669,0.4749,0
9787fb72-0073-423d-b6a9-f80ec1ff48ea,939f477a-622d-443e-a4ab-1b6fbd126f85,2025-03-09,562.13,electronics,0.421,UPI,1,0,,tier3,0,2,afternoon,0.46524312849146254,0.2854,1
f59c42c5-8218-4405-a542-61654247c60b,ec513aca-b3ea-457e-b9fd-46a0fbbd0108,2025-02-08,4833.13,grocery,0.416,UPI,0,3,0.076,metro,0,3,morning,0.19762424986659227,0.0106,0
28faa82d-3824-43b8-bc2c-7370244f0445,928114f7-f956-485a-b601-6b40b48c18d7,2025-06-20,1013.9,electronics,0.187,COD,0,1,0.402,metro,0,2,afternoon,0.29038571770418864,0.3782,0
9848b77d-391d-4b50-93a2-12a206797e66,366eeefc-701f-415d-a6e8-0090ed33caa4,2025-01-22,4002.11,home,0.246,UPI,1,0,,metro,0,3,evening,0.668440832463893,0.0973,0
bd13e0fc-d6ac-4958-9602-b591d8678e23,754ee000-0eb3-4857-a2e8-476c39a286c0,2025-04-16,1804.47,fashion,0.412,COD,0,1,0.11,metro,1,3,evening,0.2831068452109286,0.4807,1
a20e6216-8d6b-4404-8a93-465bae5641b1,2efa495b-823a-41bc-843a-d9fcbc5f76d9,2025-04-06,1752.57,fashion,0.421,UPI,1,0,,tier2,0,2,afternoon,0.11300670394722269,0.2177,0
e51ac928-4bdc-490b-9a59-024788778255,dcc320e0-51d7-4f5a-b1cf-f774f3ea235f,2025-03-19,906.65,fashion,0.427,COD,0,2,0.036,metro,1,4,evening,0.08097222048102413,0.3531,0
0920926b-af11-4357-bf5a-cfcae4c9dc12,2610fe33-8b0a-4c9b-8c47-756cf516e89b,2025-03-18,5640.93,electronics,0.651,UPI,0,1,0.388,tier2,0,1,evening,0.3007027884503935,0.0881,0
067e63c9-3c9b-4e16-b492-3a809b17a665,a08bc761-e2d2-46cc-952a-3d23d15d5fac,2025-05-05,1129.12,fashion,0.279,UPI,1,0,,metro,1,3,evening,0.30018529874356914,0.3873,0
7c7400b2-6bb0-4128-bca7-ee577b4570a0,bdf5e5de-7033-4345-ac37-819738c0e957,2025-01-25,1492.66,electronics,0.396,card,0,5,0.33,tier3,0,4,afternoon,0.2211439005048725,0.13,0
13669c9a-2e74-4eee-a690-8d29c874019c,9aa571df-aea2-47de-b06c-0ea67f546c81,2025-01-26,429.8,fashion,0.553,UPI,0,1,0.145,tier2,1,4,evening,0.23081817084314912,0.4699,0
d3932580-ad30-44ed-ad5c-b93f7a76d635,6b41fb6b-2b44-478a-8bb4-1a35d8471ae4,2025-07-30,2458.96,fashion,0.104,card,0,1,0.153,metro,1,4,night,0.28679047154820847,0.3166,1
892678b1-ba1c-4b37-8732-91b8c4281ef2,cde93508-731d-49cc-aebc-a4169902f6a9,2025-07-25,1067.35,grocery,0.379,COD,1,0,,tier2,0,5,evening,0.2301005659589465,0.3161,0
81bdd49c-9dda-40d4-9cc4-0ee37e752cba,e91e2377-ab20-429c-9819-8e4e857323a6,2025-09-12,10526.44,home,0.184,UPI,1,0,,tier2,0,4,evening,0.3734683492632352,0.0438,0
6b381b7c-1b99-4cc8-a8e7-277931a2d08b,2b07b584-d1aa-4d4c-8a54-d972e2975ecf,2025-03-22,250.0,beauty,0.058,card,0,1,0.124,tier3,0,4,afternoon,0.12972182350309738,0.0564,1
defc0f24-2f43-4ce7-86a3-c447a3a4e610,2b8cf314-838b-4c8f-9920-aa21aa9bc626,2025-08-08,481.57,grocery,0.133,COD,1,0,,tier2,0,1,evening,0.3983115828087851,0.1308,0
64820770-bb43-47f0-83de-3b0adedc228a,772d36a4-d6df-4d66-9917-a525369a3d91,2025-07-01,1262.82,home,0.185,COD,1,0,,metro,0,2,evening,0.10300308681977859,0.2329,0
6b26b754-d8a6-4d64-8733-f8962a4f982c,80cef85a-5938-4801-9fa5-9b6c0de0cc08,2025-03-29,250.0,electronics,0.348,COD,0,1,0.298,tier3,0,2,evening,0.2042925306906814,0.2581,0
8a8fa39c-7b53-417f-be32-93f7f55aa7f4,72cb42d3-62b2-4036-9300-940e8c49efed,2025-02-21,488.31,electronics,0.203,card,1,0,,metro,0,3,afternoon,0.26860084009967505,0.1958,1
29b44394-3dbe-4230-ba53-aede9b9ed725,bb938fb0-f7e3-4439-81c2-183016893bb1,2025-01-11,2318.57,home,0.014,UPI,1,0,,tier2,0,3,evening,0.3747717369370184,0.124,0
14481e95-d79e-4d82-a75e-bada9b1ccc2b,c8799b6e-004c-411a-a115-82977ad530a4,2025-06-07,2820.31,fashion,0.147,netbanking,1,0,,metro,1,7,evening,0.20531948812490197,0.2958,1
deb5d31f-a824-4265-b48e-c6922d770216,ac46d877-8423-49a6-902f-7054e0aa8316,2025-01-22,11177.0,fashion,0.431,UPI,0,2,0.0,tier3,1,8,morning,0.05573145024510638,0.0447,0
8a4cda7f-05e2-4d09-8cf9-a2f1f18796e4,c194cfb2-f100-4d2c-893d-dbdc989f1426,2025-05-13,505.65,home,0.318,UPI,0,1,0.299,metro,0,5,afternoon,0.2333357897188074,0.0505,0
bc40f34c-528d-4daa-b5b9-b3fed6618939,8a7bf34d-9d61-4999-8d1b-d6f21ee9140e,2025-01-16,889.61,home,0.09,card,1,0,,metro,0,1,evening,0.394675253137179,0.1319,0
cd3d1a3b-0201-4d33-a814-3393278d7536,b2260d18-fffa-4383-9ce1-cdafe986cab2,2025-01-02,2313.48,home,0.288,UPI,0,5,0.307,metro,0,1,evening,0.4468118022423648,0.0882,0
61b263c5-fe3c-470f-b7ba-a3c54f0757d1,eeb31956-eff1-4d4c-88b9-4562dc040f82,2025-03-09,9715.69,electronics,0.23,UPI,0,2,0.271,tier2,0,2,night,0.3706024922013499,0.0291,0
0a2c6f94-b510-41f1-99ed-f4110e955b19,31f53599-3fbf-4d54-b360-4ebd731496d0,2025-08-26,250.0,fashion,0.109,card,0,2,0.282,tier2,1,3,afternoon,0.3108899842101137,0.3281,1
e8be849f-b55f-4042-82a6-c4431fb38fa6,b3f33ef6-3953-4fa2-b5c0-493473e40312,2025-04-19,646.11,beauty,0.323,COD,0,2,0.296,metro,1,5,evening,0.24874291058771908,0.2541,0
07e0b871-2618-400f-bb03-711f8a4b767c,5d07b674-e2c1-45d2-b0b7-a706fe8328d1,2025-10-13,280.98,fashion,0.107,UPI,1,0,,metro,0,2,evening,0.1683531119228636,0.1392,0
c7c754a2-c419-4081-9ef0-c341c4c30dca,90a7c98b-0565-4330-a335-ddad08538e49,2025-10-24,6690.78,fashion,0.428,COD,1,0,,tier2,1,3,morning,0.16802115856295066,0.6727,1
c7b2577b-5557-4c65-ab5d-34c409929521,c904ec2c-7f29-484b-be4f-044c07d7f538,2025-08-04,711.81,beauty,0.421,UPI,1,0,,tier2,0,2,morning,0.34580639956730186,0.4035,1
3aea445f-1d2c-4c2f-ab5a-d73521652809,c328bdf6-8469-4dd7-94aa-166a5d515d1f,2025-10-07,965.45,home,0.464,UPI,1,0,,tier2,0,3,evening,0.152939181594962,0.2179,0
7cc0e92c-bea0-4032-a15f-493988afd485,937f81a2-0c57-467d-869e-aaae2412816a,2025-06-17,2444.03,electronics,0.272,card,0,4,0.182,metro,0,1,afternoon,0.2365731909103324,0.0889,0
8c697316-49dd-4e60-b34a-b18807a24f03,38384398-7058-4fd7-b01b-cbda8d50a490,2025-01-31,250.0,fashion,0.737,card,1,0,,tier2,1,1,afternoon,0.12601617248198352,0.786,1
59662238-1859-4167-a965-3feff77c6b54,041e6bc9-db72-4f93-9250-95c5729fd5f6,2025-01-27,1039.43,electronics,0.098,COD,1,0,,tier3,0,7,evening,0.24989906497225137,0.453,1
ff79045e-5893-417a-b89b-13b0bb738bff,efca07b7-801d-4f4d-8fd4-f9471ea25c75,2025-08-17,1776.79,fashion,0.258,UPI,1,0,,tier3,1,7,morning,0.3870026797871902,0.589,1
a7ad8e43-e27d-487d-a58d-390fc2855440,ae9132eb-6eff-473e-998e-0c039ce43cc7,2025-09-14,4120.62,grocery,0.297,card,0,1,0.27,tier2,0,2,afternoon,0.19434600150643108,0.008,0
81745516-0a25-4c23-ad39-4386f64d6336,6691be4b-2f05-471e-880b-641b361f736f,2025-05-24,250.0,electronics,0.396,UPI,0,5,0.259,metro,0,3,evening,0.2916477929418046,0.0405,0
e378c773-e7e0-406a-ad8a-22492fb3e216,3f888151-69ed-4006-b5f2-68afced6201b,2025-06-03,314.85,beauty,0.431,card,0,5,0.076,tier2,1,7,night,0.10820090543681238,0.2247,1
63a0c734-a16b-4796-a46d-0e63d2b427ef,d684615e-b5d2-4dff-856f-f7aa94f57139,2025-08-21,694.54,beauty,0.092,card,0,1,0.379,tier3,0,5,evening,0.391147140695262,0.2415,0
056f8c7b-7643-46a5-8b2d-f1728ba948e9,09f0bdb4-9a82-4836-9937-2f88cb2c1621,2025-09-08,781.0,beauty,0.342,card,0,2,0.52,tier2,0,1,morning,0.34129841122598414,0.2843,0
4f240bb2-54f6-48c7-9b2b-92826b650632,b3f33ef6-3953-4fa2-b5c0-493473e40312,2025-05-25,1220.15,fashion,0.323,COD,0,3,0.358,metro,1,4,morning,0.24874291058771908,0.378,1
f351e699-bf89-4d34-ad79-dc91cd3b30c6,49ea99a8-160a-45e0-800b-5e0e932fe2aa,2025-02-16,250.0,beauty,0.308,COD,1,0,,metro,0,1,evening,0.158432901455159,0.5599,0
7e432b86-4760-4742-9398-2ae0a66456dd,d684615e-b5d2-4dff-856f-f7aa94f57139,2025-09-08,4391.65,electronics,0.49,COD,0,2,0.311,tier2,0,3,evening,0.391147140695262,0.1017,0
f78e68da-b55d-49c2-8874-a3a41e1706cf,1a23a683-c22e-476b-84ea-7de5efdd8f6f,2025-09-15,1596.83,fashion,0.296,card,0,1,0.298,metro,1,2,night,0.23076225353726293,0.0502,0
66b9c917-4b78-4fec-a2e2-3b5f99a08368,1c72fd9b-a412-4c8d-8074-a48984ddf5a0,2025-01-10,2428.2,fashion,0.249,UPI,1,0,,tier2,1,5,night,0.11496764830095485,0.6363,0
a9b09024-26c6-43cd-acdb-8b4415580808,e7003096-072a-48a6-8f1e-8ff340a5abf6,2025-07-01,2142.36,beauty,0.259,COD,0,1,0.308,tier3,0,3,afternoon,0.2568909066288726,0.0811,0
960b582b-a281-471d-ba55-9291de3c02e3,3f888151-69ed-4006-b5f2-68afced6201b,2025-04-25,6471.23,beauty,0.178,card,0,6,0.035,metro,0,1,night,0.10820090543681238,0.004,0
4fbe100b-fdbf-4a96-a97d-c2e4b66e1873,bcb984b1-9b6a-4ffd-b13b-a1e84be1d9a9,2025-04-20,431.94,fashion,0.256,netbanking,0,2,0.373,metro,1,2,afternoon,0.3958288561774479,0.2815,0
5364f8cb-9fd7-44cd-84e9-388cc1fc8c4f,01b44897-af4a-45c8-9d4c-6f26cfdc77a7,2025-10-17,6039.61,electronics,0.172,COD,1,0,,tier2,0,4,afternoon,0.10212483545629032,0.1216,0
0d632e70-dfa0-4b96-bb20-98f55319a887,c74291cc-50dd-48a2-918a-2263305eb957,2025-03-04,1121.12,electronics,0.253,netbanking,0,5,0.255,tier3,0,5,morning,0.2897378778415542,0.0839,0
33170d6f-b2be-4f86-9f5a-fd001a9ab5dd,57c29481-3bfa-4690-879f-2cab6c2fd05a,2025-10-19,983.93,fashion,0.031,COD,1,0,,tier2,1,2,evening,0.1838032082155034,0.8137,1
61c139be-146d-4334-911f-616f292f6793,afbe74ba-9fee-4350-a27d-bd3ca31df4c2,2025-03-01,3908.83,fashion,0.278,netbanking,1,0,,tier2,1,5,afternoon,0.20995383460968203,0.4651,1
21c3f393-aaa4-4e5b-9f18-e511cb938cbe,4ab3cbf1-5914-4c42-b2e7-1238debcf239,2025-09-14,821.74,fashion,0.466,card,0,4,0.388,metro,1,1,evening,0.2033814634391261,0.3749,1
08bd79c4-cad8-453f-acc0-c0318bc0c227,2b71b774-1ea2-493d-97c0-4935be0b080a,2025-07-23,5464.93,beauty,0.281,UPI,1,0,,tier2,0,2,evening,0.3692350826198513,0.0762,0
5685469c-3728-4a4a-87f8-9cb621b8e65c,b2260d18-fffa-4383-9ce1-cdafe986cab2,2025-04-19,250.0,home,0.475,card,0,6,0.476,tier3,0,4,evening,0.4468118022423648,0.1539,0
08a45980-68e0-4f95-af00-aae14d1c55ac,580c3a35-c12f-4b92-86cd-e11ca4b81f1f,2025-08-13,285.25,fashion,0.147,COD,1,0,,tier3,0,6,evening,0.08621449582989908,0.6843,0
c829837f-ddad-415d-9b0c-aeb25439bd92,e0c7f018-d138-4b2a-8686-c7bc5a512a86,2025-01-25,496.73,beauty,0.255,netbanking,0,1,0.324,tier3,0,6,afternoon,0.32765833124561905,0.1354,0
b55bcf93-b746-4c28-80d1-bb3466c28bb2,384c7b0e-5d40-429d-938b-02baac7afacc,2025-09-12,299.58,fashion,0.209,COD,1,0,,tier3,1,4,morning,0.1725244850189034,0.8114,0
a50a7b49-a05a-4b14-a61e-f9ff7106943d,e5a6b7a7-ed88-4924-9865-37d2498eaca8,2025-07-06,506.52,fashion,0.542,COD,1,0,,tier3,1,6,morning,0.5527709467025828,0.8976,1
6e22ac4b-8717-41e7-ae05-8aa975d801fd,6e0b40ae-3355-4ebd-8391-a0db219b68ba,2025-04-28,941.11,electronics,0.374,UPI,1,0,,tier3,0,4,afternoon,0.278455179805805,0.17,0
99679a23-261d-47a6-adc2-72fe84f81099,f7243914-f259-4b3f-b4da-cc523ff04815,2025-01-17,741.37,beauty,0.247,COD,0,4,0.424,tier2,0,2,afternoon,0.2798863894924076,0.4339,0
25a27500-b365-434a-be6f-9535861a6ff2,754ee000-0eb3-4857-a2e8-476c39a286c0,2025-05-02,250.0,fashion,0.039,UPI,0,2,0.304,tier2,1,5,afternoon,0.2831068452109286,0.1765,0
3b666ac1-6320-4663-b705-9726b05c0be0,6c361c11-ca46-4858-84ff-ccace7f3ec03,2025-05-24,2585.21,fashion,0.33,COD,0,2,0.211,metro,1,2,evening,0.17298841463602524,0.2112,1
ffb07cc9-f4d9-40a1-8c27-98e6a41aa932,4ab3cbf1-5914-4c42-b2e7-1238debcf239,2025-10-27,646.11,fashion,0.736,UPI,0,5,0.115,metro,1,4,afternoon,0.2033814634391261,0.515,1
4b5585e3-0bae-4c20-84ac-c1adaa527022,90d4ab83-9a96-4a21-9db9-c0621084e983,2025-09-28,697.87,electronics,0.744,UPI,1,0,,tier2,0,2,afternoon,0.29832839962512075,0.2787,0
e76e9017-8474-4ade-a5e9-b726ebe76329,7f892973-babf-4935-bab7-187b59d8b023,2025-07-20,8196.27,grocery,0.084,UPI,0,3,0.398,tier3,0,6,afternoon,0.2434169799043869,0.0142,0
8b76f486-7cf3-496b-a676-f437a6194cb1,b1866946-8935-4ecd-acf7-242f08c22f6f,2025-06-10,923.63,grocery,0.318,UPI,0,1,0.465,metro,0,2,morning,0.4237639813012678,0.0396,0
531aab66-2548-428d-944e-e966c4b97cc6,d9af91f9-8feb-4cae-955d-0a0db9627211,2025-07-14,3084.61,beauty,0.109,UPI,1,0,,tier2,0,2,morning,0.18270874579895838,0.0865,0
600d6c56-47bd-4bf6-82ff-aa8c8a6d7788,9ad2b351-b572-43db-9ff1-93909b95b1d2,2025-04-08,20000.0,electronics,0.386,card,1,0,,metro,0,1,evening,0.511775030466044,0.0462,0
356004ef-4167-4fd0-bacc-b0c84dd859ef,eaeed0dd-7e1c-4258-9fdd-9985ad3d359d,2025-09-15,1426.9,grocery,0.341,UPI,1,0,,metro,0,3,evening,0.3269451502115473,0.0338,0
5300ece5-a641-48b2-8760-38db7f47ae2f,951410c7-3784-49db-b911-8b84419ae285,2025-04-11,277.81,grocery,0.172,UPI,1,0,,metro,0,7,evening,0.3176453119835616,0.1001,1
25207b6c-bb74-4848-ae87-a82fb3a0bcef,f511f812-b332-434e-84ac-a8d69f0d2875,2025-03-18,549.19,home,0.245,UPI,0,3,0.0,tier3,0,4,morning,0.1091421274751211,0.074,0
221c0cd9-0d88-4b25-a5da-254c1cd25f75,8ae9ad9a-0d8c-4d23-b771-81f50780d7b2,2025-05-03,250.0,beauty,0.165,COD,1,0,,tier3,0,6,afternoon,0.17611303556440555,0.6437,1
09147d41-931c-496a-b864-7e128dd714f9,b3a4ed2b-21ba-44a8-9280-38974140bf43,2025-09-29,2450.12,beauty,0.34,COD,1,0,,tier3,0,3,evening,0.391495687627119,0.4225,1
a6b74c3a-c8bd-45b8-bc21-79994440f21f,488818a4-8adb-4718-b41a-823c7f2b2ab8,2025-02-12,1065.38,grocery,0.374,COD,1,0,,metro,0,4,evening,0.25703386186733934,0.3423,1
6614b346-72fe-4e90-8f30-6f84dd0262f8,6c56ea03-6f25-465a-8841-c114051cab81,2025-08-07,12684.32,fashion,0.643,COD,0,4,0.327,tier3,1,3,night,0.29048499029100583,0.2603,0
5a3ee6db-787f-49de-8c44-7546f221989e,91d9555b-1d4d-4f40-aeaa-eb332e280fbc,2025-08-29,394.0,beauty,0.365,UPI,0,1,0.11,tier3,0,5,evening,0.15808045554802053,0.0879,0
27e15d68-e1ac-4bc6-90f0-a8c104e9d2cd,afbedcf2-f5d0-441d-8f1d-dff0523a9d8e,2025-06-30,1099.07,electronics,0.267,UPI,0,2,0.0,tier2,0,2,night,0.08979930230446,0.041,0
e9d49242-9cd8-4eaf-9443-a35369b0e8a9,b23d847d-997a-4928-9b10-f50e4fa93ba9,2025-10-27,260.98,home,0.44,netbanking,0,3,0.169,metro,0,2,evening,0.22452854262691951,0.1025,0
b10be79b-d8c8-4550-b03f-0788c5a8bf8b,3f888151-69ed-4006-b5f2-68afced6201b,2025-04-05,3358.65,home,0.156,UPI,0,7,0.052,tier3,0,6,morning,0.10820090543681238,0.0989,0
003066a1-941e-4569-940b-39ff917b1eb3,e46f6f26-c239-4aa1-9c65-1209e9e43c60,2025-02-19,1333.21,fashion,0.112,card,0,4,0.354,tier2,1,4,evening,0.24597285000833133,0.1038,0
e974f596-22e8-46e4-8f84-800f0235c2c3,7577f5f5-f434-4ba2-be8d-bc819a90aa7d,2025-09-29,606.31,fashion,0.374,UPI,0,2,0.085,tier3,1,4,evening,0.12936071938754626,0.3885,1
b2d005c5-9094-400b-b20a-24abb8483947,b60e8f1f-f791-49bf-bbb0-d323d6798264,2025-02-03,797.09,fashion,0.162,COD,1,0,,metro,1,5,morning,0.4286541617216226,0.7577,1
704d53df-549a-4363-a3c7-154a8a70e985,bdf5e5de-7033-4345-ac37-819738c0e957,2025-10-22,4937.15,fashion,0.75,COD,0,6,0.323,tier2,1,1,evening,0.2211439005048725,0.6716,1
ea7ed970-feac-4f56-9f15-1b431b075b8b,31f344da-4c1e-47ec-af4b-557c14d0e8e0,2025-09-14,1662.11,home,0.147,UPI,0,2,0.737,tier2,0,1,evening,0.6039320915435429,0.1164,1
0eac487f-46b1-4aed-8792-e720f7b4e89b,38384398-7058-4fd7-b01b-cbda8d50a490,2025-06-27,489.41,beauty,0.05,UPI,0,1,0.057,metro,0,1,morning,0.12601617248198352,0.0323,0
ed25e861-cead-43b5-8fbb-a30831599a34,844e1cc6-38c0-44c1-8fb0-2171c4ac07a9,2025-02-26,1292.47,home,0.303,UPI,0,1,0.066,metro,0,5,afternoon,0.09221080951028436,0.0641,0
3d076a11-2acf-4b0a-b034-279e2995e260,b1866946-8935-4ecd-acf7-242f08c22f6f,2025-04-22,5289.39,fashion,0.477,UPI,0,2,0.398,tier3,1,4,afternoon,0.4237639813012678,0.3035,0
3a4c0739-1b3b-4bc6-b47c-284a1bd2016d,30ed7aa6-3495-4b99-970b-27c038e98f99,2025-01-17,1728.59,grocery,0.136,COD,0,2,0.192,tier3,0,5,afternoon,0.30707185083804733,0.0335,0
acb62c3e-df5c-4554-acf9-43bc1de33d9c,2e69e260-0ee4-43cf-9c88-a409981081c6,2025-04-15,831.02,home,0.219,UPI,0,3,0.56,tier2,0,3,afternoon,0.41585134920398,0.1809,1
240244dd-0716-4c44-8251-621c59547254,9aa571df-aea2-47de-b06c-0ea67f546c81,2025-05-26,5363.35,grocery,0.215,card,0,2,0.261,tier2,0,1,evening,0.23081817084314912,0.0106,0
697461b9-a01f-4a02-b60a-fb23bfccdc2f,b1866946-8935-4ecd-acf7-242f08c22f6f,2025-10-21,2623.84,fashion,0.289,UPI,0,3,0.417,tier3,1,6,evening,0.4237639813012678,0.2753,0
d84f958c-cc2c-4f15-ad6a-577ab17e3c2d,b732b9b1-5184-4f45-af4d-630b007d8b56,2025-10-10,1306.84,beauty,0.442,card,0,3,0.305,tier2,0,3,night,0.3974441051585353,0.2271,0
97a53784-61f2-4060-b5e1-74a4acb75c5a,61e68552-c2ac-46ab-b349-d5252a071eca,2025-04-11,1668.29,electronics,0.219,card,0,4,0.273,metro,0,2,evening,0.1913603605753747,0.0446,0
8b3efe7b-3150-4e60-a158-ce3f44dbda04,488818a4-8adb-4718-b41a-823c7f2b2ab8,2025-03-01,1329.88,electronics,0.199,card,0,1,0.183,metro,0,2,morning,0.25703386186733934,0.0344,0
310ac368-b521-4c77-b4b4-1005d642c4fe,1e8c36c2-6ec2-42d0-bed2-1a1c361dd692,2025-08-30,10581.55,beauty,0.304,COD,1,0,,tier2,0,4,afternoon,0.32830159764792616,0.1373,0
827e87df-974c-4ec0-a205-313fa10b1733,dcc320e0-51d7-4f5a-b1cf-f774f3ea235f,2025-02-18,560.78,home,0.261,COD,0,3,0.126,tier3,0,6,night,0.08097222048102413,0.2289,0
8e38d750-b2cc-49e8-bfb2-f90892b161f5,1430da84-3676-4e2f-a20c-58786ed1d466,2025-02-03,4606.16,home,0.281,UPI,0,6,0.321,metro,0,2,afternoon,0.22121655786542901,0.0416,0
add11ca1-d93b-4026-b8c0-9b568de8ee4a,30ed7aa6-3495-4b99-970b-27c038e98f99,2025-10-13,5451.87,beauty,0.419,COD,0,3,0.213,tier2,0,2,afternoon,0.30707185083804733,0.3527,0
81c8a0d8-8136-49c0-94ce-c82d5f0c80a4,2b6f7b91-8644-4001-be0d-167dfe018e72,2025-03-16,3103.67,home,0.103,UPI,1,0,,metro,0,1,evening,0.4600954461872477,0.0309,0
537ca1f0-4f02-4876-bae9-36f1ab0ede6b,f1922c32-2521-4e63-8787-5b9056553ff0,2025-03-22,1233.0,electronics,0.282,netbanking,1,0,,tier2,0,4,evening,0.5633005631276558,0.4443,0
e00fbac0-99a0-49cf-bb85-689c86843b7a,36d6b08a-5436-4a2f-83c2-120975d4be7f,2025-07-30,606.64,grocery,0.163,netbanking,0,3,0.002,metro,0,1,afternoon,0.04915448350944119,0.0614,0
4957da22-ba45-4e51-9c96-799158fa2470,d75ae91d-eb1e-4bf5-befa-c638a8a4e706,2025-07-02,250.0,fashion,0.225,netbanking,1,0,,tier2,0,2,night,0.21143427414909952,0.2349,0
df5439d8-66e3-4269-9a95-8534ec90a0c4,cdfac639-c4a1-4655-be5a-2d787e76f71c,2025-07-27,2160.84,fashion,0.375,UPI,0,2,0.252,metro,1,1,afternoon,0.18576378008237582,0.2177,0
735cc4c6-a1b4-4954-9af0-eebc76d687a4,3f175ef7-cb46-404c-ae55-2d22b3544172,2025-10-05,1506.09,beauty,0.282,card,0,5,0.033,metro,0,6,evening,0.048627470043128354,0.0757,0
92b12b1d-f803-4b46-ad9b-e85fb275192c,e337d2a3-6032-4e1f-8ce4-a81121aa131e,2025-09-08,1294.42,electronics,0.197,card,0,5,0.131,metro,0,5,evening,0.2771725532528444,0.0659,0
699fe40d-2885-4f41-bf51-ba239dc6bbec,8cabcba8-2b36-4f7e-984b-440baba9ad97,2025-07-28,250.0,fashion,0.236,UPI,0,1,0.353,metro,1,3,evening,0.27780100478810504,0.2509,0
dab2190a-56cb-424c-8ee0-37cab665f9c3,8975f922-81ed-4d18-b7b8-80f64c0d33a4,2025-08-18,1163.78,electronics,0.518,COD,1,0,,metro,0,3,afternoon,0.16694172135754215,0.4095,0
57abf8b0-ba7e-4a4a-9781-208d15dfb0f0,e337d2a3-6032-4e1f-8ce4-a81121aa131e,2025-10-17,1046.62,home,0.343,UPI,0,6,0.321,metro,0,3,evening,0.2771725532528444,0.1499,0
c9fded9b-0805-48c6-810f-8b5d8d8e76f4,fd6cccad-5f4f-45ca-8142-59059b87515b,2025-04-11,635.95,fashion,0.166,netbanking,0,3,0.374,metro,1,4,morning,0.2595265118239566,0.0756,0
1b1733ae-0851-4183-a3e2-5be90dd3bd1b,cd9d8125-8011-4465-92dd-50bd06de23f3,2025-04-10,492.51,grocery,0.449,COD,1,0,,tier3,0,5,afternoon,0.46001324343588723,0.3172,1
f2c58800-da0b-4814-ba75-970a2b20ddcd,1e465044-0862-48e8-8f32-09db66c81fad,2025-04-19,762.51,fashion,0.277,UPI,0,1,0.168,tier2,1,3,afternoon,0.20401397040683977,0.2463,0
02ac96e0-c8d7-43e5-bfed-f66c4d43b689,98d8bb02-c0b6-4fc2-9658-5ea6b66ed048,2025-04-02,250.0,fashion,0.175,UPI,1,0,,metro,1,3,night,0.412352927877719,0.3437,0
db5cb738-f7ac-47f4-94ef-e254858f786a,e0c7f018-d138-4b2a-8686-c7bc5a512a86,2025-09-12,595.71,home,0.314,UPI,0,2,0.504,metro,0,5,evening,0.32765833124561905,0.0397,0
77f48176-4dba-4c4f-aa95-7030f3b3c7ac,61ae023e-6ada-495e-a057-0f2fa2e1887b,2025-08-11,1137.66,fashion,0.33,netbanking,1,0,,tier3,1,6,night,0.10073875282927403,0.5654,0
754ed9de-bf8c-4568-9fad-8e5187633bc5,09f0bdb4-9a82-4836-9937-2f88cb2c1621,2025-02-15,14056.29,grocery,0.347,COD,0,3,0.303,metro,0,3,morning,0.34129841122598414,0.0108,0
163a7620-51a3-4b93-a7ca-ea0066d33571,a8c6166f-038a-4ae7-b54d-f52288d81a93,2025-02-18,399.86,beauty,0.016,UPI,1,0,,tier2,0,3,evening,0.130383422505818,0.1131,0
4a122dbe-7f30-4471-a318-edb63b9d2dd4,1a23a683-c22e-476b-84ea-7de5efdd8f6f,2025-10-16,3825.11,grocery,0.504,UPI,0,2,0.214,metro,0,4,night,0.23076225353726293,0.0255,0
6c3bee27-2c6a-49c9-8ceb-455936836289,f199d728-1d9f-4f39-a327-e44d59807a12,2025-04-03,2965.97,beauty,0.433,COD,1,0,,metro,0,3,afternoon,0.030140451518511184,0.1677,0
1762abf3-278c-435d-80b8-ed644e9fba37,244f6df6-0877-4426-b15f-8812d0053625,2025-01-06,449.29,fashion,0.402,netbanking,1,0,,tier2,0,7,afternoon,0.24420543477340984,0.3701,1
0b84a8b1-e009-461d-b96e-fc7c8946181d,b48b45a4-753f-4ba5-b83c-ddf1c5e444e1,2025-08-21,3798.66,electronics,0.124,card,0,1,0.519,metro,0,3,night,0.419905690979168,0.0258,0
94d8c448-d0da-4a60-a155-dc716850065b,96b2c265-54d1-4847-9876-3b2b847a1c81,2025-09-09,814.43,fashion,0.104,COD,1,0,,tier2,1,3,evening,0.1720539793002365,0.4364,1
d66e62b0-a9a5-43b3-8b49-0183fa628117,beb549df-d9cf-44ad-8d90-33d474eb66b0,2025-07-01,2828.18,electronics,0.205,card,1,0,,tier3,0,4,evening,0.36242851871884985,0.1531,1
a5294b6e-fbf6-4c54-8c91-8205e03e5973,ac46d877-8423-49a6-902f-7054e0aa8316,2025-10-03,1247.7,beauty,0.442,card,0,3,0.0,tier3,1,5,morning,0.05573145024510638,0.0915,0
78ddc4ca-626d-4ba1-9010-3b8cea9ae049,8a7bf34d-9d61-4999-8d1b-d6f21ee9140e,2025-07-25,2666.3,fashion,0.503,UPI,0,1,0.379,metro,1,3,evening,0.394675253137179,0.3459,0
124ba61f-68e4-42f4-9a11-a0f91c607593,b15097c2-354a-48aa-8b88-0fc27a70d24f,2025-07-02,1833.55,fashion,0.311,UPI,0,2,0.214,tier2,1,6,afternoon,0.35941268307576457,0.4032,0
9e59f6e0-a1f7-4aeb-b4da-9de53e6fa195,f1922c32-2521-4e63-8787-5b9056553ff0,2025-06-17,998.83,beauty,0.724,COD,0,1,0.602,tier2,0,5,night,0.5633005631276558,0.547,0
7b7ab707-bfea-4094-8c6f-0876274e4d91,a5f6c827-2b73-49e6-9a11-30a2c054d6c5,2025-08-10,2921.15,home,0.302,UPI,1,0,,metro,0,1,afternoon,0.23107398565158901,0.2043,0
0e541464-7b48-4d18-9241-8f3c180edd3c,eeb31956-eff1-4d4c-88b9-4562dc040f82,2025-01-25,2000.92,fashion,0.031,UPI,0,3,0.286,tier3,1,4,afternoon,0.3706024922013499,0.4852,1
1df2dabb-3e47-4102-9475-ed64bc5bc058,91d9555b-1d4d-4f40-aeaa-eb332e280fbc,2025-09-14,2947.38,home,0.717,card,0,2,0.227,metro,0,5,morning,0.15808045554802053,0.1305,1
8325b363-4a44-41fe-b0d1-e0c458241649,bcdeb425-8e18-4df0-9d56-77acc6d259f7,2025-08-16,494.72,fashion,0.319,UPI,1,0,,tier2,1,2,evening,0.2145242588320448,0.4222,0
e3498e92-ad1b-4f9d-a463-378a4d05036e,264713e0-0ea7-4880-9795-f6f977d4d71c,2025-06-22,319.3,electronics,0.427,COD,0,1,0.175,metro,0,4,evening,0.1503348970823547,0.283,0
4988e614-16aa-4729-950b-422f927e8925,72f61517-12bd-45af-9f3b-ee6e0907e0a5,2025-05-12,250.0,beauty,0.459,card,1,0,,tier2,0,1,afternoon,0.2810349509629501,0.112,0
da946971-53c9-482b-a938-4788e2f622b3,bdf5e5de-7033-4345-ac37-819738c0e957,2025-06-12,434.75,home,0.057,card,0,7,0.285,metro,0,3,morning,0.2211439005048725,0.1767,0
a7935cdc-b5c7-415b-972b-d57ad5fdf56e,5a4e456a-7177-438a-a82d-59e0133f3eb9,2025-02-09,496.2,home,0.309,COD,0,4,0.252,metro,0,2,morning,0.23069756686430742,0.2014,0
b8a12b31-a072-4d15-bd1f-882928be3834,87dd3589-735f-4517-8a6c-0f4c176fc247,2025-10-25,428.25,electronics,0.244,COD,1,0,,tier3,0,3,afternoon,0.4872241996681976,0.4382,0
c8a55ee3-11f9-41b6-8932-a0fdfbc497e3,f09c937a-0804-43e0-880f-0de7b04d4b54,2025-02-07,4827.49,electronics,0.149,card,1,0,,tier2,0,3,afternoon,0.26371837835861184,0.0266,0
06615539-9f0a-4b52-a2d9-5b272d2cc9d7,0d97a473-7744-497c-a705-b50705c3cb43,2025-02-14,3302.0,fashion,0.296,COD,1,0,,metro,1,4,morning,0.5048241459567955,0.731,0
90e53db0-272c-489f-a717-d912fd7fca10,6691be4b-2f05-471e-880b-641b361f736f,2025-10-19,381.85,home,0.613,UPI,0,6,0.267,tier3,0,4,morning,0.2916477929418046,0.19,0
a4d0cf7a-c527-4fe0-b5d9-36703a84868e,bc9aa5af-cb2d-49cb-8b51-cbd09afee7b7,2025-08-26,2605.42,fashion,0.75,UPI,0,1,0.398,tier2,1,5,evening,0.34134778732339127,0.402,0
5274fbe1-1269-425d-8a6e-ef19103cba40,a5e935b1-2c69-4267-9bfb-173119adce52,2025-03-08,2303.07,electronics,0.42,card,0,1,0.135,tier2,0,6,afternoon,0.09566624421358363,0.0473,0
c2d422ed-999c-416d-87cd-0ff173dde8a6,7ac50be3-7d5d-43cf-b103-1bd15ed90d91,2025-09-26,713.08,home,0.168,COD,0,1,0.304,metro,0,7,morning,0.16177634634701885,0.1275,0
9eec7cdc-a855-4d98-bc2f-fc52ed93ae52,bc67f04f-53a4-43cd-bd06-3381487252ad,2025-09-25,6197.22,fashion,0.47,card,1,0,,tier2,1,2,night,0.17989879744905538,0.2356,0
5fed3e98-807d-4ca8-8166-83181e592560,7e710218-a066-454e-ac63-8df5351b2259,2025-06-17,295.07,fashion,0.044,netbanking,1,0,,metro,1,1,evening,0.21474519574388043,0.1456,0
6e5b4b52-3297-496e-91f1-3f2f43c116fc,ebb8a1f2-51a7-4500-b1ee-9350840d7c45,2025-05-16,1648.49,electronics,0.391,UPI,0,1,0.232,tier2,0,7,evening,0.2923331864352393,0.0964,0
09b7ce42-2fd0-4398-8709-4203f79de41f,7f892973-babf-4935-bab7-187b59d8b023,2025-07-16,3750.17,home,0.541,COD,0,4,0.069,metro,0,2,evening,0.2434169799043869,0.3121,0
02063adc-f7c1-42c0-9c4f-d50a6f58d1ea,e5a6b7a7-ed88-4924-9865-37d2498eaca8,2025-04-12,3666.4,fashion,0.54,UPI,0,1,0.62,tier2,1,2,evening,0.5527709467025828,0.4444,1
95c47347-fd93-4920-a342-17d01f6b8041,fdebca3c-4db6-45f9-aecf-5b0e2d82bf66,2025-08-23,2674.8,fashion,0.153,COD,0,1,0.197,metro,1,8,evening,0.21485681318313843,0.2652,0
3287f739-4196-4a73-9c6c-fd174db9e6df,e1b869a4-d9a8-4505-b847-1920324a5e4e,2025-08-10,878.95,beauty,0.345,COD,1,0,,metro,0,4,afternoon,0.20321741031586962,0.4622,0
d57c96cc-8359-448a-a5e0-671dcbdc8375,041e6bc9-db72-4f93-9250-95c5729fd5f6,2025-10-12,929.4,beauty,0.141,COD,0,1,0.293,metro,0,4,evening,0.24989906497225137,0.0417,0
940535dc-aeee-4e7d-b847-d5169c765372,9e9db8b8-b527-46e0-9e4b-211ffcef38a3,2025-08-10,304.62,home,0.118,UPI,0,1,0.413,metro,0,3,evening,0.33315409272597374,0.1722,0
6e585730-c589-448b-a997-cb97ccb81f81,a5a68430-8473-418f-85df-a2a1d90bf65b,2025-02-26,774.42,fashion,0.391,card,1,0,,tier3,1,5,afternoon,0.11388016972116154,0.4428,1
dc6c9d7f-235e-4d04-911d-792082f689a9,3cee8f97-6a9f-48bd-9130-1eeb62534fd4,2025-05-24,6036.98,home,0.368,UPI,1,0,,metro,0,3,evening,0.021433052089598018,0.1029,0
57656ebd-659d-4498-ae01-99892ef23b5a,058819de-468a-468d-8328-c58744c454c1,2025-02-11,938.96,fashion,0.188,card,1,0,,tier3,1,5,evening,0.520085507123615,0.4713,1
d18214bc-8a11-41fb-9338-d00d8cfb3c8c,2e69e260-0ee4-43cf-9c88-a409981081c6,2025-08-30,1741.18,fashion,0.228,UPI,0,4,0.467,metro,0,3,evening,0.41585134920398,0.1749,0
14080500-15cd-41d9-a3f1-d37ffab37b68,ca387ff8-0675-453b-aac2-60dc063177d4,2025-05-27,3477.63,grocery,0.121,COD,0,1,0.335,metro,0,2,evening,0.2560233812776348,0.167,0
39f7b69d-b2fd-4ca3-a9c5-744ab7839f78,023b9e7c-1296-4744-8d72-4287487c387a,2025-06-20,1843.82,home,0.302,UPI,0,1,0.345,metro,0,2,morning,0.3858310964520147,0.0211,0
fc3694c2-d2b5-437d-9db5-3ae7ffa9e27e,36d6b08a-5436-4a2f-83c2-120975d4be7f,2025-06-29,806.9,fashion,0.177,UPI,0,4,0.031,tier2,1,1,night,0.04915448350944119,0.1756,0
de28bd3c-ee63-4ebf-acc2-74393abe5158,fd6cccad-5f4f-45ca-8142-59059b87515b,2025-02-05,20000.0,fashion,0.347,UPI,0,4,0.2,tier3,1,2,afternoon,0.2595265118239566,0.0269,0
32b9aee8-c5b1-452d-8022-4e9b5641e315,3ecb19de-c2c2-4695-853a-66f9349c3a05,2025-07-03,1111.99,home,0.179,netbanking,0,1,0.211,tier2,0,2,afternoon,0.1410845122933714,0.0479,0
9b33a65f-f59c-46b5-9abe-0ef6a645f45a,bd3c3573-0103-48f0-b2c0-b7ec007b2db3,2025-03-12,3198.68,electronics,0.102,COD,0,2,0.26,metro,0,5,night,0.23310699843617838,0.0497,0
88096fb2-f139-4120-a913-cecc34b89c22,8f067d15-412d-40db-b9f2-a2103e13290f,2025-06-09,2217.52,electronics,0.273,UPI,1,0,,tier2,0,1,night,0.02235684262044825,0.1685,0
b69dd360-247c-41fb-8df6-24572e6a7e37,023b9e7c-1296-4744-8d72-4287487c387a,2025-09-12,264.22,fashion,0.13,card,0,2,0.432,metro,1,4,night,0.3858310964520147,0.2252,1
982702c3-7714-473b-a7b3-21cfae575373,0378c4bd-f343-455a-bdc9-a9913f58cfda,2025-03-24,752.8,home,0.244,card,0,1,0.294,tier2,0,8,night,0.19283338499564623,0.1035,0
552edd89-f26b-4d1b-a0da-e14d546d2094,6a7814a2-3655-4d08-8da4-8ec7df0030b9,2025-09-07,414.39,electronics,0.22,COD,0,1,0.141,tier2,0,5,morning,0.15705197005739738,0.1142,0
82e15e95-0728-4c7e-ba13-b518d2bb431c,b2260d18-fffa-4383-9ce1-cdafe986cab2,2025-10-16,673.91,beauty,0.368,card,0,7,0.251,metro,0,2,evening,0.4468118022423648,0.0955,0
a21a203a-c91b-4d5f-8422-0633b92ba96b,03155ba3-cd3a-4a32-9885-eaa1d5a0f4a0,2025-04-06,2720.59,fashion,0.277,card,0,2,0.449,tier2,1,1,evening,0.4955830568370258,0.3371,1
95ab46ef-8a48-4ac1-bff9-834ab78b6657,2969daca-42b5-4be5-8e1b-371fea3f198f,2025-09-11,703.94,fashion,0.142,card,1,0,,tier2,0,2,night,0.4893639098666145,0.3311,1
3f368f36-c9cb-49d5-b149-b7909819adbf,0d207f8d-c14c-4e36-9c88-59892de2db24,2025-06-11,1248.44,beauty,0.137,COD,1,0,,tier3,0,6,night,0.13908231984528782,0.3598,0
d05f349b-16ed-4dbb-af00-8eaf7ce8d435,f91b87e4-35a7-481d-96ba-a679feba54f3,2025-08-29,337.51,fashion,0.224,UPI,0,1,0.057,metro,1,6,morning,0.05881659853496958,0.1695,0
7d57c702-d790-41e9-a21e-c633e620a79f,cdfac639-c4a1-4655-be5a-2d787e76f71c,2025-01-10,2287.83,beauty,0.094,COD,0,3,0.095,metro,1,2,evening,0.18576378008237582,0.3077,0
c881eb23-602c-4dc2-b7d9-abcce926a3bd,36d6b08a-5436-4a2f-83c2-120975d4be7f,2025-02-03,1208.0,home,0.296,COD,0,5,0.0,metro,0,5,morning,0.04915448350944119,0.2732,0
e02779ea-e674-4e0b-93b1-c9fe3364ec97,8779fb27-f743-4810-ab5b-061f3407a98f,2025-08-27,250.0,home,0.33,card,0,1,0.247,metro,0,3,afternoon,0.18284841178251302,0.1848,0
932729a2-76f0-4272-b211-007dea8b2591,844e1cc6-38c0-44c1-8fb0-2171c4ac07a9,2025-01-06,943.21,home,0.414,COD,0,2,0.139,metro,0,5,afternoon,0.09221080951028436,0.3613,0
2ad87bd0-2575-4f03-ac06-1eface6c6f1a,4c3650cb-e088-4c11-a624-1102a42ebe08,2025-07-18,817.53,electronics,0.163,UPI,0,2,0.045,metro,0,7,evening,0.03297163095944513,0.0432,0
0eab9f8b-b074-4efb-b1f6-824886f854d6,f798ef7e-e2a3-4c54-b902-894eaf540d62,2025-09-08,1096.37,home,0.101,COD,0,2,0.093,metro,0,4,morning,0.21199326223067969,0.1827,1
b395dd34-4ef4-4b33-a574-f27f7c142779,50c93afd-1b89-4f33-8ccb-21eeea3f4048,2025-02-19,862.25,fashion,0.515,COD,1,0,,metro,1,4,afternoon,0.23305342178158567,0.7851,1
e80c284f-7a9f-4c09-80c0-1f8e679a974c,5a4e456a-7177-438a-a82d-59e0133f3eb9,2025-06-04,3050.33,fashion,0.113,card,0,5,0.232,metro,1,4,morning,0.23069756686430742,0.0798,0
483d584e-38dd-44a4-996c-89f6f3b5dee7,afbedcf2-f5d0-441d-8f1d-dff0523a9d8e,2025-02-05,4658.05,beauty,0.25,COD,0,3,0.046,metro,0,4,night,0.08979930230446,0.0845,0
63fa65b3-86b1-4935-8778-c91f98ca1cf6,3ec64305-084b-4dbf-ad10-b6692b139740,2025-03-12,250.0,beauty,0.335,card,0,1,0.167,metro,0,4,morning,0.354621720738092,0.0811,1
040f4505-288f-4726-b3f3-6cb89cc0282c,e46f6f26-c239-4aa1-9c65-1209e9e43c60,2025-04-10,259.44,electronics,0.232,card,0,5,0.13,metro,0,3,morning,0.24597285000833133,0.0733,0
61df87b2-2a8b-46c1-a2b5-3d033f13b722,97097040-636b-45f4-85e0-9e1a52c27325,2025-07-26,4190.03,beauty,0.372,UPI,0,1,0.172,metro,0,3,afternoon,0.15906278458837203,0.0799,0
bf88e77a-4dcd-451b-9bae-123e37698016,ab402b2b-f644-4050-9b7a-256960a2b70d,2025-06-29,812.43,fashion,0.322,UPI,0,1,0.26,metro,1,2,afternoon,0.2537284053397563,0.2137,0
badff486-dc7f-4508-b25a-47851609c30e,6ee40732-6232-4eb1-8f91-0cda941780d6,2025-06-29,1087.23,home,0.151,COD,1,0,,tier3,0,5,evening,0.37008993339073415,0.3587,1
9dffb3e6-2b43-4d86-ad3f-af09f648617d,915abb39-22d8-45e0-a5b6-a6320aeb6892,2025-08-05,742.62,electronics,0.274,UPI,0,2,0.221,metro,0,3,evening,0.2732031279049196,0.0334,1
fa5c566f-a16a-43e1-9dde-7e56d41c45c5,6c56ea03-6f25-465a-8841-c114051cab81,2025-03-06,325.99,beauty,0.338,COD,0,5,0.202,tier3,0,7,evening,0.29048499029100583,0.3334,0
d423c2db-4a4a-43cc-8ebe-d655fe272a8c,02ffec55-c4c8-4c8f-bbb3-f771110e44c2,2025-07-01,2179.01,beauty,0.191,card,1,0,,metro,1,1,night,0.43544254381347786,0.2372,0
72b0af78-73ed-4353-a9f6-7f2e26be4c3a,e91e2377-ab20-429c-9819-8e4e857323a6,2025-02-16,661.28,home,0.535,UPI,0,1,0.365,tier3,0,3,afternoon,0.3734683492632352,0.2073,0
0e38f3df-ae0d-4f7e-8ecc-915a0a69e91b,ad87b3e3-8b3e-438e-8994-51127b85c296,2025-05-24,250.0,beauty,0.199,COD,0,3,0.058,metro,1,2,morning,0.06067469417646223,0.2751,0
01aadb74-2ed0-416b-898d-2af77bdc8e0f,09f0bdb4-9a82-4836-9937-2f88cb2c1621,2025-03-11,997.28,electronics,0.343,COD,0,4,0.334,metro,0,4,afternoon,0.34129841122598414,0.1117,0
e6638f10-34d3-4dea-8677-4be659585ee7,dbdf1969-e161-463d-b520-08e2df0434e9,2025-09-08,2160.02,home,0.239,COD,1,0,,metro,0,6,evening,0.3820936747712913,0.3028,0
33ebc58b-c150-4571-acd5-312282b58162,0253556d-6afc-4561-bae7-49a51c98b9f7,2025-10-04,1078.28,electronics,0.369,COD,1,0,,metro,0,5,evening,0.142405855423258,0.2828,0
7b0c52ed-644d-462c-9d7e-e1999327fc3c,dcc320e0-51d7-4f5a-b1cf-f774f3ea235f,2025-03-12,250.0,electronics,0.226,UPI,0,4,0.077,metro,0,2,morning,0.08097222048102413,0.0498,0
05f0ea2a-6a52-49af-bbb9-3b7075bf9beb,03155ba3-cd3a-4a32-9885-eaa1d5a0f4a0,2025-06-29,629.12,beauty,0.227,card,0,3,0.577,tier2,0,3,morning,0.4955830568370258,0.1141,0
0f82739a-1cb4-456f-b9d8-f25c16f92c37,e91e2377-ab20-429c-9819-8e4e857323a6,2025-03-30,1139.58,fashion,0.477,card,0,2,0.475,metro,1,6,evening,0.3734683492632352,0.2226,0
a8a2f746-c903-45a4-be0e-500922fc3029,dcc320e0-51d7-4f5a-b1cf-f774f3ea235f,2025-02-27,450.33,home,0.117,UPI,0,5,0.085,metro,0,5,afternoon,0.08097222048102413,0.0211,0
5d1eb9cc-527d-4d46-8a0f-bf1fa10abb84,c66f6e79-ae50-43d4-a0cc-4c34abe9c042,2025-09-05,1429.18,fashion,0.192,netbanking,1,0,,tier3,1,3,evening,0.2426758876131097,0.4763,0
e16972a7-2c45-4478-8223-9e0376e14255,c904ec2c-7f29-484b-be4f-044c07d7f538,2025-06-19,535.4,home,0.145,COD,0,1,0.315,metro,0,3,morning,0.34580639956730186,0.2105,1
de910690-9e73-4f1f-bf16-2808b81aa0bd,e337d2a3-6032-4e1f-8ce4-a81121aa131e,2025-03-03,414.38,electronics,0.477,UPI,0,7,0.239,metro,0,1,morning,0.2771725532528444,0.0537,0
c5a1150c-6a61-492a-b122-1664646772ee,2c59936d-caf6-4146-92d2-512fed6fb2a4,2025-10-13,1269.95,electronics,0.145,COD,0,1,0.514,metro,0,3,morning,0.38559486575544727,0.089,0
e317aad9-bd6b-413a-83c9-db9c2577734c,b04a7536-4686-417f-a655-22380d452828,2025-04-04,382.63,fashion,0.118,UPI,0,1,0.223,metro,1,3,afternoon,0.23564858214539242,0.0799,1
0c43a44c-e2a4-4905-89d0-7bfe209e0df0,02a9477e-48f9-41c5-b992-a167ea1cd57a,2025-05-01,1919.63,fashion,0.091,COD,1,0,,tier3,1,7,evening,0.26357426902472036,0.5137,1
859f4096-fffe-4c80-ab25-e94c3174e035,64e412e8-0202-422c-955b-a7485b7b68e3,2025-09-19,361.56,electronics,0.306,UPI,1,0,,tier3,0,4,evening,0.10949310651314134,0.1395,0
9cf5711c-23e0-4285-b1dc-a050b911c276,21f3a00d-b7f7-4e5c-b2c7-c83a760cc691,2025-05-13,19074.89,electronics,0.288,UPI,1,0,,tier2,0,5,afternoon,0.07293918209014336,0.0037,0
1480ac8b-8b05-47f4-80e1-95e2fb4dbd05,2022f5c1-083c-4c40-93e7-f3bf5ca21797,2025-01-07,927.11,electronics,0.115,COD,0,1,0.0,tier2,0,4,morning,0.03002375015151436,0.0925,0
81abb047-b2a5-467e-8181-ca0fcd9ec41e,9624258c-4f43-4c23-8a52-ae3657722b57,2025-01-28,2976.81,home,0.165,COD,0,3,0.428,tier3,0,5,afternoon,0.4134664929263236,0.2604,0
978a13b0-d274-4836-aa52-41698516a39f,07a92d2c-8c2e-4fb1-85f3-8f78e6c7b100,2025-05-29,11705.11,grocery,0.448,COD,1,0,,tier2,0,4,night,0.4069919336009818,0.032,0
878920dc-8bc4-4eda-b314-1024f62ed256,66ae49f0-46d4-4030-87d4-59cee04caa99,2025-08-24,663.51,fashion,0.267,UPI,1,0,,metro,1,3,afternoon,0.07704457522442643,0.2423,1
7d787a56-6783-4539-be57-11f45c97738b,6c56ea03-6f25-465a-8841-c114051cab81,2025-04-08,2075.37,fashion,0.233,UPI,0,6,0.24,tier2,1,6,night,0.29048499029100583,0.2396,0
0a8ac7f5-cb03-4660-8a7b-84c6e29da25d,01e51ac1-9cb3-4238-8426-8927637799d2,2025-03-11,7032.72,fashion,0.297,COD,1,0,,metro,1,1,evening,0.21409142015917093,0.3227,1
8a29a38a-54d9-4d52-96dd-5c668a4c7fa4,4cd5aebd-9645-4916-a283-2a50de156e5d,2025-10-19,250.0,fashion,0.132,UPI,0,1,0.127,tier2,1,1,afternoon,0.16482652189748134,0.1976,0
22cc5572-69e3-4ef5-8244-ff9c19924dd1,d68bbbc3-6511-4b4d-b898-eb8a9a3435c0,2025-03-14,250.0,grocery,0.399,COD,1,0,,tier2,0,4,afternoon,0.0912579377429543,0.3724,0
c6e92270-cb0f-4a72-8408-9e5a2e416f42,ee1573cf-855f-4d78-94ec-59176830795f,2025-09-23,595.23,home,0.055,card,0,3,0.031,tier2,0,5,evening,0.07319325355511432,0.0356,0
7be1318b-5eb2-486e-bd17-3e8ba5660801,6da1cfb2-8cde-4559-b77f-cde6ec497d2d,2025-04-23,250.0,fashion,0.241,COD,1,0,,tier2,1,1,evening,0.4390524811910615,0.4889,1
f74bd1c9-ae65-4d9e-86e9-d3f0bf934407,52ad5451-dae5-4029-8a8a-756096ddf041,2025-06-09,2519.96,fashion,0.404,UPI,1,0,,tier3,1,5,evening,0.44640490282899387,0.5333,0
e812fd28-94e7-4a15-bd95-0a946c55e3ea,bc9aa5af-cb2d-49cb-8b51-cbd09afee7b7,2025-03-07,504.14,electronics,0.594,card,0,2,0.255,metro,0,5,evening,0.34134778732339127,0.0779,1
1813b436-6d1d-4027-9d2f-f7b592438715,fd6cccad-5f4f-45ca-8142-59059b87515b,2025-10-12,250.0,grocery,0.333,COD,0,5,0.203,tier3,0,5,evening,0.2595265118239566,0.1695,0
ecd86152-7a5b-469e-a8ef-da219405922e,655939ad-e641-46e9-b845-a0fdb86630d0,2025-05-12,351.2,electronics,0.506,COD,1,0,,metro,0,2,evening,0.30789316130355804,0.7248,1
216b42fa-839c-49c0-b7d6-509120925de7,041e6bc9-db72-4f93-9250-95c5729fd5f6,2025-02-02,1895.94,electronics,0.073,COD,0,2,0.343,metro,0,3,morning,0.24989906497225137,0.0562,0
bbb1ab8f-b77b-41c3-81a6-f04a20336208,b2260d18-fffa-4383-9ce1-cdafe986cab2,2025-05-02,621.17,grocery,0.413,COD,0,8,0.468,tier2,0,4,night,0.4468118022423648,0.117,0
aae29132-fc31-44b3-a66c-1aff4f180120,c098bafa-20a7-4c6c-9fce-d433c8e83be7,2025-08-02,1601.02,electronics,0.132,card,0,3,0.269,metro,0,1,evening,0.27580452681496,0.0428,0
e31dedd8-bb34-4f92-acdc-63355153bc17,3661a905-c2f5-441f-8a96-b261c579bc9c,2025-07-10,2288.34,fashion,0.275,UPI,0,1,0.459,metro,1,6,evening,0.46113145613975703,0.4094,0
16e6d3fa-fa75-4336-9147-9752aa3c11d5,5c791762-5ecf-4b7d-854a-04effcf2f201,2025-04-19,2361.69,grocery,0.441,COD,1,0,,tier2,0,1,afternoon,0.13082075119550465,0.4724,0
dbb8a0a8-ce17-469b-a4ac-b076c8116c4c,eded4543-f459-492f-b7c0-129218916835,2025-04-04,1203.76,electronics,0.406,UPI,1,0,,metro,0,1,evening,0.3758845675178493,0.1137,0
ca753dd2-d1eb-426a-b727-c5384c6fe74f,36d6b08a-5436-4a2f-83c2-120975d4be7f,2025-10-02,565.71,beauty,0.584,card,0,6,0.066,tier2,0,1,night,0.04915448350944119,0.0752,0
1345aee5-2bb5-48d1-871c-c2319efde9ea,8779fb27-f743-4810-ab5b-061f3407a98f,2025-01-30,1157.87,fashion,0.579,UPI,0,2,0.177,tier3,0,6,evening,0.18284841178251302,0.1901,0
3cb9fe93-adc9-4c59-bf9b-1af37e1afac3,f6852244-fb62-4597-bb5d-f1adab5317d5,2025-01-05,824.69,beauty,0.095,COD,1,0,,tier2,0,4,afternoon,0.12077324934022764,0.2902,1
49280d5c-e3ff-4156-8f60-97a0e9ae0dbf,e8f694f4-75c7-4b9d-8461-3f6fce844e62,2025-02-14,1221.1,home,0.404,netbanking,0,1,0.041,metro,0,1,evening,0.10058728392504118,0.049,0
703daf93-fa69-43d5-bd2a-95b68ba8886a,b732b9b1-5184-4f45-af4d-630b007d8b56,2025-05-14,809.52,electronics,0.508,card,0,4,0.513,metro,0,6,evening,0.3974441051585353,0.154,0
3cf47e3c-5ee5-46db-9570-1d33b87e38d1,617c2dac-ff86-4a50-b68a-9e92a81ce5c4,2025-04-10,4099.02,fashion,0.249,UPI,0,2,0.3,tier3,1,6,evening,0.3565159652552688,0.2602,0
b1cccead-c3e9-4efd-bd0a-8fafcbbc90ea,2b8cf314-838b-4c8f-9920-aa21aa9bc626,2025-10-23,4114.62,grocery,0.088,COD,0,1,0.279,tier2,0,5,evening,0.3983115828087851,0.0234,0
4a843390-6f56-465c-b516-121c1bd10ba4,a003cd3a-12ae-4fa8-8fb7-21b7aab41e41,2025-06-20,4436.35,fashion,0.416,COD,1,0,,metro,1,3,night,0.42268110363427963,0.3858,1
69fb4030-8f31-44ae-9a01-dc0bc2d0cabe,cba1f52f-9905-4405-b96d-4c622c0b248e,2025-01-08,4227.21,fashion,0.111,COD,0,4,0.381,metro,1,3,afternoon,0.4451782602422671,0.3001,1
6ae2f39a-7797-44bf-9ffe-2b7671d0c289,98d8bb02-c0b6-4fc2-9658-5ea6b66ed048,2025-03-29,1962.13,home,0.178,COD,0,1,0.242,tier2,0,5,afternoon,0.412352927877719,0.1115,0
9afa320c-db62-4594-8256-95d98e490ecb,c904ec2c-7f29-484b-be4f-044c07d7f538,2025-02-12,2868.84,home,0.338,UPI,0,2,0.347,tier2,0,5,afternoon,0.34580639956730186,0.0562,0
04712170-345b-4528-a8a2-829e5d7e7e42,f6624986-1488-4db8-994b-6db58a9ef6b8,2025-08-16,881.89,electronics,0.444,COD,1,0,,metro,0,2,afternoon,0.15422316215847254,0.4585,0
f4454f6b-7abf-4a08-b06f-1c6146e2a602,62c57df5-411a-4722-a64d-b9f882580279,2025-08-13,934.25,fashion,0.128,card,1,0,,tier2,1,2,evening,0.0723604930788396,0.4455,1
1f6e05be-5291-4f66-b740-79b47ed49b2d,48242df6-6544-46ca-8243-b23028d6d805,2025-01-28,878.36,home,0.29,COD,0,3,0.071,metro,0,1,evening,0.1548544510371693,0.1168,0
7bace615-4819-4cef-83a6-e77fa18e41e7,530bbe2d-ad3a-48f9-bc50-6461db39ef79,2025-03-07,684.78,fashion,0.482,UPI,0,3,0.563,tier2,0,4,morning,0.5144941083307562,0.4256,1
c9249bce-ed68-4204-a804-caf0eb04bf6a,0b5160a5-9c4f-4c68-ada5-de1d857e1d81,2025-01-22,1041.96,beauty,0.174,card,0,1,0.201,metro,0,2,night,0.14213974082226472,0.1068,0
8cf9639d-327c-45d0-9ebb-d3b42501d562,a5528de8-ca89-4d92-ab88-fb874b251fe0,2025-02-22,843.49,home,0.441,UPI,1,0,,tier3,0,7,evening,0.5079322839859531,0.5505,0
fd20f8d4-66dc-4541-96a7-26084ef6ef3e,bd1084dd-629c-4150-a764-2ccea032f578,2025-09-12,4912.36,beauty,0.397,card,0,2,0.187,metro,0,6,afternoon,0.21989011196511407,0.1544,1
50a43424-f126-4a83-bfb5-9b2d88828d4a,5ad53bf9-0ef6-4a2c-8bc1-9e4fb91e93ce,2025-03-05,614.35,fashion,0.183,UPI,1,0,,tier2,1,4,afternoon,0.4811050574869748,0.4052,1
3cb3749f-985e-4770-8282-ca32cb6c9dc6,61e68552-c2ac-46ab-b349-d5252a071eca,2025-04-12,408.33,electronics,0.507,card,0,5,0.135,tier2,0,4,morning,0.1913603605753747,0.1449,1
63aad383-1b3a-44b3-a2be-19c565f5c8cc,36d6b08a-5436-4a2f-83c2-120975d4be7f,2025-08-16,3404.09,fashion,0.29,netbanking,0,7,0.026,tier2,1,3,afternoon,0.04915448350944119,0.1112,0
73c60771-45b9-4b2f-afa6-eabd655a71b9,8cabcba8-2b36-4f7e-984b-440baba9ad97,2025-02-19,532.51,fashion,0.454,card,0,2,0.362,tier2,1,1,afternoon,0.27780100478810504,0.5278,0
68df493c-d1d1-4543-bbf3-cc97f6935d8e,f798ef7e-e2a3-4c54-b902-894eaf540d62,2025-06-25,1211.07,electronics,0.325,COD,0,3,0.204,tier3,0,5,morning,0.21199326223067969,0.1636,0
d8dfbc75-8c98-44c2-a9a4-2380cc3f097f,f7243914-f259-4b3f-b4da-cc523ff04815,2025-01-17,307.39,beauty,0.278,COD,0,5,0.271,tier2,1,2,evening,0.2798863894924076,0.4242,1
267190e3-b6bb-4fc8-a398-d3e2e5b2b56f,f04fffa3-5b04-4da0-9f3b-8a6b87fc1e74,2025-02-25,1376.74,beauty,0.328,UPI,0,1,0.328,metro,0,5,evening,0.3517803851773976,0.0532,0
aa606512-22f1-43db-bb46-8fd84c9795e8,90d4ab83-9a96-4a21-9db9-c0621084e983,2025-05-28,971.92,electronics,0.063,UPI,0,1,0.417,tier2,0,3,evening,0.29832839962512075,0.0289,0
e61bca20-c76b-49da-9fd1-b4f6d199a938,f87f5cec-4cc7-4356-8a1b-5e82f142a0e0,2025-10-11,2086.01,home,0.3,UPI,0,3,0.248,metro,0,4,evening,0.2242312963277271,0.0719,1
24387dbe-1522-499d-957c-193e9a37bccf,61333330-b1a5-4c86-81d1-a619578e5835,2025-10-05,5491.57,fashion,0.159,COD,1,0,,tier3,0,7,night,0.18587087319682674,0.5735,0
9ea6dfc8-1271-45c4-aac4-f67d7bd52eb1,38384398-7058-4fd7-b01b-cbda8d50a490,2025-01-14,2020.61,fashion,0.369,COD,0,2,0.109,tier2,1,1,morning,0.12601617248198352,0.2851,0
2140dcbc-44ff-42ba-9704-4ef603688024,3f175ef7-cb46-404c-ae55-2d22b3544172,2025-08-20,1269.95,fashion,0.124,UPI,0,6,0.08,tier3,1,5,evening,0.048627470043128354,0.3084,1
31c9fe7f-7f48-4d75-b24e-c7f5e4ef9e0b,88b88e03-c936-4c7f-ba2d-52cf64525090,2025-04-18,811.42,electronics,0.315,UPI,0,1,0.237,tier2,0,3,evening,0.20459557629689876,0.1213,0
78c3de4e-903a-41fa-b8b2-46c5247cf383,3d51b281-7585-4d43-aefd-40a803a1bf4f,2025-09-08,250.0,grocery,0.472,UPI,0,5,0.152,metro,0,4,afternoon,0.24645297721478737,0.0478,0
a68a076c-1dfd-4dca-89c6-d0359e557a19,bcdeb425-8e18-4df0-9d56-77acc6d259f7,2025-03-03,1281.7,fashion,0.076,card,0,1,0.291,metro,1,2,morning,0.2145242588320448,0.238,0
71987c8a-c6ea-4375-90a8-9ed46400f618,e46f6f26-c239-4aa1-9c65-1209e9e43c60,2025-08-27,1638.87,fashion,0.303,netbanking,0,6,0.234,metro,1,1,morning,0.24597285000833133,0.1477,0
30308093-b844-44a4-9b35-ee19a098d306,f7243914-f259-4b3f-b4da-cc523ff04815,2025-04-26,2680.54,beauty,0.315,COD,0,6,0.373,tier2,1,1,afternoon,0.2798863894924076,0.2097,0
14a5c49a-36b1-4901-9ddd-8a351587ed77,31f344da-4c1e-47ec-af4b-557c14d0e8e0,2025-03-11,2067.88,fashion,0.379,UPI,0,3,0.719,metro,0,5,evening,0.6039320915435429,0.1723,1
09171e47-65ff-4a5c-affd-8fdce2680b9e,3552117e-c648-4961-9bf4-6f04c6aa1823,2025-08-16,1114.05,beauty,0.075,COD,1,0,,tier2,0,4,morning,0.6433649856347546,0.5657,0
74be66cd-56ac-4dfa-b3f2-386b5628ed4a,90d4ab83-9a96-4a21-9db9-c0621084e983,2025-06-06,280.91,fashion,0.598,COD,0,2,0.422,tier3,1,5,afternoon,0.29832839962512075,0.8613,1
798941d8-8ba2-4a7d-b6d6-634d299e02cf,837210f2-32ec-4029-9872-42257085b7ec,2025-09-18,3282.85,fashion,0.327,UPI,1,0,,metro,1,1,morning,0.2961471020437191,0.1969,1
abf48c1f-8d85-4794-b208-42ff99e529de,f5a00a85-69d4-4447-ac89-bf235b61e876,2025-04-13,4462.46,electronics,0.19,COD,1,0,,metro,0,3,afternoon,0.18766250228601905,0.0837,1
a1408cc2-f3ec-42ca-9039-33c03ac741a7,fdebca3c-4db6-45f9-aecf-5b0e2d82bf66,2025-01-10,250.0,beauty,0.365,UPI,0,2,0.182,metro,0,2,afternoon,0.21485681318313843,0.0555,1
d170fea9-e132-4e54-be64-3b01b069986b,ec513aca-b3ea-457e-b9fd-46a0fbbd0108,2025-05-28,1077.85,home,0.322,card,0,4,0.133,tier2,0,4,afternoon,0.19762424986659227,0.0233,0
df56ee10-b8df-473c-9da8-953791602c9b,91d9555b-1d4d-4f40-aeaa-eb332e280fbc,2025-03-25,6219.63,electronics,0.437,COD,0,3,0.135,tier3,0,4,morning,0.15808045554802053,0.0742,0
1098c032-e8c5-436a-91c4-eb41b3425304,fb8916f6-df90-4715-aebf-64aa336bcdbe,2025-08-08,1561.75,fashion,0.232,UPI,1,0,,tier2,0,1,night,0.06816197410621759,0.2824,1
893deaff-dd2f-48e4-8749-f3b7816ae631,e0be4c42-c5d2-46e6-98a3-f57143c81929,2025-01-03,2228.36,beauty,0.082,UPI,0,2,0.308,tier2,0,2,morning,0.23228588338828865,0.0106,1
05788420-e9ee-4851-8467-cecbaf4b25cf,d6fdc281-9e44-4959-9b10-94c0f2ca13ae,2025-04-03,836.48,electronics,0.612,UPI,1,0,,tier2,0,3,evening,0.443593609971502,0.2339,1
49b9f4f8-c097-4daf-9068-c6f9446f1e70,3cee8f97-6a9f-48bd-9130-1eeb62534fd4,2025-02-27,1801.11,grocery,0.167,UPI,0,1,0.124,metro,0,4,afternoon,0.021433052089598018,0.0352,0
72dacaeb-530e-43dc-8193-514b222bdaf9,c8799b6e-004c-411a-a115-82977ad530a4,2025-09-08,14628.13,electronics,0.144,UPI,0,1,0.191,tier2,0,2,evening,0.20531948812490197,0.0099,0
b15885cb-6af6-4b22-a442-7780026ef75a,5442b3fa-7b5b-4506-9700-1b1fed13fb7c,2025-02-19,322.82,beauty,0.141,card,1,0,,tier2,0,4,afternoon,0.1290336246566356,0.2092,0
794b45b2-cd5e-41d6-9ad8-4a59b3c24eac,ab402b2b-f644-4050-9b7a-256960a2b70d,2025-04-07,1029.25,grocery,0.204,UPI,0,2,0.221,metro,0,4,morning,0.2537284053397563,0.0248,0
b6aab4d8-f830-46f3-bef6-da19d1af1883,21644b40-c53f-493e-af3f-29e3483e3d9b,2025-01-21,1613.47,beauty,0.212,UPI,0,5,0.119,tier3,0,7,morning,0.22287364608691065,0.1857,0
34b3b819-ae29-4fdb-877a-ac99fb293d68,f4f9557a-86f4-4bf5-ae07-480ff58c6f7a,2025-05-30,1845.14,electronics,0.38,COD,1,0,,metro,0,3,evening,0.04552205229964168,0.3303,0
f2682394-29e7-499c-87f5-7ae54a21f8a6,7577f5f5-f434-4ba2-be8d-bc819a90aa7d,2025-10-04,1017.21,fashion,0.354,COD,0,3,0.052,metro,1,1,morning,0.12936071938754626,0.3518,0
8f463fdf-3872-495a-b13e-a1b42b91a16c,73a298d3-d463-4abb-8029-d3de23df5627,2025-03-02,825.73,fashion,0.525,UPI,1,0,,tier3,1,3,evening,0.2557434906898539,0.7254,1
f9cde902-f6ed-4440-b866-6d95a8a07c57,fd6cccad-5f4f-45ca-8142-59059b87515b,2025-04-15,332.03,electronics,0.331,COD,0,6,0.237,tier2,0,3,afternoon,0.2595265118239566,0.0913,0
a57f5e81-8488-410f-9718-9604918b23f2,cdfac639-c4a1-4655-be5a-2d787e76f71c,2025-05-15,1011.7,fashion,0.205,COD,0,4,0.069,tier2,1,3,afternoon,0.18576378008237582,0.503,1
f85a91c3-335f-4c26-aae5-e252fa6fa0e3,475cfcc6-88df-4e49-810d-e60c6915e823,2025-10-01,641.45,home,0.273,UPI,0,1,0.285,metro,0,4,morning,0.2511919731705291,0.0959,0
93bb5ce0-d8b4-4cce-bd56-e1f772d651f5,7f892973-babf-4935-bab7-187b59d8b023,2025-05-01,1536.32,electronics,0.269,card,0,5,0.252,tier2,0,3,morning,0.2434169799043869,0.0606,0
a0b0fb4e-aa50-4e99-9b4c-982ac8e03c6f,b7cf8b3e-8cbc-41b9-b7a4-c29693d32968,2025-05-01,1709.11,electronics,0.302,UPI,1,0,,tier2,0,2,night,0.23865381601921165,0.1328,0
0cf9bd6d-2645-4145-b981-2991ca64167b,93d11106-41d0-4c5d-ac79-1d9d6f90bcbf,2025-04-05,424.73,home,0.118,card,0,2,0.036,tier2,0,3,night,0.052918216172000036,0.1159,0
197b401e-c5ac-4f78-8b17-bd2e315fbc3d,e5a6b7a7-ed88-4924-9865-37d2498eaca8,2025-02-09,3328.09,beauty,0.133,UPI,0,2,0.507,tier2,0,5,afternoon,0.5527709467025828,0.1494,0
4911c3c7-fbdc-4703-89de-cf89fea2942a,d6820024-4c8c-44b8-8098-59f8938ad61c,2025-07-20,687.32,fashion,0.078,COD,1,0,,metro,0,6,night,0.7830202777801657,0.7337,0
24fb42b3-12dc-47bf-84b1-5c3137a145ff,f697590d-f50d-4802-8968-8e26c502eb3e,2025-05-12,1217.92,fashion,0.559,COD,1,0,,tier2,0,6,evening,0.26335659719559446,0.7701,1
bdeef6aa-e53b-40aa-9b6e-e2028746624a,1af574e3-1cf2-4f6f-9cae-ab5630dd0840,2025-05-12,2389.98,home,0.074,card,0,2,0.257,metro,0,1,afternoon,0.3900564499123696,0.0779,0
4b363785-6309-41e7-9e22-253c8e597078,fd281fbb-79c1-45b3-9e12-038f990994d1,2025-08-13,4168.95,home,0.173,COD,0,1,0.133,metro,0,2,afternoon,0.11826527161057414,0.1018,0
5f8570b5-4089-4e50-8dd7-136c035d02a7,e337d2a3-6032-4e1f-8ce4-a81121aa131e,2025-05-20,352.56,home,0.069,UPI,0,8,0.131,tier3,0,6,evening,0.2771725532528444,0.0781,1
9841a65b-0381-4d22-a9ce-97ad504bc04d,4c3650cb-e088-4c11-a624-1102a42ebe08,2025-09-23,5192.11,fashion,0.193,COD,0,3,0.03,tier3,1,9,evening,0.03297163095944513,0.4334,0
9839dced-1762-4fb0-9f53-902304e030a8,530bbe2d-ad3a-48f9-bc50-6461db39ef79,2025-03-07,1497.33,beauty,0.127,UPI,0,4,0.663,metro,1,6,evening,0.5144941083307562,0.2142,0
d2b8d950-572f-446c-aee2-dcc58ff9f864,8c999c97-976e-46cb-af9a-8058b87fe589,2025-07-14,476.74,beauty,0.708,COD,0,2,0.444,metro,0,3,afternoon,0.34116143905998736,0.6213,0
d97fede4-390f-4823-b2a2-51c024b0657f,7abb60f8-6a15-44b0-8a8a-33cf510670a6,2025-04-24,779.82,fashion,0.265,UPI,0,1,0.04,tier2,1,2,evening,0.03542903995029727,0.0946,0
993fa4bb-6191-4272-8447-a91af2f317ba,5f5314c7-cefe-45fd-a710-e0c0948777d5,2025-10-21,1208.54,fashion,0.188,COD,1,0,,tier3,0,3,afternoon,0.03696830256968456,0.4724,0
531d6c9d-5bbd-481a-a81f-c7851282010d,957f8462-6bb6-488c-8360-f0a6cde9bfec,2025-09-30,5118.91,fashion,0.374,card,1,0,,tier2,1,1,morning,0.20154150931374812,0.2422,1
4760d8e4-982b-41fc-887b-034ece64aeca,ade38847-ed43-40bb-86a7-c04000915ee5,2025-08-10,1322.41,electronics,0.361,card,0,3,0.299,metro,0,3,morning,0.14720873128711998,0.1906,0
6cac6ae0-4580-4fce-a46b-8c686ab8f4eb,cd41d912-6dd3-48f5-8321-ab579b72c57a,2025-05-23,1071.18,home,0.121,card,0,1,0.069,metro,0,6,morning,0.1561219227039281,0.0346,0
53401e25-c1af-4889-bad5-595986f42399,50dc3803-1af4-4a0a-8917-ca0e73db20ad,2025-04-09,20000.0,electronics,0.124,UPI,0,2,0.271,tier2,0,2,afternoon,0.3098477304837669,0.0028,0
f622d5cc-3b2f-40f2-ab18-fe4f318c39c0,3f175ef7-cb46-404c-ae55-2d22b3544172,2025-07-17,702.22,fashion,0.468,UPI,0,7,0.074,tier2,1,1,evening,0.048627470043128354,0.0878,0
2cdf0fea-519a-439b-bc6e-43f6344ff4b5,1c6fcc45-e7c4-46e9-96c4-15861264031e,2025-03-08,545.78,fashion,0.111,COD,1,0,,tier3,1,8,night,0.10854267231058526,0.8874,1
038a3c8a-8e94-45dd-84e4-28cb4dc82a1a,77ca1577-f639-4d21-9261-19447fa58bb0,2025-02-01,250.0,fashion,0.239,COD,1,0,,tier2,1,4,evening,0.1840815893241802,0.5898,1
f2de03a4-01b4-4c0a-8355-6cc8c6828e3a,6c361c11-ca46-4858-84ff-ccace7f3ec03,2025-03-27,3669.14,fashion,0.364,COD,0,3,0.201,tier2,1,1,night,0.17298841463602524,0.6207,1
f0eb1c31-86e2-4c62-92f8-8da8b3fc85f8,475cfcc6-88df-4e49-810d-e60c6915e823,2025-06-04,3122.48,fashion,0.09,netbanking,0,2,0.222,tier2,1,5,evening,0.2511919731705291,0.0773,0
f65f2381-04fc-4a64-87af-9c5bb4b08b7f,dcd75ca6-e384-4d4a-a240-2cf7f4192ed6,2025-04-14,250.0,beauty,0.207,UPI,1,0,,metro,0,1,night,0.14393935494351567,0.0987,0
a23a009d-2dbb-4827-87f7-fe2843caee6a,b2260d18-fffa-4383-9ce1-cdafe986cab2,2025-07-22,331.16,electronics,0.598,COD,0,9,0.555,tier2,0,1,afternoon,0.4468118022423648,0.5025,1
361ec103-df60-42f6-86fa-adf000c9327c,48242df6-6544-46ca-8243-b23028d6d805,2025-04-24,3099.54,fashion,0.062,COD,0,4,0.093,tier2,1,2,evening,0.1548544510371693,0.1252,0
59764299-da4f-4486-9c3f-51bb19453e2b,14fa1e07-e46e-4421-bcc9-efd97fda4448,2025-04-20,250.0,electronics,0.38,UPI,0,1,0.278,tier2,0,1,afternoon,0.2216976101384966,0.1012,0
7f243eef-1fec-4bef-848b-fe1b2ff2d2cf,44966f4a-9060-4681-b0c5-38aabff795b2,2025-02-02,5781.97,home,0.353,card,0,1,0.094,tier2,0,4,evening,0.17602227586818103,0.0232,0
4e52791c-e004-4475-b08a-446cdf92e0ef,3f175ef7-cb46-404c-ae55-2d22b3544172,2025-07-03,9659.51,home,0.49,UPI,0,8,0.07,tier3,0,5,afternoon,0.048627470043128354,0.0979,1
963ea119-1823-4e14-92cf-cf56e906823e,4c19ca15-e9d8-445e-9a4a-ef49bd34d343,2025-05-08,4238.79,home,0.403,UPI,0,3,0.254,tier3,0,4,night,0.24706696213115537,0.1922,0
9b217144-a50d-4da1-9b52-430f788c187d,098c7eef-9693-4dce-af40-861592b37088,2025-02-10,535.45,home,0.542,COD,1,0,,tier3,0,6,evening,0.14171274321107463,0.7845,1
26b2ba75-24f9-4032-a54e-8a87bdfc86c9,551aee57-0df4-4a51-9afa-0babaf28b33a,2025-01-24,1587.55,fashion,0.179,COD,0,4,0.321,metro,1,2,afternoon,0.18168234468688693,0.7172,0
d6a9e2e0-2f6e-4e80-b74a-cf4be8f16d03,14fa1e07-e46e-4421-bcc9-efd97fda4448,2025-03-21,784.78,fashion,0.176,UPI,0,2,0.134,metro,1,1,evening,0.2216976101384966,0.1143,0
d5ce1902-f212-472e-b117-65899fee25fb,61e68552-c2ac-46ab-b349-d5252a071eca,2025-10-14,2031.71,fashion,0.038,card,0,6,0.21,tier2,0,3,morning,0.1913603605753747,0.1132,0
57ea37ae-8a6d-4de8-a5ce-b4065b451dba,1af574e3-1cf2-4f6f-9cae-ab5630dd0840,2025-03-20,11127.25,fashion,0.308,card,0,3,0.374,metro,1,4,afternoon,0.3900564499123696,0.0405,0
eecfcad6-3c7d-4ffb-b16e-66b8e98b5536,1e465044-0862-48e8-8f32-09db66c81fad,2025-01-03,1353.27,fashion,0.214,UPI,0,2,0.104,metro,1,1,night,0.20401397040683977,0.2289,0
1da6a38b-cb4b-4fea-9826-e93ef3f304a8,ade38847-ed43-40bb-86a7-c04000915ee5,2025-04-13,740.75,fashion,0.063,UPI,0,4,0.215,metro,1,1,morning,0.14720873128711998,0.1682,0
b0a2609c-38d4-4d27-ae9f-ef4e772f5785,449b1507-3104-4df1-9015-9037467047d6,2025-02-04,7081.27,fashion,0.335,COD,1,0,,metro,1,1,night,0.22077260281268474,0.2838,0
ec3b1e4f-ea0b-4114-9950-a96429df0f7d,36d6b08a-5436-4a2f-83c2-120975d4be7f,2025-08-23,3672.85,home,0.073,COD,0,8,0.027,metro,0,6,afternoon,0.04915448350944119,0.0791,0
e86908f4-63d8-44c8-861e-55a02a303058,f798ef7e-e2a3-4c54-b902-894eaf540d62,2025-08-31,960.52,grocery,0.538,UPI,0,4,0.231,metro,0,2,afternoon,0.21199326223067969,0.0443,0
561fccd4-5992-446f-ab30-c2ab87dd8cda,f511f812-b332-434e-84ac-a8d69f0d2875,2025-07-22,6208.15,fashion,0.099,UPI,0,4,0.089,tier3,1,10,morning,0.1091421274751211,0.1187,1
0b0390cf-9777-4a13-91c1-f5fddff3500e,b2260d18-fffa-4383-9ce1-cdafe986cab2,2025-02-22,4840.23,beauty,0.407,UPI,0,10,0.501,tier3,1,3,evening,0.4468118022423648,0.449,1
f594b2ec-8fe5-4f2c-bf43-730e6438603e,9cfbe601-0322-4c7f-a8fc-089374a870d3,2025-01-04,5406.28,electronics,0.362,COD,0,3,0.3,tier2,0,5,evening,0.2677657562695904,0.0608,0
abe2c31b-feb7-4051-a97c-29080f787721,80cef85a-5938-4801-9fa5-9b6c0de0cc08,2025-04-04,3334.13,fashion,0.318,UPI,0,2,0.158,tier3,1,4,night,0.2042925306906814,0.1433,0
c10f5369-43c8-4d10-a86a-44d8d1833667,80cef85a-5938-4801-9fa5-9b6c0de0cc08,2025-06-05,250.0,fashion,0.295,UPI,0,3,0.195,tier2,1,6,evening,0.2042925306906814,0.0696,0
4ca67301-1390-4795-8aa4-b3b871e0800a,4c19ca15-e9d8-445e-9a4a-ef49bd34d343,2025-10-19,3572.45,beauty,0.161,COD,0,4,0.201,tier3,0,6,afternoon,0.24706696213115537,0.2849,0
55b7dfd3-11b0-410f-8776-fb081e54cf93,f56fe76c-592a-4ce2-9db6-13949e22d034,2025-05-11,3341.64,grocery,0.153,COD,1,0,,tier2,0,4,evening,0.40428580651687857,0.2024,0
8ae7424e-6ba5-4438-8d38-9d07ccf00735,6d81b599-cb53-46f9-8600-bf12fd1acddf,2025-03-28,430.12,beauty,0.571,COD,1,0,,tier3,1,5,morning,0.1373435706874969,0.8485,1
767066fe-b50b-45e3-abfe-893a54691231,61333330-b1a5-4c86-81d1-a619578e5835,2025-03-21,750.05,beauty,0.313,COD,0,1,0.055,tier2,0,2,evening,0.18587087319682674,0.2025,0
ebd9d048-f7b1-4c69-8cae-1032591e96fc,f04fffa3-5b04-4da0-9f3b-8a6b87fc1e74,2025-04-23,405.96,fashion,0.472,UPI,0,2,0.308,tier2,1,2,morning,0.3517803851773976,0.261,0
6e10c9a2-d3a2-4fd2-9cbc-e419491c8130,9d54cc04-3127-4c5d-aae1-81b1e67f92d9,2025-09-21,1639.83,electronics,0.074,card,1,0,,tier3,0,4,evening,0.06025214601248902,0.0503,0
8386f816-b119-4fec-a635-7e9ba4640ce5,76e3ab4e-0d33-4910-81b9-f0f04685b7d6,2025-02-05,961.94,beauty,0.215,UPI,0,3,0.056,metro,0,3,morning,0.06842336486313001,0.0707,0
096005fb-d0e3-46ba-b4f3-afe24615a690,87699cd8-cca3-418f-9a3e-144a0cbaca68,2025-02-22,1267.2,fashion,0.199,UPI,0,2,0.031,metro,1,4,morning,0.05655306904883348,0.0815,0
db0cfa62-58fc-4f66-9c4d-1717c88822f9,c696fc40-97d3-4c63-a329-66d5efe93cad,2025-04-24,886.11,electronics,0.172,COD,1,0,,tier3,0,8,afternoon,0.19112787889257196,0.1868,1
795c2ce9-de7c-4f67-ad93-ad01b342843f,cd41d912-6dd3-48f5-8321-ab579b72c57a,2025-09-25,2058.81,beauty,0.429,card,0,2,0.096,tier2,1,1,evening,0.1561219227039281,0.2544,0
0068aa62-2cf0-4d85-a07a-6a3e4f0954fe,90d4ab83-9a96-4a21-9db9-c0621084e983,2025-05-03,5696.25,electronics,0.161,card,0,3,0.383,metro,0,5,evening,0.29832839962512075,0.0198,0
8721247f-2227-4b95-97c3-14e022176525,5a4e456a-7177-438a-a82d-59e0133f3eb9,2025-09-19,1338.24,electronics,0.039,card,0,6,0.313,tier2,0,1,afternoon,0.23069756686430742,0.0443,0
f4f1877f-cd79-4fd8-a6e9-6f68042f55a8,51c62a9a-f387-47be-9870-79041d5914ef,2025-02-15,1381.82,grocery,0.361,COD,1,0,,tier3,0,2,evening,0.10839420542924075,0.0401,0
afea7b2c-a3d5-4d74-aa6b-e0bab4eba173,64e412e8-0202-422c-955b-a7485b7b68e3,2025-06-11,2914.35,electronics,0.283,COD,0,1,0.132,tier2,0,4,evening,0.10949310651314134,0.1005,0
7dde6f31-6273-40a6-9583-8298806467d3,eb9e5347-b3bf-4a4f-b52b-c9111ab81344,2025-02-17,561.38,fashion,0.455,UPI,1,0,,tier2,1,2,afternoon,0.12149518069965874,0.4789,0
9bab648b-829f-41dd-999e-76edae95b3ca,9217ecdc-d061-423a-bece-deaae6b81fda,2025-07-30,1454.08,electronics,0.434,COD,1,0,,tier2,0,2,evening,0.13728543870125234,0.6244,1
83d9db2e-f806-4146-bd8c-f7cd5016318a,3d51b281-7585-4d43-aefd-40a803a1bf4f,2025-06-27,256.21,fashion,0.392,COD,0,6,0.244,metro,1,1,evening,0.24645297721478737,0.4739,0
8640c71a-9ef8-45d7-a338-863e96d9d25b,921630a5-4228-4ca0-bb9f-b2ff9f27a03d,2025-09-23,1853.23,grocery,0.286,card,1,0,,metro,0,2,afternoon,0.24457454490629368,0.01,0
98f5ecf4-98cc-4757-b4eb-fd2ebf106286,1430da84-3676-4e2f-a20c-58786ed1d466,2025-01-14,917.15,fashion,0.228,netbanking,0,7,0.28,metro,1,2,evening,0.22121655786542901,0.1736,0
4f56b4ef-34c7-49c7-a0b1-c8e244df2b44,e4329099-c71d-4060-bdf9-f326527747c5,2025-08-05,258.06,fashion,0.174,card,1,0,,tier2,1,1,evening,0.7082472317378652,0.4736,0
8cca491c-dec9-4ef4-ba88-3fd25f5cf72e,03155ba3-cd3a-4a32-9885-eaa1d5a0f4a0,2025-04-01,553.92,home,0.027,COD,0,4,0.584,metro,0,3,night,0.4955830568370258,0.3539,0
8d97513a-45f5-4377-9aa1-24cc94104d4c,4bc409c6-b5e2-418c-b091-811f237e5d34,2025-04-27,6889.95,fashion,0.519,UPI,1,0,,tier2,0,2,afternoon,0.24986565117884016,0.1907,1
a19c6df4-7c8c-4167-8099-bd5c0b678957,afbedcf2-f5d0-441d-8f1d-dff0523a9d8e,2025-02-16,3194.7,fashion,0.211,card,0,4,0.016,metro,1,3,afternoon,0.08979930230446,0.0784,0
371207b3-330e-4faa-86df-33f3363a729b,7577f5f5-f434-4ba2-be8d-bc819a90aa7d,2025-06-11,493.98,electronics,0.5,COD,0,4,0.135,tier2,0,5,night,0.12936071938754626,0.1842,0
d2c4a89d-74ca-4674-842d-2883c14e14fe,71add523-5425-4cf7-ab69-7dd4d3e863a6,2025-07-14,709.49,fashion,0.393,UPI,1,0,,tier3,1,7,afternoon,0.024014279411654592,0.8949,1
2c9c3f60-3d2a-4c74-acb9-6ecc3ebdf535,02a9477e-48f9-41c5-b992-a167ea1cd57a,2025-04-26,902.17,grocery,0.164,UPI,0,1,0.121,metro,0,2,night,0.26357426902472036,0.0266,0
fe4a0648-c501-40cc-b3ea-e40df0530891,75eeaa53-7844-43df-bc21-e13cd628ffb7,2025-02-23,1765.8,home,0.239,COD,0,1,0.334,tier3,0,3,evening,0.20763912883986363,0.1912,1
0f86a628-9b88-40b5-b2fc-90f0242f4310,03155ba3-cd3a-4a32-9885-eaa1d5a0f4a0,2025-06-01,967.1,fashion,0.264,COD,0,5,0.464,tier3,1,5,evening,0.4955830568370258,0.7594,1
9f5374fc-c605-4f59-8984-c5043c9dacc9,6d81b599-cb53-46f9-8600-bf12fd1acddf,2025-04-16,14360.61,fashion,0.141,UPI,0,1,0.209,metro,1,2,morning,0.1373435706874969,0.0116,0
dc207082-fa3a-4e30-b67e-a1c61f05a415,56d3ca7e-d487-4cc9-a5ea-f226970496c0,2025-04-04,2009.96,beauty,0.046,UPI,1,0,,tier3,0,2,evening,0.34213038061806744,0.1033,0
d348468c-85ed-4b05-a072-f4a2dc28e51d,fd4d50c1-7eed-4072-8e6d-ddfb842a0363,2025-04-18,461.28,fashion,0.387,UPI,1,0,,metro,1,2,night,0.4803988607673801,0.3973,0
6c4a956e-5cd0-45b1-b545-4cfd97eb29ab,d68bbbc3-6511-4b4d-b898-eb8a9a3435c0,2025-07-24,990.87,fashion,0.313,UPI,0,1,0.0,metro,1,2,evening,0.0912579377429543,0.0561,0
1100e337-8baa-405d-b2dd-50b568d9df9a,98194a7e-bbf7-4c7b-bd62-45a74d8af003,2025-09-29,1073.55,electronics,0.37,card,1,0,,metro,0,6,evening,0.6643987566463582,0.3145,1
aa57e1e7-ac05-4bb0-bc37-96b60713b020,386639da-c4fb-436b-9ced-e6f3c7021453,2025-08-26,498.4,grocery,0.357,UPI,0,2,0.182,tier2,0,7,morning,0.13845962298865533,0.0296,0
74c24ea5-4bbc-4d27-8a43-3ad52c6d8533,9cfbe601-0322-4c7f-a8fc-089374a870d3,2025-09-14,2586.44,home,0.198,COD,0,4,0.187,metro,0,5,night,0.2677657562695904,0.1256,0
07f5b18e-d9d5-4c61-a0d3-7865dd19500d,6ac1e0c4-f916-4fbe-9629-cfd3377ffbb2,2025-06-08,659.83,home,0.243,card,1,0,,tier2,0,1,evening,0.5069207836417344,0.1407,1
3fd26471-f8c9-4a72-b77d-b778d2b198c1,f60dd379-b761-4abe-a910-2e679a649299,2025-07-26,844.2,beauty,0.139,COD,0,1,0.792,metro,1,5,morning,0.6231863021915255,0.5518,1
65adc98d-693a-4cea-b90d-e6b745e2f903,31f344da-4c1e-47ec-af4b-557c14d0e8e0,2025-08-16,1867.51,fashion,0.321,COD,0,4,0.61,tier3,1,5,evening,0.6039320915435429,0.8745,1
8ccdabe9-7e07-4958-84b6-ea051eaa83bf,f1922c32-2521-4e63-8787-5b9056553ff0,2025-10-11,5325.22,fashion,0.152,COD,0,2,0.494,metro,1,1,evening,0.5633005631276558,0.29,0
87c51735-db42-4319-8255-c8f7f278c7a5,098b5a6e-c876-43e4-824f-138cbaa1bdf9,2025-07-10,1731.51,home,0.521,UPI,1,0,,tier2,0,1,evening,0.4187693037372645,0.1885,0
aa94e57c-affe-4e2a-8707-140e676f99ee,041e6bc9-db72-4f93-9250-95c5729fd5f6,2025-05-13,876.06,home,0.233,UPI,0,3,0.207,tier2,0,3,afternoon,0.24989906497225137,0.0327,0
6da76c30-d95c-4a9f-ad26-0716756eae4f,aabfe343-d3d0-4b0f-81c3-21fd2521cc7c,2025-03-10,5014.17,grocery,0.323,UPI,1,0,,metro,0,3,evening,0.20764438235860783,0.0325,0
198e9092-7202-4eb7-9018-d9afa12b6501,3d51b281-7585-4d43-aefd-40a803a1bf4f,2025-02-14,280.86,beauty,0.416,card,0,7,0.293,tier3,0,9,morning,0.24645297721478737,0.071,0
129f0b86-8e09-4e77-bbde-08629b85a817,13305eb5-fa9e-4ad0-82e5-51bd1825bb0e,2025-01-22,1471.01,electronics,0.073,UPI,0,1,0.0,tier2,0,3,afternoon,0.06015710717930573,0.0633,0
b1b95f29-b894-43c3-a120-f874aa790220,ac46d877-8423-49a6-902f-7054e0aa8316,2025-03-16,439.75,fashion,0.087,card,0,4,0.0,tier3,1,4,evening,0.05573145024510638,0.1124,0
9f103ea8-2be4-4a21-a7da-8db4ef231b6c,837210f2-32ec-4029-9872-42257085b7ec,2025-09-24,567.35,electronics,0.312,COD,0,1,0.313,tier3,0,3,evening,0.2961471020437191,0.1368,0
9fe01146-e205-4318-913c-1595141bc291,fa6a8767-7e2a-4113-bdf9-a05ed044b7d7,2025-03-30,1681.51,beauty,0.246,UPI,0,1,0.09,metro,0,3,night,0.1965713354260339,0.0483,0
96c62b23-ab83-4cc7-ae81-ade6ae7db310,cd41d912-6dd3-48f5-8321-ab579b72c57a,2025-09-14,6939.01,fashion,0.36,UPI,0,3,0.163,tier3,1,4,evening,0.1561219227039281,0.1887,0
dac91c30-419e-42fe-8b68-098cd46e7c6f,55d5bc4c-7c8a-442f-b65c-64ab85db7d38,2025-04-06,2128.73,fashion,0.411,UPI,0,1,0.475,tier2,0,4,afternoon,0.32801543383093573,0.1642,0
7bbe17b5-7658-4cd7-9f67-c5baee7e5967,0fc1c1ab-b781-4d50-9d85-9900bab12268,2025-01-08,1040.34,electronics,0.053,UPI,0,1,0.026,tier2,0,3,afternoon,0.09630629790643759,0.0557,0
a07908f1-3497-414e-bc50-af52773da970,b3f33ef6-3953-4fa2-b5c0-493473e40312,2025-02-15,304.97,beauty,0.49,COD,0,4,0.328,tier3,0,2,night,0.24874291058771908,0.3382,0
676ce4e7-0db1-48ff-9763-9c0436cb2037,efca07b7-801d-4f4d-8fd4-f9471ea25c75,2025-10-08,2496.52,home,0.43,COD,0,1,0.399,metro,0,6,morning,0.3870026797871902,0.188,0
5221cbad-5b76-410b-966b-3d45aae969d7,7f1c3fa8-2bd8-47fd-ad17-ab142fab9d56,2025-02-16,7946.95,home,0.122,card,1,0,,tier3,0,6,night,0.2765406569294239,0.0818,0
380403d8-2114-4e62-80e2-a558a0ae5902,238395f5-465d-4f73-870e-9e99ba4e9f6f,2025-01-25,250.0,beauty,0.227,netbanking,1,0,,tier2,1,4,afternoon,0.11488476521704623,0.3063,0
5175dd11-cc33-440e-8313-a485e3871b22,31f344da-4c1e-47ec-af4b-557c14d0e8e0,2025-02-10,372.51,beauty,0.257,card,0,5,0.625,tier2,0,1,night,0.6039320915435429,0.2783,0
70156738-0167-4ae8-80ff-04bdb5e8adef,2b8cf314-838b-4c8f-9920-aa21aa9bc626,2025-09-07,4824.43,fashion,0.614,card,0,2,0.418,tier2,1,7,evening,0.3983115828087851,0.4948,0
7d595dad-246e-48ad-aeab-c8259d90cea4,d684615e-b5d2-4dff-856f-f7aa94f57139,2025-10-01,250.0,fashion,0.178,COD,0,3,0.363,tier2,1,2,morning,0.391147140695262,0.4451,1
e78395e8-2733-4f0e-b974-4b8eb7600b97,3ecb19de-c2c2-4695-853a-66f9349c3a05,2025-03-12,250.0,fashion,0.207,netbanking,0,2,0.103,tier2,1,5,afternoon,0.1410845122933714,0.0803,0
10cdf486-9b14-4dcc-b721-8484b519cc0e,3f888151-69ed-4006-b5f2-68afced6201b,2025-10-18,4906.75,fashion,0.111,COD,0,8,0.067,metro,0,1,morning,0.10820090543681238,0.1438,0
dc50d69f-d9e8-440f-8975-edb424b9a9a5,90a7c98b-0565-4330-a335-ddad08538e49,2025-05-14,2291.42,home,0.671,UPI,0,1,0.298,tier2,0,3,evening,0.16802115856295066,0.0618,0
b5f9f41e-0cd3-4e8a-a6af-ed628c2538ba,772d36a4-d6df-4d66-9917-a525369a3d91,2025-07-06,340.8,electronics,0.027,card,0,1,0.115,metro,0,9,afternoon,0.10300308681977859,0.0344,0
f8ffbe33-053d-4cad-ae3d-79de87e8f6dd,928114f7-f956-485a-b601-6b40b48c18d7,2025-09-16,1679.57,home,0.219,UPI,0,2,0.336,metro,0,1,evening,0.29038571770418864,0.0816,0
14872ded-28d0-41a5-a78b-8c5328496dcd,7abb60f8-6a15-44b0-8a8a-33cf510670a6,2025-04-09,250.0,fashion,0.511,UPI,0,2,0.0,metro,1,2,evening,0.03542903995029727,0.4773,1
a119cffc-bc93-4a99-9c86-81c96b8ee700,f87f5cec-4cc7-4356-8a1b-5e82f142a0e0,2025-08-12,2559.78,home,0.326,UPI,0,4,0.251,tier3,0,2,afternoon,0.2242312963277271,0.2661,1
a4955cb4-8bc0-4cfc-a3cf-d6ae0dc7f3ad,655939ad-e641-46e9-b845-a0fdb86630d0,2025-07-23,3445.47,fashion,0.333,netbanking,0,1,0.376,tier2,0,4,afternoon,0.30789316130355804,0.1578,0
ec4c2a29-ddb2-4d5c-a877-5956691a8596,e78ba48d-2065-40c5-87f9-0202160a87af,2025-06-01,784.61,fashion,0.022,COD,0,1,0.197,tier3,1,2,afternoon,0.18263332309352803,0.1577,0
6e86a6e5-7f9d-4350-bbb9-76fd33393f7f,3f888151-69ed-4006-b5f2-68afced6201b,2025-01-08,250.0,home,0.326,COD,0,9,0.018,metro,0,1,evening,0.10820090543681238,0.0786,0
dda48187-b5c0-499c-9aeb-8ff04ff59b2b,fd446eac-86af-48be-bbee-f95080c59e82,2025-10-21,250.0,fashion,0.39,UPI,1,0,,tier3,1,8,evening,0.4143300984213656,0.6287,1
eac7ffa4-cf01-4b37-bc38-4bdfa3c7f3ca,dafa4cb3-c022-4df8-a53f-f33eccbb2af0,2025-04-10,2724.07,fashion,0.529,netbanking,0,3,0.334,tier3,1,4,afternoon,0.21055725528180214,0.2865,0
7aff6f4e-3f73-4a0f-a6e8-29325bc7d76c,3d51b281-7585-4d43-aefd-40a803a1bf4f,2025-08-07,712.22,fashion,0.267,COD,0,8,0.287,metro,1,3,morning,0.24645297721478737,0.4696,1
f5d7cf9e-a40c-400e-8779-a17c39cf0b46,87699cd8-cca3-418f-9a3e-144a0cbaca68,2025-02-26,1997.03,home,0.14,card,0,3,0.0,metro,0,4,morning,0.05655306904883348,0.0323,0
84cd5106-7e90-4838-af62-e9d9c016d77e,3f888151-69ed-4006-b5f2-68afced6201b,2025-03-14,1432.32,fashion,0.381,COD,0,10,0.0,metro,1,2,afternoon,0.10820090543681238,0.2129,0
bceacc0c-79af-4bb9-903d-bdce14d0685a,a539cfde-3926-498d-8b11-8bd068d970d3,2025-09-13,1143.07,fashion,0.044,UPI,0,2,0.418,tier2,1,1,night,0.4117868133302571,0.2846,0
7e959597-0214-4838-8006-4f8c16ef5dd9,9aa571df-aea2-47de-b06c-0ea67f546c81,2025-10-03,354.18,electronics,0.12,card,0,3,0.229,metro,0,3,evening,0.23081817084314912,0.0224,1
4ebabf3f-4b34-4f87-ab38-a521f05aae39,fa817f08-7258-4220-b553-32eafb85cece,2025-08-20,594.02,beauty,0.406,UPI,1,0,,metro,0,6,evening,0.4395738617127692,0.3153,0
d93a983a-f10f-4d82-97d7-df9970570061,bc67f04f-53a4-43cd-bd06-3381487252ad,2025-02-12,1767.33,home,0.281,COD,0,1,0.176,metro,0,3,evening,0.17989879744905538,0.3454,0
3816fc05-f871-447b-9e56-7ea4a0149835,c776ba30-a353-491b-963c-d4935829686c,2025-08-06,804.47,beauty,0.184,UPI,1,0,,tier2,0,4,morning,0.2445339867991523,0.1048,0
5f328f83-f438-4634-a73d-387bc950798f,eb671c1e-81f6-496c-b68d-49ea47acde37,2025-03-10,1634.51,beauty,0.289,COD,0,1,0.176,metro,1,8,evening,0.18608348760507418,0.3841,0
b081475c-56bb-4d03-80d6-a4790918c389,61e68552-c2ac-46ab-b349-d5252a071eca,2025-02-02,836.32,fashion,0.277,COD,0,7,0.305,tier3,1,5,afternoon,0.1913603605753747,0.4862,1
d1e11b8a-ec97-4b1a-874b-bc02ff14358e,f511f812-b332-434e-84ac-a8d69f0d2875,2025-06-02,5805.21,beauty,0.267,netbanking,0,5,0.182,metro,0,4,afternoon,0.1091421274751211,0.0178,0
5c1deb77-2703-4ecb-a924-ded3ac2adc4d,3bf94f31-a69a-4672-af18-93b6ddcad665,2025-08-15,946.32,fashion,0.1,netbanking,1,0,,metro,1,3,morning,0.6823689291324807,0.3816,0
76db313d-83e2-468e-8eb8-ef630bfbc074,8cabcba8-2b36-4f7e-984b-440baba9ad97,2025-05-22,761.59,fashion,0.14,COD,0,3,0.368,tier2,1,4,evening,0.27780100478810504,0.3538,0
046677d7-0c8b-4e80-9252-9ba41dedb448,80cef85a-5938-4801-9fa5-9b6c0de0cc08,2025-01-25,1304.56,grocery,0.06,UPI,0,4,0.299,tier2,0,4,evening,0.2042925306906814,0.0371,0
443f57ee-203b-4364-b40e-c69b90b94ee5,530bbe2d-ad3a-48f9-bc50-6461db39ef79,2025-09-06,368.05,home,0.383,UPI,0,5,0.725,metro,0,1,evening,0.5144941083307562,0.2277,0
6a354147-6135-44cf-ab57-3b66513e0719,9e9db8b8-b527-46e0-9e4b-211ffcef38a3,2025-04-29,250.0,beauty,0.297,card,0,2,0.327,metro,1,7,afternoon,0.33315409272597374,0.475,0
2e1a85a8-1d87-4ae0-bca3-98a886a1c88c,1c6fcc45-e7c4-46e9-96c4-15861264031e,2025-03-21,1776.99,grocery,0.194,UPI,0,1,0.151,tier2,0,1,night,0.10854267231058526,0.0343,0
244358fc-aabd-4fa0-8ccb-1b305b420fd4,3f888151-69ed-4006-b5f2-68afced6201b,2025-09-30,250.0,fashion,0.328,COD,0,11,0.092,tier3,1,6,afternoon,0.10820090543681238,0.6859,1
c7309f95-9f81-4a07-ad6f-f4876d99ee6c,21929a7c-df34-4e43-ac5e-3ecf09093300,2025-07-12,691.27,fashion,0.541,card,1,0,,tier2,1,3,afternoon,0.14992661347758604,0.259,1
9829f3d5-3104-4157-abd4-a57302dcf89b,fd6cccad-5f4f-45ca-8142-59059b87515b,2025-02-10,5215.89,home,0.213,UPI,0,7,0.165,tier3,0,5,night,0.2595265118239566,0.0728,0
f0fd8b38-da74-4ceb-862d-8d37fe7ddcbf,e5a6b7a7-ed88-4924-9865-37d2498eaca8,2025-10-03,3022.92,home,0.062,COD,0,3,0.558,tier3,0,3,night,0.5527709467025828,0.3066,0
4a1a4e83-7c2a-4962-8f4d-b5ad7cac44b6,dcc320e0-51d7-4f5a-b1cf-f774f3ea235f,2025-08-16,704.21,electronics,0.454,UPI,0,6,0.008,metro,0,5,morning,0.08097222048102413,0.0303,0
c6506181-7277-4e28-a778-b4800a2842a4,31c1fad5-4cd1-4948-951c-4b6f05b9a3e3,2025-10-03,2271.3,grocery,0.106,COD,0,1,0.279,metro,0,3,night,0.1036578444265268,0.1331,0
5d3c4192-2023-449e-b90a-34b9863e2cfd,a08bc761-e2d2-46cc-952a-3d23d15d5fac,2025-09-10,2175.35,fashion,0.285,UPI,0,1,0.361,metro,1,3,morning,0.30018529874356914,0.3159,0
2232a013-75ba-4e28-8551-9c428f06cf4a,3f175ef7-cb46-404c-ae55-2d22b3544172,2025-02-06,250.0,electronics,0.192,UPI,0,9,0.093,metro,0,5,afternoon,0.048627470043128354,0.0402,0
4540e6b6-68ec-437c-80c1-856bf549036a,5476d462-b524-405f-80d7-68a3a834dee8,2025-01-26,5415.98,electronics,0.221,card,1,0,,metro,0,1,afternoon,0.24535700380139852,0.0863,0
6d3bb25b-3e3b-483a-8f61-d9c0973ba25e,6691be4b-2f05-471e-880b-641b361f736f,2025-07-26,1132.52,fashion,0.12,UPI,0,7,0.327,metro,1,5,morning,0.2916477929418046,0.2227,0
c2423fa0-a48a-4b5d-a485-2fc5029aa241,e337d2a3-6032-4e1f-8ce4-a81121aa131e,2025-02-05,5090.64,fashion,0.367,UPI,0,9,0.315,metro,1,3,morning,0.2771725532528444,0.1683,1
80d39fd3-f89c-413e-815a-61d683078cfc,ae9132eb-6eff-473e-998e-0c039ce43cc7,2025-03-29,335.2,fashion,0.05,card,0,2,0.231,tier3,0,4,morning,0.19434600150643108,0.1048,0
cfb4f71f-b621-4c4e-91d2-81414e29c005,dd1d4990-d4e5-4687-bd01-cb6b03a151bf,2025-06-09,697.25,electronics,0.318,UPI,0,1,0.0,tier3,0,6,night,0.0920841435969077,0.1447,0
f04e4961-57d3-4b9b-b452-ce0ea40a4dd8,9e9db8b8-b527-46e0-9e4b-211ffcef38a3,2025-07-23,1533.35,beauty,0.16,UPI,0,3,0.465,tier2,0,2,night,0.33315409272597374,0.0423,0
07bb014f-1d70-4db3-96e0-b678e21ff4c0,ad2d4f8f-0895-4bcd-b4d5-dc8a0e0e2da2,2025-08-16,1807.99,home,0.324,card,1,0,,metro,0,4,afternoon,0.2773816073359342,0.1596,0
3a06325d-dfbc-4c8f-8c08-8b3cd8c56442,b35327f3-9a21-435b-a376-d3e29a326d89,2025-06-28,2291.04,fashion,0.194,COD,0,1,0.443,tier2,1,1,morning,0.3174880999559512,0.6892,1
9c71030b-2f28-4193-93ea-8e3dc8bb906a,957f8462-6bb6-488c-8360-f0a6cde9bfec,2025-06-28,585.89,home,0.33,UPI,0,1,0.257,tier2,0,5,morning,0.20154150931374812,0.0957,0
b99e1147-a26b-4bbd-a516-666a63714dce,1db38876-5057-4dcc-8f89-d7e790129fe8,2025-09-10,501.15,beauty,0.044,UPI,1,0,,tier2,0,3,afternoon,0.14594410347412967,0.2192,1
0c268b41-0ac3-4105-aebc-469c44504eed,efca07b7-801d-4f4d-8fd4-f9471ea25c75,2025-04-19,615.25,fashion,0.473,COD,0,2,0.409,metro,1,2,afternoon,0.3870026797871902,0.6044,1
ed28cbff-a500-4c97-8479-b3218ec8b97d,5a4e456a-7177-438a-a82d-59e0133f3eb9,2025-03-20,4814.32,fashion,0.461,UPI,0,7,0.202,metro,1,1,afternoon,0.23069756686430742,0.0912,1
285be174-cfe4-4e10-893c-42fc54ab10cb,0c74865a-8fb4-4dd6-b137-e4f24324d1e7,2025-09-14,6291.07,beauty,0.446,card,1,0,,metro,0,2,evening,0.40770299645353353,0.1957,0
42df57b3-5942-4ca4-bfac-f5f48450569f,b5f4b65e-c0da-4fb5-8777-b54ba78f9931,2025-08-13,8842.52,beauty,0.216,COD,1,0,,metro,1,4,evening,0.12638520817096505,0.4483,1
00597c1b-5db3-44c2-81a0-3d55bbdfcc11,7f892973-babf-4935-bab7-187b59d8b023,2025-09-23,1983.09,grocery,0.448,UPI,0,6,0.152,metro,0,5,morning,0.2434169799043869,0.0203,0
0347c6e2-1d75-4610-a8c4-125010b2e272,fd281fbb-79c1-45b3-9e12-038f990994d1,2025-07-18,1190.32,electronics,0.479,COD,0,2,0.201,tier3,0,5,morning,0.11826527161057414,0.2854,0
a2162cb0-0f0d-487e-91e3-52e7a174de31,b15097c2-354a-48aa-8b88-0fc27a70d24f,2025-03-10,2339.27,beauty,0.199,UPI,0,3,0.325,tier2,1,8,evening,0.35941268307576457,0.2184,0
acb2548b-1bd1-41ea-bd7b-e6f83c82f1db,01b44897-af4a-45c8-9d4c-6f26cfdc77a7,2025-01-15,1387.51,beauty,0.562,COD,0,1,0.179,tier2,0,2,evening,0.10212483545629032,0.2489,1
aa0befc2-f954-403a-bab0-fc7ec4646272,386639da-c4fb-436b-9ced-e6f3c7021453,2025-07-05,3569.47,fashion,0.324,UPI,0,3,0.252,tier3,1,6,night,0.13845962298865533,0.4236,0
bdcda817-dc59-47f0-b4fe-61583fdc152d,f87f5cec-4cc7-4356-8a1b-5e82f142a0e0,2025-05-26,2086.39,beauty,0.247,UPI,0,5,0.336,metro,0,3,evening,0.2242312963277271,0.0611,0
b0827514-0591-473a-87e2-9d9fceddbba0,676c4a16-07aa-45fa-8ad1-17b29a2b6de4,2025-10-05,489.8,grocery,0.281,COD,1,0,,tier2,0,1,afternoon,0.2901295476709541,0.1306,0
6b7f9c9e-1c75-47a2-a0a2-e195337b4c13,706509ac-1c21-4830-bf5f-7a48ed377c6a,2025-08-08,675.21,fashion,0.504,netbanking,0,1,0.259,tier2,1,5,afternoon,0.21026090580847182,0.2806,1
29624055-4047-4473-81bd-e80544a9d154,36d6b08a-5436-4a2f-83c2-120975d4be7f,2025-06-01,662.15,fashion,0.367,COD,0,9,0.152,metro,0,4,afternoon,0.04915448350944119,0.2535,0
48ed3790-5a25-4f82-838d-03145872991d,4942d716-fa51-452f-aeaf-c11d692c023b,2025-05-29,2037.58,grocery,0.171,UPI,0,1,0.335,tier3,0,7,evening,0.19943866470802457,0.0282,0
5635d48a-ce61-4989-b161-e3ed5fc4fe0a,2e69e260-0ee4-43cf-9c88-a409981081c6,2025-09-13,3751.72,beauty,0.675,COD,0,5,0.404,tier2,0,1,morning,0.41585134920398,0.2854,0
b7b82057-8c99-4ac2-880a-aee36d8314b7,023b9e7c-1296-4744-8d72-4287487c387a,2025-06-15,776.6,home,0.064,UPI,0,3,0.489,tier3,0,5,afternoon,0.3858310964520147,0.0499,0
0e11b204-e77b-4019-99ac-b8e6f62c24a8,54179b75-2c75-4ee9-90ff-b2d3cf2eeccf,2025-04-25,20000.0,fashion,0.75,COD,0,1,0.114,metro,1,3,morning,0.13620156896909216,0.063,0
71b9e87a-a6a3-4967-b2df-68e87eff18ec,4b9cf822-a66f-42ab-b681-17e3444c7bd2,2025-06-03,393.25,beauty,0.072,COD,1,0,,metro,0,5,afternoon,0.3031590335061441,0.3513,0
9fdc13ee-d31f-44d9-8871-ad00027fcf32,87699cd8-cca3-418f-9a3e-144a0cbaca68,2025-08-30,553.95,fashion,0.411,UPI,0,4,0.024,tier2,1,2,night,0.05655306904883348,0.1411,0
9e71210d-a7b2-45ae-82a2-56811bcd3c4a,50c93afd-1b89-4f33-8ccb-21eeea3f4048,2025-05-24,3062.21,beauty,0.109,UPI,0,1,0.114,metro,0,2,evening,0.23305342178158567,0.0192,0
34f31b88-28f5-4bad-9a63-61431044ad81,f798ef7e-e2a3-4c54-b902-894eaf540d62,2025-02-19,3313.46,fashion,0.601,card,0,5,0.196,tier2,1,4,evening,0.21199326223067969,0.1617,0
e90e1733-409e-400b-8e50-aab47708d374,3c199261-e6e2-42ad-b4e0-535e7eb5a1c0,2025-03-15,6419.41,grocery,0.75,netbanking,0,2,0.443,tier2,0,7,night,0.3389478327833424,0.0557,0
d6d7d660-8749-40fa-a8d3-2e312a4ed841,3b79a3c2-0050-44b1-b160-fa6030908748,2025-09-13,3188.48,beauty,0.17,UPI,1,0,,tier2,0,4,evening,0.23555814035267542,0.0982,0
7e927c99-c807-4187-909c-f4461756c4b9,4c19ca15-e9d8-445e-9a4a-ef49bd34d343,2025-06-17,359.03,grocery,0.296,COD,0,5,0.477,tier2,0,6,afternoon,0.24706696213115537,0.0723,0
5246a4b1-09fb-4ec5-9857-4c3aefe10ab2,957f8462-6bb6-488c-8360-f0a6cde9bfec,2025-07-01,293.64,fashion,0.03,UPI,0,2,0.228,metro,1,4,evening,0.20154150931374812,0.0732,0
e4471df8-95d3-4c83-9d33-54905b8586c5,c098bafa-20a7-4c6c-9fce-d433c8e83be7,2025-10-23,919.36,fashion,0.17,UPI,0,4,0.216,tier3,1,5,afternoon,0.27580452681496,0.2229,0
e52cd653-c354-473d-b2e9-61b91a514799,c098bafa-20a7-4c6c-9fce-d433c8e83be7,2025-07-20,1241.73,grocery,0.179,UPI,0,5,0.147,metro,0,4,evening,0.27580452681496,0.0156,0
78098049-81f4-40ad-8391-9218373fd938,5a4e456a-7177-438a-a82d-59e0133f3eb9,2025-10-02,2510.73,home,0.046,COD,0,8,0.219,tier2,0,8,morning,0.23069756686430742,0.1381,0
79567bc6-3a37-4285-820a-4089f43b3ee0,3f175ef7-cb46-404c-ae55-2d22b3544172,2025-07-12,1004.78,home,0.03,UPI,0,10,0.031,metro,0,2,evening,0.048627470043128354,0.0711,0
f604b91d-b3dd-4ad9-a35d-b7b3e5eb0754,beb549df-d9cf-44ad-8d90-33d474eb66b0,2025-06-30,717.7,electronics,0.301,UPI,0,1,0.248,tier2,0,4,evening,0.36242851871884985,0.0767,0
4c5713ff-1fc4-4325-8d6c-aa3557f07a83,77e96371-82ca-416e-af8f-071e169e4282,2025-04-30,4354.01,fashion,0.195,UPI,0,3,0.144,tier3,1,5,evening,0.25979890009270734,0.0527,0
ee461d95-55ac-4030-be12-e052990d66d5,7abb60f8-6a15-44b0-8a8a-33cf510670a6,2025-07-05,3204.76,electronics,0.14,netbanking,0,3,0.104,tier2,0,3,afternoon,0.03542903995029727,0.0173,0
d2fb6efa-5013-4463-b6f7-acf422da43a5,48242df6-6544-46ca-8243-b23028d6d805,2025-03-29,4226.74,fashion,0.064,netbanking,0,5,0.228,metro,1,7,afternoon,0.1548544510371693,0.1393,0
1c9c5c20-6d9d-4d67-908a-7b72e631d150,1591262d-98ef-414d-8cbe-b6b0966d3679,2025-01-01,998.22,fashion,0.295,card,1,0,,metro,0,4,evening,0.4609605649107434,0.1895,1
f084659c-b164-4111-bd67-b967ada311a9,22c2ba19-c5f8-4c06-b445-29833dc88d67,2025-10-27,1263.25,beauty,0.536,UPI,1,0,,tier2,0,3,night,0.31973660715339725,0.1795,0
0aec5a8d-d145-496b-9cd0-4af46c50123b,c8799b6e-004c-411a-a115-82977ad530a4,2025-09-01,4406.31,electronics,0.306,UPI,0,2,0.169,metro,0,2,night,0.20531948812490197,0.0461,0
56daabab-6fb5-44d5-b49e-cc6a03021bf1,488818a4-8adb-4718-b41a-823c7f2b2ab8,2025-02-23,1385.74,fashion,0.095,COD,0,2,0.269,tier3,0,6,afternoon,0.25703386186733934,0.2902,0
4923246b-a998-48cd-a740-99a14848a2e2,f1d5ab3a-6a5b-4232-8206-e8e5e137a27c,2025-09-21,1110.12,electronics,0.279,UPI,1,0,,tier3,0,10,morning,0.31722889959077977,0.1315,0
14c6e0b9-b72e-4c87-b763-235ed19ddb74,c098bafa-20a7-4c6c-9fce-d433c8e83be7,2025-03-23,888.55,home,0.649,UPI,0,6,0.305,metro,0,4,morning,0.27580452681496,0.0809,0
1e821487-ce9e-437d-b9eb-e6f704dac384,bcdeb425-8e18-4df0-9d56-77acc6d259f7,2025-01-24,1480.85,fashion,0.136,netbanking,0,2,0.26,tier3,0,5,afternoon,0.2145242588320448,0.2676,0
5b277566-6c95-4450-bf16-3fab661981a5,1591262d-98ef-414d-8cbe-b6b0966d3679,2025-07-09,672.51,home,0.522,COD,0,1,0.446,tier3,0,8,evening,0.4609605649107434,0.3273,0
bbe2808b-7cee-4e24-a99d-f340fe8c1e7c,d0f3def4-10c3-442b-9b93-148c1f1e3a46,2025-05-24,4842.93,beauty,0.344,card,0,1,0.156,tier2,0,1,evening,0.2928560981860891,0.049,0
9145fe2e-75df-4400-bfca-8476242aa1c7,7f892973-babf-4935-bab7-187b59d8b023,2025-05-12,3829.27,fashion,0.256,UPI,0,7,0.209,metro,1,5,afternoon,0.2434169799043869,0.12,1
d464d319-4545-475c-92d4-7dc887e4a352,dafa4cb3-c022-4df8-a53f-f33eccbb2af0,2025-09-05,437.7,beauty,0.224,UPI,0,4,0.127,metro,0,3,evening,0.21055725528180214,0.0942,0
fa32bcd6-85da-4cb3-88b3-f061e0be1136,52ad5451-dae5-4029-8a8a-756096ddf041,2025-09-01,1739.23,grocery,0.216,COD,0,1,0.543,tier2,0,4,evening,0.44640490282899387,0.0748,0
ce380501-6641-4f47-81cf-79ae45612cc9,7577f5f5-f434-4ba2-be8d-bc819a90aa7d,2025-03-21,1931.92,fashion,0.296,UPI,0,5,0.171,metro,1,4,afternoon,0.12936071938754626,0.1034,0
615563fe-3ac2-4e56-93cc-716a3748dd48,ae648879-94d9-43e9-9c34-e6de78357400,2025-05-11,2613.33,fashion,0.473,UPI,1,0,,tier2,1,3,evening,0.10883559867342446,0.5593,0
b9f2e3e8-6bd8-4ed5-abc6-2144a260216f,d684615e-b5d2-4dff-856f-f7aa94f57139,2025-02-21,480.06,beauty,0.078,COD,0,4,0.389,metro,1,1,afternoon,0.391147140695262,0.6843,1
127aba59-1277-4005-af29-60c546041202,e91e2377-ab20-429c-9819-8e4e857323a6,2025-09-22,306.46,electronics,0.292,COD,0,3,0.404,metro,0,3,afternoon,0.3734683492632352,0.1379,0
7b56b2be-92d4-4622-b338-c77cd3939a14,fece3053-752e-4f5a-b715-c3d8cb10cde7,2025-02-04,1865.99,home,0.096,UPI,1,0,,tier2,0,2,morning,0.2486017792851423,0.0814,0
6e4cc0bf-caf6-4f03-8946-1d2a8354590f,eb671c1e-81f6-496c-b68d-49ea47acde37,2025-05-07,5314.32,beauty,0.28,UPI,0,2,0.149,metro,0,2,morning,0.18608348760507418,0.1417,0
e9d75d75-c067-41b9-88d6-5833553bae42,cdfac639-c4a1-4655-be5a-2d787e76f71c,2025-01-24,5009.49,fashion,0.188,UPI,0,5,0.254,tier3,1,5,night,0.18576378008237582,0.1201,0
5743ba7f-b4d3-4efb-8485-565da0cae09c,fa6a8767-7e2a-4113-bdf9-a05ed044b7d7,2025-06-10,1021.24,beauty,0.112,COD,0,2,0.206,tier2,0,5,afternoon,0.1965713354260339,0.1466,0
41273e26-ef99-4dc3-af9e-da7b46039154,74a60004-5880-40d4-977a-6eec71073670,2025-06-28,1128.51,fashion,0.312,UPI,1,0,,metro,1,1,night,0.29458700556517403,0.4277,0
03a54559-9a9f-4356-971b-810cfc7b78f8,754ee000-0eb3-4857-a2e8-476c39a286c0,2025-02-22,9143.39,home,0.177,COD,0,3,0.378,tier2,0,1,night,0.2831068452109286,0.0876,0
78731640-7d42-4407-92bc-c39c1d981887,4c19ca15-e9d8-445e-9a4a-ef49bd34d343,2025-05-21,3276.24,grocery,0.248,UPI,0,6,0.321,metro,0,5,afternoon,0.24706696213115537,0.0236,0
b5886fdf-aa55-4e7e-8b35-a7698e55a7c3,e6423713-1ee7-443c-a6cb-d18d4f39effb,2025-01-26,250.0,home,0.572,UPI,1,0,,tier2,0,4,evening,0.38721590235978126,0.4315,1
f629ac72-c663-44d3-bdaa-d75bcd053132,6d81b599-cb53-46f9-8600-bf12fd1acddf,2025-07-06,1584.17,grocery,0.097,card,0,2,0.219,metro,0,4,morning,0.1373435706874969,0.0073,0
5417910e-3026-4d1e-8cd9-ebc48d1bd022,9e9db8b8-b527-46e0-9e4b-211ffcef38a3,2025-07-16,324.48,electronics,0.34,COD,0,4,0.296,metro,0,5,afternoon,0.33315409272597374,0.1563,0
8ef752fa-8058-46a5-bc75-948364ca626b,c948d370-2dce-42ca-8472-af60b35f4c6c,2025-08-22,2176.29,fashion,0.259,UPI,1,0,,metro,1,3,night,0.32814923883527064,0.5042,0
f4b0c6d4-2010-4709-b0cd-419096ae4f3b,efca07b7-801d-4f4d-8fd4-f9471ea25c75,2025-09-28,3515.14,home,0.396,card,0,3,0.351,metro,0,4,evening,0.3870026797871902,0.0178,0
d65062ff-9eee-44ec-93c7-63e76a2d7ff4,7f892973-babf-4935-bab7-187b59d8b023,2025-05-27,250.0,electronics,0.25,card,0,8,0.417,tier2,0,7,afternoon,0.2434169799043869,0.0485,0
4f366723-249f-4369-9a24-15b47c512fc7,0d97a473-7744-497c-a705-b50705c3cb43,2025-07-04,1114.2,electronics,0.129,netbanking,0,1,0.532,tier2,0,3,afternoon,0.5048241459567955,0.1062,0
3660674a-f38e-43ce-a9ec-5415883a008d,aac29fe8-fe2d-4ea0-adb4-77c0791b38d7,2025-08-06,486.37,electronics,0.311,netbanking,1,0,,tier2,0,1,afternoon,0.1701013638867513,0.1522,0
1493bcef-b6dc-451f-b314-b6a2394d5f7f,928114f7-f956-485a-b601-6b40b48c18d7,2025-01-10,3379.23,home,0.318,card,0,3,0.248,tier2,0,2,afternoon,0.29038571770418864,0.0423,0
c4d262c9-b80e-4692-b9ae-37b2cafd5cc5,bb979d3d-d61a-4c89-bbda-657156be921e,2025-04-13,514.78,home,0.172,card,0,2,0.449,tier2,0,2,afternoon,0.3797344893685818,0.1121,0
2ede2a94-7800-4cdb-a049-e72ed832dbb4,cdfac639-c4a1-4655-be5a-2d787e76f71c,2025-04-03,3137.2,grocery,0.086,COD,0,6,0.219,metro,0,3,evening,0.18576378008237582,0.0502,0
96472364-5294-419d-ae15-dac4a4769663,88b88e03-c936-4c7f-ba2d-52cf64525090,2025-02-26,320.29,beauty,0.283,COD,0,2,0.21,tier3,0,5,afternoon,0.20459557629689876,0.1884,0
da5c6991-27f3-4eee-9279-dd3b02dc05e2,72ead0ae-5b4e-42af-afc3-e5936d2c0440,2025-03-18,250.0,beauty,0.456,UPI,1,0,,tier2,0,2,afternoon,0.1339182046543242,0.2623,1
6081d479-2b5e-4f2d-b99b-7be417de2c3b,64e412e8-0202-422c-955b-a7485b7b68e3,2025-10-06,6707.55,fashion,0.234,UPI,0,2,0.188,tier2,1,1,evening,0.10949310651314134,0.0494,0
b4698d55-f0cd-4f71-b6c0-6aba1c63f12d,2022f5c1-083c-4c40-93e7-f3bf5ca21797,2025-05-10,1122.75,electronics,0.082,UPI,0,2,0.151,tier3,0,6,night,0.03002375015151436,0.1014,0
0c99cf64-945e-4437-92f4-dadccd0a0a9f,b6da0c58-e09f-4c64-b488-90dde3c22bf1,2025-01-08,1039.89,fashion,0.621,COD,0,2,0.006,metro,1,2,evening,0.06852796151158619,0.2697,1
32442777-3fc4-4294-a59c-f15ec32ab5a2,efca07b7-801d-4f4d-8fd4-f9471ea25c75,2025-02-23,1507.19,fashion,0.313,COD,0,4,0.397,metro,1,4,evening,0.3870026797871902,0.4764,0
e5b70780-b6ae-4814-bf27-df1c9fb7ffee,50dc3803-1af4-4a0a-8917-ca0e73db20ad,2025-10-16,669.94,home,0.081,COD,0,3,0.251,tier2,0,3,afternoon,0.3098477304837669,0.2384,0
e40198fc-3b18-455a-b9cc-1c9a667d3965,4a210397-e8f5-48f0-9b24-1863f194f342,2025-09-27,1544.93,fashion,0.259,card,0,1,0.712,metro,1,4,afternoon,0.7642110094338409,0.6408,0
9fc4b0b4-031f-4a35-9b54-4a5e4740ebaf,054315ef-617b-4c68-a836-7bf2849bb27d,2025-07-15,3125.22,home,0.29,UPI,1,0,,tier2,0,1,afternoon,0.25774521074598095,0.122,1
00ef54c7-3be5-459d-abaa-d96fd5c622dc,bd1084dd-629c-4150-a764-2ccea032f578,2025-10-27,452.94,fashion,0.311,UPI,0,3,0.231,tier2,1,2,morning,0.21989011196511407,0.6431,0
b103d20d-1a29-486d-a216-def5f42d097d,98194a7e-bbf7-4c7b-bd62-45a74d8af003,2025-04-04,1570.21,fashion,0.657,UPI,0,1,0.699,tier2,1,5,evening,0.6643987566463582,0.3875,1
65a99bae-1312-4b6c-814c-4a6d4c044d07,ed599b6e-2d8f-4189-929f-bf2dbd05f32d,2025-07-06,3531.23,electronics,0.632,COD,1,0,,metro,0,2,night,0.46015210405281526,0.438,0
66426229-e329-4409-bb61-7d7cefdf819d,b247ad10-577b-4019-9219-5682672fd36d,2025-05-28,2611.46,fashion,0.22,UPI,1,0,,metro,1,2,afternoon,0.15399488329390626,0.218,1
c4548c8a-7c57-4a69-a935-240f50ec7840,937f81a2-0c57-467d-869e-aaae2412816a,2025-04-29,1907.54,fashion,0.187,UPI,0,5,0.28,metro,1,2,evening,0.2365731909103324,0.3435,0
4b37fca8-8c46-4e54-9963-a382b2a90aa1,bd3c3573-0103-48f0-b2c0-b7ec007b2db3,2025-10-22,2566.18,electronics,0.186,COD,0,3,0.228,metro,0,4,morning,0.23310699843617838,0.0867,0
0e368f1e-5196-4d22-8c41-6ead3c7cbb74,4599a51c-2008-4079-839d-ecfc8f342f0e,2025-09-08,2629.93,home,0.64,netbanking,0,1,0.038,tier3,0,8,evening,0.18723773115835693,0.0771,0
3f7dd476-d890-47df-91ad-f2c0a03654d2,0264a3d8-19e4-4ba6-8fef-821e2f029db1,2025-01-22,1492.46,fashion,0.405,UPI,0,1,0.198,tier2,0,3,afternoon,0.21082490652703922,0.2588,0
f7b3561b-b68c-4485-bb3a-82583a111a42,b15097c2-354a-48aa-8b88-0fc27a70d24f,2025-05-22,1107.87,electronics,0.399,card,0,4,0.267,tier2,0,7,afternoon,0.35941268307576457,0.0796,0
ae2fcdce-b42a-4e3b-a2a2-48ecb3a25594,eaeed0dd-7e1c-4258-9fdd-9985ad3d359d,2025-03-18,11724.07,beauty,0.117,COD,0,1,0.436,tier3,0,6,afternoon,0.3269451502115473,0.0445,0
0e014451-6fbe-447e-9103-44b18c42da39,4bc409c6-b5e2-418c-b091-811f237e5d34,2025-10-22,538.04,beauty,0.149,COD,0,1,0.191,metro,0,1,night,0.24986565117884016,0.1424,0
a1f6d62d-0d64-47ab-a0c9-cf5c5683d2ab,fece3053-752e-4f5a-b715-c3d8cb10cde7,2025-10-20,2936.86,home,0.086,UPI,0,1,0.331,metro,0,6,afternoon,0.2486017792851423,0.0919,0
d3eeb099-07ee-496a-989b-625e68029fc9,3c212041-014e-4793-98f2-826628bba05c,2025-02-27,1774.9,electronics,0.011,card,0,1,0.12,metro,0,4,afternoon,0.25921265445369807,0.0216,0
d71b2aab-bfc8-4f52-a519-d1157d0f33f2,dcd75ca6-e384-4d4a-a240-2cf7f4192ed6,2025-06-13,3603.5,fashion,0.024,UPI,0,1,0.078,metro,0,2,morning,0.14393935494351567,0.0315,0
79c0bd02-4d17-4252-b93b-eed597981343,bdf5e5de-7033-4345-ac37-819738c0e957,2025-07-29,6002.7,home,0.189,COD,0,8,0.223,metro,0,2,evening,0.2211439005048725,0.0739,0
836813aa-9773-4e25-9413-aee6c0b342e9,01e51ac1-9cb3-4238-8426-8927637799d2,2025-04-12,250.0,grocery,0.118,COD,0,1,0.032,tier2,0,2,morning,0.21409142015917093,0.015,0
d99d8727-7086-489d-89ab-1c9ccd41264a,30ed7aa6-3495-4b99-970b-27c038e98f99,2025-02-07,1557.59,fashion,0.255,card,0,4,0.345,metro,1,3,evening,0.30707185083804733,0.5937,0
b72258c9-cfdf-42eb-941d-76fc97396999,5a0bd207-df7a-41c3-8a83-1274a9efee90,2025-10-21,916.9,electronics,0.081,UPI,0,3,0.035,tier2,0,7,afternoon,0.025007063694987345,0.038,0
f5332182-b17f-4a1e-a7a7-d953d682d285,a8c6166f-038a-4ae7-b54d-f52288d81a93,2025-10-01,1527.91,grocery,0.352,UPI,0,1,0.152,tier2,0,1,morning,0.130383422505818,0.0512,0
06b20e9f-cdb4-4de2-a47c-746be29efb0b,d684615e-b5d2-4dff-856f-f7aa94f57139,2025-08-13,677.01,grocery,0.495,UPI,0,5,0.334,tier2,0,2,night,0.391147140695262,0.1361,0
536eda4b-2ae8-4b8f-aa24-4a81996e7773,ade38847-ed43-40bb-86a7-c04000915ee5,2025-03-05,2109.03,electronics,0.75,card,0,5,0.145,metro,0,3,afternoon,0.14720873128711998,0.0425,0
713325cd-e459-49ed-8bac-a089133af325,bdf5e5de-7033-4345-ac37-819738c0e957,2025-07-29,6682.86,electronics,0.272,COD,0,9,0.241,tier2,0,3,afternoon,0.2211439005048725,0.0347,0
da6663ac-b36b-4e39-99fe-f7fe2dc14d04,ac46d877-8423-49a6-902f-7054e0aa8316,2025-07-09,1489.65,fashion,0.461,COD,0,5,0.064,metro,1,5,evening,0.05573145024510638,0.6475,0
bb207160-d4fd-4b1b-bd73-56912f0d7b7e,97097040-636b-45f4-85e0-9e1a52c27325,2025-07-20,2535.25,grocery,0.495,COD,0,2,0.154,tier2,0,5,afternoon,0.15906278458837203,0.0591,0
12da90b6-f63d-48db-bc8c-57074b8b0355,3cee8f97-6a9f-48bd-9130-1eeb62534fd4,2025-10-14,1484.33,home,0.175,UPI,0,2,0.0,tier2,0,2,evening,0.021433052089598018,0.0324,1
89133783-7047-413c-af96-60705f529fd1,cd41d912-6dd3-48f5-8321-ab579b72c57a,2025-06-25,2134.47,beauty,0.53,UPI,0,4,0.216,metro,0,2,morning,0.1561219227039281,0.0612,0
b31f1259-c2fa-4297-89e4-dacd0f8a6823,fe550887-96cd-4997-85b8-f1feef78730d,2025-08-28,3773.34,home,0.048,COD,1,0,,metro,0,3,afternoon,0.1562196164642481,0.0341,0
8ad86858-c370-4e5d-abdd-d7e77842e04e,0f58fc78-ce5f-44f5-aec7-492478e32c4f,2025-03-29,250.0,electronics,0.339,card,0,1,0.218,tier3,0,7,evening,0.15829274806408117,0.0938,0
7484d545-a2ca-408b-ae9f-f0ae955886f9,2022f5c1-083c-4c40-93e7-f3bf5ca21797,2025-02-28,3377.11,home,0.172,COD,0,3,0.092,tier3,0,6,night,0.03002375015151436,0.1449,0
0d7a9444-8de2-42e0-86c4-60be0bd2558a,61333330-b1a5-4c86-81d1-a619578e5835,2025-08-20,2504.9,fashion,0.197,card,0,2,0.224,metro,1,5,night,0.18587087319682674,0.2381,1
8ee352fb-02cc-42fd-8a72-dcc00e5534a2,f91b87e4-35a7-481d-96ba-a679feba54f3,2025-03-20,1881.8,fashion,0.207,UPI,0,2,0.085,tier3,1,5,night,0.05881659853496958,0.1407,0
cfeee294-e3ed-428e-b527-ccdc77b310c2,7f892973-babf-4935-bab7-187b59d8b023,2025-09-04,3260.33,electronics,0.501,card,0,9,0.351,metro,0,2,night,0.2434169799043869,0.0412,0
9501fa6f-bc96-417c-9bc8-313975282698,91510149-f597-4196-b779-376ce2143f83,2025-07-01,418.03,home,0.063,COD,0,1,0.236,metro,0,6,evening,0.26241881723183863,0.2216,0
8d29f5c4-0f37-4357-8756-2c2e38560d83,6789065a-34d8-4edc-ac86-5b28ecb59411,2025-04-26,2086.07,grocery,0.649,UPI,0,1,0.278,tier2,0,1,afternoon,0.23983923810393037,0.0915,0
792f8ba2-e8a6-48bf-b05d-c70684d89d3c,1e8c36c2-6ec2-42d0-bed2-1a1c361dd692,2025-10-12,1842.31,electronics,0.644,COD,0,1,0.333,metro,0,1,evening,0.32830159764792616,0.1312,1
08cf499b-360e-476f-a1e2-4b4c6f290f2c,12fe00dd-41ef-4cc6-be37-8ee316d92839,2025-02-16,1625.83,beauty,0.051,UPI,1,0,,tier3,1,3,evening,0.2484904830770941,0.103,0
2ae1f3b1-a89a-4142-bbab-83ae64132ca5,3f175ef7-cb46-404c-ae55-2d22b3544172,2025-04-14,455.58,grocery,0.096,COD,0,11,0.166,metro,0,3,evening,0.048627470043128354,0.1699,0
2cbb4370-b8af-4bc4-be01-28c404b99db6,896a9142-c32d-4e97-8656-8e4c80bb0c0e,2025-05-18,4039.91,electronics,0.114,UPI,1,0,,tier3,0,5,morning,0.09634270484326586,0.1734,0
873eec31-29c8-4900-ac0f-9582fa765cdc,183731f0-c4f7-459f-b6fe-03d481d1dc2b,2025-06-15,747.32,home,0.511,UPI,0,1,0.285,tier2,0,1,afternoon,0.3251850941589013,0.0884,0
30cafd3c-607e-4cb7-b025-a8aee9b94b20,6d81b599-cb53-46f9-8600-bf12fd1acddf,2025-02-10,250.0,electronics,0.071,UPI,0,3,0.131,metro,0,1,night,0.1373435706874969,0.0256,0
e0917b8d-0eb8-40f9-afd6-c16ce599f988,82b5cfde-f550-4737-af56-7ae9f8488101,2025-09-11,2726.6,beauty,0.235,card,1,0,,tier2,1,9,evening,0.3753463445849248,0.338,1
f0a7f936-d336-450f-b12e-b7fb5848688e,5a4e456a-7177-438a-a82d-59e0133f3eb9,2025-10-10,917.85,beauty,0.142,COD,0,9,0.205,tier2,0,2,evening,0.23069756686430742,0.1201,0
7f0a9567-9540-41c6-aac5-e3c86426a473,7577f5f5-f434-4ba2-be8d-bc819a90aa7d,2025-04-26,704.09,grocery,0.48,COD,0,6,0.136,metro,0,4,evening,0.12936071938754626,0.0673,0
2b461962-ad44-4347-8aa5-348be66389c7,90d4ab83-9a96-4a21-9db9-c0621084e983,2025-04-20,4917.44,fashion,0.316,UPI,0,4,0.271,tier2,1,4,evening,0.29832839962512075,0.1521,0
cb535bb8-c4e3-48cf-9f8e-628013b7b3cd,0b3125cc-29c6-4f20-b1ef-8890454bd85d,2025-07-01,466.88,home,0.477,UPI,0,2,0.497,tier2,0,4,night,0.45454338905514596,0.0782,0
6a3265da-7296-44ef-8808-2f3b57d84c51,09f0bdb4-9a82-4836-9937-2f88cb2c1621,2025-03-14,1576.09,beauty,0.473,COD,0,5,0.348,tier3,0,3,evening,0.34129841122598414,0.7039,0
6c30e425-8b07-4a2d-8d49-3ffa9694c14c,f91b87e4-35a7-481d-96ba-a679feba54f3,2025-03-15,3017.43,electronics,0.338,COD,0,3,0.275,tier2,0,3,morning,0.05881659853496958,0.0498,0
70c755a5-4b73-41b7-bdea-5b45a27ec1de,ae9132eb-6eff-473e-998e-0c039ce43cc7,2025-06-28,250.0,fashion,0.127,card,0,3,0.222,metro,1,2,evening,0.19434600150643108,0.0541,1
0532ff32-5547-4f10-b9e5-47da8b4f846b,82b5cfde-f550-4737-af56-7ae9f8488101,2025-03-02,544.78,fashion,0.056,card,0,1,0.209,metro,1,1,afternoon,0.3753463445849248,0.2396,0
3ae94c04-bfc5-4187-aa8e-ab84079f461f,737e35bc-4ea3-42a4-9c26-b22f7099bf28,2025-02-15,366.82,grocery,0.468,UPI,0,2,0.075,metro,0,8,evening,0.05662677973259444,0.0322,0
6c095711-e570-4817-a99c-ab60b7616fdb,ec513aca-b3ea-457e-b9fd-46a0fbbd0108,2025-06-06,662.19,fashion,0.191,card,0,5,0.182,tier3,0,8,evening,0.19762424986659227,0.2072,1
de2b0ac1-c8d2-475e-9aa6-5d586d23a9ea,77ca1577-f639-4d21-9261-19447fa58bb0,2025-05-24,703.08,fashion,0.4,UPI,0,1,0.159,tier2,1,2,afternoon,0.1840815893241802,0.2567,1
6820806f-6156-40f4-86b7-eebb7c2f9064,ad87b3e3-8b3e-438e-8994-51127b85c296,2025-02-13,19395.3,home,0.32,COD,0,4,0.0,tier2,0,1,evening,0.06067469417646223,0.0089,0
a771bc06-c1d1-45ec-8e74-bc2bf71101bf,b7cf8b3e-8cbc-41b9-b7a4-c29693d32968,2025-02-25,401.92,fashion,0.242,UPI,0,1,0.116,tier3,0,2,morning,0.23865381601921165,0.1313,1
a8a57727-38e4-451e-8890-3c98e3ceeab7,90a7c98b-0565-4330-a335-ddad08538e49,2025-04-23,2068.69,electronics,0.086,COD,0,2,0.112,metro,0,2,evening,0.16802115856295066,0.0863,0
84f4882b-98fa-409b-80f7-b91bb13c32c1,bd1084dd-629c-4150-a764-2ccea032f578,2025-01-29,585.13,fashion,0.381,card,0,4,0.186,tier3,1,4,afternoon,0.21989011196511407,0.4642,0
f7ffdd24-4d10-4d79-8bff-51d810fe148b,80cef85a-5938-4801-9fa5-9b6c0de0cc08,2025-07-13,2098.63,beauty,0.369,COD,0,5,0.346,tier3,0,6,evening,0.2042925306906814,0.2633,0
a2f68358-8ef4-4c60-83d0-5dd86f3b8ffb,661b6342-8159-4ab2-8a97-b733bb008aa6,2025-10-12,2965.32,electronics,0.375,UPI,1,0,,metro,0,2,evening,0.07875622019451736,0.1192,0
1f1af34d-1e6e-4ebf-848f-14e8dd59aa4b,879efc3e-a486-44ac-a9cc-29dca850ccc1,2025-01-22,959.57,fashion,0.298,UPI,0,2,0.051,tier2,1,4,morning,0.14849469586761202,0.1516,0
03473554-b0b4-41d6-95cf-60f6eea14216,c66f6e79-ae50-43d4-a0cc-4c34abe9c042,2025-08-19,850.79,home,0.538,card,0,1,0.241,metro,0,5,evening,0.2426758876131097,0.0816,0
b5c98f81-34a6-4d45-b3fb-bcc4b107f75e,00850f9b-0ccd-4292-aa59-0ccccc2d0338,2025-04-30,2657.44,beauty,0.137,COD,1,0,,metro,0,4,evening,0.2881986119409372,0.1844,0
a88c06f1-1082-4bfe-b50d-ea21f83c1267,e8f694f4-75c7-4b9d-8461-3f6fce844e62,2025-05-09,2488.0,beauty,0.091,card,0,2,0.144,metro,0,2,afternoon,0.10058728392504118,0.0315,0
e690c973-8ad0-4dc0-b74b-81648dc40f02,f798ef7e-e2a3-4c54-b902-894eaf540d62,2025-03-11,1424.16,electronics,0.155,UPI,0,6,0.237,metro,0,3,afternoon,0.21199326223067969,0.0174,0
14415957-f438-44d0-8939-c00c9af171bf,80cef85a-5938-4801-9fa5-9b6c0de0cc08,2025-04-16,486.01,electronics,0.34,UPI,0,6,0.151,metro,0,2,afternoon,0.2042925306906814,0.0261,0
d98c1abd-ddc5-41ec-afde-add62391eb72,a853efee-ff59-4993-bc61-f78068b52bd2,2025-03-18,3649.98,grocery,0.25,UPI,1,0,,tier3,0,7,afternoon,0.11173338786746698,0.0456,0
7c38c08a-3aec-4dca-a079-2a2c09eade67,36d6b08a-5436-4a2f-83c2-120975d4be7f,2025-06-18,510.33,fashion,0.238,UPI,0,10,0.023,tier2,1,1,night,0.04915448350944119,0.0509,0
aa14c8e8-d23e-4838-be4a-9ec22df795b2,59ee0a92-bbbd-4eda-b308-fcef4f46f4f5,2025-10-03,3296.0,fashion,0.47,COD,1,0,,metro,1,4,evening,0.19332560170204371,0.5065,0
d8d0e72f-be29-4cfd-bddb-ef166cd7f5c7,0264a3d8-19e4-4ba6-8fef-821e2f029db1,2025-07-23,767.63,home,0.23,UPI,0,2,0.196,metro,0,1,evening,0.21082490652703922,0.0423,0
522edf81-7f86-45b1-959b-c3f41148a144,0b3125cc-29c6-4f20-b1ef-8890454bd85d,2025-10-20,5894.34,beauty,0.087,COD,0,3,0.414,metro,0,1,afternoon,0.45454338905514596,0.1271,0
b12ada98-7529-4fb4-ba1a-bc451190c1ac,84f798c4-c576-4100-9357-d92419324080,2025-04-06,3634.84,grocery,0.128,UPI,0,1,0.065,tier2,0,3,afternoon,0.032458508417533755,0.0053,0
ec32ef87-99f3-4ce1-acfb-8c3f5a728676,eadbd094-be35-4736-a2ab-dbd7268dbb77,2025-03-10,985.36,fashion,0.264,UPI,1,0,,metro,1,3,evening,0.20565504312437694,0.3664,0
b9b5242b-2b15-481b-ad8e-f200afe255df,ae648879-94d9-43e9-9c34-e6de78357400,2025-04-06,6765.86,grocery,0.184,UPI,0,1,0.027,metro,0,1,morning,0.10883559867342446,0.0086,0
d7b21a12-69c8-48a2-9e6a-95ab5c65b0d4,028480f1-b690-48c0-b047-37a7c3708214,2025-09-07,2259.4,fashion,0.418,COD,1,0,,tier2,1,2,evening,0.5692182601492508,0.7065,1
307fb42d-c6d3-4f43-b3da-66d5dd3ef920,785b8b9d-2976-423d-a581-29deafedb963,2025-10-16,1606.78,beauty,0.145,COD,1,0,,tier2,0,5,night,0.28318456286061405,0.3812,0
832ebca2-be5a-451e-854e-c7268b357a60,2610fe33-8b0a-4c9b-8c47-756cf516e89b,2025-06-07,8138.68,beauty,0.289,card,0,2,0.241,tier2,0,3,morning,0.3007027884503935,0.0393,0
3f31e797-e260-448a-a004-a05648382e4b,1430da84-3676-4e2f-a20c-58786ed1d466,2025-08-10,563.58,fashion,0.307,UPI,0,8,0.311,metro,1,4,night,0.22121655786542901,0.1945,0
60a5d565-36c6-461c-bbb4-7fcc5e5fb91d,96b2c265-54d1-4847-9876-3b2b847a1c81,2025-08-13,250.0,home,0.056,COD,0,1,0.206,tier2,0,4,evening,0.1720539793002365,0.1025,0
079e3957-3904-46a1-949f-78a5271f1493,7f892973-babf-4935-bab7-187b59d8b023,2025-10-03,1960.79,home,0.601,card,0,10,0.169,metro,0,5,afternoon,0.2434169799043869,0.0947,0
13832b38-6c81-43c4-83a9-ca5b94512e32,c74291cc-50dd-48a2-918a-2263305eb957,2025-05-04,1640.41,fashion,0.276,card,0,6,0.273,tier2,1,1,night,0.2897378778415542,0.1312,0
966c416e-83a5-4ceb-99e6-bde927181881,957f8462-6bb6-488c-8360-f0a6cde9bfec,2025-02-10,452.97,home,0.369,card,0,3,0.234,tier2,0,3,afternoon,0.20154150931374812,0.0256,0
f2a7c259-aced-4f87-b5ac-1811d85ff1fa,cc825a9c-6ef8-48bc-90ca-0bc2af6a4e40,2025-06-17,397.23,grocery,0.025,UPI,0,1,0.205,metro,0,4,night,0.27966983742156076,0.0117,0
81509dd9-0832-4760-a76f-03ce22570ad6,13305eb5-fa9e-4ad0-82e5-51bd1825bb0e,2025-07-22,3521.29,electronics,0.104,UPI,0,2,0.089,tier2,0,3,afternoon,0.06015710717930573,0.0158,0
94c51c15-45c0-40cd-bb35-a4a661f1aeb5,e1b869a4-d9a8-4505-b847-1920324a5e4e,2025-02-20,591.29,home,0.252,UPI,0,1,0.231,metro,0,2,afternoon,0.20321741031586962,0.0668,1
e5cbaa6e-6fc6-47ba-9b63-6d48e98a8a6e,def5fd1b-56ba-47f8-b458-eca4da970bc5,2025-01-08,5441.58,electronics,0.273,COD,1,0,,tier3,0,4,evening,0.5318032893846185,0.2561,0
30d3c382-58ba-4ff3-9758-aee1ae31d20b,93d11106-41d0-4c5d-ac79-1d9d6f90bcbf,2025-08-12,790.79,beauty,0.163,UPI,0,3,0.068,tier2,1,3,morning,0.052918216172000036,0.0765,0
ce3ef7e3-355d-467f-8ea1-0d45af7b51da,82b5cfde-f550-4737-af56-7ae9f8488101,2025-02-24,257.33,fashion,0.077,COD,0,2,0.164,tier2,1,5,afternoon,0.3753463445849248,0.4153,0
49baab31-c068-44d6-b889-7b489b1637f6,eb671c1e-81f6-496c-b68d-49ea47acde37,2025-10-25,3171.56,fashion,0.212,COD,0,3,0.128,metro,1,4,evening,0.18608348760507418,0.4041,1
81a39335-8020-4c1f-98b2-2c9ebb9a62f3,bb778b4a-ece2-4020-98e9-868dac23ca5f,2025-06-15,3654.62,grocery,0.17,COD,1,0,,metro,0,5,morning,0.43588893355319247,0.0993,0
d42d7dbe-4078-415d-a752-624601bf9ba9,5769c814-f6cf-44f8-a2b0-112dec912a9c,2025-08-14,7285.07,home,0.19,COD,1,0,,metro,0,2,evening,0.44367742457242815,0.0946,1
62c1c3a4-77e7-4c99-8e0d-db355a967256,96605643-5d7c-4608-a7b9-f8a186bcac96,2025-02-25,306.14,beauty,0.269,COD,0,1,0.226,tier3,0,7,evening,0.26428705277408854,0.2945,0
8375189e-7351-478b-a079-d04874cc2897,6e0b40ae-3355-4ebd-8391-a0db219b68ba,2025-02-27,3086.28,home,0.089,UPI,0,1,0.298,tier2,0,4,afternoon,0.278455179805805,0.0663,0
52f6c002-0e4b-400e-b467-f88c8463467e,e337d2a3-6032-4e1f-8ce4-a81121aa131e,2025-03-19,1026.54,electronics,0.246,card,0,10,0.388,metro,0,2,evening,0.2771725532528444,0.0235,0
3ea68ace-5b3c-4686-aed2-0e9e83d0c6b9,14e9a40c-48f4-4b52-8121-a603990cd08e,2025-07-03,390.93,fashion,0.048,card,0,1,0.713,tier3,1,2,morning,0.5997722687005431,0.4638,0
9036b2a3-b353-4426-9293-329a036907f9,31c1fad5-4cd1-4948-951c-4b6f05b9a3e3,2025-03-26,1343.76,fashion,0.127,card,0,2,0.059,metro,1,3,afternoon,0.1036578444265268,0.0852,0
a93573d6-92a6-4914-b9a5-40f0df885c99,84f798c4-c576-4100-9357-d92419324080,2025-01-15,749.6,fashion,0.255,netbanking,0,2,0.161,tier3,0,4,morning,0.032458508417533755,0.2187,0
e4c7cb51-feba-4d62-8187-3aba97edcea6,b732b9b1-5184-4f45-af4d-630b007d8b56,2025-01-02,742.16,fashion,0.256,UPI,0,5,0.411,tier3,1,5,night,0.3974441051585353,0.3651,1
7293aecb-5a3e-4e6c-b84f-ad9aee11b7d8,eeb31956-eff1-4d4c-88b9-4562dc040f82,2025-05-02,891.07,electronics,0.603,card,0,4,0.194,tier2,0,2,evening,0.3706024922013499,0.1357,0
fcbd2f5b-1866-47f0-b950-5df92357e31e,366eeefc-701f-415d-a6e8-0090ed33caa4,2025-07-31,2020.56,home,0.455,UPI,0,1,0.762,metro,0,3,night,0.668440832463893,0.247,0
d88b3f39-4fab-44c8-8ba5-f6e7facee146,f4f9557a-86f4-4bf5-ae07-480ff58c6f7a,2025-09-08,1572.03,fashion,0.384,card,0,1,0.0,metro,1,2,afternoon,0.04552205229964168,0.2552,1
8479b0ea-3635-4a3c-b01c-76369dc8a496,39f3723f-a6bf-4451-b25e-25894281a272,2025-06-19,250.0,beauty,0.585,COD,1,0,,metro,0,2,evening,0.45650740325159334,0.684,0
5943073e-dcb5-4193-85f8-9f7cb558a9e3,96605643-5d7c-4608-a7b9-f8a186bcac96,2025-04-08,4435.14,electronics,0.2,UPI,0,2,0.253,metro,0,3,morning,0.26428705277408854,0.0146,0
73f89181-11f1-4483-8548-e37dc3369854,3cee8f97-6a9f-48bd-9130-1eeb62534fd4,2025-07-22,719.31,fashion,0.35,COD,0,3,0.0,tier2,1,4,night,0.021433052089598018,0.5193,0
19324680-2462-4104-9c7a-f45cd52cc36d,896a9142-c32d-4e97-8656-8e4c80bb0c0e,2025-07-02,728.48,home,0.461,UPI,0,1,0.2,tier2,0,5,evening,0.09634270484326586,0.0438,0
8391e287-f4a3-493b-9c0b-7e3cd0048fed,d68bbbc3-6511-4b4d-b898-eb8a9a3435c0,2025-05-14,342.08,electronics,0.73,COD,0,2,0.104,metro,0,1,evening,0.0912579377429543,0.1223,0
56e8564f-e167-4966-8084-f2f2fd0fa609,38384398-7058-4fd7-b01b-cbda8d50a490,2025-05-31,3008.55,fashion,0.064,card,0,3,0.126,tier3,1,5,afternoon,0.12601617248198352,0.1229,0
d4565641-a682-442b-a496-e109738ce63f,be86c495-6c85-4ee9-9262-936331392692,2025-08-29,1247.22,beauty,0.201,card,1,0,,metro,1,3,morning,0.22367316697863052,0.4148,1
c821bf00-88d4-455c-be95-0ff633d3e769,19f89160-63b2-481c-a0e9-e6433dfc7007,2025-07-23,3986.84,beauty,0.238,UPI,1,0,,tier3,0,6,afternoon,0.46365026623247513,0.2005,0
dcd3039d-7876-4b51-ab77-f24599631292,661b6342-8159-4ab2-8a97-b733bb008aa6,2025-07-30,1566.86,beauty,0.45,UPI,0,1,0.297,metro,0,5,morning,0.07875622019451736,0.0584,0
7f693c30-5345-426c-96bd-73065a5e10e0,264713e0-0ea7-4880-9795-f6f977d4d71c,2025-01-08,2253.07,fashion,0.156,UPI,0,2,0.117,tier3,1,8,afternoon,0.1503348970823547,0.2767,1
01adf244-09a1-4035-9eb4-e31966523774,a5a68430-8473-418f-85df-a2a1d90bf65b,2025-05-13,1298.61,beauty,0.43,card,0,1,0.168,metro,0,4,afternoon,0.11388016972116154,0.0614,0
5683218c-579b-4d1b-8284-3849d19bd0ff,f60dd379-b761-4abe-a910-2e679a649299,2025-07-19,1699.03,fashion,0.244,UPI,0,2,0.683,tier2,1,1,evening,0.6231863021915255,0.4149,0
b5148aaf-8d7d-459d-b64a-1d316a55d358,04b89a3b-d082-4664-972e-b40c6268b46d,2025-01-27,347.98,home,0.545,UPI,0,1,0.2,tier3,0,3,evening,0.24939791763606534,0.1534,0
67d87a91-b28e-475b-a716-8c79640dd861,844e1cc6-38c0-44c1-8fb0-2171c4ac07a9,2025-01-23,719.26,fashion,0.084,COD,0,3,0.039,metro,1,2,morning,0.09221080951028436,0.1772,0
25c89893-73fe-43dd-a10b-d90ea9fe477b,551aee57-0df4-4a51-9afa-0babaf28b33a,2025-02-25,1601.07,electronics,0.22,UPI,0,5,0.246,tier2,0,1,morning,0.18168234468688693,0.0869,0
da781029-04c2-4eb4-98dd-c15e9264eba4,dc42ac0f-d6a1-4bec-98ba-0717ae7c132c,2025-08-03,822.57,fashion,0.372,UPI,1,0,,tier2,1,5,morning,0.342931829566947,0.2603,0
edaefd24-29f1-4598-aa54-ba92c6421b23,90d4ab83-9a96-4a21-9db9-c0621084e983,2025-10-22,698.54,fashion,0.233,UPI,0,5,0.304,tier3,1,6,morning,0.29832839962512075,0.2355,1
d08a1a54-e02d-439c-ab97-575bafacb35d,fd6cccad-5f4f-45ca-8142-59059b87515b,2025-08-28,250.0,home,0.251,COD,0,8,0.2,metro,0,5,evening,0.2595265118239566,0.2299,0
7b606100-3af2-46ac-9e24-0167bfebfa8c,b6da0c58-e09f-4c64-b488-90dde3c22bf1,2025-06-11,2204.22,fashion,0.264,UPI,0,3,0.0,tier3,0,7,afternoon,0.06852796151158619,0.4261,0
d353e0f4-54b2-4374-ad7f-7cfe81c94594,9624258c-4f43-4c23-8a52-ae3657722b57,2025-09-25,661.57,beauty,0.031,UPI,0,4,0.425,tier3,0,5,evening,0.4134664929263236,0.0376,0
0ab63777-a55d-485b-b13f-906ddba8f634,b1866946-8935-4ecd-acf7-242f08c22f6f,2025-10-22,587.14,beauty,0.28,UPI,0,4,0.51,tier2,0,4,morning,0.4237639813012678,0.1322,0
8ae3243b-0ea5-44fb-b561-8a9bd58fce1c,928114f7-f956-485a-b601-6b40b48c18d7,2025-09-20,250.0,fashion,0.177,netbanking,0,4,0.265,metro,1,3,evening,0.29038571770418864,0.0552,0
0fb680dd-becb-4fd0-bca1-3c646b4136e1,a08bc761-e2d2-46cc-952a-3d23d15d5fac,2025-04-28,752.97,grocery,0.363,UPI,0,2,0.331,tier3,0,3,night,0.30018529874356914,0.0491,1
d71ceb96-80a2-43b0-85bf-35f3d6e5322b,f56fe76c-592a-4ce2-9db6-13949e22d034,2025-05-05,2552.36,fashion,0.063,netbanking,0,1,0.632,tier3,1,2,afternoon,0.40428580651687857,0.1924,0
520fa8a2-f34b-47c1-84a7-03bf4848a337,9aa571df-aea2-47de-b06c-0ea67f546c81,2025-08-15,1543.32,fashion,0.381,UPI,0,4,0.227,tier2,1,4,afternoon,0.23081817084314912,0.248,1
13f340d8-3384-45e5-8d3b-bb1850e4cf3f,937f81a2-0c57-467d-869e-aaae2412816a,2025-02-16,2357.29,fashion,0.047,UPI,0,6,0.227,metro,0,2,night,0.2365731909103324,0.1296,0
6cf99258-4128-4aaf-abdf-15f7bbe431dd,9f7a7a1d-cad8-4495-8c90-eb451edceb7d,2025-06-02,10853.03,fashion,0.328,netbanking,1,0,,metro,1,5,afternoon,0.00915381002538853,0.184,0
881cdfe6-c6e4-4959-8ccf-a1b4cf479fe5,7d759875-359f-4a5f-aea8-c18e69ae68d2,2025-04-29,958.84,fashion,0.513,card,1,0,,tier2,1,3,night,0.2334842811017492,0.4786,1
1a2b1333-5598-474f-b469-0658a646c668,e03bd818-1f36-40f5-9e18-81e3e8725c7e,2025-05-28,757.95,electronics,0.221,card,1,0,,tier3,0,6,evening,0.22055559831700278,0.2591,1
2cf407f0-b34b-4d10-b285-5a0c53824818,0253556d-6afc-4561-bae7-49a51c98b9f7,2025-04-01,3774.2,electronics,0.364,card,0,1,0.159,metro,0,1,night,0.142405855423258,0.0329,0
25b6dae9-4ebd-4166-b25b-80e1ddb33fbd,dcc320e0-51d7-4f5a-b1cf-f774f3ea235f,2025-08-07,6447.31,beauty,0.447,netbanking,0,7,0.0,tier2,0,3,evening,0.08097222048102413,0.0211,0
d466f701-f069-4e85-8289-fdeb5f1e5014,4b641fb2-3437-4f0f-9c67-9222d63bef6e,2025-08-11,636.62,fashion,0.43,UPI,1,0,,tier2,1,6,afternoon,0.3016559281489719,0.5821,0
3c7ee369-fbee-4aef-b9af-dd30e62c2ce2,b23d847d-997a-4928-9b10-f50e4fa93ba9,2025-03-25,2688.09,electronics,0.429,UPI,0,4,0.179,tier3,0,4,afternoon,0.22452854262691951,0.0838,0
ea951df9-b2f2-4e63-8b05-66050bb7a217,efca07b7-801d-4f4d-8fd4-f9471ea25c75,2025-04-04,2599.48,fashion,0.362,card,0,5,0.378,tier3,1,7,morning,0.3870026797871902,0.8438,1
3d1aaafc-0734-49ba-a628-3f99a961f579,b3f33ef6-3953-4fa2-b5c0-493473e40312,2025-08-09,488.62,home,0.34,COD,0,5,0.165,tier2,0,2,morning,0.24874291058771908,0.3735,0
de24403a-1ecb-4a46-aa8e-f5427c3b4f30,d9f7677b-982b-4d8f-a00d-0d3197829e14,2025-01-25,1332.92,beauty,0.248,card,1,0,,metro,0,3,afternoon,0.24671647255501258,0.2213,0
30e8362e-5996-4675-aba5-75f37227fa69,bd1084dd-629c-4150-a764-2ccea032f578,2025-03-07,919.96,beauty,0.127,UPI,0,5,0.363,tier3,1,5,afternoon,0.21989011196511407,0.0703,0
0b0ef38e-360c-4dc3-a393-32233c9fb68f,8779fb27-f743-4810-ab5b-061f3407a98f,2025-03-11,2643.44,electronics,0.202,UPI,0,3,0.224,metro,0,3,afternoon,0.18284841178251302,0.035,0
f0968e04-a026-44f6-b42e-28731383e1f1,e214ab93-bb11-4ddf-84f4-87f79b34191a,2025-03-24,779.68,fashion,0.391,COD,0,1,0.358,tier3,1,3,evening,0.3666490656306323,0.8047,1
7996cbc2-6683-451d-b5c4-4dc9434e5260,eeb022c8-a2ac-4114-9522-f1b2a2628f64,2025-10-18,701.95,home,0.209,UPI,1,0,,metro,0,5,morning,0.022786443806481167,0.1625,0
fe33f283-234f-4499-9209-c154f4549012,b5214a86-0454-4ac2-900e-2783858d45dd,2025-01-26,880.88,grocery,0.223,card,0,1,0.211,metro,0,3,evening,0.31538639948094277,0.0482,0
f90de8f4-32bf-4d02-bee2-49306ccc5b01,4c3650cb-e088-4c11-a624-1102a42ebe08,2025-05-12,2133.52,fashion,0.408,card,0,4,0.014,metro,1,2,afternoon,0.03297163095944513,0.195,0
f3e7704c-3b57-4e03-9456-8c8d3a4236f2,3f175ef7-cb46-404c-ae55-2d22b3544172,2025-07-05,4135.39,beauty,0.432,COD,0,12,0.021,metro,0,2,night,0.048627470043128354,0.2063,0
6f740f62-5a5b-4de1-ac8e-63b328509b81,eb671c1e-81f6-496c-b68d-49ea47acde37,2025-06-28,450.57,electronics,0.293,UPI,0,4,0.0,metro,0,6,afternoon,0.18608348760507418,0.0189,0
c7a22e2e-096c-4fe4-825a-28b543ea6674,551aee57-0df4-4a51-9afa-0babaf28b33a,2025-04-23,350.1,beauty,0.45,COD,0,6,0.111,metro,0,3,evening,0.18168234468688693,0.4531,1
4a9dd532-2af6-4f50-a91c-6e9e0869f713,ed599b6e-2d8f-4189-929f-bf2dbd05f32d,2025-01-14,937.92,grocery,0.118,card,0,1,0.472,tier3,0,5,evening,0.46015210405281526,0.0713,0
1de0c189-7b3c-47af-9b6e-865930d4754e,1d2a539f-b9f5-447b-9a0b-ead55732dce3,2025-07-24,360.05,beauty,0.192,COD,1,0,,tier3,1,6,evening,0.5885383197450833,0.8521,1
e3af810b-c2ff-40e7-88fd-1c35a47d496f,c098bafa-20a7-4c6c-9fce-d433c8e83be7,2025-05-30,1136.59,fashion,0.066,netbanking,0,7,0.248,tier2,1,1,afternoon,0.27580452681496,0.1858,0
ee89188d-9022-45fe-b473-82b1f3fb90a2,676c4a16-07aa-45fa-8ad1-17b29a2b6de4,2025-03-14,2605.65,electronics,0.022,UPI,0,1,0.301,tier3,0,5,evening,0.2901295476709541,0.0542,0
ce69b1ca-1706-4432-9842-ea553dbffa0f,3f175ef7-cb46-404c-ae55-2d22b3544172,2025-02-18,634.92,grocery,0.248,COD,0,13,0.0,tier2,0,2,evening,0.048627470043128354,0.0954,0
fae85659-9f13-4858-be2b-6285a5a63327,023b9e7c-1296-4744-8d72-4287487c387a,2025-03-15,3506.55,electronics,0.175,COD,0,4,0.274,tier2,0,6,morning,0.3858310964520147,0.1264,0
1b58b905-a08d-4e2f-acd7-7a1a1ea8926f,f91b87e4-35a7-481d-96ba-a679feba54f3,2025-06-28,989.64,home,0.043,UPI,0,4,0.102,tier3,0,5,afternoon,0.05881659853496958,0.0307,0
9876c1f9-106b-43e9-a5fa-62da65085dfc,3f888151-69ed-4006-b5f2-68afced6201b,2025-06-29,873.15,electronics,0.239,UPI,0,12,0.119,metro,0,2,afternoon,0.10820090543681238,0.0194,0
c5f6e986-0bb2-42c8-a251-eed3e0b653b0,f03be7b6-589c-4dfc-a5f8-c0f89d4406ff,2025-02-10,732.39,electronics,0.163,card,0,1,0.007,tier2,0,2,afternoon,0.06565876288364696,0.0318,0
16333855-8ddb-4600-b906-4658e452db37,3bf94f31-a69a-4672-af18-93b6ddcad665,2025-05-19,304.35,fashion,0.531,COD,0,1,0.749,tier3,1,7,evening,0.6823689291324807,0.7925,1
5bb0f1b8-2623-4625-812e-5f806b82ae0b,efca07b7-801d-4f4d-8fd4-f9471ea25c75,2025-06-03,1937.59,fashion,0.611,UPI,0,6,0.478,metro,1,3,evening,0.3870026797871902,0.2737,0
da1db95c-77ad-46e7-808a-c515b6607410,47cb53b5-07a8-4133-916b-09b281c51f88,2025-09-05,6249.04,grocery,0.495,netbanking,1,0,,tier2,0,4,night,0.35614412579298554,0.127,0
ff0dd858-d62b-4245-b530-d5d83348cd71,7abb60f8-6a15-44b0-8a8a-33cf510670a6,2025-06-04,3913.91,home,0.404,card,0,4,0.0,tier3,0,7,night,0.03542903995029727,0.1632,1
53a82909-b79a-467f-af54-1601160fa764,d95f3748-692e-4e76-a57e-8be24ad5336d,2025-02-04,494.22,beauty,0.171,COD,1,0,,tier3,0,3,evening,0.12605441282590366,0.3883,0
01134946-f228-482b-ab9c-73b08d17cba2,5177ad25-f39b-42aa-9106-28c069721b05,2025-08-19,505.87,fashion,0.45,COD,1,0,,metro,1,2,afternoon,0.09342709211833844,0.8485,1
7700484a-1291-44b2-b29c-2f987f7d4732,3f888151-69ed-4006-b5f2-68afced6201b,2025-06-28,4569.52,home,0.076,COD,0,13,0.06,metro,0,4,evening,0.10820090543681238,0.0524,0
f7e08f02-b7da-4d73-a369-5dd79e131bca,03155ba3-cd3a-4a32-9885-eaa1d5a0f4a0,2025-05-26,5158.68,fashion,0.166,UPI,0,6,0.416,metro,1,6,afternoon,0.4955830568370258,0.1445,0
d46b9a69-5efb-40a5-8b1a-69d7ce032af0,e0c7f018-d138-4b2a-8686-c7bc5a512a86,2025-10-10,2047.45,electronics,0.082,card,0,3,0.539,metro,0,9,morning,0.32765833124561905,0.0732,0
fbc8ecfd-105e-46c9-8695-5cb6db7b2ac9,dcc320e0-51d7-4f5a-b1cf-f774f3ea235f,2025-06-08,5877.84,home,0.093,COD,0,8,0.102,tier2,0,3,afternoon,0.08097222048102413,0.0409,1
d29c3cff-3f88-473c-801e-9d9ec139a550,cd41d912-6dd3-48f5-8321-ab579b72c57a,2025-01-28,250.0,fashion,0.705,COD,0,5,0.131,metro,1,5,evening,0.1561219227039281,0.5533,1
463907ee-da6b-455c-9d72-2b330b30c21c,33167d9d-5419-43f1-a9d8-4e511557a953,2025-05-03,999.77,beauty,0.255,netbanking,1,0,,tier2,0,3,evening,0.12241533806316059,0.3399,0
3f84aae2-1b58-46bc-9db8-9cbf16647760,50c93afd-1b89-4f33-8ccb-21eeea3f4048,2025-03-16,1667.41,electronics,0.106,COD,0,2,0.209,tier2,0,1,afternoon,0.23305342178158567,0.126,1
0cb97758-77a6-45fb-b545-169fbd8699a4,ec513aca-b3ea-457e-b9fd-46a0fbbd0108,2025-03-23,1152.09,electronics,0.54,UPI,0,6,0.189,tier2,0,4,evening,0.19762424986659227,0.1004,0
a703b598-f15b-41bf-b429-ccfa0a3bc594,b00f6545-37cc-4956-8a5e-440eb0d5d628,2025-07-13,1099.8,electronics,0.145,COD,1,0,,tier3,0,4,evening,0.37339241588022004,0.2905,0
37123c57-1825-4a57-8121-c3d87a116c88,b6da0c58-e09f-4c64-b488-90dde3c22bf1,2025-07-09,2725.92,electronics,0.264,COD,0,4,0.188,tier2,0,3,afternoon,0.06852796151158619,0.0902,0
dc384b98-5c77-4974-a094-8466a497dcbd,fd4d4b01-2257-4c27-94af-516d87f608f4,2025-09-21,729.54,fashion,0.176,UPI,1,0,,tier2,1,2,night,0.3456855814787548,0.428,0
8874dbaf-49ca-4257-8bc8-340ace36d4cc,66ae49f0-46d4-4030-87d4-59cee04caa99,2025-05-28,1948.97,electronics,0.649,UPI,0,1,0.034,tier3,0,5,afternoon,0.07704457522442643,0.1256,0
f5a74a3f-8e8d-4f8c-872a-93e0ad501cd6,c74291cc-50dd-48a2-918a-2263305eb957,2025-10-18,5860.8,fashion,0.266,UPI,0,7,0.386,tier2,1,2,afternoon,0.2897378778415542,0.1803,0
969bd95b-a838-4461-8edb-5f9caca39acc,b35327f3-9a21-435b-a376-d3e29a326d89,2025-05-06,3077.73,beauty,0.569,COD,0,2,0.399,tier2,0,4,afternoon,0.3174880999559512,0.4109,1
3dc3d202-2ae1-4790-bce8-b730a1c7679b,86f28512-bb98-42b7-adcf-e974ff460b6d,2025-09-20,250.0,beauty,0.091,COD,1,0,,metro,0,1,evening,0.399926813908544,0.1553,0
b300d6f7-73b3-4c75-b647-119d7fcf5c66,e7003096-072a-48a6-8f1e-8ff340a5abf6,2025-03-17,2975.3,fashion,0.679,card,0,2,0.297,metro,1,6,afternoon,0.2568909066288726,0.2356,0
81590af3-ec27-4f02-ba12-f65387065415,e74e41e1-1b1e-4e1a-9aad-d93cdf8b9285,2025-05-16,1084.72,beauty,0.488,UPI,1,0,,tier3,0,3,evening,0.1691547031182212,0.2302,0
a88c3459-12fc-473e-945d-3eee4860816a,98f128ba-5f7a-45ba-b9fd-4d3978030042,2025-07-18,1989.29,fashion,0.069,COD,1,0,,metro,1,5,afternoon,0.11390723161822383,0.5755,1
431b54de-429a-49f0-9a6f-a94bcf81bb91,1d2a539f-b9f5-447b-9a0b-ead55732dce3,2025-09-11,1771.11,home,0.047,UPI,0,1,0.568,tier2,0,1,evening,0.5885383197450833,0.1003,0
ac348da1-0f7f-43c6-b34d-8e5ed69f7bb4,07a92d2c-8c2e-4fb1-85f3-8f78e6c7b100,2025-07-19,979.54,electronics,0.09,COD,0,1,0.461,metro,0,1,evening,0.4069919336009818,0.189,0
f556ac7d-2bcb-480a-b444-5e2ef4df8e8b,61e68552-c2ac-46ab-b349-d5252a071eca,2025-01-14,1141.79,grocery,0.341,UPI,0,8,0.23,tier3,0,5,morning,0.1913603605753747,0.0344,0
b08dd6f0-b4d8-458c-a39c-37ae792ca847,1d2a539f-b9f5-447b-9a0b-ead55732dce3,2025-06-07,890.89,beauty,0.512,COD,0,2,0.715,metro,1,1,afternoon,0.5885383197450833,0.6484,0
cf685363-794a-4b13-a0cd-e2961ec39c8e,deee1f9c-422d-4574-b2fe-139168146240,2025-04-08,2568.11,grocery,0.198,COD,1,0,,tier2,0,1,morning,0.40238115717858614,0.3533,0
d4f67b3f-c73f-45f2-b5e2-4d4461b7bfd7,6a519818-5d7a-4c29-8335-36ddcbeecc4b,2025-09-27,1292.01,fashion,0.406,COD,1,0,,metro,1,3,morning,0.5811731376045629,0.7327,1
cc3fce2d-fdfd-430e-b3cb-54328ced5d88,f7243914-f259-4b3f-b4da-cc523ff04815,2025-01-06,1057.21,fashion,0.525,UPI,0,7,0.157,metro,1,1,morning,0.2798863894924076,0.1044,0
c707bb46-efb7-48b5-8c84-7ed96653d200,c3af2d94-1ccd-47fb-9bb3-fcff3a18dea0,2025-04-20,5444.27,grocery,0.335,COD,1,0,,tier2,0,3,night,0.22105476487542694,0.1607,0
53c53bc1-6dee-40d6-ad76-c9352d464722,cd41d912-6dd3-48f5-8321-ab579b72c57a,2025-05-23,2159.35,grocery,0.083,COD,0,6,0.088,metro,0,2,afternoon,0.1561219227039281,0.0733,0
95a49086-149c-4a52-b3b2-f352926a75fd,6691be4b-2f05-471e-880b-641b361f736f,2025-06-24,1941.82,fashion,0.634,UPI,0,8,0.156,metro,0,7,evening,0.2916477929418046,0.3361,0
e87a0351-3841-4677-a454-3c8f7cdb8c13,dcc320e0-51d7-4f5a-b1cf-f774f3ea235f,2025-09-19,2140.45,grocery,0.312,UPI,0,9,0.038,metro,0,2,afternoon,0.08097222048102413,0.0143,0
97b51fd4-8592-46ae-9494-ff75f25aa444,ade38847-ed43-40bb-86a7-c04000915ee5,2025-10-18,1050.2,beauty,0.535,card,0,6,0.067,tier2,0,4,evening,0.14720873128711998,0.095,0
286de304-4177-4258-b808-6d56448a12a6,041e6bc9-db72-4f93-9250-95c5729fd5f6,2025-05-09,3083.28,fashion,0.243,card,0,4,0.209,metro,1,3,morning,0.24989906497225137,0.2076,0
b2e45791-7ecd-45c4-b4e7-1ec14bc82e47,90a7c98b-0565-4330-a335-ddad08538e49,2025-02-20,2266.77,fashion,0.187,UPI,0,3,0.197,tier2,1,2,afternoon,0.16802115856295066,0.1761,0
963a0cec-5a3f-4155-bc63-1323420be977,3552117e-c648-4961-9bf4-6f04c6aa1823,2025-06-19,412.58,beauty,0.314,UPI,0,1,0.54,tier2,0,5,morning,0.6433649856347546,0.23,1
16ae2d76-9e35-45f3-9ae0-e9bb0e67b073,1e8c36c2-6ec2-42d0-bed2-1a1c361dd692,2025-06-27,3476.65,fashion,0.383,COD,0,2,0.17,metro,0,2,morning,0.32830159764792616,0.1742,0
0382741f-c80b-4d43-9ef2-f7f1c4891be9,9cfbe601-0322-4c7f-a8fc-089374a870d3,2025-03-04,3420.18,home,0.08,COD,0,5,0.164,tier2,0,7,afternoon,0.2677657562695904,0.1587,0
078f1ce0-e962-44e1-9500-e6eff0e24a4c,041cf125-f1c4-4f04-95ec-a4fd5838d35a,2025-08-17,3399.44,home,0.329,UPI,1,0,,tier2,0,4,afternoon,0.3408921063238981,0.1081,0
e33697f1-7346-456c-9841-9b7db087bad4,1c72fd9b-a412-4c8d-8074-a48984ddf5a0,2025-06-29,4188.65,fashion,0.253,COD,0,1,0.181,metro,1,3,morning,0.11496764830095485,0.2547,1
48338223-61cc-46de-8348-cc88b9b9761b,b66a45c1-7406-4950-a677-2ee579e724f2,2025-02-10,1613.41,fashion,0.305,UPI,0,1,0.43,metro,0,4,night,0.33946126851350195,0.0774,0
cfe926a1-0b38-4e96-afdf-4ac6f45df37c,0b3125cc-29c6-4f20-b1ef-8890454bd85d,2025-09-15,1981.69,home,0.341,UPI,0,4,0.536,tier2,0,6,afternoon,0.45454338905514596,0.0987,0
b5f7f7ed-53b5-4cd2-880a-f095f61959f2,0b3125cc-29c6-4f20-b1ef-8890454bd85d,2025-07-05,1754.59,beauty,0.537,UPI,0,5,0.412,tier2,0,4,morning,0.45454338905514596,0.0788,0
164ee635-5dad-4dd3-af91-480b105d62a4,a08bc761-e2d2-46cc-952a-3d23d15d5fac,2025-01-02,3570.47,grocery,0.647,COD,0,3,0.219,tier2,0,1,evening,0.30018529874356914,0.0501,0
c69421a6-720f-40d6-a44c-bdbf5485cb08,e0be4c42-c5d2-46e6-98a3-f57143c81929,2025-04-27,1144.44,grocery,0.496,UPI,0,3,0.27,metro,0,1,evening,0.23228588338828865,0.0232,0
d0ac294c-41bd-49eb-a808-a2b80e525c7e,e681d0bc-7b6a-4813-b507-16b033d8251d,2025-01-27,1377.78,grocery,0.183,COD,1,0,,tier3,0,4,evening,0.2063369651501635,0.2387,0
7848fa82-a665-4180-ba8b-71eb4b0d23b4,b3f33ef6-3953-4fa2-b5c0-493473e40312,2025-09-13,952.29,home,0.024,card,0,6,0.333,metro,0,5,afternoon,0.24874291058771908,0.0539,0
61c950c0-68f4-45e5-adb8-75bbf0e43589,7d759875-359f-4a5f-aea8-c18e69ae68d2,2025-06-09,1490.57,fashion,0.148,UPI,0,1,0.255,metro,0,2,afternoon,0.2334842811017492,0.1332,0
e55af6b2-c79d-4f8f-967c-9d738e7cab7b,eeb31956-eff1-4d4c-88b9-4562dc040f82,2025-08-31,250.0,grocery,0.207,UPI,0,5,0.297,tier2,0,1,evening,0.3706024922013499,0.0284,0
9b4c846b-f0b5-4d13-a96c-5c3adb5efc33,ef114af5-d327-4f43-b130-12fc88eb3ef9,2025-01-03,857.73,beauty,0.139,UPI,1,0,,tier2,0,2,morning,0.19519031892731586,0.074,0
7026e3aa-1fd7-44e7-9f2c-dbd2600952b1,37407cb6-5b5f-4c6d-8d6f-fd7473362bdb,2025-02-16,2825.82,home,0.427,UPI,0,1,0.231,tier2,0,8,evening,0.24074547305735522,0.1204,0
385bcd1f-55ef-4685-ab3a-32c39722504d,e0be4c42-c5d2-46e6-98a3-f57143c81929,2025-01-14,1876.69,fashion,0.36,netbanking,0,4,0.276,tier2,1,2,afternoon,0.23228588338828865,0.2431,0
d5a3789d-7134-49ee-aabf-f1d512c2481b,078f9f9a-5da9-4764-b5e3-00ee1774a365,2025-03-06,4096.58,beauty,0.301,COD,1,0,,metro,0,2,afternoon,0.5866676553486984,0.3093,0
171c4d9f-ae57-4288-b707-2cda18743358,b2260d18-fffa-4383-9ce1-cdafe986cab2,2025-07-16,988.37,beauty,0.286,COD,0,11,0.463,metro,0,6,evening,0.4468118022423648,0.2097,0
38650bc0-830d-451a-82af-a74a965ec392,80cef85a-5938-4801-9fa5-9b6c0de0cc08,2025-03-06,4251.02,fashion,0.242,COD,0,7,0.189,tier3,1,5,morning,0.2042925306906814,0.3226,0
13736645-b3de-4d43-a67d-cf90bf6e482a,ad87b3e3-8b3e-438e-8994-51127b85c296,2025-04-06,2178.47,beauty,0.131,COD,0,5,0.006,tier2,0,1,evening,0.06067469417646223,0.1662,0
c791f8bf-186a-4fad-aea2-6458c0fe2153,b29488eb-e21a-484b-b828-80a3ac2ea4cb,2025-03-13,445.16,electronics,0.148,card,1,0,,tier3,0,6,morning,0.1494736716851247,0.0921,0
5145801a-1f81-425f-88b9-443044b97c8c,3f175ef7-cb46-404c-ae55-2d22b3544172,2025-04-03,5494.54,electronics,0.3,COD,0,14,0.115,tier3,0,7,evening,0.048627470043128354,0.04,0
5f7c25fe-5db2-4192-92bf-cd6cdc8b40f2,20c3bc53-c556-453e-87c4-1db6d047a4fe,2025-03-09,1025.14,fashion,0.252,UPI,1,0,,tier2,1,1,night,0.1036324280316437,0.4251,0
a8adf971-7764-4e04-9466-20275fae60c6,93d11106-41d0-4c5d-ac79-1d9d6f90bcbf,2025-07-07,926.37,electronics,0.651,UPI,0,4,0.088,tier2,0,3,evening,0.052918216172000036,0.0533,0
f465ed4a-5e92-49f4-b1ae-77351658dbe4,a8c6166f-038a-4ae7-b54d-f52288d81a93,2025-01-06,491.93,home,0.135,COD,0,2,0.103,metro,0,6,afternoon,0.130383422505818,0.2223,0
0a7da7b9-f596-47ed-8ea6-48b3869987ee,5a4e456a-7177-438a-a82d-59e0133f3eb9,2025-02-28,1707.2,fashion,0.389,UPI,0,10,0.339,tier2,1,1,afternoon,0.23069756686430742,0.2374,0
ec09613f-f0c9-4e80-9351-e41cc69671af,e681d0bc-7b6a-4813-b507-16b033d8251d,2025-08-09,493.19,electronics,0.227,card,0,1,0.16,metro,0,3,night,0.2063369651501635,0.023,0
978ec708-f7b2-4d13-9140-96a68050f6da,75eeaa53-7844-43df-bc21-e13cd628ffb7,2025-09-19,250.0,fashion,0.229,UPI,0,2,0.137,tier2,1,2,night,0.20763912883986363,0.2275,0
83b0725c-31b1-4797-8e05-ede78c515934,55d5bc4c-7c8a-442f-b65c-64ab85db7d38,2025-01-28,514.46,grocery,0.38,UPI,0,2,0.331,tier2,0,5,evening,0.32801543383093573,0.048,0
bd4ef19d-522d-4d4d-babb-823ab0673a04,fd446eac-86af-48be-bbee-f95080c59e82,2025-04-14,506.81,home,0.379,UPI,0,1,0.225,metro,0,6,afternoon,0.4143300984213656,0.111,0
2b75c1d7-c4b3-47f7-8312-3c784a56df2b,957f8462-6bb6-488c-8360-f0a6cde9bfec,2025-04-13,250.0,home,0.174,COD,0,4,0.136,tier2,0,3,afternoon,0.20154150931374812,0.0944,0
4f826199-bbb9-409c-b07a-b2a8ecd9489f,8779fb27-f743-4810-ab5b-061f3407a98f,2025-05-05,467.23,beauty,0.465,UPI,0,4,0.076,tier3,0,6,afternoon,0.18284841178251302,0.2922,0
10ab7731-3806-4cd1-9720-a6e7ecb3eb0f,51c62a9a-f387-47be-9870-79041d5914ef,2025-10-04,2070.42,electronics,0.09,COD,0,1,0.0,tier2,0,2,morning,0.10839420542924075,0.0512,0
5b2ce2d4-c9ad-4116-a6bb-780b64b068b8,82b5cfde-f550-4737-af56-7ae9f8488101,2025-10-25,250.0,fashion,0.647,COD,0,3,0.424,metro,1,5,afternoon,0.3753463445849248,0.8405,1
8702087c-4e97-41e2-97f1-1170dd9a79b4,530bbe2d-ad3a-48f9-bc50-6461db39ef79,2025-05-01,2818.02,fashion,0.467,netbanking,0,6,0.465,metro,0,5,night,0.5144941083307562,0.068,0
6463a7e6-854c-4ed3-b46a-487565f4e002,dcc320e0-51d7-4f5a-b1cf-f774f3ea235f,2025-10-21,6008.81,home,0.185,card,0,10,0.022,tier3,0,5,morning,0.08097222048102413,0.0453,0
2af007da-27c5-442d-b51d-a03903fb949e,cdfac639-c4a1-4655-be5a-2d787e76f71c,2025-01-28,1475.29,home,0.631,COD,0,7,0.114,tier3,0,4,evening,0.18576378008237582,0.3752,1
70df821d-6224-4687-b121-8ba7f57b3fd0,cd41d912-6dd3-48f5-8321-ab579b72c57a,2025-07-28,250.0,grocery,0.399,UPI,0,7,0.137,tier2,0,2,afternoon,0.1561219227039281,0.032,0
8a4f26a6-2728-475b-ae1a-fa91e62e1d5d,1931d335-c374-41e8-96aa-608fefe5afbe,2025-03-23,1534.42,fashion,0.165,card,1,0,,tier3,1,7,afternoon,0.2427300898226067,0.259,0
bf47f1f9-9ddd-4983-a0de-681d2211fa0d,264713e0-0ea7-4880-9795-f6f977d4d71c,2025-09-04,3811.13,home,0.541,COD,0,3,0.274,tier2,0,1,morning,0.1503348970823547,0.2142,0
ea1a2e64-5a65-4d12-ab55-5dc624b880f7,4c19ca15-e9d8-445e-9a4a-ef49bd34d343,2025-08-08,1346.41,electronics,0.569,UPI,0,7,0.275,metro,0,2,afternoon,0.24706696213115537,0.0273,0
584cb7cb-1e56-44c2-bb19-47499862b306,6741beec-5e04-4bdd-9202-60c1031010f8,2025-07-29,1931.91,fashion,0.176,COD,0,2,0.188,metro,0,3,morning,0.20115272590154482,0.1585,0
f6b73e5c-8af9-4c0c-bbeb-56744bca0895,023b9e7c-1296-4744-8d72-4287487c387a,2025-05-29,8016.48,fashion,0.252,COD,0,5,0.487,metro,1,4,afternoon,0.3858310964520147,0.3726,0
cf95598f-e94d-43a5-aa57-930428145bcc,5644e802-a267-4eeb-bd8e-cdf3be61d5d6,2025-01-22,863.81,fashion,0.101,COD,0,1,0.494,tier3,1,5,evening,0.3923137330147234,0.526,0
38fabbbd-1841-4db2-82a1-b72dce9d641d,646d5ad3-e9bd-4fdd-a320-1a714936ad70,2025-04-27,1233.4,grocery,0.575,card,1,0,,metro,0,7,night,0.08541324673316718,0.112,0
1c390e13-2fd5-4abb-ad60-d90191b4d117,21929a7c-df34-4e43-ac5e-3ecf09093300,2025-09-20,326.42,electronics,0.172,card,0,1,0.252,tier2,0,6,evening,0.14992661347758604,0.1446,0
1c7bcabf-09ff-45e7-a3d1-0411140d5a71,f4f9557a-86f4-4bf5-ae07-480ff58c6f7a,2025-09-16,1233.52,grocery,0.486,UPI,0,2,0.0,tier2,0,5,morning,0.04552205229964168,0.033,0
ce289460-7803-4183-8edd-df41734df1b5,44966f4a-9060-4681-b0c5-38aabff795b2,2025-06-08,1612.46,grocery,0.293,COD,0,2,0.247,tier2,0,5,evening,0.17602227586818103,0.2066,0
a4d8198b-1d8a-4b9e-9485-f80569e0385b,3f175ef7-cb46-404c-ae55-2d22b3544172,2025-02-10,1458.73,electronics,0.329,UPI,0,15,0.023,tier2,0,2,evening,0.048627470043128354,0.0342,0
e76ecc21-2838-491a-afea-23241815ae6b,c328bdf6-8469-4dd7-94aa-166a5d515d1f,2025-05-17,1171.29,home,0.511,UPI,0,1,0.101,metro,0,2,evening,0.152939181594962,0.1295,1
d445dd37-defe-40a1-8e18-3ac3cdbc51cd,30ed7aa6-3495-4b99-970b-27c038e98f99,2025-09-19,984.95,fashion,0.25,UPI,0,5,0.201,tier2,1,1,night,0.30707185083804733,0.2072,0
2e2eaa06-5037-46c0-9698-485b80301d69,21644b40-c53f-493e-af3f-29e3483e3d9b,2025-02-20,570.18,fashion,0.426,COD,0,6,0.206,metro,1,1,night,0.22287364608691065,0.5497,1
5b40c941-2e8c-4b1b-951b-02c9634b0067,ca387ff8-0675-453b-aac2-60dc063177d4,2025-02-17,2957.01,electronics,0.228,UPI,0,2,0.253,metro,0,4,afternoon,0.2560233812776348,0.021,0
24415e18-1f43-4795-b5ef-a287a6a4003c,1e8c36c2-6ec2-42d0-bed2-1a1c361dd692,2025-10-11,2343.99,home,0.22,COD,0,3,0.201,tier2,0,5,evening,0.32830159764792616,0.1752,0
a279d916-1b1a-4a94-aceb-c63748cbea10,1f06f63a-b4b1-4b03-bfcd-0334b93f8852,2025-06-10,6913.27,home,0.165,UPI,0,1,0.015,metro,0,6,morning,0.07981520295766234,0.025,0
45161b03-68bd-4b89-ba50-b85f4d39a9e7,02a9477e-48f9-41c5-b992-a167ea1cd57a,2025-02-19,1576.47,electronics,0.285,UPI,0,2,0.365,tier2,0,1,morning,0.26357426902472036,0.0684,0
eb0c911b-b8fa-4048-9982-140368f1dfe2,b8abe774-81d5-449a-9754-fa5062eca7dc,2025-04-28,1228.32,fashion,0.149,UPI,1,0,,tier2,1,1,night,0.4606189281415165,0.1869,0
25900160-d3d3-48b9-8559-2155672d81e0,9624258c-4f43-4c23-8a52-ae3657722b57,2025-10-06,1297.44,home,0.29,UPI,0,5,0.501,metro,0,2,morning,0.4134664929263236,0.1589,0
d3719241-df72-4c0b-ab6b-00baae4ba025,693e7dd3-5142-469e-9cb3-7ddfc54d5ccb,2025-02-15,2668.4,electronics,0.093,UPI,1,0,,metro,0,8,evening,0.06840185073953457,0.0947,1
8395ea19-3c3a-47d3-af48-32b0bfc7bb38,afbedcf2-f5d0-441d-8f1d-dff0523a9d8e,2025-06-30,294.64,electronics,0.376,COD,0,5,0.127,metro,0,5,afternoon,0.08979930230446,0.1735,0
250484d2-fcc2-4eaa-8823-14e9ac84f184,078f9f9a-5da9-4764-b5e3-00ee1774a365,2025-06-08,1904.06,beauty,0.196,netbanking,0,1,0.697,tier3,0,3,evening,0.5866676553486984,0.333,0
709cb1c8-279a-43ae-a107-b9749e1f90d9,39f3723f-a6bf-4451-b25e-25894281a272,2025-04-09,3624.73,grocery,0.581,COD,0,1,0.432,metro,0,3,afternoon,0.45650740325159334,0.1169,0
d6840e5f-ee95-4f67-bd7c-3a8e40a07f7f,c9a2f2fb-0ace-4882-aca1-646daabd86d4,2025-09-28,250.0,fashion,0.291,UPI,1,0,,tier3,0,6,afternoon,0.14186857706837255,0.5056,1
4fa5248d-4563-40a6-be61-9e2b2bca8ceb,6c751e7f-201c-457e-9d70-b239e0463208,2025-06-22,250.0,electronics,0.288,COD,1,0,,metro,0,2,evening,0.3355449419523954,0.418,1
d61bfa03-542e-431e-83e3-e4ecdf5acfa8,bb979d3d-d61a-4c89-bbda-657156be921e,2025-04-29,5473.39,home,0.39,UPI,0,3,0.411,tier2,0,3,evening,0.3797344893685818,0.0557,0
81791bfe-91ae-4410-afa2-1b3b1d72340d,f7620ff0-2d52-4476-8dbe-6126a23c6314,2025-01-09,427.97,fashion,0.162,COD,0,1,0.0,metro,1,4,night,0.13931901060737575,0.3173,1
f62a66be-ec0d-4315-8dee-f3c776cde30f,bdf5e5de-7033-4345-ac37-819738c0e957,2025-06-07,1226.16,electronics,0.675,COD,0,10,0.198,tier2,0,3,night,0.2211439005048725,0.1763,0
eae24a22-1cc0-4023-b216-6e69a69719c3,ae9132eb-6eff-473e-998e-0c039ce43cc7,2025-01-12,899.81,electronics,0.399,UPI,0,4,0.054,tier3,0,3,afternoon,0.19434600150643108,0.0165,0
a6d3fde1-02a0-470b-884b-02129c911274,2e69e260-0ee4-43cf-9c88-a409981081c6,2025-02-03,2403.52,electronics,0.305,COD,0,6,0.445,tier3,0,3,afternoon,0.41585134920398,0.1489,0
d369acba-3da0-40ec-af44-58753d3d6d18,f87f5cec-4cc7-4356-8a1b-5e82f142a0e0,2025-08-20,1439.74,electronics,0.136,COD,0,6,0.237,metro,0,1,afternoon,0.2242312963277271,0.0454,0
7eb59d21-fb70-4380-bfe8-95a154e2bd34,48242df6-6544-46ca-8243-b23028d6d805,2025-09-20,1399.32,home,0.171,COD,0,6,0.111,metro,0,2,afternoon,0.1548544510371693,0.0498,0
25bca652-e866-4503-baa2-1e3546b9e711,f798ef7e-e2a3-4c54-b902-894eaf540d62,2025-09-15,586.54,grocery,0.402,UPI,0,7,0.17,tier2,0,5,morning,0.21199326223067969,0.0259,0
bbc10190-f3f4-4698-9eaa-4dfe33d80cea,115b599a-217b-402c-bf2e-d673a28b8b6a,2025-05-05,261.93,beauty,0.259,card,0,3,0.281,metro,1,6,evening,0.22490754943212576,0.5143,0
e4f6db51-f9bc-4260-8fad-172a4424d55b,e0c7f018-d138-4b2a-8686-c7bc5a512a86,2025-05-03,1251.09,beauty,0.252,UPI,0,4,0.424,tier3,1,6,night,0.32765833124561905,0.1701,1
cd548eef-cd1c-4b2b-b77b-115555c22ad7,cdfac639-c4a1-4655-be5a-2d787e76f71c,2025-10-08,1765.52,electronics,0.474,COD,0,8,0.31,tier2,0,3,evening,0.18576378008237582,0.2543,1
34930397-77d1-4b20-85a5-961b28c8dd67,c098bafa-20a7-4c6c-9fce-d433c8e83be7,2025-05-27,1428.96,electronics,0.267,UPI,0,8,0.296,metro,0,3,afternoon,0.27580452681496,0.0162,0
712fe0cf-86ec-4695-8274-96526b0ac568,b35327f3-9a21-435b-a376-d3e29a326d89,2025-05-14,2909.09,electronics,0.379,UPI,0,3,0.234,tier2,0,3,night,0.3174880999559512,0.0641,0
7ceec127-70ae-479b-b775-c0f5afbb24f1,cd41d912-6dd3-48f5-8321-ab579b72c57a,2025-06-04,365.06,beauty,0.309,card,0,8,0.133,metro,0,5,evening,0.1561219227039281,0.1082,1
d4b728ec-fed3-4687-b2f7-fff2c98ae3a1,e0be4c42-c5d2-46e6-98a3-f57143c81929,2025-07-25,2306.16,fashion,0.006,COD,0,5,0.326,tier2,1,2,morning,0.23228588338828865,0.2089,0
5e891ee4-24b8-4c81-bc69-0f09a3d82a32,6c56ea03-6f25-465a-8841-c114051cab81,2025-05-18,1204.87,home,0.268,UPI,0,7,0.303,tier3,0,7,evening,0.29048499029100583,0.0898,0
07c34254-f07f-4de4-a04a-da836401e871,4b641fb2-3437-4f0f-9c67-9222d63bef6e,2025-08-05,2100.49,home,0.132,UPI,0,1,0.314,tier2,0,4,evening,0.3016559281489719,0.034,0
16f4cf3d-fdca-4d69-9901-bd312a41dfe6,c194cfb2-f100-4d2c-893d-dbdc989f1426,2025-02-12,277.71,fashion,0.274,card,0,2,0.297,tier2,0,3,night,0.2333357897188074,0.1956,0
455bd2a6-3612-4332-b892-f9bbc5e46c18,38384398-7058-4fd7-b01b-cbda8d50a490,2025-02-14,250.0,home,0.245,UPI,0,4,0.15,metro,0,3,night,0.12601617248198352,0.067,0
8d126dcb-ad83-4335-bff2-1690c6e04379,00850f9b-0ccd-4292-aa59-0ccccc2d0338,2025-07-01,694.53,beauty,0.369,UPI,0,1,0.357,tier3,0,8,evening,0.2881986119409372,0.2849,0
1e09b316-a37a-4810-abda-e30df65d3ffb,a08bc761-e2d2-46cc-952a-3d23d15d5fac,2025-05-30,280.92,home,0.37,UPI,0,4,0.306,metro,0,2,morning,0.30018529874356914,0.0839,0
240289a2-9246-4bc9-91d7-8ac40d27f876,d68bbbc3-6511-4b4d-b898-eb8a9a3435c0,2025-04-28,2111.7,fashion,0.502,COD,0,3,0.222,tier2,0,3,evening,0.0912579377429543,0.1726,0
88ff0c2e-bb24-4e7a-81bc-038e3ee09c6d,c3667960-275a-45b2-a2fb-3c154cf68002,2025-09-11,407.52,beauty,0.68,card,1,0,,tier2,0,1,morning,0.42258989063174557,0.2431,0
a151fedd-a3d9-4de1-97cf-296d014e9d11,a3c6430f-e9eb-4c47-9359-730c9e42a716,2025-04-26,2777.91,home,0.475,COD,0,1,0.311,metro,0,1,evening,0.3571737769623766,0.103,0
d58fd0c3-9005-4f8b-bc66-2dc734ed2e45,cdfac639-c4a1-4655-be5a-2d787e76f71c,2025-07-08,342.5,electronics,0.566,UPI,0,9,0.338,tier2,0,2,evening,0.18576378008237582,0.0701,0
f6031d62-41fc-4171-8851-12b0ec450189,7577f5f5-f434-4ba2-be8d-bc819a90aa7d,2025-10-12,2569.15,fashion,0.286,COD,0,7,0.122,tier2,1,1,evening,0.12936071938754626,0.2956,0
1ed13312-47db-4238-b8f3-ee28132f6e24,31f53599-3fbf-4d54-b360-4ebd731496d0,2025-09-11,2112.93,fashion,0.744,UPI,0,3,0.341,metro,0,5,night,0.3108899842101137,0.178,0
7101ccd0-9caf-4834-960d-fe6c02b2e4f8,82715f5b-0eb8-4809-b878-05fd95a15158,2025-05-25,2920.98,grocery,0.188,UPI,0,3,0.0,metro,0,3,evening,0.021184252375003435,0.0105,0
93f59777-b4e2-458e-a4d8-e096e7d5ff1d,38384398-7058-4fd7-b01b-cbda8d50a490,2025-08-31,853.0,electronics,0.072,UPI,0,5,0.115,tier3,0,6,afternoon,0.12601617248198352,0.0184,0
4fc6bfca-9d4f-4f23-8834-88df6a6c1b1c,6a7814a2-3655-4d08-8da4-8ec7df0030b9,2025-06-30,368.88,grocery,0.072,card,0,2,0.071,tier2,0,1,evening,0.15705197005739738,0.0312,0
8c3eab07-27f6-42eb-adf3-134d9ddb2904,5f5314c7-cefe-45fd-a710-e0c0948777d5,2025-08-02,14239.1,fashion,0.099,UPI,0,1,0.097,tier3,1,3,morning,0.03696830256968456,0.0316,0
c6a6be89-95a6-4059-ba1a-2bdb9b3ae47b,df765bcf-110d-40b7-a135-a7fe2ee8e54c,2025-10-11,1515.68,fashion,0.134,card,0,1,0.204,metro,1,2,morning,0.17068626302318904,0.1156,0
778055f6-1699-4a03-a447-3606323beb8f,4b641fb2-3437-4f0f-9c67-9222d63bef6e,2025-09-06,3606.66,electronics,0.373,netbanking,0,2,0.142,tier2,0,2,morning,0.3016559281489719,0.0312,0
ccf3d78c-9006-401e-a53f-71f722cd9728,dcc320e0-51d7-4f5a-b1cf-f774f3ea235f,2025-03-02,1195.25,home,0.232,netbanking,0,11,0.0,metro,0,3,morning,0.08097222048102413,0.0292,0
e7a4cf6d-2cc9-4171-8443-f59d2c33955e,8975f922-81ed-4d18-b7b8-80f64c0d33a4,2025-03-30,7881.87,fashion,0.258,card,0,1,0.359,metro,1,1,morning,0.16694172135754215,0.0716,0
8e14957d-bb76-4da3-a692-558fc020400a,77e96371-82ca-416e-af8f-071e169e4282,2025-04-02,6129.8,fashion,0.286,COD,0,4,0.297,tier2,1,2,afternoon,0.25979890009270734,0.3787,1
c87c952e-b9f4-4b89-8cfe-0e31362208e1,f03be7b6-589c-4dfc-a5f8-c0f89d4406ff,2025-06-24,1789.37,home,0.523,COD,0,2,0.123,metro,0,2,afternoon,0.06565876288364696,0.1679,0
f0ce59a5-a59f-4e07-b719-ffbacb139063,2901b309-1a82-4af4-b3b4-8971bea2dd83,2025-04-21,250.0,fashion,0.128,UPI,1,0,,metro,1,2,afternoon,0.19326835646210286,0.3805,0
66a55dce-7461-4643-998b-bc7008ca8554,61e68552-c2ac-46ab-b349-d5252a071eca,2025-06-11,286.28,electronics,0.425,UPI,0,9,0.03,tier3,0,3,evening,0.1913603605753747,0.0783,1
d2384074-5de1-404d-bf7e-98cbb06b418e,ec513aca-b3ea-457e-b9fd-46a0fbbd0108,2025-04-26,762.12,fashion,0.64,COD,0,7,0.142,metro,0,4,night,0.19762424986659227,0.3079,0
a9fd9cd3-7e72-467e-b194-1b4007d223f5,1c3d8732-6ad3-4d92-b09e-519970656995,2025-06-08,1948.19,fashion,0.065,COD,1,0,,tier2,1,7,evening,0.20563308921317577,0.405,0
db6c9aa0-ba43-41b1-8fcd-d58df13f09a6,9e9db8b8-b527-46e0-9e4b-211ffcef38a3,2025-03-26,3427.91,electronics,0.312,UPI,0,5,0.227,metro,0,2,afternoon,0.33315409272597374,0.0803,0
850f2bbd-feca-44ee-9a81-571d5a727d98,0f58fc78-ce5f-44f5-aec7-492478e32c4f,2025-05-18,6376.93,fashion,0.268,UPI,0,2,0.077,metro,1,1,evening,0.15829274806408117,0.1093,0
3ce34570-ee14-4f3d-9309-ee923f5d437d,61e68552-c2ac-46ab-b349-d5252a071eca,2025-02-27,1002.35,grocery,0.113,UPI,0,10,0.176,metro,0,1,evening,0.1913603605753747,0.0384,0
e372e181-3cc9-419e-8947-62834373bf63,8082d311-c63a-4f6d-b277-9d323cd6588a,2025-06-30,1945.2,fashion,0.51,UPI,1,0,,tier2,1,5,afternoon,0.15860848909227618,0.416,0
3f9b216d-6d3f-4e6f-ac21-3050e1262f9a,cd936f58-35c8-41bf-ad8e-018916f872f3,2025-01-06,269.6,grocery,0.158,COD,1,0,,metro,0,3,evening,0.23815835049683093,0.1857,0
d18a9be1-9c7b-42f0-9f8c-a951c5554a04,fd6cccad-5f4f-45ca-8142-59059b87515b,2025-08-14,568.75,home,0.096,UPI,0,9,0.2,tier2,0,2,afternoon,0.2595265118239566,0.0408,0
fc03ea17-b4e3-41d2-b2c4-f7b20170a596,b62d8ee5-64d8-45e2-95a1-1770fbb6732e,2025-02-01,3836.2,home,0.617,card,1,0,,tier2,0,3,evening,0.13269837554654837,0.2597,1
cdafb053-6337-493d-8524-344f43478368,6691be4b-2f05-471e-880b-641b361f736f,2025-07-18,1028.84,fashion,0.274,UPI,0,9,0.294,metro,1,3,night,0.2916477929418046,0.4116,1
1a1a748f-e8fd-4c71-a577-741198d70c32,3cee8f97-6a9f-48bd-9130-1eeb62534fd4,2025-01-08,2872.2,beauty,0.208,netbanking,0,4,0.0,tier2,1,3,afternoon,0.021433052089598018,0.1821,0
05aea597-ba1a-4913-819b-2de2697d01d7,6691be4b-2f05-471e-880b-641b361f736f,2025-01-08,671.01,electronics,0.391,UPI,0,10,0.143,tier2,0,3,morning,0.2916477929418046,0.0686,0
5db101de-e4f4-474f-ab10-57f5ca3f4098,6691be4b-2f05-471e-880b-641b361f736f,2025-03-19,410.4,beauty,0.296,COD,0,11,0.338,metro,0,4,evening,0.2916477929418046,0.3393,1
e76f07c7-2d29-4e33-877e-c8b8eceb4436,61d96718-feb5-4038-8c4d-b96c3a34a100,2025-07-05,849.14,fashion,0.062,COD,0,1,0.274,metro,1,1,afternoon,0.3378139318232394,0.439,0
36b14436-3ff0-4499-bb56-bc03f4b68d03,93d11106-41d0-4c5d-ac79-1d9d6f90bcbf,2025-09-29,2642.89,home,0.347,UPI,0,5,0.057,tier2,0,7,evening,0.052918216172000036,0.0722,0
1426362c-5fd0-4f1a-aa00-8c8da0e12dd8,fd6cccad-5f4f-45ca-8142-59059b87515b,2025-10-21,1272.11,fashion,0.414,card,0,10,0.268,tier2,1,4,night,0.2595265118239566,0.3375,0
dfe827ba-491f-4b93-96af-49db5e1f73d6,7577f5f5-f434-4ba2-be8d-bc819a90aa7d,2025-10-10,1383.39,beauty,0.188,UPI,0,8,0.074,tier2,0,4,morning,0.12936071938754626,0.0378,0
b719d93d-340d-4783-a31c-5f7c43cf19a9,d2951b9d-49eb-4eef-8467-6d832ad3d8ac,2025-10-17,341.03,beauty,0.376,COD,0,3,0.165,tier2,0,3,night,0.19975800750299405,0.1249,0
ffd94fde-9e86-4d50-af8e-c4329435a631,bcb984b1-9b6a-4ffd-b13b-a1e84be1d9a9,2025-10-13,250.0,electronics,0.028,UPI,0,3,0.457,tier2,0,2,evening,0.3958288561774479,0.0759,0
55de80fb-d8e7-4cd1-9b80-3fa264a86214,18ac91fe-d7d1-4831-a17e-7c06a5ec4af5,2025-06-01,1730.31,home,0.118,COD,0,3,0.122,tier3,0,6,afternoon,0.24614417619698423,0.1103,1
f9d897a2-6c23-4755-89dc-cc6638944df6,807c513b-d1c4-4008-9482-dfc5315907fe,2025-08-14,752.26,electronics,0.097,card,1,0,,tier2,0,3,afternoon,0.1013123382625641,0.0609,0
ee91213c-13e7-40a6-8f04-afb6cfcd6ec2,4c19ca15-e9d8-445e-9a4a-ef49bd34d343,2025-08-10,11224.78,grocery,0.405,COD,0,8,0.221,tier2,0,1,evening,0.24706696213115537,0.0203,0
c0a036e7-affc-438f-b26c-808b80e420d1,1db38876-5057-4dcc-8f89-d7e790129fe8,2025-06-08,2032.29,fashion,0.038,COD,0,1,0.197,tier3,1,4,evening,0.14594410347412967,0.5819,1
c98eb9ce-b13d-4bac-92cb-eda714333465,87699cd8-cca3-418f-9a3e-144a0cbaca68,2025-04-07,1178.39,home,0.498,netbanking,0,5,0.016,metro,0,2,evening,0.05655306904883348,0.0609,0
3baf3875-af89-4755-8e95-5855ae26c960,bb938fb0-f7e3-4439-81c2-183016893bb1,2025-04-09,841.54,grocery,0.276,card,0,1,0.286,tier3,0,4,evening,0.3747717369370184,0.0276,0
81763b11-f4d1-4c54-8002-225743644baf,9e9db8b8-b527-46e0-9e4b-211ffcef38a3,2025-01-18,7995.5,fashion,0.67,UPI,0,6,0.28,metro,1,4,afternoon,0.33315409272597374,0.0855,0
5e19885d-6e75-46e4-a773-3398200ad567,fd6cccad-5f4f-45ca-8142-59059b87515b,2025-07-21,1390.58,fashion,0.531,netbanking,0,11,0.204,metro,1,3,morning,0.2595265118239566,0.2444,0
c246e7c1-9145-41ae-b2c1-e741a3e590c2,cdfac639-c4a1-4655-be5a-2d787e76f71c,2025-07-25,720.57,electronics,0.144,card,0,10,0.078,metro,0,2,evening,0.18576378008237582,0.028,0
2bcbdf93-f2b6-4876-ba61-6c653cf03b71,b6da0c58-e09f-4c64-b488-90dde3c22bf1,2025-04-12,1921.62,electronics,0.208,UPI,0,5,0.0,tier3,0,4,evening,0.06852796151158619,0.019,0
2dad0560-4cb8-4a73-8e8d-6c1f63d646fb,4cd5aebd-9645-4916-a283-2a50de156e5d,2025-10-07,1147.71,grocery,0.336,UPI,0,2,0.182,metro,0,4,afternoon,0.16482652189748134,0.0284,0
8c870ee2-e945-478c-a153-06f90f8da9b2,07a92d2c-8c2e-4fb1-85f3-8f78e6c7b100,2025-09-05,320.65,home,0.325,COD,0,2,0.446,metro,0,4,night,0.4069919336009818,0.1161,0
1ccca08d-f3cf-4f61-b14b-38f608a2d15c,282615fb-d00e-4244-b50e-8f7c40b33058,2025-09-04,250.0,grocery,0.304,netbanking,1,0,,tier3,0,3,evening,0.06291718247910795,0.055,0
d7e70fc5-819e-4a77-8a68-5128fe9e4544,bdf5e5de-7033-4345-ac37-819738c0e957,2025-10-06,2474.2,home,0.553,UPI,0,11,0.179,tier2,0,3,evening,0.2211439005048725,0.1855,1
75a07366-fd62-442a-a834-f342dd5a32fa,21929a7c-df34-4e43-ac5e-3ecf09093300,2025-06-03,8159.21,electronics,0.215,COD,0,2,0.044,tier2,0,4,evening,0.14992661347758604,0.0204,0
48072a3a-9cca-4493-b92f-6891bdef02e4,b2260d18-fffa-4383-9ce1-cdafe986cab2,2025-10-07,6686.32,electronics,0.318,COD,0,12,0.439,metro,0,4,afternoon,0.4468118022423648,0.0844,0
0f227755-ddb4-4627-8682-cf91a3bd98b4,1a23a683-c22e-476b-84ea-7de5efdd8f6f,2025-05-28,1628.71,electronics,0.187,COD,0,3,0.268,tier2,0,5,afternoon,0.23076225353726293,0.1573,0
fe7a57a5-12c2-4a17-a77f-86ca2e91f9b7,b732b9b1-5184-4f45-af4d-630b007d8b56,2025-03-23,3552.7,home,0.593,COD,0,6,0.404,metro,0,2,afternoon,0.3974441051585353,0.4959,1
6fc2771d-3872-4c0e-93ad-ae10963a8cf8,dcc320e0-51d7-4f5a-b1cf-f774f3ea235f,2025-08-22,4558.9,home,0.082,card,0,12,0.151,metro,0,2,evening,0.08097222048102413,0.0545,0
6bcef972-8c72-4783-b5dd-1ed666ca5f7d,f4f9557a-86f4-4bf5-ae07-480ff58c6f7a,2025-10-15,5779.27,fashion,0.077,COD,0,3,0.039,tier2,1,2,evening,0.04552205229964168,0.2438,0
da5b9049-c0eb-48c7-8eda-349c8379a55e,78396c5a-1028-4f27-9cec-79095cb575b5,2025-07-27,1452.35,grocery,0.483,COD,1,0,,metro,0,2,evening,0.19886391020651462,0.1261,0
7e839f04-4723-492d-b8e7-7804244cfe90,5a4e456a-7177-438a-a82d-59e0133f3eb9,2025-08-06,2416.77,beauty,0.471,card,0,11,0.207,tier2,1,1,evening,0.23069756686430742,0.112,0
ff0c8082-72c9-46b9-982f-935007b18212,cdfac639-c4a1-4655-be5a-2d787e76f71c,2025-07-26,421.41,grocery,0.284,UPI,0,11,0.239,tier2,0,3,afternoon,0.18576378008237582,0.0266,0
88d63c69-b3bf-4869-81b8-c05e09d49b04,366eeefc-701f-415d-a6e8-0090ed33caa4,2025-04-29,843.53,home,0.302,card,0,2,0.777,metro,0,3,morning,0.668440832463893,0.4397,0
21d77b60-fd3a-4895-8455-d6077eb5dc4a,fd446eac-86af-48be-bbee-f95080c59e82,2025-01-08,298.18,fashion,0.446,UPI,0,2,0.388,tier2,1,3,evening,0.4143300984213656,0.4507,1
37e3afd2-bdd0-4669-b5a1-42b5133bcc29,31c1fad5-4cd1-4948-951c-4b6f05b9a3e3,2025-05-31,1042.06,electronics,0.257,COD,0,3,0.152,metro,0,2,evening,0.1036578444265268,0.1049,0
8299fe0a-7cde-4051-bf55-a68ad524efe8,2fabc081-d019-4fd4-822a-4c3520801107,2025-06-16,13625.44,home,0.339,card,1,0,,metro,0,1,evening,0.30696088944893785,0.0318,0
07a46d03-c22c-476f-9cd3-8d471c5c91c5,0378c4bd-f343-455a-bdc9-a9913f58cfda,2025-03-31,715.07,fashion,0.306,COD,0,2,0.097,metro,1,2,evening,0.19283338499564623,0.6029,1
64e546df-ec5f-41cf-99fb-a4804de1ec3f,fee7a85f-cf25-4349-b927-7a6f87b1bd3f,2025-05-28,250.0,electronics,0.75,card,0,1,0.381,tier3,0,3,evening,0.3325622338548419,0.1472,0
12f91636-41d3-478b-a8d2-a6ecfaa1f7c0,e8f694f4-75c7-4b9d-8461-3f6fce844e62,2025-01-08,1268.98,fashion,0.284,COD,0,3,0.126,metro,1,2,morning,0.10058728392504118,0.3805,0
37e4fb39-a0b7-4f8a-b55d-b1594ba1d9a5,3f175ef7-cb46-404c-ae55-2d22b3544172,2025-10-21,1219.74,electronics,0.273,COD,0,16,0.062,tier2,0,2,morning,0.048627470043128354,0.1006,0
5bc61a27-fe79-4f46-b915-6231eca95ca9,8aad1534-c5ee-4b92-be7e-78a529af82b8,2025-06-03,2196.26,grocery,0.274,COD,1,0,,metro,0,2,night,0.36581399891508337,0.1062,0
bd43f277-b897-4926-ac6c-050a78e4df44,f04fffa3-5b04-4da0-9f3b-8a6b87fc1e74,2025-10-18,2047.14,fashion,0.25,netbanking,0,3,0.394,tier2,1,1,night,0.3517803851773976,0.2165,0
f6da56e2-3228-44fe-aec1-b9d2eb5159cb,b732b9b1-5184-4f45-af4d-630b007d8b56,2025-01-17,386.69,grocery,0.212,COD,0,7,0.355,tier2,0,1,evening,0.3974441051585353,0.1333,0
30b83789-ec72-46d7-98b2-9674ee382b6b,57086f9c-0b28-4eb4-9beb-e6a656c5d362,2025-09-28,1371.24,beauty,0.362,COD,1,0,,metro,0,1,morning,0.11716756530475335,0.4349,0
f8f69dc0-6489-4c68-afc4-95c459e703a3,c098bafa-20a7-4c6c-9fce-d433c8e83be7,2025-05-20,1079.77,beauty,0.337,UPI,0,9,0.284,tier2,0,3,evening,0.27580452681496,0.2179,1
471a1a88-5340-4ef0-bcfc-221927bc0a9b,eb9e5347-b3bf-4a4f-b52b-c9111ab81344,2025-01-29,648.17,beauty,0.068,netbanking,0,1,0.075,metro,0,1,evening,0.12149518069965874,0.0305,0
83c6ed45-d21d-4c55-b1f3-e8e2966c119e,2610fe33-8b0a-4c9b-8c47-756cf516e89b,2025-02-03,250.0,beauty,0.066,UPI,0,3,0.299,metro,1,2,evening,0.3007027884503935,0.1412,0
11f92cb1-9fe4-4097-8547-fbec8c09e267,f697590d-f50d-4802-8968-8e26c502eb3e,2025-06-27,5634.94,fashion,0.612,card,0,1,0.272,tier3,0,4,evening,0.26335659719559446,0.0798,0
3230c4b8-8f2b-4f4e-950a-5312a01e1c0c,fece3053-752e-4f5a-b715-c3d8cb10cde7,2025-01-31,815.47,grocery,0.318,netbanking,0,2,0.21,metro,0,4,afternoon,0.2486017792851423,0.0275,0
b634916d-ec20-4d80-96ac-d83c59435e05,13fe080b-d69d-443e-a712-766c682faa59,2025-02-19,903.29,fashion,0.329,COD,0,1,0.605,metro,0,4,evening,0.5362129046914219,0.2351,0
8878db83-c863-49bc-a5d5-6c8e224e52ca,6e0b40ae-3355-4ebd-8391-a0db219b68ba,2025-08-10,430.44,home,0.266,card,0,2,0.194,tier2,0,2,morning,0.278455179805805,0.1019,0
4e0c3aba-5284-4e5e-bbe8-2ad39ac350f2,97097040-636b-45f4-85e0-9e1a52c27325,2025-09-25,343.67,fashion,0.003,UPI,0,3,0.156,metro,1,3,afternoon,0.15906278458837203,0.301,0
7acbb89a-bb1a-45d2-9a7d-3ec2a3903755,ec513aca-b3ea-457e-b9fd-46a0fbbd0108,2025-06-09,1728.66,beauty,0.343,COD,0,8,0.195,tier3,0,5,evening,0.19762424986659227,0.3922,1
d310e545-1f75-4623-b911-50ec923f09bc,dcc320e0-51d7-4f5a-b1cf-f774f3ea235f,2025-06-28,787.85,fashion,0.166,UPI,0,13,0.0,metro,1,3,evening,0.08097222048102413,0.1016,0
349be2a5-a78e-45c9-b8ac-e5618078d7eb,706509ac-1c21-4830-bf5f-7a48ed377c6a,2025-01-31,461.37,electronics,0.186,COD,0,2,0.259,tier3,0,3,afternoon,0.21026090580847182,0.2739,0
02fa498c-b286-4e6f-9c57-d1c62d989c2b,6c56ea03-6f25-465a-8841-c114051cab81,2025-04-03,632.2,electronics,0.342,UPI,0,8,0.18,metro,0,6,evening,0.29048499029100583,0.0305,0
688810a8-ddeb-495f-a7a0-5333f1eb3070,c93c6de8-9490-43c9-a1b4-b58f531b4584,2025-10-23,2042.85,home,0.31,UPI,0,2,0.057,metro,0,2,night,0.04047509547806022,0.0542,0
ac154a9f-76b4-4f2e-886c-456cc6d34de1,fee7a85f-cf25-4349-b927-7a6f87b1bd3f,2025-10-13,3300.27,grocery,0.206,UPI,0,2,0.481,metro,0,5,evening,0.3325622338548419,0.1019,1
d0c2fead-140c-4c59-9871-47b9a2fe74c2,eeb31956-eff1-4d4c-88b9-4562dc040f82,2025-09-13,4389.94,electronics,0.362,card,0,6,0.399,tier3,0,4,evening,0.3706024922013499,0.0821,0
74563ea8-d135-4462-8e76-94a93c4c32a5,d2951b9d-49eb-4eef-8467-6d832ad3d8ac,2025-04-02,771.59,fashion,0.251,COD,0,4,0.201,metro,1,3,evening,0.19975800750299405,0.3704,0
876ad713-fac7-4b84-ac6f-3c918317d8b9,bbe8e4c6-2da1-471e-b2bd-71328ccd5406,2025-06-17,3832.65,fashion,0.388,card,0,2,0.108,tier2,1,4,evening,0.21478291236143027,0.142,1
1b69f0ea-0b54-4902-a96f-81c8dc1d94d3,f03be7b6-589c-4dfc-a5f8-c0f89d4406ff,2025-04-29,250.0,fashion,0.342,card,0,3,0.02,metro,1,3,morning,0.06565876288364696,0.2034,0
ef09c670-c327-46ce-bcbb-29e01c517f31,551aee57-0df4-4a51-9afa-0babaf28b33a,2025-05-31,558.29,fashion,0.193,COD,0,7,0.067,metro,1,6,afternoon,0.18168234468688693,0.4121,0
ff44d95c-5b38-4d9f-845d-7fdf1f632b60,0b5160a5-9c4f-4c68-ada5-de1d857e1d81,2025-09-28,1849.72,grocery,0.393,UPI,0,2,0.204,tier2,0,2,afternoon,0.14213974082226472,0.0243,0
66e18c5b-e55b-4f4b-85c0-7db11acd3f63,02a9477e-48f9-41c5-b992-a167ea1cd57a,2025-03-23,365.65,home,0.117,UPI,0,3,0.204,metro,0,4,night,0.26357426902472036,0.0469,0
7019c63f-82d8-4791-8801-5f979ba0b260,36d6b08a-5436-4a2f-83c2-120975d4be7f,2025-05-03,1853.23,home,0.278,UPI,0,11,0.055,tier2,0,1,evening,0.04915448350944119,0.0188,0
4c703e12-b48b-4961-ae89-6c6e8bed5816,7f892973-babf-4935-bab7-187b59d8b023,2025-04-12,1162.82,beauty,0.113,UPI,0,11,0.221,tier2,0,2,afternoon,0.2434169799043869,0.1003,0
d5c99106-8883-4995-9f53-a5d5ba1294fb,02ffec55-c4c8-4c8f-bbb3-f771110e44c2,2025-08-18,250.0,home,0.249,card,0,1,0.461,tier2,0,3,afternoon,0.43544254381347786,0.1979,0
1b832be1-452d-4ddb-a0e1-58c5e366f119,36d6b08a-5436-4a2f-83c2-120975d4be7f,2025-01-23,4189.13,fashion,0.344,UPI,0,12,0.104,metro,1,3,evening,0.04915448350944119,0.1669,0
ca1fc58a-a4dd-4bb5-9923-7efd9ff316a6,916b1eab-19f3-418e-970e-feae0ddfa238,2025-07-20,3072.07,home,0.26,COD,1,0,,metro,0,3,evening,0.11554696311015139,0.215,0
582811bf-b143-4ccd-ab11-feaa4c180490,7abb60f8-6a15-44b0-8a8a-33cf510670a6,2025-03-24,454.54,home,0.131,UPI,0,5,0.194,tier2,0,3,morning,0.03542903995029727,0.0679,0
833dc830-3e96-4cf0-b044-1aa7a7ba1fee,93d11106-41d0-4c5d-ac79-1d9d6f90bcbf,2025-03-31,4638.38,beauty,0.381,COD,0,6,0.071,tier3,0,3,night,0.052918216172000036,0.1945,0
3f82eeaf-8f8c-44a4-8f12-eef54f80984a,c868dd9e-8b92-46b7-bf8d-132471b95895,2025-05-09,7422.44,electronics,0.515,UPI,1,0,,tier2,0,5,afternoon,0.11234599605989387,0.0653,0
70fa0efb-ce21-46b9-bae8-e504309251a5,c74291cc-50dd-48a2-918a-2263305eb957,2025-05-03,250.0,fashion,0.149,UPI,0,8,0.23,metro,1,1,morning,0.2897378778415542,0.3083,1
9af492eb-4404-4f0e-8044-5327a471b5eb,957f8462-6bb6-488c-8360-f0a6cde9bfec,2025-09-29,250.0,beauty,0.299,COD,0,5,0.128,metro,0,7,evening,0.20154150931374812,0.3538,0
b2faa08a-13c4-44e6-a3e8-d919d86a4ee8,4a210397-e8f5-48f0-9b24-1863f194f342,2025-09-17,2569.0,beauty,0.523,UPI,0,2,0.72,tier2,0,4,night,0.7642110094338409,0.3546,0
8e081c81-5995-4f9a-8a81-ec5cb2e0e950,ae648879-94d9-43e9-9c34-e6de78357400,2025-01-02,1039.21,home,0.262,COD,0,2,0.085,tier3,0,4,afternoon,0.10883559867342446,0.2148,1
e17d4e0d-d1f6-4170-bfa7-e11c7a72eae4,5a0bd207-df7a-41c3-8a83-1274a9efee90,2025-10-15,1402.89,beauty,0.056,COD,0,4,0.0,tier3,0,5,afternoon,0.025007063694987345,0.0588,0
f5ce89fc-614e-460b-938e-fedf22242e13,ae9132eb-6eff-473e-998e-0c039ce43cc7,2025-04-27,1151.7,beauty,0.148,COD,0,5,0.168,metro,1,2,afternoon,0.19434600150643108,0.0832,0
48608f8a-d99d-4324-8804-c64afce48875,2efa495b-823a-41bc-843a-d9fcbc5f76d9,2025-08-16,1442.98,fashion,0.297,COD,0,1,0.155,metro,1,2,afternoon,0.11300670394722269,0.3117,0
b749d5b3-4fde-4e85-b7fe-ffe4fcfead6c,4c19ca15-e9d8-445e-9a4a-ef49bd34d343,2025-07-07,6039.58,beauty,0.177,UPI,0,9,0.223,tier3,0,5,afternoon,0.24706696213115537,0.0277,0
adaefe12-1db4-4afc-aeef-022c6d57d1eb,c098bafa-20a7-4c6c-9fce-d433c8e83be7,2025-09-20,1953.04,fashion,0.27,card,0,10,0.262,tier2,1,3,afternoon,0.27580452681496,0.2072,1
c5375bc1-dc7d-475e-af06-f6a6f8fb33c8,d0f3def4-10c3-442b-9b93-148c1f1e3a46,2025-09-17,1096.39,home,0.48,UPI,0,2,0.306,tier3,0,5,evening,0.2928560981860891,0.0742,0
4ced5247-06de-4090-a618-2c9d98acfae2,21f3a00d-b7f7-4e5c-b2c7-c83a760cc691,2025-09-27,544.74,fashion,0.401,UPI,0,1,0.197,metro,1,2,evening,0.07293918209014336,0.1268,0
4bc8e452-04f3-4b86-8c3d-f9e661d12bef,dabdc566-1293-4683-90ef-531ec1ce8e40,2025-01-04,1109.42,electronics,0.412,COD,1,0,,metro,0,2,evening,0.49679037091398126,0.1359,0
b12f9515-b00e-4f5e-9263-20f051ce6eac,c194cfb2-f100-4d2c-893d-dbdc989f1426,2025-06-20,559.57,fashion,0.283,COD,0,3,0.117,tier2,0,5,evening,0.2333357897188074,0.1531,0
385f099d-fc6c-461a-86d2-26a0b5ebb3eb,f697590d-f50d-4802-8968-8e26c502eb3e,2025-02-13,250.0,beauty,0.201,COD,0,2,0.256,metro,1,2,evening,0.26335659719559446,0.278,0
b54b32ac-267c-4465-9f41-d9c5c4d41431,bb979d3d-d61a-4c89-bbda-657156be921e,2025-03-29,579.01,home,0.127,COD,0,4,0.296,tier2,0,1,afternoon,0.3797344893685818,0.1401,1
d6091835-f160-4835-be51-719006e384e3,5a4e456a-7177-438a-a82d-59e0133f3eb9,2025-01-23,729.17,electronics,0.329,netbanking,0,12,0.324,metro,0,3,night,0.23069756686430742,0.106,0
ae8a6885-62e1-4f7d-9c3a-541d775692cc,115b599a-217b-402c-bf2e-d673a28b8b6a,2025-05-31,3071.18,fashion,0.133,UPI,0,4,0.248,tier2,1,3,night,0.22490754943212576,0.1237,0
bcf523e5-bea4-4652-b84b-c3453d325a73,b15097c2-354a-48aa-8b88-0fc27a70d24f,2025-01-04,1213.86,electronics,0.513,UPI,0,5,0.244,metro,0,1,evening,0.35941268307576457,0.0293,0
fc8ed05f-8e5b-438f-963b-01a95edb15ff,f798ef7e-e2a3-4c54-b902-894eaf540d62,2025-05-02,5998.28,fashion,0.385,COD,0,8,0.206,tier2,1,2,morning,0.21199326223067969,0.2927,1
f6c5474f-1235-423a-88ee-68746b21f3f0,3f888151-69ed-4006-b5f2-68afced6201b,2025-07-26,257.69,fashion,0.283,UPI,0,14,0.094,tier2,1,2,night,0.10820090543681238,0.2605,0
5d82535c-c2fc-40aa-b99e-1dafecb7f417,f91b87e4-35a7-481d-96ba-a679feba54f3,2025-03-03,3829.85,fashion,0.166,UPI,0,5,0.021,metro,1,1,afternoon,0.05881659853496958,0.0216,0
3ea9f810-a30c-43e6-a900-f9afed33ce38,e337d2a3-6032-4e1f-8ce4-a81121aa131e,2025-05-26,5121.34,grocery,0.203,UPI,0,11,0.182,tier2,0,2,night,0.2771725532528444,0.03,0
800846b3-937b-45f6-a506-6eae89e28605,fece3053-752e-4f5a-b715-c3d8cb10cde7,2025-04-22,2044.1,grocery,0.233,COD,0,3,0.309,tier2,0,5,evening,0.2486017792851423,0.1013,0
1274a964-a763-47c6-a41c-36a60be8e267,0378c4bd-f343-455a-bdc9-a9913f58cfda,2025-08-11,650.35,home,0.439,card,0,3,0.215,metro,0,2,night,0.19283338499564623,0.1727,1
d9143f1e-377e-4be2-925a-de904f473255,cd9d8125-8011-4465-92dd-50bd06de23f3,2025-01-23,456.89,grocery,0.204,card,0,1,0.424,metro,0,4,evening,0.46001324343588723,0.047,0
29b27346-750e-4cdd-866b-a8b2679adc6e,f60dd379-b761-4abe-a910-2e679a649299,2025-05-05,2646.74,fashion,0.269,card,0,3,0.746,metro,1,1,evening,0.6231863021915255,0.2565,0
47bf05a9-ee04-4608-8287-2053b18a4c04,f04fffa3-5b04-4da0-9f3b-8a6b87fc1e74,2025-05-31,1316.5,fashion,0.216,UPI,0,4,0.271,tier3,1,5,night,0.3517803851773976,0.2511,0
c0a928e2-f16d-451b-9b1e-1f6f7ae129b4,1a23a683-c22e-476b-84ea-7de5efdd8f6f,2025-08-13,593.94,electronics,0.327,card,0,4,0.13,metro,0,4,afternoon,0.23076225353726293,0.0362,0
c1630d67-d855-4f80-89c8-999866703421,7f892973-babf-4935-bab7-187b59d8b023,2025-01-06,6830.53,home,0.649,netbanking,0,12,0.101,metro,0,7,morning,0.2434169799043869,0.0925,0
9e007eb8-21c5-4fc1-ae68-ddfe1d90e657,366eeefc-701f-415d-a6e8-0090ed33caa4,2025-08-26,3197.31,grocery,0.541,UPI,0,3,0.61,tier3,0,3,afternoon,0.668440832463893,0.0561,0
a333dda9-70c5-4811-9515-6a11316a0be1,fee7a85f-cf25-4349-b927-7a6f87b1bd3f,2025-10-22,906.3,beauty,0.083,UPI,0,3,0.405,tier2,0,2,evening,0.3325622338548419,0.1029,0
0c54db67-35b7-4004-b998-08e52bb426cf,eb671c1e-81f6-496c-b68d-49ea47acde37,2025-04-12,1488.51,home,0.512,COD,0,5,0.13,tier2,0,1,afternoon,0.18608348760507418,0.3716,0
8c8f81d8-26d0-489f-b125-74ef9f53ab81,fcad361d-37b1-48e4-ba15-27f5efd12bd2,2025-07-10,1607.14,grocery,0.173,UPI,0,3,0.343,tier3,0,6,morning,0.3926881472493449,0.056,0
81c81bd6-c117-45c2-9cb9-f98df08f54f7,b5f4b65e-c0da-4fb5-8777-b54ba78f9931,2025-02-18,9049.89,fashion,0.225,UPI,0,1,0.195,tier3,1,4,afternoon,0.12638520817096505,0.0858,0
5d9a8d43-3280-4e24-889e-355a62551d29,7577f5f5-f434-4ba2-be8d-bc819a90aa7d,2025-04-05,650.32,home,0.096,COD,0,9,0.16,tier3,0,4,evening,0.12936071938754626,0.2022,1
4f3f9971-1e04-46b6-b76e-9b4c74229e2f,d68bbbc3-6511-4b4d-b898-eb8a9a3435c0,2025-05-29,1975.29,home,0.339,card,0,4,0.213,metro,0,3,morning,0.0912579377429543,0.0374,0
12c8e648-ddb4-4b48-8a88-b5f5ab8cc26b,88b88e03-c936-4c7f-ba2d-52cf64525090,2025-10-07,1098.7,beauty,0.366,COD,0,3,0.226,tier2,0,3,evening,0.20459557629689876,0.0844,0
02de4926-5274-435d-968a-d3c89136a62f,4c3650cb-e088-4c11-a624-1102a42ebe08,2025-03-22,2077.31,fashion,0.096,UPI,0,5,0.121,tier2,1,5,afternoon,0.03297163095944513,0.0737,0
13d80385-e861-468e-a5cf-b0dd1fa3455e,183731f0-c4f7-459f-b6fe-03d481d1dc2b,2025-07-04,1692.56,electronics,0.381,COD,0,2,0.453,tier2,0,1,afternoon,0.3251850941589013,0.1472,0
1ac92cf7-f9b1-4ce8-97d2-8cc63d53a773,2a7ba1e7-d8dd-4177-b84d-93a262f15e96,2025-04-19,1193.44,grocery,0.123,COD,1,0,,tier3,0,7,morning,0.46341394989494955,0.2955,0
b719f05b-275b-4bbe-b90f-03ed1dc03f72,14e9a40c-48f4-4b52-8121-a603990cd08e,2025-02-15,1735.22,fashion,0.276,UPI,0,2,0.643,metro,1,1,evening,0.5997722687005431,0.2076,1
4b21762e-d581-4a65-98cb-d299e30da989,8082d311-c63a-4f6d-b277-9d323cd6588a,2025-03-16,2193.58,home,0.306,COD,0,1,0.234,metro,0,3,afternoon,0.15860848909227618,0.0972,0
ff6d5302-61a6-4b61-bb65-d8437ee23e5e,b48b45a4-753f-4ba5-b83c-ddf1c5e444e1,2025-08-07,285.62,fashion,0.322,UPI,0,2,0.452,tier2,1,5,evening,0.419905690979168,0.4547,0
a7d86a18-907f-4c72-9501-18e067ec13ed,8072997b-4154-420b-b82c-3e57d37444e3,2025-02-02,2160.11,fashion,0.104,COD,0,1,0.392,tier2,1,1,afternoon,0.2676344641423701,0.4682,1
abf7f835-f0c6-4bdf-ac30-f9e61034e35e,e8f694f4-75c7-4b9d-8461-3f6fce844e62,2025-08-26,2641.29,electronics,0.081,netbanking,0,4,0.252,metro,0,4,morning,0.10058728392504118,0.0512,0
0da1fe49-4e3c-4d3c-a1a5-a7d12580355b,3f888151-69ed-4006-b5f2-68afced6201b,2025-09-06,1194.37,home,0.493,COD,0,15,0.158,tier2,0,1,night,0.10820090543681238,0.2205,1
f5947e82-b859-4508-b528-660e1b735ebe,fd4d4b01-2257-4c27-94af-516d87f608f4,2025-08-01,671.64,beauty,0.053,COD,0,1,0.34,tier3,0,4,morning,0.3456855814787548,0.1115,0
9af63625-c9f2-4186-abc5-1d6949659268,fdebca3c-4db6-45f9-aecf-5b0e2d82bf66,2025-06-15,361.63,fashion,0.246,UPI,0,3,0.236,metro,1,2,afternoon,0.21485681318313843,0.4791,1
95e50558-b3c9-46dc-9e98-678cd9c2b746,01b44897-af4a-45c8-9d4c-6f26cfdc77a7,2025-07-28,305.84,electronics,0.352,card,0,2,0.058,tier2,0,5,night,0.10212483545629032,0.0768,0
54d3ce82-e5e8-4f6f-ad43-c4ab6166bece,10bf0578-b9e9-40e8-9076-3e808f8b257d,2025-04-05,2974.78,grocery,0.643,UPI,1,0,,metro,0,2,afternoon,0.08969748337101224,0.0607,0
c950dc77-da56-474a-8ebe-4a2782fe18ad,e0be4c42-c5d2-46e6-98a3-f57143c81929,2025-02-03,1078.9,home,0.265,COD,0,6,0.163,metro,0,1,afternoon,0.23228588338828865,0.2307,0
d19c295a-1fe6-442b-8eed-e6c4fd11cd3c,e681d0bc-7b6a-4813-b507-16b033d8251d,2025-06-28,6546.83,fashion,0.543,UPI,0,2,0.46,metro,1,3,evening,0.2063369651501635,0.2052,0
14f5b9d5-d082-4bfd-a84d-a45786edbe14,13305eb5-fa9e-4ad0-82e5-51bd1825bb0e,2025-01-17,539.38,fashion,0.334,COD,0,3,0.13,metro,1,3,evening,0.06015710717930573,0.5953,0
d5c72d2f-61b0-4f14-b9a1-5d62162557c5,97097040-636b-45f4-85e0-9e1a52c27325,2025-09-19,2637.78,home,0.087,COD,0,4,0.203,tier3,0,4,night,0.15906278458837203,0.1515,0
e82e99fe-6fcc-4f6b-baef-fc733f10291c,bcb984b1-9b6a-4ffd-b13b-a1e84be1d9a9,2025-06-16,5751.44,fashion,0.32,card,0,4,0.321,tier2,1,2,evening,0.3958288561774479,0.1311,0
fd3fb1b9-d2c8-4500-b63d-53b17d4d9c50,115b599a-217b-402c-bf2e-d673a28b8b6a,2025-04-06,352.2,fashion,0.113,UPI,0,5,0.194,tier2,1,2,night,0.22490754943212576,0.2167,0
048112de-9882-4d02-972f-1aec21d8aa1c,9e9db8b8-b527-46e0-9e4b-211ffcef38a3,2025-09-08,1043.32,fashion,0.248,card,0,7,0.182,tier2,0,2,night,0.33315409272597374,0.1994,1
e794db98-fa9f-46f8-a608-ed980f8c875d,3bf94f31-a69a-4672-af18-93b6ddcad665,2025-01-09,1266.47,fashion,0.488,card,0,2,0.781,tier3,1,5,morning,0.6823689291324807,0.4514,0
d190377e-dc82-470d-ad60-e66789c6b7cf,6d81b599-cb53-46f9-8600-bf12fd1acddf,2025-01-20,6739.79,grocery,0.168,card,0,4,0.103,metro,0,6,night,0.1373435706874969,0.0105,0
e1101db5-dde5-4f81-8f98-e6c7b85bdd2a,dcc320e0-51d7-4f5a-b1cf-f774f3ea235f,2025-04-06,656.61,fashion,0.648,UPI,0,14,0.133,tier3,1,8,evening,0.08097222048102413,0.2878,0
e52b7e8a-618e-4a73-b53d-55ce0723beff,551aee57-0df4-4a51-9afa-0babaf28b33a,2025-07-31,578.1,home,0.06,UPI,0,8,0.159,metro,0,3,morning,0.18168234468688693,0.0543,1
67f0eeb8-d731-48f7-97dc-9ade6586f5fb,c9156c85-735b-446b-b220-fa4b5fb50ca5,2025-04-01,531.1,grocery,0.078,COD,1,0,,metro,0,2,evening,0.3668195423950672,0.1463,1
de8d8dff-a2d9-4c83-82b9-5b1bd17e58d8,5a4e456a-7177-438a-a82d-59e0133f3eb9,2025-02-23,4126.42,fashion,0.416,COD,0,13,0.345,tier2,1,7,morning,0.23069756686430742,0.6242,1
513d4605-ef24-41ce-9e74-2d940df0b49a,937f81a2-0c57-467d-869e-aaae2412816a,2025-06-24,1689.84,electronics,0.069,UPI,0,7,0.3,tier2,0,1,evening,0.2365731909103324,0.0703,0
72470160-376b-4148-a135-2e8d2e8bce8f,48242df6-6544-46ca-8243-b23028d6d805,2025-01-13,2572.32,fashion,0.178,netbanking,0,7,0.196,metro,1,1,evening,0.1548544510371693,0.0913,0
a5374d82-7ef6-47b7-b410-6ba2fdb89ca3,b3f33ef6-3953-4fa2-b5c0-493473e40312,2025-09-08,250.0,electronics,0.067,COD,0,7,0.408,metro,0,2,evening,0.24874291058771908,0.1402,0
dfd8f140-ed5e-4809-bbbc-c381a26a0388,9e9db8b8-b527-46e0-9e4b-211ffcef38a3,2025-10-19,4051.62,fashion,0.348,UPI,0,8,0.45,metro,1,2,evening,0.33315409272597374,0.2213,0
1fa2c702-9d19-4b2a-bd8f-879c256d2971,1d2a539f-b9f5-447b-9a0b-ead55732dce3,2025-02-02,6991.97,home,0.051,UPI,0,3,0.696,tier2,0,1,evening,0.5885383197450833,0.0319,0
6d0c651d-cb62-4bd4-b7b3-2da0b65d3655,ad87b3e3-8b3e-438e-8994-51127b85c296,2025-01-07,669.05,beauty,0.198,UPI,0,6,0.0,tier3,1,4,evening,0.06067469417646223,0.0776,0
c5259bd4-6142-40db-bb3b-3ebcb7432571,7d8ad8e7-c1a0-4266-8d87-cac7c06a3728,2025-07-03,4769.71,home,0.228,COD,1,0,,tier2,0,5,evening,0.3750474517068999,0.4647,0
787ae721-ef23-4ec3-aefb-a3851d2347cb,efca07b7-801d-4f4d-8fd4-f9471ea25c75,2025-01-19,250.0,home,0.216,UPI,0,7,0.386,tier2,0,2,morning,0.3870026797871902,0.0781,0
ad61a7a5-9899-4b42-8ea5-ec344a7a6e17,6c361c11-ca46-4858-84ff-ccace7f3ec03,2025-08-25,2104.29,fashion,0.051,UPI,0,4,0.164,tier2,1,3,afternoon,0.17298841463602524,0.105,0
205da5cd-7954-4351-ae9d-e8dcdc7228e2,b1866946-8935-4ecd-acf7-242f08c22f6f,2025-09-18,250.0,electronics,0.348,card,0,5,0.37,tier3,0,2,morning,0.4237639813012678,0.0967,0
fa089f31-ee75-4e9d-9523-57ff5fe7b9a2,c74291cc-50dd-48a2-918a-2263305eb957,2025-01-19,5209.89,electronics,0.274,COD,0,9,0.394,tier3,0,9,afternoon,0.2897378778415542,0.2152,0
1bb808e8-910f-4619-a4f3-4e0f0de3ea31,4c248823-59d7-4228-82e1-f62431e7bd8d,2025-04-18,3885.71,beauty,0.08,UPI,1,0,,tier3,0,5,afternoon,0.27177374067259585,0.0972,0
a103098e-1d73-4555-87d5-9171f908047c,5bd37516-98d0-490b-9db9-3095bf8dde2c,2025-07-31,250.0,home,0.177,card,1,0,,tier3,0,3,morning,0.04088977977161757,0.1185,0
ce5a88f4-4601-45d2-be80-50d44276e0b6,cd41d912-6dd3-48f5-8321-ab579b72c57a,2025-04-04,1043.96,electronics,0.551,UPI,0,9,0.206,metro,0,4,evening,0.1561219227039281,0.0765,0
a31c1a28-d84d-42cd-afae-07ba36cfcc70,82715f5b-0eb8-4809-b878-05fd95a15158,2025-02-12,5246.08,fashion,0.352,COD,0,4,0.19,metro,1,3,afternoon,0.021184252375003435,0.3685,0
8a14fc71-1fe7-4936-ac12-574814c9d56d,52ad5451-dae5-4029-8a8a-756096ddf041,2025-03-31,304.09,fashion,0.432,UPI,0,2,0.537,tier3,1,6,afternoon,0.44640490282899387,0.6139,1
7610a227-278f-4978-a73b-53ee5b8a3492,e7003096-072a-48a6-8f1e-8ff340a5abf6,2025-06-09,1980.86,electronics,0.521,UPI,0,3,0.31,tier2,0,1,morning,0.2568909066288726,0.0592,0
1d331af4-454a-4711-abc5-9eb327c2f7b5,afbedcf2-f5d0-441d-8f1d-dff0523a9d8e,2025-06-27,870.61,beauty,0.45,UPI,0,6,0.09,tier2,0,3,afternoon,0.08979930230446,0.0533,0
9cb42445-e997-40d5-8731-8e1e80dd2457,fece3053-752e-4f5a-b715-c3d8cb10cde7,2025-03-21,393.11,fashion,0.354,card,0,4,0.223,metro,1,1,night,0.2486017792851423,0.1479,0
d1123039-5b79-456d-8cef-d0041cabf99d,8072997b-4154-420b-b82c-3e57d37444e3,2025-03-17,685.09,fashion,0.355,COD,0,2,0.224,metro,1,2,morning,0.2676344641423701,0.5238,0
9829fb07-a348-4597-9886-5cba5e86fbc5,551aee57-0df4-4a51-9afa-0babaf28b33a,2025-08-24,4340.31,fashion,0.207,card,0,9,0.238,tier2,1,1,afternoon,0.18168234468688693,0.1786,0
62b59e5e-adab-4837-873d-777de66d29ec,f87f5cec-4cc7-4356-8a1b-5e82f142a0e0,2025-07-24,1150.54,home,0.439,UPI,0,7,0.198,tier2,0,2,evening,0.2242312963277271,0.0713,0
63390f08-a1e6-4e85-8d04-bee4a53d284e,c93c6de8-9490-43c9-a1b4-b58f531b4584,2025-09-08,14897.09,fashion,0.235,COD,0,3,0.292,metro,1,4,evening,0.04047509547806022,0.0568,0
9213b7ea-7b5c-4b83-8c74-cb927d83a431,61ae023e-6ada-495e-a057-0f2fa2e1887b,2025-10-02,889.89,beauty,0.705,UPI,0,1,0.246,tier2,0,1,afternoon,0.10073875282927403,0.0926,0
34721672-76aa-49a4-9d5c-55a22a9a5a3b,b3f33ef6-3953-4fa2-b5c0-493473e40312,2025-03-29,2831.41,electronics,0.339,COD,0,8,0.168,tier2,0,5,morning,0.24874291058771908,0.1216,0
c51090aa-9df7-49f2-96c9-97e3137f83f9,6691be4b-2f05-471e-880b-641b361f736f,2025-07-07,4669.04,fashion,0.253,UPI,0,12,0.222,tier2,1,2,evening,0.2916477929418046,0.2035,0
886e5670-cf7e-4346-b192-2175d3c32b87,b3f33ef6-3953-4fa2-b5c0-493473e40312,2025-02-24,1403.86,home,0.275,card,0,9,0.222,metro,0,1,morning,0.24874291058771908,0.0402,1
13448033-8f58-4f4e-83ae-95357953fedb,67991ec5-6540-4afc-8700-1e97c8b7427e,2025-07-04,668.0,fashion,0.229,card,0,1,0.026,metro,1,3,afternoon,0.13954174495960747,0.2461,0
20713a0b-0183-4ea9-bac9-7500f959e3fe,a08bc761-e2d2-46cc-952a-3d23d15d5fac,2025-02-26,1201.12,home,0.75,UPI,0,5,0.35,tier2,0,4,evening,0.30018529874356914,0.1073,0
929aac5a-5bca-4ec3-a1c0-be65fad3aaf4,c948d370-2dce-42ca-8472-af60b35f4c6c,2025-09-01,2711.68,fashion,0.054,UPI,0,1,0.313,metro,1,2,afternoon,0.32814923883527064,0.0847,0
caf58d26-73d9-4652-bfa1-91401100b345,c93c6de8-9490-43c9-a1b4-b58f531b4584,2025-06-20,667.55,home,0.446,netbanking,0,4,0.158,tier3,0,4,evening,0.04047509547806022,0.0971,1
5c30a6e4-a6cd-4ed5-8770-ffeda303f52f,079ccc14-56e1-44f4-b53d-a66ed0eeac29,2025-08-21,566.47,beauty,0.294,UPI,0,1,0.309,metro,1,7,evening,0.37075169622686466,0.2424,0
16aa3132-dd20-410e-b7d6-9d585130c2fb,09f0bdb4-9a82-4836-9937-2f88cb2c1621,2025-03-17,266.29,home,0.152,card,0,6,0.336,metro,0,5,morning,0.34129841122598414,0.0588,0
dae77e5d-4892-49f8-8b76-40557460bb4e,252fa25e-5a02-42f5-a1c4-5b0b9cde0a61,2025-03-12,3149.74,beauty,0.503,UPI,1,0,,metro,1,3,afternoon,0.2798243783472397,0.3522,0
8a2c9285-c333-492a-bd90-2220b4c60bf3,b6352c97-2241-47d4-89b2-77d21afae1a8,2025-10-26,250.0,home,0.309,card,0,1,0.126,tier2,0,5,evening,0.2098480405685214,0.0877,0
c3065b85-ccbf-4c91-83a3-4c5fbf3f4d64,3d51b281-7585-4d43-aefd-40a803a1bf4f,2025-06-16,2226.36,fashion,0.464,COD,0,9,0.249,metro,1,5,evening,0.24645297721478737,0.6446,0
b4fc5d31-59c6-465b-aa64-34eb95d69173,7773f7b1-bff1-426d-8bc5-5ae99247286a,2025-01-19,401.08,fashion,0.256,card,1,0,,tier3,0,6,afternoon,0.2625171002989132,0.4099,0
8b393c8f-3c19-4de0-a46c-03ead7704c73,2901b309-1a82-4af4-b3b4-8971bea2dd83,2025-03-24,313.46,grocery,0.143,UPI,0,1,0.264,metro,0,1,evening,0.19326835646210286,0.0196,0
fd722d06-a32a-4c16-9f3f-cdc2de0eaa0a,cd9d8125-8011-4465-92dd-50bd06de23f3,2025-08-16,861.39,beauty,0.257,COD,0,2,0.417,metro,0,2,evening,0.46001324343588723,0.3062,0
93f9229a-edec-4dc5-89a2-bc9483d131c7,6c56ea03-6f25-465a-8841-c114051cab81,2025-08-02,755.47,fashion,0.151,COD,0,9,0.421,metro,1,6,night,0.29048499029100583,0.2728,0
12511e33-639b-427e-a852-317b9646e950,5bd37516-98d0-490b-9db9-3095bf8dde2c,2025-05-05,19972.61,electronics,0.131,UPI,0,1,0.069,tier2,0,4,morning,0.04088977977161757,0.0009,0
5c97ab95-3161-4569-af16-6164cc5a5282,879efc3e-a486-44ac-a9cc-29dca850ccc1,2025-04-04,292.42,beauty,0.395,COD,0,3,0.183,tier2,0,5,afternoon,0.14849469586761202,0.3903,0
54c3417c-a57d-434f-a878-25246bce3f36,bd1084dd-629c-4150-a764-2ccea032f578,2025-08-01,250.0,electronics,0.293,COD,0,6,0.182,metro,0,6,morning,0.21989011196511407,0.1357,0
9045238a-be1e-4b7f-ae5c-d19b0e9a5e4f,b7cf8b3e-8cbc-41b9-b7a4-c29693d32968,2025-10-12,330.78,electronics,0.435,COD,0,2,0.215,tier2,0,4,morning,0.23865381601921165,0.1405,0
6480073a-eabe-430d-ba7d-4f845937d17b,1a23a683-c22e-476b-84ea-7de5efdd8f6f,2025-06-29,1614.48,fashion,0.057,UPI,0,5,0.387,metro,1,3,evening,0.23076225353726293,0.1942,0
93b37c3d-a55b-43a8-8e68-cbc137628a70,f03be7b6-589c-4dfc-a5f8-c0f89d4406ff,2025-01-16,250.0,home,0.348,COD,0,4,0.0,tier3,0,5,afternoon,0.06565876288364696,0.1946,1
72833b89-58fd-4ec7-b3d1-18fb853eb54d,bdf5e5de-7033-4345-ac37-819738c0e957,2025-01-01,1266.26,electronics,0.35,netbanking,0,12,0.18,metro,0,7,evening,0.2211439005048725,0.1083,0
77eafe6d-c484-468d-9944-87782675ccba,f03be7b6-589c-4dfc-a5f8-c0f89d4406ff,2025-04-02,3258.98,grocery,0.174,COD,0,5,0.06,tier3,0,8,evening,0.06565876288364696,0.0531,0
1aae33f4-c44c-4d8a-a267-7e3138e2981d,8cabcba8-2b36-4f7e-984b-440baba9ad97,2025-09-20,3646.11,grocery,0.331,UPI,0,4,0.334,tier2,0,4,morning,0.27780100478810504,0.0584,0
040c8bf4-96ec-4c9d-bc85-8f527eff9961,c098bafa-20a7-4c6c-9fce-d433c8e83be7,2025-03-28,2024.51,beauty,0.326,COD,0,11,0.314,metro,0,2,afternoon,0.27580452681496,0.1757,0
44701756-38a3-4f2a-b23b-b90fc8519c9c,87699cd8-cca3-418f-9a3e-144a0cbaca68,2025-04-01,461.78,fashion,0.184,COD,0,6,0.179,tier3,1,7,evening,0.05655306904883348,0.6717,1
896c4ba0-49e8-4558-8f01-cb7040d3e5b7,2efa495b-823a-41bc-843a-d9fcbc5f76d9,2025-08-11,1623.31,fashion,0.259,COD,0,2,0.104,metro,1,1,night,0.11300670394722269,0.3548,1
5ac6d352-83bf-47d4-b76a-bdfdd39a5e74,844e1cc6-38c0-44c1-8fb0-2171c4ac07a9,2025-10-02,425.94,electronics,0.356,COD,0,4,0.126,tier2,0,3,afternoon,0.09221080951028436,0.1026,0
69eb6c96-52e5-4f49-938d-d53fedd1098f,252fa25e-5a02-42f5-a1c4-5b0b9cde0a61,2025-04-28,3340.65,beauty,0.109,COD,0,1,0.41,tier2,0,1,afternoon,0.2798243783472397,0.1623,0
fb2fa078-3136-4d3c-8d81-bcb645b1c7c9,c776ba30-a353-491b-963c-d4935829686c,2025-10-20,6737.81,beauty,0.283,card,0,1,0.211,tier2,0,3,morning,0.2445339867991523,0.0428,0
684f543c-28b2-403d-a9cb-777bc5bc853b,90d4ab83-9a96-4a21-9db9-c0621084e983,2025-03-12,250.0,fashion,0.142,card,0,6,0.289,metro,1,2,morning,0.29832839962512075,0.1856,0
8b597f06-4610-40d2-9296-e925ab2c7174,906e4e1f-65df-4fd1-9627-80054c4a4e84,2025-01-11,882.2,fashion,0.214,UPI,1,0,,tier2,1,1,evening,0.0830364113260189,0.2861,1
7cb860f8-192b-4394-85a6-a93851a30659,b3f33ef6-3953-4fa2-b5c0-493473e40312,2025-07-01,974.05,electronics,0.103,UPI,0,10,0.223,metro,0,3,night,0.24874291058771908,0.0794,0
7978070f-5bec-46d8-90f7-b9d63e4019b7,264713e0-0ea7-4880-9795-f6f977d4d71c,2025-08-16,1845.48,home,0.358,card,0,4,0.084,tier2,0,1,night,0.1503348970823547,0.0713,0
87cad3b6-6b43-4934-8638-cfb2616e9557,dcfad182-ea67-4ce8-8f94-95ff7e6444b1,2025-04-17,486.45,electronics,0.421,card,1,0,,tier3,0,5,night,0.2754386295631827,0.0667,1
336184d6-e9af-4007-a511-a3aef7f0ddd7,efca07b7-801d-4f4d-8fd4-f9471ea25c75,2025-07-26,1843.88,fashion,0.538,card,0,8,0.461,metro,1,5,morning,0.3870026797871902,0.3642,0
85100ce7-cc84-47a1-a8dc-be3b3f7d1707,48242df6-6544-46ca-8243-b23028d6d805,2025-06-05,8055.3,grocery,0.132,UPI,0,8,0.187,metro,0,3,evening,0.1548544510371693,0.0089,0
be1e283b-da60-42a5-90a2-1c235afd28f4,f848c5e1-5ffe-40cf-b466-1518512036bc,2025-02-01,2963.61,fashion,0.389,COD,1,0,,tier3,1,5,afternoon,0.05848742659984804,0.4118,1
ed8fbcab-d695-4ea5-80dc-506d7ab6754a,31038c75-9316-46a8-910d-a15f407d054b,2025-10-22,611.9,beauty,0.402,UPI,1,0,,tier2,0,1,evening,0.2674753910173624,0.1824,1
eb0557fc-ef30-4d7a-a9d8-998ecaa0f2d2,6c56ea03-6f25-465a-8841-c114051cab81,2025-07-16,1714.18,grocery,0.256,card,0,10,0.212,tier3,0,6,afternoon,0.29048499029100583,0.0769,0
e740dbee-ebb5-4ab6-a815-22d38a46e57b,1a23a683-c22e-476b-84ea-7de5efdd8f6f,2025-05-20,1508.04,home,0.125,UPI,0,6,0.111,metro,0,3,night,0.23076225353726293,0.0427,0
a742bddc-b55d-488f-aa76-b0e0495dff3d,cd9d8125-8011-4465-92dd-50bd06de23f3,2025-09-20,3066.08,home,0.307,COD,0,3,0.454,metro,0,2,evening,0.46001324343588723,0.2051,1
e3d66e27-b527-44d1-b684-5e333bece3bb,2cdb7d1d-67fa-48b0-a6ae-1dc60a66506e,2025-07-02,5844.43,fashion,0.075,COD,1,0,,tier2,1,4,evening,0.6281196686103381,0.3126,0
1ade5aed-53c9-45e6-bfba-82bebb5760d7,495163fd-0559-4329-84dc-edfca30a9c34,2025-07-01,1017.21,grocery,0.029,card,1,0,,metro,0,2,evening,0.20300873036155653,0.0253,0
1f69d7c2-371d-4cf9-b84d-3bee987e2e24,f798ef7e-e2a3-4c54-b902-894eaf540d62,2025-04-23,250.0,fashion,0.356,netbanking,0,9,0.315,tier3,1,4,morning,0.21199326223067969,0.1885,0
d9c65fec-a121-4d74-ba27-84bfa128c5a9,b15097c2-354a-48aa-8b88-0fc27a70d24f,2025-02-10,647.02,beauty,0.189,COD,0,6,0.297,metro,0,6,night,0.35941268307576457,0.1009,0
774e81b1-20e9-4ada-aed0-31db9e2209aa,e7003096-072a-48a6-8f1e-8ff340a5abf6,2025-07-30,365.48,fashion,0.167,netbanking,0,4,0.18,tier3,1,5,evening,0.2568909066288726,0.0635,0
1a621d38-3dc9-457e-a30c-21d05f405b0f,b732b9b1-5184-4f45-af4d-630b007d8b56,2025-03-10,2171.58,electronics,0.173,UPI,0,8,0.277,metro,0,2,morning,0.3974441051585353,0.1224,0
ab894fd6-6e74-4187-be6a-165a6ab8ef8a,3f175ef7-cb46-404c-ae55-2d22b3544172,2025-08-25,3271.86,electronics,0.369,UPI,0,17,0.0,metro,0,3,evening,0.048627470043128354,0.0179,0
c4897273-dbd9-449f-afe5-b40c401f22ca,3ae5d8e2-1cd9-49fe-a877-331f08d4c8e0,2025-05-13,753.46,electronics,0.36,card,0,1,0.236,metro,0,3,morning,0.22359865383939137,0.0666,0
bf18116d-cfdd-4093-92fd-025766c8dd19,bdf5e5de-7033-4345-ac37-819738c0e957,2025-06-24,370.6,grocery,0.368,UPI,0,13,0.153,tier2,0,1,afternoon,0.2211439005048725,0.071,0
6ae0ca9c-cdcb-47bc-8f83-d8e2ce28ad24,fd6cccad-5f4f-45ca-8142-59059b87515b,2025-07-22,5300.55,fashion,0.1,COD,0,12,0.13,metro,1,3,afternoon,0.2595265118239566,0.2154,0
02309393-32cf-43ca-aa3a-6620e20616e4,6b66d66e-6934-45ee-9a06-94516b474772,2025-10-18,392.25,electronics,0.059,UPI,0,1,0.069,tier2,0,6,evening,0.13085373507915285,0.0423,0
731e53d2-5967-4743-9890-1d0506c64a1e,3f888151-69ed-4006-b5f2-68afced6201b,2025-04-02,4588.05,grocery,0.05,UPI,0,16,0.154,tier2,0,2,morning,0.10820090543681238,0.0135,0
89e4f4c4-7876-47c0-b91f-0bc0566b9757,4ea5dcea-6f48-41f3-9a7f-bf36d200d3fa,2025-02-13,3961.72,fashion,0.176,UPI,1,0,,tier2,1,2,night,0.38529192793710215,0.5995,1
8d5dd561-7cc6-439e-9534-e6dc8ec7d843,eb671c1e-81f6-496c-b68d-49ea47acde37,2025-07-30,314.57,electronics,0.028,card,0,6,0.195,tier2,0,4,night,0.18608348760507418,0.0399,0
05b5be3f-eb9d-43f8-953b-6f01cbe756ea,f798ef7e-e2a3-4c54-b902-894eaf540d62,2025-02-03,7305.54,home,0.194,card,0,10,0.241,tier2,0,3,afternoon,0.21199326223067969,0.0113,0
dbec9d94-b12f-409e-9882-6b02cdf2e324,4c19ca15-e9d8-445e-9a4a-ef49bd34d343,2025-10-04,3371.69,fashion,0.724,card,0,10,0.348,tier2,1,3,afternoon,0.24706696213115537,0.2225,0
1e32c01f-c9fb-408b-b12b-c620166c0fea,028480f1-b690-48c0-b047-37a7c3708214,2025-07-29,6954.43,fashion,0.273,card,0,1,0.634,tier3,1,6,evening,0.5692182601492508,0.1856,0
853474d2-1cba-441c-b014-0649f5dd58de,937f81a2-0c57-467d-869e-aaae2412816a,2025-05-19,2420.51,beauty,0.606,UPI,0,8,0.283,metro,0,2,afternoon,0.2365731909103324,0.1024,0
482ecdb9-d91a-4a4a-a1f0-227048c006ea,530bbe2d-ad3a-48f9-bc50-6461db39ef79,2025-08-12,1930.63,fashion,0.108,card,0,7,0.575,tier2,1,4,afternoon,0.5144941083307562,0.1444,0
e1ff432b-31b7-4541-b7a0-0b932657ec1a,617c2dac-ff86-4a50-b68a-9e92a81ce5c4,2025-02-12,11409.59,electronics,0.177,UPI,0,3,0.47,metro,0,4,morning,0.3565159652552688,0.0087,0
bd2aba40-b727-49d1-9959-0a8bb657c4b7,b3f33ef6-3953-4fa2-b5c0-493473e40312,2025-06-27,554.06,fashion,0.092,card,0,11,0.303,metro,1,3,afternoon,0.24874291058771908,0.159,1
cb484187-4b6d-45b4-88d6-ecbcd82e9ba4,0b3125cc-29c6-4f20-b1ef-8890454bd85d,2025-06-03,1213.44,grocery,0.092,UPI,0,6,0.356,metro,0,1,evening,0.45454338905514596,0.043,0
598831ac-bb24-4a2f-abfc-49a8f2263000,feb110b5-88cd-477f-98d9-c4648c9e917a,2025-09-20,841.38,fashion,0.294,UPI,0,1,0.334,tier2,1,4,morning,0.28099909876364537,0.1782,1
1d7dea35-d94e-4373-b71a-49ab2c4d614a,0b3125cc-29c6-4f20-b1ef-8890454bd85d,2025-10-12,2071.95,fashion,0.212,card,0,7,0.454,tier2,1,3,evening,0.45454338905514596,0.3261,0
299c7f51-c6cc-4aaf-964c-77f5ea50755e,73a298d3-d463-4abb-8029-d3de23df5627,2025-10-03,1670.3,home,0.127,COD,0,1,0.222,metro,0,5,afternoon,0.2557434906898539,0.1382,0
f45afc1d-6125-4924-af02-0181edef9265,f04fffa3-5b04-4da0-9f3b-8a6b87fc1e74,2025-08-12,779.32,beauty,0.178,COD,0,5,0.51,tier2,0,1,morning,0.3517803851773976,0.3746,0
db9a1fc8-3c1c-4d1f-a51c-05e0f9d78085,1a23a683-c22e-476b-84ea-7de5efdd8f6f,2025-04-02,4313.29,grocery,0.216,COD,0,7,0.212,metro,0,5,morning,0.23076225353726293,0.0103,0
25446c18-b8c9-4b17-8e52-660582bcecba,4ab3cbf1-5914-4c42-b2e7-1238debcf239,2025-09-04,5668.91,fashion,0.454,UPI,0,6,0.187,metro,1,2,evening,0.2033814634391261,0.0505,0
316ffd7e-8b34-459b-83e7-7a31061631ba,84f798c4-c576-4100-9357-d92419324080,2025-10-07,6649.29,home,0.141,UPI,0,3,0.0,metro,0,1,evening,0.032458508417533755,0.006,0
49c01dd2-b4e9-44a4-a6ad-08cfbdeda239,887cd766-18e3-4ea8-a875-45653621258e,2025-06-17,985.35,fashion,0.263,COD,1,0,,tier3,1,2,afternoon,0.3724144400903301,0.8672,1
ad41aa78-5957-4f1d-b954-8ac69a135bc7,cdfac639-c4a1-4655-be5a-2d787e76f71c,2025-09-11,1119.46,fashion,0.139,UPI,0,12,0.124,tier2,1,1,morning,0.18576378008237582,0.109,0
fe5cda9c-322c-46a0-8b72-d03a6deebc96,915abb39-22d8-45e0-a5b6-a6320aeb6892,2025-07-24,615.17,grocery,0.393,COD,0,3,0.369,metro,0,6,evening,0.2732031279049196,0.08,0
5027ef05-b52b-4fd3-9dc0-8c57d3dd0152,b35327f3-9a21-435b-a376-d3e29a326d89,2025-05-19,560.09,home,0.486,COD,0,4,0.351,metro,0,3,afternoon,0.3174880999559512,0.262,0
2dfb2315-42a7-464f-b3fe-13e6dd4fa691,2c59936d-caf6-4146-92d2-512fed6fb2a4,2025-03-11,2622.87,fashion,0.588,card,0,2,0.547,metro,1,3,night,0.38559486575544727,0.6537,1
cf1f69a2-f2d4-4430-b1a2-4b21b9cf78cb,bd2946f4-137e-4333-a72e-06e89b0452b6,2025-10-24,363.83,electronics,0.031,card,1,0,,tier3,0,7,morning,0.35032981142098496,0.1113,0
784bfb58-c182-4238-85db-62c2b4272999,ae9132eb-6eff-473e-998e-0c039ce43cc7,2025-09-07,2835.58,electronics,0.266,UPI,0,6,0.151,metro,0,2,night,0.19434600150643108,0.0214,1
648f549c-79df-4de7-90df-7688eb4c6a61,928114f7-f956-485a-b601-6b40b48c18d7,2025-04-26,1408.41,electronics,0.078,UPI,0,5,0.402,metro,0,1,evening,0.29038571770418864,0.0693,0
8db23f66-07a0-430a-b98e-e9a3dd75fa75,bd1084dd-629c-4150-a764-2ccea032f578,2025-03-06,632.01,grocery,0.491,COD,0,7,0.207,metro,0,3,morning,0.21989011196511407,0.1238,0
48725488-d4f8-4bf7-8712-9822de5fa287,3d51b281-7585-4d43-aefd-40a803a1bf4f,2025-06-17,8402.63,fashion,0.551,card,0,10,0.213,tier3,1,6,night,0.24645297721478737,0.2068,0
8160429e-1da0-448c-8c5e-09142a2a591c,4599a51c-2008-4079-839d-ecfc8f342f0e,2025-01-06,921.27,grocery,0.309,card,0,2,0.273,tier2,0,1,evening,0.18723773115835693,0.027,0
ef127829-22bf-4949-978d-6a75488f66c9,3b79a3c2-0050-44b1-b160-fa6030908748,2025-03-29,810.14,grocery,0.447,UPI,0,1,0.175,tier2,0,2,afternoon,0.23555814035267542,0.0489,0
43ffdfde-5685-480e-aa4f-ebdd3f006229,f04fffa3-5b04-4da0-9f3b-8a6b87fc1e74,2025-03-29,9457.59,fashion,0.436,UPI,0,6,0.361,metro,1,3,evening,0.3517803851773976,0.0223,0
bbdd56e3-9534-41ba-a260-43aafa1129a9,61e68552-c2ac-46ab-b349-d5252a071eca,2025-03-17,1397.0,fashion,0.293,UPI,0,11,0.104,tier2,1,3,evening,0.1913603605753747,0.2211,1
018c46d4-7b17-4be4-8a90-d6709a4cf980,5b7e60b7-5f6e-4fbf-93f0-59b97110d877,2025-01-20,250.0,fashion,0.311,COD,1,0,,tier2,1,3,afternoon,0.13254072284680365,0.5471,1
f9fd5700-5dc1-4fbf-9222-accafeac9752,b23d847d-997a-4928-9b10-f50e4fa93ba9,2025-03-30,1984.61,fashion,0.268,netbanking,0,5,0.244,tier3,1,5,afternoon,0.22452854262691951,0.4297,0
40585145-3131-4aae-afdf-1ba6df0b3f34,77e96371-82ca-416e-af8f-071e169e4282,2025-03-27,865.1,fashion,0.107,COD,0,5,0.29,metro,1,2,evening,0.25979890009270734,0.5312,1
02c6bb90-176a-4bf8-ad43-c1315e09eac2,b15097c2-354a-48aa-8b88-0fc27a70d24f,2025-04-30,3111.6,electronics,0.104,COD,0,7,0.339,tier2,0,1,morning,0.35941268307576457,0.1579,0
270c10ca-fd2f-431f-8ba5-2ab4295e7d1d,c098bafa-20a7-4c6c-9fce-d433c8e83be7,2025-01-16,250.0,home,0.633,COD,0,12,0.426,tier3,0,7,evening,0.27580452681496,0.7877,1
86fe68a1-fde6-469a-8c2e-b78bd702127b,feb110b5-88cd-477f-98d9-c4648c9e917a,2025-09-02,4988.01,home,0.181,card,0,2,0.265,tier2,0,3,evening,0.28099909876364537,0.1656,1
d50d48c1-a790-4681-9355-d4ca99c98e64,b48b45a4-753f-4ba5-b83c-ddf1c5e444e1,2025-01-22,2910.36,grocery,0.263,netbanking,0,3,0.553,metro,0,2,afternoon,0.419905690979168,0.032,0
227465b4-9824-4d14-aab2-8995d25a31a8,115b599a-217b-402c-bf2e-d673a28b8b6a,2025-03-06,1198.98,home,0.414,card,0,6,0.261,tier2,0,1,night,0.22490754943212576,0.0969,1
8b3edfc9-a241-461e-99c5-a95fae60f8f7,f87f5cec-4cc7-4356-8a1b-5e82f142a0e0,2025-04-09,479.3,grocery,0.387,card,0,8,0.238,tier2,0,5,afternoon,0.2242312963277271,0.0633,0
4d2747fb-f9df-4444-b607-a43fb8e77c04,48242df6-6544-46ca-8243-b23028d6d805,2025-04-23,1024.05,beauty,0.275,UPI,0,9,0.149,tier3,0,4,evening,0.1548544510371693,0.1313,0
339c63f7-ad65-49c0-b9ba-5747d0cf569f,b2260d18-fffa-4383-9ce1-cdafe986cab2,2025-09-29,1056.04,fashion,0.046,UPI,0,13,0.316,tier2,1,4,evening,0.4468118022423648,0.055,0
dc895d4c-ce0d-42dd-84ba-5539daf9abe4,47cb53b5-07a8-4133-916b-09b281c51f88,2025-08-03,367.02,fashion,0.096,card,0,1,0.495,tier2,1,1,night,0.35614412579298554,0.2312,0
d9d7768f-e354-48d3-92c7-1796ba2b4c35,ac46d877-8423-49a6-902f-7054e0aa8316,2025-04-16,660.53,grocery,0.524,card,0,6,0.057,tier3,0,3,afternoon,0.05573145024510638,0.0274,0
3c26c9d8-615a-48e2-b09f-a98f55082f83,7577f5f5-f434-4ba2-be8d-bc819a90aa7d,2025-05-04,975.87,home,0.258,COD,0,10,0.213,tier3,0,5,morning,0.12936071938754626,0.2553,0
e67d1443-6dc4-4039-b75e-a72245d67d1b,e46f6f26-c239-4aa1-9c65-1209e9e43c60,2025-03-13,1197.24,electronics,0.401,UPI,0,7,0.157,metro,0,3,afternoon,0.24597285000833133,0.0667,0
0435f0e3-ac03-4100-a0c8-e82b2a73438f,7ac50be3-7d5d-43cf-b103-1bd15ed90d91,2025-03-04,2152.47,fashion,0.234,UPI,0,2,0.108,tier2,1,3,morning,0.16177634634701885,0.1612,0
ceedeab3-be85-4ab5-b746-3eb1ac94780c,f87f5cec-4cc7-4356-8a1b-5e82f142a0e0,2025-01-11,1228.49,beauty,0.231,UPI,0,9,0.278,tier2,1,1,night,0.2242312963277271,0.1098,1
75e6efba-059c-46d1-ad65-897148a09f67,1430da84-3676-4e2f-a20c-58786ed1d466,2025-04-17,4124.24,fashion,0.376,COD,0,9,0.384,metro,1,3,morning,0.22121655786542901,0.3235,1
11f627ed-1852-4da9-8047-a8e363ac3835,2efa495b-823a-41bc-843a-d9fcbc5f76d9,2025-07-12,874.34,home,0.039,card,0,3,0.157,metro,0,2,evening,0.11300670394722269,0.1022,0
2d8caaad-df5a-4e3a-99c1-6835c2f74c85,afbedcf2-f5d0-441d-8f1d-dff0523a9d8e,2025-09-26,2259.54,electronics,0.234,UPI,0,7,0.188,tier2,0,8,evening,0.08979930230446,0.0127,0
376acbd4-a2bf-437b-8171-1d1b494d6fed,928114f7-f956-485a-b601-6b40b48c18d7,2025-08-07,1707.55,electronics,0.298,card,0,6,0.274,tier2,0,3,afternoon,0.29038571770418864,0.2748,0
b3106b3c-9e9b-482e-91dc-93a9e5906288,5a4e456a-7177-438a-a82d-59e0133f3eb9,2025-10-19,1724.97,home,0.133,card,0,14,0.095,tier3,0,8,evening,0.23069756686430742,0.1924,0
7991c320-12bb-41f4-832e-86de60adbed7,0b5160a5-9c4f-4c68-ada5-de1d857e1d81,2025-09-28,1080.6,electronics,0.206,UPI,0,3,0.1,metro,0,2,morning,0.14213974082226472,0.0303,0
c68db8c7-9a5f-4af0-a87a-78a6b4ee2103,e337d2a3-6032-4e1f-8ce4-a81121aa131e,2025-01-27,413.23,fashion,0.526,UPI,0,12,0.207,metro,1,7,morning,0.2771725532528444,0.4515,0
14f66160-fe87-4a80-aad2-4d36a0e88715,fa817f08-7258-4220-b553-32eafb85cece,2025-03-12,316.95,fashion,0.314,UPI,0,1,0.493,tier3,0,6,afternoon,0.4395738617127692,0.2966,1
d46c7898-f4c3-4876-89a5-4eae2a3fb7cb,b2260d18-fffa-4383-9ce1-cdafe986cab2,2025-06-21,575.71,beauty,0.058,COD,0,14,0.435,metro,0,4,evening,0.4468118022423648,0.1872,0
6c3c1a13-652c-4e1c-b594-a7640ab59245,264713e0-0ea7-4880-9795-f6f977d4d71c,2025-09-30,1427.04,fashion,0.445,COD,0,5,0.121,tier3,0,6,afternoon,0.1503348970823547,0.3711,0
b1f84916-670e-4e1b-bd89-5bd6c8fa3495,4e36b43b-b841-45d5-b32a-31df7c546a90,2025-02-22,2416.86,home,0.019,COD,1,0,,tier2,0,4,afternoon,0.09027573452996744,0.1631,0
3e965559-76c4-4d80-8b07-00d24c9c6fc5,d68bbbc3-6511-4b4d-b898-eb8a9a3435c0,2025-06-05,1026.09,fashion,0.109,UPI,0,5,0.239,tier3,0,3,afternoon,0.0912579377429543,0.1612,1
92f9cf93-b28b-4a0a-a68e-0cd0c8f369fd,530bbe2d-ad3a-48f9-bc50-6461db39ef79,2025-08-05,324.94,home,0.495,UPI,0,8,0.491,tier2,0,2,afternoon,0.5144941083307562,0.1135,0
95dfc1e6-7e83-432e-afe1-6fdbae34d8f6,bdf5e5de-7033-4345-ac37-819738c0e957,2025-02-03,1132.24,fashion,0.141,COD,0,14,0.143,tier2,1,1,afternoon,0.2211439005048725,0.3878,1
edef14d9-4287-4b03-accb-7e799e6b9ba2,023b9e7c-1296-4744-8d72-4287487c387a,2025-07-24,1101.91,grocery,0.38,UPI,0,6,0.407,tier2,0,3,night,0.3858310964520147,0.0401,0
a0cfe397-4eee-444d-8a62-e31bf8ffa76f,dcc320e0-51d7-4f5a-b1cf-f774f3ea235f,2025-05-09,1655.76,electronics,0.117,COD,0,15,0.082,tier3,0,8,morning,0.08097222048102413,0.3339,0
c64754b6-f218-43af-9ba2-31e9e06761ad,b2260d18-fffa-4383-9ce1-cdafe986cab2,2025-07-26,503.5,fashion,0.137,UPI,0,15,0.525,metro,0,3,morning,0.4468118022423648,0.2415,0
6e68d76d-4859-4c73-8b25-dbc52c75f4dd,03155ba3-cd3a-4a32-9885-eaa1d5a0f4a0,2025-03-03,458.35,grocery,0.106,COD,0,7,0.57,metro,0,2,evening,0.4955830568370258,0.0687,0
2ea40a3a-f944-436a-a2b9-8f6cd6440a4b,8c999c97-976e-46cb-af9a-8058b87fe589,2025-04-21,334.57,fashion,0.246,UPI,0,3,0.3,metro,1,3,afternoon,0.34116143905998736,0.3923,0
f6d33499-c138-417a-92f9-e9f1922b0d28,f6852244-fb62-4597-bb5d-f1adab5317d5,2025-03-04,322.45,beauty,0.116,UPI,0,1,0.077,tier3,0,3,afternoon,0.12077324934022764,0.0899,1
8103ee98-f2f2-4404-9f92-21236bdee69e,19f89160-63b2-481c-a0e9-e6433dfc7007,2025-06-21,250.0,electronics,0.615,UPI,0,1,0.4,metro,0,2,afternoon,0.46365026623247513,0.2172,0
6a5a6e09-1c94-4a6f-a66f-ce25036d0d47,866a73ad-aed0-45a7-8aa9-0f977637a9ea,2025-10-19,6852.17,fashion,0.447,UPI,1,0,,tier3,1,8,evening,0.16757657415686808,0.5452,1
e87652e5-05a4-4c05-9581-16bb655623b2,c3667960-275a-45b2-a2fb-3c154cf68002,2025-07-06,1326.52,fashion,0.251,UPI,0,1,0.257,tier2,1,5,evening,0.42258989063174557,0.1155,0
28ddfa1a-6e64-4ca7-bb41-d0661ad51b78,dcd75ca6-e384-4d4a-a240-2cf7f4192ed6,2025-09-08,1095.81,grocery,0.13,UPI,0,2,0.101,metro,0,3,evening,0.14393935494351567,0.0228,0
06472e88-7a03-4f25-aa70-b70ce13726dd,fd6cccad-5f4f-45ca-8142-59059b87515b,2025-02-28,2277.09,home,0.419,COD,0,13,0.296,tier2,0,4,afternoon,0.2595265118239566,0.2175,0
81c8f645-f0a1-4bea-bbb6-64b3975ac7fe,f1922c32-2521-4e63-8787-5b9056553ff0,2025-05-26,1465.99,electronics,0.447,UPI,0,3,0.545,tier3,0,7,afternoon,0.5633005631276558,0.4183,1
bca532d8-6966-4755-b60c-150cd3afc345,12fe00dd-41ef-4cc6-be37-8ee316d92839,2025-08-07,1960.54,beauty,0.55,COD,0,1,0.364,tier2,1,3,afternoon,0.2484904830770941,0.3692,0
549cfe86-d1af-4323-a3f2-dfb63e799983,4c19ca15-e9d8-445e-9a4a-ef49bd34d343,2025-03-13,1667.62,home,0.095,UPI,0,11,0.117,tier2,0,4,afternoon,0.24706696213115537,0.0664,0
cfd2ed98-9ccf-4aa1-a819-6fcc352d6edb,0d207f8d-c14c-4e36-9c88-59892de2db24,2025-08-02,591.05,home,0.331,COD,0,1,0.151,metro,0,8,evening,0.13908231984528782,0.1165,0
bd912df8-f4fe-40ce-a425-0d1115e8e1e6,264713e0-0ea7-4880-9795-f6f977d4d71c,2025-09-23,826.61,fashion,0.414,COD,0,6,0.152,metro,1,1,morning,0.1503348970823547,0.7554,1
136977b9-e6eb-43c4-9c6f-3d71f5feaf28,fff9b554-3c06-4ee2-8040-5db7e5768014,2025-03-20,1994.58,electronics,0.482,COD,1,0,,tier3,0,5,afternoon,0.3082745733551808,0.5062,1
1877af0d-d5d9-47b7-a1d6-d5837a979af2,879efc3e-a486-44ac-a9cc-29dca850ccc1,2025-03-30,344.85,fashion,0.396,netbanking,0,4,0.262,metro,1,3,night,0.14849469586761202,0.1968,1
2657729e-c2fd-424c-b17c-465343497762,b15097c2-354a-48aa-8b88-0fc27a70d24f,2025-05-17,16176.97,fashion,0.141,COD,0,8,0.2,tier3,1,4,evening,0.35941268307576457,0.1765,0
bcd36d48-3ad7-446b-83b7-f78e7a6fadcc,14d7f0ac-e26c-4a4e-bd97-e0de561457e8,2025-01-19,1190.52,grocery,0.225,COD,1,0,,metro,0,3,morning,0.39012206789628884,0.3636,0
7f92780a-b193-4b45-925c-35c0fd232558,928114f7-f956-485a-b601-6b40b48c18d7,2025-04-24,4608.21,fashion,0.459,UPI,0,7,0.402,tier2,1,4,evening,0.29038571770418864,0.2847,0
2e8124e9-2d55-4bf3-a81d-97c819c085e5,90d4ab83-9a96-4a21-9db9-c0621084e983,2025-05-09,3728.83,beauty,0.543,COD,0,7,0.314,metro,0,2,night,0.29832839962512075,0.2121,0
7840c264-78c5-432b-aaf2-ac98d73d68ba,ec513aca-b3ea-457e-b9fd-46a0fbbd0108,2025-04-20,536.01,grocery,0.064,UPI,0,9,0.307,tier3,0,4,night,0.19762424986659227,0.0158,0
89d28b2a-6247-497d-986b-32f7f58c43ef,0b3125cc-29c6-4f20-b1ef-8890454bd85d,2025-02-25,551.62,fashion,0.223,UPI,0,8,0.285,metro,1,4,afternoon,0.45454338905514596,0.135,0
ba2d5226-5fc9-41c5-a98c-0d4b4d5e50af,e0c7f018-d138-4b2a-8686-c7bc5a512a86,2025-05-24,926.0,home,0.389,UPI,0,5,0.444,metro,0,2,evening,0.32765833124561905,0.0502,0
f6e3b291-a5df-4a9a-9c42-9bb636b6896d,e66cf7c0-8110-437c-9ade-4119f3d89dfe,2025-08-12,1359.37,beauty,0.043,UPI,1,0,,tier3,0,5,morning,0.2828521239790615,0.2794,0
32f0f33a-16b0-4c0a-8528-9e5493be4779,09f0bdb4-9a82-4836-9937-2f88cb2c1621,2025-03-29,4112.53,fashion,0.106,COD,0,7,0.456,tier2,1,3,evening,0.34129841122598414,0.5446,1
e4a88a3d-ac2c-4b7a-b48e-7370c27cdec9,617c2dac-ff86-4a50-b68a-9e92a81ce5c4,2025-07-06,1073.45,home,0.459,UPI,0,4,0.488,tier2,0,3,afternoon,0.3565159652552688,0.0791,0
c5a8ed10-17e1-4bb8-a288-e5a9bd6cf5ad,5a4e456a-7177-438a-a82d-59e0133f3eb9,2025-05-08,433.15,fashion,0.455,UPI,0,15,0.288,tier2,1,6,evening,0.23069756686430742,0.577,1
3b472dec-b874-43ea-929b-482246a41170,023b9e7c-1296-4744-8d72-4287487c387a,2025-02-11,250.0,home,0.152,netbanking,0,7,0.51,tier2,0,5,evening,0.3858310964520147,0.0857,0
45c2881a-0c93-4d87-8364-c034da2742db,b35327f3-9a21-435b-a376-d3e29a326d89,2025-03-03,1429.97,home,0.398,COD,0,5,0.317,metro,0,1,evening,0.3174880999559512,0.1602,0
64460a50-2aba-4dcb-98fa-36bb17864daf,d0180517-a118-4de4-8496-9566b882b94f,2025-05-21,2918.72,electronics,0.355,COD,1,0,,tier2,0,2,evening,0.12664862946612027,0.3302,0
405ff014-32e6-4b5b-a2fa-a0459d1b4de8,cdfac639-c4a1-4655-be5a-2d787e76f71c,2025-07-03,1690.32,home,0.383,netbanking,0,13,0.251,tier3,0,5,morning,0.18576378008237582,0.0937,1
cce33828-becf-4973-874a-69e4d7c66157,244f6df6-0877-4426-b15f-8812d0053625,2025-05-28,1517.06,grocery,0.274,UPI,0,1,0.323,tier2,0,4,night,0.24420543477340984,0.0114,0
e3944d08-39d9-4ec1-95b3-a67ad35e751a,6c751e7f-201c-457e-9d70-b239e0463208,2025-06-10,407.58,beauty,0.262,card,0,1,0.33,metro,0,1,evening,0.3355449419523954,0.0766,0
a3f0fcf7-adae-4cb5-aeb9-540ec6b9bb78,57086f9c-0b28-4eb4-9beb-e6a656c5d362,2025-01-08,2922.73,grocery,0.633,COD,0,1,0.099,metro,0,2,evening,0.11716756530475335,0.0382,0
b77eb28c-a046-436c-9783-001df17fbe8e,3cee8f97-6a9f-48bd-9130-1eeb62534fd4,2025-02-18,3744.06,beauty,0.093,UPI,0,5,0.053,metro,1,6,morning,0.021433052089598018,0.0254,0
6103f625-f704-4b7a-b4a7-d3282ee454f3,e5a6b7a7-ed88-4924-9865-37d2498eaca8,2025-04-14,1871.51,fashion,0.053,UPI,0,4,0.709,tier2,1,1,morning,0.5527709467025828,0.2058,0
3a1684a5-b003-45d2-973e-45d87ad44118,30ed7aa6-3495-4b99-970b-27c038e98f99,2025-05-15,642.09,fashion,0.324,UPI,0,6,0.43,metro,1,2,evening,0.30707185083804733,0.2617,0
399dd86f-8e75-4662-9b62-6a2b001c9e10,ad87b3e3-8b3e-438e-8994-51127b85c296,2025-06-09,3556.55,grocery,0.506,card,0,7,0.011,tier2,0,1,evening,0.06067469417646223,0.0102,0
bc701009-7c02-438c-beb3-f4e0029d9b2a,3e1f62af-b83b-474c-84a3-3e02f8a64e1a,2025-06-12,1335.98,home,0.42,UPI,0,1,0.27,metro,0,4,morning,0.11495022682730283,0.0775,1
44af7222-fd45-44cb-9e60-284f53956984,1430da84-3676-4e2f-a20c-58786ed1d466,2025-08-30,979.53,beauty,0.176,UPI,0,10,0.353,tier2,0,2,night,0.22121655786542901,0.0921,0
206a16a6-7efb-41aa-b659-12da5081f751,82715f5b-0eb8-4809-b878-05fd95a15158,2025-04-14,1720.02,fashion,0.33,UPI,0,5,0.07,metro,1,1,evening,0.021184252375003435,0.2111,0
db93ca2f-be54-42c3-8b78-81be2305e058,3b43db08-fb91-462f-825f-825adffaef1d,2025-04-24,2469.94,fashion,0.263,COD,1,0,,tier2,1,1,morning,0.2241974074982748,0.6089,1
70275ed9-f2d2-4fe7-9689-0f905383e14a,475cfcc6-88df-4e49-810d-e60c6915e823,2025-03-15,3760.25,home,0.128,COD,0,3,0.188,tier2,0,3,evening,0.2511919731705291,0.1534,0
1985d95a-2a7f-4820-9282-2f73124daf63,bdf5e5de-7033-4345-ac37-819738c0e957,2025-03-20,1746.45,fashion,0.293,COD,0,15,0.167,tier2,1,5,morning,0.2211439005048725,0.5503,0
be3f052a-7cf1-4686-9d70-f2999fb76b4d,495163fd-0559-4329-84dc-edfca30a9c34,2025-10-17,2487.74,home,0.298,netbanking,0,1,0.378,metro,0,4,evening,0.20300873036155653,0.0252,0
84fc8ea6-dd37-49dc-b97a-991f29b64325,39f3723f-a6bf-4451-b25e-25894281a272,2025-09-01,591.09,beauty,0.329,card,0,2,0.428,tier3,0,2,night,0.45650740325159334,0.3701,0
4c841304-1129-4d31-b9ff-2491cae1aadc,31ff0d71-1021-4137-a652-0909a72704a8,2025-03-21,5750.06,beauty,0.592,UPI,1,0,,tier2,0,2,night,0.3745706193331196,0.3276,1
a4b83563-3021-44df-9573-f8d078509570,dafa4cb3-c022-4df8-a53f-f33eccbb2af0,2025-10-10,20000.0,electronics,0.443,UPI,0,5,0.1,tier3,0,7,afternoon,0.21055725528180214,0.0053,0
9c297d1c-dd01-4743-a750-14f4464a5dbd,33a4495a-e011-40fd-9886-33ebafd66570,2025-03-12,2282.17,home,0.154,card,1,0,,metro,0,2,evening,0.5304662995952951,0.0672,0
6e094932-1a4e-4a46-836f-ab3613b4ec0d,3552117e-c648-4961-9bf4-6f04c6aa1823,2025-07-20,865.45,grocery,0.449,netbanking,0,2,0.698,tier2,0,4,afternoon,0.6433649856347546,0.1479,0
abaddc58-6741-4e6f-9c73-c1fb3b50d1e9,19f89160-63b2-481c-a0e9-e6433dfc7007,2025-05-04,800.34,grocery,0.042,COD,0,2,0.235,tier3,0,4,morning,0.46365026623247513,0.0576,0
fbe2b74a-9406-4c5c-a013-1cfc64b4902f,7f892973-babf-4935-bab7-187b59d8b023,2025-07-13,882.55,grocery,0.749,card,0,13,0.13,tier2,0,3,night,0.2434169799043869,0.0353,0
4fdaa4c2-6d98-4adf-a33d-5594abd98b50,97d7ac82-2b8f-4c9e-87c2-0b7f4459006c,2025-07-23,6321.91,electronics,0.097,COD,1,0,,metro,0,1,night,0.23943546554719444,0.0901,0
c1f32897-1784-492e-bd55-b27e6b419d6e,366eeefc-701f-415d-a6e8-0090ed33caa4,2025-08-02,15106.15,fashion,0.333,UPI,0,4,0.655,tier2,1,2,evening,0.668440832463893,0.1501,0
4326b523-e9a3-42e9-aa31-d47b155cd3dd,9e9db8b8-b527-46e0-9e4b-211ffcef38a3,2025-02-23,4328.74,electronics,0.33,COD,0,9,0.368,tier2,0,1,evening,0.33315409272597374,0.2692,0
6b564a01-1891-4002-b99c-3e2e51fe4641,6d81b599-cb53-46f9-8600-bf12fd1acddf,2025-08-25,250.0,grocery,0.181,UPI,0,5,0.035,tier3,0,7,afternoon,0.1373435706874969,0.1048,0
998f625e-892f-46f1-baaa-71440295c9dd,c74291cc-50dd-48a2-918a-2263305eb957,2025-07-15,3465.31,home,0.18,netbanking,0,10,0.24,tier3,0,5,evening,0.2897378778415542,0.0495,0
e72a024c-9283-4f52-b6af-4d451c0fa936,1430da84-3676-4e2f-a20c-58786ed1d466,2025-05-14,707.47,electronics,0.067,netbanking,0,11,0.207,metro,0,5,evening,0.22121655786542901,0.0302,0
fb121793-9223-4404-b5ff-e67b2ee471db,8ae9ad9a-0d8c-4d23-b771-81f50780d7b2,2025-06-12,9141.01,fashion,0.403,UPI,0,1,0.183,tier3,1,5,morning,0.17611303556440555,0.1012,0
fd5b27d4-a01b-4fe9-8ad2-10665c1ce7a6,02ffec55-c4c8-4c8f-bbb3-f771110e44c2,2025-08-22,2137.05,fashion,0.349,UPI,0,2,0.305,metro,0,4,morning,0.43544254381347786,0.0886,0
2b99ec57-77e0-4b02-aad8-7374b7ce3cde,9624258c-4f43-4c23-8a52-ae3657722b57,2025-02-25,11467.84,home,0.331,COD,0,6,0.365,tier2,0,2,evening,0.4134664929263236,0.0466,0
3461fa2b-16c8-4705-b15f-aef40f5282da,b6da0c58-e09f-4c64-b488-90dde3c22bf1,2025-08-20,670.86,beauty,0.431,COD,0,6,0.064,metro,0,1,evening,0.06852796151158619,0.1633,0
9419636b-192f-4b9f-be42-6485522977da,bf7f0824-6b4a-4876-bd2d-6e222b836214,2025-10-20,819.92,fashion,0.247,card,1,0,,metro,1,3,night,0.27762091119656535,0.6563,0
26b0fa1f-74c5-4e5c-bfaa-0ab91a34b6d2,fece3053-752e-4f5a-b715-c3d8cb10cde7,2025-07-21,1023.07,home,0.238,card,0,5,0.256,tier3,0,4,evening,0.2486017792851423,0.0548,0
1bda54cc-b05c-48e8-825a-eeb6df93f256,1e8c36c2-6ec2-42d0-bed2-1a1c361dd692,2025-01-25,794.63,home,0.265,UPI,0,4,0.501,tier2,0,1,evening,0.32830159764792616,0.1235,0
40b28b5a-d2b2-441b-81c9-7e1e2e88d61a,72cb42d3-62b2-4036-9300-940e8c49efed,2025-04-07,5241.59,electronics,0.115,UPI,0,1,0.389,tier3,0,7,afternoon,0.26860084009967505,0.0664,0
afb539c7-1f9e-48cb-a927-c1dd43ac6d10,aa2d2e63-76c6-4857-981e-3585a2cf345d,2025-10-11,250.0,home,0.213,UPI,1,0,,tier2,0,1,morning,0.27701546047133413,0.4297,0
6299d4ff-efa2-4c71-ae73-7660aa58057f,c374153f-8010-41bf-a4e6-86be1a997f05,2025-04-28,4177.41,electronics,0.163,card,1,0,,metro,0,2,afternoon,0.28803227133965226,0.0724,0
066356bb-2f5d-4e3a-8d07-6d88c45cb121,55d5bc4c-7c8a-442f-b65c-64ab85db7d38,2025-06-20,250.0,beauty,0.594,COD,0,3,0.416,tier2,0,4,evening,0.32801543383093573,0.4027,0
10620919-985b-4c31-98ef-2e5c67506d5f,ec513aca-b3ea-457e-b9fd-46a0fbbd0108,2025-05-20,2096.74,fashion,0.413,UPI,0,10,0.06,metro,0,5,afternoon,0.19762424986659227,0.0548,0
500d4e6f-d31d-4da7-b6e6-17a6463781a9,90d4ab83-9a96-4a21-9db9-c0621084e983,2025-03-03,16523.72,electronics,0.309,COD,0,8,0.235,metro,0,4,afternoon,0.29832839962512075,0.0092,0
fd26ce21-c035-4ea4-8672-96726a6cdb8e,97d7ac82-2b8f-4c9e-87c2-0b7f4459006c,2025-09-04,899.26,fashion,0.446,UPI,0,1,0.249,tier2,1,1,night,0.23943546554719444,0.2975,1
40b32138-728a-4dda-9f35-ad082de7647f,66ae49f0-46d4-4030-87d4-59cee04caa99,2025-06-21,1731.43,home,0.035,UPI,0,2,0.114,tier3,0,2,night,0.07704457522442643,0.037,0
79143d32-3e14-4c2f-9481-ceba10d47d50,fdebca3c-4db6-45f9-aecf-5b0e2d82bf66,2025-05-16,1490.07,electronics,0.438,card,0,4,0.254,tier2,0,2,morning,0.21485681318313843,0.0693,0
3657ecd1-25a5-4066-8f6b-a8f42d2a6c7f,51c62a9a-f387-47be-9870-79041d5914ef,2025-01-02,684.34,fashion,0.233,card,0,2,0.087,tier2,0,8,afternoon,0.10839420542924075,0.1778,0
e070431a-5556-4dee-ac40-a66c4e2c869c,754ee000-0eb3-4857-a2e8-476c39a286c0,2025-04-23,11080.77,home,0.097,COD,0,4,0.385,metro,0,7,evening,0.2831068452109286,0.0354,0
0dcae523-2ba3-450c-94ca-85178c7ffce3,f511f812-b332-434e-84ac-a8d69f0d2875,2025-01-11,896.95,fashion,0.357,UPI,0,6,0.208,tier2,1,5,morning,0.1091421274751211,0.2879,0
f2138e45-8c30-47f7-b256-aa71a1a27c31,928114f7-f956-485a-b601-6b40b48c18d7,2025-05-01,461.99,fashion,0.384,UPI,0,8,0.284,tier2,1,1,night,0.29038571770418864,0.4493,1
306cc385-12c7-4431-a232-2b41723c5bd5,2022f5c1-083c-4c40-93e7-f3bf5ca21797,2025-08-24,2382.78,home,0.325,UPI,0,4,0.0,metro,0,2,evening,0.03002375015151436,0.0132,0
00c97ec7-edcf-4982-96c4-abb256fe6888,9624258c-4f43-4c23-8a52-ae3657722b57,2025-07-29,2651.04,fashion,0.283,UPI,0,7,0.427,metro,1,7,night,0.4134664929263236,0.2921,0
1d2fd6ff-e586-4531-9e45-7ff5794fa788,31f344da-4c1e-47ec-af4b-557c14d0e8e0,2025-09-21,2155.96,home,0.198,UPI,0,6,0.688,tier2,0,1,evening,0.6039320915435429,0.2363,1
c69368d8-bc92-448e-864c-ab80aa459a7c,12fe00dd-41ef-4cc6-be37-8ee316d92839,2025-10-19,1880.7,home,0.549,COD,0,2,0.319,tier3,0,4,afternoon,0.2484904830770941,0.3855,1
e5f514cb-cf66-4535-b40c-3adbe9ec1df7,cc825a9c-6ef8-48bc-90ca-0bc2af6a4e40,2025-02-26,252.25,electronics,0.56,COD,0,2,0.257,tier2,0,4,afternoon,0.27966983742156076,0.1986,0
e0685489-f5bb-4f03-b0ab-9eab54d56753,bf399c79-ed8b-467b-897d-934545d5ad52,2025-09-19,3644.93,beauty,0.319,COD,1,0,,tier2,0,1,night,0.060512424782000425,0.4223,1
893abcb8-f085-4534-be71-1424be171eca,bd1084dd-629c-4150-a764-2ccea032f578,2025-09-19,2612.51,home,0.12,card,0,8,0.208,metro,0,2,night,0.21989011196511407,0.0273,0
a1b8a318-5053-4f93-9457-92900532c3ce,bdf5e5de-7033-4345-ac37-819738c0e957,2025-03-01,10082.9,fashion,0.184,UPI,0,16,0.236,tier2,0,4,night,0.2211439005048725,0.0521,0
386793fc-d277-4d26-ade3-618038aa42c0,7f892973-babf-4935-bab7-187b59d8b023,2025-03-01,470.63,home,0.235,COD,0,14,0.232,tier2,0,1,morning,0.2434169799043869,0.2488,0
9a131a89-86ee-4485-b425-222dbd4211ca,530bbe2d-ad3a-48f9-bc50-6461db39ef79,2025-09-06,458.79,fashion,0.388,COD,0,9,0.507,metro,0,1,morning,0.5144941083307562,0.7166,1
ea7468ce-f92d-4af9-a96c-72189daeda66,ef114af5-d327-4f43-b130-12fc88eb3ef9,2025-05-12,1645.64,fashion,0.136,UPI,0,1,0.233,metro,1,2,morning,0.19519031892731586,0.1385,0
129e6cfe-3b67-426d-994c-6e3822f54c0c,c328bdf6-8469-4dd7-94aa-166a5d515d1f,2025-03-26,458.94,beauty,0.301,COD,0,2,0.116,tier2,0,10,evening,0.152939181594962,0.3327,0
f333a723-6556-4183-a417-51befbc5a647,eb671c1e-81f6-496c-b68d-49ea47acde37,2025-09-22,877.51,home,0.24,card,0,7,0.19,tier2,0,5,afternoon,0.18608348760507418,0.0559,0
f44c84a5-52cc-42cf-b484-c407d838b50a,31fb899b-f8d2-414f-90c0-6743b2dbc9b3,2025-01-31,3104.09,home,0.189,UPI,0,2,0.344,tier2,0,2,night,0.3358319706571889,0.0624,0
aba39a31-51a5-4c30-9c68-cdabdbcd3fd0,00850f9b-0ccd-4292-aa59-0ccccc2d0338,2025-03-19,250.0,fashion,0.392,COD,0,2,0.245,metro,1,5,afternoon,0.2881986119409372,0.391,0
3617e1fe-0d50-4dea-b462-04acadc78c5b,bbe8e4c6-2da1-471e-b2bd-71328ccd5406,2025-09-03,5010.63,home,0.281,UPI,0,3,0.234,metro,0,2,night,0.21478291236143027,0.0755,0
80dc6645-dd89-4f68-b915-aa35e97e9e4a,8cabcba8-2b36-4f7e-984b-440baba9ad97,2025-01-31,646.7,home,0.277,card,0,5,0.296,metro,0,4,evening,0.27780100478810504,0.0835,1
1f931a5e-bbcd-4b5e-9207-7b5303f1629f,dc42ac0f-d6a1-4bec-98ba-0717ae7c132c,2025-06-08,1399.62,fashion,0.24,COD,0,1,0.497,tier3,1,3,evening,0.342931829566947,0.5977,0
425ab5b5-45ee-4b79-95b9-71376510d83e,fd446eac-86af-48be-bbee-f95080c59e82,2025-07-17,4402.72,fashion,0.117,COD,0,3,0.42,tier2,1,3,afternoon,0.4143300984213656,0.4961,0
17679dc1-6644-4f32-81b4-071eb0cfc08a,a5e935b1-2c69-4267-9bfb-173119adce52,2025-03-25,765.53,beauty,0.374,card,0,2,0.009,metro,0,5,evening,0.09566624421358363,0.1511,0
891970da-a81c-44d6-959c-634054289fa7,c82ff35e-d4c0-40e3-8dbc-ce7b5a246eb2,2025-10-17,765.4,fashion,0.166,card,0,1,0.246,metro,1,2,evening,0.3049431715733594,0.4642,1
ee3412cd-4abf-47c8-93fa-7b9df1d89811,ade38847-ed43-40bb-86a7-c04000915ee5,2025-08-28,1568.87,fashion,0.168,UPI,0,7,0.154,tier2,0,5,morning,0.14720873128711998,0.0558,0
3e6d2509-8931-4e47-994e-567f14dd4bc3,04b89a3b-d082-4664-972e-b40c6268b46d,2025-05-09,1337.79,fashion,0.153,COD,0,2,0.253,metro,1,1,evening,0.24939791763606534,0.4709,1
5506b9db-1bef-4b64-9831-0d9cb42ce7b4,b6352c97-2241-47d4-89b2-77d21afae1a8,2025-03-19,250.0,fashion,0.305,card,0,2,0.244,metro,1,1,afternoon,0.2098480405685214,0.3418,0
9f836182-c16a-4d3c-840c-cfe258d79a43,a5528de8-ca89-4d92-ab88-fb874b251fe0,2025-05-10,815.81,fashion,0.138,UPI,0,1,0.575,metro,1,2,night,0.5079322839859531,0.2521,1
6ac615eb-71d1-447b-9ff1-41fb02b6f1a5,f7243914-f259-4b3f-b4da-cc523ff04815,2025-02-03,471.32,fashion,0.198,COD,0,8,0.369,tier3,1,5,evening,0.2798863894924076,0.4649,1
5ea18584-2c5f-4cba-a8b3-4c2e41d50e3c,8aad1534-c5ee-4b92-be7e-78a529af82b8,2025-10-16,2333.15,beauty,0.146,card,0,1,0.347,tier2,0,3,evening,0.36581399891508337,0.1404,0
751a146f-6289-4fec-8674-b06c3d69836f,ec513aca-b3ea-457e-b9fd-46a0fbbd0108,2025-07-16,2028.67,fashion,0.081,UPI,0,11,0.132,metro,1,6,evening,0.19762424986659227,0.0912,0
9fafbedb-13ff-4fa6-85be-5da2e50d2e51,efd501c7-a124-47a4-8bf7-1698e1fbd0f0,2025-05-01,8484.73,fashion,0.493,COD,1,0,,metro,1,1,evening,0.29966387224425906,0.5423,1
1992427d-a09f-4196-8523-f6ffbd576738,77ca1577-f639-4d21-9261-19447fa58bb0,2025-07-17,414.47,electronics,0.141,UPI,0,2,0.039,tier3,0,4,evening,0.1840815893241802,0.0309,0
ea5a886d-79ab-4247-8b90-befea64e3cc7,bc9aa5af-cb2d-49cb-8b51-cbd09afee7b7,2025-10-17,386.19,home,0.308,COD,0,3,0.449,tier2,0,3,morning,0.34134778732339127,0.2926,0
ce2a7277-3601-460f-b707-68c2a59c00fc,5a4e456a-7177-438a-a82d-59e0133f3eb9,2025-04-23,377.5,fashion,0.63,card,0,16,0.09,metro,1,1,morning,0.23069756686430742,0.1441,0
4fa6ed4f-f8e1-4bb9-a393-113a09b624cd,efca07b7-801d-4f4d-8fd4-f9471ea25c75,2025-01-19,2131.68,fashion,0.488,UPI,0,9,0.423,metro,1,1,morning,0.3870026797871902,0.1851,0
b870dfdb-552e-4ebe-ad3d-5c42050b87b9,b732b9b1-5184-4f45-af4d-630b007d8b56,2025-01-27,11667.28,home,0.301,card,0,9,0.34,metro,0,6,evening,0.3974441051585353,0.008,0
f22d998d-74ca-49d3-9c90-f5e0842a5b38,ec513aca-b3ea-457e-b9fd-46a0fbbd0108,2025-04-08,1305.2,beauty,0.066,UPI,0,12,0.234,metro,0,5,evening,0.19762424986659227,0.2082,0
c1744aa6-8ac3-441f-a093-f296a0dac34e,31ff0d71-1021-4137-a652-0909a72704a8,2025-07-15,5725.46,beauty,0.263,UPI,0,1,0.225,metro,0,2,afternoon,0.3745706193331196,0.0174,0
9bc46114-a30a-4e3e-bcf7-c90c827c01c2,5d07b674-e2c1-45d2-b0b7-a706fe8328d1,2025-01-27,302.06,home,0.169,COD,0,1,0.128,tier2,0,2,evening,0.1683531119228636,0.2453,1
80e6122f-5612-42b6-9a09-d30bd1ceac31,13305eb5-fa9e-4ad0-82e5-51bd1825bb0e,2025-04-15,2940.04,beauty,0.338,UPI,0,4,0.11,tier2,1,4,evening,0.06015710717930573,0.0774,1
bc63f88b-33da-4b48-b50e-37042c539e50,e46f6f26-c239-4aa1-9c65-1209e9e43c60,2025-05-19,1937.59,home,0.103,card,0,8,0.365,metro,0,4,afternoon,0.24597285000833133,0.0121,0
84e43907-67ed-4da7-a472-ce703d29bbd3,eb671c1e-81f6-496c-b68d-49ea47acde37,2025-06-16,280.9,electronics,0.276,COD,0,8,0.147,metro,0,4,afternoon,0.18608348760507418,0.146,0
cce41e73-1e45-4638-999b-57b1a1dfd79b,61e68552-c2ac-46ab-b349-d5252a071eca,2025-08-31,377.05,home,0.161,UPI,0,12,0.255,tier3,0,6,evening,0.1913603605753747,0.3647,1
14f3045e-c9af-436e-9b72-d26e2b0e8011,f04fffa3-5b04-4da0-9f3b-8a6b87fc1e74,2025-05-01,626.05,electronics,0.091,netbanking,0,7,0.305,tier2,0,3,night,0.3517803851773976,0.0326,0
324fb7bd-b77d-4c4a-b689-fc2e26019e28,9303071c-f919-448a-bc56-324b472c0866,2025-06-14,250.0,fashion,0.191,card,1,0,,tier2,1,1,morning,0.1593139112983569,0.68,0
3b060811-2f59-4267-b624-0b08f04d1087,b8abe774-81d5-449a-9754-fa5062eca7dc,2025-01-25,9085.26,grocery,0.555,UPI,0,1,0.308,metro,0,2,afternoon,0.4606189281415165,0.0512,0
aaae878a-7dae-4ed3-ba3c-cf9529db0ad7,4599a51c-2008-4079-839d-ecfc8f342f0e,2025-09-20,4220.16,home,0.35,card,0,3,0.073,tier2,0,6,evening,0.18723773115835693,0.0315,0
283dd7d5-e76e-4480-92ff-13871411439a,dafa4cb3-c022-4df8-a53f-f33eccbb2af0,2025-07-11,3176.16,fashion,0.155,UPI,0,6,0.088,tier2,1,5,afternoon,0.21055725528180214,0.0484,0
657c1c08-9283-4e80-8e14-d892f4902aed,dafa4cb3-c022-4df8-a53f-f33eccbb2af0,2025-02-11,250.0,electronics,0.379,UPI,0,7,0.216,tier3,0,4,afternoon,0.21055725528180214,0.0571,0
168ad6b3-b98d-40c9-bcca-53caa9c6a89e,0713c0ca-d6f7-4aa9-a3ed-d970c819d58a,2025-04-03,654.1,beauty,0.11,COD,1,0,,tier2,0,2,morning,0.36187966998918064,0.5489,1
05c04ae2-9362-407a-aa4b-91339d4690ef,31c1fad5-4cd1-4948-951c-4b6f05b9a3e3,2025-03-25,336.94,beauty,0.356,card,0,4,0.094,tier2,0,3,evening,0.1036578444265268,0.029,0
29152e42-bae9-46a3-81b5-92abf947ab6d,a8c6166f-038a-4ae7-b54d-f52288d81a93,2025-01-15,1967.84,beauty,0.143,COD,0,3,0.108,metro,0,4,evening,0.130383422505818,0.1545,0
b01b6d92-d63c-416c-bec0-4a2b92438607,67991ec5-6540-4afc-8700-1e97c8b7427e,2025-02-23,1452.87,home,0.335,COD,0,2,0.223,metro,0,3,evening,0.13954174495960747,0.1735,0
2c4c2895-58ac-405d-b303-370105d6408e,21929a7c-df34-4e43-ac5e-3ecf09093300,2025-05-28,1615.32,fashion,0.352,UPI,0,3,0.341,tier2,1,3,morning,0.14992661347758604,0.1901,0
a8194023-20f8-4be3-845a-5e49f99af63b,cc825a9c-6ef8-48bc-90ca-0bc2af6a4e40,2025-05-17,995.31,fashion,0.358,UPI,0,3,0.342,tier3,0,3,morning,0.27966983742156076,0.1571,0
ca251fbd-d4da-43a5-9789-00155dc49605,879efc3e-a486-44ac-a9cc-29dca850ccc1,2025-03-08,461.56,home,0.199,COD,0,5,0.147,metro,0,2,afternoon,0.14849469586761202,0.128,0
3ec3d7cc-8664-45dd-8fc4-2d117fe14e8e,67991ec5-6540-4afc-8700-1e97c8b7427e,2025-06-10,250.0,home,0.209,card,0,3,0.025,metro,0,3,afternoon,0.13954174495960747,0.0488,0
f274d68c-d4f6-412d-a14b-4002f124f904,cdfac639-c4a1-4655-be5a-2d787e76f71c,2025-06-05,250.0,grocery,0.389,card,0,14,0.149,metro,0,2,afternoon,0.18576378008237582,0.081,0
14712dd6-443f-4035-8e38-ae6b04e8be5e,f697590d-f50d-4802-8968-8e26c502eb3e,2025-06-02,4230.17,grocery,0.257,COD,0,3,0.351,metro,0,4,morning,0.26335659719559446,0.0432,0
6df40cee-1590-4ef1-9375-357f24e50336,48242df6-6544-46ca-8243-b23028d6d805,2025-06-16,397.08,electronics,0.16,COD,0,10,0.144,tier2,0,6,morning,0.1548544510371693,0.1508,0
b63d2ba7-ab89-4f74-bcc4-23d55feca27c,49ea99a8-160a-45e0-800b-5e0e932fe2aa,2025-06-18,254.54,grocery,0.039,netbanking,0,1,0.137,metro,0,1,morning,0.158432901455159,0.0241,0
9d448533-5e60-4804-b978-b4b24e88b763,31038c75-9316-46a8-910d-a15f407d054b,2025-06-03,2438.37,beauty,0.466,UPI,0,1,0.298,metro,0,2,evening,0.2674753910173624,0.0539,0
aefd933a-028b-48a2-8050-1f958520f234,c8799b6e-004c-411a-a115-82977ad530a4,2025-01-01,1387.82,fashion,0.105,card,0,3,0.048,tier3,1,5,evening,0.20531948812490197,0.342,0
8e962074-cc7e-4b79-ae73-7bcc6035d6af,bd1084dd-629c-4150-a764-2ccea032f578,2025-02-07,2498.92,beauty,0.024,COD,0,9,0.192,metro,1,6,night,0.21989011196511407,0.1629,0
f7a2ab2f-0929-405b-8956-55fdd92df91b,f87f5cec-4cc7-4356-8a1b-5e82f142a0e0,2025-02-17,1046.52,electronics,0.137,UPI,0,10,0.147,tier3,0,6,morning,0.2242312963277271,0.0841,0
f6969f98-8c60-4a4f-abd0-5f3f837d8b2b,efca07b7-801d-4f4d-8fd4-f9471ea25c75,2025-04-18,5904.55,home,0.232,UPI,0,10,0.298,metro,0,4,afternoon,0.3870026797871902,0.029,0
6c043040-c24e-4762-ae68-1a1a7737eb90,babfffb7-a46f-4276-be6a-05750fb04212,2025-10-11,4752.83,home,0.06,UPI,1,0,,metro,0,1,afternoon,0.07820534188507672,0.0571,0
5c9522f9-2559-48b1-93d7-abc20b5a41ff,9e9db8b8-b527-46e0-9e4b-211ffcef38a3,2025-04-14,3150.28,fashion,0.11,UPI,0,10,0.325,metro,1,3,night,0.33315409272597374,0.3429,1
e5446cda-5b45-4548-84cc-7137bb80b292,9624258c-4f43-4c23-8a52-ae3657722b57,2025-01-13,1261.38,beauty,0.382,card,0,8,0.425,metro,0,1,evening,0.4134664929263236,0.1359,0
14b2fed1-125d-4335-8e0e-3ae54e28ecfe,737e35bc-4ea3-42a4-9c26-b22f7099bf28,2025-05-21,1065.69,electronics,0.32,UPI,0,3,0.015,metro,0,1,evening,0.05662677973259444,0.0237,0
1ddc91d2-4b60-4fb3-911f-faab0935f7f8,36d6b08a-5436-4a2f-83c2-120975d4be7f,2025-06-02,1703.64,home,0.416,card,0,13,0.0,metro,0,5,evening,0.04915448350944119,0.0292,0
ad0c6add-1ad8-4bcf-a702-b85c7223c725,fd446eac-86af-48be-bbee-f95080c59e82,2025-06-08,346.19,fashion,0.043,card,0,4,0.419,tier2,1,2,afternoon,0.4143300984213656,0.3946,0
9aa3450e-f092-447d-b369-f9ffe980427c,eded4543-f459-492f-b7c0-129218916835,2025-05-29,839.56,home,0.317,UPI,0,1,0.362,metro,0,1,afternoon,0.3758845675178493,0.1098,1
21024dfc-876e-4875-be3c-0c94b75f85ef,f60dd379-b761-4abe-a910-2e679a649299,2025-08-29,2023.4,beauty,0.361,COD,0,4,0.568,metro,0,6,night,0.6231863021915255,0.3159,0
46c070c5-7c7a-440a-8c1f-41754d0e0d3c,4a210397-e8f5-48f0-9b24-1863f194f342,2025-05-25,3672.68,fashion,0.49,COD,0,3,0.9,metro,1,2,afternoon,0.7642110094338409,0.8144,0
dd076b32-3946-42bd-bc87-0e6bf7b63355,1c72fd9b-a412-4c8d-8074-a48984ddf5a0,2025-01-19,2315.39,home,0.544,UPI,0,2,0.118,tier3,0,4,evening,0.11496764830095485,0.0621,0
8234602d-9ed3-494e-9f8e-b65999726057,ec513aca-b3ea-457e-b9fd-46a0fbbd0108,2025-07-12,19757.02,beauty,0.249,UPI,0,13,0.224,metro,0,1,night,0.19762424986659227,0.0027,0
a758929c-1aed-4a06-84ba-3e9d05142792,2e69e260-0ee4-43cf-9c88-a409981081c6,2025-07-27,3631.48,fashion,0.413,COD,0,7,0.596,tier3,1,5,morning,0.41585134920398,0.6055,1
373cdd7a-2684-4447-88e7-867047c99c1e,eb9e5347-b3bf-4a4f-b52b-c9111ab81344,2025-07-05,599.9,beauty,0.18,UPI,0,2,0.112,metro,0,3,morning,0.12149518069965874,0.0472,0
a2c6a1a7-9a1d-413f-be50-e6c7e3669df8,dfa46b30-8254-491f-82a9-f48d15af87ec,2025-02-11,778.79,home,0.141,card,1,0,,metro,0,5,morning,0.3168272953486334,0.0475,0
86f691e8-8eb5-4324-8bc0-1f9293b2867c,cdfac639-c4a1-4655-be5a-2d787e76f71c,2025-08-07,4787.81,grocery,0.574,card,0,15,0.115,tier2,0,4,evening,0.18576378008237582,0.0195,0
0efb775f-f78a-4589-a4d8-107da24b4f33,b0766d31-1a36-4d3f-a85e-96413fb52d53,2025-02-11,1987.3,electronics,0.141,card,1,0,,metro,0,4,evening,0.06885084713508903,0.0985,0
a769b535-0609-4801-9a82-f7d913ae29be,d684615e-b5d2-4dff-856f-f7aa94f57139,2025-04-06,634.55,fashion,0.272,COD,0,6,0.421,tier2,0,5,morning,0.391147140695262,0.3412,0
624a11d1-63b5-4bf9-9d97-205d917843a7,50dc3803-1af4-4a0a-8917-ca0e73db20ad,2025-08-03,2233.63,electronics,0.157,netbanking,0,4,0.202,metro,0,1,evening,0.3098477304837669,0.0316,0
39864921-7f6d-4124-89eb-5a465aa31c97,b3f33ef6-3953-4fa2-b5c0-493473e40312,2025-09-18,361.81,beauty,0.448,COD,0,12,0.273,tier2,0,1,night,0.24874291058771908,0.2063,1
fa468a98-a98b-42b9-9229-06884b568fe4,6c361c11-ca46-4858-84ff-ccace7f3ec03,2025-06-19,15699.92,beauty,0.597,COD,0,5,0.212,tier3,0,4,afternoon,0.17298841463602524,0.0744,0
e5ae3f49-5686-458c-b6db-7a75d9a0bcf4,1f06f63a-b4b1-4b03-bfcd-0334b93f8852,2025-05-20,250.0,home,0.129,COD,0,2,0.103,tier2,0,3,afternoon,0.07981520295766234,0.1822,0
176d12e3-2099-44f1-ab3a-5ea491d6ce8e,bd1084dd-629c-4150-a764-2ccea032f578,2025-10-01,1173.55,home,0.455,UPI,0,10,0.223,tier2,0,6,night,0.21989011196511407,0.2537,1
bcdb6bfd-d099-4afc-b998-76f91d1723c9,023b9e7c-1296-4744-8d72-4287487c387a,2025-05-03,3364.07,home,0.083,UPI,0,8,0.275,metro,0,3,morning,0.3858310964520147,0.0304,0
8b34ce56-84c8-49c5-ade8-e6bee478dffb,bd3c3573-0103-48f0-b2c0-b7ec007b2db3,2025-06-26,2985.67,beauty,0.097,UPI,0,4,0.263,tier2,1,3,morning,0.23310699843617838,0.0882,0
250a0164-4616-4879-b310-a7e62df21194,6c56ea03-6f25-465a-8841-c114051cab81,2025-06-15,14927.96,fashion,0.201,UPI,0,11,0.42,tier2,1,1,afternoon,0.29048499029100583,0.0586,0
0f2ff5bf-f240-41ec-9d6c-f354d00018d9,8072997b-4154-420b-b82c-3e57d37444e3,2025-10-22,1635.88,fashion,0.237,UPI,0,3,0.447,tier2,1,2,morning,0.2676344641423701,0.2385,0
9a6c7092-7ec7-4140-a847-7dd1196d9bb5,feea7c80-d662-4acf-a55b-6fe675e1cbec,2025-07-08,4948.44,electronics,0.359,UPI,0,2,0.687,tier2,0,1,afternoon,0.5777434668907969,0.1089,0
7956b0c6-f335-4447-b46f-563071211dba,cba1f52f-9905-4405-b96d-4c622c0b248e,2025-10-08,734.58,fashion,0.434,COD,0,5,0.568,tier2,1,3,night,0.4451782602422671,0.7697,0
7acc66aa-6068-4817-a02c-a1d842ca2353,3bd11f4d-7dd1-422b-8df9-7dc5cf636fc9,2025-09-19,1456.58,grocery,0.028,card,0,1,0.306,metro,0,2,morning,0.3052133289526958,0.0097,0
6bfa0419-b703-4468-b05b-e88f5c819249,f511f812-b332-434e-84ac-a8d69f0d2875,2025-06-07,454.11,fashion,0.263,card,0,7,0.041,metro,0,1,evening,0.1091421274751211,0.0465,0
da1b9f12-e628-4027-b27d-584219e80258,2e47b7ee-0809-4ae4-8dd5-f4c88b6fe2c2,2025-04-10,4241.6,fashion,0.498,COD,1,0,,metro,1,7,morning,0.3607060487773846,0.6344,1
af3fc686-6b2b-43c7-bfec-7d78574a21be,041cf125-f1c4-4f04-95ec-a4fd5838d35a,2025-02-06,2442.87,grocery,0.099,COD,0,1,0.288,tier2,0,3,afternoon,0.3408921063238981,0.0232,0
18e65b57-9286-48be-a446-eb104499c0eb,b5daeff1-0e3f-47c3-be6d-6411c18d7d85,2025-09-30,3719.68,fashion,0.071,COD,0,1,0.196,tier2,1,4,evening,0.12950940053657903,0.5344,1
1bc62eaf-878e-4475-b316-350cf1f0458a,e46f6f26-c239-4aa1-9c65-1209e9e43c60,2025-02-16,250.0,home,0.592,netbanking,0,9,0.373,tier2,0,5,morning,0.24597285000833133,0.0837,0
a735a902-2fa5-4186-8c43-3a40fa32057b,f199d728-1d9f-4f39-a327-e44d59807a12,2025-10-09,6825.02,fashion,0.355,UPI,0,1,0.0,tier2,1,1,afternoon,0.030140451518511184,0.1619,0
8ee7959c-1d0b-42a5-b635-18ab5dc25f61,078f9f9a-5da9-4764-b5e3-00ee1774a365,2025-04-23,428.6,beauty,0.336,card,0,2,0.509,tier2,0,2,afternoon,0.5866676553486984,0.101,0
da0e0500-21d0-4cb0-9f55-8c71881245f4,837de4f1-00c2-48be-93ad-a2147a1f43db,2025-06-28,3284.95,fashion,0.195,COD,1,0,,tier2,1,4,night,0.3299635449412858,0.7369,0
b11d30ae-21db-42d9-b7f9-d7f41ba463d2,cb03e063-2d4a-4cc8-bfc8-902ef4068b93,2025-06-24,688.92,fashion,0.341,COD,1,0,,tier2,1,3,afternoon,0.13948659265221522,0.8391,1
bc5309f9-4edf-4f68-b78b-d5b3fe87da66,617c2dac-ff86-4a50-b68a-9e92a81ce5c4,2025-10-16,682.19,fashion,0.405,COD,0,5,0.388,tier3,1,7,night,0.3565159652552688,0.4763,1
1d532c8d-0003-4e66-aa31-4741b647705d,e0be4c42-c5d2-46e6-98a3-f57143c81929,2025-03-28,2260.61,beauty,0.561,COD,0,7,0.132,metro,0,3,evening,0.23228588338828865,0.2188,0
c2a87d78-6a58-49f6-a29b-cbfcd4421974,f04fffa3-5b04-4da0-9f3b-8a6b87fc1e74,2025-02-17,2643.53,fashion,0.353,COD,0,8,0.293,metro,1,5,afternoon,0.3517803851773976,0.6806,0
ab84a4ea-947e-4161-a875-2d2d810b8cdc,bdf5e5de-7033-4345-ac37-819738c0e957,2025-05-12,5170.19,electronics,0.437,UPI,0,17,0.157,tier2,0,1,afternoon,0.2211439005048725,0.04,0
6ef099dd-bc45-4222-87ba-493ecdefa78e,aa146080-a61b-4d65-8941-28a1786e2342,2025-04-18,947.45,grocery,0.31,COD,0,1,0.532,metro,0,1,evening,0.519733870835829,0.2051,0
1d9fc262-95ef-49ce-bfa3-f961b2f4d045,939f477a-622d-443e-a4ab-1b6fbd126f85,2025-07-20,1089.97,fashion,0.75,card,0,1,0.458,tier2,1,2,morning,0.46524312849146254,0.5516,1
c078915c-4141-4485-befb-5ba5062f05ea,ebb8a1f2-51a7-4500-b1ee-9350840d7c45,2025-08-17,1134.34,fashion,0.141,card,0,2,0.174,metro,1,5,night,0.2923331864352393,0.2361,0
6df29912-9268-4eb5-872b-31bebc950d00,4599a51c-2008-4079-839d-ecfc8f342f0e,2025-07-10,1661.87,fashion,0.141,UPI,0,4,0.372,metro,1,8,afternoon,0.18723773115835693,0.3722,1
61a6a973-8266-4b7f-9d12-7d94682fc607,3bd11f4d-7dd1-422b-8df9-7dc5cf636fc9,2025-08-31,803.07,fashion,0.503,netbanking,0,2,0.204,metro,1,3,afternoon,0.3052133289526958,0.2551,0
02edf623-b5b7-4c75-bd06-662c82dc8e95,fd6cccad-5f4f-45ca-8142-59059b87515b,2025-01-28,1105.44,electronics,0.374,card,0,14,0.219,tier2,0,2,morning,0.2595265118239566,0.0667,1
24f00297-e86f-444e-a217-6a1249f69a9f,9951c575-3f45-441e-a3e0-9673e3741a9f,2025-08-09,250.0,grocery,0.016,UPI,1,0,,tier3,0,4,morning,0.360977463801103,0.0598,0
9938e76b-dd59-4319-b764-e4a5dd50459f,02a9477e-48f9-41c5-b992-a167ea1cd57a,2025-02-25,991.64,fashion,0.427,card,0,4,0.192,tier3,1,5,night,0.26357426902472036,0.1816,0
6286923d-9058-4a8d-86a2-9d10fa5ebf74,38384398-7058-4fd7-b01b-cbda8d50a490,2025-07-15,1023.24,fashion,0.122,card,0,6,0.172,tier3,1,6,night,0.12601617248198352,0.3341,0
aa2997b0-9e5f-4be6-aa54-43350e1f18b4,9624258c-4f43-4c23-8a52-ae3657722b57,2025-09-13,792.34,fashion,0.497,UPI,0,9,0.425,tier3,1,7,evening,0.4134664929263236,0.5299,0
f2864370-888d-4d35-80be-5304327c08cb,67991ec5-6540-4afc-8700-1e97c8b7427e,2025-07-30,3245.59,electronics,0.146,COD,0,4,0.112,metro,0,1,night,0.13954174495960747,0.1281,0
db267ecd-0da6-4e12-89c7-28a047764508,5177ad25-f39b-42aa-9106-28c069721b05,2025-06-21,1497.17,beauty,0.139,COD,0,1,0.022,metro,1,3,night,0.09342709211833844,0.4513,1
00622b80-b5bd-43d5-8395-c34f0ccc8d3f,d6820024-4c8c-44b8-8098-59f8938ad61c,2025-07-28,621.5,fashion,0.302,UPI,0,1,0.745,metro,1,2,evening,0.7830202777801657,0.3373,0
57bb427f-eca7-473e-9f5c-5e99b6c6a8ce,3f888151-69ed-4006-b5f2-68afced6201b,2025-06-17,2461.7,electronics,0.116,COD,0,17,0.019,metro,0,2,night,0.10820090543681238,0.0477,0
7ce75fc0-9503-4bb2-8241-86d61b52ba62,50dc3803-1af4-4a0a-8917-ca0e73db20ad,2025-01-29,506.06,fashion,0.205,netbanking,0,5,0.401,metro,1,2,evening,0.3098477304837669,0.1729,0
b2240534-a3dd-4535-87b7-9cecbe2fb1c4,412fdcc8-a20c-4ee8-986c-d10d8bf4a971,2025-01-14,1002.47,fashion,0.085,COD,0,2,0.577,tier2,1,2,evening,0.6645072620284929,0.7486,1
b88684ee-fba4-4174-a45f-0945264f231f,9aa571df-aea2-47de-b06c-0ea67f546c81,2025-02-05,736.43,beauty,0.218,UPI,0,5,0.159,metro,0,5,evening,0.23081817084314912,0.0298,0
4bb20cd2-6d28-4ff7-873e-9d3b9741b871,02a9477e-48f9-41c5-b992-a167ea1cd57a,2025-06-16,250.0,home,0.221,COD,0,5,0.304,metro,0,2,evening,0.26357426902472036,0.2193,0
e7f6f91f-dbb0-41f0-887f-722312d59376,91d9555b-1d4d-4f40-aeaa-eb332e280fbc,2025-04-06,3296.17,home,0.47,UPI,0,4,0.082,tier2,0,3,night,0.15808045554802053,0.0261,0
8a4a2caa-758b-4f93-8073-6e4df0f3ae3c,7ac50be3-7d5d-43cf-b103-1bd15ed90d91,2025-05-27,649.79,fashion,0.289,COD,0,3,0.13,tier2,1,1,afternoon,0.16177634634701885,0.6665,0
3fc8049c-9aa8-4c3f-9d6f-89da4966d3c8,75eeaa53-7844-43df-bc21-e13cd628ffb7,2025-07-29,250.0,fashion,0.153,netbanking,0,3,0.204,tier3,1,3,evening,0.20763912883986363,0.3276,1
51c64f96-b73c-4780-8a24-a0fb4c7c1ce0,078f9f9a-5da9-4764-b5e3-00ee1774a365,2025-01-06,1269.21,grocery,0.074,UPI,0,3,0.65,metro,0,2,evening,0.5866676553486984,0.025,0
284f6ab0-efcb-46ec-b1e3-d78992ca4b4d,cd9d8125-8011-4465-92dd-50bd06de23f3,2025-08-29,2709.61,grocery,0.498,UPI,0,4,0.374,tier2,0,1,afternoon,0.46001324343588723,0.1326,0
102cb04e-63ac-4950-9282-318195652bf6,67c83591-ba4a-4cc3-8d5e-5106212b6325,2025-03-03,1113.65,fashion,0.064,card,1,0,,metro,1,2,evening,0.2971102685881172,0.2106,0
b196821f-944e-4557-adea-4ab946648646,115b599a-217b-402c-bf2e-d673a28b8b6a,2025-05-02,251.0,fashion,0.067,UPI,0,7,0.312,tier2,1,1,evening,0.22490754943212576,0.216,0
1f02bf82-4814-4c8b-b64d-9ffe88843db6,77e96371-82ca-416e-af8f-071e169e4282,2025-03-10,250.0,beauty,0.209,UPI,0,6,0.245,tier2,0,8,evening,0.25979890009270734,0.0356,0
b2cfcf55-5179-4000-9bb8-bb830ab53966,7d8ad8e7-c1a0-4266-8d87-cac7c06a3728,2025-03-22,1832.4,home,0.109,UPI,0,1,0.396,tier2,0,3,evening,0.3750474517068999,0.0941,1
484ecf00-2846-4600-a7ea-6b0dbdb52124,9217ecdc-d061-423a-bece-deaae6b81fda,2025-07-06,5710.91,beauty,0.295,UPI,0,1,0.247,tier2,0,3,afternoon,0.13728543870125234,0.0386,0
258524a1-f3cf-4dd6-bf30-448535306465,3f888151-69ed-4006-b5f2-68afced6201b,2025-10-16,3857.61,beauty,0.75,card,0,18,0.167,metro,0,4,night,0.10820090543681238,0.0865,0
6f416105-bb53-4015-b24e-c9b8edea5f77,551aee57-0df4-4a51-9afa-0babaf28b33a,2025-03-29,3141.34,home,0.12,UPI,0,10,0.221,tier2,0,3,evening,0.18168234468688693,0.0237,0
227d4228-c1e3-4720-a870-0bffdd403a8e,fee7a85f-cf25-4349-b927-7a6f87b1bd3f,2025-04-21,764.56,home,0.053,UPI,0,4,0.298,metro,0,4,afternoon,0.3325622338548419,0.0268,0
8663b0e6-3e2e-418b-bcd5-0b907567d26e,041e6bc9-db72-4f93-9250-95c5729fd5f6,2025-06-23,332.78,fashion,0.24,UPI,0,5,0.284,metro,1,4,afternoon,0.24989906497225137,0.1658,0
ee84e644-9b3b-4579-acd7-b70bdf7db90e,85682d41-16d6-44ad-8e5d-63938077ab79,2025-06-29,568.69,fashion,0.193,UPI,1,0,,metro,1,6,afternoon,0.20370978877684995,0.6221,1
78353de3-cc86-4dc3-bae5-2fae8f68100a,fd281fbb-79c1-45b3-9e12-038f990994d1,2025-03-29,2745.98,grocery,0.198,UPI,0,3,0.227,tier3,0,6,evening,0.11826527161057414,0.0423,0
c25df5f3-21b7-4a7e-8a49-339102489b49,041e6bc9-db72-4f93-9250-95c5729fd5f6,2025-03-31,1093.72,electronics,0.055,COD,0,6,0.239,tier2,0,2,night,0.24989906497225137,0.0682,0
1334ff1f-2a75-476e-9e37-8faf223d8717,b3f33ef6-3953-4fa2-b5c0-493473e40312,2025-09-08,1517.08,home,0.704,card,0,13,0.409,tier2,0,3,evening,0.24874291058771908,0.052,0
a5f9bdd7-679d-4a46-a47d-d9ecc7866fb7,e0be4c42-c5d2-46e6-98a3-f57143c81929,2025-10-05,3100.16,electronics,0.397,UPI,0,8,0.184,tier2,0,1,evening,0.23228588338828865,0.1439,0
328b64ca-1807-4e4d-b676-319b1124e86a,d95f3748-692e-4e76-a57e-8be24ad5336d,2025-07-09,320.56,electronics,0.272,COD,0,1,0.139,tier2,0,4,evening,0.12605441282590366,0.0369,0
0ac6ce6e-156f-4303-a4e0-52cace8880d6,72cb42d3-62b2-4036-9300-940e8c49efed,2025-09-26,250.0,electronics,0.385,UPI,0,2,0.22,metro,0,3,evening,0.26860084009967505,0.1183,0
95b4772c-eaac-4173-b9e0-be7549dd2776,ea2ea2e1-ad32-4fa1-9907-dc30c57262e0,2025-06-12,1317.06,electronics,0.006,COD,1,0,,metro,0,3,morning,0.33375713618452035,0.2383,0
ad53a70e-fe06-468f-b224-6de9d7eb8ed3,115b599a-217b-402c-bf2e-d673a28b8b6a,2025-08-02,2253.39,fashion,0.257,COD,0,8,0.326,tier2,0,4,night,0.22490754943212576,0.2645,0
28c873b3-dfdf-4c05-9797-c7d85820c423,bd3c3573-0103-48f0-b2c0-b7ec007b2db3,2025-09-20,1800.88,home,0.391,COD,0,5,0.226,tier2,0,1,night,0.23310699843617838,0.1591,0
e23d457d-0f73-40cb-9afa-d8137d464d94,3ee32102-de20-4ee2-a47d-3a6522a5a3a8,2025-07-12,946.64,electronics,0.329,UPI,1,0,,tier2,0,4,afternoon,0.6171434097870331,0.2459,0
5acd1f9c-734d-432a-bd7d-282811ccb676,b5214a86-0454-4ac2-900e-2783858d45dd,2025-07-10,896.29,beauty,0.688,card,0,2,0.351,tier2,0,2,evening,0.31538639948094277,0.3342,0
c899b50b-30be-4767-b7e3-437e77076e5e,33167d9d-5419-43f1-a9d8-4e511557a953,2025-05-12,250.0,beauty,0.343,COD,0,1,0.084,tier2,1,3,evening,0.12241533806316059,0.5371,1
dfa974e1-329c-40ca-9c27-e919c6eb4dce,13305eb5-fa9e-4ad0-82e5-51bd1825bb0e,2025-09-24,428.24,fashion,0.2,UPI,0,5,0.0,tier2,0,3,night,0.06015710717930573,0.1586,0
990571f6-c1be-4892-ad2d-7df051b8d9ee,bdf5e5de-7033-4345-ac37-819738c0e957,2025-03-20,1726.08,electronics,0.115,COD,0,18,0.253,tier2,0,6,afternoon,0.2211439005048725,0.064,0
7ca9c13b-01aa-4409-a02c-6d1c91106f0f,98f128ba-5f7a-45ba-b9fd-4d3978030042,2025-10-06,756.64,home,0.345,UPI,0,1,0.146,tier2,0,2,evening,0.11390723161822383,0.0513,0
4d3e8c93-fa9c-4568-b517-c954734497d0,30ed7aa6-3495-4b99-970b-27c038e98f99,2025-06-01,250.0,fashion,0.53,UPI,0,7,0.32,tier2,1,6,evening,0.30707185083804733,0.3642,1
dffb452f-3484-4e29-92f8-a4006c9763e0,f60dd379-b761-4abe-a910-2e679a649299,2025-08-28,2691.43,fashion,0.133,COD,0,5,0.694,metro,1,1,afternoon,0.6231863021915255,0.505,1
82771b8f-4d71-45ca-ac81-58c23b4dbc0a,f511f812-b332-434e-84ac-a8d69f0d2875,2025-03-02,1177.33,fashion,0.139,UPI,0,8,0.0,tier3,0,7,evening,0.1091421274751211,0.1341,0
711c90e9-cdda-4603-94aa-3fb047691cfa,cd9d8125-8011-4465-92dd-50bd06de23f3,2025-07-09,9383.87,beauty,0.144,UPI,0,5,0.275,metro,1,1,evening,0.46001324343588723,0.0769,0
b1e4e903-cfb8-441d-bfa0-32fa05afc753,ac46d877-8423-49a6-902f-7054e0aa8316,2025-05-24,250.0,electronics,0.75,COD,0,7,0.12,tier2,0,4,evening,0.05573145024510638,0.2723,0
24346bf1-d26c-4bf8-a363-8faf73c34ae4,dd1d4990-d4e5-4687-bd01-cb6b03a151bf,2025-06-30,3147.53,fashion,0.372,COD,0,2,0.044,tier2,1,3,evening,0.0920841435969077,0.4764,0
f7298fb8-f063-46ad-8991-fd8a5667ca44,5d07b674-e2c1-45d2-b0b7-a706fe8328d1,2025-08-09,1264.72,grocery,0.156,card,0,2,0.14,tier3,0,2,evening,0.1683531119228636,0.0215,0
d7a4531c-b07a-417c-8aad-efbb97df5b84,31ff0d71-1021-4137-a652-0909a72704a8,2025-04-20,447.28,beauty,0.569,COD,0,2,0.515,metro,0,4,night,0.3745706193331196,0.708,1
00850a7c-f0cd-4c11-adbb-6c19769eba2a,cdfac639-c4a1-4655-be5a-2d787e76f71c,2025-05-16,382.06,electronics,0.364,COD,0,16,0.16,metro,0,3,evening,0.18576378008237582,0.1047,0
e23af720-cb48-411e-b363-c0c8166c5aa1,61ae023e-6ada-495e-a057-0f2fa2e1887b,2025-05-23,261.34,electronics,0.155,COD,0,2,0.095,metro,0,6,morning,0.10073875282927403,0.0878,0
7a307c91-411d-463a-aebb-6cd403e06f31,51c62a9a-f387-47be-9870-79041d5914ef,2025-02-09,250.0,beauty,0.384,COD,0,3,0.027,tier2,0,3,night,0.10839420542924075,0.2574,0
5cef6176-c3ca-46ec-9d28-07baa12c07da,551aee57-0df4-4a51-9afa-0babaf28b33a,2025-07-25,2421.0,fashion,0.052,netbanking,0,11,0.247,metro,0,1,afternoon,0.18168234468688693,0.1165,0
6cf955c1-9649-432a-b41f-e2d05af4e323,078f9f9a-5da9-4764-b5e3-00ee1774a365,2025-04-21,3619.7,grocery,0.175,netbanking,0,4,0.482,metro,0,4,night,0.5866676553486984,0.0157,0
e169aef2-006f-406b-a4da-5a2917f746a3,cb03e063-2d4a-4cc8-bfc8-902ef4068b93,2025-08-06,1364.97,fashion,0.315,UPI,0,1,0.087,metro,0,7,evening,0.13948659265221522,0.1003,0
52c5df7d-f8f7-4fbb-95ca-c6dc12d0ac7e,ec513aca-b3ea-457e-b9fd-46a0fbbd0108,2025-06-19,1519.79,beauty,0.478,card,0,14,0.279,tier2,1,4,afternoon,0.19762424986659227,0.1846,0
5d228dcd-64ab-4b33-947f-9f704f43f2e8,b23d847d-997a-4928-9b10-f50e4fa93ba9,2025-02-21,4221.18,grocery,0.243,UPI,0,6,0.201,metro,0,6,night,0.22452854262691951,0.011,0
55ae48aa-6984-4d65-a883-121b0458a243,eb9e5347-b3bf-4a4f-b52b-c9111ab81344,2025-01-24,6313.29,home,0.052,UPI,0,3,0.013,metro,0,3,night,0.12149518069965874,0.0102,0
df1d02de-5ee3-4762-baae-54f21110ec0b,f511f812-b332-434e-84ac-a8d69f0d2875,2025-03-04,1960.2,fashion,0.407,UPI,0,9,0.093,tier3,1,3,evening,0.1091421274751211,0.1738,1
273c3f3b-d1ff-40e8-93a7-4e05f4724eca,babfffb7-a46f-4276-be6a-05750fb04212,2025-06-25,915.91,fashion,0.393,UPI,0,1,0.101,tier2,1,5,afternoon,0.07820534188507672,0.3958,0
85cfae76-89c8-442f-bfae-25d1fe4e5ab9,8975f922-81ed-4d18-b7b8-80f64c0d33a4,2025-06-16,1759.74,home,0.104,COD,0,2,0.162,tier3,0,6,afternoon,0.16694172135754215,0.2066,0
367bbe4c-3421-4e9f-ad2b-59555d04b20d,ac0ed3da-6d79-4329-959d-5629884008b4,2025-01-25,1861.53,grocery,0.484,UPI,0,3,0.0,metro,0,3,evening,0.04633846991413163,0.0171,0
65fab764-c38e-420e-aa17-a5946ce2566b,e337d2a3-6032-4e1f-8ce4-a81121aa131e,2025-03-06,886.68,electronics,0.551,COD,0,13,0.34,metro,0,1,night,0.2771725532528444,0.475,1
461419be-6807-40d2-a823-b58ccd9f84c0,8b55abca-f492-4faf-b532-aa8dc3c9f9be,2025-08-23,1453.88,home,0.343,COD,1,0,,tier3,0,5,night,0.17798509488768136,0.6987,0
a3dbfa67-32de-4001-832b-e96f9ee3e0bd,f511f812-b332-434e-84ac-a8d69f0d2875,2025-01-29,3609.92,grocery,0.373,COD,0,10,0.083,tier2,0,6,night,0.1091421274751211,0.1921,0
e9671684-1048-4fbc-97a7-4c8dd06eac82,9d939e1c-b8da-4c70-95f1-935678f16771,2025-07-22,1189.5,fashion,0.2,COD,0,1,0.363,tier2,1,4,morning,0.19264547693073103,0.4061,0
585d9f6b-4040-407b-b627-ca978d2e7e16,5b7e60b7-5f6e-4fbf-93f0-59b97110d877,2025-01-19,3223.21,beauty,0.201,UPI,0,1,0.26,metro,0,2,evening,0.13254072284680365,0.0863,0
b410aa3f-99b0-4e05-8c05-93e55e2caeac,4c19ca15-e9d8-445e-9a4a-ef49bd34d343,2025-09-24,1938.72,fashion,0.287,netbanking,0,12,0.306,metro,1,6,morning,0.24706696213115537,0.5429,1
beffe508-c9a1-47d2-8b01-e22601fc7a9d,b1866946-8935-4ecd-acf7-242f08c22f6f,2025-06-30,922.8,electronics,0.019,COD,0,6,0.38,metro,0,2,night,0.4237639813012678,0.0915,0
c274a7dd-cae5-45fc-9005-1c749544076a,2610fe33-8b0a-4c9b-8c47-756cf516e89b,2025-03-06,250.0,electronics,0.053,card,0,4,0.331,metro,0,2,evening,0.3007027884503935,0.0373,0
80e253ab-65d5-40d8-a74f-08465291848b,a0501569-d559-4d41-a108-a7621331706b,2025-05-26,1242.89,beauty,0.469,UPI,1,0,,metro,0,2,night,0.08902327951143335,0.1685,1
29dac601-5dd4-42bb-9707-992d72c534d5,2b8cf314-838b-4c8f-9920-aa21aa9bc626,2025-09-20,1553.19,beauty,0.346,COD,0,3,0.363,metro,0,2,evening,0.3983115828087851,0.2749,1
93f4b4cb-2085-4a79-9014-fbc99692faad,f798ef7e-e2a3-4c54-b902-894eaf540d62,2025-08-10,583.7,beauty,0.267,UPI,0,11,0.112,tier2,0,3,evening,0.21199326223067969,0.2104,0
d1236d9c-b771-473c-bddf-31031ae22ea4,fee7a85f-cf25-4349-b927-7a6f87b1bd3f,2025-03-01,3007.39,fashion,0.348,COD,0,5,0.19,tier2,1,3,evening,0.3325622338548419,0.4416,0
14296bd4-07ea-4047-a67b-e85f0b523d89,fd281fbb-79c1-45b3-9e12-038f990994d1,2025-06-27,250.0,home,0.517,card,0,4,0.163,tier3,0,6,evening,0.11826527161057414,0.1262,0
177cb979-096e-4b2a-941e-e7adfbc2c6ec,4599a51c-2008-4079-839d-ecfc8f342f0e,2025-03-15,1391.21,electronics,0.388,netbanking,0,5,0.276,metro,0,1,afternoon,0.18723773115835693,0.0532,0
f09941e5-f44a-4a7f-a9e5-f9821672a650,ec513aca-b3ea-457e-b9fd-46a0fbbd0108,2025-07-16,951.9,fashion,0.453,card,0,15,0.371,tier2,1,1,evening,0.19762424986659227,0.5003,1
5de12926-3bf5-4a1e-848a-e905b0933b3a,8f93794f-cd0f-4e77-95b4-96c9a4bd0834,2025-07-29,1519.67,grocery,0.343,UPI,1,0,,metro,0,2,night,0.7587990740316559,0.0168,0
da0a7bf2-2756-40e5-8cdd-eb433248f139,90d4ab83-9a96-4a21-9db9-c0621084e983,2025-01-24,317.2,fashion,0.055,UPI,0,9,0.368,tier3,1,5,afternoon,0.29832839962512075,0.2992,0
bbfaeafe-6db7-44fc-b20e-6cb5df7b7106,f848c5e1-5ffe-40cf-b466-1518512036bc,2025-02-13,526.02,fashion,0.202,card,0,1,0.0,metro,1,3,afternoon,0.05848742659984804,0.1208,0
e3b4a7ef-4a49-47db-8054-0a4df417257c,f6624986-1488-4db8-994b-6db58a9ef6b8,2025-09-20,1587.38,home,0.143,COD,0,1,0.145,metro,0,1,afternoon,0.15422316215847254,0.0781,0
16d69ebc-c4b7-4d06-ad30-8769addbdf56,8779fb27-f743-4810-ab5b-061f3407a98f,2025-02-02,4805.13,fashion,0.376,UPI,0,5,0.281,tier2,1,2,afternoon,0.18284841178251302,0.0687,0
1bd56191-2a9b-49fc-a64b-d9875002ad2e,38db68a1-5406-49eb-a9f2-502c91d20ab3,2025-08-26,1591.1,electronics,0.37,UPI,1,0,,tier3,0,2,afternoon,0.1284164011515337,0.2181,1
4cb97bb4-0652-4dce-9fb5-e95c170d4ec0,eeb31956-eff1-4d4c-88b9-4562dc040f82,2025-08-08,895.5,grocery,0.205,COD,0,7,0.448,metro,0,2,evening,0.3706024922013499,0.0804,1
86da1e1e-6024-46e8-b7b4-b6ed5675750e,530bbe2d-ad3a-48f9-bc50-6461db39ef79,2025-06-02,746.74,fashion,0.321,UPI,0,10,0.488,tier3,0,8,morning,0.5144941083307562,0.3701,0
c000991d-5eb0-40ff-9aac-ee4323c1a5da,e5a6b7a7-ed88-4924-9865-37d2498eaca8,2025-01-15,875.08,fashion,0.561,UPI,0,5,0.584,metro,1,2,night,0.5527709467025828,0.2836,0
d2f422fb-4af6-4e91-9c9b-36ce734e3918,4c3650cb-e088-4c11-a624-1102a42ebe08,2025-07-24,1213.46,electronics,0.021,UPI,0,6,0.053,metro,0,2,morning,0.03297163095944513,0.0069,0
38fff983-9103-4a0a-8c53-e51aeee287d0,6b41fb6b-2b44-478a-8bb4-1a35d8471ae4,2025-03-10,1174.23,beauty,0.168,UPI,0,2,0.294,tier3,0,4,afternoon,0.28679047154820847,0.05,0
2628b1e8-c393-49b3-865b-9eff70eb6eeb,50940afb-ea67-4390-beee-cf024f348165,2025-06-29,4364.38,fashion,0.048,UPI,1,0,,tier2,1,2,afternoon,0.2414560380735231,0.2104,0
18ff83d3-5736-4e0f-85c4-30ead188479d,887cd766-18e3-4ea8-a875-45653621258e,2025-06-03,516.53,grocery,0.153,UPI,0,1,0.224,tier3,0,3,evening,0.3724144400903301,0.0124,0
afcb7f99-653c-4875-95a3-ba0821221af1,7ac50be3-7d5d-43cf-b103-1bd15ed90d91,2025-07-15,349.5,electronics,0.333,UPI,0,4,0.1,tier2,0,3,afternoon,0.16177634634701885,0.0619,0
5d3b9a4c-3c88-41f8-915b-e49693a3c5a7,7abb60f8-6a15-44b0-8a8a-33cf510670a6,2025-02-10,1012.8,fashion,0.457,UPI,0,6,0.011,metro,1,2,evening,0.03542903995029727,0.3867,1
33bf3539-29cf-407e-b4d7-c94377bc8c89,3f175ef7-cb46-404c-ae55-2d22b3544172,2025-04-03,2636.32,electronics,0.067,UPI,0,18,0.0,metro,0,2,evening,0.048627470043128354,0.004,0
c19bc0a8-d0a5-445c-a975-201d411024ff,97097040-636b-45f4-85e0-9e1a52c27325,2025-10-21,722.22,electronics,0.377,COD,0,5,0.077,tier3,0,4,evening,0.15906278458837203,0.1256,0
ef809067-6f33-40c1-bcc9-75787d3ed87c,0e331a84-4a07-4507-9322-8678054f4dc5,2025-05-22,262.17,grocery,0.322,card,1,0,,tier2,0,6,afternoon,0.33153779940461287,0.1154,0
a3652a96-0055-4725-b50c-9ed4b9a127fd,d2951b9d-49eb-4eef-8467-6d832ad3d8ac,2025-02-21,618.04,home,0.444,card,0,5,0.219,tier2,0,5,morning,0.19975800750299405,0.092,0
63a854c3-c9f8-4e25-ae4b-6fafd655f22e,6dcbc337-b789-4bd9-a661-20e6aae5f28e,2025-02-26,6863.55,fashion,0.033,card,0,2,0.176,tier2,1,5,night,0.13102794820675195,0.1352,0
80d8c498-dfac-458a-b6a4-cfe0ff9e03bb,530bbe2d-ad3a-48f9-bc50-6461db39ef79,2025-05-09,1677.94,fashion,0.549,COD,0,11,0.501,tier2,1,2,afternoon,0.5144941083307562,0.6282,0
96884217-3225-4d00-85a1-440298195a7f,c8a7524e-36b1-4fee-b565-91c6a8438582,2025-07-12,2826.16,electronics,0.248,UPI,0,2,0.133,tier3,0,4,morning,0.15960867264431888,0.0368,1
270d222b-16d2-4161-8764-16d04f779183,bd1084dd-629c-4150-a764-2ccea032f578,2025-08-24,1814.63,fashion,0.341,COD,0,11,0.085,tier2,1,2,morning,0.21989011196511407,0.3723,1
9e9e6895-09f1-4bfb-b41e-24711c31d8b6,6d81b599-cb53-46f9-8600-bf12fd1acddf,2025-09-13,422.99,beauty,0.022,UPI,0,6,0.19,metro,0,7,morning,0.1373435706874969,0.0845,1
b1e7b3fd-9d61-480c-a1f4-56f4b4629c2e,bbaa3e06-5d98-447f-8977-4141e22290ad,2025-09-05,751.52,fashion,0.574,UPI,1,0,,metro,1,2,afternoon,0.32003705418313455,0.7556,1
8ef4c6e1-c328-4c0d-a145-368fa4e7a28c,5a4e456a-7177-438a-a82d-59e0133f3eb9,2025-09-18,2827.9,fashion,0.31,COD,0,17,0.094,tier2,1,1,night,0.23069756686430742,0.3794,1
92696f0a-1348-43db-aec2-5bda56b1e5e7,ec513aca-b3ea-457e-b9fd-46a0fbbd0108,2025-06-26,578.31,beauty,0.152,COD,0,16,0.019,tier3,0,2,night,0.19762424986659227,0.3695,0
27c84bfd-484a-4098-8405-3664083dfa09,50940afb-ea67-4390-beee-cf024f348165,2025-10-18,2233.63,electronics,0.09,card,0,1,0.156,metro,0,2,morning,0.2414560380735231,0.0277,0
50a901fc-15cb-4da8-9e2f-83ee8f49c53e,1f06f63a-b4b1-4b03-bfcd-0334b93f8852,2025-05-04,447.1,fashion,0.3,UPI,0,3,0.131,tier2,1,5,night,0.07981520295766234,0.1152,1
705294a5-95d5-4ee2-81de-bae7e3d99653,1430da84-3676-4e2f-a20c-58786ed1d466,2025-02-10,1494.82,beauty,0.533,COD,0,12,0.11,tier3,0,3,afternoon,0.22121655786542901,0.4732,0
e65ff53b-4f35-44e5-a8fc-f3765a0a33d6,8082d311-c63a-4f6d-b277-9d323cd6588a,2025-04-23,1936.42,grocery,0.317,UPI,0,2,0.086,tier3,0,6,evening,0.15860848909227618,0.0389,0
dbf24e29-dbb7-440d-b549-55cd421cf880,5d07b674-e2c1-45d2-b0b7-a706fe8328d1,2025-10-13,1219.86,fashion,0.367,COD,0,3,0.046,tier2,1,2,night,0.1683531119228636,0.6493,1
528ec4ea-b6b5-4528-8e2e-2024d24adda6,c098bafa-20a7-4c6c-9fce-d433c8e83be7,2025-03-27,807.2,electronics,0.094,card,0,13,0.248,metro,0,3,evening,0.27580452681496,0.0595,0
54ef1070-438f-42f2-9c5c-3d123b0e826b,183731f0-c4f7-459f-b6fe-03d481d1dc2b,2025-09-16,2689.59,electronics,0.251,UPI,0,3,0.283,tier2,0,3,morning,0.3251850941589013,0.0812,0
927ed0cf-7938-4fb1-83d0-7d9d0e580adf,c696fc40-97d3-4c63-a329-66d5efe93cad,2025-09-26,437.43,electronics,0.57,card,0,1,0.015,tier2,0,1,afternoon,0.19112787889257196,0.0499,0
8bc48078-57a0-47f1-a78e-b09846885eab,b2260d18-fffa-4383-9ce1-cdafe986cab2,2025-02-28,286.31,electronics,0.505,UPI,0,16,0.477,tier2,0,3,afternoon,0.4468118022423648,0.0808,0
0fe45f18-c328-467d-959f-14ec26a45f03,551aee57-0df4-4a51-9afa-0babaf28b33a,2025-02-13,3384.98,home,0.448,UPI,0,12,0.154,tier2,0,6,evening,0.18168234468688693,0.0832,0
cffcd704-028e-4c0e-bfc0-1163c6b0e324,5644e802-a267-4eeb-bd8e-cdf3be61d5d6,2025-06-29,655.35,fashion,0.257,card,0,2,0.267,tier3,1,4,evening,0.3923137330147234,0.1584,1
e116a542-a423-42fe-b880-e15e18897793,551aee57-0df4-4a51-9afa-0babaf28b33a,2025-08-05,15565.49,home,0.499,UPI,0,13,0.294,metro,0,1,evening,0.18168234468688693,0.0062,0
a1c6e035-4d1b-42f5-ac98-ec1ed1402ee2,bdf5e5de-7033-4345-ac37-819738c0e957,2025-08-22,6286.78,beauty,0.29,card,0,19,0.264,metro,0,2,evening,0.2211439005048725,0.0245,0
c7aa0b80-fbf3-4499-80a4-53f85ec3a16a,b2260d18-fffa-4383-9ce1-cdafe986cab2,2025-07-09,968.33,grocery,0.565,UPI,0,17,0.53,tier3,0,6,night,0.4468118022423648,0.0682,0
c4b7e87e-90a4-4fb4-87dc-99339a708291,3c199261-e6e2-42ad-b4e0-535e7eb5a1c0,2025-03-27,250.0,fashion,0.525,card,0,3,0.395,tier3,0,2,evening,0.3389478327833424,0.2813,0
c82ed25b-7140-455c-a1f4-7d9e216f8664,1430da84-3676-4e2f-a20c-58786ed1d466,2025-10-19,2339.59,fashion,0.233,COD,0,13,0.173,tier2,0,6,evening,0.22121655786542901,0.2999,0
f820ec3e-adb8-4aec-9bdb-69722439271f,c8799b6e-004c-411a-a115-82977ad530a4,2025-07-20,12317.57,fashion,0.122,UPI,0,4,0.137,tier2,1,7,afternoon,0.20531948812490197,0.0345,0
6700d68a-31fb-4829-8b83-8102c402610b,bf399c79-ed8b-467b-897d-934545d5ad52,2025-03-23,1023.22,beauty,0.09,COD,0,1,0.158,tier3,0,4,afternoon,0.060512424782000425,0.0937,0
f2f14a5d-9df9-462d-8adb-f85bbad9af56,57c29481-3bfa-4690-879f-2cab6c2fd05a,2025-04-18,3011.75,fashion,0.17,COD,0,1,0.173,tier2,1,2,afternoon,0.1838032082155034,0.2328,0
c4d81ea7-2993-43a7-afef-70317ce8b0d3,57c29481-3bfa-4690-879f-2cab6c2fd05a,2025-09-22,2613.47,fashion,0.211,UPI,0,2,0.261,tier3,0,5,evening,0.1838032082155034,0.1291,0
f12eba13-0b40-4854-8e15-24c0d858a5b3,3d51b281-7585-4d43-aefd-40a803a1bf4f,2025-06-20,705.59,fashion,0.22,COD,0,11,0.182,tier2,1,1,morning,0.24645297721478737,0.4103,1
9a319024-1ebe-47e8-a00f-9250bba34a63,e0be4c42-c5d2-46e6-98a3-f57143c81929,2025-07-28,4223.01,electronics,0.175,UPI,0,9,0.301,tier3,0,4,afternoon,0.23228588338828865,0.0424,0
69e7bea6-e2f7-4e5d-a951-5ecc6d153c43,b23d847d-997a-4928-9b10-f50e4fa93ba9,2025-04-16,975.76,electronics,0.05,COD,0,7,0.319,metro,0,4,afternoon,0.22452854262691951,0.0612,0
bf7dff23-815f-4d7f-913b-57726c13c730,3f888151-69ed-4006-b5f2-68afced6201b,2025-06-14,1851.63,home,0.168,COD,0,19,0.092,tier2,0,5,evening,0.10820090543681238,0.1524,0
ab1d8871-8a94-447d-8ed3-327d62cdfb42,f6624986-1488-4db8-994b-6db58a9ef6b8,2025-06-09,2522.66,home,0.398,COD,0,2,0.208,metro,0,4,afternoon,0.15422316215847254,0.2294,0
6fa8997c-e482-4768-a39b-d0dd4ade20bc,9e9db8b8-b527-46e0-9e4b-211ffcef38a3,2025-02-05,1036.53,fashion,0.186,card,0,11,0.344,tier2,1,2,evening,0.33315409272597374,0.1239,1
8f438695-494b-4ab7-9d90-55e80432e4e4,366eeefc-701f-415d-a6e8-0090ed33caa4,2025-10-03,1378.86,fashion,0.313,COD,0,5,0.639,metro,1,2,morning,0.668440832463893,0.5454,0
bd97841d-bd26-49ca-9a5d-62cb7fa2504e,13305eb5-fa9e-4ad0-82e5-51bd1825bb0e,2025-05-17,2100.82,fashion,0.068,card,0,6,0.068,metro,1,2,evening,0.06015710717930573,0.0379,1
b5f335b0-bd45-4012-ba57-efa5d98964f7,ad87b3e3-8b3e-438e-8994-51127b85c296,2025-08-01,407.62,fashion,0.222,UPI,0,8,0.037,tier3,1,5,evening,0.06067469417646223,0.2985,1
ed0ee109-401e-49c6-abc3-9317767e9826,12fe00dd-41ef-4cc6-be37-8ee316d92839,2025-01-07,1099.67,home,0.202,COD,0,3,0.227,tier2,0,5,evening,0.2484904830770941,0.4472,1
3a223677-8efe-448f-a994-dc4c3f045bd6,9cfbe601-0322-4c7f-a8fc-089374a870d3,2025-08-08,250.0,fashion,0.676,card,0,6,0.321,metro,1,2,morning,0.2677657562695904,0.527,0
ac888a01-9b57-4b5f-bbb0-e0ee2367811c,9303071c-f919-448a-bc56-324b472c0866,2025-04-04,1111.99,fashion,0.441,UPI,0,1,0.077,tier2,1,5,night,0.1593139112983569,0.2234,0
68e8041e-9565-4725-adc6-f7d30cc6f04f,087ee9ce-fda1-4086-b6dd-26263718e472,2025-01-12,4408.98,grocery,0.272,UPI,1,0,,metro,0,6,night,0.2718983331475167,0.0583,0
f03b1816-158b-4bd7-971b-d77b9eaad4f6,14fa1e07-e46e-4421-bcc9-efd97fda4448,2025-08-19,3302.82,fashion,0.209,UPI,0,3,0.0,tier2,1,3,evening,0.2216976101384966,0.1636,0
70e0c073-6394-4714-86e5-83251d62f45f,1430da84-3676-4e2f-a20c-58786ed1d466,2025-03-01,776.34,fashion,0.424,COD,0,14,0.233,metro,0,3,night,0.22121655786542901,0.1881,0
e8e72aa3-2f5c-4e58-95de-2e7606791701,04b89a3b-d082-4664-972e-b40c6268b46d,2025-02-04,250.0,fashion,0.303,COD,0,3,0.211,metro,1,3,morning,0.24939791763606534,0.4689,1
3343e2d7-3226-4531-97d6-ad46f5c22800,21644b40-c53f-493e-af3f-29e3483e3d9b,2025-08-24,250.0,grocery,0.521,COD,0,7,0.183,tier3,0,7,evening,0.22287364608691065,0.2093,0
53665072-3733-41c8-8513-c3125b0e020b,f04fffa3-5b04-4da0-9f3b-8a6b87fc1e74,2025-10-21,1493.4,electronics,0.616,netbanking,0,9,0.589,metro,0,2,afternoon,0.3517803851773976,0.1117,0
f43d0e56-81d5-4a8e-b18c-ba7157d752f6,f511f812-b332-434e-84ac-a8d69f0d2875,2025-09-16,2349.75,home,0.168,COD,0,11,0.119,metro,0,4,evening,0.1091421274751211,0.0786,0
2d7ae7f6-017c-4cb9-beea-bd8fddb57462,90a7c98b-0565-4330-a335-ddad08538e49,2025-07-25,3009.98,beauty,0.17,card,0,4,0.121,metro,1,6,night,0.16802115856295066,0.1074,0
df730479-ac43-4d9d-9943-17b4990b1a13,8cabcba8-2b36-4f7e-984b-440baba9ad97,2025-04-07,3801.6,fashion,0.086,card,0,6,0.249,metro,1,1,afternoon,0.27780100478810504,0.0616,0
b7edc555-db07-401e-bcf1-aa6aae1dff95,9e9db8b8-b527-46e0-9e4b-211ffcef38a3,2025-01-01,3134.43,electronics,0.486,COD,0,12,0.325,tier2,0,2,night,0.33315409272597374,0.1273,0
24cccb87-86fd-40e4-9fe7-00eef3184310,879efc3e-a486-44ac-a9cc-29dca850ccc1,2025-05-03,547.17,electronics,0.035,card,0,6,0.001,metro,0,4,evening,0.14849469586761202,0.0281,0
9a7a50d1-2224-479c-84bf-5ac9079461b7,6c361c11-ca46-4858-84ff-ccace7f3ec03,2025-07-30,2359.25,beauty,0.311,COD,0,6,0.015,metro,0,2,morning,0.17298841463602524,0.1323,0
f9625cbd-6a0d-4cda-81fb-60c93abf7666,3f175ef7-cb46-404c-ae55-2d22b3544172,2025-09-16,6107.91,home,0.322,UPI,0,19,0.055,tier3,0,5,afternoon,0.048627470043128354,0.0356,0
977c475b-18d2-464e-883b-efd053865e0d,cba1f52f-9905-4405-b96d-4c622c0b248e,2025-08-04,4333.34,fashion,0.258,netbanking,0,6,0.462,metro,1,3,afternoon,0.4451782602422671,0.2794,1
d32c51a4-8e64-4b7d-a564-bc974de27622,3ec64305-084b-4dbf-ad10-b6692b139740,2025-06-23,314.13,beauty,0.307,COD,0,2,0.418,metro,0,3,evening,0.354621720738092,0.2688,0
650da976-62e2-4cd0-b8ee-2d2c2480cad2,7577f5f5-f434-4ba2-be8d-bc819a90aa7d,2025-05-23,250.0,electronics,0.309,UPI,0,11,0.208,metro,0,2,morning,0.12936071938754626,0.0457,0
6cafdb5c-8218-4d9d-923b-f64f0446dfc9,1d999aa6-43c9-4b78-b59a-a240bf2b46dc,2025-03-14,3707.02,fashion,0.584,COD,1,0,,tier2,1,2,morning,0.23491334035445868,0.7961,1
1b08d400-569d-487e-bae7-fd2dd9c6307d,5ad68583-bead-4d6b-b9fc-d6f884ad61f0,2025-02-14,1485.04,grocery,0.375,COD,1,0,,metro,0,4,afternoon,0.12548365143904397,0.3857,0
e4262088-0060-4550-9773-09f6a866a26c,f03be7b6-589c-4dfc-a5f8-c0f89d4406ff,2025-03-13,1491.76,home,0.152,UPI,0,6,0.143,tier3,0,7,evening,0.06565876288364696,0.0585,0
a3b6f6bb-c7d1-4c43-802a-1f1cf3b6e5a1,6691be4b-2f05-471e-880b-641b361f736f,2025-05-10,1137.09,fashion,0.336,COD,0,13,0.26,tier3,1,6,evening,0.2916477929418046,0.6954,1
fde404e8-bf90-4301-8155-fc3354911af5,5ff7e6f7-bf67-429b-a279-8d793da6950f,2025-03-29,1135.14,beauty,0.298,card,1,0,,tier2,1,1,morning,0.10843217168086294,0.2942,0
31f90825-452f-497d-987a-4de294d5df42,b04a7536-4686-417f-a655-22380d452828,2025-08-31,429.9,electronics,0.072,COD,0,2,0.303,metro,0,1,evening,0.23564858214539242,0.0656,0
4ebb2eef-dc92-41e1-8db3-235904c6b483,5a4e456a-7177-438a-a82d-59e0133f3eb9,2025-03-29,3566.27,fashion,0.206,UPI,0,18,0.146,metro,1,1,evening,0.23069756686430742,0.1151,0
6d5824b3-7fff-4213-b305-3dfde2fc2ec1,4b9cf822-a66f-42ab-b681-17e3444c7bd2,2025-07-21,1749.19,fashion,0.37,UPI,0,1,0.19,metro,1,1,afternoon,0.3031590335061441,0.2694,1
d9e83f0d-c907-4cdf-a51c-6804fce7478d,a89b5af5-62f1-4369-ad1d-72d699aa1554,2025-10-19,626.26,home,0.186,UPI,1,0,,tier2,0,2,morning,0.07564649186667005,0.0943,0
d3f4451f-03b0-449d-8668-6d5f521848e2,6691be4b-2f05-471e-880b-641b361f736f,2025-10-08,250.0,fashion,0.091,COD,0,14,0.161,tier2,0,2,afternoon,0.2916477929418046,0.3983,0
8e0a8a4e-847d-4bd5-b3e7-cdbd14a5d667,01536a12-d950-4aad-a788-acb6687eb503,2025-03-17,1197.58,beauty,0.221,UPI,0,1,0.071,tier2,0,2,night,0.13672888574706193,0.0511,0
6f5be9a3-668b-45bc-840c-4d57e2c06888,d684615e-b5d2-4dff-856f-f7aa94f57139,2025-05-25,9353.27,fashion,0.215,UPI,0,7,0.259,tier3,1,7,evening,0.391147140695262,0.0981,0
8e8b814f-552c-4cb2-93b1-fb17b6579596,d68bbbc3-6511-4b4d-b898-eb8a9a3435c0,2025-01-26,611.46,grocery,0.198,COD,0,6,0.162,tier3,0,2,evening,0.0912579377429543,0.1308,0
143dcd55-0fe8-420b-815b-0fea9385483f,7f1c3fa8-2bd8-47fd-ad17-ab142fab9d56,2025-07-27,554.63,fashion,0.332,COD,0,1,0.196,tier2,1,5,morning,0.2765406569294239,0.5509,0
cf2c6405-c14f-4266-8827-221f4bfd0787,e337d2a3-6032-4e1f-8ce4-a81121aa131e,2025-09-17,2772.16,fashion,0.185,COD,0,14,0.25,tier2,1,1,evening,0.2771725532528444,0.2841,1
74f18f6b-631b-4655-9f84-fcc557fb8507,b3f33ef6-3953-4fa2-b5c0-493473e40312,2025-03-26,4298.0,fashion,0.104,UPI,0,14,0.228,tier3,1,5,afternoon,0.24874291058771908,0.07,0
c5338fb3-6a52-42d1-8b5e-a28b8671b628,4418d08b-233e-4e80-a916-7446f03e9dbf,2025-08-21,1159.22,electronics,0.056,UPI,1,0,,metro,0,1,night,0.17267604750076926,0.1828,0
ff758e26-db8b-4c44-be36-1f80f3d46cbd,13fe080b-d69d-443e-a712-766c682faa59,2025-07-22,879.47,beauty,0.479,card,0,2,0.543,metro,0,4,night,0.5362129046914219,0.1893,0
aa4987ad-ab29-4afa-9a18-0cc544d0addb,98f128ba-5f7a-45ba-b9fd-4d3978030042,2025-04-19,629.52,fashion,0.297,COD,0,2,0.085,tier2,1,1,night,0.11390723161822383,0.7042,1
4d936040-da9b-448d-98ed-9a3c8dcbebb8,cd9d8125-8011-4465-92dd-50bd06de23f3,2025-04-18,879.87,fashion,0.739,card,0,6,0.568,tier3,1,7,night,0.46001324343588723,0.6006,1
64870619-4717-4a65-9f37-c68945fe30ad,041cf125-f1c4-4f04-95ec-a4fd5838d35a,2025-03-14,2154.31,fashion,0.172,UPI,0,2,0.393,tier3,1,5,morning,0.3408921063238981,0.2897,1
c5e8b291-1353-4c09-8e07-e49173cb6881,cf5465d8-8940-4d68-9bd4-d63e06f0c953,2025-05-11,1329.25,fashion,0.508,UPI,0,1,0.0,metro,1,6,evening,0.049577018851452645,0.1343,0
2bf9df7a-7969-4537-a074-8c73cc83ebbb,6c56ea03-6f25-465a-8841-c114051cab81,2025-06-22,1893.99,home,0.144,card,0,12,0.115,metro,0,7,evening,0.29048499029100583,0.0294,0
5e174a06-f021-4acb-90e3-f323094c18a9,bd1084dd-629c-4150-a764-2ccea032f578,2025-04-20,10836.46,electronics,0.173,UPI,0,12,0.224,tier3,0,8,night,0.21989011196511407,0.0142,0
46aca85f-f9ad-457f-89ba-8a0f4d040f19,f7243914-f259-4b3f-b4da-cc523ff04815,2025-01-05,1197.41,fashion,0.021,COD,0,9,0.287,tier3,1,4,afternoon,0.2798863894924076,0.6695,0
818c6c14-ee3a-4ed2-870f-834177e174c3,e0be4c42-c5d2-46e6-98a3-f57143c81929,2025-01-15,560.07,fashion,0.192,UPI,0,10,0.236,tier2,0,1,morning,0.23228588338828865,0.1371,0
af63abbb-7e89-4e20-8578-230c8fe7911d,61333330-b1a5-4c86-81d1-a619578e5835,2025-05-17,1922.84,grocery,0.384,UPI,0,3,0.204,metro,0,3,evening,0.18587087319682674,0.0497,0
1b99927f-e6b9-4d10-9c7a-c4e8fd96e2b2,bcdeb425-8e18-4df0-9d56-77acc6d259f7,2025-01-16,3198.96,electronics,0.238,card,0,3,0.217,tier3,0,6,afternoon,0.2145242588320448,0.1809,0
c565b5ac-afce-470a-be8a-13661c13e773,57c29481-3bfa-4690-879f-2cab6c2fd05a,2025-03-14,3416.45,beauty,0.282,card,0,3,0.158,metro,1,1,afternoon,0.1838032082155034,0.1543,0
1b8e9933-1ad8-47a6-9443-f5ce143fc5a5,4c19ca15-e9d8-445e-9a4a-ef49bd34d343,2025-10-19,447.13,fashion,0.163,card,0,13,0.104,tier2,1,7,night,0.24706696213115537,0.3467,0
a2079854-522a-4829-9936-5253b8dd6bfd,e0be4c42-c5d2-46e6-98a3-f57143c81929,2025-03-24,4173.77,beauty,0.451,COD,0,11,0.401,tier2,0,4,evening,0.23228588338828865,0.2568,0
45c6d0e5-19ab-43ea-acdb-0ad4851aa7a6,937f81a2-0c57-467d-869e-aaae2412816a,2025-07-27,4113.15,fashion,0.263,COD,0,9,0.228,metro,1,5,morning,0.2365731909103324,0.5188,1
909923e4-c716-414b-9c3c-0216f5ea438a,fdebca3c-4db6-45f9-aecf-5b0e2d82bf66,2025-05-04,2158.0,fashion,0.52,UPI,0,5,0.215,metro,1,3,evening,0.21485681318313843,0.2796,0
47066cf3-f496-4e6c-b744-34bd66ba138a,495163fd-0559-4329-84dc-edfca30a9c34,2025-08-31,2050.87,beauty,0.67,COD,0,2,0.147,metro,1,3,night,0.20300873036155653,0.6011,1
cce5b05d-9518-48a6-972b-98ee282ba312,fd6cccad-5f4f-45ca-8142-59059b87515b,2025-10-12,10742.85,electronics,0.75,netbanking,0,15,0.152,tier2,0,1,afternoon,0.2595265118239566,0.0242,0
e8943460-0366-449f-9d98-2315060cd18c,e78ba48d-2065-40c5-87f9-0202160a87af,2025-01-13,560.55,beauty,0.132,COD,0,2,0.188,tier2,0,4,afternoon,0.18263332309352803,0.2578,0
42dc20f8-2683-47ad-a950-897e5aa7319d,b2260d18-fffa-4383-9ce1-cdafe986cab2,2025-04-08,523.79,beauty,0.242,COD,0,18,0.432,tier2,0,6,morning,0.4468118022423648,0.4343,1
625a78f9-34e0-4ac7-af3c-f28e155c3a24,dcc320e0-51d7-4f5a-b1cf-f774f3ea235f,2025-07-20,2548.0,home,0.171,netbanking,0,16,0.111,metro,0,2,evening,0.08097222048102413,0.028,0
08517c98-16bf-4b7d-8f1f-2eca61030bbc,7577f5f5-f434-4ba2-be8d-bc819a90aa7d,2025-07-14,3133.35,fashion,0.393,COD,0,12,0.222,metro,1,1,evening,0.12936071938754626,0.2111,1
2837acd8-93bd-47a6-b2e3-49b78973ce31,90a7c98b-0565-4330-a335-ddad08538e49,2025-09-15,3634.99,fashion,0.409,UPI,0,5,0.177,metro,1,3,afternoon,0.16802115856295066,0.1876,0
e84c0edd-ed80-49f2-9e28-3d3b535a3ac7,cba1f52f-9905-4405-b96d-4c622c0b248e,2025-05-25,1827.07,fashion,0.564,UPI,0,7,0.461,metro,1,4,evening,0.4451782602422671,0.4186,0
1a8ed17f-d0ab-4e06-b440-28f4e591d59b,d68bbbc3-6511-4b4d-b898-eb8a9a3435c0,2025-07-18,489.97,fashion,0.28,netbanking,0,7,0.148,tier3,1,7,night,0.0912579377429543,0.1987,0
6077c4b4-679d-4200-91f5-f8d1462566df,03155ba3-cd3a-4a32-9885-eaa1d5a0f4a0,2025-06-05,1598.39,grocery,0.668,UPI,0,8,0.456,tier2,0,2,night,0.4955830568370258,0.0935,0
381799aa-f3fd-4124-9106-6a4bc26bff24,896a9142-c32d-4e97-8656-8e4c80bb0c0e,2025-10-07,1330.31,home,0.206,UPI,0,2,0.139,metro,0,5,afternoon,0.09634270484326586,0.0529,0
acacbe31-9c7e-4283-ac80-9d59dd097fc3,d2951b9d-49eb-4eef-8467-6d832ad3d8ac,2025-07-27,8749.07,electronics,0.464,UPI,0,6,0.16,tier3,0,7,afternoon,0.19975800750299405,0.0711,0
ccd4d806-ef4c-4a74-bbf1-66b7a96fc6b3,62c26710-65fc-4ea1-a483-55b6004c1644,2025-02-12,1851.41,fashion,0.052,COD,1,0,,tier2,1,2,evening,0.5069067023823574,0.6495,1
479595e0-79fc-418e-9f5d-9c8478ab85d9,6d81b599-cb53-46f9-8600-bf12fd1acddf,2025-03-03,250.0,electronics,0.215,COD,0,7,0.104,metro,0,4,evening,0.1373435706874969,0.1561,0
7d3cb37e-6d8e-4ca9-916e-3389946c8d3e,31f344da-4c1e-47ec-af4b-557c14d0e8e0,2025-07-09,579.12,fashion,0.381,COD,0,7,0.584,tier3,1,3,afternoon,0.6039320915435429,0.7128,0
1757c918-674f-45cc-9f75-abafd8f42998,0fa4c353-7a11-4f49-99ea-93fd3305878d,2025-01-04,12411.85,home,0.413,UPI,0,1,0.428,tier2,0,1,morning,0.35048631763167787,0.021,0
fb65f592-8eff-48c6-8847-59093065e08e,72cb42d3-62b2-4036-9300-940e8c49efed,2025-04-17,11414.88,home,0.154,COD,0,3,0.237,tier2,0,2,evening,0.26860084009967505,0.0376,0
41bd56f4-0d08-440a-ba77-c3ff4883901d,82715f5b-0eb8-4809-b878-05fd95a15158,2025-01-29,2755.63,fashion,0.204,UPI,0,6,0.054,metro,1,3,afternoon,0.021184252375003435,0.0832,0
0bf94c01-6807-47ed-9c20-149907ae225f,041e6bc9-db72-4f93-9250-95c5729fd5f6,2025-08-10,328.51,beauty,0.248,netbanking,0,7,0.225,metro,0,1,afternoon,0.24989906497225137,0.0697,0
021a5f37-4680-4a36-b5c4-276ead5b9bc8,ec513aca-b3ea-457e-b9fd-46a0fbbd0108,2025-08-11,6339.03,fashion,0.099,COD,0,17,0.174,tier2,1,3,evening,0.19762424986659227,0.2686,0
c67f6805-6114-4692-9e8d-b5d2bc7b7d2f,b2f398c4-8749-4ccd-a01d-47c059ac12c6,2025-04-18,414.63,fashion,0.323,netbanking,1,0,,metro,0,3,night,0.23300559791872896,0.3373,0
16629f81-b8be-4f5d-acab-5f3d2cce5acb,84f798c4-c576-4100-9357-d92419324080,2025-08-25,250.0,beauty,0.137,COD,0,4,0.051,tier2,0,8,afternoon,0.032458508417533755,0.249,1
5edaa967-d5bf-4db6-9815-e034f5d8297e,55d5bc4c-7c8a-442f-b65c-64ab85db7d38,2025-06-01,866.2,home,0.553,COD,0,4,0.288,metro,0,1,night,0.32801543383093573,0.3158,1
30ee8645-3584-40b0-8b78-17b4c086ff48,f04fffa3-5b04-4da0-9f3b-8a6b87fc1e74,2025-06-01,7611.33,fashion,0.067,UPI,0,10,0.333,tier2,0,1,evening,0.3517803851773976,0.0923,0
125a9797-8a8a-414d-b235-9ce987618807,8aad1534-c5ee-4b92-be7e-78a529af82b8,2025-10-12,852.1,fashion,0.265,UPI,0,2,0.274,metro,1,2,evening,0.36581399891508337,0.3808,1
c45920a8-6434-4947-ba76-be20ce022ada,fece3053-752e-4f5a-b715-c3d8cb10cde7,2025-01-17,3079.2,electronics,0.234,UPI,0,6,0.352,tier2,0,3,morning,0.2486017792851423,0.0507,0
02d10ee9-276d-46e4-bd60-84bf3880c70f,a08bc761-e2d2-46cc-952a-3d23d15d5fac,2025-05-22,3019.08,home,0.24,COD,0,6,0.214,tier2,0,6,night,0.30018529874356914,0.3721,1
7a770652-8bf9-48ee-97c4-192090e00ebb,f7243914-f259-4b3f-b4da-cc523ff04815,2025-06-21,2328.23,beauty,0.573,UPI,0,10,0.215,metro,0,1,evening,0.2798863894924076,0.2126,0
ed0111a3-89bf-4648-8745-fba98dc5e9df,3f175ef7-cb46-404c-ae55-2d22b3544172,2025-04-20,1226.13,fashion,0.433,UPI,0,20,0.129,tier2,1,4,night,0.048627470043128354,0.2528,0
f2bcc3f6-3f43-48fd-beb6-309aa7fea26e,b42f07c9-1eeb-4ac5-8d28-5ece4676d517,2025-02-06,250.0,electronics,0.09,netbanking,1,0,,metro,0,2,night,0.5424554488796087,0.0752,0
848e5641-c61f-4933-999b-098d346a4e89,078f9f9a-5da9-4764-b5e3-00ee1774a365,2025-09-08,363.78,beauty,0.269,COD,0,5,0.748,tier2,0,3,night,0.5866676553486984,0.3816,0
60a09659-88a2-43ac-bf86-d839064191ad,e2862c03-9c26-403e-abb1-ba442001a3b1,2025-09-15,766.16,fashion,0.37,COD,1,0,,metro,1,4,evening,0.5259008100699633,0.7365,1
6116f019-a440-425d-bbcb-8c83a01b7e9a,7d759875-359f-4a5f-aea8-c18e69ae68d2,2025-01-13,1372.8,beauty,0.214,COD,0,2,0.17,metro,0,2,night,0.2334842811017492,0.1379,0
d0d7621d-7b4c-4dbc-a4dd-9d9f04d2ca64,98f128ba-5f7a-45ba-b9fd-4d3978030042,2025-03-23,1496.6,beauty,0.289,UPI,0,3,0.097,tier3,0,3,morning,0.11390723161822383,0.0487,0
baded307-011c-4e63-b8ab-2bdafe333cfb,85682d41-16d6-44ad-8e5d-63938077ab79,2025-08-21,3326.45,electronics,0.225,card,0,1,0.235,tier3,0,5,afternoon,0.20370978877684995,0.0248,0
c074c310-6aa0-4fbf-982a-7e8a4f078dd8,5b7e60b7-5f6e-4fbf-93f0-59b97110d877,2025-08-14,926.5,fashion,0.336,COD,0,2,0.244,metro,0,2,evening,0.13254072284680365,0.2372,0
407ee6fa-875d-43d7-93ea-5c290d32a001,bcdeb425-8e18-4df0-9d56-77acc6d259f7,2025-08-17,455.21,home,0.224,card,0,4,0.095,metro,0,2,afternoon,0.2145242588320448,0.0374,0
74e473b6-0c9f-44c1-8c23-4410074ac271,21f3a00d-b7f7-4e5c-b2c7-c83a760cc691,2025-07-05,1371.88,fashion,0.35,UPI,0,2,0.078,metro,1,3,afternoon,0.07293918209014336,0.0608,0
938c49f9-8473-4033-afee-414b1fa9c75b,3d51b281-7585-4d43-aefd-40a803a1bf4f,2025-10-16,2485.69,fashion,0.568,COD,0,12,0.227,tier2,1,4,evening,0.24645297721478737,0.67,1
1a24e866-50ea-42f3-badb-a07e70c679f4,52ad5451-dae5-4029-8a8a-756096ddf041,2025-08-21,1609.85,fashion,0.358,card,0,3,0.393,metro,1,7,morning,0.44640490282899387,0.4739,1
7d3b85db-b407-4fb5-9ed3-6f859c36ad4c,412fdcc8-a20c-4ee8-986c-d10d8bf4a971,2025-03-27,451.33,grocery,0.557,netbanking,0,3,0.674,tier2,0,4,evening,0.6645072620284929,0.1593,0
8bd524e4-300f-4a88-804b-1027dbf1222b,3f8d3c2a-f33c-4f81-aca7-760d91f10782,2025-01-09,725.7,grocery,0.468,UPI,1,0,,tier2,0,4,morning,0.1709351531350458,0.0329,0
42efc272-3463-45c0-bf0b-8e9946ec494a,3bf94f31-a69a-4672-af18-93b6ddcad665,2025-10-09,250.0,fashion,0.312,UPI,0,3,0.728,tier2,1,1,afternoon,0.6823689291324807,0.4339,0
04167ddc-eeb9-4610-80d9-73da1b5e2011,737e35bc-4ea3-42a4-9c26-b22f7099bf28,2025-07-18,1051.8,fashion,0.167,UPI,0,4,0.21,metro,1,3,evening,0.05662677973259444,0.1904,1
c15794e7-309e-404e-8856-d79f4d84dd7f,7e710218-a066-454e-ac63-8df5351b2259,2025-06-27,10246.8,electronics,0.284,UPI,0,1,0.252,metro,0,6,morning,0.21474519574388043,0.0352,0
dd0489c6-82e2-47d1-b887-572737709e36,c328bdf6-8469-4dd7-94aa-166a5d515d1f,2025-01-30,1249.74,electronics,0.467,UPI,0,3,0.013,metro,0,4,morning,0.152939181594962,0.1528,0
2fd17b32-19d3-41f2-8015-3fcaa3bcc66a,5a0bd207-df7a-41c3-8a83-1274a9efee90,2025-03-13,854.77,electronics,0.504,card,0,5,0.0,tier2,0,1,night,0.025007063694987345,0.0592,0
ba2e42ff-c596-4245-84d9-b8e58eb5071a,ec1608ed-eb1b-4540-acbc-4a40535e05bb,2025-02-21,305.61,grocery,0.135,UPI,1,0,,tier2,0,2,afternoon,0.08737050463352446,0.0689,1
17ade174-9e87-417d-ba92-18a2e78e6d4d,b5daeff1-0e3f-47c3-be6d-6411c18d7d85,2025-01-30,250.0,grocery,0.209,COD,0,2,0.212,metro,0,2,evening,0.12950940053657903,0.0918,0
ec479088-22ae-4573-b280-df077ab50a12,844e1cc6-38c0-44c1-8fb0-2171c4ac07a9,2025-09-24,2229.74,fashion,0.138,COD,0,5,0.137,metro,1,1,morning,0.09221080951028436,0.2179,0
0467c3b2-4c3a-46a8-8499-c5af6410bc05,f04fffa3-5b04-4da0-9f3b-8a6b87fc1e74,2025-05-14,1892.62,fashion,0.192,netbanking,0,11,0.328,tier2,1,4,evening,0.3517803851773976,0.1468,0
3ef0dc14-8749-4df7-8071-5b728063be8e,9cfbe601-0322-4c7f-a8fc-089374a870d3,2025-10-02,872.61,electronics,0.297,COD,0,7,0.247,metro,0,3,afternoon,0.2677657562695904,0.2186,0
b1c711a0-6750-4768-8734-653df09caa3e,928114f7-f956-485a-b601-6b40b48c18d7,2025-01-07,250.0,grocery,0.125,UPI,0,9,0.291,metro,0,6,evening,0.29038571770418864,0.05,0
2b11930f-61d4-45bc-bbb8-fc709bb8ddf5,4bc409c6-b5e2-418c-b091-811f237e5d34,2025-02-26,1411.11,beauty,0.081,COD,0,2,0.264,metro,0,2,evening,0.24986565117884016,0.1321,0
c9edc148-dda4-4cb1-80e2-cb75ca2d9202,706509ac-1c21-4830-bf5f-7a48ed377c6a,2025-08-09,845.17,fashion,0.062,COD,0,3,0.196,metro,1,5,evening,0.21026090580847182,0.1598,0
af4bb9fb-70ee-43c3-b1f5-c3dbb8336f74,b2260d18-fffa-4383-9ce1-cdafe986cab2,2025-04-30,449.43,grocery,0.14,netbanking,0,19,0.538,tier3,0,3,afternoon,0.4468118022423648,0.0157,0
2ddd7ee5-c525-499e-bdaa-2b63311132dc,9e9db8b8-b527-46e0-9e4b-211ffcef38a3,2025-01-27,1261.69,electronics,0.508,UPI,0,13,0.377,metro,0,5,evening,0.33315409272597374,0.0812,0
4207db4a-204b-4d1f-a4d7-a84a3f891a74,f7243914-f259-4b3f-b4da-cc523ff04815,2025-09-15,2854.99,electronics,0.121,card,0,11,0.206,tier2,0,2,afternoon,0.2798863894924076,0.0326,0
d278b39d-5e18-43ce-aad3-66a6ddbe8c9d,a08bc761-e2d2-46cc-952a-3d23d15d5fac,2025-08-06,250.0,beauty,0.121,UPI,0,7,0.306,metro,0,1,afternoon,0.30018529874356914,0.064,1
b7a82940-1810-419e-8f94-30c6e8ab7231,7f1c3fa8-2bd8-47fd-ad17-ab142fab9d56,2025-10-15,2214.24,fashion,0.11,COD,0,2,0.074,metro,1,4,evening,0.2765406569294239,0.3955,0
c71180bc-deeb-4391-ad5f-e017f5c08811,f04fffa3-5b04-4da0-9f3b-8a6b87fc1e74,2025-10-10,605.24,fashion,0.566,COD,0,12,0.406,metro,0,6,morning,0.3517803851773976,0.574,0
acffc047-b8b9-4d12-91a9-e9f9c221c0eb,fee7a85f-cf25-4349-b927-7a6f87b1bd3f,2025-02-27,1873.09,fashion,0.362,card,0,6,0.283,metro,1,6,morning,0.3325622338548419,0.1048,0
e2590396-3dc1-472b-b36b-8fadbe1085da,1693f3b2-ec12-4a50-8570-8484c8516494,2025-07-08,3107.54,grocery,0.22,card,1,0,,tier2,0,4,evening,0.36385813299321307,0.164,0
cdf7f77b-2526-4009-a317-97fca67bffdc,f74f5f38-4a81-4aea-bf60-656090b1e510,2025-10-19,737.61,grocery,0.387,COD,1,0,,tier2,0,4,evening,0.20978013032524798,0.0657,0
84a7f5de-a769-4902-9828-dd98b1a25ea3,e66cf7c0-8110-437c-9ade-4119f3d89dfe,2025-01-28,2182.79,fashion,0.258,UPI,0,1,0.142,metro,1,3,night,0.2828521239790615,0.116,0
dc4bec8e-284f-4156-a8da-a2b0b8002799,b2260d18-fffa-4383-9ce1-cdafe986cab2,2025-09-23,314.99,fashion,0.307,UPI,0,20,0.477,tier3,0,4,evening,0.4468118022423648,0.1526,0
ef8fb073-01e7-44fc-9519-3f433427efc4,e0be4c42-c5d2-46e6-98a3-f57143c81929,2025-03-15,387.67,fashion,0.649,COD,0,12,0.336,metro,0,5,night,0.23228588338828865,0.5477,0
00c60409-b0b8-4ea0-bd62-9e8c3bea3282,bcdeb425-8e18-4df0-9d56-77acc6d259f7,2025-09-09,547.49,electronics,0.294,COD,0,5,0.258,metro,0,4,night,0.2145242588320448,0.0728,0
3852851b-26be-488a-85b2-e405ad6dcb00,e78ba48d-2065-40c5-87f9-0202160a87af,2025-01-26,1200.67,electronics,0.201,UPI,0,3,0.183,tier3,0,3,evening,0.18263332309352803,0.079,0
723b393f-0b7b-40ae-b420-2c168e7acd24,6c56ea03-6f25-465a-8841-c114051cab81,2025-06-02,1775.18,grocery,0.581,UPI,0,13,0.327,tier2,0,5,evening,0.29048499029100583,0.0473,0
4a9191ae-9b25-44e7-a559-534439208f3e,eb9e5347-b3bf-4a4f-b52b-c9111ab81344,2025-02-02,694.73,home,0.527,COD,0,4,0.139,metro,0,1,evening,0.12149518069965874,0.3005,0
a59c0736-57d7-4c71-91e7-52cb5f3f4a12,115b599a-217b-402c-bf2e-d673a28b8b6a,2025-02-13,17306.23,home,0.143,UPI,0,9,0.134,metro,0,5,evening,0.22490754943212576,0.0009,0
52b1f694-e150-4797-a7a7-27edf217fa55,bbe8e4c6-2da1-471e-b2bd-71328ccd5406,2025-07-31,289.4,grocery,0.275,UPI,0,4,0.334,metro,0,3,evening,0.21478291236143027,0.0296,0
baae01cf-afd0-442a-9b20-fd74dcd686ca,3b33ff6f-efbc-48a0-8c8a-af2765c895e5,2025-10-21,1422.9,fashion,0.334,COD,1,0,,tier2,0,1,afternoon,0.3522819979765525,0.6557,0
25afb4ed-b446-41e5-be1c-ce3347bd8fd0,3d51b281-7585-4d43-aefd-40a803a1bf4f,2025-06-09,6624.11,fashion,0.1,card,0,13,0.179,metro,1,1,evening,0.24645297721478737,0.0354,0
74f8fcc6-2c75-4385-af63-9711b3072992,c328bdf6-8469-4dd7-94aa-166a5d515d1f,2025-02-06,2286.77,grocery,0.38,COD,0,4,0.16,tier3,0,7,morning,0.152939181594962,0.1477,0
a3eab180-0b57-4592-9874-d049f720f525,57c29481-3bfa-4690-879f-2cab6c2fd05a,2025-09-24,2126.22,grocery,0.165,COD,0,4,0.101,metro,0,1,evening,0.1838032082155034,0.0523,1
2bfcb65f-58fa-483a-af72-4109590142fa,4bc409c6-b5e2-418c-b091-811f237e5d34,2025-09-22,734.52,fashion,0.328,COD,0,3,0.237,tier3,0,6,afternoon,0.24986565117884016,0.4998,0
070e2b30-ad7c-4a9c-9f3d-15a33a06206b,f04fffa3-5b04-4da0-9f3b-8a6b87fc1e74,2025-04-14,1143.91,electronics,0.446,card,0,13,0.42,metro,0,2,evening,0.3517803851773976,0.0674,0
af805a37-213b-4310-b8b5-9ec514dc2911,4b9cf822-a66f-42ab-b681-17e3444c7bd2,2025-02-08,1748.2,electronics,0.532,card,0,2,0.272,metro,0,6,afternoon,0.3031590335061441,0.1387,0
6cfc55d8-1bd9-47ed-8386-c35df59b024c,00850f9b-0ccd-4292-aa59-0ccccc2d0338,2025-08-06,867.81,fashion,0.325,COD,0,3,0.388,metro,1,4,morning,0.2881986119409372,0.5618,0
a6408383-5863-47d8-b315-87e5656b404d,d684615e-b5d2-4dff-856f-f7aa94f57139,2025-10-07,3578.34,fashion,0.517,COD,0,8,0.466,metro,1,3,afternoon,0.391147140695262,0.5755,0
f9f74a98-85e1-47b1-8b42-6293c6424874,b2260d18-fffa-4383-9ce1-cdafe986cab2,2025-06-11,543.82,fashion,0.311,card,0,21,0.628,tier2,1,1,evening,0.4468118022423648,0.3116,0
f4dedddb-0e5c-4391-8656-6e2ae7fae1b4,3bd11f4d-7dd1-422b-8df9-7dc5cf636fc9,2025-07-28,590.86,beauty,0.529,card,0,3,0.366,tier3,0,4,afternoon,0.3052133289526958,0.1232,1
930da54c-5d0a-42bf-a38b-cca70e3ae5ed,f87f5cec-4cc7-4356-8a1b-5e82f142a0e0,2025-04-20,250.0,fashion,0.18,UPI,0,11,0.312,metro,1,5,evening,0.2242312963277271,0.255,0
a014c7ea-0cde-475c-b205-a32d043742b0,b3f33ef6-3953-4fa2-b5c0-493473e40312,2025-05-04,2294.83,fashion,0.181,COD,0,15,0.292,tier2,1,5,evening,0.24874291058771908,0.3095,0
e9ccb7b9-8480-4a24-93d2-e22d9d7ee7f9,fece3053-752e-4f5a-b715-c3d8cb10cde7,2025-08-31,544.99,home,0.304,COD,0,7,0.44,metro,0,4,afternoon,0.2486017792851423,0.4167,0
ea52cdd6-72db-48ee-8e49-8642e44fc2d2,66ae49f0-46d4-4030-87d4-59cee04caa99,2025-06-04,561.93,fashion,0.348,COD,0,3,0.0,metro,1,1,afternoon,0.07704457522442643,0.6769,0
46e7a713-a740-4382-a84f-3c87016792fa,72cb42d3-62b2-4036-9300-940e8c49efed,2025-03-30,4538.58,fashion,0.389,UPI,0,4,0.119,metro,1,2,afternoon,0.26860084009967505,0.0927,1
9a5fe344-12db-42ce-8002-047d0009ba00,4bc409c6-b5e2-418c-b091-811f237e5d34,2025-08-19,1787.71,fashion,0.165,card,0,4,0.343,tier2,1,2,evening,0.24986565117884016,0.1349,0
229a0eea-35f3-4e90-9046-dcc7808ee147,928114f7-f956-485a-b601-6b40b48c18d7,2025-06-20,2387.21,fashion,0.123,card,0,10,0.257,tier2,1,2,morning,0.29038571770418864,0.2049,0
cfe5a145-3887-4ee9-b886-72d04fed85f1,eded4543-f459-492f-b7c0-129218916835,2025-08-10,620.92,grocery,0.268,UPI,0,2,0.348,tier2,0,4,morning,0.3758845675178493,0.0497,0
ecdafcce-5472-4ddb-beff-2acc5d30de8c,a853efee-ff59-4993-bc61-f78068b52bd2,2025-10-21,377.28,electronics,0.411,COD,0,1,0.256,metro,0,4,morning,0.11173338786746698,0.1665,0
f215939e-7368-4bb1-bcf4-a09d025e494e,b732b9b1-5184-4f45-af4d-630b007d8b56,2025-04-06,1131.19,beauty,0.392,COD,0,10,0.304,metro,0,1,evening,0.3974441051585353,0.3344,0
5401fa30-94d9-4b54-a474-630a7ba50705,a08bc761-e2d2-46cc-952a-3d23d15d5fac,2025-01-04,1082.88,electronics,0.1,UPI,0,8,0.301,tier3,0,6,night,0.30018529874356914,0.111,0
cbfed522-70b9-4280-960f-755038f65e8c,80cef85a-5938-4801-9fa5-9b6c0de0cc08,2025-02-17,3229.54,beauty,0.507,UPI,0,8,0.162,metro,0,3,afternoon,0.2042925306906814,0.048,0
3137dc27-237b-49eb-9f33-ceb368a90014,f511f812-b332-434e-84ac-a8d69f0d2875,2025-08-27,1136.15,electronics,0.314,COD,0,12,0.113,metro,0,1,afternoon,0.1091421274751211,0.0704,0
c91bfa7f-6a2f-400a-aae8-db0414cbb604,0264a3d8-19e4-4ba6-8fef-821e2f029db1,2025-07-22,2158.48,grocery,0.423,UPI,0,3,0.217,metro,0,1,afternoon,0.21082490652703922,0.0094,0
c3e44c2c-d5a8-41af-b347-e0dc71c87a96,3ec64305-084b-4dbf-ad10-b6692b139740,2025-08-14,250.0,electronics,0.176,COD,0,3,0.38,tier3,0,5,evening,0.354621720738092,0.089,1
862b8728-0c31-4a7b-903a-9368ceb3811f,98f128ba-5f7a-45ba-b9fd-4d3978030042,2025-08-04,3069.91,fashion,0.173,netbanking,0,4,0.011,metro,1,1,morning,0.11390723161822383,0.0566,0
c7622b18-660f-431d-a1a2-75776204bb68,82715f5b-0eb8-4809-b878-05fd95a15158,2025-09-03,348.99,fashion,0.161,COD,0,7,0.005,tier2,1,3,morning,0.021184252375003435,0.3079,0
1308cea3-546c-43e0-8874-6c395570e3aa,1a4bfac1-4bff-4c1a-8331-8f58709b98b3,2025-05-10,1260.54,fashion,0.253,UPI,0,1,0.236,tier2,1,2,evening,0.15250618963621082,0.3028,1
9ac32965-6b58-4eb4-8918-941c11f294c8,3ee32102-de20-4ee2-a47d-3a6522a5a3a8,2025-03-15,554.48,fashion,0.06,UPI,0,1,0.65,tier2,1,3,evening,0.6171434097870331,0.3973,0
c729cd9a-368c-4c27-bbef-ae31f6407294,c7c7d746-9375-4232-8ea9-ffb11c594fc0,2025-03-22,3166.15,beauty,0.083,UPI,1,0,,metro,0,1,evening,0.40080141861945334,0.132,0
ccd63cd7-738e-4019-881e-d90f7fb6ccab,9e9db8b8-b527-46e0-9e4b-211ffcef38a3,2025-04-16,1668.53,fashion,0.434,COD,0,14,0.28,metro,1,2,evening,0.33315409272597374,0.4699,1
99f0a1db-79ce-4dd0-889f-ff4d6d9d1b71,eeb31956-eff1-4d4c-88b9-4562dc040f82,2025-01-01,4565.22,home,0.014,COD,0,8,0.304,tier2,0,4,afternoon,0.3706024922013499,0.2882,0
e32f9dff-58b6-469d-b803-c7e5b9ba59e9,fee7a85f-cf25-4349-b927-7a6f87b1bd3f,2025-01-12,748.08,home,0.249,UPI,0,7,0.212,tier3,0,9,afternoon,0.3325622338548419,0.063,0
4a68470e-9c4d-4c01-ba99-f346e8698c46,97097040-636b-45f4-85e0-9e1a52c27325,2025-07-01,4471.69,electronics,0.295,COD,0,6,0.196,metro,0,8,afternoon,0.15906278458837203,0.0894,0
f0bd92b9-f211-497e-9b52-295f2ec46f1a,bb778b4a-ece2-4020-98e9-868dac23ca5f,2025-09-04,10312.48,fashion,0.601,COD,0,1,0.42,metro,1,6,morning,0.43588893355319247,0.4343,1
df3eb60a-97c7-42da-94ca-23ea229f08d9,eeb31956-eff1-4d4c-88b9-4562dc040f82,2025-07-08,250.0,grocery,0.333,UPI,0,9,0.419,tier2,0,1,morning,0.3706024922013499,0.0287,0
61616a8c-45c0-4a44-afdd-50f3f4267875,61333330-b1a5-4c86-81d1-a619578e5835,2025-03-21,250.0,grocery,0.243,COD,0,4,0.149,tier3,0,6,afternoon,0.18587087319682674,0.1133,0
478fe020-4a76-42da-978f-69b4e2ad098f,13305eb5-fa9e-4ad0-82e5-51bd1825bb0e,2025-03-13,395.43,fashion,0.086,UPI,0,7,0.0,metro,1,2,evening,0.06015710717930573,0.052,0
21b215e2-904b-43c7-9842-3f019bb8c47e,2b6f7b91-8644-4001-be0d-167dfe018e72,2025-08-18,4873.63,electronics,0.144,COD,0,1,0.405,tier2,0,5,morning,0.4600954461872477,0.0844,0
a0c4ba1d-dcac-4a94-8966-f46aa2b4a619,dbcfa484-3e27-41f3-a2d5-0bd20054c665,2025-05-19,739.24,fashion,0.283,UPI,0,1,0.204,metro,1,4,afternoon,0.10784218495956682,0.3635,0
3fa78f54-c6c6-45f6-a836-0e97c54320e4,115b599a-217b-402c-bf2e-d673a28b8b6a,2025-06-29,566.83,fashion,0.393,card,0,10,0.209,metro,1,4,evening,0.22490754943212576,0.2581,0
c8d33bce-ecec-449b-899d-ddc3d28b9ace,bdf5e5de-7033-4345-ac37-819738c0e957,2025-04-21,549.92,fashion,0.084,UPI,0,20,0.379,tier2,1,1,afternoon,0.2211439005048725,0.4669,0
2db111d6-4760-4a9c-9734-99c21d972ae7,2a199d42-4b29-4a69-bdae-61711686d721,2025-01-13,1815.93,fashion,0.476,COD,0,1,0.496,tier2,1,1,evening,0.5280280326519072,0.8149,1
6bd7563f-55a6-4ef7-a922-5a8469871d5b,13305eb5-fa9e-4ad0-82e5-51bd1825bb0e,2025-01-15,1637.09,fashion,0.246,netbanking,0,8,0.141,metro,1,1,afternoon,0.06015710717930573,0.0667,0
03c08cd7-1313-4f78-9286-5b2fbf625ce7,1f06f63a-b4b1-4b03-bfcd-0334b93f8852,2025-06-03,1954.12,electronics,0.543,netbanking,0,4,0.114,tier3,0,6,afternoon,0.07981520295766234,0.0531,0
66c737b9-fbf9-40ab-b648-4db013313d60,14fa1e07-e46e-4421-bcc9-efd97fda4448,2025-08-19,870.41,home,0.305,UPI,0,4,0.27,tier3,0,3,evening,0.2216976101384966,0.2104,1
e0dee578-3078-484a-9756-5df309a7d7d4,71add523-5425-4cf7-ab69-7dd4d3e863a6,2025-03-21,2706.89,fashion,0.187,card,0,1,0.049,tier2,1,2,night,0.024014279411654592,0.1176,0
23896d9c-32d7-4a73-aae1-884c0efc9cad,b7cf8b3e-8cbc-41b9-b7a4-c29693d32968,2025-09-27,1549.31,fashion,0.212,UPI,0,3,0.191,metro,1,3,morning,0.23865381601921165,0.0736,1
c65bce56-6361-4f5f-ac1c-1ed6059c76f3,b35327f3-9a21-435b-a376-d3e29a326d89,2025-05-17,945.87,home,0.009,card,0,6,0.413,metro,0,4,morning,0.3174880999559512,0.0894,0
b5b38d83-cbb2-481d-8206-aa17504fd4e1,9624258c-4f43-4c23-8a52-ae3657722b57,2025-08-10,757.35,home,0.083,COD,0,10,0.296,metro,0,3,evening,0.4134664929263236,0.3075,1
59bc2eb9-4699-4d40-a839-503d1ab1b0fa,5a0bd207-df7a-41c3-8a83-1274a9efee90,2025-04-13,1121.33,grocery,0.362,COD,0,6,0.119,tier2,0,2,night,0.025007063694987345,0.1797,0
139f343c-b5eb-4831-b72a-d8f40e4955cc,706509ac-1c21-4830-bf5f-7a48ed377c6a,2025-02-25,1475.36,fashion,0.395,UPI,0,4,0.128,tier3,1,4,afternoon,0.21026090580847182,0.3313,0
fffb0e90-2250-4f62-973c-8384301eacc7,115b599a-217b-402c-bf2e-d673a28b8b6a,2025-06-05,399.74,fashion,0.14,COD,0,11,0.214,metro,1,7,morning,0.22490754943212576,0.6304,1
6c69514d-e10e-48dd-ac3f-987fd9b18cd8,90d4ab83-9a96-4a21-9db9-c0621084e983,2025-01-09,1116.41,fashion,0.105,netbanking,0,10,0.359,tier2,1,1,morning,0.29832839962512075,0.2664,1
52529541-6670-4a7a-94c1-72feae83893e,f798ef7e-e2a3-4c54-b902-894eaf540d62,2025-07-15,626.84,home,0.092,UPI,0,12,0.245,tier2,0,5,afternoon,0.21199326223067969,0.034,0
e7d32909-5ff5-4d6a-b4f3-7d255d785887,c93c6de8-9490-43c9-a1b4-b58f531b4584,2025-01-14,666.61,electronics,0.465,card,0,5,0.085,metro,0,3,morning,0.04047509547806022,0.0974,0
8566c454-b481-4745-b0df-aedc1855e280,52ad5451-dae5-4029-8a8a-756096ddf041,2025-04-27,380.56,fashion,0.16,UPI,0,4,0.429,metro,1,2,morning,0.44640490282899387,0.2176,0
9aa9f873-2206-4fd4-a3f0-d6a8e6a008b1,90a7c98b-0565-4330-a335-ddad08538e49,2025-04-17,250.0,home,0.388,UPI,0,6,0.0,tier3,0,3,morning,0.16802115856295066,0.2303,0
dc9c8f1c-bb94-436d-9a52-b852819991d5,4ab3cbf1-5914-4c42-b2e7-1238debcf239,2025-09-24,5091.43,fashion,0.165,card,0,7,0.128,tier3,1,3,evening,0.2033814634391261,0.1025,0
e662b603-b854-4637-91d4-39771814368e,ebb8a1f2-51a7-4500-b1ee-9350840d7c45,2025-09-07,1260.97,fashion,0.37,card,0,3,0.233,metro,1,3,morning,0.2923331864352393,0.2014,0
a858400f-1922-4ce5-b842-3c862049d478,b15097c2-354a-48aa-8b88-0fc27a70d24f,2025-01-02,2142.68,fashion,0.476,UPI,0,9,0.418,metro,0,5,afternoon,0.35941268307576457,0.0949,0
c08a4d28-037e-4552-bb2f-e9c879dccbce,87699cd8-cca3-418f-9a3e-144a0cbaca68,2025-09-04,2371.31,electronics,0.374,COD,0,7,0.037,metro,0,1,afternoon,0.05655306904883348,0.1377,0
6567acbd-4d5b-41cd-8e8c-09243febb4b8,b3f33ef6-3953-4fa2-b5c0-493473e40312,2025-08-14,666.12,fashion,0.139,COD,0,16,0.116,tier3,1,6,afternoon,0.24874291058771908,0.7691,1
73c5fe9e-307e-4806-911c-59f5ee594016,0264a3d8-19e4-4ba6-8fef-821e2f029db1,2025-10-26,1436.91,fashion,0.468,UPI,0,4,0.111,metro,1,3,night,0.21082490652703922,0.3088,1
33859f98-ed02-4e5e-896a-cc3bd2d7fc4e,67991ec5-6540-4afc-8700-1e97c8b7427e,2025-03-19,329.92,beauty,0.248,UPI,0,5,0.122,metro,0,5,morning,0.13954174495960747,0.07,0
424242a2-09d8-4fcf-a908-52bb39289355,e8f694f4-75c7-4b9d-8461-3f6fce844e62,2025-03-12,1606.67,beauty,0.429,COD,0,5,0.097,metro,0,1,afternoon,0.10058728392504118,0.1512,0
bd9d50b6-9649-4c7d-af5d-fad47bdb0449,13305eb5-fa9e-4ad0-82e5-51bd1825bb0e,2025-09-07,250.0,fashion,0.284,card,0,9,0.05,tier2,1,4,morning,0.06015710717930573,0.1435,0
b23ba9dd-eedc-4284-92bb-b0a3f5053e23,937f81a2-0c57-467d-869e-aaae2412816a,2025-03-07,981.78,electronics,0.45,UPI,0,10,0.097,metro,0,7,afternoon,0.2365731909103324,0.1394,0
47aece04-760e-4cdb-bc92-6ad6ce84837e,fd446eac-86af-48be-bbee-f95080c59e82,2025-09-17,377.7,home,0.019,card,0,5,0.289,tier2,0,4,morning,0.4143300984213656,0.044,0
5e46f54a-fbdd-41f5-a2ae-de676271dd0f,ebb8a1f2-51a7-4500-b1ee-9350840d7c45,2025-10-24,296.3,electronics,0.137,COD,0,4,0.391,metro,0,4,morning,0.2923331864352393,0.045,0
31b38efc-5b85-47db-9918-e2036d9eb0e6,754ee000-0eb3-4857-a2e8-476c39a286c0,2025-04-09,4137.74,beauty,0.426,UPI,0,5,0.398,metro,0,2,morning,0.2831068452109286,0.3418,0
53dda753-7882-49f5-b897-0a5b558ffbc1,ae648879-94d9-43e9-9c34-e6de78357400,2025-03-02,769.69,fashion,0.505,UPI,0,3,0.081,tier2,1,2,morning,0.10883559867342446,0.3032,0
6c721a30-cc79-47e7-bdc9-1553e5bc6145,1430da84-3676-4e2f-a20c-58786ed1d466,2025-10-19,611.49,fashion,0.427,COD,0,15,0.213,metro,1,3,morning,0.22121655786542901,0.4445,1
03d21ece-afdb-4776-adc6-26c0c066a4e9,1430da84-3676-4e2f-a20c-58786ed1d466,2025-01-18,542.7,fashion,0.48,COD,0,16,0.23,metro,1,4,evening,0.22121655786542901,0.433,1
e3c78bc1-e323-4d19-89c8-c5280c8a2954,76e3ab4e-0d33-4910-81b9-f0f04685b7d6,2025-08-14,255.56,beauty,0.101,COD,0,4,0.054,tier3,0,4,evening,0.06842336486313001,0.2345,0
f1676a31-2373-4379-b2de-eb9452baf9c5,86f28512-bb98-42b7-adcf-e974ff460b6d,2025-07-14,2467.56,electronics,0.319,UPI,0,1,0.405,tier2,0,3,afternoon,0.399926813908544,0.0348,0
8416c61a-4ff0-415f-8433-18bb750946e5,fd446eac-86af-48be-bbee-f95080c59e82,2025-03-16,250.0,fashion,0.433,card,0,6,0.621,metro,1,4,evening,0.4143300984213656,0.3148,0
0a6ca063-e012-474f-9dab-3640886b4d3e,fd281fbb-79c1-45b3-9e12-038f990994d1,2025-07-17,250.0,fashion,0.07,card,0,5,0.052,tier2,1,1,afternoon,0.11826527161057414,0.1843,1
80254943-9e79-4069-b446-655fa33d7a30,1a23a683-c22e-476b-84ea-7de5efdd8f6f,2025-10-10,898.18,fashion,0.307,card,0,8,0.262,metro,1,6,evening,0.23076225353726293,0.1803,0
e00eb336-1500-4f3e-b9da-ba985a142d5e,f6624986-1488-4db8-994b-6db58a9ef6b8,2025-05-15,4087.12,home,0.36,card,0,3,0.025,tier2,0,2,evening,0.15422316215847254,0.0214,0
12d1fb37-de9b-4711-845e-3f540cef4bf7,a34065c0-8e17-4d75-85a2-be877fdabce0,2025-02-13,8228.93,home,0.273,UPI,1,0,,tier2,0,2,evening,0.2384500662905658,0.0483,0
bc7dd6b6-9f9b-48da-955f-8689a4c6bdeb,dfa46b30-8254-491f-82a9-f48d15af87ec,2025-09-03,1864.95,grocery,0.377,UPI,0,1,0.327,metro,0,5,morning,0.3168272953486334,0.0279,0
1cc754e9-9bbe-40b9-a6f2-287b694a88d0,48242df6-6544-46ca-8243-b23028d6d805,2025-02-14,5097.12,fashion,0.275,UPI,0,11,0.048,tier3,1,4,evening,0.1548544510371693,0.1151,0
49971851-d7e1-4084-a0c3-eb012a836aff,bdf5e5de-7033-4345-ac37-819738c0e957,2025-05-08,250.0,beauty,0.2,COD,0,21,0.226,tier2,0,3,night,0.2211439005048725,0.1983,0
21744d36-4b6d-49ba-b8ed-1be679df1e0e,cc825a9c-6ef8-48bc-90ca-0bc2af6a4e40,2025-08-31,989.79,fashion,0.313,card,0,4,0.123,metro,1,3,afternoon,0.27966983742156076,0.2177,1
57e18b74-c8f2-4f94-b56b-63bbc00456cb,ea2ea2e1-ad32-4fa1-9907-dc30c57262e0,2025-01-08,698.7,grocery,0.013,COD,0,1,0.386,metro,0,4,morning,0.33375713618452035,0.0434,0
aaa61251-2398-4860-a248-002007220dc4,530bbe2d-ad3a-48f9-bc50-6461db39ef79,2025-06-28,250.0,beauty,0.256,COD,0,12,0.621,metro,0,1,afternoon,0.5144941083307562,0.3784,1
51a1848c-b3c7-4876-9498-19a806cb7fc1,928114f7-f956-485a-b601-6b40b48c18d7,2025-05-28,1090.54,electronics,0.42,COD,0,11,0.276,tier2,0,4,afternoon,0.29038571770418864,0.1525,0
48993a4c-f184-419d-980a-55f86c6bcc90,31fb899b-f8d2-414f-90c0-6743b2dbc9b3,2025-09-03,459.2,electronics,0.394,COD,0,3,0.264,metro,0,2,morning,0.3358319706571889,0.1704,0
7ad3314b-405f-4d68-9ea2-ba0a07c1dbf6,3661a905-c2f5-441f-8a96-b261c579bc9c,2025-01-18,1398.75,home,0.132,COD,0,2,0.425,metro,0,3,morning,0.46113145613975703,0.1264,0
bcc132a9-4698-489d-bbef-c05cbc5a469b,e337d2a3-6032-4e1f-8ce4-a81121aa131e,2025-01-25,1985.01,home,0.259,COD,0,15,0.375,metro,0,1,evening,0.2771725532528444,0.0657,0
6514866f-312d-49f1-99ab-f3f95e9758ea,1430da84-3676-4e2f-a20c-58786ed1d466,2025-09-21,4865.5,beauty,0.573,UPI,0,17,0.164,metro,0,2,evening,0.22121655786542901,0.0789,0
e2b2642b-e71d-4063-8402-79d6b2e71505,b3f33ef6-3953-4fa2-b5c0-493473e40312,2025-08-13,551.51,beauty,0.172,UPI,0,17,0.334,tier3,1,5,evening,0.24874291058771908,0.3237,0
5d36ecb9-ee4d-475e-aa6b-b0d8584f55fb,90a7c98b-0565-4330-a335-ddad08538e49,2025-03-01,250.0,electronics,0.498,netbanking,0,7,0.175,tier2,0,3,evening,0.16802115856295066,0.0964,1
2ab4e656-5978-499a-9d42-9a72b522ae47,eb671c1e-81f6-496c-b68d-49ea47acde37,2025-07-08,250.0,electronics,0.068,UPI,0,9,0.145,tier2,0,6,afternoon,0.18608348760507418,0.0257,0
ba7673a1-53af-4dca-87e3-eb641d271f82,44966f4a-9060-4681-b0c5-38aabff795b2,2025-08-25,3417.52,fashion,0.473,UPI,0,3,0.075,metro,1,1,morning,0.17602227586818103,0.0805,0
1c77d377-7785-428f-82cb-1117b86dee6e,9624258c-4f43-4c23-8a52-ae3657722b57,2025-08-17,284.34,electronics,0.114,card,0,11,0.504,tier2,0,2,evening,0.4134664929263236,0.1162,0
763aef49-9380-478b-979a-03c1722fcb8f,cc825a9c-6ef8-48bc-90ca-0bc2af6a4e40,2025-02-25,1690.91,beauty,0.161,UPI,0,5,0.375,tier2,0,3,evening,0.27966983742156076,0.1043,0
198bc040-ba89-4468-b335-19e9688323e2,1db38876-5057-4dcc-8f89-d7e790129fe8,2025-06-27,375.61,home,0.083,COD,0,2,0.152,tier2,0,4,morning,0.14594410347412967,0.1538,0
2f49b8ba-4000-49a6-9da7-cdbcde3cf14a,d9af91f9-8feb-4cae-955d-0a0db9627211,2025-05-09,924.22,fashion,0.18,card,0,1,0.122,tier2,1,3,evening,0.18270874579895838,0.2658,0
5a26e868-56fd-42bc-8180-d715eb55f66d,38384398-7058-4fd7-b01b-cbda8d50a490,2025-05-04,610.1,beauty,0.046,UPI,0,7,0.073,metro,0,4,morning,0.12601617248198352,0.0624,0
a76faadc-1b19-4b3e-949a-3e76886eed32,91d9555b-1d4d-4f40-aeaa-eb332e280fbc,2025-01-19,810.35,electronics,0.341,UPI,0,5,0.225,tier2,0,7,evening,0.15808045554802053,0.0892,0
b3255078-28c7-43a4-b6e2-4d03652fd8a0,ab402b2b-f644-4050-9b7a-256960a2b70d,2025-01-19,607.93,electronics,0.15,COD,0,3,0.354,tier2,0,4,evening,0.2537284053397563,0.2974,0
e70e778c-5ca6-4bf3-b10e-ff4710699ec7,c74291cc-50dd-48a2-918a-2263305eb957,2025-06-09,1996.17,home,0.137,UPI,0,11,0.216,metro,0,4,night,0.2897378778415542,0.113,0
bc5ebd7d-c859-46a8-810b-28b33aa92d94,8aad1534-c5ee-4b92-be7e-78a529af82b8,2025-09-14,3913.98,fashion,0.263,COD,0,3,0.306,metro,1,2,afternoon,0.36581399891508337,0.5429,1
899f7dd2-0ed3-4005-bb02-89f4dec13a90,fd446eac-86af-48be-bbee-f95080c59e82,2025-05-29,841.49,fashion,0.212,UPI,0,7,0.423,metro,1,5,evening,0.4143300984213656,0.3338,1
588612f5-7dd6-4fa2-89bd-46e93a8eb079,fe550887-96cd-4997-85b8-f1feef78730d,2025-10-02,250.0,fashion,0.074,UPI,0,1,0.249,metro,1,3,night,0.1562196164642481,0.1685,0
a020cb9c-fa32-421d-a60c-58b6a908a637,295aecae-d2c7-4cb8-a2d7-dda883f0feb4,2025-08-18,1983.58,grocery,0.129,COD,1,0,,tier3,0,5,morning,0.15600093316577332,0.1683,0
ddc9188d-a7cf-4b86-8a68-b67f7aef35d9,551aee57-0df4-4a51-9afa-0babaf28b33a,2025-10-11,495.74,fashion,0.553,UPI,0,14,0.282,metro,0,2,evening,0.18168234468688693,0.262,1
508febc5-5cb3-4e9a-a1b1-9c84d0a6f43e,18471c77-61f9-4793-b4da-b432f51981aa,2025-04-19,843.5,fashion,0.378,COD,0,1,0.245,tier2,1,2,evening,0.14258967185168278,0.4363,1
a81f3692-9d2a-420d-a746-7344ffcac768,0f2a7185-360f-49ed-b7c4-cb731c475eb2,2025-05-11,946.19,fashion,0.239,UPI,1,0,,tier3,1,3,evening,0.21438054858203234,0.4554,1
e5f08b47-11de-42b6-a189-a0beb6dad280,9e9db8b8-b527-46e0-9e4b-211ffcef38a3,2025-09-26,250.0,fashion,0.16,COD,0,15,0.377,tier2,1,2,morning,0.33315409272597374,0.4214,1
ad5accab-b566-4d21-9b30-dec459097c49,b3f33ef6-3953-4fa2-b5c0-493473e40312,2025-03-23,375.69,electronics,0.374,UPI,0,18,0.136,metro,0,3,afternoon,0.24874291058771908,0.0527,0
42fcb091-3baa-4cd6-bf8a-ebca8551dab1,eeb4b6d2-ae83-44df-bfd5-73e1f445c4af,2025-03-11,2033.03,fashion,0.243,COD,1,0,,tier2,0,4,afternoon,0.32711616961778794,0.3692,0
90892e94-803e-4fff-8225-bbda04a05422,eaeed0dd-7e1c-4258-9fdd-9985ad3d359d,2025-07-25,486.41,electronics,0.525,UPI,0,2,0.295,metro,0,4,evening,0.3269451502115473,0.0777,0
fc23154c-9a53-4db6-9a36-f3b885ae5629,ac46d877-8423-49a6-902f-7054e0aa8316,2025-01-13,9390.32,electronics,0.086,UPI,0,8,0.073,tier2,0,5,morning,0.05573145024510638,0.0071,0
c08f6089-f1ac-4d59-a65c-33422e479cae,07a92d2c-8c2e-4fb1-85f3-8f78e6c7b100,2025-06-22,2114.39,fashion,0.151,COD,0,3,0.329,tier2,1,2,night,0.4069919336009818,0.5902,1
08518a85-5f90-45c1-896e-aeeac774d9e2,80cef85a-5938-4801-9fa5-9b6c0de0cc08,2025-04-21,1368.91,fashion,0.416,UPI,0,9,0.174,metro,1,1,afternoon,0.2042925306906814,0.3555,0
d1a06a74-ab9a-414a-8041-49ecb9223ea4,97097040-636b-45f4-85e0-9e1a52c27325,2025-10-22,2965.81,home,0.629,card,0,7,0.21,metro,0,4,evening,0.15906278458837203,0.1111,0
02e9bde6-bfb1-4f4b-8551-6c591efba6a4,cdfac639-c4a1-4655-be5a-2d787e76f71c,2025-06-11,2222.46,fashion,0.144,UPI,0,17,0.166,tier2,1,2,evening,0.18576378008237582,0.0681,0
43a703e1-bf1e-4825-9321-847a85ddf2f0,3a9ae1d4-9f82-4e24-94f7-19e95fba3930,2025-05-27,279.42,grocery,0.19,card,1,0,,metro,0,8,morning,0.3017312798128869,0.1163,0
197e9f71-36cc-407d-b0c9-58a70b11ec44,72cb42d3-62b2-4036-9300-940e8c49efed,2025-10-10,1065.59,home,0.448,UPI,0,5,0.302,metro,0,4,night,0.26860084009967505,0.1463,0
05efbf31-0ea8-497d-af13-df2ca46418d9,7f892973-babf-4935-bab7-187b59d8b023,2025-08-20,3136.37,electronics,0.319,card,0,15,0.0,tier2,0,5,morning,0.2434169799043869,0.0283,0
afaaf2e3-c5ff-486b-9f8a-928ca0ab0887,fd446eac-86af-48be-bbee-f95080c59e82,2025-06-18,1365.22,electronics,0.35,COD,0,8,0.603,tier3,0,4,morning,0.4143300984213656,0.4044,1
493a9c57-176b-47e3-9b07-c21dcb1c204e,e337d2a3-6032-4e1f-8ce4-a81121aa131e,2025-08-20,707.94,home,0.139,COD,0,16,0.313,metro,0,3,evening,0.2771725532528444,0.2476,0
c6d152b1-2c33-4b23-8943-a25a69c92940,b6352c97-2241-47d4-89b2-77d21afae1a8,2025-08-14,1206.64,home,0.423,card,0,3,0.323,tier2,0,5,afternoon,0.2098480405685214,0.042,0
055b0a05-6b06-4a92-93a2-75d8e798c8f3,928114f7-f956-485a-b601-6b40b48c18d7,2025-08-10,6288.67,electronics,0.21,netbanking,0,12,0.351,metro,0,3,afternoon,0.29038571770418864,0.041,0
20590e60-686b-4bc7-81a2-8b81b20962b1,737e35bc-4ea3-42a4-9c26-b22f7099bf28,2025-05-29,1881.64,fashion,0.174,COD,0,5,0.0,tier2,1,2,evening,0.05662677973259444,0.2824,0
d75ca8c7-4bd7-4357-97e9-9480ffdbbce8,1430da84-3676-4e2f-a20c-58786ed1d466,2025-01-30,285.06,fashion,0.204,COD,0,18,0.316,tier2,1,5,morning,0.22121655786542901,0.3017,0
0cf0e1d5-3829-4e13-9083-c0a9a7075bf6,e0c7f018-d138-4b2a-8686-c7bc5a512a86,2025-02-27,250.0,fashion,0.455,card,0,6,0.393,metro,0,6,night,0.32765833124561905,0.2667,0
2ce28a0f-6758-4a8f-84a9-11b3d8075bae,f91b87e4-35a7-481d-96ba-a679feba54f3,2025-10-27,2625.99,fashion,0.149,UPI,0,6,0.113,metro,1,5,afternoon,0.05881659853496958,0.0874,0
c267ac54-c50a-41bd-ac94-d2c1921ac3ac,9cfbe601-0322-4c7f-a8fc-089374a870d3,2025-10-13,492.51,grocery,0.402,UPI,0,8,0.383,tier2,0,2,night,0.2677657562695904,0.0855,0
9d8d1968-6d59-4cb5-8d8e-93fe1543f4a7,31ff0d71-1021-4137-a652-0909a72704a8,2025-06-17,608.4,beauty,0.216,COD,0,3,0.54,metro,0,3,morning,0.3745706193331196,0.3524,1
27188c55-a1cd-4cfc-ba06-25a87c92adf1,31fb899b-f8d2-414f-90c0-6743b2dbc9b3,2025-09-13,3262.95,fashion,0.569,UPI,0,4,0.264,metro,1,5,evening,0.3358319706571889,0.3117,0
20d57989-8b2f-4605-9fff-3e3deb8cfba7,dcc320e0-51d7-4f5a-b1cf-f774f3ea235f,2025-03-21,2091.29,grocery,0.133,COD,0,17,0.142,tier3,0,3,evening,0.08097222048102413,0.0399,0
891a695b-fc65-443a-b27d-3ae07a780739,74a60004-5880-40d4-977a-6eec71073670,2025-01-30,15526.22,beauty,0.038,card,0,1,0.364,metro,0,6,morning,0.29458700556517403,0.0078,0
689fb2f2-a947-482d-af86-c740684ff437,c66f6e79-ae50-43d4-a0cc-4c34abe9c042,2025-02-08,1186.97,home,0.036,card,0,2,0.172,tier3,0,4,night,0.2426758876131097,0.0467,0
23d2e9eb-baec-43c3-a2e1-7c685704cf86,d2951b9d-49eb-4eef-8467-6d832ad3d8ac,2025-09-01,1096.73,electronics,0.331,COD,0,7,0.152,tier2,0,2,evening,0.19975800750299405,0.2066,0
d360c367-c647-4593-b5f9-373d5c1e5e0a,1c6fcc45-e7c4-46e9-96c4-15861264031e,2025-09-12,5050.63,fashion,0.054,card,0,2,0.042,tier2,1,3,afternoon,0.10854267231058526,0.1556,1
8c0aebe9-c499-4cbb-acd3-fa1e781f8f68,fd6cccad-5f4f-45ca-8142-59059b87515b,2025-07-05,12189.09,fashion,0.449,card,0,16,0.274,metro,1,1,night,0.2595265118239566,0.0851,0
922781c8-1cb6-4ba3-9e99-8beaca824373,dcc320e0-51d7-4f5a-b1cf-f774f3ea235f,2025-10-18,1615.57,home,0.418,UPI,0,18,0.037,tier2,0,5,afternoon,0.08097222048102413,0.0406,0
2c0f0de6-bcb4-42e7-baa9-98ce5688bc22,844e1cc6-38c0-44c1-8fb0-2171c4ac07a9,2025-03-29,2103.06,electronics,0.419,UPI,0,6,0.029,metro,0,4,evening,0.09221080951028436,0.0294,0
26322ee3-54a4-4679-8817-2be23a816df7,f4f9557a-86f4-4bf5-ae07-480ff58c6f7a,2025-10-07,250.0,home,0.27,card,0,4,0.0,tier3,0,4,morning,0.04552205229964168,0.0874,0
d5edbfb5-b23d-496f-bf51-a38f7ae9c596,eb671c1e-81f6-496c-b68d-49ea47acde37,2025-01-22,1943.36,fashion,0.315,card,0,10,0.134,metro,1,3,evening,0.18608348760507418,0.284,0
1e996f32-94ec-4eca-9f2e-3d2ec1c95604,ed599b6e-2d8f-4189-929f-bf2dbd05f32d,2025-05-09,9134.19,beauty,0.071,COD,0,2,0.459,tier3,0,3,evening,0.46015210405281526,0.0956,0
f9be9420-fbe2-4acf-b7d6-98dc86587afa,9cfbe601-0322-4c7f-a8fc-089374a870d3,2025-07-04,3883.39,electronics,0.204,UPI,0,9,0.402,tier2,0,4,evening,0.2677657562695904,0.0619,0
6154c091-6f4b-44d2-b660-bbe1e235ae80,1a4bfac1-4bff-4c1a-8331-8f58709b98b3,2025-08-15,404.78,grocery,0.418,netbanking,0,2,0.205,metro,0,4,afternoon,0.15250618963621082,0.0139,0
a32ae644-1196-45be-b588-97a6edb870b7,065c9c38-1969-4e88-a122-7e83932d5e47,2025-03-04,1199.84,home,0.061,COD,1,0,,tier2,0,5,evening,0.5393163232471033,0.2559,0
a4df1214-05d6-4cd7-be31-c85a9ebc5962,61e68552-c2ac-46ab-b349-d5252a071eca,2025-05-04,689.73,home,0.147,card,0,13,0.307,metro,0,1,evening,0.1913603605753747,0.0853,0
f6aeaeed-a4d1-4954-b468-656226d9ae15,b36dde2e-e09b-4224-b113-133cdade54b5,2025-05-01,2529.63,home,0.134,card,0,2,0.161,metro,0,4,afternoon,0.13745108080776064,0.0085,0
5130ab83-5e6e-411f-a612-b763a19bcb07,d684615e-b5d2-4dff-856f-f7aa94f57139,2025-10-26,715.49,fashion,0.407,netbanking,0,9,0.332,tier2,1,2,evening,0.391147140695262,0.4856,0
1c9938c8-1fed-4138-83d1-9eaea9e63f5a,d0180517-a118-4de4-8496-9566b882b94f,2025-10-20,2854.39,beauty,0.075,COD,0,1,0.14,tier2,0,3,evening,0.12664862946612027,0.1442,0
35ae36bc-105f-4f3a-9fba-c34925168d7f,412fdcc8-a20c-4ee8-986c-d10d8bf4a971,2025-05-18,2598.52,beauty,0.083,UPI,0,4,0.61,tier3,0,5,evening,0.6645072620284929,0.127,0
e5a6fd75-5d4a-4239-b93c-779aa0b915c1,016c991c-d324-4a0d-8554-0f6f7eab3aae,2025-05-03,250.0,fashion,0.047,COD,0,1,0.039,tier2,1,4,night,0.04287065580036544,0.1227,0
813efa25-85d4-4c7f-bd3f-7efae4ac9cf3,ebb8a1f2-51a7-4500-b1ee-9350840d7c45,2025-01-31,5593.59,home,0.173,card,0,5,0.328,tier3,0,4,evening,0.2923331864352393,0.0792,0
8532ac36-38be-4803-95ad-2d3dd0e801bb,b6da0c58-e09f-4c64-b488-90dde3c22bf1,2025-08-20,4168.26,home,0.437,COD,0,7,0.105,metro,0,2,evening,0.06852796151158619,0.298,0
2a9fd0a7-b355-49a2-a457-9694b6814e40,937f81a2-0c57-467d-869e-aaae2412816a,2025-10-10,996.29,fashion,0.392,COD,0,11,0.193,tier2,0,3,afternoon,0.2365731909103324,0.3127,1
29b67f10-7e55-4028-8758-c4c50a033454,3ecb19de-c2c2-4695-853a-66f9349c3a05,2025-06-25,832.75,beauty,0.551,UPI,0,3,0.168,metro,0,3,evening,0.1410845122933714,0.0831,0
7b0b7e45-ba98-44b2-bae5-9ef73ee82b0f,d633d486-1a12-4fd3-8884-ec8ac4ceb167,2025-07-13,2297.85,beauty,0.202,UPI,1,0,,metro,0,3,afternoon,0.06704705650959249,0.1032,0
709f25d7-23fc-4fa8-b0d5-bebe0df13073,8779fb27-f743-4810-ab5b-061f3407a98f,2025-10-15,370.04,home,0.222,COD,0,6,0.353,metro,0,1,evening,0.18284841178251302,0.2652,0
295a11ca-bdf8-48d1-8555-10c88992bfad,80cef85a-5938-4801-9fa5-9b6c0de0cc08,2025-04-12,250.0,electronics,0.493,UPI,0,10,0.301,metro,0,3,afternoon,0.2042925306906814,0.1404,0
706c347e-59a7-4612-a1d6-9e23df1d6a93,31f53599-3fbf-4d54-b360-4ebd731496d0,2025-08-14,8475.84,grocery,0.105,netbanking,0,4,0.323,metro,0,1,evening,0.3108899842101137,0.0107,0
265b640d-6d79-477c-8383-53867030d13b,eadbd094-be35-4736-a2ab-dbd7268dbb77,2025-01-07,640.69,fashion,0.645,UPI,0,1,0.279,tier2,1,1,afternoon,0.20565504312437694,0.3569,0
7c7e993c-d707-41a9-87c9-755f4528d955,264713e0-0ea7-4880-9795-f6f977d4d71c,2025-05-16,904.62,beauty,0.242,UPI,0,7,0.234,tier3,0,3,morning,0.1503348970823547,0.1785,0
e2fa2f6a-baf2-4403-9b20-67f3ff69ce28,eeb31956-eff1-4d4c-88b9-4562dc040f82,2025-04-01,3016.24,home,0.294,netbanking,0,10,0.231,tier2,0,4,afternoon,0.3706024922013499,0.0327,0
e30478f2-efa0-40cc-aee7-eb1f5031fb97,5a4e456a-7177-438a-a82d-59e0133f3eb9,2025-06-23,308.26,electronics,0.255,UPI,0,19,0.167,metro,0,1,morning,0.23069756686430742,0.0903,0
4add9619-1bc3-425a-a4b1-5d6b6013f66d,dcc320e0-51d7-4f5a-b1cf-f774f3ea235f,2025-03-28,10849.49,fashion,0.26,UPI,0,19,0.182,metro,1,2,night,0.08097222048102413,0.0945,0
cc5bded5-9f44-4a03-a1fb-e171040eaee0,5a4e456a-7177-438a-a82d-59e0133f3eb9,2025-08-22,304.25,beauty,0.365,COD,0,20,0.0,tier2,0,3,afternoon,0.23069756686430742,0.1866,1
2560c5be-24d1-4618-bff9-7fea72cc98a3,041e6bc9-db72-4f93-9250-95c5729fd5f6,2025-03-20,2217.73,electronics,0.115,COD,0,8,0.229,tier3,0,4,evening,0.24989906497225137,0.2866,1
47fe4861-0206-4a46-aab6-6ff4c8183132,b2260d18-fffa-4383-9ce1-cdafe986cab2,2025-09-21,432.47,home,0.336,COD,0,22,0.412,metro,0,5,evening,0.4468118022423648,0.3861,0
1fa43692-9913-4b84-ba9d-5c95eb28a382,03e42702-fab7-46c2-bdd8-68c7d3649df7,2025-08-31,382.56,fashion,0.333,netbanking,1,0,,tier2,1,3,evening,0.22427206235251892,0.4794,1
9e1eac3a-4eb8-4bb5-a637-ece03ca415d4,66ae49f0-46d4-4030-87d4-59cee04caa99,2025-02-25,1227.95,home,0.339,card,0,4,0.202,tier2,0,1,afternoon,0.07704457522442643,0.0606,1
15be56f4-b2e1-492d-90bc-d1f297c316c5,fd4d50c1-7eed-4072-8e6d-ddfb842a0363,2025-04-30,742.83,beauty,0.402,UPI,0,1,0.473,metro,1,2,evening,0.4803988607673801,0.3481,0
c43b5ad7-9a51-442f-a32c-3fc94d12e0b2,52ad5451-dae5-4029-8a8a-756096ddf041,2025-04-19,250.0,grocery,0.193,card,0,5,0.414,tier2,0,2,afternoon,0.44640490282899387,0.03,0
b10a471b-d625-4215-bf9e-75d227dc36e4,3f175ef7-cb46-404c-ae55-2d22b3544172,2025-03-11,250.0,fashion,0.15,COD,0,21,0.228,metro,1,4,evening,0.048627470043128354,0.589,0
0cb504a5-e1ab-4122-a834-b046fb2a9747,488818a4-8adb-4718-b41a-823c7f2b2ab8,2025-07-02,250.0,fashion,0.467,netbanking,0,3,0.123,tier2,1,1,morning,0.25703386186733934,0.2299,1
ddec9ca4-3d23-4208-a9f7-39313addc4b7,3bf94f31-a69a-4672-af18-93b6ddcad665,2025-06-03,815.66,electronics,0.241,UPI,0,4,0.632,tier2,0,3,evening,0.6823689291324807,0.3518,0
f5f7d3e0-d51a-4450-b96a-efe15e742809,61e68552-c2ac-46ab-b349-d5252a071eca,2025-01-29,3121.59,home,0.192,UPI,0,14,0.169,tier3,0,4,afternoon,0.1913603605753747,0.0634,0
760a0d49-e876-4cef-a295-ab76b49d5752,b42f07c9-1eeb-4ac5-8d28-5ece4676d517,2025-07-08,4240.56,fashion,0.054,UPI,0,1,0.594,metro,1,1,afternoon,0.5424554488796087,0.079,0
d62ac097-d2cb-4554-a64d-f90366fb061f,44966f4a-9060-4681-b0c5-38aabff795b2,2025-04-28,3198.14,fashion,0.51,UPI,0,4,0.262,tier2,1,2,evening,0.17602227586818103,0.4225,0
308fd9c4-616e-428d-be27-bc79b73cb390,2022f5c1-083c-4c40-93e7-f3bf5ca21797,2025-06-29,732.79,electronics,0.211,UPI,0,5,0.0,metro,0,5,afternoon,0.03002375015151436,0.0239,0
be468f34-f4a5-4359-82e0-1b5b324e776d,cd41d912-6dd3-48f5-8321-ab579b72c57a,2025-07-14,7213.01,electronics,0.202,card,0,10,0.123,metro,0,3,afternoon,0.1561219227039281,0.0046,0
f2bfbaf3-714d-47a6-9a06-8d2a48be79f9,b3f33ef6-3953-4fa2-b5c0-493473e40312,2025-03-05,1202.33,fashion,0.39,COD,0,19,0.288,tier2,1,4,evening,0.24874291058771908,0.7846,1
b7b5cf51-ed1a-4d28-aac6-fb55865e7cf4,72f61517-12bd-45af-9f3b-ee6e0907e0a5,2025-06-04,4512.47,beauty,0.122,UPI,0,1,0.287,tier3,0,2,afternoon,0.2810349509629501,0.2376,0
157971bb-21d3-42ae-addf-b16c3535d579,0b3125cc-29c6-4f20-b1ef-8890454bd85d,2025-06-18,394.64,home,0.214,UPI,0,9,0.371,tier2,0,1,afternoon,0.45454338905514596,0.129,1
c2772081-245a-4707-9e0d-4920b4c05285,147c1194-efc6-433e-b1e8-3f6c74aa4b79,2025-07-19,1454.53,fashion,0.525,UPI,1,0,,metro,1,2,morning,0.5344403543326108,0.6093,1
242d7a55-eef2-4517-b926-070df23bd427,3f888151-69ed-4006-b5f2-68afced6201b,2025-08-26,712.11,fashion,0.502,COD,0,20,0.136,metro,1,5,night,0.10820090543681238,0.5608,0
6a3e8731-df07-4740-8410-bf4c0d77bf0f,244f6df6-0877-4426-b15f-8812d0053625,2025-08-22,266.99,electronics,0.181,UPI,0,2,0.238,tier2,0,2,evening,0.24420543477340984,0.0778,0
6544e55e-ffad-4072-963a-754ff9c956b7,31f344da-4c1e-47ec-af4b-557c14d0e8e0,2025-07-31,1874.36,fashion,0.443,COD,0,8,0.697,tier2,1,3,afternoon,0.6039320915435429,0.6634,1
26c17c49-56fe-44cc-ae49-f149ebf777fe,9e9db8b8-b527-46e0-9e4b-211ffcef38a3,2025-04-08,810.77,fashion,0.52,UPI,0,16,0.42,metro,1,1,evening,0.33315409272597374,0.3457,0
a9582074-5484-4bee-bd59-49fdf6f65f13,ae648879-94d9-43e9-9c34-e6de78357400,2025-08-12,5010.01,grocery,0.296,card,0,4,0.108,metro,0,4,morning,0.10883559867342446,0.011,0
9051b20a-67df-4efe-a5af-1c42dc61406c,cd41d912-6dd3-48f5-8321-ab579b72c57a,2025-04-11,1485.98,home,0.12,netbanking,0,11,0.077,metro,0,1,evening,0.1561219227039281,0.036,0
c9855cdc-ac95-4625-bbde-1b02b990d5cd,90d4ab83-9a96-4a21-9db9-c0621084e983,2025-03-07,2400.74,fashion,0.249,COD,0,11,0.423,metro,1,6,afternoon,0.29832839962512075,0.3323,0
c9737b42-f8e8-4945-9283-fde51cd74ac3,921630a5-4228-4ca0-bb9f-b2ff9f27a03d,2025-01-18,616.4,fashion,0.259,netbanking,0,1,0.372,tier2,1,4,morning,0.24457454490629368,0.4011,0
6caf9130-bd7b-41dd-8e39-03d5634e8ace,098b5a6e-c876-43e4-824f-138cbaa1bdf9,2025-01-06,885.05,fashion,0.316,UPI,0,1,0.544,tier2,1,3,evening,0.4187693037372645,0.3669,0
11765be6-a457-4bc4-aea6-48e3516e2ca5,39f3723f-a6bf-4451-b25e-25894281a272,2025-09-21,3675.68,fashion,0.299,UPI,0,3,0.497,tier2,1,4,evening,0.45650740325159334,0.338,1
894a466d-e5bf-4ea1-9744-77d065a51ded,cfe93f21-e757-454b-b36f-affdba08ecc3,2025-09-09,250.0,fashion,0.155,card,1,0,,metro,1,3,afternoon,0.21649485300724722,0.4289,1
c5823610-760e-4762-b289-823ba4df750c,67991ec5-6540-4afc-8700-1e97c8b7427e,2025-07-20,1538.75,beauty,0.159,netbanking,0,6,0.124,tier3,0,3,evening,0.13954174495960747,0.0192,0
d9b85555-1382-4c8a-9909-f9b26ee55050,530bbe2d-ad3a-48f9-bc50-6461db39ef79,2025-03-26,673.06,home,0.07,COD,0,13,0.445,metro,0,5,afternoon,0.5144941083307562,0.2266,0
40d9b8e5-0abc-498a-8406-a5fb223a025a,61333330-b1a5-4c86-81d1-a619578e5835,2025-04-22,6007.47,fashion,0.394,COD,0,5,0.096,metro,1,1,night,0.18587087319682674,0.368,0
69bc99d0-5c3d-4cbe-8848-424c82245367,6691be4b-2f05-471e-880b-641b361f736f,2025-04-30,6040.51,fashion,0.193,UPI,0,15,0.259,metro,1,2,morning,0.2916477929418046,0.0601,0
f8662c8c-58b7-41b8-81d4-18097e347841,a08bc761-e2d2-46cc-952a-3d23d15d5fac,2025-10-18,540.39,fashion,0.324,UPI,0,9,0.341,metro,1,2,evening,0.30018529874356914,0.2567,0
535cefe0-7373-48b4-a426-453903587991,055db9c6-b5a9-49a5-8e35-13483c80d9ad,2025-04-16,622.65,beauty,0.338,UPI,1,0,,tier3,0,7,morning,0.12413535134917797,0.2764,0
7af2f839-814b-420c-897b-656106e38ec1,93d11106-41d0-4c5d-ac79-1d9d6f90bcbf,2025-02-22,1105.08,home,0.303,UPI,0,7,0.0,tier2,0,1,afternoon,0.052918216172000036,0.0681,0
ddd7bd90-a513-4692-84b0-c952f50034af,f03be7b6-589c-4dfc-a5f8-c0f89d4406ff,2025-10-20,501.27,electronics,0.156,COD,0,7,0.0,tier2,0,6,evening,0.06565876288364696,0.1182,0
a0d769e2-6ec8-4b25-bcd9-7e413f520677,7f892973-babf-4935-bab7-187b59d8b023,2025-09-21,674.81,fashion,0.548,card,0,16,0.309,tier3,1,2,evening,0.2434169799043869,0.1988,1
15037858-cc09-4fef-aadf-cee6bfcbe502,e2862c03-9c26-403e-abb1-ba442001a3b1,2025-03-19,2135.14,beauty,0.516,COD,0,1,0.595,tier3,0,4,evening,0.5259008100699633,0.331,1
cc0e43e3-5976-4aa6-ae55-404b60cd63ae,fd6cccad-5f4f-45ca-8142-59059b87515b,2025-03-10,1396.01,fashion,0.482,UPI,0,17,0.269,tier2,0,2,night,0.2595265118239566,0.2404,0
4c8a5a06-ec5d-42e9-9ad4-2d08f595a98f,721b220e-7e4b-40c6-9bfa-ae6d9e8a9c1b,2025-03-30,501.23,home,0.325,UPI,0,1,0.053,metro,0,4,afternoon,0.11140768335427466,0.0718,0
a048df3e-2b13-4acf-8318-8ac7b4afcc69,30ed7aa6-3495-4b99-970b-27c038e98f99,2025-08-19,250.0,grocery,0.364,COD,0,8,0.446,tier2,0,4,evening,0.30707185083804733,0.4315,0
7bf17d98-39e6-4fc3-8ac8-dda55c0b974c,b2260d18-fffa-4383-9ce1-cdafe986cab2,2025-09-11,676.94,fashion,0.189,COD,0,23,0.443,tier2,0,5,night,0.4468118022423648,0.376,0
c5be14c6-f327-4ce6-a279-44e266544c21,183731f0-c4f7-459f-b6fe-03d481d1dc2b,2025-09-01,637.19,beauty,0.369,UPI,0,4,0.326,tier2,1,3,afternoon,0.3251850941589013,0.0969,0
69da2499-ed5d-4f43-9bbd-5925a30b663e,1d2a539f-b9f5-447b-9a0b-ead55732dce3,2025-06-29,903.96,home,0.365,card,0,4,0.618,metro,0,4,morning,0.5885383197450833,0.2751,1
723370d2-a358-4296-b5c3-98bb73e6b10a,f56fe76c-592a-4ce2-9db6-13949e22d034,2025-02-02,1479.19,electronics,0.193,COD,0,2,0.407,metro,0,3,morning,0.40428580651687857,0.2355,0
13b02b04-678f-4c99-8574-8b3146155898,7773f7b1-bff1-426d-8bc5-5ae99247286a,2025-03-03,8336.71,home,0.165,card,0,1,0.273,metro,0,4,evening,0.2625171002989132,0.0122,0
95278a36-4ec3-4b04-a2d0-2e6a91ff677e,ade38847-ed43-40bb-86a7-c04000915ee5,2025-07-19,2231.01,electronics,0.229,UPI,0,8,0.254,tier3,0,7,evening,0.14720873128711998,0.1118,0
39f017f7-f08e-4e61-ae2d-beb7493e13d7,386639da-c4fb-436b-9ced-e6f3c7021453,2025-08-30,2029.87,fashion,0.236,card,0,4,0.214,tier2,1,1,afternoon,0.13845962298865533,0.2137,0
63379ab1-8ef5-44d7-a3c1-6c4fc5803354,098b5a6e-c876-43e4-824f-138cbaa1bdf9,2025-08-04,2494.4,electronics,0.308,COD,0,2,0.479,metro,0,1,evening,0.4187693037372645,0.1034,0
219c3c33-dd49-4b60-bffd-edbcd73fb2b3,4942d716-fa51-452f-aeaf-c11d692c023b,2025-03-18,736.1,beauty,0.271,COD,0,2,0.116,tier2,0,9,evening,0.19943866470802457,0.301,0
3d98f1dd-40aa-44b6-830f-4fcd3e56c8a5,90a7c98b-0565-4330-a335-ddad08538e49,2025-04-14,8722.08,home,0.477,UPI,0,8,0.073,metro,0,1,morning,0.16802115856295066,0.0167,0
69d1a748-153b-4bb6-b1bd-dcbccaf64771,c098bafa-20a7-4c6c-9fce-d433c8e83be7,2025-03-18,373.36,beauty,0.249,COD,0,14,0.293,tier2,0,2,afternoon,0.27580452681496,0.1292,0
8acf43b3-484e-4a13-a982-a199de182a93,36d6b08a-5436-4a2f-83c2-120975d4be7f,2025-09-10,3945.86,home,0.059,card,0,14,0.126,tier3,0,5,afternoon,0.04915448350944119,0.0307,0
b668c236-a906-49e0-a0f0-39c3348bfef4,e337d2a3-6032-4e1f-8ce4-a81121aa131e,2025-07-14,1817.18,fashion,0.22,card,0,17,0.234,tier2,1,5,afternoon,0.2771725532528444,0.2715,0
5f8c5dc5-c980-4553-b851-b040bfd1ac91,9624258c-4f43-4c23-8a52-ae3657722b57,2025-10-05,712.62,fashion,0.198,COD,0,12,0.437,tier3,1,3,afternoon,0.4134664929263236,0.586,0
b4abe466-bca2-4134-87e8-a623753dfc10,04b89a3b-d082-4664-972e-b40c6268b46d,2025-09-10,1028.61,beauty,0.377,netbanking,0,4,0.317,tier2,0,4,morning,0.24939791763606534,0.0853,0
4343511f-5e6e-4f48-b0de-e59334bcf1a4,fd281fbb-79c1-45b3-9e12-038f990994d1,2025-08-11,256.99,fashion,0.326,COD,0,6,0.203,tier3,1,9,morning,0.11826527161057414,0.7004,1
907a884d-fb4e-4938-b9db-a9907af98b87,c74291cc-50dd-48a2-918a-2263305eb957,2025-05-31,269.85,beauty,0.306,UPI,0,12,0.34,tier3,0,5,morning,0.2897378778415542,0.1325,0
4f041162-6223-43ca-ab6c-ed51ce2f996d,2610fe33-8b0a-4c9b-8c47-756cf516e89b,2025-06-01,1393.31,fashion,0.502,UPI,0,5,0.191,metro,1,3,evening,0.3007027884503935,0.1689,1
ce393e58-2688-49b4-bf13-c96461aa7284,0fa4c353-7a11-4f49-99ea-93fd3305878d,2025-03-22,743.65,home,0.044,UPI,0,2,0.336,tier2,0,5,evening,0.35048631763167787,0.0737,0
ed64abe0-10df-4b9d-9142-838e6407f3b4,19f89160-63b2-481c-a0e9-e6433dfc7007,2025-03-29,713.03,electronics,0.182,UPI,0,3,0.484,metro,0,2,evening,0.46365026623247513,0.0573,0
66d9f10c-70dd-415e-a133-768fccc8fd14,957f8462-6bb6-488c-8360-f0a6cde9bfec,2025-10-01,3313.77,fashion,0.289,COD,0,6,0.379,metro,0,2,evening,0.20154150931374812,0.4928,0
1c1dae63-e309-4a69-ae43-af341eebbd39,67991ec5-6540-4afc-8700-1e97c8b7427e,2025-05-10,1750.84,beauty,0.214,UPI,0,7,0.114,metro,0,8,morning,0.13954174495960747,0.1118,0
d9ebe1bb-1255-4560-9f41-8b2aced4b90a,f74f5f38-4a81-4aea-bf60-656090b1e510,2025-05-28,1817.73,grocery,0.246,UPI,0,1,0.102,metro,0,3,evening,0.20978013032524798,0.0306,0
3b0ac01c-9ed0-4442-a250-94dd8314f299,c696fc40-97d3-4c63-a329-66d5efe93cad,2025-02-07,1157.7,fashion,0.083,COD,0,2,0.15,tier3,1,3,evening,0.19112787889257196,0.1912,0
4894a3e1-529d-4822-b2b4-bf1d46bd639c,dcc320e0-51d7-4f5a-b1cf-f774f3ea235f,2025-03-23,412.53,electronics,0.33,COD,0,20,0.044,tier2,0,1,morning,0.08097222048102413,0.2017,0
66e23909-7e27-463b-88d2-409ab8028efe,1af574e3-1cf2-4f6f-9cae-ab5630dd0840,2025-05-04,909.11,electronics,0.262,card,0,4,0.467,tier2,0,5,morning,0.3900564499123696,0.1331,1
5ee96083-72d0-49a0-884e-6772585d2eb0,ad2c301d-9c43-46ea-826e-76d7f62157bc,2025-10-02,418.39,beauty,0.295,UPI,1,0,,metro,0,4,afternoon,0.17336200340258245,0.0794,0
23d4d69b-2c64-4596-b352-e4b580e48e43,5a4e456a-7177-438a-a82d-59e0133f3eb9,2025-01-21,1740.48,electronics,0.089,UPI,0,21,0.25,tier2,0,4,afternoon,0.23069756686430742,0.0236,0
f21d6049-dd7e-4c1a-af73-172de6c7ad07,158def50-116f-4763-a5e8-5dc99becd3e9,2025-08-16,2956.77,fashion,0.357,UPI,0,1,0.046,tier3,1,2,afternoon,0.03256332504746043,0.126,0
e49a0e35-0ee4-499c-aab5-0850092a71c2,5177ad25-f39b-42aa-9106-28c069721b05,2025-06-08,821.53,fashion,0.397,card,0,2,0.094,metro,0,1,night,0.09342709211833844,0.1895,1
72568075-7dd1-4057-9a40-0425145817c2,ec513aca-b3ea-457e-b9fd-46a0fbbd0108,2025-03-26,4426.92,beauty,0.022,UPI,0,18,0.262,metro,0,1,afternoon,0.19762424986659227,0.062,0
9a4644c4-dde2-4828-b49b-03d3b351156e,b6352c97-2241-47d4-89b2-77d21afae1a8,2025-07-17,1413.65,grocery,0.423,COD,0,4,0.189,metro,0,3,night,0.2098480405685214,0.057,0
ba6d1221-b36f-4f33-b7d3-81221e3ac076,bd1084dd-629c-4150-a764-2ccea032f578,2025-02-12,931.32,fashion,0.062,COD,0,13,0.247,tier2,1,4,evening,0.21989011196511407,0.24,1
847a014d-a193-4d6e-adc1-4c40a9b5a4bf,7f1c3fa8-2bd8-47fd-ad17-ab142fab9d56,2025-01-11,734.96,electronics,0.213,UPI,0,3,0.363,metro,0,2,night,0.2765406569294239,0.0153,0
d330ae3a-7809-4673-a608-cb01e50e1e2b,3d51b281-7585-4d43-aefd-40a803a1bf4f,2025-04-08,1278.91,fashion,0.056,UPI,0,14,0.269,metro,1,2,evening,0.24645297721478737,0.0594,0
380ab41a-d5cb-42e9-82f0-d1808da8900e,023b9e7c-1296-4744-8d72-4287487c387a,2025-07-23,3923.89,electronics,0.535,netbanking,0,9,0.433,metro,0,4,night,0.3858310964520147,0.0447,1
ecf0eba3-4c3b-47fe-9462-a19651e12c45,906e4e1f-65df-4fd1-9627-80054c4a4e84,2025-06-06,250.0,fashion,0.125,card,0,1,0.181,metro,1,3,afternoon,0.0830364113260189,0.111,0
088bb8fa-aef7-400d-a95d-219ac697d806,9e9db8b8-b527-46e0-9e4b-211ffcef38a3,2025-03-31,5623.94,home,0.454,card,0,17,0.39,metro,0,3,evening,0.33315409272597374,0.0561,0
bb88fa98-9891-4f5f-8ac7-3cba0b9989be,82715f5b-0eb8-4809-b878-05fd95a15158,2025-03-19,988.08,fashion,0.074,card,0,8,0.001,tier2,1,4,evening,0.021184252375003435,0.1668,0
4d8e3585-1806-4366-a6f0-7b9dcaf3d11d,530bbe2d-ad3a-48f9-bc50-6461db39ef79,2025-10-02,250.0,electronics,0.205,UPI,0,14,0.527,tier2,0,2,afternoon,0.5144941083307562,0.1043,0
08f285b5-b6ab-4cfe-8901-ffd61586d024,6dcbc337-b789-4bd9-a661-20e6aae5f28e,2025-10-26,369.44,beauty,0.212,COD,0,3,0.19,tier2,0,2,evening,0.13102794820675195,0.1515,1
d5f4f55d-1636-42df-af9d-fa6cdf71d304,b48b45a4-753f-4ba5-b83c-ddf1c5e444e1,2025-10-07,1366.0,fashion,0.132,card,0,4,0.404,tier2,1,4,afternoon,0.419905690979168,0.2214,1
2999ab1e-2f2b-44f5-b749-7640062b1819,264713e0-0ea7-4880-9795-f6f977d4d71c,2025-08-16,253.65,fashion,0.255,UPI,0,8,0.058,metro,1,1,afternoon,0.1503348970823547,0.1103,0
8b42d2a7-59e6-4e16-abfe-0866f8469acf,f0c7ab6b-10cb-48c3-9fb0-8bedeaaada61,2025-06-25,2723.8,home,0.154,UPI,1,0,,metro,0,5,afternoon,0.38183286991587256,0.0797,0
783de900-079e-447e-8be0-e9a3ee40e2b8,6c56ea03-6f25-465a-8841-c114051cab81,2025-08-24,1101.4,fashion,0.336,netbanking,0,14,0.277,tier3,1,3,afternoon,0.29048499029100583,0.2746,1
28bde59b-26d0-433f-8854-04b40bed5a7a,fd6cccad-5f4f-45ca-8142-59059b87515b,2025-03-26,997.99,fashion,0.44,COD,0,18,0.247,tier3,0,3,afternoon,0.2595265118239566,0.546,1
863882f1-51ec-40bd-a411-1a610538823a,6b66d66e-6934-45ee-9a06-94516b474772,2025-10-19,535.67,electronics,0.1,UPI,0,2,0.166,tier2,0,3,evening,0.13085373507915285,0.0669,0
c980e203-0ec3-437e-a082-f672bc45cc47,fd446eac-86af-48be-bbee-f95080c59e82,2025-03-12,678.35,electronics,0.324,UPI,0,9,0.461,metro,0,4,night,0.4143300984213656,0.0486,0
b60b770e-4cef-46af-92e0-47cedf6cee36,c74291cc-50dd-48a2-918a-2263305eb957,2025-04-26,2236.5,fashion,0.196,UPI,0,13,0.252,tier2,1,2,evening,0.2897378778415542,0.1879,0
23ae9717-cb2c-4d47-ba09-f17027d54043,14d7f0ac-e26c-4a4e-bd97-e0de561457e8,2025-08-11,1790.89,fashion,0.234,UPI,0,1,0.354,metro,1,2,night,0.39012206789628884,0.2831,1
5fd5726d-8603-46ea-8559-3f85e90b6d22,b2260d18-fffa-4383-9ce1-cdafe986cab2,2025-08-06,250.0,fashion,0.189,UPI,0,24,0.482,tier3,1,6,evening,0.4468118022423648,0.403,0
3c47448b-2160-429e-82a6-e837bbb4d658,9e9db8b8-b527-46e0-9e4b-211ffcef38a3,2025-02-09,2232.86,fashion,0.257,COD,0,18,0.274,metro,1,5,morning,0.33315409272597374,0.3479,0
463eb00d-2962-499d-a169-7c879c88a923,fd6cccad-5f4f-45ca-8142-59059b87515b,2025-01-30,936.42,grocery,0.109,COD,0,19,0.21,tier2,0,2,afternoon,0.2595265118239566,0.119,0
2b194716-ffcb-4029-85fc-b9cb1c6bf4d7,957f8462-6bb6-488c-8360-f0a6cde9bfec,2025-05-04,4750.19,home,0.359,UPI,0,7,0.179,metro,0,1,night,0.20154150931374812,0.0567,0
42582a64-d2cf-4c59-ad31-8ee73429045d,37407cb6-5b5f-4c6d-8d6f-fd7473362bdb,2025-02-12,1822.39,electronics,0.238,COD,0,2,0.203,tier3,0,4,morning,0.24074547305735522,0.1483,1
b7482276-5814-40a9-b559-a4f7050a2a98,33a4495a-e011-40fd-9886-33ebafd66570,2025-07-05,729.33,home,0.339,COD,0,1,0.575,tier2,0,1,afternoon,0.5304662995952951,0.2308,1
70aaa1cf-c770-4625-a61e-280b3a3efcb7,90a7c98b-0565-4330-a335-ddad08538e49,2025-02-25,294.98,fashion,0.021,card,0,9,0.1,tier2,1,6,morning,0.16802115856295066,0.0827,0
fbcb6ae4-2de2-438a-8a4b-2bd8ed132d1c,8021a756-20fe-4272-856e-64425d0cc0fb,2025-07-09,250.0,grocery,0.445,netbanking,1,0,,metro,0,1,evening,0.47099044798312795,0.1164,0
00070c8e-c08b-4fae-b505-fe8f227a3a01,9e9db8b8-b527-46e0-9e4b-211ffcef38a3,2025-03-31,455.6,fashion,0.19,UPI,0,19,0.443,tier2,1,9,morning,0.33315409272597374,0.4303,1
4742450d-f81d-4841-9681-eadf95aca428,8cabcba8-2b36-4f7e-984b-440baba9ad97,2025-09-09,684.03,home,0.091,netbanking,0,7,0.237,tier3,0,4,night,0.27780100478810504,0.0397,0
1074d606-765e-4ef9-b235-45d9064d4bb3,f87f5cec-4cc7-4356-8a1b-5e82f142a0e0,2025-05-07,1706.37,fashion,0.487,COD,0,12,0.264,tier2,1,3,morning,0.2242312963277271,0.6911,1
1457048d-0c62-4fbe-bb65-49d22c06820d,ef114af5-d327-4f43-b130-12fc88eb3ef9,2025-01-08,1038.58,electronics,0.347,card,0,2,0.343,tier3,0,4,afternoon,0.19519031892731586,0.0722,0
926fb891-00a1-4ac7-a821-e9fbe3b225f2,bcb984b1-9b6a-4ffd-b13b-a1e84be1d9a9,2025-05-21,881.58,fashion,0.353,UPI,0,5,0.468,tier2,1,2,morning,0.3958288561774479,0.1546,0
8aaee58c-12bb-48a4-a4d3-95490d8ea9de,7abb60f8-6a15-44b0-8a8a-33cf510670a6,2025-10-25,644.84,electronics,0.319,UPI,0,7,0.148,tier3,0,6,evening,0.03542903995029727,0.1109,0
60470918-5732-43c0-8686-5d42f184d943,183731f0-c4f7-459f-b6fe-03d481d1dc2b,2025-05-15,1935.41,fashion,0.098,UPI,0,5,0.385,tier2,1,2,afternoon,0.3251850941589013,0.1866,0
cb3714ed-943c-491a-8168-5824d6a6ae60,36d6b08a-5436-4a2f-83c2-120975d4be7f,2025-08-31,2441.43,fashion,0.072,card,0,15,0.101,metro,1,3,evening,0.04915448350944119,0.0884,0
bca1ea6d-e7af-44e7-973a-75521dfef69b,bdf5e5de-7033-4345-ac37-819738c0e957,2025-03-16,1948.69,home,0.177,card,0,22,0.242,tier3,0,6,evening,0.2211439005048725,0.1408,0
48cf8ba0-a296-432a-8524-bec99c8f8aec,47cb53b5-07a8-4133-916b-09b281c51f88,2025-01-14,2341.46,fashion,0.344,UPI,0,2,0.395,metro,1,1,evening,0.35614412579298554,0.4257,0
017ba473-268d-4926-95a4-7e6a406e5dd4,5a4e456a-7177-438a-a82d-59e0133f3eb9,2025-10-07,494.74,beauty,0.22,COD,0,22,0.181,tier3,1,5,morning,0.23069756686430742,0.4898,1
1ab8a8be-3586-4336-82b2-3985eb2ff6e4,5a4e456a-7177-438a-a82d-59e0133f3eb9,2025-02-26,1100.68,beauty,0.268,card,0,23,0.309,metro,0,10,night,0.23069756686430742,0.0851,0
f53ddd14-d86f-4201-aaba-48d8877e9f5d,bdaa8e74-a01e-4e28-adc3-15d63480b37e,2025-07-08,964.1,fashion,0.541,UPI,1,0,,metro,1,2,morning,0.08058041829298626,0.2483,0
ac5151ac-13b0-4b4c-ada9-2f4b47ad0c91,1e8c36c2-6ec2-42d0-bed2-1a1c361dd692,2025-09-09,467.86,fashion,0.369,COD,0,5,0.5,tier2,1,4,evening,0.32830159764792616,0.7147,1
fcbab4a3-a3c2-45f1-9491-c9ea28cdef9c,8a7bf34d-9d61-4999-8d1b-d6f21ee9140e,2025-07-22,1918.29,beauty,0.294,COD,0,2,0.354,tier3,0,4,morning,0.394675253137179,0.303,1
63525df4-dfbd-4537-aa20-4b9c22c7b3fe,18199977-0fbb-46b1-bb6f-57f0bbea3588,2025-08-08,925.94,fashion,0.239,UPI,1,0,,tier3,1,4,afternoon,0.15358953817365018,0.3455,0
8f11e049-2f42-4e53-82a9-4e625c0c8a60,bd1084dd-629c-4150-a764-2ccea032f578,2025-04-01,2644.46,fashion,0.274,COD,0,14,0.235,metro,1,4,morning,0.21989011196511407,0.2966,0
fd7b1e63-a01c-4de1-805e-6113f5687e5d,fdebca3c-4db6-45f9-aecf-5b0e2d82bf66,2025-07-04,1447.68,beauty,0.49,UPI,0,6,0.221,tier2,0,1,morning,0.21485681318313843,0.2486,0
b8b6d864-2c60-4633-9a1d-42042eef56d0,4b641fb2-3437-4f0f-9c67-9222d63bef6e,2025-09-17,607.82,grocery,0.542,card,0,3,0.198,tier2,0,1,morning,0.3016559281489719,0.0912,0
9abbe33b-185f-49a3-95e9-c6eef989e7ce,264713e0-0ea7-4880-9795-f6f977d4d71c,2025-05-17,11133.42,beauty,0.227,UPI,0,9,0.185,tier2,0,1,morning,0.1503348970823547,0.0344,0
6cc2e95a-4fc0-49df-add7-1b93f7d95dc9,fb8916f6-df90-4715-aebf-64aa336bcdbe,2025-01-26,5972.83,fashion,0.339,UPI,0,1,0.1,tier2,0,3,afternoon,0.06816197410621759,0.104,0
17e3028b-2148-4988-b51a-2f0d61605de2,5a4e456a-7177-438a-a82d-59e0133f3eb9,2025-07-04,298.96,fashion,0.33,UPI,0,24,0.215,tier2,0,2,afternoon,0.23069756686430742,0.1733,1
8b1dad62-03b2-48d8-837d-b34143342a72,837210f2-32ec-4029-9872-42257085b7ec,2025-04-25,767.06,electronics,0.206,COD,0,2,0.391,metro,0,3,evening,0.2961471020437191,0.0853,0
8b3f8bc8-3498-4701-b3db-658904e5f2c4,2901b309-1a82-4af4-b3b4-8971bea2dd83,2025-01-26,1479.03,electronics,0.352,UPI,0,2,0.286,tier3,0,6,night,0.19326835646210286,0.1072,0
fea4b9c5-e789-41b7-a1c9-c64ae0fac9a7,bdf5e5de-7033-4345-ac37-819738c0e957,2025-10-15,651.89,electronics,0.15,COD,0,23,0.305,metro,0,1,morning,0.2211439005048725,0.1693,0
ab815791-680b-4108-9018-4bc76df304bf,0264a3d8-19e4-4ba6-8fef-821e2f029db1,2025-09-14,616.85,grocery,0.177,COD,0,5,0.323,metro,0,1,morning,0.21082490652703922,0.0704,0
99b1293b-9603-4518-90dc-b69502f413f0,a3c6430f-e9eb-4c47-9359-730c9e42a716,2025-07-10,1462.13,electronics,0.111,UPI,0,2,0.375,metro,0,8,afternoon,0.3571737769623766,0.0655,0
fc265742-5be9-48b6-afaa-4d173dbe88e7,dd1d4990-d4e5-4687-bd01-cb6b03a151bf,2025-07-04,606.01,fashion,0.3,UPI,0,3,0.011,metro,1,4,morning,0.0920841435969077,0.2112,1
94c809a5-ed88-4688-b3ef-697d3ede2da4,ea2ea2e1-ad32-4fa1-9907-dc30c57262e0,2025-01-01,471.23,fashion,0.119,COD,0,2,0.267,tier2,1,1,afternoon,0.33375713618452035,0.5928,1
6c9ae0ce-11a8-4bce-a0a1-42a696c99794,ae648879-94d9-43e9-9c34-e6de78357400,2025-03-18,1922.4,home,0.626,COD,0,5,0.076,tier3,0,3,afternoon,0.10883559867342446,0.4001,1
5a16cd3c-8572-4936-a503-68c61ec28b00,31ff0d71-1021-4137-a652-0909a72704a8,2025-03-05,1137.86,home,0.374,COD,0,4,0.359,metro,0,3,afternoon,0.3745706193331196,0.1937,1
9eb21fc2-9d7e-4fad-b019-af247381bcb9,208312a1-9529-4a89-99f2-8a96a5472698,2025-07-13,492.03,electronics,0.351,UPI,1,0,,tier3,0,4,evening,0.36643236650295463,0.1008,0
7cf3b1d2-bd18-4c6f-b387-1b52e6e4f3d8,cba1f52f-9905-4405-b96d-4c622c0b248e,2025-05-24,1766.08,beauty,0.24,UPI,0,8,0.469,tier3,1,7,morning,0.4451782602422671,0.5143,1
d3d66d8b-7bf1-4b6f-9da6-70a3bfe70bf9,0b3125cc-29c6-4f20-b1ef-8890454bd85d,2025-03-14,1785.73,fashion,0.116,UPI,0,10,0.431,metro,1,3,morning,0.45454338905514596,0.2242,0
95130aae-341a-4792-acae-7420ab05b100,ac6c4449-0c96-47a3-b78a-dd389844556e,2025-01-04,3657.62,fashion,0.453,netbanking,1,0,,tier2,1,2,evening,0.2743314634685149,0.375,0
be3b66b1-bb83-4202-bc92-cb9d4fda93bb,d684615e-b5d2-4dff-856f-f7aa94f57139,2025-01-24,705.65,beauty,0.075,card,0,10,0.445,metro,1,3,night,0.391147140695262,0.0534,0
0df2e7a5-8b1f-45ba-ad5e-71bab2f74214,f798ef7e-e2a3-4c54-b902-894eaf540d62,2025-03-24,250.0,fashion,0.354,netbanking,0,13,0.169,metro,1,4,afternoon,0.21199326223067969,0.308,0
e71b8182-75c2-462b-9418-0d568f3d6c53,7ac50be3-7d5d-43cf-b103-1bd15ed90d91,2025-03-02,1433.96,fashion,0.189,UPI,0,5,0.24,metro,1,2,evening,0.16177634634701885,0.2061,0
f330ba25-d357-4529-aa34-d6a00735c765,e8f694f4-75c7-4b9d-8461-3f6fce844e62,2025-04-30,1056.92,fashion,0.43,COD,0,6,0.219,metro,1,2,afternoon,0.10058728392504118,0.4307,0
24720e72-2368-4ec4-a7d5-09f8520df3b9,33a52997-bb93-4122-bb18-091c31a74bab,2025-06-09,553.23,electronics,0.514,UPI,0,1,0.014,tier2,0,3,evening,0.03758950939721761,0.0792,0
3a1114a1-c9e8-4fb3-a640-aedc0a060a1f,b42f07c9-1eeb-4ac5-8d28-5ece4676d517,2025-05-08,284.34,fashion,0.52,COD,0,2,0.42,metro,1,7,night,0.5424554488796087,0.8573,1
a9b0473f-4bb8-4d9c-bdf8-9a62c75e68be,b732b9b1-5184-4f45-af4d-630b007d8b56,2025-09-21,788.67,fashion,0.058,UPI,0,11,0.394,tier2,1,2,morning,0.3974441051585353,0.1165,0
67d87048-f2c2-48b7-9dd8-eae9311a9e63,03155ba3-cd3a-4a32-9885-eaa1d5a0f4a0,2025-07-26,984.02,beauty,0.102,UPI,0,9,0.478,tier2,0,1,evening,0.4955830568370258,0.185,0
b5a7de0c-0621-4a61-b3dc-1fb13b5fe26d,551aee57-0df4-4a51-9afa-0babaf28b33a,2025-07-15,425.54,electronics,0.213,COD,0,15,0.13,tier2,0,1,afternoon,0.18168234468688693,0.08,0
7b2f2827-1cd7-4753-ab67-840590a1ca6e,90a7c98b-0565-4330-a335-ddad08538e49,2025-04-25,2116.92,electronics,0.527,card,0,10,0.248,metro,0,2,afternoon,0.16802115856295066,0.0312,0
71ad1014-dfc5-432b-b87b-88fe60348014,3f175ef7-cb46-404c-ae55-2d22b3544172,2025-08-18,658.12,fashion,0.291,card,0,22,0.02,metro,0,3,evening,0.048627470043128354,0.0725,0
75c5d108-e78d-4f4b-ae8a-9f6c91c1013a,c93c6de8-9490-43c9-a1b4-b58f531b4584,2025-05-06,1761.74,fashion,0.08,card,0,6,0.097,metro,0,2,morning,0.04047509547806022,0.1174,0
ef00d552-0015-42ce-87c4-25f66d0107d3,9b953703-f2f8-4d8c-8268-2a1ea047d3a4,2025-01-30,4258.74,fashion,0.228,card,1,0,,metro,1,2,afternoon,0.49997027811458317,0.2002,0
a93fa218-a45a-4038-86f4-e291acb4e23f,e8f694f4-75c7-4b9d-8461-3f6fce844e62,2025-08-30,250.0,home,0.2,UPI,0,7,0.096,metro,0,2,afternoon,0.10058728392504118,0.0453,0
cae3c795-d7ce-4d66-96b1-274a878d39ad,5442b3fa-7b5b-4506-9700-1b1fed13fb7c,2025-02-02,431.33,fashion,0.7,UPI,0,1,0.116,tier2,0,3,afternoon,0.1290336246566356,0.1053,0
1bf35c0b-875c-487f-b074-5a632f32dd41,55d5bc4c-7c8a-442f-b65c-64ab85db7d38,2025-06-03,366.52,grocery,0.526,COD,0,5,0.374,metro,0,1,evening,0.32801543383093573,0.1962,0
a985c65d-9b6f-413f-9276-517b56511dab,efe987bb-9956-4090-b0a3-f923ed1b15fc,2025-05-10,5611.41,electronics,0.424,COD,0,1,0.497,tier2,0,3,evening,0.39867930835006377,0.0987,0
773218a1-0dfa-4819-affa-514e1ab772cb,a5528de8-ca89-4d92-ab88-fb874b251fe0,2025-01-14,3158.87,fashion,0.247,netbanking,0,2,0.408,tier2,1,3,afternoon,0.5079322839859531,0.185,1
7fe2ffd7-0ec2-4762-95b0-b61747e6037b,f798ef7e-e2a3-4c54-b902-894eaf540d62,2025-10-07,1203.98,fashion,0.181,card,0,14,0.0,tier2,0,4,evening,0.21199326223067969,0.1333,0
99572edc-89f0-40e5-96bf-ec87e67be256,495163fd-0559-4329-84dc-edfca30a9c34,2025-01-30,7340.49,electronics,0.158,card,0,3,0.364,tier3,0,5,night,0.20300873036155653,0.0177,0
2613d8ec-e54e-453e-bdf4-9927873a8c3c,75e92899-6af9-4cbd-9dcd-7b61fcceb409,2025-04-05,890.55,home,0.421,UPI,1,0,,tier2,0,2,evening,0.2510628995968812,0.2622,0
22c5411e-9e6a-47be-b6c1-f2b368e17f72,12fe00dd-41ef-4cc6-be37-8ee316d92839,2025-02-08,1309.71,fashion,0.36,UPI,0,4,0.231,tier2,1,1,evening,0.2484904830770941,0.2891,1
c6638a29-2745-4548-9d6a-634d7a7d36d0,36d6b08a-5436-4a2f-83c2-120975d4be7f,2025-05-16,1576.13,fashion,0.399,UPI,0,16,0.064,tier2,1,1,night,0.04915448350944119,0.226,0
70606c43-ff6d-4217-8162-9bb84a5d93b7,a57e7b9d-8c19-4dbe-8680-750823217ffa,2025-01-08,3219.58,fashion,0.75,COD,1,0,,tier3,1,6,morning,0.06133481491675551,0.7584,1
6d9a6514-1039-4d93-8e5f-0136480984ec,fd6cccad-5f4f-45ca-8142-59059b87515b,2025-05-27,3213.29,electronics,0.318,UPI,0,20,0.23,tier2,0,2,evening,0.2595265118239566,0.0503,0
68a87232-14f0-4c68-97bd-069f007c8848,f511f812-b332-434e-84ac-a8d69f0d2875,2025-09-15,1837.99,electronics,0.243,netbanking,0,13,0.061,metro,0,3,morning,0.1091421274751211,0.0272,0
f7b5a420-0588-4a22-bc9a-eab1401099bd,700c598a-dbb1-448b-9c85-c547b45f06c8,2025-10-20,2982.7,fashion,0.253,UPI,1,0,,tier2,1,2,morning,0.25827168717093074,0.3173,0
ebf9918e-c453-4aa4-940d-87bafb529705,c8799b6e-004c-411a-a115-82977ad530a4,2025-10-06,1063.98,electronics,0.358,COD,0,5,0.167,metro,0,3,evening,0.20531948812490197,0.1934,0
f263197a-0836-4541-97f3-d141e29554f3,cdfac639-c4a1-4655-be5a-2d787e76f71c,2025-03-19,3250.64,fashion,0.501,UPI,0,18,0.158,tier2,1,3,evening,0.18576378008237582,0.1181,0
c73e9087-f13f-475e-b228-26686e9efcad,cc825a9c-6ef8-48bc-90ca-0bc2af6a4e40,2025-10-20,1962.93,home,0.291,UPI,0,6,0.252,metro,0,3,morning,0.27966983742156076,0.0407,0
c9c88a03-be1b-44a0-a348-78176e8905e0,6e9c410c-688b-4cfd-ab74-4128d37da5bd,2025-08-23,1897.85,electronics,0.369,UPI,1,0,,tier2,0,1,afternoon,0.17240635799463866,0.1323,0
b999cf55-2857-47c0-a572-e5bb10dd37e9,bd3c3573-0103-48f0-b2c0-b7ec007b2db3,2025-07-27,513.88,fashion,0.299,netbanking,0,6,0.259,tier3,1,3,night,0.23310699843617838,0.5161,0
46a12740-f53c-4cc3-be96-03aef37e12ed,cd936f58-35c8-41bf-ad8e-018916f872f3,2025-04-03,2083.91,home,0.244,UPI,0,1,0.168,tier3,0,7,morning,0.23815835049683093,0.0327,0
d0836168-c969-4b60-a609-c824e70c4444,6e9c410c-688b-4cfd-ab74-4128d37da5bd,2025-01-15,2603.87,electronics,0.154,UPI,0,1,0.111,metro,0,2,morning,0.17240635799463866,0.0285,0
7b8a4d23-fe18-4138-9808-5c582fb8c32c,02a9477e-48f9-41c5-b992-a167ea1cd57a,2025-07-22,1759.42,electronics,0.624,COD,0,6,0.241,metro,0,5,night,0.26357426902472036,0.1873,0
47395861-1448-4b12-a3f0-2e8081c082e9,ee1573cf-855f-4d78-94ec-59176830795f,2025-07-22,930.74,electronics,0.246,COD,0,4,0.11,metro,0,3,morning,0.07319325355511432,0.151,0
7f1dd40f-7deb-4724-b39f-64e9e82d50d1,eeb31956-eff1-4d4c-88b9-4562dc040f82,2025-08-15,1422.33,home,0.298,COD,0,11,0.234,tier3,0,4,afternoon,0.3706024922013499,0.1705,0
a718450a-184c-4430-a67c-77a594534cb2,31ff0d71-1021-4137-a652-0909a72704a8,2025-03-04,1001.05,fashion,0.22,COD,0,5,0.419,tier2,1,2,evening,0.3745706193331196,0.4974,1
7c3e3b55-a1bc-417c-82d7-b8e5e502c375,f91b87e4-35a7-481d-96ba-a679feba54f3,2025-03-05,467.42,fashion,0.438,COD,0,7,0.161,metro,1,3,afternoon,0.05881659853496958,0.344,0
7bea52b2-697e-446e-adad-78389e29ae7b,f60dd379-b761-4abe-a910-2e679a649299,2025-05-04,2684.83,fashion,0.473,COD,0,6,0.504,tier2,1,3,evening,0.6231863021915255,0.5746,1
92622858-fc02-4c47-8834-4ea238d7e73e,efd501c7-a124-47a4-8bf7-1698e1fbd0f0,2025-02-24,482.73,fashion,0.372,COD,0,1,0.245,tier2,1,3,evening,0.29966387224425906,0.6412,1
8ea5a5da-d391-47dc-a030-787c8b1accbf,77ca1577-f639-4d21-9261-19447fa58bb0,2025-01-17,1159.5,fashion,0.412,UPI,0,3,0.17,tier2,1,5,afternoon,0.1840815893241802,0.3016,0
1c360485-c9c3-4a43-90e3-8e0eed7849c5,4b641fb2-3437-4f0f-9c67-9222d63bef6e,2025-04-18,1107.47,electronics,0.152,UPI,0,4,0.267,metro,0,3,evening,0.3016559281489719,0.0349,0
b8df1bcc-f9ee-4caf-a7fa-431473ecf979,2564a4e7-bf5b-46e1-808c-9c67e6518507,2025-03-05,3140.22,beauty,0.182,UPI,1,0,,tier2,0,4,morning,0.32308733883501667,0.2166,1
5f12251d-4675-4787-a029-a75bc0c84892,cdfac639-c4a1-4655-be5a-2d787e76f71c,2025-01-18,5581.49,electronics,0.53,COD,0,19,0.112,tier3,0,7,afternoon,0.18576378008237582,0.4622,0
7e015fcf-cb7b-45fc-9b3c-f8fc25db2099,488818a4-8adb-4718-b41a-823c7f2b2ab8,2025-03-10,612.32,fashion,0.071,COD,0,4,0.187,metro,1,4,afternoon,0.25703386186733934,0.2439,0
b6ae9623-8e47-4103-b57b-0b7c77813622,ce3c12d9-1bdb-45e0-b799-6928daa630e9,2025-05-30,5660.51,fashion,0.714,card,1,0,,tier3,1,3,afternoon,0.07638737713356161,0.5619,0
e060562c-ec2c-4e62-aae8-f2ec7f70d468,1cc3c447-4d6e-4ebc-9e5a-40225988d636,2025-06-11,5657.74,grocery,0.142,UPI,1,0,,tier2,0,3,afternoon,0.2819624566275652,0.0335,0
19fbe3ac-7618-415d-99b1-1cc901b875f7,9e9db8b8-b527-46e0-9e4b-211ffcef38a3,2025-10-05,2874.5,fashion,0.229,netbanking,0,20,0.232,tier3,1,7,afternoon,0.33315409272597374,0.4099,0
e58e46ea-0f88-4ae1-a8e3-e0c98fea66f7,5a4e456a-7177-438a-a82d-59e0133f3eb9,2025-01-22,581.56,fashion,0.102,COD,0,25,0.243,metro,0,2,morning,0.23069756686430742,0.1728,0
af90566f-dd9e-45d0-b824-c4aebf6d47c0,f798ef7e-e2a3-4c54-b902-894eaf540d62,2025-05-28,722.38,fashion,0.172,UPI,0,15,0.293,metro,1,3,evening,0.21199326223067969,0.2948,0
2dfdec52-f920-4aff-b94d-e892ffbc68e6,5a4e456a-7177-438a-a82d-59e0133f3eb9,2025-05-05,685.89,home,0.37,COD,0,26,0.124,tier2,0,1,evening,0.23069756686430742,0.1999,0
ef91fade-e1f3-4775-a74c-6105511ab425,6be20650-9d13-43ba-ade1-06dea58a61fb,2025-03-11,1835.78,fashion,0.492,COD,1,0,,tier2,1,4,morning,0.05688903923637369,0.7029,1
58d80a2e-bae0-48f7-81d6-9f6806911cde,f5a00a85-69d4-4447-ac89-bf235b61e876,2025-08-25,1164.76,electronics,0.374,UPI,0,1,0.136,tier3,0,7,afternoon,0.18766250228601905,0.0999,0
be284f26-de45-4ee0-ad1d-a73b74d8b661,0d97a473-7744-497c-a705-b50705c3cb43,2025-10-14,3434.92,electronics,0.156,netbanking,0,2,0.599,metro,0,1,afternoon,0.5048241459567955,0.0535,0
9f1461c9-043f-4c5f-9d7b-f656153d4269,a08bc761-e2d2-46cc-952a-3d23d15d5fac,2025-02-08,946.26,fashion,0.179,UPI,0,10,0.363,tier2,1,5,morning,0.30018529874356914,0.1542,1
e31a322f-2992-4e5e-a41c-508c80967fb5,e91e2377-ab20-429c-9819-8e4e857323a6,2025-06-17,250.0,electronics,0.088,COD,0,4,0.291,tier3,0,5,evening,0.3734683492632352,0.1739,0
7f7ad30c-3ec5-4582-84c3-97f6943c2e78,551aee57-0df4-4a51-9afa-0babaf28b33a,2025-04-22,10438.01,fashion,0.27,COD,0,16,0.297,metro,1,3,night,0.18168234468688693,0.2959,1
82ed6708-6fa7-4eeb-b27c-33f54d5f82ab,0264a3d8-19e4-4ba6-8fef-821e2f029db1,2025-07-20,2569.71,fashion,0.158,COD,0,6,0.17,tier2,1,2,morning,0.21082490652703922,0.2079,1
cae9e348-14c4-40e6-8b05-a1e7b0681970,b6da0c58-e09f-4c64-b488-90dde3c22bf1,2025-02-18,1432.39,grocery,0.468,COD,0,8,0.038,metro,0,2,afternoon,0.06852796151158619,0.0937,0
5e998998-8158-4c43-b68a-da119852319f,879efc3e-a486-44ac-a9cc-29dca850ccc1,2025-02-28,3019.94,home,0.308,COD,0,7,0.0,metro,0,3,morning,0.14849469586761202,0.1712,0
89cefa2f-26eb-429f-ae1b-19c57bd3e4ef,a8700db0-0fa6-4ea6-a25e-f5c08a3a9c5a,2025-06-16,1163.57,fashion,0.172,UPI,1,0,,tier2,0,2,morning,0.2135570560405219,0.2289,1
777d699b-eb13-46d4-8aaa-3d3735d72e52,97097040-636b-45f4-85e0-9e1a52c27325,2025-01-13,3419.44,electronics,0.146,UPI,0,8,0.166,tier2,0,6,evening,0.15906278458837203,0.0336,0
b803be7b-d3f8-46a2-bf01-f44173ee7ee7,d68bbbc3-6511-4b4d-b898-eb8a9a3435c0,2025-09-11,8437.71,grocery,0.213,UPI,0,8,0.0,tier2,0,4,morning,0.0912579377429543,0.0067,0
32ad9e40-d731-456c-acde-88e3ffc5f98c,e7003096-072a-48a6-8f1e-8ff340a5abf6,2025-04-02,2093.8,fashion,0.097,card,0,5,0.309,metro,1,2,evening,0.2568909066288726,0.0885,0
948c7043-4831-4240-afb3-9c0cd1d811c4,1430da84-3676-4e2f-a20c-58786ed1d466,2025-01-13,1157.66,fashion,0.165,UPI,0,19,0.1,tier2,1,3,afternoon,0.22121655786542901,0.1515,1
bba7b3f0-d0ce-403b-b6d7-ef1b1f780c1a,530bbe2d-ad3a-48f9-bc50-6461db39ef79,2025-02-13,250.0,beauty,0.553,COD,0,15,0.434,tier2,0,4,afternoon,0.5144941083307562,0.6984,0
69e19b5e-34f5-474f-a78c-8c3e39ec4cba,38384398-7058-4fd7-b01b-cbda8d50a490,2025-10-05,250.0,beauty,0.247,COD,0,8,0.243,tier3,0,9,night,0.12601617248198352,0.3201,0
0ed7f031-e193-41ea-9924-ffecc7b09462,87699cd8-cca3-418f-9a3e-144a0cbaca68,2025-10-11,768.82,grocery,0.462,card,0,8,0.069,metro,0,3,afternoon,0.05655306904883348,0.0287,0
d07557b0-1372-46a9-a10e-9ce6417da6fa,f697590d-f50d-4802-8968-8e26c502eb3e,2025-09-02,2856.98,fashion,0.194,UPI,0,4,0.158,tier2,1,4,evening,0.26335659719559446,0.0939,0
2f5c80d9-5392-4192-91a3-059292a7efe0,dcc320e0-51d7-4f5a-b1cf-f774f3ea235f,2025-02-12,3974.79,fashion,0.064,UPI,0,21,0.023,metro,0,2,morning,0.08097222048102413,0.046,0
d58371c4-ef75-4804-9569-f5abbaf1c502,f87f5cec-4cc7-4356-8a1b-5e82f142a0e0,2025-03-29,767.8,fashion,0.112,UPI,0,13,0.253,tier3,1,2,evening,0.2242312963277271,0.1336,0
e7ac177b-8f53-43e2-a2b6-2a680689c73d,e337d2a3-6032-4e1f-8ce4-a81121aa131e,2025-10-15,250.0,electronics,0.51,netbanking,0,18,0.312,tier3,0,7,morning,0.2771725532528444,0.1472,0
bd513a55-f9b2-468c-9932-54890308e098,b3f33ef6-3953-4fa2-b5c0-493473e40312,2025-10-17,4804.45,electronics,0.445,card,0,20,0.165,metro,0,4,afternoon,0.24874291058771908,0.0069,0
f19c9ac7-cc89-42c3-9c78-0be343807a03,7577f5f5-f434-4ba2-be8d-bc819a90aa7d,2025-08-01,250.0,home,0.277,card,0,13,0.026,metro,0,3,evening,0.12936071938754626,0.0527,0
ed1ff552-1668-4d57-91af-e8c56ba04618,bd3c3573-0103-48f0-b2c0-b7ec007b2db3,2025-04-07,3574.67,electronics,0.186,UPI,0,7,0.112,metro,0,2,night,0.23310699843617838,0.0264,0
c1e49d6d-0dfa-4f8c-8bfd-31e8b8f33d8a,ee1573cf-855f-4d78-94ec-59176830795f,2025-09-06,1013.14,fashion,0.328,COD,0,5,0.011,metro,1,6,evening,0.07319325355511432,0.3263,0
9f610c5c-ba94-4d77-a667-75e6275827f6,183731f0-c4f7-459f-b6fe-03d481d1dc2b,2025-03-20,4974.18,home,0.534,COD,0,6,0.34,tier2,0,7,afternoon,0.3251850941589013,0.2029,0
8fcb805c-f29f-4c01-89f5-0dcc15f25f8a,2a199d42-4b29-4a69-bdae-61711686d721,2025-03-05,1875.06,home,0.177,COD,0,2,0.492,metro,0,3,evening,0.5280280326519072,0.1378,0
1d321a1e-33a0-4a41-87f7-b8a7cbca3fcf,9aa571df-aea2-47de-b06c-0ea67f546c81,2025-07-06,289.89,home,0.105,UPI,0,6,0.278,tier3,0,5,afternoon,0.23081817084314912,0.1153,0
8ef9246e-b249-4fae-b722-c3e62972c0ea,f04fffa3-5b04-4da0-9f3b-8a6b87fc1e74,2025-04-06,701.46,home,0.257,UPI,0,14,0.23,metro,0,6,evening,0.3517803851773976,0.0656,0
8cc1e357-bbe3-437e-871d-878361439126,785b8b9d-2976-423d-a581-29deafedb963,2025-03-10,2027.08,beauty,0.235,UPI,0,1,0.271,metro,0,2,evening,0.28318456286061405,0.1389,0
7a7e2d5e-ea83-42f2-81da-e4cfd1850820,4c19ca15-e9d8-445e-9a4a-ef49bd34d343,2025-07-09,703.54,fashion,0.242,card,0,14,0.196,metro,1,3,evening,0.24706696213115537,0.3548,1
edca6593-705e-4193-b7b6-222f87c58689,c74291cc-50dd-48a2-918a-2263305eb957,2025-08-24,250.0,beauty,0.413,COD,0,14,0.154,metro,0,4,night,0.2897378778415542,0.2536,1
69eedcfc-dab7-4065-adb1-96e4f28f218a,cc825a9c-6ef8-48bc-90ca-0bc2af6a4e40,2025-08-09,250.0,beauty,0.039,COD,0,7,0.273,metro,0,4,night,0.27966983742156076,0.3295,0
b898c72a-bf70-42b2-b22c-2646d323f4b4,75e92899-6af9-4cbd-9dcd-7b61fcceb409,2025-01-20,313.84,electronics,0.296,netbanking,0,1,0.377,tier2,0,4,evening,0.2510628995968812,0.169,0
3ccc1de6-ef4b-4f8f-a469-46ed7edfcdbb,9cfbe601-0322-4c7f-a8fc-089374a870d3,2025-04-30,1195.35,fashion,0.136,COD,0,10,0.407,tier2,1,6,evening,0.2677657562695904,0.5998,1
ccf77010-f2d9-4397-9511-a58e5d6b0f55,31f344da-4c1e-47ec-af4b-557c14d0e8e0,2025-10-20,4164.76,home,0.714,UPI,0,9,0.767,tier2,0,5,morning,0.6039320915435429,0.1373,0
0da25a3c-2e37-4e36-b7a8-68898d34ff55,fee7a85f-cf25-4349-b927-7a6f87b1bd3f,2025-09-20,2920.62,fashion,0.174,UPI,0,8,0.386,metro,0,3,evening,0.3325622338548419,0.1089,0
90d1afa0-fc91-4374-aa45-1d78796851fa,9d54cc04-3127-4c5d-aae1-81b1e67f92d9,2025-09-20,1078.08,beauty,0.122,card,0,1,0.218,metro,0,4,evening,0.06025214601248902,0.0597,0
d3a042b1-ab06-44ab-8b8a-b9371a34daf7,fece3053-752e-4f5a-b715-c3d8cb10cde7,2025-06-13,3986.41,grocery,0.576,COD,0,8,0.156,tier3,0,3,night,0.2486017792851423,0.0814,0
e4ca4a9e-670f-478a-9005-9ec8bda41c22,c776ba30-a353-491b-963c-d4935829686c,2025-02-22,1289.42,home,0.126,UPI,0,2,0.313,tier2,0,4,night,0.2445339867991523,0.1833,0
7bf7d588-5e81-4415-ad4c-9c65d8e59ed4,3ee32102-de20-4ee2-a47d-3a6522a5a3a8,2025-08-24,838.09,fashion,0.374,UPI,0,2,0.495,metro,1,1,morning,0.6171434097870331,0.431,1
73dda70c-d80d-4419-8974-473182f52bad,67c83591-ba4a-4cc3-8d5e-5106212b6325,2025-02-13,1917.58,fashion,0.103,UPI,0,1,0.395,metro,1,2,evening,0.2971102685881172,0.0895,0
d6cfb440-249f-4586-9368-2c34ad6ab052,fdebca3c-4db6-45f9-aecf-5b0e2d82bf66,2025-03-31,1903.57,home,0.054,card,0,7,0.108,tier3,0,3,night,0.21485681318313843,0.0596,0
17d8d9d4-8732-43c1-8f25-9f8f68286c9e,183731f0-c4f7-459f-b6fe-03d481d1dc2b,2025-10-05,1683.49,fashion,0.359,UPI,0,7,0.36,tier3,1,4,evening,0.3251850941589013,0.3305,0
801232c8-c8b0-4266-93c6-6b98ec48cf3e,e0c7f018-d138-4b2a-8686-c7bc5a512a86,2025-04-03,2959.96,fashion,0.068,netbanking,0,7,0.294,metro,1,2,night,0.32765833124561905,0.1579,0
060040a8-baae-497a-9a95-186e5ef8fc38,2efa495b-823a-41bc-843a-d9fcbc5f76d9,2025-05-15,7401.98,grocery,0.159,UPI,0,4,0.173,metro,0,1,morning,0.11300670394722269,0.0066,0
b25b9a73-6454-44da-a6a1-9eebd58eaf1b,4c3650cb-e088-4c11-a624-1102a42ebe08,2025-10-01,8225.1,home,0.178,COD,0,7,0.127,tier3,0,3,evening,0.03297163095944513,0.0307,0
0707d71e-13ef-4884-8d38-b5723dc33502,488818a4-8adb-4718-b41a-823c7f2b2ab8,2025-04-07,1558.09,grocery,0.193,card,0,5,0.323,tier3,0,4,night,0.25703386186733934,0.0652,0
594d7aef-ca0b-47d8-93f0-041681552de2,0d207f8d-c14c-4e36-9c88-59892de2db24,2025-08-28,5087.2,beauty,0.252,card,0,2,0.057,tier2,0,4,morning,0.13908231984528782,0.1043,0
2b81a8f1-f658-4dde-bd59-b3c6dbec7b36,88b88e03-c936-4c7f-ba2d-52cf64525090,2025-10-22,438.34,beauty,0.543,netbanking,0,4,0.207,metro,0,2,morning,0.20459557629689876,0.0973,0
e269f15c-c144-4a5a-bc28-137b4694c9b5,13fe080b-d69d-443e-a712-766c682faa59,2025-03-24,269.51,home,0.127,COD,0,3,0.561,metro,0,1,evening,0.5362129046914219,0.2212,1
64b4137b-008a-4b59-8b0c-93a3a7dbacaa,ade38847-ed43-40bb-86a7-c04000915ee5,2025-04-26,448.94,electronics,0.173,COD,0,9,0.109,tier3,0,7,night,0.14720873128711998,0.3045,0
bf3eea91-fce3-42dd-86a8-d650de33fbe0,530bbe2d-ad3a-48f9-bc50-6461db39ef79,2025-10-21,386.11,home,0.028,UPI,0,16,0.374,metro,0,2,morning,0.5144941083307562,0.0469,0
2dfe62e4-1d48-4b8f-9cb1-b811bc5fbb2f,afbedcf2-f5d0-441d-8f1d-dff0523a9d8e,2025-07-02,1615.11,beauty,0.63,UPI,0,8,0.095,tier2,0,3,afternoon,0.08979930230446,0.184,0
036b6dc9-1b29-47da-8df0-154b4bf5861f,cd41d912-6dd3-48f5-8321-ab579b72c57a,2025-04-14,5651.8,fashion,0.014,UPI,0,12,0.171,metro,1,2,evening,0.1561219227039281,0.0613,0
0222010b-091f-4370-9210-9238f2cf6c1e,91510149-f597-4196-b779-376ce2143f83,2025-09-25,3362.87,fashion,0.284,UPI,0,2,0.169,tier2,1,2,evening,0.26241881723183863,0.11,1
30f045fc-2eee-410a-a365-cf59dc60ef0f,e7003096-072a-48a6-8f1e-8ff340a5abf6,2025-08-23,8674.36,grocery,0.478,COD,0,6,0.207,tier3,0,3,afternoon,0.2568909066288726,0.0371,1
3fcea03c-6485-4497-88a8-c27055d6574a,eb671c1e-81f6-496c-b68d-49ea47acde37,2025-05-19,3148.47,grocery,0.169,COD,0,11,0.203,tier2,0,5,evening,0.18608348760507418,0.0521,0
1589185b-423b-4aab-82e3-fbcaefda33ba,4c19ca15-e9d8-445e-9a4a-ef49bd34d343,2025-09-06,1009.67,fashion,0.381,COD,0,15,0.27,metro,1,3,afternoon,0.24706696213115537,0.4915,1
0968288e-1fa1-4af3-9676-47521f42736a,afbe74ba-9fee-4350-a27d-bd3ca31df4c2,2025-07-11,274.74,electronics,0.588,COD,0,1,0.197,metro,0,2,evening,0.20995383460968203,0.1221,0
4fe99966-8695-4924-80af-1ecefd592c0e,75eeaa53-7844-43df-bc21-e13cd628ffb7,2025-06-12,1764.4,beauty,0.082,card,0,4,0.32,tier3,0,2,evening,0.20763912883986363,0.0876,0
118521ea-a159-423c-a757-ffc396ce61d4,c74291cc-50dd-48a2-918a-2263305eb957,2025-06-13,2199.28,home,0.461,COD,0,15,0.373,metro,0,5,afternoon,0.2897378778415542,0.0719,0
199cd8be-01c7-4cae-8c04-d49a60ec9f17,03155ba3-cd3a-4a32-9885-eaa1d5a0f4a0,2025-10-14,2195.59,home,0.241,COD,0,10,0.523,tier3,0,4,night,0.4955830568370258,0.3708,0
18f3d763-69f4-4152-bc84-d4d46e7674e3,495163fd-0559-4329-84dc-edfca30a9c34,2025-06-03,496.04,beauty,0.457,COD,0,4,0.403,metro,0,2,afternoon,0.20300873036155653,0.4192,1
0a82979b-c219-4055-af74-c96934f93b86,13305eb5-fa9e-4ad0-82e5-51bd1825bb0e,2025-10-11,250.0,home,0.24,COD,0,10,0.058,metro,0,1,afternoon,0.06015710717930573,0.0893,0
233b0a19-b21f-457b-b4ae-a4747ed812ec,2969daca-42b5-4be5-8e1b-371fea3f198f,2025-09-02,1359.71,electronics,0.388,UPI,0,1,0.508,tier2,0,4,evening,0.4893639098666145,0.1062,0
170da7d0-d87f-4b3f-bbe0-b08ab0ee36a8,b15097c2-354a-48aa-8b88-0fc27a70d24f,2025-06-24,5051.56,fashion,0.167,COD,0,10,0.379,metro,1,3,morning,0.35941268307576457,0.2471,0
84b99801-fcb1-41ee-97ce-c79dabb303c4,939f477a-622d-443e-a4ab-1b6fbd126f85,2025-01-28,1346.55,beauty,0.307,UPI,0,2,0.515,tier3,0,4,night,0.46524312849146254,0.1359,0
17c30c7b-319f-4a8b-aa18-85172b438ac2,1d2a539f-b9f5-447b-9a0b-ead55732dce3,2025-01-12,10369.9,fashion,0.253,COD,0,5,0.583,metro,1,2,afternoon,0.5885383197450833,0.2192,1
e383ab2d-abbf-425b-93ec-858ecc8a257f,efd501c7-a124-47a4-8bf7-1698e1fbd0f0,2025-04-07,706.21,home,0.234,UPI,0,2,0.258,tier3,0,3,morning,0.29966387224425906,0.0873,0
020d81a0-3c56-4efe-8d21-8e938cbdbdfb,ad87b3e3-8b3e-438e-8994-51127b85c296,2025-03-16,550.27,electronics,0.146,UPI,0,9,0.153,tier3,0,6,evening,0.06067469417646223,0.049,0
addad229-2c77-4dc9-8a96-4c4468bbc05d,3cee8f97-6a9f-48bd-9130-1eeb62534fd4,2025-07-19,1157.1,beauty,0.427,UPI,0,6,0.09,metro,0,4,night,0.021433052089598018,0.0841,0
4c2cc601-d7fc-455c-b635-5273ee5c65a7,1d2a539f-b9f5-447b-9a0b-ead55732dce3,2025-05-07,4014.95,fashion,0.505,card,0,6,0.603,tier2,1,8,evening,0.5885383197450833,0.6515,1
07021022-42c9-457f-be06-1afa60f1c96d,44966f4a-9060-4681-b0c5-38aabff795b2,2025-06-19,11535.61,beauty,0.273,netbanking,0,5,0.112,metro,0,3,evening,0.17602227586818103,0.0181,0
8cd6447e-fde6-4bba-b508-351f3ca709ad,3cee8f97-6a9f-48bd-9130-1eeb62534fd4,2025-07-23,435.69,beauty,0.676,COD,0,7,0.011,metro,0,2,afternoon,0.021433052089598018,0.2495,0
7d80cd33-3d48-4fa1-94ca-028314ea5d49,676c4a16-07aa-45fa-8ad1-17b29a2b6de4,2025-01-30,1554.55,fashion,0.262,card,0,2,0.264,metro,1,4,evening,0.2901295476709541,0.331,0
101edef6-49bb-494f-a762-a6f62d45d00b,b23d847d-997a-4928-9b10-f50e4fa93ba9,2025-06-04,854.31,grocery,0.565,COD,0,8,0.294,tier2,0,1,morning,0.22452854262691951,0.2707,0
8a673140-7efa-4e99-a30f-b5c9c3561ac2,88b88e03-c936-4c7f-ba2d-52cf64525090,2025-01-21,2170.18,fashion,0.177,UPI,0,5,0.2,metro,1,3,evening,0.20459557629689876,0.2176,0
34b60bdf-7bf5-45e7-8f34-a5acc9022a63,3d1f17b1-ec83-4ce4-bca9-7d49cf73a4fc,2025-03-13,340.84,beauty,0.1,COD,1,0,,tier3,0,2,afternoon,0.10351613948793689,0.473,1
6c47cb71-7b54-44e3-a9de-24876752e5f4,ec513aca-b3ea-457e-b9fd-46a0fbbd0108,2025-04-07,1553.23,fashion,0.088,COD,0,19,0.277,metro,1,1,evening,0.19762424986659227,0.3958,0
5f604127-91b3-4812-92d8-d721002f5c69,fdebca3c-4db6-45f9-aecf-5b0e2d82bf66,2025-02-23,250.0,fashion,0.036,COD,0,8,0.213,metro,1,4,night,0.21485681318313843,0.4373,0
40a7ed93-260d-4869-b178-c89dc0fdf9d5,bcb984b1-9b6a-4ffd-b13b-a1e84be1d9a9,2025-06-06,622.56,electronics,0.422,COD,0,6,0.327,metro,0,4,night,0.3958288561774479,0.3385,1
b441b89b-bac3-4a99-a7b2-b226cd4f3dd2,fd6cccad-5f4f-45ca-8142-59059b87515b,2025-01-19,1639.31,grocery,0.321,UPI,0,21,0.1,metro,0,1,night,0.2595265118239566,0.015,0
2c36beba-8756-4c17-a72b-0a753c2c2e59,efca07b7-801d-4f4d-8fd4-f9471ea25c75,2025-06-19,1369.92,fashion,0.061,UPI,0,11,0.28,metro,1,3,night,0.3870026797871902,0.1434,1
0ce66f76-4145-4deb-a965-c58ff58d10d5,b62d8ee5-64d8-45e2-95a1-1770fbb6732e,2025-01-17,5647.13,fashion,0.231,card,0,1,0.159,tier3,1,4,afternoon,0.13269837554654837,0.2011,1
b97f0b62-3300-4048-be4d-8bbd5e56e19c,7577f5f5-f434-4ba2-be8d-bc819a90aa7d,2025-01-18,755.82,fashion,0.375,UPI,0,14,0.057,tier2,1,1,evening,0.12936071938754626,0.2319,0
c920def1-1158-489b-a5ff-d5a1fa3b95da,0c74865a-8fb4-4dd6-b137-e4f24324d1e7,2025-07-17,977.89,home,0.283,UPI,0,1,0.449,tier3,0,6,evening,0.40770299645353353,0.174,0
49696e9f-a66a-4581-a88d-85b0b4c3b70d,3f175ef7-cb46-404c-ae55-2d22b3544172,2025-08-31,2156.15,beauty,0.352,COD,0,23,0.08,tier2,0,10,night,0.048627470043128354,0.3317,0
7080d071-ea60-4137-9f2f-b44e20e6412b,efca07b7-801d-4f4d-8fd4-f9471ea25c75,2025-03-15,791.64,fashion,0.041,UPI,0,12,0.484,metro,1,3,morning,0.3870026797871902,0.1247,0
e9243a8c-784a-44db-a346-1f2f9fbdca31,d9f7677b-982b-4d8f-a00d-0d3197829e14,2025-10-06,390.79,fashion,0.284,UPI,0,1,0.187,tier3,1,6,afternoon,0.24671647255501258,0.4812,0
e112102a-e013-4cdf-8993-c66f22fc6274,fd4d4b01-2257-4c27-94af-516d87f608f4,2025-06-29,509.8,fashion,0.097,netbanking,0,2,0.513,metro,0,6,afternoon,0.3456855814787548,0.1023,0
daa0e9a8-adcd-414c-91cd-dfb4fb1f32c5,f1922c32-2521-4e63-8787-5b9056553ff0,2025-10-19,741.12,fashion,0.386,card,0,4,0.541,tier2,1,8,afternoon,0.5633005631276558,0.4223,0
8b22299f-e089-4038-b27d-2f125c68d4d2,18199977-0fbb-46b1-bb6f-57f0bbea3588,2025-07-29,378.6,fashion,0.741,UPI,0,1,0.0,tier3,1,3,evening,0.15358953817365018,0.2059,0
a04a557f-274b-4c22-821b-5e7ea5d7361f,617c2dac-ff86-4a50-b68a-9e92a81ce5c4,2025-07-19,1988.28,electronics,0.216,netbanking,0,6,0.305,tier2,0,1,evening,0.3565159652552688,0.0402,0
aa199449-3e82-4334-860d-3d48ef6dd306,3b79a3c2-0050-44b1-b160-fa6030908748,2025-04-30,1516.74,fashion,0.125,card,0,2,0.334,tier2,1,4,afternoon,0.23555814035267542,0.2551,0
6d0cd2d9-6a5d-4cc7-8842-9ebfb2931465,676c4a16-07aa-45fa-8ad1-17b29a2b6de4,2025-05-16,4056.44,grocery,0.288,UPI,0,3,0.335,metro,0,1,afternoon,0.2901295476709541,0.0228,0
238e9a17-2aee-48c0-bb7a-839c1dc8047b,f60dd379-b761-4abe-a910-2e679a649299,2025-10-21,5718.63,fashion,0.293,UPI,0,7,0.811,metro,1,2,night,0.6231863021915255,0.2182,1
1c83fae8-3cce-4997-8d56-a29ca53e147a,85682d41-16d6-44ad-8e5d-63938077ab79,2025-08-17,2312.11,fashion,0.344,COD,0,2,0.367,tier2,1,1,evening,0.20370978877684995,0.562,0
50a2b020-9523-4b26-80a7-6200a15c586f,7f1c3fa8-2bd8-47fd-ad17-ab142fab9d56,2025-02-03,484.17,grocery,0.444,netbanking,0,4,0.396,metro,0,3,night,0.2765406569294239,0.0622,0
ea61bf36-557b-4400-8b33-f6a7a0b2ca3a,bcdeb425-8e18-4df0-9d56-77acc6d259f7,2025-08-24,250.0,electronics,0.501,COD,0,6,0.183,metro,0,1,afternoon,0.2145242588320448,0.1094,0
7091c304-4422-4058-a3b5-1785762306bb,9e9db8b8-b527-46e0-9e4b-211ffcef38a3,2025-09-19,2038.03,beauty,0.338,UPI,0,21,0.271,metro,1,6,evening,0.33315409272597374,0.3131,1
36d5926b-f456-4e1c-9e99-d3763ab1fea2,9624258c-4f43-4c23-8a52-ae3657722b57,2025-03-22,1666.95,fashion,0.331,card,0,13,0.164,metro,0,1,afternoon,0.4134664929263236,0.148,0
46c8a6bd-813d-47ae-ac6f-7e07ee9c72b4,dfa46b30-8254-491f-82a9-f48d15af87ec,2025-04-06,299.37,home,0.277,UPI,0,2,0.395,tier2,0,4,afternoon,0.3168272953486334,0.0471,0
b9b7fa67-d7b3-4ab8-a2b9-db7ba3e13bab,0b3125cc-29c6-4f20-b1ef-8890454bd85d,2025-03-15,6430.08,beauty,0.323,COD,0,11,0.445,tier2,0,3,evening,0.45454338905514596,0.3611,0
eb269631-491b-4c8f-9a19-a3b8ba7f158c,c8799b6e-004c-411a-a115-82977ad530a4,2025-01-24,1635.69,electronics,0.159,card,0,6,0.348,tier3,0,5,evening,0.20531948812490197,0.0505,0
82273b08-e345-4797-a8da-2db25fbb5a79,ea2ea2e1-ad32-4fa1-9907-dc30c57262e0,2025-10-22,653.48,fashion,0.406,card,0,3,0.297,tier2,1,4,afternoon,0.33375713618452035,0.1956,0
3cbc9992-0907-42ca-b50c-2252038c7179,21929a7c-df34-4e43-ac5e-3ecf09093300,2025-04-14,1006.56,fashion,0.113,card,0,4,0.009,tier2,0,2,afternoon,0.14992661347758604,0.0359,0
bf41f9be-613f-4f97-989e-53dda90d9205,36d6b08a-5436-4a2f-83c2-120975d4be7f,2025-01-19,4528.76,beauty,0.261,netbanking,0,17,0.0,tier2,1,3,evening,0.04915448350944119,0.0296,1
9bb39e78-04f4-45a3-8529-568e95af7b57,b3f33ef6-3953-4fa2-b5c0-493473e40312,2025-09-28,1580.19,electronics,0.25,COD,0,21,0.067,tier2,0,6,night,0.24874291058771908,0.1162,0
271eb6c2-3944-404f-bee0-a39bc59f99bc,fcad361d-37b1-48e4-ba15-27f5efd12bd2,2025-07-07,1718.39,fashion,0.45,UPI,0,4,0.449,tier2,1,1,evening,0.3926881472493449,0.2537,0
07b8147e-04eb-47f9-9da2-66839e89c40b,13305eb5-fa9e-4ad0-82e5-51bd1825bb0e,2025-08-12,2425.53,home,0.462,UPI,0,11,0.012,tier2,0,3,night,0.06015710717930573,0.0316,0
6e219334-206b-46b5-873d-47b865546025,7abb60f8-6a15-44b0-8a8a-33cf510670a6,2025-03-25,4927.98,fashion,0.419,card,0,8,0.0,tier3,1,6,morning,0.03542903995029727,0.1648,0
095a4402-c75f-471c-8560-aeac21ce7749,754ee000-0eb3-4857-a2e8-476c39a286c0,2025-04-29,9531.94,fashion,0.141,UPI,0,6,0.28,tier2,1,1,morning,0.2831068452109286,0.1514,0
5b0bf237-5697-4ea8-8097-fd893399174d,33a4495a-e011-40fd-9886-33ebafd66570,2025-06-05,1350.31,beauty,0.408,UPI,0,2,0.483,tier2,0,6,night,0.5304662995952951,0.1469,0
e829ad9d-80d6-484c-92e6-5a2ebbee3da7,fece3053-752e-4f5a-b715-c3d8cb10cde7,2025-03-03,2663.9,electronics,0.587,UPI,0,9,0.191,tier2,0,2,morning,0.2486017792851423,0.0611,0
e76941e8-b12f-47a8-9f28-50dc7a4c30ce,f04fffa3-5b04-4da0-9f3b-8a6b87fc1e74,2025-09-15,332.67,fashion,0.375,UPI,0,15,0.388,tier2,1,1,afternoon,0.3517803851773976,0.4215,1
29326357-083e-4036-a3ff-e588934ef5cf,6a519818-5d7a-4c29-8335-36ddcbeecc4b,2025-09-16,311.3,electronics,0.576,UPI,0,1,0.39,metro,0,5,evening,0.5811731376045629,0.2904,0
e660c23a-4f91-49f4-936a-2b78a7a7ad43,78862002-c128-49d2-9c22-06a511d8fb70,2025-01-10,307.05,home,0.454,UPI,1,0,,tier2,0,1,morning,0.039760932857473216,0.2432,1
9fba71df-4991-4fea-8802-f320433c2587,844e1cc6-38c0-44c1-8fb0-2171c4ac07a9,2025-09-04,3518.31,grocery,0.525,netbanking,0,7,0.009,tier2,0,1,afternoon,0.09221080951028436,0.0318,1
d4e31f24-cd9e-429e-98b9-88854021ee5f,87699cd8-cca3-418f-9a3e-144a0cbaca68,2025-10-02,1284.0,fashion,0.318,COD,0,9,0.0,metro,1,3,evening,0.05655306904883348,0.4626,1
df28d719-9be0-4879-bf8f-33a08183aa4b,8cabcba8-2b36-4f7e-984b-440baba9ad97,2025-09-22,250.0,electronics,0.324,card,0,8,0.268,metro,0,3,afternoon,0.27780100478810504,0.0803,0
7b900f46-a95d-4c06-81ee-df885458ab06,5c791762-5ecf-4b7d-854a-04effcf2f201,2025-10-26,756.29,beauty,0.341,netbanking,0,1,0.089,tier3,1,5,evening,0.13082075119550465,0.0774,0
f6779602-7897-4129-9bf7-8799c8f942a4,30ed7aa6-3495-4b99-970b-27c038e98f99,2025-05-02,250.0,beauty,0.361,COD,0,9,0.254,metro,0,2,morning,0.30707185083804733,0.1783,0
8078fa39-808c-4994-8ae7-c2d28e8bb9a5,33a52997-bb93-4122-bb18-091c31a74bab,2025-06-30,2675.79,beauty,0.192,UPI,0,2,0.02,tier3,0,3,evening,0.03758950939721761,0.0793,0
31c28154-69d5-434f-ac9b-ada59f348bda,fd6cccad-5f4f-45ca-8142-59059b87515b,2025-03-13,2114.68,grocery,0.293,UPI,0,22,0.352,metro,0,1,afternoon,0.2595265118239566,0.0201,0
bc1c5ee0-1b83-445a-9818-7a5893f3c3e4,fdebca3c-4db6-45f9-aecf-5b0e2d82bf66,2025-01-05,5282.99,electronics,0.121,COD,0,9,0.213,tier3,0,5,evening,0.21485681318313843,0.0378,0
a49a9a8e-b279-4e77-8ec6-be2be27aff66,31ff0d71-1021-4137-a652-0909a72704a8,2025-07-18,879.27,beauty,0.309,UPI,0,6,0.36,metro,0,4,evening,0.3745706193331196,0.0873,0
4ea25eef-7a81-40bd-845d-cc123a271356,ea2ea2e1-ad32-4fa1-9907-dc30c57262e0,2025-10-23,1443.74,grocery,0.445,UPI,0,4,0.355,tier3,0,6,evening,0.33375713618452035,0.1071,0
588d76aa-2a1d-4f84-838f-face62db29b4,c3667960-275a-45b2-a2fb-3c154cf68002,2025-04-27,602.11,home,0.613,card,0,2,0.459,tier3,0,4,afternoon,0.42258989063174557,0.2815,1
2609d29f-acea-4fe4-a598-24b9e8ac2e17,ae648879-94d9-43e9-9c34-e6de78357400,2025-03-20,18213.05,home,0.415,UPI,0,6,0.166,tier2,0,5,afternoon,0.10883559867342446,0.007,0
0cb464e3-babf-4ec0-84cf-7077e32ea95b,eaeed0dd-7e1c-4258-9fdd-9985ad3d359d,2025-04-11,804.93,electronics,0.454,COD,0,3,0.306,tier2,0,4,evening,0.3269451502115473,0.09,1
73a06127-5f81-42d6-9376-f0cb2ce9e3f3,97d7ac82-2b8f-4c9e-87c2-0b7f4459006c,2025-09-16,7690.41,fashion,0.203,COD,0,2,0.335,metro,1,1,morning,0.23943546554719444,0.2356,0
ebba6b1c-0bd1-4d21-a347-81579112061f,dcd75ca6-e384-4d4a-a240-2cf7f4192ed6,2025-02-23,812.46,home,0.164,COD,0,3,0.127,metro,0,2,night,0.14393935494351567,0.0612,0
e0d78bd0-1be8-460a-bcea-7908795838f0,c74291cc-50dd-48a2-918a-2263305eb957,2025-06-14,2582.64,grocery,0.086,card,0,16,0.287,tier2,0,1,afternoon,0.2897378778415542,0.028,0
f0f3ca4b-3b66-4849-9e59-2483a1533fcf,03155ba3-cd3a-4a32-9885-eaa1d5a0f4a0,2025-01-18,6746.08,fashion,0.424,UPI,0,11,0.561,tier2,1,3,evening,0.4955830568370258,0.2659,0
b94115a2-8bee-4d54-bc9c-790ba0b2df07,47cb53b5-07a8-4133-916b-09b281c51f88,2025-08-18,1366.79,fashion,0.188,COD,0,3,0.458,tier3,0,8,afternoon,0.35614412579298554,0.381,0
69048e60-a822-484a-a735-2736c566b872,f7243914-f259-4b3f-b4da-cc523ff04815,2025-08-18,2076.94,electronics,0.272,card,0,12,0.402,tier2,0,7,afternoon,0.2798863894924076,0.038,0
b1ef130c-d34e-4e21-b073-983007a7a46d,6d81b599-cb53-46f9-8600-bf12fd1acddf,2025-07-12,4455.6,electronics,0.391,UPI,0,8,0.227,tier3,0,5,evening,0.1373435706874969,0.0923,0
64efd286-4076-4e6d-b2ca-e467b814a6a7,f0c7ab6b-10cb-48c3-9fb0-8bedeaaada61,2025-06-05,2931.91,fashion,0.253,COD,0,1,0.376,metro,1,4,evening,0.38183286991587256,0.4518,0
0d74fad9-9f33-4d7c-9f81-e53713052504,928114f7-f956-485a-b601-6b40b48c18d7,2025-02-05,1398.88,fashion,0.216,COD,0,13,0.247,metro,1,3,morning,0.29038571770418864,0.2732,0
2ddd31e7-397e-494f-b503-8fd6b5aed1f1,b3f33ef6-3953-4fa2-b5c0-493473e40312,2025-10-24,407.82,fashion,0.164,card,0,22,0.154,tier2,1,5,evening,0.24874291058771908,0.3729,0
f12ed9f4-979e-497f-a6a5-37c16c9c8812,264713e0-0ea7-4880-9795-f6f977d4d71c,2025-07-22,1242.69,home,0.231,UPI,0,10,0.0,tier2,0,1,evening,0.1503348970823547,0.0505,0
f08d5cda-4919-4bda-acbd-4539f1c42483,b7cf8b3e-8cbc-41b9-b7a4-c29693d32968,2025-10-18,736.95,home,0.454,COD,0,4,0.248,tier2,0,4,afternoon,0.23865381601921165,0.1973,1
217fd31d-8abe-4e7d-b5ff-a171d7066e4a,0713c0ca-d6f7-4aa9-a3ed-d970c819d58a,2025-10-01,3106.15,fashion,0.272,card,0,1,0.494,tier2,1,4,afternoon,0.36187966998918064,0.3818,0
80bf4a99-22cf-42b4-85bf-5869458fc25b,551aee57-0df4-4a51-9afa-0babaf28b33a,2025-03-18,1605.29,beauty,0.18,netbanking,0,17,0.209,metro,0,5,morning,0.18168234468688693,0.0879,0
d0f2ed46-8898-4f20-a1a1-f6098cc059a3,ee1573cf-855f-4d78-94ec-59176830795f,2025-02-08,1245.65,fashion,0.158,netbanking,0,6,0.037,metro,1,1,evening,0.07319325355511432,0.164,0
a862c660-47fe-4094-8ded-a5b1dc6420d0,8aad1534-c5ee-4b92-be7e-78a529af82b8,2025-02-25,1655.5,fashion,0.75,card,0,4,0.29,metro,1,1,evening,0.36581399891508337,0.4124,1
e1d7468c-c0e2-4062-bacc-c4e9a9dc6530,77e96371-82ca-416e-af8f-071e169e4282,2025-04-27,335.35,fashion,0.132,UPI,0,7,0.283,metro,1,5,morning,0.25979890009270734,0.1044,0
c57e8abf-04b5-43bb-af45-d1f1b40d759e,617c2dac-ff86-4a50-b68a-9e92a81ce5c4,2025-10-23,717.68,fashion,0.404,UPI,0,7,0.361,metro,1,1,afternoon,0.3565159652552688,0.177,0
9b174dd7-a856-46b4-bb84-66aefcbc4400,896a9142-c32d-4e97-8656-8e4c80bb0c0e,2025-09-16,256.2,beauty,0.141,COD,0,3,0.034,tier3,1,4,night,0.09634270484326586,0.2696,0
496b8dd4-edbc-4b49-8ad4-7bb090a82108,d0180517-a118-4de4-8496-9566b882b94f,2025-06-09,260.34,home,0.168,COD,0,2,0.022,metro,0,1,night,0.12664862946612027,0.0393,0
3143961a-5f26-48a9-a9de-78e34550abcd,4bc409c6-b5e2-418c-b091-811f237e5d34,2025-06-07,1020.76,fashion,0.659,UPI,0,5,0.266,tier2,1,3,evening,0.24986565117884016,0.428,0
468f205b-8f33-494e-be94-0e01b34b39a5,cba1f52f-9905-4405-b96d-4c622c0b248e,2025-10-25,5891.79,beauty,0.551,COD,0,9,0.573,tier2,0,3,morning,0.4451782602422671,0.2811,0
3c8c7063-da3f-4cad-8c61-3a9425e93752,fee7a85f-cf25-4349-b927-7a6f87b1bd3f,2025-04-24,250.0,fashion,0.169,UPI,0,9,0.346,tier2,1,5,afternoon,0.3325622338548419,0.2591,0
ba2fd8b4-40a0-42aa-96dd-3819b415e60c,a08bc761-e2d2-46cc-952a-3d23d15d5fac,2025-03-07,775.84,fashion,0.237,card,0,11,0.33,tier2,1,3,afternoon,0.30018529874356914,0.4662,0
f28f1ef9-ced3-4bac-be32-df5407c9cd4f,551aee57-0df4-4a51-9afa-0babaf28b33a,2025-06-13,2371.56,beauty,0.183,COD,0,18,0.186,tier2,0,3,afternoon,0.18168234468688693,0.0874,0
33a6b8df-d5b3-4fe2-ad9f-5e1773cd9864,67991ec5-6540-4afc-8700-1e97c8b7427e,2025-09-02,958.42,fashion,0.637,UPI,0,8,0.217,metro,1,2,morning,0.13954174495960747,0.3257,0
f5c58003-56c2-40e2-9a2f-4ace604c43b4,115b599a-217b-402c-bf2e-d673a28b8b6a,2025-03-24,250.0,beauty,0.412,COD,0,12,0.094,metro,0,3,morning,0.22490754943212576,0.1293,0
9c2de6e3-8ceb-42f2-9f62-a67ada9f6c4b,18ac91fe-d7d1-4831-a17e-7c06a5ec4af5,2025-08-07,410.33,home,0.246,netbanking,0,4,0.215,tier2,0,1,evening,0.24614417619698423,0.1524,0
abf0086e-cbe1-4b3f-b38b-7048ddd8fb9f,f60dd379-b761-4abe-a910-2e679a649299,2025-09-06,2203.85,beauty,0.206,card,0,8,0.693,tier3,0,5,evening,0.6231863021915255,0.0972,0
91b9530a-da6b-414b-8e2d-dfd6fa941752,13305eb5-fa9e-4ad0-82e5-51bd1825bb0e,2025-02-13,393.11,home,0.324,card,0,12,0.051,metro,0,2,evening,0.06015710717930573,0.1535,0
ac22b266-265e-498f-a266-16f5cd9f534d,264713e0-0ea7-4880-9795-f6f977d4d71c,2025-04-10,2140.15,electronics,0.16,card,0,11,0.239,metro,0,2,morning,0.1503348970823547,0.0182,0
0ae5f2eb-c6ba-4f69-b7de-feff3cee1edc,f91b87e4-35a7-481d-96ba-a679feba54f3,2025-02-27,844.7,beauty,0.301,COD,0,8,0.134,tier2,0,3,morning,0.05881659853496958,0.2389,0
467a3b00-fa1d-4d72-bb5b-20b1f9a4632f,d2951b9d-49eb-4eef-8467-6d832ad3d8ac,2025-06-21,1169.84,fashion,0.396,UPI,0,8,0.245,tier2,1,3,evening,0.19975800750299405,0.3314,0
09a00dd9-2461-45c2-880f-1bb2b05d1f15,02a9477e-48f9-41c5-b992-a167ea1cd57a,2025-08-17,1834.94,home,0.272,COD,0,7,0.334,tier2,0,1,evening,0.26357426902472036,0.2962,0
fd347909-73d6-40d9-915c-224e5afb9466,e0c7f018-d138-4b2a-8686-c7bc5a512a86,2025-07-01,1842.45,beauty,0.187,COD,0,8,0.204,metro,0,3,evening,0.32765833124561905,0.0896,0
671a8671-acd2-4f01-8722-64ff4130d599,5a4e456a-7177-438a-a82d-59e0133f3eb9,2025-06-17,5976.68,electronics,0.034,COD,0,27,0.307,metro,0,3,morning,0.23069756686430742,0.0241,0
6da0ed1e-8e5f-4b48-a526-f44dc70c21d7,c74291cc-50dd-48a2-918a-2263305eb957,2025-09-09,1166.91,fashion,0.499,COD,0,17,0.345,metro,1,1,morning,0.2897378778415542,0.4933,1
835c681d-92ef-40ab-861d-a3e902bade2d,9cfbe601-0322-4c7f-a8fc-089374a870d3,2025-10-06,5016.09,fashion,0.313,COD,0,11,0.139,metro,1,1,afternoon,0.2677657562695904,0.3718,0
adc00afc-9feb-4513-8ee4-75ffce0e1549,078f9f9a-5da9-4764-b5e3-00ee1774a365,2025-05-04,1698.66,home,0.079,COD,0,6,0.566,tier2,0,1,evening,0.5866676553486984,0.2237,0
98631689-b8a0-4fbb-875e-7d10694cdbce,551aee57-0df4-4a51-9afa-0babaf28b33a,2025-07-28,3154.07,beauty,0.187,COD,0,19,0.236,tier3,0,4,morning,0.18168234468688693,0.2983,0
50409fd5-8e96-41e0-85ee-519e5ea27d38,fcad361d-37b1-48e4-ba15-27f5efd12bd2,2025-03-01,490.89,fashion,0.098,COD,0,5,0.44,tier2,0,4,afternoon,0.3926881472493449,0.2328,1
728a95f3-46e5-49f9-adb8-a5961a4fa6bb,b2260d18-fffa-4383-9ce1-cdafe986cab2,2025-02-08,308.82,electronics,0.311,UPI,0,25,0.376,tier2,0,2,afternoon,0.4468118022423648,0.0766,0
d45524e1-6b1d-402e-8a90-de56a7da8d48,cba1f52f-9905-4405-b96d-4c622c0b248e,2025-03-20,1458.33,electronics,0.164,netbanking,0,10,0.337,tier3,0,5,evening,0.4451782602422671,0.0646,0
d8487fc9-3a22-4bd7-ad7e-418f6f76130a,01b44897-af4a-45c8-9d4c-6f26cfdc77a7,2025-05-06,623.45,fashion,0.436,UPI,0,3,0.08,tier2,0,5,night,0.10212483545629032,0.1307,0
bfe89bc7-6d41-42b6-b3a0-db338e38cd3f,90a7c98b-0565-4330-a335-ddad08538e49,2025-10-08,378.36,beauty,0.321,COD,0,11,0.18,tier3,0,7,evening,0.16802115856295066,0.4326,1
991d9e94-77e5-47e3-a8ad-8372fff700c4,f1922c32-2521-4e63-8787-5b9056553ff0,2025-03-08,2614.79,home,0.046,netbanking,0,5,0.714,metro,0,4,night,0.5633005631276558,0.1393,0
91e8f1fa-8c15-4faf-84f0-da35240331c1,4c19ca15-e9d8-445e-9a4a-ef49bd34d343,2025-07-11,1467.18,fashion,0.336,COD,0,16,0.28,tier2,1,6,afternoon,0.24706696213115537,0.4891,0
48c2f5be-8270-40b4-adb9-a4bfd7cc53f0,3f175ef7-cb46-404c-ae55-2d22b3544172,2025-03-02,10129.72,fashion,0.213,UPI,0,24,0.179,tier3,1,5,evening,0.048627470043128354,0.0509,1
73886e80-5452-485b-8d94-f48a2daa51d2,937f81a2-0c57-467d-869e-aaae2412816a,2025-06-24,1184.51,fashion,0.398,card,0,12,0.091,metro,1,2,evening,0.2365731909103324,0.2298,0
1dc96733-2d4e-47cf-920a-a3142c11261d,244f6df6-0877-4426-b15f-8812d0053625,2025-01-01,6835.73,beauty,0.359,UPI,0,3,0.225,metro,0,2,afternoon,0.24420543477340984,0.0461,0
d6b0e141-b287-4769-8e1f-dc8bea5b3ce5,7abb60f8-6a15-44b0-8a8a-33cf510670a6,2025-10-13,1521.77,home,0.053,UPI,0,9,0.0,metro,0,4,evening,0.03542903995029727,0.0506,0
6727ae1a-988b-49b0-9aa7-7b6e51bd4d69,77ca1577-f639-4d21-9261-19447fa58bb0,2025-06-24,6984.54,electronics,0.679,UPI,0,4,0.335,metro,0,6,morning,0.1840815893241802,0.0625,0
a740ce02-1fd0-415c-8c48-82bcbc67c2d3,cba1f52f-9905-4405-b96d-4c622c0b248e,2025-03-30,1918.01,grocery,0.117,UPI,0,11,0.423,metro,0,5,morning,0.4451782602422671,0.0221,0
c3ca6670-29b1-4411-a384-75456a6fccc6,1a4bfac1-4bff-4c1a-8331-8f58709b98b3,2025-04-21,3111.44,fashion,0.309,COD,0,3,0.175,metro,1,5,afternoon,0.15250618963621082,0.5934,1
98c71b7a-2daa-4a3d-b143-509b16067018,18471c77-61f9-4793-b4da-b432f51981aa,2025-05-17,5894.7,home,0.247,UPI,0,2,0.239,metro,0,6,evening,0.14258967185168278,0.0463,0
6c94da7e-bcbd-446d-b490-ebdfcfb2f5e1,04b89a3b-d082-4664-972e-b40c6268b46d,2025-01-03,624.21,home,0.182,UPI,0,5,0.352,tier2,0,1,night,0.24939791763606534,0.1174,0
8f80087b-00f0-4ef2-9de5-fccfb9751cfc,76e3ab4e-0d33-4910-81b9-f0f04685b7d6,2025-04-24,1193.96,electronics,0.197,card,0,5,0.0,metro,0,4,morning,0.06842336486313001,0.011,0
192af9f0-ef23-40f1-bff7-ea6ba0b07dcb,cd936f58-35c8-41bf-ad8e-018916f872f3,2025-03-01,2250.58,home,0.38,COD,0,2,0.176,tier2,0,2,afternoon,0.23815835049683093,0.1747,0
3561bcb3-1086-40a6-b92d-bb5efbd3eaf5,3cee8f97-6a9f-48bd-9130-1eeb62534fd4,2025-03-07,615.87,fashion,0.484,COD,0,8,0.0,tier3,1,2,afternoon,0.021433052089598018,0.6908,1
481daac2-9dfc-4749-90f3-8e0491b8d952,bdf5e5de-7033-4345-ac37-819738c0e957,2025-06-04,310.45,beauty,0.104,UPI,0,24,0.234,tier3,0,4,evening,0.2211439005048725,0.0963,0
231ecf21-5466-43e9-8442-a8771d5ec4ac,879efc3e-a486-44ac-a9cc-29dca850ccc1,2025-03-22,254.36,fashion,0.663,card,0,8,0.153,metro,1,3,afternoon,0.14849469586761202,0.3152,0
e29f92bb-e580-42be-952c-518976076501,a5a68430-8473-418f-85df-a2a1d90bf65b,2025-07-15,377.83,beauty,0.078,card,0,2,0.195,tier3,0,4,morning,0.11388016972116154,0.0266,0
964ff489-9395-4ad5-97dd-33e6c56dc4d6,90d4ab83-9a96-4a21-9db9-c0621084e983,2025-05-12,3779.04,home,0.243,card,0,12,0.253,tier2,0,4,morning,0.29832839962512075,0.0477,0
6c51782a-aed2-4356-8e2b-e3e391000573,0bc6959a-afc2-4cf6-a24b-933a37e267c4,2025-10-02,906.06,fashion,0.366,COD,1,0,,metro,1,2,night,0.6014601912708131,0.8502,1
e527aab8-1798-499d-8f0e-2cb7ab568550,1430da84-3676-4e2f-a20c-58786ed1d466,2025-05-20,1718.83,electronics,0.093,UPI,0,20,0.2,tier3,0,6,night,0.22121655786542901,0.0586,1
b51b4e68-bc2e-42d2-8e0e-7dd1ffc829be,7f1c3fa8-2bd8-47fd-ad17-ab142fab9d56,2025-01-26,442.09,electronics,0.325,netbanking,0,5,0.213,tier2,0,2,morning,0.2765406569294239,0.0877,0
3415f363-d35d-42d8-9b52-4c1fce66b0d8,6cb161f2-f7f1-47ed-ba6f-4f99f2fd5670,2025-07-02,2347.87,electronics,0.152,COD,1,0,,metro,0,3,evening,0.3173771501855524,0.1751,0
d32fac32-c6d7-430c-b163-b5e1f3ebb5c6,b15097c2-354a-48aa-8b88-0fc27a70d24f,2025-06-14,538.26,home,0.124,COD,0,11,0.367,metro,0,1,night,0.35941268307576457,0.1467,0
09d918f2-36c9-4395-af43-42d4d2260cb5,a5a68430-8473-418f-85df-a2a1d90bf65b,2025-01-11,1388.04,home,0.2,COD,0,3,0.226,metro,0,4,evening,0.11388016972116154,0.139,0
33b31eb3-cc6e-4420-937d-cd72fc2cb7a1,77e96371-82ca-416e-af8f-071e169e4282,2025-04-19,3407.59,electronics,0.202,COD,0,8,0.054,metro,0,2,evening,0.25979890009270734,0.0904,1
fe749f27-08c1-4b65-a3a1-abc07a1cd1d5,ac0ed3da-6d79-4329-959d-5629884008b4,2025-05-11,829.62,beauty,0.128,COD,0,4,0.013,metro,0,5,afternoon,0.04633846991413163,0.1754,1
63e3004b-ccbd-4882-a19f-eab3079b8523,1d2a539f-b9f5-447b-9a0b-ead55732dce3,2025-06-01,3907.89,home,0.122,UPI,0,7,0.508,tier3,0,5,morning,0.5885383197450833,0.1143,0
54b6b9f4-41f9-48b3-93c2-95b3908ff35d,c74291cc-50dd-48a2-918a-2263305eb957,2025-08-20,2812.43,fashion,0.054,netbanking,0,18,0.322,tier3,1,4,evening,0.2897378778415542,0.1516,0
8d5c183f-dfb4-4754-aad1-c382d176517f,33a52997-bb93-4122-bb18-091c31a74bab,2025-09-23,4665.62,beauty,0.215,netbanking,0,3,0.0,metro,0,3,evening,0.03758950939721761,0.0314,0
7acf709b-71eb-49f8-bc03-97c41cf58369,8779fb27-f743-4810-ab5b-061f3407a98f,2025-02-18,804.53,electronics,0.595,netbanking,0,7,0.201,metro,0,4,evening,0.18284841178251302,0.0385,0
f6e49c5e-8802-415b-b68a-59f5c95599ee,c776ba30-a353-491b-963c-d4935829686c,2025-07-30,1677.23,beauty,0.124,UPI,0,3,0.308,tier3,0,6,morning,0.2445339867991523,0.1286,0
60006ab0-0379-4151-9a15-e9389da0d3be,551aee57-0df4-4a51-9afa-0babaf28b33a,2025-07-17,1628.6,home,0.074,UPI,0,20,0.175,tier2,0,3,afternoon,0.18168234468688693,0.014,0
b5d9b80e-bfb8-46fc-99a1-a14678788d5d,f511f812-b332-434e-84ac-a8d69f0d2875,2025-03-02,591.48,home,0.75,COD,0,14,0.037,metro,0,3,afternoon,0.1091421274751211,0.1296,0
bf9b720c-b76d-4e41-8412-ac8b30838b99,414160ba-7e84-4541-84ff-2f85934b9cb5,2025-03-18,5625.92,beauty,0.316,UPI,1,0,,tier2,0,6,evening,0.33042386606575225,0.1783,0
95fb5525-c387-42b0-a6a0-e60c2e3d7ddc,eeb31956-eff1-4d4c-88b9-4562dc040f82,2025-01-25,1529.5,fashion,0.306,card,0,12,0.405,metro,0,5,night,0.3706024922013499,0.1815,0
e7a42776-5af5-493a-95fa-711dfe6aee44,366eeefc-701f-415d-a6e8-0090ed33caa4,2025-04-15,3452.63,electronics,0.279,COD,0,6,0.666,tier3,0,5,evening,0.668440832463893,0.1412,0
9f91515a-38b7-4dd5-8e43-5abe47743a41,879efc3e-a486-44ac-a9cc-29dca850ccc1,2025-04-06,1420.37,fashion,0.464,COD,0,9,0.159,metro,0,4,evening,0.14849469586761202,0.3714,1
3835e91f-193e-48d7-999f-6f445d03e97f,21f3a00d-b7f7-4e5c-b2c7-c83a760cc691,2025-08-08,316.3,beauty,0.311,card,0,3,0.325,tier2,1,4,afternoon,0.07293918209014336,0.184,0
1f99fa2c-9bca-4df8-89c2-fc9143c8adea,488818a4-8adb-4718-b41a-823c7f2b2ab8,2025-08-04,5881.48,fashion,0.133,netbanking,0,6,0.22,tier2,1,4,afternoon,0.25703386186733934,0.1805,0
aae94274-a863-4a6d-8ec3-512580d9e03a,80cef85a-5938-4801-9fa5-9b6c0de0cc08,2025-03-31,1426.9,fashion,0.427,COD,0,11,0.18,metro,1,2,night,0.2042925306906814,0.6685,0
ea3e14f0-8334-4a4e-92ce-912a5b0ae721,dcd75ca6-e384-4d4a-a240-2cf7f4192ed6,2025-07-12,12490.53,fashion,0.243,card,0,4,0.09,metro,0,5,afternoon,0.14393935494351567,0.0042,0
d4306ef0-9ec9-4947-a1d3-f88a095c293d,36d6b08a-5436-4a2f-83c2-120975d4be7f,2025-04-25,2039.74,fashion,0.178,COD,0,18,0.013,tier3,1,4,afternoon,0.04915448350944119,0.6332,1
247181af-41c3-4bd6-83f1-f3ad632ba66c,d0180517-a118-4de4-8496-9566b882b94f,2025-03-18,2839.78,fashion,0.396,UPI,0,3,0.106,metro,0,3,evening,0.12664862946612027,0.1387,0
6d7cb1d5-78fa-4bfc-8b4f-59d848c9c97e,f697590d-f50d-4802-8968-8e26c502eb3e,2025-05-19,2497.92,fashion,0.258,netbanking,0,5,0.215,metro,1,4,afternoon,0.26335659719559446,0.2144,0
3b54a8f0-026c-4f8c-88ee-bf8d88247c1a,eb671c1e-81f6-496c-b68d-49ea47acde37,2025-02-09,308.33,fashion,0.271,COD,0,12,0.143,tier3,1,7,morning,0.18608348760507418,0.5399,1
8a7791d0-f950-4fd0-bb13-66de41ac2b3b,99d8e29d-b090-4ae0-9a0d-2b766ddae79a,2025-04-30,250.0,electronics,0.287,COD,1,0,,metro,0,5,night,0.46479456251644435,0.398,0
c8c8dfd7-221b-4dfa-b506-b87b8311e352,f6624986-1488-4db8-994b-6db58a9ef6b8,2025-10-25,573.36,grocery,0.088,COD,0,4,0.109,tier2,0,1,night,0.15422316215847254,0.0725,0
79eca71e-f2cf-443b-9a2b-a2d8009341d9,844e1cc6-38c0-44c1-8fb0-2171c4ac07a9,2025-02-19,1901.19,electronics,0.159,card,0,8,0.185,tier3,0,5,night,0.09221080951028436,0.0719,0
729aef01-03fe-4218-8db2-4de9925d05cf,7577f5f5-f434-4ba2-be8d-bc819a90aa7d,2025-10-20,4792.24,fashion,0.353,COD,0,15,0.017,metro,1,2,evening,0.12936071938754626,0.3015,1
84a07ba5-b6c7-4f24-8b20-b67ca54e32e6,6691be4b-2f05-471e-880b-641b361f736f,2025-07-19,3026.66,fashion,0.358,COD,0,16,0.337,tier2,1,3,afternoon,0.2916477929418046,0.5623,0
1c9ff9e5-ca42-4fb1-a426-d8ccb25f9fd3,d6820024-4c8c-44b8-8098-59f8938ad61c,2025-02-15,2586.8,beauty,0.387,card,0,2,0.818,tier2,0,3,afternoon,0.7830202777801657,0.3,0
9feca57e-90a9-4cee-8c36-863947153090,bbe8e4c6-2da1-471e-b2bd-71328ccd5406,2025-05-13,957.0,home,0.409,card,0,5,0.192,tier2,0,3,afternoon,0.21478291236143027,0.0302,0
e2908dd5-09f5-48c3-8480-2a3b24e6e033,ae9132eb-6eff-473e-998e-0c039ce43cc7,2025-09-20,1087.34,home,0.169,COD,0,7,0.237,tier3,0,5,evening,0.19434600150643108,0.1706,0
51f8912a-7fb9-4a58-9d18-0cb93246b518,c74291cc-50dd-48a2-918a-2263305eb957,2025-10-22,1160.66,grocery,0.363,UPI,0,19,0.365,metro,0,5,afternoon,0.2897378778415542,0.0372,0
d3672379-50c1-40be-9c17-c52a1e1f4907,3e1f62af-b83b-474c-84a3-3e02f8a64e1a,2025-03-02,1402.32,beauty,0.26,COD,0,2,0.322,metro,0,2,afternoon,0.11495022682730283,0.161,0
137c5da6-4ddb-44a4-b5c5-6d16a77b1c0d,fd6cccad-5f4f-45ca-8142-59059b87515b,2025-06-25,608.48,fashion,0.227,UPI,0,23,0.208,tier2,1,3,morning,0.2595265118239566,0.3633,0
bebe29d2-bf00-43c8-8cdf-38058e27f75d,31f344da-4c1e-47ec-af4b-557c14d0e8e0,2025-02-04,717.37,home,0.551,UPI,0,10,0.641,tier2,0,3,morning,0.6039320915435429,0.4342,1
73a540bf-87e3-4f9d-a415-58dcb9ea714f,115b599a-217b-402c-bf2e-d673a28b8b6a,2025-02-07,4046.29,home,0.097,UPI,0,13,0.274,tier3,0,4,morning,0.22490754943212576,0.0505,0
54d2ceaa-bd10-467e-8280-9c4f687f9612,13305eb5-fa9e-4ad0-82e5-51bd1825bb0e,2025-10-19,387.93,beauty,0.17,UPI,0,13,0.081,tier2,0,3,morning,0.06015710717930573,0.0699,0
0d294656-e0e2-4d44-8331-68128e9f5471,5a4e456a-7177-438a-a82d-59e0133f3eb9,2025-04-20,250.0,home,0.156,COD,0,28,0.174,tier2,0,1,night,0.23069756686430742,0.1823,0
089cb1e8-c669-47d7-9e51-28090c24b872,a08bc761-e2d2-46cc-952a-3d23d15d5fac,2025-01-18,1650.02,grocery,0.127,UPI,0,12,0.242,tier3,0,2,evening,0.30018529874356914,0.0116,0
cd16241d-9f1a-4e57-9434-7285a1016d5e,f7243914-f259-4b3f-b4da-cc523ff04815,2025-02-28,3069.82,fashion,0.232,card,0,13,0.319,tier3,1,6,morning,0.2798863894924076,0.1867,0
1d23986a-a1f3-4874-9ce7-3edfde25a3c7,1e8c36c2-6ec2-42d0-bed2-1a1c361dd692,2025-03-12,382.55,home,0.037,UPI,0,6,0.257,metro,0,1,evening,0.32830159764792616,0.0302,0
7ee7ad3f-e442-43a6-af37-3e4f2998a972,feb110b5-88cd-477f-98d9-c4648c9e917a,2025-08-23,1700.38,beauty,0.483,COD,0,3,0.305,metro,0,1,morning,0.28099909876364537,0.3727,0
ccee5c91-e27c-45c8-8089-777929dbc75f,31ff0d71-1021-4137-a652-0909a72704a8,2025-06-23,445.96,fashion,0.342,card,0,7,0.496,metro,1,5,night,0.3745706193331196,0.2666,0
3128bcc5-3766-4032-954e-f0a8bf7c7a2c,b48b45a4-753f-4ba5-b83c-ddf1c5e444e1,2025-10-23,3761.68,fashion,0.124,card,0,5,0.177,tier2,1,3,morning,0.419905690979168,0.1296,0
570d8ffa-5c4e-4d40-b9e4-c69302119c27,c7c7d746-9375-4232-8ea9-ffb11c594fc0,2025-10-27,490.03,electronics,0.233,UPI,0,1,0.281,metro,0,3,afternoon,0.40080141861945334,0.0499,0
ed7a9573-1d15-49b7-b59b-bccddbfa600e,580c3a35-c12f-4b92-86cd-e11ca4b81f1f,2025-09-07,1272.11,electronics,0.167,COD,0,1,0.134,tier2,0,5,morning,0.08621449582989908,0.0921,0
7275dd62-4642-4a68-8034-b6bdeacfe2f5,c374153f-8010-41bf-a4e6-86be1a997f05,2025-08-15,4756.83,beauty,0.128,card,0,1,0.286,tier2,0,6,afternoon,0.28803227133965226,0.1865,0
6cad37b1-06bf-411c-b6c4-5b416f01a947,617c2dac-ff86-4a50-b68a-9e92a81ce5c4,2025-06-29,1416.38,grocery,0.356,card,0,8,0.305,metro,0,5,afternoon,0.3565159652552688,0.0359,0
22882e53-99f7-4274-b601-9aa29facc1dd,bd1084dd-629c-4150-a764-2ccea032f578,2025-02-05,2471.28,beauty,0.376,card,0,15,0.088,metro,0,3,night,0.21989011196511407,0.1316,0
65d9e842-df4f-4a2c-85d1-86f2bbc4cf2e,4c19ca15-e9d8-445e-9a4a-ef49bd34d343,2025-01-31,14249.19,beauty,0.118,COD,0,17,0.372,tier2,0,3,afternoon,0.24706696213115537,0.024,0
8402b2f6-6076-4a1b-8d68-7f79e27bdb75,3552117e-c648-4961-9bf4-6f04c6aa1823,2025-03-03,1185.82,beauty,0.188,UPI,0,3,0.755,tier2,0,4,evening,0.6433649856347546,0.0943,0
d02aaf09-f1de-418c-a236-66419a9468b0,6ac1e0c4-f916-4fbe-9629-cfd3377ffbb2,2025-02-06,936.45,beauty,0.268,COD,0,1,0.586,tier2,0,6,evening,0.5069207836417344,0.558,1
6a838d90-1bf4-4cd1-afd4-660835de0486,bd1084dd-629c-4150-a764-2ccea032f578,2025-02-08,563.46,home,0.126,UPI,0,16,0.155,metro,0,2,evening,0.21989011196511407,0.0516,0
4af17e38-8d63-4a2c-acec-28ee1b95765e,cf09efdd-9b76-468d-becb-ce883bda3a35,2025-03-24,1699.82,fashion,0.269,netbanking,1,0,,tier2,1,5,evening,0.1551769252887446,0.4872,0
9d637643-8476-4817-b651-8051e990bfd9,18471c77-61f9-4793-b4da-b432f51981aa,2025-07-06,640.73,electronics,0.176,COD,0,3,0.127,metro,0,5,evening,0.14258967185168278,0.246,0
b08df86e-78b7-4ae2-b8f9-94c1e67dd04d,f04fffa3-5b04-4da0-9f3b-8a6b87fc1e74,2025-08-14,546.43,grocery,0.264,card,0,16,0.282,tier3,0,6,evening,0.3517803851773976,0.0684,0
a5b0d30f-11f5-4ef5-b987-61cd16169e65,8cabcba8-2b36-4f7e-984b-440baba9ad97,2025-01-26,609.03,beauty,0.191,UPI,0,9,0.345,metro,0,4,morning,0.27780100478810504,0.1011,0
80216b66-aebc-4d1e-9511-2b73331c7e94,30ed7aa6-3495-4b99-970b-27c038e98f99,2025-06-21,250.0,electronics,0.228,UPI,0,10,0.282,metro,0,4,afternoon,0.30707185083804733,0.0444,0
f9b68d45-d222-4e76-bca9-a2a4f5190772,03155ba3-cd3a-4a32-9885-eaa1d5a0f4a0,2025-01-12,2380.4,electronics,0.12,UPI,0,12,0.454,tier2,0,5,evening,0.4955830568370258,0.0582,1
9abb9a41-9117-467e-9194-39c5b3e5b8f6,b3f33ef6-3953-4fa2-b5c0-493473e40312,2025-04-15,1248.07,fashion,0.279,UPI,0,23,0.198,tier2,1,2,evening,0.24874291058771908,0.2488,0
6cb44f3f-43c7-4691-8a72-7d0d0dd53a90,412fdcc8-a20c-4ee8-986c-d10d8bf4a971,2025-06-03,1304.76,fashion,0.376,COD,0,5,0.635,tier2,1,6,afternoon,0.6645072620284929,0.7976,1
f500efae-9d34-4226-a723-0d5f86c50124,57c29481-3bfa-4690-879f-2cab6c2fd05a,2025-03-22,1845.49,electronics,0.15,card,0,5,0.078,tier2,0,1,afternoon,0.1838032082155034,0.0391,0
147f3fe8-b467-4d5e-a38f-31cd415f1aeb,bd1084dd-629c-4150-a764-2ccea032f578,2025-01-29,1931.84,grocery,0.31,UPI,0,17,0.279,metro,0,2,evening,0.21989011196511407,0.0104,0
dca019b6-29c2-42e1-b65d-d8288fb6cba2,f5a00a85-69d4-4447-ac89-bf235b61e876,2025-07-13,12349.28,fashion,0.18,card,0,2,0.246,metro,1,2,afternoon,0.18766250228601905,0.0857,0
94180bb8-34ed-4cb7-8b3f-0faa8208d9e9,bb979d3d-d61a-4c89-bbda-657156be921e,2025-08-26,3120.91,electronics,0.113,card,0,5,0.291,tier3,0,7,afternoon,0.3797344893685818,0.0625,0
d4ceb1e2-4668-4e8d-bc8f-01f0193def13,b15097c2-354a-48aa-8b88-0fc27a70d24f,2025-04-29,883.11,home,0.281,UPI,0,12,0.446,tier2,0,4,afternoon,0.35941268307576457,0.2353,0
aba7b3fb-17c5-4023-ba1f-45fcaef37d5c,b15097c2-354a-48aa-8b88-0fc27a70d24f,2025-09-19,527.16,electronics,0.327,COD,0,13,0.589,metro,0,4,night,0.35941268307576457,0.1541,1
cc217070-9701-456f-8c7b-e09a91dc8f2e,937f81a2-0c57-467d-869e-aaae2412816a,2025-04-15,992.07,fashion,0.233,card,0,13,0.281,metro,1,2,evening,0.2365731909103324,0.1533,0
73fee867-78c6-4740-b7f1-be015fd2be85,31542343-4b8d-4c12-8445-bc0887aba93c,2025-08-02,701.12,fashion,0.117,UPI,1,0,,metro,1,6,night,0.5646604890779957,0.408,0
c7025a38-8562-4574-826e-82f83fe24aa3,06fa83b8-abe4-4d16-bee5-b47d755da75c,2025-02-01,1081.49,fashion,0.433,COD,1,0,,metro,1,7,evening,0.03745152246394023,0.7007,1
50693ae7-00e6-4795-ac07-21b30827ff3f,fcad361d-37b1-48e4-ba15-27f5efd12bd2,2025-09-25,1218.66,electronics,0.096,UPI,0,6,0.334,metro,0,2,afternoon,0.3926881472493449,0.0509,0
d134486b-f10f-45c1-aecc-2ce09dad1a6d,e46f6f26-c239-4aa1-9c65-1209e9e43c60,2025-07-16,5411.54,fashion,0.335,COD,0,10,0.191,metro,1,4,night,0.24597285000833133,0.4382,0
846412b4-0b45-43ec-b85d-cce86c8540be,ec513aca-b3ea-457e-b9fd-46a0fbbd0108,2025-10-07,855.29,fashion,0.6,UPI,0,20,0.13,tier3,1,4,afternoon,0.19762424986659227,0.5696,1
d7f9a03e-f8d4-4353-84d5-b5a6015f5d59,7577f5f5-f434-4ba2-be8d-bc819a90aa7d,2025-10-21,1196.88,fashion,0.708,COD,0,16,0.076,tier3,1,7,evening,0.12936071938754626,0.6489,1
f8f9b849-3a5e-4715-866d-b106fd67e3c6,9e9db8b8-b527-46e0-9e4b-211ffcef38a3,2025-05-21,608.43,fashion,0.338,UPI,0,22,0.208,tier2,1,3,morning,0.33315409272597374,0.2028,0
4ebd30f4-aad5-402c-af2f-e0a5195df684,ab402b2b-f644-4050-9b7a-256960a2b70d,2025-04-27,2822.72,electronics,0.227,netbanking,0,4,0.388,tier2,0,6,evening,0.2537284053397563,0.1009,0
8508283a-523f-488a-996d-d10ba44565c4,99d8e29d-b090-4ae0-9a0d-2b766ddae79a,2025-05-22,436.17,fashion,0.218,UPI,0,1,0.576,tier2,1,4,night,0.46479456251644435,0.2161,0
0bbefe8c-9665-4e2c-93d4-2332fef3223f,488818a4-8adb-4718-b41a-823c7f2b2ab8,2025-01-05,1272.73,home,0.192,UPI,0,7,0.24,tier3,0,6,evening,0.25703386186733934,0.146,0
01e5f3aa-41fa-4f69-be3a-40bb43065139,eeb31956-eff1-4d4c-88b9-4562dc040f82,2025-03-07,446.31,fashion,0.177,UPI,0,13,0.491,metro,0,1,evening,0.3706024922013499,0.1267,1
0e77a07f-1814-48b7-9782-961e29406be0,4cd5aebd-9645-4916-a283-2a50de156e5d,2025-03-23,621.52,fashion,0.234,COD,0,3,0.056,tier2,1,1,morning,0.16482652189748134,0.3441,0
3e366162-85d9-4620-b351-5a80be7162c6,028f05d9-6ce4-46aa-94ee-548610f8b64b,2025-05-25,889.99,electronics,0.75,COD,1,0,,metro,0,1,afternoon,0.372235180820969,0.1513,0
aac66141-7d56-4830-abcf-69f983e85eaf,61e68552-c2ac-46ab-b349-d5252a071eca,2025-09-25,264.43,home,0.099,UPI,0,15,0.239,metro,0,3,evening,0.1913603605753747,0.0596,0
3d444cad-3b7d-4629-8ebb-5e6b8dff2413,098b5a6e-c876-43e4-824f-138cbaa1bdf9,2025-03-30,9457.56,electronics,0.153,UPI,0,3,0.541,tier2,0,8,evening,0.4187693037372645,0.0574,0
27766488-5a08-4504-b024-9a5c3b127ddf,13305eb5-fa9e-4ad0-82e5-51bd1825bb0e,2025-04-30,1381.3,home,0.519,COD,0,14,0.016,tier3,0,3,evening,0.06015710717930573,0.1304,0
e6a5d469-c62e-4cb4-af39-ddd57770639e,617c2dac-ff86-4a50-b68a-9e92a81ce5c4,2025-04-17,250.0,home,0.23,COD,0,9,0.435,tier3,0,3,evening,0.3565159652552688,0.3377,1
eab608c2-3dc8-416c-b964-894450fa6fd6,c194cfb2-f100-4d2c-893d-dbdc989f1426,2025-03-01,3810.99,electronics,0.284,UPI,0,4,0.298,tier3,0,6,evening,0.2333357897188074,0.0893,0
dc75e061-5f4d-41bc-8036-4f8b75cef7ad,dafa4cb3-c022-4df8-a53f-f33eccbb2af0,2025-03-17,4204.12,grocery,0.29,COD,0,8,0.244,tier2,0,4,evening,0.21055725528180214,0.0444,0
ac99a974-3b91-48e4-9ca0-b6b26cae7bda,0f2a7185-360f-49ed-b7c4-cb731c475eb2,2025-06-15,3684.93,fashion,0.385,COD,0,1,0.249,tier2,1,4,evening,0.21438054858203234,0.4913,1
b7612cf0-f6d4-4128-8f0b-a77afc5636a8,7577f5f5-f434-4ba2-be8d-bc819a90aa7d,2025-08-13,672.37,electronics,0.115,UPI,0,17,0.171,tier2,0,2,afternoon,0.12936071938754626,0.0671,0
1926fdce-7580-4ecf-af6a-505c7f86acaf,041e6bc9-db72-4f93-9250-95c5729fd5f6,2025-02-20,2913.44,fashion,0.329,UPI,0,9,0.316,metro,1,2,evening,0.24989906497225137,0.2036,0
a4936ece-2761-4f93-98d3-238f858b9065,530bbe2d-ad3a-48f9-bc50-6461db39ef79,2025-08-21,1281.01,electronics,0.328,UPI,0,17,0.61,metro,0,4,evening,0.5144941083307562,0.1209,0
9fdab8a6-57c7-4811-bf4a-b4f49a50e571,2a7ba1e7-d8dd-4177-b84d-93a262f15e96,2025-01-04,1072.26,fashion,0.558,UPI,0,1,0.532,metro,1,3,evening,0.46341394989494955,0.365,0
5bb0e449-a77f-4eac-a3f7-efdac091f2cf,d2951b9d-49eb-4eef-8467-6d832ad3d8ac,2025-06-26,648.07,fashion,0.142,COD,0,9,0.079,tier3,1,7,morning,0.19975800750299405,0.6188,0
1d9554e9-764a-4c66-86c6-907431698099,957f8462-6bb6-488c-8360-f0a6cde9bfec,2025-05-31,1767.79,electronics,0.153,UPI,0,8,0.093,tier2,0,3,morning,0.20154150931374812,0.0126,0
1c3d143c-ab20-4687-8e7e-6099efc93f97,bcdeb425-8e18-4df0-9d56-77acc6d259f7,2025-05-24,466.06,home,0.018,UPI,0,7,0.212,metro,0,2,evening,0.2145242588320448,0.0656,0
bba4d081-599d-42f2-9208-76a746a66739,76e3ab4e-0d33-4910-81b9-f0f04685b7d6,2025-05-06,1818.0,grocery,0.086,card,0,6,0.05,tier2,0,2,evening,0.06842336486313001,0.031,0
9dcd49c3-6b38-4c94-af6f-81ca64d5a5ef,e0c7f018-d138-4b2a-8686-c7bc5a512a86,2025-01-31,250.0,fashion,0.097,netbanking,0,9,0.256,metro,0,2,afternoon,0.32765833124561905,0.0641,0
71b15451-a93f-48db-899d-d27a4e428896,5b7e60b7-5f6e-4fbf-93f0-59b97110d877,2025-07-02,2034.85,fashion,0.529,netbanking,0,3,0.309,tier2,1,4,night,0.13254072284680365,0.2117,0
08859239-41e6-46fa-9601-ce71f8f29ddb,078f9f9a-5da9-4764-b5e3-00ee1774a365,2025-03-26,383.18,home,0.222,COD,0,7,0.459,tier2,0,2,afternoon,0.5866676553486984,0.5099,1
20281bab-b25d-490e-b84e-7170c6fc8f9b,e9b12f29-c188-4896-b427-722c541dbd26,2025-02-24,839.91,fashion,0.127,COD,1,0,,metro,1,2,night,0.42296540799688903,0.6697,0
f4f02803-bac4-49d0-aad4-efe0c2927f14,cdfac639-c4a1-4655-be5a-2d787e76f71c,2025-04-12,1599.62,fashion,0.227,COD,0,20,0.082,metro,1,3,night,0.18576378008237582,0.1666,0
61b9583d-f29b-4ffb-9c09-8fe2d3172b02,e0be4c42-c5d2-46e6-98a3-f57143c81929,2025-02-20,3008.43,home,0.75,UPI,0,13,0.278,tier3,0,3,afternoon,0.23228588338828865,0.1394,0
6afa3946-23b5-474f-8bd6-6b507814cd93,ec513aca-b3ea-457e-b9fd-46a0fbbd0108,2025-06-04,710.72,electronics,0.177,card,0,21,0.212,tier2,0,5,afternoon,0.19762424986659227,0.0178,0
a5e919cb-4150-4da5-a100-d245c3c1a09c,cba1f52f-9905-4405-b96d-4c622c0b248e,2025-10-04,250.0,fashion,0.194,UPI,0,12,0.384,tier3,1,7,evening,0.4451782602422671,0.3625,0
25576050-7c95-4d78-8591-2b865066bc5d,e337d2a3-6032-4e1f-8ce4-a81121aa131e,2025-06-20,829.07,fashion,0.44,UPI,0,19,0.366,metro,0,5,evening,0.2771725532528444,0.1681,0
15613ccc-92a8-40d1-bf9b-858228e47ee4,21644b40-c53f-493e-af3f-29e3483e3d9b,2025-01-13,1841.07,electronics,0.26,netbanking,0,8,0.152,tier2,0,1,morning,0.22287364608691065,0.0632,0
4db2309f-e404-49eb-a33a-932d10f43210,4b641fb2-3437-4f0f-9c67-9222d63bef6e,2025-09-07,303.31,beauty,0.24,card,0,5,0.311,tier2,0,3,morning,0.3016559281489719,0.1087,0
44735de1-9fb4-4ba3-bad3-c20950032f11,1e8c36c2-6ec2-42d0-bed2-1a1c361dd692,2025-02-15,250.0,electronics,0.158,UPI,0,7,0.401,tier3,0,5,afternoon,0.32830159764792616,0.1865,0
1f618a64-ecf2-48b0-b948-77c8e5a047aa,44966f4a-9060-4681-b0c5-38aabff795b2,2025-09-20,15011.0,fashion,0.16,card,0,6,0.243,tier2,1,1,night,0.17602227586818103,0.0304,0
ba342700-babb-45aa-aa4d-6f95b1566ce8,0264a3d8-19e4-4ba6-8fef-821e2f029db1,2025-08-13,3280.1,home,0.511,card,0,7,0.219,metro,0,5,morning,0.21082490652703922,0.0221,0
9423dbc9-2b43-4eb6-bad6-23fce2cfe34f,bc9aa5af-cb2d-49cb-8b51-cbd09afee7b7,2025-10-02,928.87,fashion,0.258,COD,0,4,0.408,metro,1,1,evening,0.34134778732339127,0.5821,1
6c350e4d-245d-4765-ba2c-6426d041371f,cc825a9c-6ef8-48bc-90ca-0bc2af6a4e40,2025-08-20,1821.76,electronics,0.066,COD,0,8,0.269,tier2,0,5,evening,0.27966983742156076,0.1126,0
45218874-f080-4df3-9f8d-345185146215,bc9aa5af-cb2d-49cb-8b51-cbd09afee7b7,2025-05-09,4600.98,beauty,0.401,COD,0,5,0.369,metro,0,4,morning,0.34134778732339127,0.1699,0
c10f3598-1d13-481b-a0b3-50280a113597,4b641fb2-3437-4f0f-9c67-9222d63bef6e,2025-06-13,763.45,fashion,0.09,UPI,0,6,0.183,metro,0,2,afternoon,0.3016559281489719,0.1425,0
5f5e1b44-12dd-4942-b407-edfa15bdd48a,bc9aa5af-cb2d-49cb-8b51-cbd09afee7b7,2025-01-13,418.39,beauty,0.292,COD,0,6,0.367,tier2,0,4,evening,0.34134778732339127,0.4126,1
0bf939ee-223b-4984-bbaa-220eab615995,b48b45a4-753f-4ba5-b83c-ddf1c5e444e1,2025-08-26,4884.05,beauty,0.273,card,0,6,0.561,tier2,0,3,morning,0.419905690979168,0.0529,0
6b3e499c-0fe7-4e9c-9253-e429efc25d80,31c1fad5-4cd1-4948-951c-4b6f05b9a3e3,2025-06-01,515.92,fashion,0.335,COD,0,5,0.06,metro,1,1,afternoon,0.1036578444265268,0.4389,1
9feee6aa-7c04-412d-8e4f-0871097808cc,f511f812-b332-434e-84ac-a8d69f0d2875,2025-08-22,1327.45,beauty,0.277,card,0,15,0.276,tier2,0,1,afternoon,0.1091421274751211,0.1917,1
43e8fcaa-6082-4930-b3bf-a027222e0374,8072997b-4154-420b-b82c-3e57d37444e3,2025-07-23,967.46,grocery,0.064,UPI,0,4,0.297,tier2,0,4,evening,0.2676344641423701,0.0259,0
1db736b9-31ce-454b-a05a-6608bdb61596,1e8c36c2-6ec2-42d0-bed2-1a1c361dd692,2025-01-24,250.0,beauty,0.257,card,0,8,0.274,metro,0,5,evening,0.32830159764792616,0.0435,0
ec374d68-583e-4f4c-84b5-79246a029563,879efc3e-a486-44ac-a9cc-29dca850ccc1,2025-07-08,3261.22,beauty,0.382,COD,0,10,0.215,metro,0,3,morning,0.14849469586761202,0.2019,0
503b2cf1-1cfd-469c-a7f3-289bdc88b752,9e9db8b8-b527-46e0-9e4b-211ffcef38a3,2025-04-02,409.35,fashion,0.156,UPI,0,23,0.312,tier2,1,2,evening,0.33315409272597374,0.2045,0
4ebb9c75-0398-4580-af5a-ff87c92bd641,50dc3803-1af4-4a0a-8917-ca0e73db20ad,2025-08-03,13950.94,beauty,0.226,COD,0,6,0.182,tier2,1,2,morning,0.3098477304837669,0.0728,0
1e36404e-5343-4b2d-8bb2-d9c46c164342,115b599a-217b-402c-bf2e-d673a28b8b6a,2025-07-05,1015.31,beauty,0.376,COD,0,14,0.198,metro,1,1,afternoon,0.22490754943212576,0.2415,0
49d77a51-7185-42d4-9c23-e166d0b75ce6,50dc3803-1af4-4a0a-8917-ca0e73db20ad,2025-02-05,337.15,fashion,0.097,UPI,0,7,0.283,metro,1,3,morning,0.3098477304837669,0.2117,0
9b967129-250f-4d86-9fcb-55f3818a6507,7abb60f8-6a15-44b0-8a8a-33cf510670a6,2025-04-15,1776.89,fashion,0.133,COD,0,10,0.013,tier3,0,5,afternoon,0.03542903995029727,0.1539,0
d1099bcf-a3dd-4fca-b69f-defa9e33707b,e337d2a3-6032-4e1f-8ce4-a81121aa131e,2025-01-02,489.28,electronics,0.195,netbanking,0,20,0.305,tier2,0,4,afternoon,0.2771725532528444,0.0939,1
cd29eb6b-3830-4e77-a72b-9d7f2f213084,3f175ef7-cb46-404c-ae55-2d22b3544172,2025-02-18,978.9,fashion,0.033,COD,0,25,0.058,tier3,1,6,morning,0.048627470043128354,0.6127,1
a5341685-ca2a-42a3-ae76-8312991358e1,939f477a-622d-443e-a4ab-1b6fbd126f85,2025-02-13,250.0,fashion,0.092,UPI,0,3,0.42,tier2,1,1,evening,0.46524312849146254,0.2799,1
c81bbc7f-76b8-4e8c-97b0-6e8653198226,39f3723f-a6bf-4451-b25e-25894281a272,2025-07-15,689.98,electronics,0.239,UPI,0,4,0.415,metro,0,1,morning,0.45650740325159334,0.0377,0
bb158af3-8e33-472c-9213-1aecdd91d694,66ae49f0-46d4-4030-87d4-59cee04caa99,2025-09-05,880.46,fashion,0.026,UPI,0,5,0.105,tier3,1,6,evening,0.07704457522442643,0.1386,0
7256fb94-a430-4590-a017-b08c9775ac6a,54179b75-2c75-4ee9-90ff-b2d3cf2eeccf,2025-02-02,381.26,fashion,0.357,COD,0,2,0.192,metro,1,2,afternoon,0.13620156896909216,0.4865,0
80ff3ba1-d20f-4fdd-bd66-05d9a51ab3fe,2cdb7d1d-67fa-48b0-a6ae-1dc60a66506e,2025-06-27,1145.14,grocery,0.172,UPI,0,1,0.617,tier3,0,2,morning,0.6281196686103381,0.0746,0
3df50a0f-b792-4504-b059-6ec6e5aaf655,098b5a6e-c876-43e4-824f-138cbaa1bdf9,2025-02-15,2562.91,grocery,0.323,COD,0,4,0.305,tier3,0,4,evening,0.4187693037372645,0.0849,0
85a83a9a-b6a4-430d-bdd5-563d4f9db2fa,61333330-b1a5-4c86-81d1-a619578e5835,2025-02-25,484.38,fashion,0.209,UPI,0,6,0.257,metro,1,5,evening,0.18587087319682674,0.1746,0
f6f4b3f3-0909-44e3-88f0-b73b1ecb8577,028480f1-b690-48c0-b047-37a7c3708214,2025-10-21,540.12,fashion,0.247,UPI,0,2,0.455,tier3,1,5,afternoon,0.5692182601492508,0.4563,0
0559c53a-d96e-4613-84cc-5b41bc4181a0,079ccc14-56e1-44f4-b53d-a66ed0eeac29,2025-06-04,918.41,electronics,0.475,UPI,0,2,0.381,tier2,0,8,evening,0.37075169622686466,0.2273,0
adfaeb7d-6ccc-4a2b-b63d-24a736ec380e,b3a4ed2b-21ba-44a8-9280-38974140bf43,2025-09-14,671.4,electronics,0.579,COD,0,1,0.296,tier3,0,6,morning,0.391495687627119,0.3901,1
aa5bd701-b829-4331-8b2f-292c93a73344,4a210397-e8f5-48f0-9b24-1863f194f342,2025-01-14,1182.9,home,0.136,UPI,0,4,0.84,tier3,0,4,night,0.7642110094338409,0.2395,0
8bc17f1e-f364-4379-9e58-e509384df1d5,f199d728-1d9f-4f39-a327-e44d59807a12,2025-08-23,2571.28,electronics,0.303,netbanking,0,2,0.047,tier2,0,3,morning,0.030140451518511184,0.0345,0
a3bfe9b7-2668-4d09-b504-fe2cd90d6c9c,eaeed0dd-7e1c-4258-9fdd-9985ad3d359d,2025-06-14,461.2,grocery,0.185,card,0,4,0.251,metro,0,2,afternoon,0.3269451502115473,0.0316,0
1386dd28-a523-4ee5-8b3f-fce6fd81cb97,07a92d2c-8c2e-4fb1-85f3-8f78e6c7b100,2025-02-15,12733.46,electronics,0.372,netbanking,0,4,0.435,tier2,0,5,evening,0.4069919336009818,0.0118,0
ea9249e3-c385-4f11-bdfa-e91656d32afb,ae648879-94d9-43e9-9c34-e6de78357400,2025-03-20,406.5,home,0.685,card,0,7,0.224,metro,0,3,evening,0.10883559867342446,0.153,0
fe80a235-a045-41db-b002-e61ba4562cc5,4a210397-e8f5-48f0-9b24-1863f194f342,2025-05-27,4334.59,home,0.633,netbanking,0,5,0.809,tier3,0,4,afternoon,0.7642110094338409,0.4201,0
b24b135b-d430-4bdb-a5f1-4e9a6a48d25b,348d0644-2aaa-49b6-9a56-d29faeecad16,2025-06-09,1860.46,fashion,0.469,card,1,0,,tier2,1,3,afternoon,0.10515668766504281,0.5246,0
60a6ad1d-e342-46e2-baa2-b113b7701cfb,bc9aa5af-cb2d-49cb-8b51-cbd09afee7b7,2025-02-13,1076.89,fashion,0.462,UPI,0,7,0.45,metro,1,1,morning,0.34134778732339127,0.3807,0
07c8d9b8-68d3-413f-ac38-e9c7e2a3e4d2,0bc6959a-afc2-4cf6-a24b-933a37e267c4,2025-08-11,987.47,electronics,0.066,COD,0,1,0.542,tier2,0,1,night,0.6014601912708131,0.1169,0
a5e7cc23-cac5-4eba-8fdc-77661ce627ba,2969daca-42b5-4be5-8e1b-371fea3f198f,2025-04-09,888.28,fashion,0.336,card,0,2,0.502,metro,1,5,afternoon,0.4893639098666145,0.3566,1
00bb4222-9863-4894-935f-729814874fcd,eeb4b6d2-ae83-44df-bfd5-73e1f445c4af,2025-06-19,3002.17,fashion,0.228,UPI,0,1,0.383,metro,1,5,afternoon,0.32711616961778794,0.0586,0
0addb109-78c6-4796-b6ca-8f92c9e20b5b,252fa25e-5a02-42f5-a1c4-5b0b9cde0a61,2025-10-24,2904.34,fashion,0.395,COD,0,2,0.286,tier2,1,1,evening,0.2798243783472397,0.578,1
7b659ea5-6570-4618-9d59-d054aa067ce9,fdebca3c-4db6-45f9-aecf-5b0e2d82bf66,2025-04-04,638.66,home,0.19,COD,0,10,0.344,tier2,0,2,evening,0.21485681318313843,0.3776,1
86e107d9-519a-4b13-ad68-873318b03a52,7abb60f8-6a15-44b0-8a8a-33cf510670a6,2025-07-01,1580.91,fashion,0.284,COD,0,11,0.027,tier2,1,1,afternoon,0.03542903995029727,0.2983,0
dec7bb98-add5-41fa-b686-5cb9f435aa80,fcad361d-37b1-48e4-ba15-27f5efd12bd2,2025-02-02,368.67,fashion,0.176,UPI,0,7,0.376,tier2,1,1,morning,0.3926881472493449,0.2387,0
5f0d4365-8fc8-4fe1-9b9f-321ad2915737,f7243914-f259-4b3f-b4da-cc523ff04815,2025-06-24,3253.39,beauty,0.324,card,0,14,0.207,metro,0,1,morning,0.2798863894924076,0.1009,0
7ec405f0-339e-4170-a3d8-393226afdd83,c93c6de8-9490-43c9-a1b4-b58f531b4584,2025-05-10,2119.06,beauty,0.455,COD,0,7,0.0,metro,0,6,afternoon,0.04047509547806022,0.1375,0
3f5ae9a6-35e7-40a7-b729-0334f436ad6e,e46f6f26-c239-4aa1-9c65-1209e9e43c60,2025-09-28,2021.14,electronics,0.646,UPI,0,11,0.354,tier3,0,5,night,0.24597285000833133,0.1624,0
925f684a-527a-4599-a91c-f31697a1e2b3,e78ba48d-2065-40c5-87f9-0202160a87af,2025-06-09,9519.08,electronics,0.745,COD,0,4,0.159,tier2,0,2,evening,0.18263332309352803,0.0626,0
37e81353-5bc2-4b1c-8513-bf65f19dc21d,fd446eac-86af-48be-bbee-f95080c59e82,2025-07-21,1929.16,fashion,0.09,card,0,10,0.485,metro,1,3,afternoon,0.4143300984213656,0.2479,0
0273405d-36fd-4834-9c3e-0a4d7554d71a,5a0bd207-df7a-41c3-8a83-1274a9efee90,2025-01-29,250.0,fashion,0.361,COD,0,7,0.0,tier2,1,4,afternoon,0.025007063694987345,0.4051,0
9aed2af7-fa56-4041-922e-371f5a6a5fc2,c7c7d746-9375-4232-8ea9-ffb11c594fc0,2025-05-02,1073.28,grocery,0.143,UPI,0,2,0.618,tier3,0,4,afternoon,0.40080141861945334,0.0108,0
a0a2e6c9-996b-4457-a788-ec07e776826a,079ccc14-56e1-44f4-b53d-a66ed0eeac29,2025-05-27,922.73,fashion,0.119,COD,0,3,0.223,tier2,1,3,morning,0.37075169622686466,0.2803,0
5fbe9a7f-59e3-41ce-afd1-6e981a22e17c,2efa495b-823a-41bc-843a-d9fcbc5f76d9,2025-10-24,967.24,home,0.398,UPI,0,5,0.194,tier2,0,4,evening,0.11300670394722269,0.0802,0
dce9b731-6086-4c5a-a20f-5dc81a973b26,77e96371-82ca-416e-af8f-071e169e4282,2025-07-24,1307.26,grocery,0.248,COD,0,9,0.041,tier2,0,2,evening,0.25979890009270734,0.1809,0
9c248e49-6d46-403a-9b87-a4c4d7bc46ab,c8a7524e-36b1-4fee-b565-91c6a8438582,2025-07-20,1489.82,fashion,0.194,netbanking,0,3,0.037,metro,1,2,evening,0.15960867264431888,0.1134,0
26485d41-b0fb-40c1-8e68-36d0814c17d0,9951c575-3f45-441e-a3e0-9673e3741a9f,2025-01-24,2312.32,grocery,0.305,card,0,1,0.52,tier3,0,7,morning,0.360977463801103,0.0458,1
37cf8b76-e369-417c-96e9-66ecf2f56222,983ae750-5fcb-4c97-b737-fc1134fc29d7,2025-07-12,619.14,beauty,0.483,card,1,0,,tier2,0,2,evening,0.2709409123393363,0.323,0
62913838-8abf-4602-8588-6ccebea9a30c,2b07b584-d1aa-4d4c-8a54-d972e2975ecf,2025-03-19,12034.02,electronics,0.285,COD,0,2,0.042,tier2,0,3,evening,0.12972182350309738,0.0041,0
8f4801f0-7177-4a4f-a42a-ed48a6c537d2,bcdeb425-8e18-4df0-9d56-77acc6d259f7,2025-09-01,795.3,beauty,0.179,UPI,0,8,0.18,tier3,0,3,afternoon,0.2145242588320448,0.1744,0
9b94c731-baeb-4db1-b02a-f1a1a55653bd,b04a7536-4686-417f-a655-22380d452828,2025-06-22,410.35,fashion,0.096,COD,0,3,0.192,metro,0,6,evening,0.23564858214539242,0.3509,0
ef5ffc32-0dca-4865-a01b-f1616a8f0624,655939ad-e641-46e9-b845-a0fdb86630d0,2025-07-21,1026.73,home,0.403,UPI,0,2,0.293,metro,0,6,evening,0.30789316130355804,0.0862,0
0476b16f-ce7d-4ebb-a9bf-ee13bbb74510,dafa4cb3-c022-4df8-a53f-f33eccbb2af0,2025-04-14,1113.57,electronics,0.633,UPI,0,9,0.154,tier2,0,1,afternoon,0.21055725528180214,0.1356,0
2347fed7-0a06-4325-9716-b75563a7fa64,8120270f-804a-4ca9-a37e-bd7745b1a4ba,2025-09-14,7104.28,fashion,0.314,COD,1,0,,metro,1,4,afternoon,0.3901665947912998,0.5084,1
b4b02459-bf68-49c7-9029-54faaf31aeff,18471c77-61f9-4793-b4da-b432f51981aa,2025-04-26,1049.17,electronics,0.076,card,0,4,0.278,tier2,0,3,evening,0.14258967185168278,0.038,0
7ab52b81-8d32-4295-886c-b53fc14d0b50,9db91134-7dd9-4d21-be9d-d889e4368426,2025-02-03,2789.88,fashion,0.427,UPI,1,0,,metro,1,1,night,0.27201136630063183,0.4686,0
864e952b-4d4e-49c9-b727-35bc6d28512b,bcdeb425-8e18-4df0-9d56-77acc6d259f7,2025-03-18,463.75,fashion,0.592,UPI,0,9,0.213,tier3,1,5,evening,0.2145242588320448,0.3927,1
7b8ecbca-04d2-4e85-96e3-48af7807500a,57c29481-3bfa-4690-879f-2cab6c2fd05a,2025-02-28,3413.53,beauty,0.258,COD,0,6,0.032,metro,0,6,afternoon,0.1838032082155034,0.1574,0
08865d02-4a4e-4509-a007-ba50817bfc55,bd3c3573-0103-48f0-b2c0-b7ec007b2db3,2025-03-25,2973.42,fashion,0.285,COD,0,8,0.242,tier3,1,4,morning,0.23310699843617838,0.5416,1
d6384633-5d2c-463c-af89-bc4641916768,b5f4b65e-c0da-4fb5-8777-b54ba78f9931,2025-02-26,3681.17,beauty,0.445,card,0,2,0.11,tier2,0,1,evening,0.12638520817096505,0.0554,0
7d4f2281-61d2-4a6e-9321-6889a7ccd789,76e3ab4e-0d33-4910-81b9-f0f04685b7d6,2025-07-11,1675.39,fashion,0.152,UPI,0,7,0.107,tier2,1,2,evening,0.06842336486313001,0.1365,0
f4b98a15-fbdd-4a40-9050-39a2c01756c1,6691be4b-2f05-471e-880b-641b361f736f,2025-08-23,7027.94,grocery,0.268,COD,0,17,0.292,metro,0,1,evening,0.2916477929418046,0.0177,0
31dd7563-0100-4660-95c8-1da58b5f06d3,6691be4b-2f05-471e-880b-641b361f736f,2025-05-22,1355.85,electronics,0.53,COD,0,18,0.282,metro,0,2,morning,0.2916477929418046,0.1023,0
a025ba5a-1450-4002-883a-85f89ef8093c,d633d486-1a12-4fd3-8884-ec8ac4ceb167,2025-01-14,397.16,beauty,0.059,UPI,0,1,0.088,metro,1,5,evening,0.06704705650959249,0.0326,0
2f26f428-ee0a-42c3-bc45-06c54b0945c9,737e35bc-4ea3-42a4-9c26-b22f7099bf28,2025-10-22,411.63,electronics,0.265,UPI,0,6,0.129,tier2,0,7,morning,0.05662677973259444,0.0806,0
6aa3d373-c2a2-4c04-9c0b-7b15689518c5,ec513aca-b3ea-457e-b9fd-46a0fbbd0108,2025-03-01,2907.88,home,0.603,UPI,0,22,0.209,metro,0,4,morning,0.19762424986659227,0.067,0
67b71551-8212-45f4-90c8-71ceb84b45e6,676c4a16-07aa-45fa-8ad1-17b29a2b6de4,2025-02-09,578.63,grocery,0.295,UPI,0,4,0.297,metro,0,6,evening,0.2901295476709541,0.022,0
809a074c-86a3-46d2-af22-2f4d1141927c,e7003096-072a-48a6-8f1e-8ff340a5abf6,2025-05-02,13080.96,grocery,0.226,UPI,0,7,0.246,tier2,0,4,night,0.2568909066288726,0.004,0
8c822e77-d805-47d8-8417-c6f42d242217,6ac1e0c4-f916-4fbe-9629-cfd3377ffbb2,2025-09-18,4502.99,beauty,0.706,card,0,2,0.591,metro,0,2,morning,0.5069207836417344,0.0924,0
636ca9b7-0f1b-4cbb-9c58-6e6c1030c7c8,bc67f04f-53a4-43cd-bd06-3381487252ad,2025-07-04,7418.14,electronics,0.456,UPI,0,2,0.296,tier2,0,1,afternoon,0.17989879744905538,0.0365,0
176534f4-3de0-4b40-9b70-17f99de21e8d,844e1cc6-38c0-44c1-8fb0-2171c4ac07a9,2025-09-16,3279.93,beauty,0.635,UPI,0,9,0.136,metro,0,4,afternoon,0.09221080951028436,0.142,0
875fe287-35ba-48c9-9321-581eba2a0ddd,706509ac-1c21-4830-bf5f-7a48ed377c6a,2025-01-08,1572.67,electronics,0.22,card,0,5,0.233,tier2,0,6,evening,0.21026090580847182,0.1302,0
5e6e1a4e-fc78-4701-9974-7842b8b8b00c,bdaa8e74-a01e-4e28-adc3-15d63480b37e,2025-03-17,710.13,home,0.284,COD,0,1,0.092,metro,0,4,afternoon,0.08058041829298626,0.131,0
b1f005db-d905-471e-bd23-3af752819fe3,fd446eac-86af-48be-bbee-f95080c59e82,2025-08-07,2938.97,beauty,0.101,UPI,0,11,0.248,metro,0,5,afternoon,0.4143300984213656,0.0431,0
67bd5b6e-1411-4b7b-9be0-7dc0501b18ee,62c57df5-411a-4722-a64d-b9f882580279,2025-07-05,2559.51,fashion,0.435,UPI,0,1,0.018,metro,1,1,afternoon,0.0723604930788396,0.0579,0
fa90c5ce-7391-4331-adf3-2226b1e217bf,1a9d1bf7-f220-4fa8-b62f-39a99b4d8401,2025-01-30,2510.75,home,0.25,netbanking,1,0,,tier2,0,4,evening,0.20019100806330278,0.0605,0
4261b6ac-b623-4ce3-829a-1bd9b2b08e34,c098bafa-20a7-4c6c-9fce-d433c8e83be7,2025-01-07,2434.12,home,0.133,UPI,0,15,0.162,metro,0,2,afternoon,0.27580452681496,0.0801,0
c4bf8aed-9d9e-4e25-b916-6ebd6242a317,1d999aa6-43c9-4b78-b59a-a240bf2b46dc,2025-04-27,1962.33,home,0.09,COD,0,1,0.255,tier2,0,8,evening,0.23491334035445868,0.191,0
450ee6e8-479c-44ca-a135-7803fea3d81c,55d5bc4c-7c8a-442f-b65c-64ab85db7d38,2025-05-30,913.92,fashion,0.675,COD,0,6,0.279,tier3,1,4,night,0.32801543383093573,0.8341,1
849d8c9d-ca35-40e5-a985-5a98b702c946,b23d847d-997a-4928-9b10-f50e4fa93ba9,2025-04-06,2794.18,grocery,0.497,UPI,0,9,0.234,tier3,0,4,afternoon,0.22452854262691951,0.0147,0
2bfe0334-f6ba-4dc4-bc05-39a9ffdf9c8a,4c3650cb-e088-4c11-a624-1102a42ebe08,2025-04-30,1305.34,home,0.307,UPI,0,8,0.006,tier2,0,3,afternoon,0.03297163095944513,0.0508,0
eacc5df4-7e56-417c-ae48-23405fd856e1,737e35bc-4ea3-42a4-9c26-b22f7099bf28,2025-09-26,2229.2,fashion,0.132,COD,0,7,0.005,tier2,0,3,afternoon,0.05662677973259444,0.0649,0
25102ff5-1e92-41f5-98b4-2c63b648f988,4cd5aebd-9645-4916-a283-2a50de156e5d,2025-06-05,830.82,fashion,0.357,UPI,0,4,0.107,metro,1,1,evening,0.16482652189748134,0.0615,0
5645bc01-6a8e-4d00-bfe1-6fc1faf4f231,b29488eb-e21a-484b-b828-80a3ac2ea4cb,2025-04-04,7783.29,fashion,0.197,UPI,0,1,0.183,metro,1,1,evening,0.1494736716851247,0.039,0
56ae945b-05b6-49aa-b9e3-cc2b1d2b9930,e337d2a3-6032-4e1f-8ce4-a81121aa131e,2025-02-02,1915.44,electronics,0.242,card,0,21,0.306,metro,0,4,afternoon,0.2771725532528444,0.1207,0
3b42337e-4b87-4eb7-9f10-7116da19bc51,617c2dac-ff86-4a50-b68a-9e92a81ce5c4,2025-01-12,5407.89,fashion,0.492,card,0,10,0.205,metro,1,2,morning,0.3565159652552688,0.1062,0
9b497c6c-35da-4d1c-8f9d-823f506cc74f,f4f9557a-86f4-4bf5-ae07-480ff58c6f7a,2025-03-21,1144.49,beauty,0.268,UPI,0,5,0.098,tier2,1,1,afternoon,0.04552205229964168,0.2401,0
48129781-ebff-4f59-9e5a-b0e6db78b8e0,f4f9557a-86f4-4bf5-ae07-480ff58c6f7a,2025-01-16,729.82,fashion,0.058,UPI,0,6,0.021,tier2,1,2,afternoon,0.04552205229964168,0.1117,0
83b98794-725e-4677-a597-326e2acfc5ab,b7cf8b3e-8cbc-41b9-b7a4-c29693d32968,2025-08-03,543.76,electronics,0.048,card,0,5,0.198,tier3,0,5,afternoon,0.23865381601921165,0.0959,0
4989f7fe-d2b4-40a8-9f99-216f3ca0303a,82715f5b-0eb8-4809-b878-05fd95a15158,2025-05-21,1071.48,beauty,0.182,UPI,0,9,0.059,metro,0,2,night,0.021184252375003435,0.0691,0
1a1f1a50-1f7f-499e-9ead-c813d504d722,4b641fb2-3437-4f0f-9c67-9222d63bef6e,2025-01-17,281.61,fashion,0.162,UPI,0,7,0.391,tier3,1,2,morning,0.3016559281489719,0.484,1
e3604c8c-e8a1-424e-9524-37d1651be612,721b220e-7e4b-40c6-9bfa-ae6d9e8a9c1b,2025-03-11,1622.42,home,0.314,COD,0,2,0.196,metro,0,4,afternoon,0.11140768335427466,0.1174,0
8225df1f-ece3-4544-ba94-9f254123566d,fd6cccad-5f4f-45ca-8142-59059b87515b,2025-05-11,8242.12,fashion,0.308,UPI,0,24,0.242,metro,1,1,evening,0.2595265118239566,0.0958,0
39073e35-6b96-468a-b513-3292f9a0c61c,d68bbbc3-6511-4b4d-b898-eb8a9a3435c0,2025-05-21,443.57,fashion,0.343,card,0,9,0.107,tier3,1,4,evening,0.0912579377429543,0.2777,0
6812e843-dc50-4981-8327-590fcc07170b,a539cfde-3926-498d-8b11-8bd068d970d3,2025-02-10,996.75,beauty,0.018,COD,0,3,0.416,tier3,0,3,evening,0.4117868133302571,0.5962,0
bfd4cb75-863f-49b5-8f88-90e330a0abf8,f511f812-b332-434e-84ac-a8d69f0d2875,2025-08-10,764.12,electronics,0.506,card,0,16,0.086,tier2,0,3,morning,0.1091421274751211,0.1129,0
88bf4443-5da1-40d5-b8c2-caf43984d721,b732b9b1-5184-4f45-af4d-630b007d8b56,2025-10-19,1207.28,electronics,0.242,UPI,0,12,0.396,metro,0,6,evening,0.3974441051585353,0.0703,1
9682b9c1-b259-497b-91af-aea5d755edb9,837210f2-32ec-4029-9872-42257085b7ec,2025-07-21,664.64,fashion,0.351,UPI,0,3,0.423,metro,1,2,evening,0.2961471020437191,0.5711,1
db6885c7-ca63-4009-8df1-8b88652d09de,896a9142-c32d-4e97-8656-8e4c80bb0c0e,2025-03-23,328.05,beauty,0.474,card,0,4,0.0,metro,1,2,afternoon,0.09634270484326586,0.3914,0
5d72afde-c4c8-4e11-a7de-6ebb45f6fbff,596a2ed8-7fa7-437c-a817-737187b97b87,2025-06-18,993.21,home,0.247,UPI,1,0,,tier2,0,2,night,0.3442859159134522,0.1238,0
5cc4ecea-13bf-4e73-9709-34ccd6b2de75,e7003096-072a-48a6-8f1e-8ff340a5abf6,2025-05-02,2429.96,electronics,0.38,UPI,0,8,0.241,tier2,0,4,afternoon,0.2568909066288726,0.0669,1
6dc47fae-eb82-436b-916e-86da2c941118,676c4a16-07aa-45fa-8ad1-17b29a2b6de4,2025-01-23,1325.21,grocery,0.246,netbanking,0,5,0.424,tier2,0,2,night,0.2901295476709541,0.0307,0
5f17b78b-90b0-4687-8a11-723ef224df38,264713e0-0ea7-4880-9795-f6f977d4d71c,2025-02-24,1092.04,fashion,0.106,UPI,0,12,0.189,tier2,0,2,morning,0.1503348970823547,0.037,0
035fe9f7-4024-4856-bd51-cfd9794c4b1b,ac46d877-8423-49a6-902f-7054e0aa8316,2025-03-13,11838.85,grocery,0.515,UPI,0,9,0.216,tier3,0,2,evening,0.05573145024510638,0.0121,0
a4466924-03e7-44e3-b858-0e00e01ead28,13305eb5-fa9e-4ad0-82e5-51bd1825bb0e,2025-10-03,1131.51,grocery,0.213,UPI,0,15,0.131,metro,0,1,evening,0.06015710717930573,0.0031,0
9bb3a34e-c722-492d-ad42-fc36fea993a9,7abb60f8-6a15-44b0-8a8a-33cf510670a6,2025-10-20,1346.81,fashion,0.242,card,0,12,0.049,tier3,1,7,afternoon,0.03542903995029727,0.2496,1
f8f20e62-531c-41c4-b8a3-a171e98c460a,366eeefc-701f-415d-a6e8-0090ed33caa4,2025-07-09,4128.36,electronics,0.627,UPI,0,7,0.669,tier3,0,2,evening,0.668440832463893,0.1567,0
ca98ffbb-89c3-40e7-a58b-e3358061d510,0264a3d8-19e4-4ba6-8fef-821e2f029db1,2025-07-14,456.51,fashion,0.355,COD,0,8,0.218,tier2,1,4,night,0.21082490652703922,0.5144,0
af2f4b27-93fb-49d6-b9cd-7d82a1f16f31,f0c7ab6b-10cb-48c3-9fb0-8bedeaaada61,2025-07-19,1203.74,fashion,0.515,card,0,2,0.411,metro,1,5,afternoon,0.38183286991587256,0.3058,0
6f3109fa-14ff-4d71-9e1a-e878e0545062,0b078fe6-bb44-4c06-aa6b-c50edd30d526,2025-09-15,550.27,fashion,0.214,UPI,1,0,,tier3,1,5,afternoon,0.03833526651775298,0.3833,0
4c1a3a7b-bb5e-4309-8066-8094a2bfa419,879efc3e-a486-44ac-a9cc-29dca850ccc1,2025-01-23,4954.94,electronics,0.071,card,0,11,0.204,metro,0,2,afternoon,0.14849469586761202,0.0063,0
db9e3bb1-98c5-4a8e-92d4-139d4a22ceda,488818a4-8adb-4718-b41a-823c7f2b2ab8,2025-08-04,1445.87,home,0.534,card,0,8,0.0,tier2,0,3,evening,0.25703386186733934,0.038,0
25e81808-4a7b-4134-8308-d21bf97765b5,8cabcba8-2b36-4f7e-984b-440baba9ad97,2025-06-01,1227.59,fashion,0.056,UPI,0,10,0.417,metro,1,3,evening,0.27780100478810504,0.1679,0
1d62e0b2-ad33-4874-ac81-5133aecbfa8c,76e3ab4e-0d33-4910-81b9-f0f04685b7d6,2025-08-18,891.99,electronics,0.127,COD,0,8,0.0,tier2,0,1,afternoon,0.06842336486313001,0.0859,0
7e8d90ec-eb88-4b38-83c5-d45b0a803c8a,9ad2b351-b572-43db-9ff1-93909b95b1d2,2025-09-01,955.82,electronics,0.53,UPI,0,1,0.55,tier2,0,2,night,0.511775030466044,0.2199,0
9027c818-10a2-4b95-ba44-8998aa79de8b,88b88e03-c936-4c7f-ba2d-52cf64525090,2025-02-22,3973.07,electronics,0.666,UPI,0,6,0.145,tier3,0,5,night,0.20459557629689876,0.0597,0
ca0615b6-8207-48f2-b0f9-60bb3ba7ed9d,c948d370-2dce-42ca-8472-af60b35f4c6c,2025-09-26,526.42,home,0.483,UPI,0,2,0.276,metro,0,4,morning,0.32814923883527064,0.0576,0
66beedc4-52ec-499b-81c5-47c15fcabf74,cc1e3bb6-7b10-46eb-bbf2-8ce03fcf6f71,2025-04-15,481.35,grocery,0.148,UPI,1,0,,tier3,0,8,afternoon,0.48914444803003615,0.101,0
35b0edda-20c9-4ed9-b8fa-ab518778fc59,939f477a-622d-443e-a4ab-1b6fbd126f85,2025-10-27,2238.53,fashion,0.111,COD,0,4,0.508,tier2,0,5,evening,0.46524312849146254,0.1065,0
d5bb550f-3fa7-47a0-a654-fbd141a64974,fcad361d-37b1-48e4-ba15-27f5efd12bd2,2025-06-07,364.15,fashion,0.673,card,0,8,0.297,metro,1,3,evening,0.3926881472493449,0.4211,1
9fb47891-7e0e-4c3d-a3a4-cc5dd176ecdd,3f888151-69ed-4006-b5f2-68afced6201b,2025-09-05,961.03,beauty,0.481,card,0,21,0.025,tier3,0,5,morning,0.10820090543681238,0.1529,0
c91f2e3e-a715-4488-93bd-11975af90ec8,b5214a86-0454-4ac2-900e-2783858d45dd,2025-10-04,1616.59,grocery,0.126,card,0,3,0.307,metro,0,4,afternoon,0.31538639948094277,0.0461,0
4eefae89-09a6-40c4-9d7e-97dcdd1bdc4e,3d51b281-7585-4d43-aefd-40a803a1bf4f,2025-10-05,497.74,fashion,0.154,card,0,15,0.186,tier2,1,5,night,0.24645297721478737,0.2261,0
0779538e-a7f6-4965-afd9-e9408a14124f,ab402b2b-f644-4050-9b7a-256960a2b70d,2025-06-02,4460.68,fashion,0.308,UPI,0,5,0.191,metro,0,1,evening,0.2537284053397563,0.0362,0
89bf9c53-9863-4977-9daf-ae61fbb2ce7f,b2260d18-fffa-4383-9ce1-cdafe986cab2,2025-10-15,849.24,fashion,0.381,COD,0,26,0.54,metro,1,3,afternoon,0.4468118022423648,0.5012,0
8d9dd749-c620-45c6-a7fa-6b4d1d380e6e,a08bc761-e2d2-46cc-952a-3d23d15d5fac,2025-08-01,856.25,electronics,0.325,UPI,0,13,0.199,tier2,0,1,afternoon,0.30018529874356914,0.0568,0
63d17239-4c61-418e-9216-4afcad1e5883,b60e8f1f-f791-49bf-bbb0-d323d6798264,2025-07-25,3460.85,electronics,0.364,COD,0,1,0.449,metro,0,5,night,0.4286541617216226,0.104,1
d47483db-612e-426a-a00d-811f5562f41d,04b89a3b-d082-4664-972e-b40c6268b46d,2025-06-20,6146.98,electronics,0.453,UPI,0,6,0.228,metro,0,2,evening,0.24939791763606534,0.0154,0
ad08bf39-7335-4f81-a50d-4ca148d31c38,617c2dac-ff86-4a50-b68a-9e92a81ce5c4,2025-03-26,250.0,beauty,0.489,COD,0,11,0.449,tier2,0,3,evening,0.3565159652552688,0.3266,1
7b3c4169-297b-42b8-b966-56ba8a25b016,9217ecdc-d061-423a-bece-deaae6b81fda,2025-08-20,745.91,grocery,0.596,COD,0,2,0.215,metro,0,3,afternoon,0.13728543870125234,0.2019,1
72b91d1d-d4ff-4ecc-86b9-8f50999fe98b,50dc3803-1af4-4a0a-8917-ca0e73db20ad,2025-04-18,1140.66,fashion,0.198,COD,0,8,0.415,metro,0,5,morning,0.3098477304837669,0.3405,0
a875a5b2-ecfb-4b6b-9e51-96c5dba1f09c,5177ad25-f39b-42aa-9106-28c069721b05,2025-02-09,1242.3,electronics,0.121,UPI,0,3,0.162,tier2,0,3,afternoon,0.09342709211833844,0.0593,0
85ea8934-49b8-482d-b38d-1a7a7dfb7e83,951410c7-3784-49db-b911-8b84419ae285,2025-09-23,1006.97,fashion,0.442,UPI,0,1,0.328,metro,1,3,afternoon,0.3176453119835616,0.1966,0
b27650cb-6576-48af-b1ec-8cafd4c3b0d0,ade38847-ed43-40bb-86a7-c04000915ee5,2025-04-19,615.53,fashion,0.253,COD,0,10,0.332,tier3,1,4,night,0.14720873128711998,0.7363,0
11c9f106-7b80-4089-aef3-6f35904dfd1d,a8c6166f-038a-4ae7-b54d-f52288d81a93,2025-10-25,433.0,electronics,0.136,card,0,4,0.115,tier3,0,6,morning,0.130383422505818,0.0786,0
ce16dd54-8cd9-437f-af3a-d77ae6c91f2a,844e1cc6-38c0-44c1-8fb0-2171c4ac07a9,2025-01-17,262.98,home,0.219,UPI,0,10,0.183,tier2,0,1,afternoon,0.09221080951028436,0.0844,0
a0917e13-71c5-44d3-9958-7ae5d6e4dc06,041e6bc9-db72-4f93-9250-95c5729fd5f6,2025-02-11,1591.78,electronics,0.071,UPI,0,10,0.267,metro,0,3,night,0.24989906497225137,0.0311,0
e215609f-38a9-438c-ac4f-c2c6b2366251,693e7dd3-5142-469e-9cb3-7ddfc54d5ccb,2025-07-25,880.15,electronics,0.317,UPI,0,1,0.08,tier3,0,6,morning,0.06840185073953457,0.0185,0
6d17adee-8beb-4052-bdbf-23ba9aa1e952,fff9b554-3c06-4ee2-8040-5db7e5768014,2025-03-21,1571.18,home,0.15,UPI,0,1,0.278,metro,0,2,afternoon,0.3082745733551808,0.1103,0
5a85e2e9-8592-46f1-a056-b4c5422bd7b7,4cd5aebd-9645-4916-a283-2a50de156e5d,2025-07-31,692.05,electronics,0.442,card,0,5,0.152,metro,0,5,evening,0.16482652189748134,0.0685,0
a2149923-87cd-4bd7-929f-aacf3fe42ffc,67991ec5-6540-4afc-8700-1e97c8b7427e,2025-09-19,3193.9,beauty,0.194,COD,0,9,0.155,metro,0,1,afternoon,0.13954174495960747,0.0669,1
e8221ffe-d1fc-4d79-bbfb-c7536823dde2,f87f5cec-4cc7-4356-8a1b-5e82f142a0e0,2025-01-21,4233.2,fashion,0.307,UPI,0,14,0.144,tier2,1,6,evening,0.2242312963277271,0.4485,0
0f03ec56-c904-475d-9164-fd326521d0da,366eeefc-701f-415d-a6e8-0090ed33caa4,2025-08-30,832.64,electronics,0.132,COD,0,8,0.676,tier2,0,6,morning,0.668440832463893,0.3041,0
914a8943-c90e-48cf-be85-a7624a06a845,cd9d8125-8011-4465-92dd-50bd06de23f3,2025-10-22,484.86,fashion,0.183,UPI,0,7,0.41,tier2,1,4,night,0.46001324343588723,0.2372,0
68a8be5e-c037-43aa-a78b-f1a6912aeb6b,0378c4bd-f343-455a-bdc9-a9913f58cfda,2025-05-10,4806.81,home,0.316,netbanking,0,4,0.131,tier2,0,3,evening,0.19283338499564623,0.0233,0
753ebfdc-0783-4e60-ae58-cf8c34fffc2c,02a9477e-48f9-41c5-b992-a167ea1cd57a,2025-02-26,2565.66,fashion,0.282,COD,0,8,0.215,metro,1,3,afternoon,0.26357426902472036,0.2871,0
8bc625b4-94d2-4a3c-b9c8-4e6c99cb8a4e,61e68552-c2ac-46ab-b349-d5252a071eca,2025-01-28,1116.19,home,0.283,card,0,16,0.015,metro,0,1,afternoon,0.1913603605753747,0.0185,0
f8a1ea7f-b97d-4e17-9fd2-573b0a1428c1,77e96371-82ca-416e-af8f-071e169e4282,2025-04-03,1265.73,fashion,0.295,UPI,0,10,0.264,tier2,1,4,afternoon,0.25979890009270734,0.1949,0
9df7cfde-e010-4cbc-b9a2-41bd5b8d44ec,0b5160a5-9c4f-4c68-ada5-de1d857e1d81,2025-07-17,400.22,grocery,0.081,COD,0,4,0.157,metro,0,1,night,0.14213974082226472,0.0483,0
badeee8a-078c-40b0-9037-213448c28044,8e026cd5-66a9-4e6d-a84e-003050b8f814,2025-05-06,465.28,electronics,0.211,UPI,1,0,,tier2,0,1,morning,0.170527023331992,0.1663,0
671c846e-3c9f-4e59-a8f3-9c8d2b4aa569,64e412e8-0202-422c-955b-a7485b7b68e3,2025-08-31,666.96,fashion,0.418,COD,0,3,0.03,tier2,1,1,night,0.10949310651314134,0.2296,1
512d171f-72f2-4ae6-905b-36e143143a04,b732b9b1-5184-4f45-af4d-630b007d8b56,2025-09-20,2805.66,home,0.463,UPI,0,13,0.363,metro,0,2,evening,0.3974441051585353,0.0539,0
1bbfe134-09a5-4efc-81f3-d6c19428ec01,80cef85a-5938-4801-9fa5-9b6c0de0cc08,2025-04-13,1137.49,home,0.404,COD,0,12,0.129,tier2,0,2,evening,0.2042925306906814,0.1111,0
c6b93469-ee5d-454d-89ea-bb30a41683b3,115b599a-217b-402c-bf2e-d673a28b8b6a,2025-02-22,1410.1,electronics,0.209,UPI,0,15,0.201,metro,0,2,afternoon,0.22490754943212576,0.0639,0
86d4631c-aefc-421e-9113-27d8f37bed40,dafa4cb3-c022-4df8-a53f-f33eccbb2af0,2025-04-06,915.2,fashion,0.518,UPI,0,10,0.133,tier3,1,6,evening,0.21055725528180214,0.5032,0
c3769a68-f4db-471f-b796-d11a0a998dac,cba1f52f-9905-4405-b96d-4c622c0b248e,2025-01-31,684.96,fashion,0.415,COD,0,13,0.497,metro,1,1,afternoon,0.4451782602422671,0.3323,0
f553d7e9-0e0e-4764-813c-5146b67a3448,079ccc14-56e1-44f4-b53d-a66ed0eeac29,2025-06-01,420.3,fashion,0.14,UPI,0,4,0.389,tier2,1,5,afternoon,0.37075169622686466,0.2227,1
10edb004-7410-496c-99d7-3f508972d2c4,8e026cd5-66a9-4e6d-a84e-003050b8f814,2025-07-22,3362.65,electronics,0.478,card,0,1,0.068,metro,0,2,morning,0.170527023331992,0.0835,0
c69b4d0b-dcbf-4dc2-aa01-a879bf4a00b3,4b9cf822-a66f-42ab-b681-17e3444c7bd2,2025-03-27,4548.8,fashion,0.598,UPI,0,3,0.295,metro,0,4,afternoon,0.3031590335061441,0.1832,0
169f8f07-14b8-4024-ae47-6b714eb31b9b,b15097c2-354a-48aa-8b88-0fc27a70d24f,2025-07-17,250.0,home,0.198,netbanking,0,14,0.498,tier3,0,4,evening,0.35941268307576457,0.1066,0
7db06cb2-9e18-4f73-b6a5-a1d11996a313,c4b063a5-b106-4a12-9500-549faae0252c,2025-10-07,4562.67,home,0.185,COD,1,0,,tier2,0,3,evening,0.05810633967327533,0.2676,0
0e11089a-d470-4c90-897d-390c1fbe2405,38384398-7058-4fd7-b01b-cbda8d50a490,2025-10-20,999.73,electronics,0.33,COD,0,9,0.013,metro,0,1,evening,0.12601617248198352,0.1595,0
cd583902-8f0a-4e8e-b1a9-f1d4d88af568,fd6cccad-5f4f-45ca-8142-59059b87515b,2025-02-14,327.55,home,0.093,COD,0,25,0.24,metro,0,3,night,0.2595265118239566,0.3217,1
c4c8b96f-cab0-40ed-8702-13441f42e1aa,ec513aca-b3ea-457e-b9fd-46a0fbbd0108,2025-08-08,597.2,electronics,0.185,COD,0,23,0.326,tier3,0,7,evening,0.19762424986659227,0.1887,0
3d781b7f-6bc1-473c-8f1a-810559c42d8b,dafa4cb3-c022-4df8-a53f-f33eccbb2af0,2025-09-23,4386.23,beauty,0.239,UPI,0,11,0.235,tier2,0,3,morning,0.21055725528180214,0.1125,0
42671d3a-0e95-40bf-9798-c8abd8123bf5,937f81a2-0c57-467d-869e-aaae2412816a,2025-01-21,737.49,fashion,0.349,UPI,0,14,0.246,tier2,1,1,afternoon,0.2365731909103324,0.2078,0
29d2a814-2215-42f7-8c19-ce3a8195b9d1,dbcfa484-3e27-41f3-a2d5-0bd20054c665,2025-03-26,430.71,fashion,0.138,COD,0,2,0.212,tier2,1,3,night,0.10784218495956682,0.3296,1
80113601-0358-4e93-8562-3cafa7ce6f05,e46f6f26-c239-4aa1-9c65-1209e9e43c60,2025-05-03,543.54,beauty,0.283,UPI,0,12,0.152,tier2,1,3,evening,0.24597285000833133,0.1512,0
7b610079-121b-4f27-8839-7aa0c1ace375,fd446eac-86af-48be-bbee-f95080c59e82,2025-04-23,1990.8,grocery,0.289,COD,0,12,0.507,tier2,0,1,evening,0.4143300984213656,0.1323,0
dda2ff4b-fe34-4ebd-8db1-72e2ffedc2a8,e681d0bc-7b6a-4813-b507-16b033d8251d,2025-07-13,250.0,home,0.352,card,0,3,0.168,metro,0,2,evening,0.2063369651501635,0.1098,0
abe6a70e-730c-473b-8964-ec732073735f,f6f67e36-a121-4df1-ba73-a6fd9499076a,2025-04-18,460.32,grocery,0.491,UPI,0,2,0.188,tier2,0,4,night,0.1410237131485087,0.0434,0
56a51388-6965-4aa8-848b-938c578c6634,c82ff35e-d4c0-40e3-8dbc-ce7b5a246eb2,2025-02-23,1154.13,home,0.147,UPI,0,2,0.279,tier2,0,3,night,0.3049431715733594,0.0491,0
3923de69-3ce2-4b5e-b1aa-5292d1833fb1,ae9132eb-6eff-473e-998e-0c039ce43cc7,2025-07-26,1466.9,fashion,0.625,COD,0,8,0.281,tier2,1,5,evening,0.19434600150643108,0.4972,0
9c58965d-95fb-4cc6-920c-215428d6a98d,4bc409c6-b5e2-418c-b091-811f237e5d34,2025-04-27,250.0,grocery,0.145,COD,0,6,0.25,metro,0,4,evening,0.24986565117884016,0.0967,0
4e986411-2e01-486a-bc95-2f02bdc5ecdb,1af574e3-1cf2-4f6f-9cae-ab5630dd0840,2025-06-12,3489.27,fashion,0.521,UPI,0,5,0.426,tier3,1,3,evening,0.3900564499123696,0.3593,0
69b2008a-57c5-47e6-b756-d00a365cbee6,551aee57-0df4-4a51-9afa-0babaf28b33a,2025-02-24,450.59,home,0.146,UPI,0,21,0.149,metro,0,6,morning,0.18168234468688693,0.0754,0
7c7749bc-7a4b-4c8b-88f9-841f166b63ee,f4f9557a-86f4-4bf5-ae07-480ff58c6f7a,2025-03-27,7898.29,fashion,0.335,UPI,0,7,0.166,metro,0,3,afternoon,0.04552205229964168,0.0486,0
89c49bff-b6de-4887-9eb1-833a235b7b89,97d7ac82-2b8f-4c9e-87c2-0b7f4459006c,2025-03-14,250.0,beauty,0.093,COD,0,3,0.225,tier2,0,3,evening,0.23943546554719444,0.3579,0
8b867c75-f69c-41fd-af6d-b673c94fbeab,b732b9b1-5184-4f45-af4d-630b007d8b56,2025-07-04,544.96,beauty,0.583,COD,0,14,0.376,metro,0,3,evening,0.3974441051585353,0.5407,0
0f696b9c-69bb-4874-9088-18582f13fa43,47cb53b5-07a8-4133-916b-09b281c51f88,2025-08-16,591.57,home,0.201,UPI,0,4,0.231,tier3,0,8,evening,0.35614412579298554,0.1732,0
149e67da-4508-4cb7-8aa6-5d4043bddf80,655939ad-e641-46e9-b845-a0fdb86630d0,2025-04-13,4595.12,fashion,0.162,UPI,0,3,0.15,tier2,1,3,night,0.30789316130355804,0.1086,0
3c11d01f-7ef8-4eb4-af41-cfceeaea6a65,bdf5e5de-7033-4345-ac37-819738c0e957,2025-09-17,954.79,beauty,0.345,UPI,0,25,0.205,tier2,1,2,night,0.2211439005048725,0.0931,0
fb7d18fb-d23d-4acb-8b97-585941f35c0d,62c57df5-411a-4722-a64d-b9f882580279,2025-04-17,596.13,electronics,0.193,UPI,0,2,0.127,tier2,0,4,evening,0.0723604930788396,0.0325,0
9f6ae82c-e230-4152-9fb5-dca874ab995f,ad2c301d-9c43-46ea-826e-76d7f62157bc,2025-10-23,450.69,electronics,0.15,COD,0,1,0.18,metro,0,2,afternoon,0.17336200340258245,0.1002,0
36428f01-d239-4904-bbfe-8a3ee9c07a21,bb979d3d-d61a-4c89-bbda-657156be921e,2025-04-11,1265.84,electronics,0.397,card,0,6,0.37,metro,0,2,morning,0.3797344893685818,0.0484,0
747bf6c5-5417-4dc6-b5d3-60a1bc07ba31,c098bafa-20a7-4c6c-9fce-d433c8e83be7,2025-08-05,346.33,electronics,0.1,UPI,0,16,0.354,tier3,0,7,afternoon,0.27580452681496,0.1194,0
358cd13d-239e-42cc-9f75-3ab13df7ecdf,8072997b-4154-420b-b82c-3e57d37444e3,2025-09-07,1375.92,fashion,0.094,UPI,0,5,0.322,metro,1,1,evening,0.2676344641423701,0.1668,0
f23e77f0-095a-4719-a5ce-bc3084f946bc,087ee9ce-fda1-4086-b6dd-26263718e472,2025-03-22,1391.78,grocery,0.172,UPI,0,1,0.189,tier3,0,6,evening,0.2718983331475167,0.0236,1
e6a7eb40-7d21-468e-8e63-1243df7f1215,7f892973-babf-4935-bab7-187b59d8b023,2025-01-17,2113.52,fashion,0.243,COD,0,17,0.315,tier2,0,2,evening,0.2434169799043869,0.4758,0
2009802e-f7d4-4266-9098-8cd6924d8123,e0be4c42-c5d2-46e6-98a3-f57143c81929,2025-04-08,2363.74,electronics,0.032,COD,0,14,0.149,metro,0,2,evening,0.23228588338828865,0.0842,0
ced148d5-55ab-4ab8-9b91-cc8a98c0bfb2,02ffec55-c4c8-4c8f-bbb3-f771110e44c2,2025-09-26,2027.4,home,0.632,UPI,0,3,0.405,tier2,0,2,evening,0.43544254381347786,0.1644,0
bd4ac004-7930-4ce4-9510-41133d6ec342,366eeefc-701f-415d-a6e8-0090ed33caa4,2025-07-18,1220.81,fashion,0.23,COD,0,9,0.577,tier2,1,3,evening,0.668440832463893,0.751,0
d199e82b-b02d-46c3-9128-07718c1b5d99,928114f7-f956-485a-b601-6b40b48c18d7,2025-08-30,964.83,home,0.224,COD,0,14,0.213,metro,0,4,night,0.29038571770418864,0.1038,1
c1ae874f-952f-4038-9a7f-aa0dd7942491,3e1f62af-b83b-474c-84a3-3e02f8a64e1a,2025-02-23,552.36,electronics,0.145,UPI,0,3,0.037,metro,0,1,afternoon,0.11495022682730283,0.0208,0
05d7c26c-b66f-41f7-a983-f77dd33eed6a,ebb8a1f2-51a7-4500-b1ee-9350840d7c45,2025-04-24,3011.81,grocery,0.159,card,0,6,0.275,tier2,0,1,evening,0.2923331864352393,0.0173,0
6ef0ba2c-9f46-4a68-8c1a-5b5419e4b975,4ab3cbf1-5914-4c42-b2e7-1238debcf239,2025-09-29,1930.9,electronics,0.499,UPI,0,8,0.209,tier3,0,2,evening,0.2033814634391261,0.1123,0
020b77c2-fb30-411b-9491-767fede7acb1,2e47b7ee-0809-4ae4-8dd5-f4c88b6fe2c2,2025-08-12,3122.79,fashion,0.113,COD,0,1,0.382,metro,1,1,night,0.3607060487773846,0.3882,1
18037ed0-5e92-4395-8488-319e37a3bce0,3f888151-69ed-4006-b5f2-68afced6201b,2025-06-07,293.38,beauty,0.356,card,0,22,0.197,tier3,0,7,morning,0.10820090543681238,0.5549,0
c9bf30bc-ca33-48bf-8482-5c6d370fd2b7,afbedcf2-f5d0-441d-8f1d-dff0523a9d8e,2025-01-06,963.29,fashion,0.462,UPI,0,9,0.057,metro,1,2,morning,0.08979930230446,0.1257,0
7c85ba33-d1a7-477a-b49a-8bcae6ba58c2,77e96371-82ca-416e-af8f-071e169e4282,2025-10-03,605.77,electronics,0.141,netbanking,0,11,0.348,tier2,0,3,morning,0.25979890009270734,0.0592,0
8a1930a7-1ebd-4371-b683-b2729f5404f5,a34065c0-8e17-4d75-85a2-be877fdabce0,2025-06-21,331.67,fashion,0.249,COD,0,1,0.226,metro,0,2,evening,0.2384500662905658,0.2476,0
cfcd6158-eb50-476c-877f-cdfe3dfebf76,4c19ca15-e9d8-445e-9a4a-ef49bd34d343,2025-10-23,5339.76,home,0.374,UPI,0,18,0.11,tier2,0,2,afternoon,0.24706696213115537,0.0541,0
322d6d97-978a-43c8-9420-f248904b9db1,eb671c1e-81f6-496c-b68d-49ea47acde37,2025-05-19,319.93,electronics,0.323,netbanking,0,13,0.024,metro,0,2,afternoon,0.18608348760507418,0.0701,0
cb27129c-05ce-4561-9302-c069314fc5b7,023b9e7c-1296-4744-8d72-4287487c387a,2025-10-27,485.14,home,0.157,UPI,0,10,0.458,metro,0,5,afternoon,0.3858310964520147,0.089,0
b391d88c-70e5-4e05-8bad-4f245b7a3ed5,e46f6f26-c239-4aa1-9c65-1209e9e43c60,2025-08-09,458.97,beauty,0.303,UPI,0,13,0.112,metro,1,3,morning,0.24597285000833133,0.1684,1
e6033fae-db45-4b8d-af24-123843ad0a22,115b599a-217b-402c-bf2e-d673a28b8b6a,2025-03-08,250.0,home,0.452,card,0,16,0.314,tier2,0,4,night,0.22490754943212576,0.1014,0
9daf7b6c-25e3-4074-8343-c17d3356b5bb,84f798c4-c576-4100-9357-d92419324080,2025-05-07,427.7,fashion,0.406,UPI,0,5,0.0,tier3,1,2,night,0.032458508417533755,0.475,0
cdbbaeef-8614-48c8-b4cd-5891ce3c69e8,617c2dac-ff86-4a50-b68a-9e92a81ce5c4,2025-02-17,1370.43,grocery,0.136,UPI,0,12,0.275,metro,0,1,night,0.3565159652552688,0.0168,0
b20873e1-6d9b-4126-abef-d462e9e2a2d2,264713e0-0ea7-4880-9795-f6f977d4d71c,2025-02-14,968.59,fashion,0.445,UPI,0,13,0.226,tier3,1,4,evening,0.1503348970823547,0.068,0
90c24fa2-7871-4f8f-ae7d-8c437f5b8915,f7243914-f259-4b3f-b4da-cc523ff04815,2025-10-20,1577.54,electronics,0.163,UPI,0,15,0.251,metro,0,2,evening,0.2798863894924076,0.0266,0
716265cc-57e4-4fc0-9e48-d56d9258aa3b,fd281fbb-79c1-45b3-9e12-038f990994d1,2025-09-17,3441.26,beauty,0.573,COD,0,7,0.255,tier2,0,1,evening,0.11826527161057414,0.5916,0
3b3dd19c-03ca-4275-80ce-db4266f9fb8e,983ae750-5fcb-4c97-b737-fc1134fc29d7,2025-01-04,794.09,fashion,0.024,COD,0,1,0.33,metro,1,5,afternoon,0.2709409123393363,0.2167,0
d27e85fd-d890-4847-b9c8-0f43efe693a3,eaeed0dd-7e1c-4258-9fdd-9985ad3d359d,2025-03-17,1697.94,fashion,0.499,card,0,5,0.422,tier2,1,5,afternoon,0.3269451502115473,0.4208,1
acdac139-7ed3-472d-b378-28c22e267c65,1a9d1bf7-f220-4fa8-b62f-39a99b4d8401,2025-07-14,250.0,home,0.302,UPI,0,1,0.206,tier3,0,3,afternoon,0.20019100806330278,0.0649,0
6e1db4bb-30b8-4fae-9b4e-537606cd4efe,98f128ba-5f7a-45ba-b9fd-4d3978030042,2025-09-17,15490.38,electronics,0.461,UPI,0,5,0.0,tier2,0,1,night,0.11390723161822383,0.0088,0
d64417a5-f808-492b-b4f3-63837fa54100,c098bafa-20a7-4c6c-9fce-d433c8e83be7,2025-05-18,519.21,beauty,0.16,UPI,0,17,0.194,tier2,1,2,evening,0.27580452681496,0.2498,1
e5aaaab3-070c-47ea-b3ad-0026ffbc48a4,2b6f7b91-8644-4001-be0d-167dfe018e72,2025-02-09,284.88,grocery,0.298,UPI,0,2,0.527,tier3,0,4,evening,0.4600954461872477,0.0558,0
9f308857-b336-4cd9-b8e7-1f33b2bf5201,04b89a3b-d082-4664-972e-b40c6268b46d,2025-02-08,3096.98,home,0.23,card,0,7,0.28,metro,0,7,evening,0.24939791763606534,0.1236,0
fc1b7a5c-d360-4d66-9e70-ca9f11afc35c,928114f7-f956-485a-b601-6b40b48c18d7,2025-04-09,656.24,fashion,0.162,UPI,0,15,0.235,tier3,1,6,night,0.29038571770418864,0.4576,0
823e7d69-67d7-4078-abd2-dd02e0e96ed9,f60dd379-b761-4abe-a910-2e679a649299,2025-01-02,327.29,fashion,0.238,COD,0,9,0.686,metro,1,4,night,0.6231863021915255,0.6705,1
ba3395c1-88a2-4d0b-b811-3ccf7fcb2d3c,851bce31-8a60-458f-830f-b3f6e2bd61e1,2025-07-31,2929.67,fashion,0.506,UPI,1,0,,tier2,1,1,afternoon,0.39222478041522824,0.4711,0
7e83e621-2a6d-4bba-89dd-452ea188b894,afbe74ba-9fee-4350-a27d-bd3ca31df4c2,2025-02-28,1836.14,fashion,0.436,UPI,0,2,0.082,metro,1,5,afternoon,0.20995383460968203,0.1712,0
99df4a1a-3265-4c2f-9186-8c90264a6df1,fdebca3c-4db6-45f9-aecf-5b0e2d82bf66,2025-08-11,410.22,home,0.254,COD,0,11,0.153,metro,0,3,evening,0.21485681318313843,0.1043,0
80dd0200-3dcc-4099-b56e-0f98e9a2d599,14e9a40c-48f4-4b52-8121-a603990cd08e,2025-05-15,3237.6,beauty,0.308,UPI,0,3,0.619,tier2,0,1,morning,0.5997722687005431,0.0714,0
831c4873-34f2-4ce2-8838-8ee24ca20d17,61d96718-feb5-4038-8c4d-b96c3a34a100,2025-10-22,988.1,grocery,0.338,COD,0,2,0.389,metro,0,9,night,0.3378139318232394,0.1857,0
b01bd1ed-46c1-4c3a-9cbc-f8b3b796fb76,57086f9c-0b28-4eb4-9beb-e6a656c5d362,2025-03-25,1423.76,fashion,0.265,COD,0,2,0.162,tier3,1,4,afternoon,0.11716756530475335,0.5188,1
c3b95126-4b47-4002-b643-e51ded64cfe6,19f89160-63b2-481c-a0e9-e6433dfc7007,2025-07-26,323.72,fashion,0.723,UPI,0,4,0.482,tier2,1,3,morning,0.46365026623247513,0.598,0
9b43e316-111c-48ca-991b-7b373b72ab4b,f03be7b6-589c-4dfc-a5f8-c0f89d4406ff,2025-05-26,250.0,electronics,0.196,UPI,0,8,0.147,tier2,0,3,afternoon,0.06565876288364696,0.0818,0
99150c3f-7f41-4a68-97f0-6d54e8bec6e9,dcc320e0-51d7-4f5a-b1cf-f774f3ea235f,2025-08-23,1023.93,grocery,0.235,COD,0,22,0.032,metro,0,5,evening,0.08097222048102413,0.0509,0
67f1bd14-c25f-4ecc-9cb1-a214f9837f8f,eaeed0dd-7e1c-4258-9fdd-9985ad3d359d,2025-01-30,1055.39,electronics,0.339,COD,0,6,0.458,tier3,0,7,night,0.3269451502115473,0.5122,0
09bcf75b-3fce-4cbb-a8e6-d9156c602779,1f06f63a-b4b1-4b03-bfcd-0334b93f8852,2025-03-11,1311.72,beauty,0.434,COD,0,5,0.053,metro,1,3,evening,0.07981520295766234,0.1482,1
e3deb573-4584-4211-ad87-dfdeafb93e80,dbdf1969-e161-463d-b520-08e2df0434e9,2025-06-26,1776.21,electronics,0.276,COD,0,1,0.309,metro,0,2,afternoon,0.3820936747712913,0.318,0
d4039efb-e084-4d91-a47b-83bbc711a7b0,bb979d3d-d61a-4c89-bbda-657156be921e,2025-08-12,250.0,electronics,0.23,UPI,0,7,0.428,tier2,0,4,morning,0.3797344893685818,0.0788,0
592b2d6a-defa-496a-9c60-b7eb00db00f5,93d11106-41d0-4c5d-ac79-1d9d6f90bcbf,2025-05-22,2674.0,electronics,0.241,UPI,0,8,0.043,metro,0,4,evening,0.052918216172000036,0.0168,0
dbbf3d6d-0211-4062-adff-4d5b22dad0a8,9e9db8b8-b527-46e0-9e4b-211ffcef38a3,2025-07-16,2340.29,home,0.368,UPI,0,24,0.28,tier3,0,4,afternoon,0.33315409272597374,0.092,0
f2d38dfa-f398-4bbf-a15a-3a9edb43a2f4,6691be4b-2f05-471e-880b-641b361f736f,2025-09-17,3278.49,fashion,0.059,UPI,0,19,0.468,tier3,1,2,evening,0.2916477929418046,0.39,0
f5a4d779-62b1-416b-8dc4-b77151cf8d3e,ad87b3e3-8b3e-438e-8994-51127b85c296,2025-04-02,468.98,home,0.298,COD,0,10,0.029,metro,0,3,evening,0.06067469417646223,0.0974,0
c5628c10-815a-4a10-a33f-945bb214b2cc,879efc3e-a486-44ac-a9cc-29dca850ccc1,2025-03-29,759.12,electronics,0.156,COD,0,12,0.152,tier2,0,2,morning,0.14849469586761202,0.1229,1
c361ddc4-ddbb-43b0-a546-1315c7d9157b,4b641fb2-3437-4f0f-9c67-9222d63bef6e,2025-09-07,1032.38,fashion,0.049,COD,0,8,0.306,metro,0,1,afternoon,0.3016559281489719,0.1298,0
af70416f-7f6b-4f7d-9130-e4cb947b67db,57c29481-3bfa-4690-879f-2cab6c2fd05a,2025-08-14,4188.88,electronics,0.275,COD,0,7,0.197,metro,0,6,morning,0.1838032082155034,0.129,0
9d566396-6b84-412b-b778-e3a1930de808,f04fffa3-5b04-4da0-9f3b-8a6b87fc1e74,2025-07-30,2301.9,fashion,0.31,UPI,0,17,0.411,tier3,1,4,evening,0.3517803851773976,0.4775,0
648fb2c8-7dd2-4ef6-8c68-3a8ce3f9c8b7,706509ac-1c21-4830-bf5f-7a48ed377c6a,2025-08-25,1108.21,fashion,0.176,netbanking,0,6,0.068,metro,1,4,afternoon,0.21026090580847182,0.1614,0
e537d69c-9a92-4361-ad9d-6d225a5ccbee,85682d41-16d6-44ad-8e5d-63938077ab79,2025-03-31,455.36,fashion,0.197,COD,0,3,0.131,metro,0,1,evening,0.20370978877684995,0.1943,0
bc7e5557-182b-49db-9e58-3b9d37bda325,9e9db8b8-b527-46e0-9e4b-211ffcef38a3,2025-08-02,1635.32,beauty,0.321,COD,0,25,0.326,tier2,0,1,evening,0.33315409272597374,0.2164,0
d5e97ae1-924d-4a44-8438-4bceaaeea039,cd41d912-6dd3-48f5-8321-ab579b72c57a,2025-03-11,417.97,home,0.352,UPI,0,13,0.08,tier2,0,4,morning,0.1561219227039281,0.0799,0
f85ec0a9-7893-4555-a2f2-8b5da2dec917,6c56ea03-6f25-465a-8841-c114051cab81,2025-05-19,1501.9,electronics,0.391,UPI,0,15,0.319,metro,0,4,afternoon,0.29048499029100583,0.0834,0
a44cd771-b3ca-423c-8050-19f84db54cbc,cd9d8125-8011-4465-92dd-50bd06de23f3,2025-03-24,1480.51,fashion,0.224,card,0,8,0.373,metro,1,1,morning,0.46001324343588723,0.3216,1
8bf6c900-28c3-4b7d-9c8f-237b1a6e57d6,183731f0-c4f7-459f-b6fe-03d481d1dc2b,2025-06-22,261.31,fashion,0.504,COD,0,8,0.275,metro,1,4,evening,0.3251850941589013,0.4256,1
33a611b2-e9ce-487a-9fb1-889dd441d912,1db38876-5057-4dcc-8f89-d7e790129fe8,2025-03-13,1411.87,electronics,0.201,UPI,0,3,0.352,tier3,0,4,evening,0.14594410347412967,0.0486,0
a9bc3b4e-b119-463e-ae04-6fcaaf810f0b,06fa83b8-abe4-4d16-bee5-b47d755da75c,2025-03-26,2932.94,fashion,0.314,UPI,0,1,0.069,tier2,1,4,evening,0.03745152246394023,0.2969,1
3913c540-7158-4d47-95a4-467b3d67b7ba,b04a7536-4686-417f-a655-22380d452828,2025-09-04,1515.09,home,0.034,UPI,0,4,0.201,tier3,0,4,afternoon,0.23564858214539242,0.0723,0
744df67e-9729-4731-ad6e-a47f622bc14b,13fe080b-d69d-443e-a712-766c682faa59,2025-04-01,2440.21,home,0.156,card,0,4,0.559,tier2,0,2,afternoon,0.5362129046914219,0.0939,0
ae867e4e-8842-4726-848d-2b4c97d81f9b,fcad361d-37b1-48e4-ba15-27f5efd12bd2,2025-10-19,703.58,fashion,0.535,COD,0,9,0.523,metro,1,1,afternoon,0.3926881472493449,0.7577,1
3964a868-2484-4cc0-b5b0-b8456a27b6ed,2a7ba1e7-d8dd-4177-b84d-93a262f15e96,2025-06-26,7733.22,fashion,0.281,UPI,0,2,0.427,tier2,1,1,evening,0.46341394989494955,0.0378,0
5311e181-ff2b-46d9-bf84-f6da64b34bf3,7b69cdb5-83cf-4c37-af6c-6808f933c8d0,2025-04-11,1363.57,fashion,0.439,UPI,1,0,,tier2,1,2,morning,0.09321757150181577,0.5737,1
44e3ed1f-d27c-4518-b0b3-a6b59ff2f284,dc93907f-23d9-460a-a4a4-e459d0edde02,2025-09-08,4428.67,home,0.089,card,1,0,,tier3,0,3,afternoon,0.22661788203429245,0.3282,1
d369bb2e-98a5-4437-bf4a-1ac47ad17b42,06fa83b8-abe4-4d16-bee5-b47d755da75c,2025-07-13,4850.2,fashion,0.675,UPI,0,2,0.0,tier2,0,8,morning,0.03745152246394023,0.1401,1
94755ef9-bd19-4a4b-a864-a47b8742402b,706509ac-1c21-4830-bf5f-7a48ed377c6a,2025-02-13,8283.34,home,0.227,UPI,0,7,0.243,metro,0,3,afternoon,0.21026090580847182,0.0238,0
3689db26-e75b-4c60-a7f8-73be0498381b,2e69e260-0ee4-43cf-9c88-a409981081c6,2025-07-22,1904.31,home,0.441,card,0,8,0.427,metro,0,2,afternoon,0.41585134920398,0.084,0
25029dbd-d637-4ed2-9a63-4f83b71cd531,fdebca3c-4db6-45f9-aecf-5b0e2d82bf66,2025-09-22,694.56,grocery,0.44,netbanking,0,12,0.246,metro,0,7,morning,0.21485681318313843,0.0287,0
27bf076d-3447-4b6d-adec-2a62faf627f4,03155ba3-cd3a-4a32-9885-eaa1d5a0f4a0,2025-02-20,5700.25,beauty,0.267,UPI,0,13,0.522,tier2,0,1,afternoon,0.4955830568370258,0.0567,0
c3750bd2-42f5-4a73-b389-1e977c1f8d2c,3552117e-c648-4961-9bf4-6f04c6aa1823,2025-07-26,1612.93,fashion,0.138,UPI,0,4,0.752,tier3,1,3,night,0.6433649856347546,0.5199,0
4f360493-c0d3-4e94-904d-5d24f3340ec4,fdebca3c-4db6-45f9-aecf-5b0e2d82bf66,2025-08-13,289.92,fashion,0.139,COD,0,13,0.187,metro,1,4,evening,0.21485681318313843,0.4585,1
7e51c4a5-e1b5-4cb6-9a48-5304a49044a3,4c19ca15-e9d8-445e-9a4a-ef49bd34d343,2025-06-27,2291.39,fashion,0.289,UPI,0,19,0.186,tier3,0,8,afternoon,0.24706696213115537,0.1048,1
85f9f99c-877e-41f6-991d-b9a09f06c213,0378c4bd-f343-455a-bdc9-a9913f58cfda,2025-08-30,250.0,fashion,0.307,COD,0,5,0.272,metro,1,7,afternoon,0.19283338499564623,0.4557,0
31b61409-9c10-4426-ae1b-360d13f28c7f,8072997b-4154-420b-b82c-3e57d37444e3,2025-07-19,2232.69,fashion,0.362,COD,0,6,0.267,tier2,1,1,evening,0.2676344641423701,0.3931,0
37c854e2-6fee-4cb4-9d6d-6e216cdb3278,f7243914-f259-4b3f-b4da-cc523ff04815,2025-06-09,2896.35,beauty,0.259,UPI,0,16,0.139,tier2,0,5,morning,0.2798863894924076,0.0683,0
73755eea-110a-4730-9ee9-0a4980f5037f,c6bd3ced-8dfd-418f-9676-7701c939761a,2025-01-19,801.57,grocery,0.052,COD,0,3,0.0,tier3,0,4,night,0.0851383244395845,0.0489,0
4d86bdc5-7edd-4e2c-bd9a-ad5793a9c767,551aee57-0df4-4a51-9afa-0babaf28b33a,2025-05-02,3112.06,fashion,0.275,COD,0,22,0.207,tier3,1,4,evening,0.18168234468688693,0.4211,1
996d2970-1905-43a1-ace1-9af3b1908a04,fcad361d-37b1-48e4-ba15-27f5efd12bd2,2025-02-26,943.21,electronics,0.228,card,0,10,0.246,metro,0,1,night,0.3926881472493449,0.026,0
7826fb40-fef6-43c0-9dac-8cfb1d6a0911,20c3bc53-c556-453e-87c4-1db6d047a4fe,2025-07-22,1111.46,beauty,0.235,COD,0,1,0.121,tier2,0,5,night,0.1036324280316437,0.3718,0
b9b42827-1651-4786-9e81-8895a52a8f3f,896a9142-c32d-4e97-8656-8e4c80bb0c0e,2025-03-16,1636.83,grocery,0.213,UPI,0,5,0.032,tier2,0,2,afternoon,0.09634270484326586,0.0228,0
4f3306ff-29f5-4add-acc3-b08488a06d26,33a4495a-e011-40fd-9886-33ebafd66570,2025-08-02,567.75,electronics,0.3,COD,0,3,0.425,tier2,0,2,evening,0.5304662995952951,0.1817,1
2ccb2fa4-a7c0-45e8-bc0a-e53a7c0d2cf3,6cb161f2-f7f1-47ed-ba6f-4f99f2fd5670,2025-06-09,2290.1,grocery,0.385,UPI,0,1,0.388,metro,0,3,evening,0.3173771501855524,0.0213,0
a6ac5bcf-bb97-4b3b-98ec-4cdaa60cbb01,041cf125-f1c4-4f04-95ec-a4fd5838d35a,2025-08-17,803.58,fashion,0.536,card,0,3,0.352,tier2,1,5,afternoon,0.3408921063238981,0.3269,1
e1ac3e03-3973-4434-af5b-52424f27c490,def5fd1b-56ba-47f8-b458-eca4da970bc5,2025-06-15,916.02,grocery,0.663,UPI,0,1,0.581,tier2,0,2,night,0.5318032893846185,0.2004,0
7a41ef49-4b6e-4d30-9265-22ce01b03edf,bbaa3e06-5d98-447f-8977-4141e22290ad,2025-07-23,3301.67,electronics,0.249,COD,0,1,0.301,tier2,0,5,night,0.32003705418313455,0.2582,0
ca0ce2fb-8ffa-433c-bfbd-331b09b2c9c3,2ccb80d1-fee2-4f7c-a92e-d2c170ce7748,2025-03-07,3009.17,electronics,0.285,COD,0,1,0.478,tier3,0,4,morning,0.4006136338939826,0.1466,0
052fce88-69f7-41b1-a932-98512179d2ef,b0766d31-1a36-4d3f-a85e-96413fb52d53,2025-05-11,2568.35,electronics,0.098,card,0,1,0.092,tier3,0,4,evening,0.06885084713508903,0.0246,0
7c5de290-e48d-4769-b540-ed20380466a6,babfffb7-a46f-4276-be6a-05750fb04212,2025-04-19,578.1,home,0.25,card,0,2,0.033,tier2,0,4,evening,0.07820534188507672,0.0214,0
0f9e6883-a1c3-4b91-90dd-42a4517c0c16,5a4e456a-7177-438a-a82d-59e0133f3eb9,2025-10-24,338.09,home,0.351,COD,0,29,0.251,tier2,0,2,evening,0.23069756686430742,0.1084,0
b31ca31c-4fc5-4566-8bee-891f9725c3a0,22c2ba19-c5f8-4c06-b445-29833dc88d67,2025-01-23,1177.09,fashion,0.383,card,0,1,0.186,tier2,1,5,afternoon,0.31973660715339725,0.275,1
8f005d21-967c-43c3-b82e-0ca2104c36bc,bf7f0824-6b4a-4876-bd2d-6e222b836214,2025-04-27,1823.84,home,0.08,card,0,1,0.445,metro,0,2,evening,0.27762091119656535,0.0446,0
bc051446-672e-480f-9be4-5cfa5bf9970a,02a9477e-48f9-41c5-b992-a167ea1cd57a,2025-02-24,1376.94,beauty,0.116,card,0,9,0.242,tier2,0,4,evening,0.26357426902472036,0.0557,0
1f4afb1a-6f79-40b4-9b1a-70f4c2737f9e,f91b87e4-35a7-481d-96ba-a679feba54f3,2025-02-01,2589.2,electronics,0.155,COD,0,9,0.017,tier2,0,1,morning,0.05881659853496958,0.0563,0
abf5af7b-29df-4ca6-9421-cf934bb72fe5,b23d847d-997a-4928-9b10-f50e4fa93ba9,2025-05-20,2430.24,fashion,0.283,card,0,10,0.2,tier3,1,6,afternoon,0.22452854262691951,0.3198,0
244383c2-ce61-4879-b0bd-f80f11e84b60,a34065c0-8e17-4d75-85a2-be877fdabce0,2025-01-15,1604.88,home,0.491,COD,0,2,0.408,metro,0,3,afternoon,0.2384500662905658,0.2702,1
cbc9340a-5646-4fbc-8093-942eecfe98fa,b48b45a4-753f-4ba5-b83c-ddf1c5e444e1,2025-07-03,548.96,grocery,0.254,UPI,0,7,0.374,tier2,0,3,night,0.419905690979168,0.0781,0
144b931b-f20a-4c36-aa21-fe0f1fc3054f,ae42daf1-261f-4a66-8f04-e98929c9c679,2025-07-01,1312.93,fashion,0.154,COD,1,0,,tier2,1,5,evening,0.2830374206843244,0.8951,1
ff93463d-26a8-4fb2-b574-6e22dcb36091,158def50-116f-4763-a5e8-5dc99becd3e9,2025-05-11,3448.58,home,0.59,UPI,0,2,0.066,tier2,0,4,night,0.03256332504746043,0.037,0
a157df59-7622-4083-a4ce-18a56b2afbd4,82715f5b-0eb8-4809-b878-05fd95a15158,2025-02-07,813.56,electronics,0.148,UPI,0,10,0.0,metro,0,3,evening,0.021184252375003435,0.0127,0
134bc9fd-f9b0-4ba2-8903-db333c3df3a3,cdfac639-c4a1-4655-be5a-2d787e76f71c,2025-02-19,992.62,fashion,0.336,UPI,0,21,0.257,metro,1,3,evening,0.18576378008237582,0.4228,1
989e2314-a430-453e-979f-8958c4d68c12,7c4561a1-0fb1-4641-bf3c-02486cc5d63f,2025-06-14,1730.42,beauty,0.525,COD,0,1,0.389,tier3,0,6,afternoon,0.33399605777104996,0.4649,1
1923e06e-d56e-4a4b-b74e-25a1350d5628,18ac91fe-d7d1-4831-a17e-7c06a5ec4af5,2025-05-02,6176.2,electronics,0.523,COD,0,5,0.192,tier2,0,2,evening,0.24614417619698423,0.1688,0
a66b003d-730c-4eb0-91b2-a9ba50232847,b732b9b1-5184-4f45-af4d-630b007d8b56,2025-01-16,2767.72,beauty,0.239,UPI,0,15,0.283,tier2,0,2,afternoon,0.3974441051585353,0.0409,1
3b234988-02d4-49f9-81f2-689fca1044fa,31c1fad5-4cd1-4948-951c-4b6f05b9a3e3,2025-07-21,995.6,home,0.295,UPI,0,6,0.0,metro,0,6,evening,0.1036578444265268,0.0334,0
f302f340-aa40-4da3-82ed-6ac648673f50,c93c6de8-9490-43c9-a1b4-b58f531b4584,2025-10-19,2590.29,fashion,0.355,UPI,0,8,0.0,tier3,1,6,evening,0.04047509547806022,0.3377,0
141eeb33-1cb2-4a6b-b2e6-6d8412418ed6,f60dd379-b761-4abe-a910-2e679a649299,2025-09-13,1703.29,home,0.293,UPI,0,10,0.513,metro,0,2,evening,0.6231863021915255,0.0491,0
a60cd565-67b5-4dd3-ae7d-b45ad32e0ca0,6206c71c-e9de-45c6-abb4-00ba2310dd86,2025-06-11,717.83,electronics,0.219,card,0,1,0.291,metro,0,2,night,0.44476856839523915,0.1177,0
55933a86-97e2-4358-b6ce-09347a9ab375,98d8bb02-c0b6-4fc2-9658-5ea6b66ed048,2025-01-03,1829.38,beauty,0.236,card,0,2,0.523,metro,0,1,night,0.412352927877719,0.1517,0
915929d1-8f5a-4e6b-a88c-3d1ed3c2bfcd,b0766d31-1a36-4d3f-a85e-96413fb52d53,2025-10-22,1501.02,electronics,0.085,card,0,2,0.123,tier2,0,5,afternoon,0.06885084713508903,0.0208,0
24d8fc0b-02fc-43da-b5f7-ac29fb3293c9,90d4ab83-9a96-4a21-9db9-c0621084e983,2025-07-20,700.2,fashion,0.177,COD,0,13,0.23,metro,1,6,morning,0.29832839962512075,0.697,1
6e2093f4-2b68-4144-bdc1-0aa3ba0c6fd9,72f61517-12bd-45af-9f3b-ee6e0907e0a5,2025-07-14,2474.25,electronics,0.376,COD,0,2,0.303,metro,0,2,evening,0.2810349509629501,0.1828,0
286a102b-6956-4a67-8d7b-078a14ccce36,6691be4b-2f05-471e-880b-641b361f736f,2025-09-04,547.68,beauty,0.161,card,0,20,0.266,metro,0,2,night,0.2916477929418046,0.0639,1
c5a24396-ecdf-42e9-81ac-ec2e9be9cb1e,b66a45c1-7406-4950-a677-2ee579e724f2,2025-07-16,1579.34,electronics,0.359,COD,0,2,0.439,tier3,0,3,afternoon,0.33946126851350195,0.2578,0
7ce3846a-476c-454a-9f54-50c8d7646e0f,f04fffa3-5b04-4da0-9f3b-8a6b87fc1e74,2025-02-04,634.06,beauty,0.194,UPI,0,18,0.346,metro,0,2,evening,0.3517803851773976,0.0281,0
47f2511d-13b8-410f-9eaf-d54b694eac2a,bc9aa5af-cb2d-49cb-8b51-cbd09afee7b7,2025-05-10,554.2,electronics,0.425,COD,0,8,0.312,metro,0,1,afternoon,0.34134778732339127,0.0992,0
551fdd5a-41fc-450e-99c8-cf146079f77c,fd446eac-86af-48be-bbee-f95080c59e82,2025-10-15,1951.08,beauty,0.433,UPI,0,13,0.391,tier2,0,4,evening,0.4143300984213656,0.1983,0
53803033-5077-4e4a-b82c-796fb2543021,7577f5f5-f434-4ba2-be8d-bc819a90aa7d,2025-06-27,1408.54,electronics,0.182,card,0,18,0.169,metro,0,2,morning,0.12936071938754626,0.038,0
680d86dc-a743-438d-93ad-58b4fba4ded7,386639da-c4fb-436b-9ced-e6f3c7021453,2025-07-11,2824.52,beauty,0.75,COD,0,5,0.101,metro,0,5,afternoon,0.13845962298865533,0.4605,0
448cad27-2222-4c18-80f7-acf4bd3991c6,fe550887-96cd-4997-85b8-f1feef78730d,2025-05-07,622.42,fashion,0.69,card,0,2,0.232,metro,1,3,morning,0.1562196164642481,0.4022,1
2f1830a8-8f51-45ef-a71b-1c011d91c276,0b078fe6-bb44-4c06-aa6b-c50edd30d526,2025-06-23,318.06,fashion,0.189,COD,0,1,0.0,tier3,1,5,night,0.03833526651775298,0.2556,1
234f45e1-b4eb-4303-a83e-9c83835167a9,09f0bdb4-9a82-4836-9937-2f88cb2c1621,2025-09-27,250.0,electronics,0.446,UPI,0,8,0.438,metro,0,2,afternoon,0.34129841122598414,0.0533,0
6e768c03-1b42-4575-9d04-98df73b30bf6,f87f5cec-4cc7-4356-8a1b-5e82f142a0e0,2025-04-19,1873.36,electronics,0.261,COD,0,15,0.084,metro,0,6,evening,0.2242312963277271,0.0799,0
7c3fe098-c36f-441c-976e-3528752b6701,57c29481-3bfa-4690-879f-2cab6c2fd05a,2025-06-23,282.29,fashion,0.158,UPI,0,8,0.202,tier3,1,5,afternoon,0.1838032082155034,0.18,1
1b67a9d6-3c28-44f7-849a-4dbab1e960b6,6d81b599-cb53-46f9-8600-bf12fd1acddf,2025-02-08,1384.51,grocery,0.179,COD,0,9,0.195,tier3,0,5,evening,0.1373435706874969,0.0884,1
b846e1c0-d12a-4f66-b5d0-3d92cba226ed,c098bafa-20a7-4c6c-9fce-d433c8e83be7,2025-07-09,3544.53,fashion,0.439,netbanking,0,18,0.307,metro,1,3,afternoon,0.27580452681496,0.3417,0
d6902ed9-d666-4875-80a3-7efb305d4542,dcc320e0-51d7-4f5a-b1cf-f774f3ea235f,2025-03-21,250.0,fashion,0.466,COD,0,23,0.089,metro,1,2,evening,0.08097222048102413,0.5673,0
a2aff39f-dd48-4ea0-8826-c759906c242f,0b3125cc-29c6-4f20-b1ef-8890454bd85d,2025-08-30,628.79,fashion,0.071,UPI,0,12,0.503,metro,1,2,evening,0.45454338905514596,0.3796,1
01fd1233-7234-4cba-b176-f34da2759f6f,6b66d66e-6934-45ee-9a06-94516b474772,2025-09-01,524.21,fashion,0.197,UPI,0,3,0.0,tier2,0,2,evening,0.13085373507915285,0.1112,0
dd751546-0083-458b-93b6-2a3bb1f34bf8,fece3053-752e-4f5a-b715-c3d8cb10cde7,2025-09-17,498.97,electronics,0.433,COD,0,10,0.3,metro,0,2,afternoon,0.2486017792851423,0.1549,0
f4888329-d66d-4717-ab27-1e7a277b9601,4c248823-59d7-4228-82e1-f62431e7bd8d,2025-08-30,534.55,home,0.48,UPI,0,1,0.293,tier2,0,3,night,0.27177374067259585,0.0576,0
070841ce-d5b3-4999-8fb0-0d49da21b15e,99d8e29d-b090-4ae0-9a0d-2b766ddae79a,2025-03-11,12106.92,beauty,0.044,UPI,0,2,0.365,tier2,0,1,evening,0.46479456251644435,0.0237,0
cfa2aa55-a983-4295-b331-7cf1462a0477,3f175ef7-cb46-404c-ae55-2d22b3544172,2025-02-23,1260.06,fashion,0.32,COD,0,26,0.195,metro,1,2,evening,0.048627470043128354,0.388,1
3501126e-8aeb-4d49-9ae8-98774d646271,a09493a3-424f-41ac-98a4-25e441b5984d,2025-05-28,1166.67,fashion,0.438,netbanking,1,0,,metro,0,4,morning,0.3259641018177863,0.4045,1
4846d03c-1425-436f-bfc5-505d6d2b4eff,1e8c36c2-6ec2-42d0-bed2-1a1c361dd692,2025-07-11,1857.37,grocery,0.086,UPI,0,9,0.403,tier3,0,8,morning,0.32830159764792616,0.0304,0
eb7f23b0-0a5f-409d-890d-8fa585ffc1ab,42062672-9628-4767-b3c7-ce07bbe65e82,2025-03-27,3777.46,electronics,0.173,UPI,0,1,0.519,tier3,0,6,morning,0.406655373188852,0.1882,1
55d841d4-0312-4f51-8e63-4e9ed2cf0034,7abb60f8-6a15-44b0-8a8a-33cf510670a6,2025-07-12,942.25,beauty,0.501,UPI,0,13,0.0,metro,0,1,morning,0.03542903995029727,0.182,0
93660a03-650f-4362-a7aa-d839bbb646d6,617c2dac-ff86-4a50-b68a-9e92a81ce5c4,2025-03-07,892.49,grocery,0.304,UPI,0,13,0.357,metro,0,3,afternoon,0.3565159652552688,0.0212,0
8d93511a-a712-437b-aec2-f2875609e58e,5a0bd207-df7a-41c3-8a83-1274a9efee90,2025-01-30,1329.03,home,0.125,UPI,0,8,0.023,tier2,0,2,evening,0.025007063694987345,0.0475,0
4ec4f8d3-ad2e-4255-8388-24a82667deac,937f81a2-0c57-467d-869e-aaae2412816a,2025-03-09,7807.34,beauty,0.194,COD,0,15,0.224,metro,1,8,evening,0.2365731909103324,0.0744,0
06695dcd-d725-4a03-9491-4b8f275d3067,47cb53b5-07a8-4133-916b-09b281c51f88,2025-07-09,1632.57,beauty,0.294,card,0,5,0.342,metro,0,5,evening,0.35614412579298554,0.0547,0
c11d8385-e295-4acc-84f4-09da5ef56b47,c74291cc-50dd-48a2-918a-2263305eb957,2025-07-21,1784.71,home,0.29,UPI,0,20,0.305,tier3,0,3,evening,0.2897378778415542,0.0577,0
11d00178-4289-487f-92d0-eaa5c857db89,866a73ad-aed0-45a7-8aa9-0f977637a9ea,2025-05-22,4535.42,grocery,0.25,COD,0,1,0.029,metro,0,4,morning,0.16757657415686808,0.0233,0
6ca4d099-1332-4701-8d87-824fe17fc59d,fcea3d1f-6b6c-4b8a-973b-e7ef9eb62cae,2025-10-24,274.21,grocery,0.178,COD,0,1,0.145,metro,0,4,afternoon,0.08260669207550075,0.0513,0
e1e19fa1-b515-4741-aaf0-af220f6a789f,c098bafa-20a7-4c6c-9fce-d433c8e83be7,2025-07-13,465.72,grocery,0.346,UPI,0,19,0.337,metro,0,2,evening,0.27580452681496,0.0241,0
801e973e-93f5-4045-9f8d-bed2f8fa9992,61d96718-feb5-4038-8c4d-b96c3a34a100,2025-01-23,1530.67,home,0.089,COD,0,3,0.296,tier3,0,4,morning,0.3378139318232394,0.1998,0
b78a33d1-9b37-412f-a485-f56f4cba4579,5a4e456a-7177-438a-a82d-59e0133f3eb9,2025-03-11,2738.45,fashion,0.606,UPI,0,30,0.239,tier2,1,6,afternoon,0.23069756686430742,0.1859,0
7dd52f23-e8cf-4378-9b46-92d6862b9e06,a57e7b9d-8c19-4dbe-8680-750823217ffa,2025-03-10,1177.09,electronics,0.103,UPI,0,1,0.034,tier3,0,7,morning,0.06133481491675551,0.0844,0
e5e1f9d8-2184-4549-b4ec-26e84ef57471,cdfac639-c4a1-4655-be5a-2d787e76f71c,2025-06-22,1396.53,fashion,0.138,COD,0,22,0.153,metro,1,3,afternoon,0.18576378008237582,0.2025,0
ca7ba988-a9c7-40f9-be8c-1d8e10b152bb,551aee57-0df4-4a51-9afa-0babaf28b33a,2025-06-17,337.03,fashion,0.283,COD,0,23,0.002,metro,1,1,morning,0.18168234468688693,0.3531,0
31f91658-3bc0-42e0-9a8b-e19fe1acc2b6,b15097c2-354a-48aa-8b88-0fc27a70d24f,2025-05-10,1165.39,grocery,0.669,COD,0,15,0.465,metro,0,2,night,0.35941268307576457,0.1538,0
3737393c-2a1c-4fc2-8331-9b27733e34bb,f9a653df-f445-4d60-84cc-682d268eebb4,2025-02-08,6019.47,electronics,0.241,netbanking,1,0,,tier2,0,1,evening,0.21839807662579255,0.1107,0
ec249b42-a41a-4a85-846a-1e09fa4f2d3b,2022f5c1-083c-4c40-93e7-f3bf5ca21797,2025-08-19,521.36,electronics,0.424,UPI,0,6,0.082,metro,0,5,afternoon,0.03002375015151436,0.0409,0
ba25884a-7b4e-42e2-884b-ddc9aa3702f4,66ae49f0-46d4-4030-87d4-59cee04caa99,2025-04-30,994.82,grocery,0.229,UPI,0,6,0.2,metro,0,3,morning,0.07704457522442643,0.0508,0
5a52dc60-149c-4442-a4e8-6f9bf7d16096,61e68552-c2ac-46ab-b349-d5252a071eca,2025-04-02,1264.24,home,0.431,UPI,0,17,0.095,tier2,0,3,evening,0.1913603605753747,0.0959,0
9afa0456-0f87-4f88-8b8f-fddf63eee537,0e331a84-4a07-4507-9322-8678054f4dc5,2025-09-04,2878.71,grocery,0.264,COD,0,1,0.232,metro,0,1,evening,0.33153779940461287,0.0351,0
106b8c0d-7a3a-4e04-90f8-b81597dbc453,31ff0d71-1021-4137-a652-0909a72704a8,2025-06-27,1971.64,beauty,0.649,UPI,0,8,0.445,tier2,0,3,night,0.3745706193331196,0.1745,1
129230c0-fbe2-43e5-89b0-1ce288203572,693e7dd3-5142-469e-9cb3-7ddfc54d5ccb,2025-01-16,1846.49,fashion,0.411,COD,0,2,0.106,tier2,1,3,evening,0.06840185073953457,0.4364,0
2e11c80d-ea41-4c84-a8a4-69550713dcbe,530bbe2d-ad3a-48f9-bc50-6461db39ef79,2025-02-12,759.96,fashion,0.259,COD,0,18,0.459,tier2,1,3,afternoon,0.5144941083307562,0.6863,0
1a697f5c-af26-47ad-9121-6bf16ff809c0,4599a51c-2008-4079-839d-ecfc8f342f0e,2025-07-07,3192.69,home,0.438,COD,0,6,0.243,tier3,0,4,afternoon,0.18723773115835693,0.2415,0
ca382efd-50ef-45f1-8aa0-ee023ae90bd5,61e68552-c2ac-46ab-b349-d5252a071eca,2025-02-08,1799.27,electronics,0.253,COD,0,18,0.33,tier2,0,5,morning,0.1913603605753747,0.1316,0
9db5a228-1b53-4dbb-aa11-1c63879fe6a8,bdf5e5de-7033-4345-ac37-819738c0e957,2025-04-08,1220.28,home,0.312,COD,0,26,0.091,tier3,0,7,morning,0.2211439005048725,0.1802,0
a7d5e6e1-eb9c-425f-944a-846308ee08ed,e337d2a3-6032-4e1f-8ce4-a81121aa131e,2025-04-15,1033.05,home,0.237,COD,0,22,0.159,tier3,0,6,night,0.2771725532528444,0.3186,0
94563afd-106d-4687-a276-bffcd5c278ab,19f89160-63b2-481c-a0e9-e6433dfc7007,2025-10-09,640.13,fashion,0.324,card,0,5,0.391,tier2,1,6,morning,0.46365026623247513,0.3434,0
39708c42-69cc-4744-8deb-5bdcc44feea3,e0be4c42-c5d2-46e6-98a3-f57143c81929,2025-07-27,4704.58,electronics,0.133,UPI,0,15,0.371,tier3,0,6,evening,0.23228588338828865,0.0334,0
e036c7cd-6330-4a71-b584-18519b5453fe,13305eb5-fa9e-4ad0-82e5-51bd1825bb0e,2025-08-29,368.64,fashion,0.292,UPI,0,16,0.163,tier3,1,3,afternoon,0.06015710717930573,0.1586,0
76818aef-57d9-4da7-9d0f-985826b9d021,264713e0-0ea7-4880-9795-f6f977d4d71c,2025-07-18,1670.99,beauty,0.11,UPI,0,14,0.201,tier3,0,9,evening,0.1503348970823547,0.1591,0
711499be-17f1-4355-b7cd-2760576afc5f,495163fd-0559-4329-84dc-edfca30a9c34,2025-04-21,5493.07,grocery,0.107,card,0,5,0.211,tier2,0,3,evening,0.20300873036155653,0.0049,0
ca64db9e-e133-47eb-94cb-4ae4f0d84264,c9a2f2fb-0ace-4882-aca1-646daabd86d4,2025-09-18,250.0,fashion,0.4,card,0,1,0.0,tier2,1,3,evening,0.14186857706837255,0.2846,0
6063c698-ed04-4f3a-bf7a-1b16ceadb8e2,1db38876-5057-4dcc-8f89-d7e790129fe8,2025-03-08,1052.29,beauty,0.087,card,0,4,0.226,tier3,0,5,morning,0.14594410347412967,0.0769,0
ed416bdc-a180-44cf-bffc-1554803b5273,1430da84-3676-4e2f-a20c-58786ed1d466,2025-10-11,1875.64,fashion,0.091,COD,0,21,0.313,tier2,1,2,evening,0.22121655786542901,0.3117,0
18e31889-ba9f-4c83-a8a5-fc5665f42498,915abb39-22d8-45e0-a5b6-a6320aeb6892,2025-07-12,484.92,home,0.675,card,0,4,0.266,tier3,0,8,evening,0.2732031279049196,0.1723,1
e418ed6f-7e77-401f-bf62-96b3c89b435a,530bbe2d-ad3a-48f9-bc50-6461db39ef79,2025-04-18,1484.1,beauty,0.211,card,0,19,0.545,tier3,0,4,evening,0.5144941083307562,0.1506,0
a9f911c3-b747-417a-bc86-9d5799ef25bc,3c199261-e6e2-42ad-b4e0-535e7eb5a1c0,2025-01-15,3007.73,fashion,0.231,COD,0,4,0.332,tier2,1,2,morning,0.3389478327833424,0.3494,1
2477e86b-57d2-4130-8bd6-03c31f5aa742,beb549df-d9cf-44ad-8d90-33d474eb66b0,2025-08-26,1193.6,electronics,0.149,UPI,0,2,0.347,metro,0,4,afternoon,0.36242851871884985,0.0327,0
87e52df3-c7bf-463c-803f-325662c59f86,90d4ab83-9a96-4a21-9db9-c0621084e983,2025-09-30,343.85,grocery,0.176,COD,0,14,0.263,tier2,0,2,evening,0.29832839962512075,0.1531,0
2a7a9bac-2c97-4642-ae3d-caa73c4d80eb,a90aed31-b652-4dd3-baa9-f2642e94bfa7,2025-08-03,558.68,fashion,0.389,UPI,1,0,,tier3,1,7,evening,0.1971474204620167,0.5948,1
ab317515-fbd8-40c3-9de6-a8b9a56ab23f,dafa4cb3-c022-4df8-a53f-f33eccbb2af0,2025-05-01,511.41,fashion,0.204,UPI,0,12,0.171,metro,1,5,morning,0.21055725528180214,0.1764,0
671ea7cd-94ec-475b-ba93-8a6efe8f2784,cd936f58-35c8-41bf-ad8e-018916f872f3,2025-05-31,323.57,fashion,0.22,COD,0,3,0.305,tier2,1,1,morning,0.23815835049683093,0.3818,0
56db75d5-7f78-4235-b008-6b8d0935906f,9624258c-4f43-4c23-8a52-ae3657722b57,2025-06-09,976.82,grocery,0.293,UPI,0,14,0.409,tier3,0,6,afternoon,0.4134664929263236,0.1248,1
c4302c31-539b-4b8d-81a7-ff672d130d58,6c56ea03-6f25-465a-8841-c114051cab81,2025-04-21,442.07,electronics,0.208,COD,0,16,0.258,metro,0,5,morning,0.29048499029100583,0.242,1
c902c2a0-a325-47f0-94a5-6f988185a812,7577f5f5-f434-4ba2-be8d-bc819a90aa7d,2025-01-27,403.14,electronics,0.75,UPI,0,19,0.218,tier3,0,7,evening,0.12936071938754626,0.215,0
8b99340e-41b0-4e3a-84f6-8092692d60b0,1c6fcc45-e7c4-46e9-96c4-15861264031e,2025-07-30,4026.6,electronics,0.17,card,0,3,0.166,tier3,0,4,evening,0.10854267231058526,0.0733,0
26c178cf-cc93-4138-b7f0-04cd7754aced,655939ad-e641-46e9-b845-a0fdb86630d0,2025-07-13,5660.95,fashion,0.328,UPI,0,4,0.395,tier2,1,1,afternoon,0.30789316130355804,0.132,0
e0f3ec7c-c337-4c4c-bc02-7afd79fbc936,f91b87e4-35a7-481d-96ba-a679feba54f3,2025-02-17,3937.99,fashion,0.203,COD,0,10,0.015,metro,1,5,morning,0.05881659853496958,0.334,0
99f90052-fe3c-4c25-b6b2-d27f11a557de,cd41d912-6dd3-48f5-8321-ab579b72c57a,2025-01-16,1706.09,beauty,0.203,COD,0,14,0.191,tier2,0,4,evening,0.1561219227039281,0.1473,0
38ded57f-c192-4d91-8777-eef1edfca159,f87f5cec-4cc7-4356-8a1b-5e82f142a0e0,2025-07-18,1412.78,electronics,0.244,card,0,16,0.265,tier2,0,3,night,0.2242312963277271,0.0403,0
1375fe8f-6a9f-4da2-9e33-0c7a4d4990a0,8cabcba8-2b36-4f7e-984b-440baba9ad97,2025-01-30,5712.27,fashion,0.041,card,0,11,0.32,metro,1,2,afternoon,0.27780100478810504,0.1744,0
6edf8993-e7f6-4f87-b654-62976c085121,03155ba3-cd3a-4a32-9885-eaa1d5a0f4a0,2025-05-11,3079.64,beauty,0.222,card,0,14,0.43,tier2,0,2,morning,0.4955830568370258,0.0732,0
610d31ae-16d8-4722-bbea-ea3aa15f5272,9624258c-4f43-4c23-8a52-ae3657722b57,2025-05-02,4462.2,electronics,0.162,COD,0,15,0.58,metro,0,4,evening,0.4134664929263236,0.0656,0
b929ba69-b9b4-462f-a20d-22806d15ba9c,ec513aca-b3ea-457e-b9fd-46a0fbbd0108,2025-08-29,863.1,fashion,0.094,UPI,0,24,0.222,tier2,1,1,morning,0.19762424986659227,0.0675,0
4bfdb0ef-3fa6-4640-869f-a58e18148eb1,75e92899-6af9-4cbd-9dcd-7b61fcceb409,2025-09-13,401.67,home,0.456,UPI,0,2,0.288,tier2,0,6,evening,0.2510628995968812,0.1547,0
4a244b03-cac3-4907-b9ea-a5099556d4cf,c098bafa-20a7-4c6c-9fce-d433c8e83be7,2025-03-04,3123.81,electronics,0.377,card,0,20,0.366,metro,0,6,afternoon,0.27580452681496,0.0371,0
add3b9dd-0f61-4606-a943-a939645e4491,14fa1e07-e46e-4421-bcc9-efd97fda4448,2025-06-29,2115.67,fashion,0.371,UPI,0,5,0.18,metro,1,3,afternoon,0.2216976101384966,0.4294,1
d8f130ff-cf1e-4138-9c19-67e36e1ecb47,5a4e456a-7177-438a-a82d-59e0133f3eb9,2025-01-16,3656.85,fashion,0.116,UPI,0,31,0.223,tier2,1,2,morning,0.23069756686430742,0.2983,0
2b290f5c-c753-46e8-90fe-15e788e6c17b,6691be4b-2f05-471e-880b-641b361f736f,2025-08-15,1361.06,grocery,0.088,card,0,21,0.233,metro,0,2,night,0.2916477929418046,0.0031,0
39424d86-2d62-49a7-b02f-468552982a7e,843adac9-4f66-4774-ac0f-6e7c28f43141,2025-06-23,400.94,electronics,0.303,card,1,0,,tier3,0,4,evening,0.10315842761541319,0.3496,0
da48918e-dd97-4fe3-8111-907076a64adf,efca07b7-801d-4f4d-8fd4-f9471ea25c75,2025-06-02,1640.88,fashion,0.566,UPI,0,13,0.335,metro,1,6,morning,0.3870026797871902,0.2826,0
63ef6014-ee79-4023-b781-9800e1ed01e8,ade38847-ed43-40bb-86a7-c04000915ee5,2025-06-30,319.61,home,0.067,COD,0,11,0.187,metro,0,2,evening,0.14720873128711998,0.2274,1
40dee8b5-4288-417a-91af-fd356e2daf4a,b0766d31-1a36-4d3f-a85e-96413fb52d53,2025-05-11,5446.08,electronics,0.512,UPI,0,3,0.132,metro,0,4,afternoon,0.06885084713508903,0.0563,1
6180e958-440c-4377-9a29-012396f6e52d,bd1084dd-629c-4150-a764-2ccea032f578,2025-09-03,2005.87,beauty,0.129,COD,0,18,0.311,tier2,0,3,afternoon,0.21989011196511407,0.3287,0
4fc00aee-e985-47fe-8ebd-6627f9bc4436,e1be49ef-4980-48cf-b720-2e9144453bdd,2025-10-12,1188.75,fashion,0.036,COD,1,0,,tier3,1,3,evening,0.45142648803811186,0.8523,1
8f0cb91d-886f-4451-88b0-42b0a435ccf6,aa2d2e63-76c6-4857-981e-3585a2cf345d,2025-04-30,2078.87,fashion,0.243,card,0,1,0.244,tier2,1,2,morning,0.27701546047133413,0.1113,0
9320dbaa-87d5-4948-8db3-80dc610a55fe,bc9aa5af-cb2d-49cb-8b51-cbd09afee7b7,2025-04-09,250.0,fashion,0.277,COD,0,9,0.368,tier2,1,5,morning,0.34134778732339127,0.4059,0
0fd7c019-ff3a-4e3a-b5f3-e6f84b1717a9,7abb60f8-6a15-44b0-8a8a-33cf510670a6,2025-09-09,404.24,electronics,0.211,UPI,0,14,0.146,tier2,0,3,afternoon,0.03542903995029727,0.0724,0
3a93c624-94a1-4b90-8716-bd6198f179cd,252fa25e-5a02-42f5-a1c4-5b0b9cde0a61,2025-10-24,2846.68,fashion,0.109,UPI,0,3,0.005,tier3,1,5,night,0.2798243783472397,0.1441,0
9dc99aa9-465a-4217-934a-0dd9041ada38,8cabcba8-2b36-4f7e-984b-440baba9ad97,2025-05-30,1994.62,fashion,0.32,UPI,0,12,0.32,metro,1,4,morning,0.27780100478810504,0.2835,0
29f2d09a-bf09-42e4-9deb-dc38dd8cd3e6,8aad1534-c5ee-4b92-be7e-78a529af82b8,2025-04-10,833.58,fashion,0.3,COD,0,5,0.429,tier3,1,5,afternoon,0.36581399891508337,0.57,0
d19edcd8-1f76-441c-863a-9eb43bd4f268,e78ba48d-2065-40c5-87f9-0202160a87af,2025-09-19,326.48,beauty,0.118,card,0,5,0.049,metro,0,2,afternoon,0.18263332309352803,0.0821,0
36b61c1c-431d-4e0a-a963-40bff7d87e65,f04fffa3-5b04-4da0-9f3b-8a6b87fc1e74,2025-05-02,1074.94,fashion,0.716,card,0,19,0.213,metro,1,2,evening,0.3517803851773976,0.2041,0
e4a95ec0-e14a-4e18-a162-de0a9c82cef9,b0766d31-1a36-4d3f-a85e-96413fb52d53,2025-02-24,484.29,fashion,0.266,COD,0,4,0.115,tier2,1,4,morning,0.06885084713508903,0.7115,1
0af41cf2-6ba1-4132-9091-e18cae466701,5a4e456a-7177-438a-a82d-59e0133f3eb9,2025-06-11,3876.84,electronics,0.139,card,0,32,0.356,tier3,0,6,evening,0.23069756686430742,0.208,0
b7bfda9f-f944-40d2-b86a-7e73be45bbb7,e41f1a87-9b3a-4663-b6c5-fe8d41b11fa4,2025-01-13,702.5,beauty,0.522,card,1,0,,metro,0,5,morning,0.16575944830463707,0.0994,0
d6ba9c80-239f-4a3c-a112-b39543c95a1f,0253556d-6afc-4561-bae7-49a51c98b9f7,2025-06-05,1165.76,home,0.03,UPI,0,2,0.313,tier2,0,3,evening,0.142405855423258,0.1226,0
218284be-e8c8-4706-b798-41eb4042255a,2b07b584-d1aa-4d4c-8a54-d972e2975ecf,2025-08-30,993.81,electronics,0.569,UPI,0,3,0.053,metro,0,2,afternoon,0.12972182350309738,0.0219,0
9ea72a1c-b21c-4940-8cf2-1f8efdea4ad0,75e92899-6af9-4cbd-9dcd-7b61fcceb409,2025-01-09,740.16,home,0.173,COD,0,3,0.26,metro,0,1,evening,0.2510628995968812,0.2058,0
a1df0539-4027-454d-811e-a7de7f938aa2,fcad361d-37b1-48e4-ba15-27f5efd12bd2,2025-08-16,2182.86,fashion,0.071,UPI,0,11,0.378,tier2,1,4,morning,0.3926881472493449,0.1142,0
54a9cb7d-3f19-42ce-98d6-de52f5f69c12,e2c190d4-1f45-448a-a6c1-579d130a9d39,2025-08-09,516.9,electronics,0.385,card,1,0,,tier3,0,4,evening,0.3429201594793872,0.2543,1
ad9b7f11-10a1-4982-8fc2-3e52055b9a59,76e3ab4e-0d33-4910-81b9-f0f04685b7d6,2025-07-30,15758.04,home,0.167,COD,0,9,0.0,tier3,0,5,night,0.06842336486313001,0.0086,0
a3008de1-84df-4eaf-8ecb-1647e5751611,a34065c0-8e17-4d75-85a2-be877fdabce0,2025-03-26,1283.17,grocery,0.2,COD,0,3,0.14,tier2,0,1,evening,0.2384500662905658,0.087,0
35c1877f-ffe3-45cf-b216-7783939f9f96,2fc6afa7-2705-415e-9700-b4f6cc268053,2025-07-08,1452.97,electronics,0.324,COD,1,0,,tier2,0,7,afternoon,0.21207519145076628,0.3589,0
73a637e0-36da-40a5-9004-249917256218,896a9142-c32d-4e97-8656-8e4c80bb0c0e,2025-08-24,4113.04,grocery,0.185,UPI,0,6,0.0,metro,0,3,afternoon,0.09634270484326586,0.0085,0
01e8c56d-e7bd-4405-aac3-b8bd7a18be59,6d943111-c6e7-4f72-bbef-d921725cad88,2025-05-04,491.33,fashion,0.038,UPI,1,0,,tier2,1,1,afternoon,0.1822357329755217,0.3923,0
7579cd0d-0116-4c57-88c8-a88400a764b8,97d7ac82-2b8f-4c9e-87c2-0b7f4459006c,2025-07-06,10562.98,home,0.277,card,0,4,0.238,tier2,0,4,evening,0.23943546554719444,0.007,0
8c686d3d-46cc-4e61-a0cc-d5a0e65220a6,b2260d18-fffa-4383-9ce1-cdafe986cab2,2025-08-07,727.87,fashion,0.225,card,0,27,0.479,metro,0,6,night,0.4468118022423648,0.2592,0
02df4286-5c8f-4d63-94d3-ef64cf2783a6,9aa571df-aea2-47de-b06c-0ea67f546c81,2025-08-29,1867.65,electronics,0.356,UPI,0,7,0.227,tier2,0,4,afternoon,0.23081817084314912,0.0483,0
084e1f98-3394-4665-b4a5-aa8b586285e6,c74291cc-50dd-48a2-918a-2263305eb957,2025-10-14,704.37,beauty,0.235,UPI,0,21,0.327,tier2,0,1,evening,0.2897378778415542,0.0429,0
34777029-0949-4c20-882f-9c6aa5c99315,9624258c-4f43-4c23-8a52-ae3657722b57,2025-07-06,4049.31,beauty,0.355,COD,0,16,0.348,tier2,0,3,evening,0.4134664929263236,0.2959,1
8aab243d-93d6-40b6-b216-7d5b8ee4cad9,4a210397-e8f5-48f0-9b24-1863f194f342,2025-09-25,1657.47,beauty,0.16,COD,0,6,0.558,tier3,0,8,morning,0.7642110094338409,0.3339,0
45f74b50-c616-4270-8712-33d3b5db1635,bb979d3d-d61a-4c89-bbda-657156be921e,2025-03-04,1358.35,home,0.03,netbanking,0,8,0.314,tier2,0,6,evening,0.3797344893685818,0.0726,0
a888f687-171e-40d8-a6ee-ab1908983d89,cf09efdd-9b76-468d-becb-ce883bda3a35,2025-02-26,661.62,grocery,0.171,UPI,0,1,0.304,metro,0,1,night,0.1551769252887446,0.0297,0
0a38c1f3-7fe6-4f67-beaf-5e4a4bfb0557,9624258c-4f43-4c23-8a52-ae3657722b57,2025-08-05,1582.81,grocery,0.25,UPI,0,17,0.391,tier2,0,4,afternoon,0.4134664929263236,0.0363,0
9e2c67f3-6461-4b46-b162-af6eb0b86118,023b9e7c-1296-4744-8d72-4287487c387a,2025-09-01,1205.68,home,0.276,COD,0,11,0.242,metro,0,3,evening,0.3858310964520147,0.1736,0
52914644-8c2b-458b-9f5c-84e7f29b4b98,065c9c38-1969-4e88-a122-7e83932d5e47,2025-09-04,290.0,fashion,0.663,COD,0,1,0.582,tier2,1,4,evening,0.5393163232471033,0.841,1
0dd92e1c-4bae-49c0-93cd-a82f70825773,0b5160a5-9c4f-4c68-ada5-de1d857e1d81,2025-03-23,298.24,home,0.169,card,0,5,0.128,tier2,0,3,evening,0.14213974082226472,0.0506,0
2e39a662-7387-423d-8491-939cc93720a5,896a9142-c32d-4e97-8656-8e4c80bb0c0e,2025-09-30,1229.3,beauty,0.326,COD,0,7,0.002,tier2,0,1,evening,0.09634270484326586,0.2897,0
621c77ce-ad78-4fcf-9f46-6a4bbe2ee950,f798ef7e-e2a3-4c54-b902-894eaf540d62,2025-06-19,468.48,electronics,0.199,UPI,0,16,0.215,metro,0,2,evening,0.21199326223067969,0.083,0
34251bfa-4cc4-4399-96f0-04c9109ae7c4,4b9cf822-a66f-42ab-b681-17e3444c7bd2,2025-08-07,1012.41,fashion,0.199,netbanking,0,4,0.117,tier2,1,1,evening,0.3031590335061441,0.1413,0
5c5b436e-8e89-4c8a-b2bf-03d7def4aa84,eeb31956-eff1-4d4c-88b9-4562dc040f82,2025-08-03,250.0,fashion,0.225,COD,0,14,0.439,metro,1,5,evening,0.3706024922013499,0.4314,0
e4ab517b-2cb6-4499-8a34-b0b1dd7c3d65,f91b87e4-35a7-481d-96ba-a679feba54f3,2025-03-31,1427.16,electronics,0.08,netbanking,0,11,0.0,tier3,0,4,afternoon,0.05881659853496958,0.0461,0
544b8856-407a-4ce2-82fc-ef798bde3f7d,896a9142-c32d-4e97-8656-8e4c80bb0c0e,2025-10-19,845.86,fashion,0.205,UPI,0,8,0.136,metro,1,5,afternoon,0.09634270484326586,0.3336,0
87874db6-2f12-4004-8d8e-0e18da0fcaf8,2fc6afa7-2705-415e-9700-b4f6cc268053,2025-02-15,1015.5,fashion,0.548,UPI,0,1,0.229,tier2,0,1,evening,0.21207519145076628,0.317,0
0fc658b2-8a93-4501-a125-7ead46602b3c,19f89160-63b2-481c-a0e9-e6433dfc7007,2025-06-02,250.0,beauty,0.051,UPI,0,6,0.52,metro,0,2,afternoon,0.46365026623247513,0.0552,0
12780bf1-ae76-41d1-84ab-0d4e8bd2573b,bf7f0824-6b4a-4876-bd2d-6e222b836214,2025-03-19,1205.84,electronics,0.138,COD,0,2,0.182,metro,0,1,evening,0.27762091119656535,0.0835,0
24fe853f-31f2-41c2-9f0a-eefa6c476fc7,9e9db8b8-b527-46e0-9e4b-211ffcef38a3,2025-10-01,2540.66,fashion,0.427,card,0,26,0.494,metro,1,4,evening,0.33315409272597374,0.1887,0
32c59081-f1d9-4b89-8b7a-712dbd607a3b,cd41d912-6dd3-48f5-8321-ab579b72c57a,2025-01-29,1167.1,electronics,0.244,card,0,15,0.102,metro,0,1,morning,0.1561219227039281,0.0826,0
c6bbdb1a-aad6-42d4-ba51-661061d41b42,93d11106-41d0-4c5d-ac79-1d9d6f90bcbf,2025-07-26,1960.27,electronics,0.236,netbanking,0,9,0.0,metro,0,3,evening,0.052918216172000036,0.0338,0
023aa329-4995-4c8d-b4a0-2a6d9ca23a7b,dc93907f-23d9-460a-a4a4-e459d0edde02,2025-01-04,956.0,fashion,0.107,COD,0,1,0.128,metro,1,7,evening,0.22661788203429245,0.2619,0
3b109b8e-928a-4426-afcb-57af2189e681,5a4e456a-7177-438a-a82d-59e0133f3eb9,2025-01-28,636.85,beauty,0.261,COD,0,33,0.047,tier2,0,7,afternoon,0.23069756686430742,0.2017,0
65f6b636-2e58-4582-b2d1-570943ca297e,3b33ff6f-efbc-48a0-8c8a-af2765c895e5,2025-07-18,2273.6,home,0.061,UPI,0,1,0.55,tier3,0,4,evening,0.3522819979765525,0.0488,0
ab0c671e-0fb1-4c1d-bef7-1b80557beefc,48242df6-6544-46ca-8243-b23028d6d805,2025-04-20,641.03,fashion,0.35,COD,0,12,0.244,tier3,0,6,morning,0.1548544510371693,0.4073,0
8826a46a-1922-4425-8a3a-338fb0d856bc,7c4561a1-0fb1-4641-bf3c-02486cc5d63f,2025-09-27,3392.31,beauty,0.471,card,0,2,0.361,metro,0,1,night,0.33399605777104996,0.1246,0
c6fc88cc-3e57-4698-899d-0b12223527b2,50dc3803-1af4-4a0a-8917-ca0e73db20ad,2025-01-04,6290.15,fashion,0.591,card,0,9,0.235,tier2,1,3,morning,0.3098477304837669,0.1471,0
8689e33d-39c9-411c-b858-75d75921ca6c,bbaa3e06-5d98-447f-8977-4141e22290ad,2025-09-29,7306.13,home,0.032,UPI,0,2,0.434,tier2,0,2,afternoon,0.32003705418313455,0.0286,0
6337e260-2273-4779-8d51-4db41acdd2e1,957f8462-6bb6-488c-8360-f0a6cde9bfec,2025-03-22,390.58,beauty,0.129,card,0,9,0.11,metro,0,4,morning,0.20154150931374812,0.0654,0
7bc4feea-d77a-4223-a23b-c90b62bf38f7,cdfac639-c4a1-4655-be5a-2d787e76f71c,2025-01-13,907.34,home,0.151,COD,0,23,0.084,metro,0,5,afternoon,0.18576378008237582,0.0402,0
701010bc-5bfc-463b-aea4-42a4c1c3c93d,e337d2a3-6032-4e1f-8ce4-a81121aa131e,2025-05-22,3049.74,fashion,0.626,COD,0,23,0.369,tier2,1,3,evening,0.2771725532528444,0.3545,1
c65566b2-c575-4219-8ece-24b6fad1f11d,412fdcc8-a20c-4ee8-986c-d10d8bf4a971,2025-03-06,4302.29,fashion,0.191,card,0,6,0.527,tier2,1,2,afternoon,0.6645072620284929,0.177,0
9a73607f-5ed4-420b-b267-3e96c64a335c,b29488eb-e21a-484b-b828-80a3ac2ea4cb,2025-02-26,1307.88,fashion,0.612,UPI,0,2,0.0,tier2,0,1,afternoon,0.1494736716851247,0.0981,0
a1991e2d-b51b-4a70-b6c4-2aa7513e6538,cfe93f21-e757-454b-b36f-affdba08ecc3,2025-08-19,667.78,home,0.277,COD,0,1,0.207,tier2,0,6,evening,0.21649485300724722,0.3014,1
423b072c-2d84-4f4c-9c12-128224bac0cb,c098bafa-20a7-4c6c-9fce-d433c8e83be7,2025-01-02,321.8,fashion,0.156,card,0,21,0.34,tier2,1,2,night,0.27580452681496,0.2044,1
1177d938-1716-42a0-b64b-a31095f60c3a,36d6b08a-5436-4a2f-83c2-120975d4be7f,2025-06-13,6814.97,home,0.183,COD,0,19,0.152,metro,0,1,afternoon,0.04915448350944119,0.0826,0
71bb6fed-3930-4b43-8cd2-acd2ee1a0e3c,c3667960-275a-45b2-a2fb-3c154cf68002,2025-08-30,503.07,electronics,0.181,COD,0,3,0.433,tier3,0,7,afternoon,0.42258989063174557,0.3455,0
b4cab243-925c-4aac-8d35-f1043ad5d2e0,9aa571df-aea2-47de-b06c-0ea67f546c81,2025-06-10,4210.54,fashion,0.179,UPI,0,8,0.179,tier2,1,2,afternoon,0.23081817084314912,0.1962,0
d0e4a234-995d-4c01-b366-9d4ed17a204c,fee7a85f-cf25-4349-b927-7a6f87b1bd3f,2025-06-14,1414.75,fashion,0.389,card,0,10,0.183,metro,1,3,evening,0.3325622338548419,0.1696,1
c2d452d0-7440-4570-98b9-915009b05954,5a4e456a-7177-438a-a82d-59e0133f3eb9,2025-08-05,1155.55,beauty,0.054,card,0,34,0.167,tier2,0,2,evening,0.23069756686430742,0.0502,0
700dfe48-76c5-43c4-9ffb-4b5379006ed0,ec513aca-b3ea-457e-b9fd-46a0fbbd0108,2025-05-02,1354.31,home,0.485,COD,0,25,0.248,metro,0,4,evening,0.19762424986659227,0.4829,1
3801946c-9d8f-4644-9ab5-7658c4931cd0,afbedcf2-f5d0-441d-8f1d-dff0523a9d8e,2025-01-23,6139.09,electronics,0.318,UPI,0,10,0.15,tier3,0,4,evening,0.08979930230446,0.0162,0
91f90179-68e6-436b-983e-ebda778524be,21644b40-c53f-493e-af3f-29e3483e3d9b,2025-03-09,1018.29,fashion,0.253,UPI,0,9,0.306,metro,0,3,evening,0.22287364608691065,0.161,0
37028efa-968b-4b89-afbb-c8707782bb84,09f0bdb4-9a82-4836-9937-2f88cb2c1621,2025-05-06,635.91,fashion,0.268,UPI,0,9,0.345,tier3,1,4,evening,0.34129841122598414,0.4624,0
bb966c37-519f-432c-bbf4-63471d245d81,55d5bc4c-7c8a-442f-b65c-64ab85db7d38,2025-01-09,2068.7,fashion,0.314,COD,0,7,0.363,metro,1,2,morning,0.32801543383093573,0.5277,0
e5f7aaf0-185b-40e8-a5e9-9d7d83028c67,8975f922-81ed-4d18-b7b8-80f64c0d33a4,2025-01-12,800.44,electronics,0.122,card,0,3,0.254,metro,0,4,morning,0.16694172135754215,0.0622,0
4e95b356-420f-4966-b7ac-8d7668e9278a,57c29481-3bfa-4690-879f-2cab6c2fd05a,2025-08-28,6467.63,home,0.684,UPI,0,9,0.019,metro,0,4,evening,0.1838032082155034,0.0436,0
dc9d0559-9bfa-42af-8b1e-7af1e3c13f38,fd6cccad-5f4f-45ca-8142-59059b87515b,2025-05-07,3344.92,fashion,0.411,card,0,26,0.105,tier3,1,4,morning,0.2595265118239566,0.2747,0
0b3d93be-0222-439c-8e6e-f1c318d00385,503ce1ed-0906-459e-a4d3-b1fe2baa7602,2025-07-10,4050.01,beauty,0.286,COD,1,0,,metro,1,5,evening,0.16399293522662764,0.4707,1
ed011a29-a367-4bc3-aa73-b2f676421ff9,61f16c24-bf6c-4948-9a4c-b0558fc0a894,2025-10-04,9915.36,fashion,0.286,UPI,1,0,,tier3,1,4,morning,0.5115239173587337,0.1086,0
87e48034-7e39-4c59-bfcb-8a6ffbc872b5,efca07b7-801d-4f4d-8fd4-f9471ea25c75,2025-10-18,250.0,fashion,0.38,COD,0,14,0.559,metro,0,1,afternoon,0.3870026797871902,0.4189,1
68e21fda-a138-40fa-9ed6-cb3145964577,afbedcf2-f5d0-441d-8f1d-dff0523a9d8e,2025-02-27,1046.69,home,0.47,COD,0,11,0.033,tier3,0,6,evening,0.08979930230446,0.142,0
6061b6a0-76b0-47e4-859b-c0f576485b90,96605643-5d7c-4608-a7b9-f8a186bcac96,2025-05-08,250.0,home,0.311,UPI,0,3,0.114,tier2,0,1,night,0.26428705277408854,0.1109,1
75e1689f-55a8-412d-a3a2-ae8720c3dc9f,896a9142-c32d-4e97-8656-8e4c80bb0c0e,2025-07-27,496.89,fashion,0.3,UPI,0,9,0.196,metro,1,1,morning,0.09634270484326586,0.2208,1
8b96d748-ff65-4659-a391-b63d58142789,90d4ab83-9a96-4a21-9db9-c0621084e983,2025-08-31,1112.79,electronics,0.38,COD,0,15,0.426,metro,0,1,evening,0.29832839962512075,0.2948,0
86819e73-f846-40e9-b600-f056a32df7e5,183731f0-c4f7-459f-b6fe-03d481d1dc2b,2025-09-11,250.0,electronics,0.436,UPI,0,9,0.246,tier3,0,6,afternoon,0.3251850941589013,0.0747,0
f4019b6a-5f03-43b8-a99d-2c7421d6c080,9aa571df-aea2-47de-b06c-0ea67f546c81,2025-03-23,18654.21,fashion,0.07,card,0,9,0.165,metro,1,4,evening,0.23081817084314912,0.0115,0
6e131440-da4c-4a85-b99d-b5bb401c9aa3,1f06f63a-b4b1-4b03-bfcd-0334b93f8852,2025-02-11,563.41,home,0.424,UPI,0,6,0.0,tier2,0,2,evening,0.07981520295766234,0.0783,0
4d754eb3-a2ae-4fd5-be7d-72aae3d7adc5,6206c71c-e9de-45c6-abb4-00ba2310dd86,2025-07-30,533.39,fashion,0.504,COD,0,2,0.467,tier3,1,4,afternoon,0.44476856839523915,0.9003,1
42ca1ea3-45e8-47f2-b882-d698ee9957f0,03155ba3-cd3a-4a32-9885-eaa1d5a0f4a0,2025-05-17,2605.11,fashion,0.279,card,0,15,0.502,tier2,1,1,night,0.4955830568370258,0.2556,0
d98a5db8-71de-4a4d-b72d-182ad57fd88d,97097040-636b-45f4-85e0-9e1a52c27325,2025-04-14,1026.83,electronics,0.639,COD,0,9,0.143,metro,0,3,evening,0.15906278458837203,0.1502,0
bcb2c4bc-5ac9-4c6d-ac64-0f389b99010e,1e8c36c2-6ec2-42d0-bed2-1a1c361dd692,2025-07-22,3416.39,grocery,0.07,card,0,10,0.35,tier2,0,6,evening,0.32830159764792616,0.0263,0
127f3991-3729-48fb-8c22-74d839201887,32031148-6c2b-49dd-a326-f9536a99cd45,2025-05-13,250.0,fashion,0.366,UPI,0,1,0.281,tier3,1,3,evening,0.24680180551951414,0.5836,1
ef68d9eb-aba5-402d-b390-cfc83bbc121d,2e69e260-0ee4-43cf-9c88-a409981081c6,2025-06-05,250.0,fashion,0.167,netbanking,0,9,0.354,tier2,1,1,afternoon,0.41585134920398,0.3735,1
66623c83-180d-400f-8433-e48568c79a6d,c3667960-275a-45b2-a2fb-3c154cf68002,2025-09-24,696.81,fashion,0.322,COD,0,4,0.424,tier2,1,5,afternoon,0.42258989063174557,0.6826,0
adf229a6-353e-4b15-956c-431ac9f49b69,02a9477e-48f9-41c5-b992-a167ea1cd57a,2025-03-28,549.14,beauty,0.465,COD,0,10,0.327,tier3,0,7,afternoon,0.26357426902472036,0.4275,0
aa4be8d0-3563-4983-8d16-f21b7028597e,676c4a16-07aa-45fa-8ad1-17b29a2b6de4,2025-02-23,1189.38,home,0.309,UPI,0,6,0.29,metro,0,3,night,0.2901295476709541,0.0632,0
5e8f5672-33da-4e0e-be44-95ebabdde943,2171476c-3a28-4828-9aca-aed26cbdedc5,2025-01-11,725.81,electronics,0.349,netbanking,0,2,0.673,tier3,0,5,evening,0.7296899354667504,0.3297,0
3933c303-5e5f-48b4-8fb4-6331a2605333,03155ba3-cd3a-4a32-9885-eaa1d5a0f4a0,2025-07-04,481.84,fashion,0.176,netbanking,0,16,0.454,metro,1,5,afternoon,0.4955830568370258,0.2088,0
7ba77470-900b-4237-9307-19feeb83c842,551aee57-0df4-4a51-9afa-0babaf28b33a,2025-06-05,439.47,beauty,0.669,COD,0,24,0.102,tier2,0,3,evening,0.18168234468688693,0.2889,1
b74c10b2-f19e-458d-9a6b-c46d8aa6a9e5,2a199d42-4b29-4a69-bdae-61711686d721,2025-01-21,510.9,beauty,0.083,card,0,3,0.624,metro,1,4,morning,0.5280280326519072,0.0814,1
b730de62-0d63-453f-a00c-94474d0105d5,f6624986-1488-4db8-994b-6db58a9ef6b8,2025-09-10,1577.3,fashion,0.186,UPI,0,5,0.139,tier2,1,4,evening,0.15422316215847254,0.0729,0
32c2b6bc-8ddd-4de2-8025-669e63829f5f,939f477a-622d-443e-a4ab-1b6fbd126f85,2025-09-06,4638.16,beauty,0.129,UPI,0,5,0.247,tier2,0,2,evening,0.46524312849146254,0.0917,0
1bb7a5a8-dc1a-45f0-87e5-92994c953b11,61ae023e-6ada-495e-a057-0f2fa2e1887b,2025-06-30,644.54,fashion,0.358,COD,0,3,0.102,tier2,1,3,afternoon,0.10073875282927403,0.2061,0
5c5cde34-c4dc-481d-8779-0a164005fffd,c8799b6e-004c-411a-a115-82977ad530a4,2025-06-13,329.93,electronics,0.58,UPI,0,7,0.321,tier2,0,5,morning,0.20531948812490197,0.253,0
5a5a26cd-93bf-469b-9d06-2d43cb545655,21644b40-c53f-493e-af3f-29e3483e3d9b,2025-06-05,4277.57,fashion,0.081,UPI,0,10,0.128,tier2,1,2,evening,0.22287364608691065,0.0881,0
aecfcf3f-bd80-4345-82a1-b0de7849b4eb,f87f5cec-4cc7-4356-8a1b-5e82f142a0e0,2025-05-02,2988.5,grocery,0.37,UPI,0,17,0.145,tier3,0,4,afternoon,0.2242312963277271,0.0382,0
874ff1f7-65bd-4339-b40e-cb711b8a9d93,6e9c410c-688b-4cfd-ab74-4128d37da5bd,2025-08-14,1611.45,electronics,0.453,COD,0,2,0.064,metro,0,5,afternoon,0.17240635799463866,0.2169,1
97c88968-e636-4eb9-8bb2-ed3a231151b0,14fa1e07-e46e-4421-bcc9-efd97fda4448,2025-02-20,1586.04,electronics,0.275,card,0,6,0.124,metro,0,3,night,0.2216976101384966,0.0267,0
4ec8c1cb-80f4-4877-ad16-33e656c12638,fd6cccad-5f4f-45ca-8142-59059b87515b,2025-09-04,318.32,grocery,0.017,COD,0,27,0.229,metro,0,2,morning,0.2595265118239566,0.0763,0
97f3e816-19ce-4601-91d6-04525bc46cca,a5a68430-8473-418f-85df-a2a1d90bf65b,2025-04-29,1710.28,home,0.313,card,0,4,0.176,tier2,0,3,afternoon,0.11388016972116154,0.0361,0
6ed742fa-f8f2-4d48-921e-e91572566a82,3f888151-69ed-4006-b5f2-68afced6201b,2025-05-04,1428.38,electronics,0.233,card,0,23,0.156,metro,0,2,afternoon,0.10820090543681238,0.0244,0
a1c61d6c-2adf-44e1-8ebb-fd90432c2430,b3f33ef6-3953-4fa2-b5c0-493473e40312,2025-04-29,2710.42,grocery,0.519,COD,0,24,0.18,tier2,0,3,afternoon,0.24874291058771908,0.1283,0
1e59da0c-93f5-4872-b0aa-a3166e866e47,097d0365-0675-4666-b7c8-994ae68ef3f8,2025-01-02,4563.59,grocery,0.404,COD,0,1,0.386,metro,0,5,afternoon,0.30768308227881586,0.0897,0
fc4fe1c3-b901-46d3-8289-5597ba1bd6a0,f04fffa3-5b04-4da0-9f3b-8a6b87fc1e74,2025-08-07,353.39,fashion,0.562,card,0,20,0.325,tier3,1,5,afternoon,0.3517803851773976,0.5025,1
b00abf9b-7160-4f8a-8a36-c68d7dc5241c,6691be4b-2f05-471e-880b-641b361f736f,2025-05-11,446.84,electronics,0.123,UPI,0,22,0.186,metro,0,3,evening,0.2916477929418046,0.0883,0
f36c4b01-b195-4bc8-a9f5-8431a03a42ad,37407cb6-5b5f-4c6d-8d6f-fd7473362bdb,2025-02-21,5729.41,beauty,0.253,COD,0,3,0.25,metro,0,4,morning,0.24074547305735522,0.1024,0
ff8578f0-8e0e-4ac3-b6d3-273eca099806,18ccbeec-c9cc-4ae2-b310-031112d26e72,2025-07-27,2805.27,beauty,0.566,card,1,0,,tier2,0,1,morning,0.1542229457137064,0.4502,1
de71118b-167c-4c23-bed4-d6c3eb697ca2,12fe00dd-41ef-4cc6-be37-8ee316d92839,2025-09-18,4338.66,beauty,0.416,card,0,5,0.212,metro,0,1,afternoon,0.2484904830770941,0.0611,0
0fba6cc0-a997-4d8c-98cc-ff0cf773a627,a5528de8-ca89-4d92-ab88-fb874b251fe0,2025-10-08,250.0,fashion,0.285,UPI,0,3,0.459,tier3,1,6,afternoon,0.5079322839859531,0.5559,1
397e9760-6c36-4d61-bae7-47c58ed2332a,629a665f-13da-4026-a590-10f69140672e,2025-01-01,3694.36,beauty,0.157,UPI,1,0,,tier2,0,3,afternoon,0.4375803082647143,0.1895,1
ecb4bf6a-824f-44fe-b7bd-f3d21b755c41,50940afb-ea67-4390-beee-cf024f348165,2025-10-18,643.68,home,0.34,COD,0,2,0.194,metro,0,4,afternoon,0.2414560380735231,0.1445,0
ea94f784-f2c8-4b85-87c2-ba0c036450b2,04b89a3b-d082-4664-972e-b40c6268b46d,2025-05-07,445.03,fashion,0.414,UPI,0,8,0.292,metro,1,1,evening,0.24939791763606534,0.2985,0
c7e20e1a-7437-461b-bfb1-63d28e96234a,b732b9b1-5184-4f45-af4d-630b007d8b56,2025-10-06,2064.1,home,0.378,UPI,0,16,0.285,metro,0,2,morning,0.3974441051585353,0.0324,0
4a2c204b-7c43-4d06-85fa-cc69f3865fda,e5a6b7a7-ed88-4924-9865-37d2498eaca8,2025-10-04,6693.03,beauty,0.337,COD,0,6,0.382,tier3,0,8,evening,0.5527709467025828,0.2639,1
5160ac04-9621-4822-a936-3e5d4ee739fa,7f892973-babf-4935-bab7-187b59d8b023,2025-08-05,299.83,fashion,0.271,UPI,0,18,0.278,tier3,1,10,afternoon,0.2434169799043869,0.3786,1
197f45e4-96a2-4196-94a8-b4884009b50b,475cfcc6-88df-4e49-810d-e60c6915e823,2025-04-24,324.03,fashion,0.113,UPI,0,4,0.235,metro,1,6,night,0.2511919731705291,0.2779,0
a7f79244-1a81-4658-a327-6e94ee8c5069,6d81b599-cb53-46f9-8600-bf12fd1acddf,2025-08-02,20000.0,electronics,0.543,UPI,0,10,0.226,metro,0,3,evening,0.1373435706874969,0.004,0
4e0f5426-b012-46f9-acd7-922d3b304552,b36dde2e-e09b-4224-b113-133cdade54b5,2025-08-20,1337.68,electronics,0.287,COD,0,3,0.086,tier2,0,1,afternoon,0.13745108080776064,0.2898,1
8d5a7531-c7b8-421d-a20b-f7d438a987b5,3ae5d8e2-1cd9-49fe-a877-331f08d4c8e0,2025-02-12,615.69,fashion,0.406,card,0,2,0.259,tier2,0,3,night,0.22359865383939137,0.0694,0
e66acaa9-9dfb-4f04-8b3c-02448e130802,afbedcf2-f5d0-441d-8f1d-dff0523a9d8e,2025-05-02,3650.48,beauty,0.147,UPI,0,12,0.148,tier2,0,4,morning,0.08979930230446,0.0215,0
d660abab-fcae-4f0d-bff7-634e155a008d,efca07b7-801d-4f4d-8fd4-f9471ea25c75,2025-06-19,285.95,beauty,0.292,card,0,15,0.275,tier3,0,8,evening,0.3870026797871902,0.1087,0
5fe9fb9c-4b50-4408-8491-22cc6255de11,d684615e-b5d2-4dff-856f-f7aa94f57139,2025-08-24,4451.24,home,0.273,UPI,0,11,0.419,tier3,0,6,morning,0.391147140695262,0.0975,1
0cd292e0-fff1-42b9-8fff-6bf780a88bfc,079ccc14-56e1-44f4-b53d-a66ed0eeac29,2025-02-04,6181.12,electronics,0.136,COD,0,5,0.376,metro,0,1,morning,0.37075169622686466,0.0414,0
94ebc11b-c17f-4bc0-a279-c136745c2892,feea7c80-d662-4acf-a55b-6fe675e1cbec,2025-04-14,592.97,fashion,0.041,UPI,0,3,0.451,tier3,1,6,morning,0.5777434668907969,0.2131,0
e9e0c6b2-417f-4dc5-b1bf-0d5432c6df37,e0be4c42-c5d2-46e6-98a3-f57143c81929,2025-09-25,1853.91,beauty,0.476,netbanking,0,16,0.244,tier3,0,4,evening,0.23228588338828865,0.1039,1
462886d1-59b5-413c-9ce7-70accdf8aeb5,e1be49ef-4980-48cf-b720-2e9144453bdd,2025-03-05,4612.56,fashion,0.503,UPI,0,1,0.496,tier3,1,4,night,0.45142648803811186,0.1729,0
341bad38-7b6f-4f8e-a553-8f4d47b79f28,eaeed0dd-7e1c-4258-9fdd-9985ad3d359d,2025-03-30,562.13,beauty,0.449,UPI,0,7,0.369,tier2,0,2,afternoon,0.3269451502115473,0.1857,0
e0937f67-0b2f-4d9f-a2f0-ad4f0d47f9a8,0b3125cc-29c6-4f20-b1ef-8890454bd85d,2025-09-01,354.48,fashion,0.107,UPI,0,13,0.393,tier2,1,5,afternoon,0.45454338905514596,0.2887,1
baf0dd3e-2370-421e-9f9e-daf1d4dfa98d,0e331a84-4a07-4507-9322-8678054f4dc5,2025-10-17,894.04,electronics,0.283,COD,0,2,0.393,metro,0,3,morning,0.33153779940461287,0.0852,0
e9a2c959-3a5c-4558-a7e1-ca9ff110aa8c,bb778b4a-ece2-4020-98e9-868dac23ca5f,2025-06-13,1126.35,electronics,0.569,UPI,0,2,0.501,metro,0,4,afternoon,0.43588893355319247,0.1799,0
5ea9f954-a2a5-4082-89e5-1847d7c4c6c4,6d81b599-cb53-46f9-8600-bf12fd1acddf,2025-09-07,2083.69,fashion,0.276,UPI,0,11,0.145,tier2,1,5,afternoon,0.1373435706874969,0.0892,0
6e08d310-b887-4e63-ad64-9ffe226d76ce,88b4658e-7731-48a9-8549-9151bc85e0bf,2025-01-03,2255.62,electronics,0.523,COD,1,0,,metro,0,2,afternoon,0.2750254085529053,0.2645,1
9d944fc4-3dbc-4bf0-9ff1-dc31cd4cdc60,9cfbe601-0322-4c7f-a8fc-089374a870d3,2025-09-11,520.31,electronics,0.049,COD,0,12,0.216,tier3,0,3,evening,0.2677657562695904,0.154,0
9cab38a5-f544-4f28-9daa-6335dc54ee4b,e5a6b7a7-ed88-4924-9865-37d2498eaca8,2025-05-14,565.21,fashion,0.23,card,0,7,0.797,metro,1,3,evening,0.5527709467025828,0.3816,0
b3fab858-3524-492a-98f9-bd24070674d0,928114f7-f956-485a-b601-6b40b48c18d7,2025-09-08,1821.78,electronics,0.313,UPI,0,16,0.277,metro,0,3,night,0.29038571770418864,0.0197,0
ba30ab4c-c7b1-4823-9d01-c249a2661751,f7243914-f259-4b3f-b4da-cc523ff04815,2025-05-12,735.48,electronics,0.318,COD,0,17,0.262,metro,0,2,afternoon,0.2798863894924076,0.1894,1
ff514550-4784-4c4f-b94c-7af2e90c2e15,6b66d66e-6934-45ee-9a06-94516b474772,2025-03-22,639.75,electronics,0.311,card,0,4,0.037,tier3,0,4,afternoon,0.13085373507915285,0.0565,0
072a2667-c875-4820-91cf-748da3ed97bc,b3f33ef6-3953-4fa2-b5c0-493473e40312,2025-05-09,6436.02,grocery,0.046,UPI,0,25,0.201,metro,0,2,afternoon,0.24874291058771908,0.0235,0
6f516c9f-2d4f-41c5-a9bd-d9c6ff49fff1,488818a4-8adb-4718-b41a-823c7f2b2ab8,2025-08-04,893.06,fashion,0.406,UPI,0,9,0.334,metro,1,4,evening,0.25703386186733934,0.3436,0
dd3db7bb-713b-402e-a8c6-f1c127999ced,90a7c98b-0565-4330-a335-ddad08538e49,2025-01-29,538.8,fashion,0.341,UPI,0,12,0.06,tier3,1,4,night,0.16802115856295066,0.4536,0
a5523653-30ab-4e74-88df-6bf2d2bc101a,90a7c98b-0565-4330-a335-ddad08538e49,2025-07-08,347.32,fashion,0.223,COD,0,13,0.079,tier2,1,4,night,0.16802115856295066,0.2905,0
a9f17811-2966-4fd3-b3b5-a6855b9f49dc,937f81a2-0c57-467d-869e-aaae2412816a,2025-10-01,457.78,home,0.353,COD,0,16,0.273,tier3,0,5,afternoon,0.2365731909103324,0.1335,1
f8d6510d-aad3-4e23-a2af-67a92afe9c90,13305eb5-fa9e-4ad0-82e5-51bd1825bb0e,2025-08-07,365.74,electronics,0.08,UPI,0,17,0.0,tier2,0,4,afternoon,0.06015710717930573,0.0661,1
bf88bf63-ec7f-459d-b704-fe9722b60670,488818a4-8adb-4718-b41a-823c7f2b2ab8,2025-02-28,1204.07,home,0.342,UPI,0,10,0.313,tier2,0,2,morning,0.25703386186733934,0.1106,0
2deb6aaa-69d9-4356-9169-b886925063f5,551aee57-0df4-4a51-9afa-0babaf28b33a,2025-10-21,250.0,beauty,0.505,COD,0,25,0.205,metro,0,3,evening,0.18168234468688693,0.5405,1
fe673a84-1a8a-4a0e-85a6-1d96cc656631,bcdeb425-8e18-4df0-9d56-77acc6d259f7,2025-05-06,1241.02,fashion,0.592,UPI,0,10,0.292,metro,1,2,afternoon,0.2145242588320448,0.4693,0
3c052bf6-e66a-4c6a-8287-e563e3602b1e,3b43db08-fb91-462f-825f-825adffaef1d,2025-01-04,3505.74,electronics,0.257,COD,0,1,0.271,metro,0,4,afternoon,0.2241974074982748,0.1648,0
9e2ee64b-1a9c-4c19-8bab-7f3565206165,0264a3d8-19e4-4ba6-8fef-821e2f029db1,2025-07-20,5648.46,fashion,0.363,COD,0,9,0.116,tier3,1,4,afternoon,0.21082490652703922,0.4182,1
517efb4a-a85b-420e-a6e6-4afe93496c53,264713e0-0ea7-4880-9795-f6f977d4d71c,2025-03-13,2489.26,electronics,0.058,card,0,15,0.174,metro,0,3,evening,0.1503348970823547,0.0141,0
87674b65-3148-4e35-b526-d9b18a1692b6,b62d8ee5-64d8-45e2-95a1-1770fbb6732e,2025-04-03,2211.33,fashion,0.308,card,0,2,0.0,metro,1,5,afternoon,0.13269837554654837,0.0771,0
c7067a21-32a2-4b25-ba24-4308208ae9d1,b2260d18-fffa-4383-9ce1-cdafe986cab2,2025-07-24,2304.02,electronics,0.299,UPI,0,28,0.531,metro,0,4,evening,0.4468118022423648,0.0204,0
532d87bf-901c-4127-8677-9ec0049a1bfa,80cef85a-5938-4801-9fa5-9b6c0de0cc08,2025-10-07,6789.24,home,0.248,UPI,0,13,0.275,tier2,0,6,afternoon,0.2042925306906814,0.0325,0
adea5971-854d-4a20-967d-2e29dfd44181,4cd5aebd-9645-4916-a283-2a50de156e5d,2025-05-21,410.99,grocery,0.346,card,0,6,0.301,metro,0,6,night,0.16482652189748134,0.0459,0
ccf6f64e-477a-464a-98ab-5549180469fb,3bf94f31-a69a-4672-af18-93b6ddcad665,2025-01-10,896.98,beauty,0.593,card,0,5,0.661,metro,0,1,evening,0.6823689291324807,0.2331,0
9e4164c3-2afd-48b3-84da-80f1836837b0,4c19ca15-e9d8-445e-9a4a-ef49bd34d343,2025-05-29,731.54,grocery,0.085,UPI,0,20,0.315,metro,0,2,evening,0.24706696213115537,0.0224,0
9f4d0007-e0d9-4511-a862-65d58c8f5d4f,dafa4cb3-c022-4df8-a53f-f33eccbb2af0,2025-03-05,372.58,beauty,0.2,COD,0,13,0.177,metro,0,1,morning,0.21055725528180214,0.0573,0
f82318c6-97c6-4312-bda5-17709d363361,f91b87e4-35a7-481d-96ba-a679feba54f3,2025-02-20,2348.4,electronics,0.113,COD,0,12,0.04,tier3,0,7,afternoon,0.05881659853496958,0.1286,1
6750e6cc-e3fe-438f-9bac-f0fd17569deb,5177ad25-f39b-42aa-9106-28c069721b05,2025-08-28,2457.75,fashion,0.146,netbanking,0,4,0.0,tier2,0,3,afternoon,0.09342709211833844,0.1411,0
667a9ada-6f6e-4cf9-ab24-9fb7c1dbcda4,72ead0ae-5b4e-42af-afc3-e5936d2c0440,2025-05-11,4253.61,beauty,0.362,COD,0,1,0.078,metro,0,4,afternoon,0.1339182046543242,0.0786,0
9b1bacb3-22ed-4e55-bc50-bb7b6b096de9,208312a1-9529-4a89-99f2-8a96a5472698,2025-09-05,746.29,beauty,0.404,card,0,1,0.288,tier2,0,2,evening,0.36643236650295463,0.06,1
6bb10fea-7f3c-410d-8ad1-74ff8c254a17,20c3bc53-c556-453e-87c4-1db6d047a4fe,2025-02-23,674.6,electronics,0.293,UPI,0,2,0.116,tier3,0,5,afternoon,0.1036324280316437,0.0246,0
a7ed62ae-8e4b-4bc8-9efb-1167525ff3eb,a08bc761-e2d2-46cc-952a-3d23d15d5fac,2025-05-14,400.99,grocery,0.044,UPI,0,14,0.283,tier2,0,6,night,0.30018529874356914,0.024,0
7408869a-84e0-49eb-b0a8-323a42dfddce,6ee40732-6232-4eb1-8f91-0cda941780d6,2025-09-13,6712.61,electronics,0.515,COD,0,1,0.313,tier2,0,2,evening,0.37008993339073415,0.1015,0
dc33688b-9db0-482a-8939-10ff8832f3f7,bb979d3d-d61a-4c89-bbda-657156be921e,2025-09-02,440.48,fashion,0.095,UPI,0,9,0.362,metro,1,3,night,0.3797344893685818,0.2165,0
5044e2bf-f502-476f-8763-629cdedd7efa,21644b40-c53f-493e-af3f-29e3483e3d9b,2025-10-17,250.0,fashion,0.205,COD,0,11,0.413,metro,1,2,night,0.22287364608691065,0.5932,1
1fe1c1af-f039-4eff-aab2-8a68f44852fa,93d11106-41d0-4c5d-ac79-1d9d6f90bcbf,2025-10-26,1436.13,electronics,0.513,UPI,0,10,0.212,metro,0,1,afternoon,0.052918216172000036,0.0344,0
f3b9fe2d-98ac-44db-a2b6-b47802195ce4,3c199261-e6e2-42ad-b4e0-535e7eb5a1c0,2025-03-13,974.11,fashion,0.114,COD,0,5,0.294,metro,1,5,evening,0.3389478327833424,0.3173,0
23482c27-1e2e-4768-be2c-9d4b99f2f9a0,f7243914-f259-4b3f-b4da-cc523ff04815,2025-01-26,380.03,fashion,0.648,COD,0,18,0.438,tier2,0,4,evening,0.2798863894924076,0.3249,0
b997dbb9-9726-456e-8f02-0203f3cdb295,f6624986-1488-4db8-994b-6db58a9ef6b8,2025-03-28,907.43,fashion,0.141,COD,0,6,0.238,tier2,1,2,afternoon,0.15422316215847254,0.4948,1
7c7b0b33-d369-4af9-8d0b-d4c77f5e7dc9,fd6cccad-5f4f-45ca-8142-59059b87515b,2025-05-31,4126.21,beauty,0.31,COD,0,28,0.269,metro,0,3,night,0.2595265118239566,0.1208,1
a7c1188a-b021-45ec-8369-e15033b6ad5b,0713c0ca-d6f7-4aa9-a3ed-d970c819d58a,2025-10-22,3162.48,electronics,0.483,UPI,0,2,0.288,tier2,0,5,evening,0.36187966998918064,0.0594,0
a29b4482-483c-420c-8ad7-0aa7a58ae83a,f7243914-f259-4b3f-b4da-cc523ff04815,2025-03-11,1070.13,electronics,0.233,card,0,19,0.275,tier2,0,2,evening,0.2798863894924076,0.1161,0
3a114969-0eb8-4ab2-a3e2-8dfeefd680a5,d6820024-4c8c-44b8-8098-59f8938ad61c,2025-07-31,1608.55,fashion,0.642,COD,0,3,0.689,metro,1,3,evening,0.7830202777801657,0.7674,1
35529497-7526-4829-9697-d248985a6011,b2260d18-fffa-4383-9ce1-cdafe986cab2,2025-05-16,424.0,beauty,0.235,card,0,29,0.398,metro,0,2,evening,0.4468118022423648,0.2397,1
f4e17fc1-fea1-4c33-8fe9-19a7fe42e437,ed599b6e-2d8f-4189-929f-bf2dbd05f32d,2025-04-22,600.84,grocery,0.119,COD,0,3,0.574,metro,0,7,evening,0.46015210405281526,0.1943,0
a3647f31-c4cb-4299-9025-0639697a58be,eb671c1e-81f6-496c-b68d-49ea47acde37,2025-09-18,467.33,fashion,0.089,UPI,0,14,0.151,tier2,1,1,evening,0.18608348760507418,0.136,0
23356e13-0d26-421d-a5bf-0ec2ef245683,90d4ab83-9a96-4a21-9db9-c0621084e983,2025-04-30,2928.09,home,0.496,card,0,16,0.316,tier2,0,3,afternoon,0.29832839962512075,0.0508,0
67ab058d-7ccd-42b0-ad3b-08d7eb2ce194,d2951b9d-49eb-4eef-8467-6d832ad3d8ac,2025-02-18,2007.48,grocery,0.141,UPI,0,10,0.16,metro,0,4,morning,0.19975800750299405,0.0147,0
042fa567-2dab-4796-91e9-b68f38c25d82,3cee8f97-6a9f-48bd-9130-1eeb62534fd4,2025-02-27,900.76,electronics,0.089,card,0,9,0.0,tier2,0,3,afternoon,0.021433052089598018,0.051,0
32d9bb3a-fa4f-43af-9775-2f3185f91a1c,721b220e-7e4b-40c6-9bfa-ae6d9e8a9c1b,2025-05-10,630.65,home,0.314,COD,0,3,0.037,metro,0,3,afternoon,0.11140768335427466,0.0672,0
f287e7c9-1388-45f2-a3fa-6092a1c5d7be,efca07b7-801d-4f4d-8fd4-f9471ea25c75,2025-07-03,643.92,grocery,0.215,card,0,16,0.466,metro,0,2,morning,0.3870026797871902,0.0255,0
66c4e2e1-e19c-4ca4-9437-bba421e82631,8c999c97-976e-46cb-af9a-8058b87fe589,2025-10-18,1336.23,fashion,0.16,COD,0,4,0.43,tier3,1,5,evening,0.34116143905998736,0.4128,0
340adc9e-002a-40fd-844c-1b2e4d9e0c10,e337d2a3-6032-4e1f-8ce4-a81121aa131e,2025-09-16,2077.45,fashion,0.124,UPI,0,24,0.151,tier3,1,5,morning,0.2771725532528444,0.1446,0
000dabd5-c43d-4e53-88de-537a61b9f518,915abb39-22d8-45e0-a5b6-a6320aeb6892,2025-03-15,1803.22,fashion,0.343,UPI,0,5,0.286,metro,1,4,evening,0.2732031279049196,0.2542,1
bb2879cd-d16e-41e8-a255-b8f28af32f32,bdf5e5de-7033-4345-ac37-819738c0e957,2025-08-20,2485.75,electronics,0.139,UPI,0,27,0.309,tier2,0,4,afternoon,0.2211439005048725,0.0447,0
b14a59d4-051e-4dc6-8f3b-cbc64df1b96f,f87f5cec-4cc7-4356-8a1b-5e82f142a0e0,2025-06-01,958.77,fashion,0.011,netbanking,0,18,0.119,tier2,1,1,evening,0.2242312963277271,0.1519,0
3157b4a3-d440-4bce-ac37-eb6d5a13076a,bdf5e5de-7033-4345-ac37-819738c0e957,2025-05-07,280.88,electronics,0.238,COD,0,28,0.218,tier2,0,4,morning,0.2211439005048725,0.0742,0
c46ac16e-8aaf-43e7-bd98-e4c0955d6cb0,ef558799-261f-4eea-8bbb-c72369467618,2025-02-14,1792.49,fashion,0.19,COD,1,0,,tier2,1,3,morning,0.2476863298562034,0.727,1
987e565f-5e8b-449e-b7a9-5de6b5d559f2,8cabcba8-2b36-4f7e-984b-440baba9ad97,2025-03-03,3432.01,fashion,0.622,card,0,13,0.351,metro,1,1,evening,0.27780100478810504,0.4084,0
7764e940-712f-4c91-a24b-d4a127d438cb,09f0bdb4-9a82-4836-9937-2f88cb2c1621,2025-09-03,992.27,fashion,0.133,card,0,10,0.395,tier2,1,2,afternoon,0.34129841122598414,0.2081,0
ce8a695b-2333-4761-84b1-e9e9d2ec4ff2,7e18e190-4160-45a8-82f8-80895912f569,2025-05-18,1037.34,home,0.47,COD,1,0,,tier2,0,4,evening,0.08802142828916741,0.322,0
bd6d5bdd-8a6c-4de2-84c7-12f17eae7daf,80cef85a-5938-4801-9fa5-9b6c0de0cc08,2025-10-06,3283.91,fashion,0.388,UPI,0,14,0.221,tier2,1,4,evening,0.2042925306906814,0.2925,0
5c4e4742-1898-4db4-8358-2332b534ac30,bcdeb425-8e18-4df0-9d56-77acc6d259f7,2025-07-05,1672.46,fashion,0.252,UPI,0,11,0.426,tier3,1,7,afternoon,0.2145242588320448,0.5498,1
c7b1f01a-512e-4589-b695-d1e24aaa3561,71add523-5425-4cf7-ab69-7dd4d3e863a6,2025-07-30,250.0,fashion,0.145,card,0,2,0.168,tier2,1,2,evening,0.024014279411654592,0.2168,0
998c2082-4263-4825-bf03-9ad50f5ddc7f,f4f9557a-86f4-4bf5-ae07-480ff58c6f7a,2025-08-09,250.0,fashion,0.567,card,0,8,0.194,metro,1,1,afternoon,0.04552205229964168,0.2071,0
2eb9cb0a-c9de-40ed-886d-334c8bd8405e,c098bafa-20a7-4c6c-9fce-d433c8e83be7,2025-09-12,2041.32,electronics,0.204,COD,0,22,0.339,tier2,0,3,evening,0.27580452681496,0.0785,0
a26f6cd5-2270-44ae-a261-8712e9a9edbe,bd3c3573-0103-48f0-b2c0-b7ec007b2db3,2025-03-24,783.25,electronics,0.207,COD,0,9,0.349,metro,0,1,evening,0.23310699843617838,0.1825,1
1db665e6-4ba9-4871-a8a1-5a9a988d628a,2efa495b-823a-41bc-843a-d9fcbc5f76d9,2025-08-27,573.55,electronics,0.344,UPI,0,6,0.125,metro,0,6,night,0.11300670394722269,0.0253,0
612948f6-2615-4edf-b6bb-e5c5aad3fd41,937f81a2-0c57-467d-869e-aaae2412816a,2025-08-04,263.13,beauty,0.473,UPI,0,17,0.173,metro,0,3,evening,0.2365731909103324,0.0499,1
f5c5ea3d-199d-4394-b659-32d7ba55b154,023b9e7c-1296-4744-8d72-4287487c387a,2025-01-11,7193.42,fashion,0.497,COD,0,12,0.519,tier3,1,8,morning,0.3858310964520147,0.6089,0
092fe877-ce7d-432e-87cc-e79a97ccf91f,887cd766-18e3-4ea8-a875-45653621258e,2025-04-25,250.0,fashion,0.084,COD,0,2,0.257,metro,1,3,evening,0.3724144400903301,0.6252,1
521ed5f5-5e25-4342-a2ed-0daaa60f0910,8e026cd5-66a9-4e6d-a84e-003050b8f814,2025-07-21,1521.99,grocery,0.164,COD,0,2,0.249,tier2,0,3,morning,0.170527023331992,0.1303,0
1804757d-ecbe-401c-90fc-0d30ea34c47d,96605643-5d7c-4608-a7b9-f8a186bcac96,2025-07-18,330.55,home,0.414,card,0,4,0.315,tier3,0,3,morning,0.26428705277408854,0.1682,0
22fd0a2b-579a-4ac0-982b-139de6f70399,6c56ea03-6f25-465a-8841-c114051cab81,2025-05-19,618.8,electronics,0.393,UPI,0,17,0.353,metro,0,4,morning,0.29048499029100583,0.0219,0
952bc952-d95e-4e12-8857-aaed961ef6b4,b15097c2-354a-48aa-8b88-0fc27a70d24f,2025-07-05,1460.19,fashion,0.127,UPI,0,16,0.262,tier2,1,3,afternoon,0.35941268307576457,0.0517,0
5759878e-ac6e-447a-ae0a-fb783d849b8c,b3ec9aa8-7274-4b7f-a05c-055dbdcf24cd,2025-05-15,445.72,fashion,0.513,UPI,1,0,,tier2,1,5,night,0.21619857349767982,0.5304,0
3f6fb7f1-5167-4224-88d0-3cd149eedbcc,f04fffa3-5b04-4da0-9f3b-8a6b87fc1e74,2025-01-21,2216.4,fashion,0.154,COD,0,21,0.287,metro,1,5,morning,0.3517803851773976,0.6197,1
fcf2df3a-8b48-44a7-90d8-a5c744acb10f,d2951b9d-49eb-4eef-8467-6d832ad3d8ac,2025-08-24,1616.34,electronics,0.371,UPI,0,11,0.211,tier3,0,7,afternoon,0.19975800750299405,0.0573,0
a6851906-b537-47f3-8a22-32be8f437dd8,ab402b2b-f644-4050-9b7a-256960a2b70d,2025-01-21,504.91,electronics,0.222,COD,0,6,0.308,metro,0,3,evening,0.2537284053397563,0.215,0
fe301349-50a6-4835-9436-da8d247f2536,76e3ab4e-0d33-4910-81b9-f0f04685b7d6,2025-07-15,1715.9,electronics,0.047,card,0,10,0.0,tier2,0,2,evening,0.06842336486313001,0.0288,0
0cf47829-b8ee-46c1-9f49-3943e56c8d77,6a519818-5d7a-4c29-8335-36ddcbeecc4b,2025-04-20,3290.37,fashion,0.253,UPI,0,2,0.637,tier3,1,3,night,0.5811731376045629,0.2633,0
5779061d-957b-4b3e-beca-1081dbc22c53,551aee57-0df4-4a51-9afa-0babaf28b33a,2025-02-14,2513.07,electronics,0.246,card,0,26,0.275,tier2,0,5,afternoon,0.18168234468688693,0.0357,0
78c2665f-5889-4cf7-b104-91b600cd04a6,e5a6b7a7-ed88-4924-9865-37d2498eaca8,2025-06-26,1161.81,grocery,0.203,COD,0,8,0.409,tier2,0,1,evening,0.5527709467025828,0.0442,0
34d0d65d-af15-45ae-9bdb-3e705afec86b,4c3650cb-e088-4c11-a624-1102a42ebe08,2025-07-25,2899.58,beauty,0.345,card,0,9,0.052,metro,0,2,afternoon,0.03297163095944513,0.0612,0
60a4df37-ee0a-4f45-92a3-8fc3d121d468,8072997b-4154-420b-b82c-3e57d37444e3,2025-05-24,611.05,electronics,0.05,card,0,7,0.356,tier2,0,2,evening,0.2676344641423701,0.0335,0
50d520dc-5fa7-4e49-8a86-57a118b9e932,b5daeff1-0e3f-47c3-be6d-6411c18d7d85,2025-08-09,266.58,beauty,0.316,COD,0,3,0.038,tier2,1,1,morning,0.12950940053657903,0.4722,0
f4a8e3d1-4159-45c7-8974-114a0ea92621,ad2d4f8f-0895-4bcd-b4d5-dc8a0e0e2da2,2025-10-04,753.98,fashion,0.299,UPI,0,1,0.321,metro,1,4,evening,0.2773816073359342,0.2112,0
6c71ee26-e78e-47d6-811b-65fc87cad480,412fdcc8-a20c-4ee8-986c-d10d8bf4a971,2025-03-01,319.45,home,0.268,card,0,7,0.567,tier3,0,5,night,0.6645072620284929,0.1496,0
ea847934-77ff-4548-9d96-59ee121eb567,d68bbbc3-6511-4b4d-b898-eb8a9a3435c0,2025-05-26,515.15,fashion,0.505,UPI,0,10,0.137,tier2,1,2,afternoon,0.0912579377429543,0.1019,0
45d97f09-5ede-43f6-8e8f-7470301ddd53,915abb39-22d8-45e0-a5b6-a6320aeb6892,2025-06-07,250.0,fashion,0.394,COD,0,6,0.39,tier2,0,6,morning,0.2732031279049196,0.556,1
477119ae-be5a-4236-ac40-9560f8d65f50,8779fb27-f743-4810-ab5b-061f3407a98f,2025-03-02,595.98,beauty,0.309,COD,0,8,0.368,tier3,0,10,afternoon,0.18284841178251302,0.4699,1
1c572c48-cde4-4500-94f8-090682d86bd3,a08bc761-e2d2-46cc-952a-3d23d15d5fac,2025-03-05,542.58,fashion,0.297,UPI,0,15,0.362,tier2,1,5,afternoon,0.30018529874356914,0.4665,1
3b8b569a-bf5c-430f-b0c0-6f9bf9537445,cdfac639-c4a1-4655-be5a-2d787e76f71c,2025-07-17,1268.78,home,0.037,card,0,24,0.188,tier2,0,3,afternoon,0.18576378008237582,0.0277,0
ecd94074-d5f4-4afb-9df8-12b050d38b33,f697590d-f50d-4802-8968-8e26c502eb3e,2025-07-26,534.3,beauty,0.599,card,0,6,0.148,metro,0,1,morning,0.26335659719559446,0.144,0
09aabd07-607c-4a71-9416-40413a6dd953,737e35bc-4ea3-42a4-9c26-b22f7099bf28,2025-04-16,250.0,home,0.231,card,0,8,0.007,tier3,0,7,morning,0.05662677973259444,0.1083,0
b1337cad-b060-47ba-9445-fd2573d8328a,fa6a8767-7e2a-4113-bdf9-a05ed044b7d7,2025-09-27,2215.26,fashion,0.468,UPI,0,3,0.329,tier2,1,4,night,0.1965713354260339,0.1552,0
e1f6032f-bc9f-400d-8068-429829740b14,d6fdc281-9e44-4959-9b10-94c0f2ca13ae,2025-01-02,332.03,fashion,0.354,netbanking,0,1,0.444,tier3,1,8,evening,0.443593609971502,0.3887,0
414dd242-2dc5-4a49-93b5-d4c733415364,7c4561a1-0fb1-4641-bf3c-02486cc5d63f,2025-01-24,752.23,electronics,0.18,UPI,0,3,0.302,metro,0,6,morning,0.33399605777104996,0.0321,0
4dd1f81f-161f-4de2-b2c3-c978266c215b,ab402b2b-f644-4050-9b7a-256960a2b70d,2025-05-19,1105.39,home,0.108,UPI,0,7,0.264,tier2,0,1,evening,0.2537284053397563,0.0315,0
f2ccd041-1cc1-45a1-be43-639e0860a662,03155ba3-cd3a-4a32-9885-eaa1d5a0f4a0,2025-09-29,2343.41,fashion,0.199,card,0,17,0.44,tier3,1,3,evening,0.4955830568370258,0.2359,0
c5f28120-0b70-4a14-b585-9e3401625432,551aee57-0df4-4a51-9afa-0babaf28b33a,2025-05-22,2259.84,fashion,0.052,UPI,0,27,0.163,metro,1,3,evening,0.18168234468688693,0.0743,0
60b5f145-f791-4ffa-96d5-ebae35da844f,5a4e456a-7177-438a-a82d-59e0133f3eb9,2025-05-13,1050.91,electronics,0.249,UPI,0,35,0.339,tier3,0,4,evening,0.23069756686430742,0.074,0
0b251503-2b78-444a-b9e7-ec01dd516da8,1e8c36c2-6ec2-42d0-bed2-1a1c361dd692,2025-09-08,697.91,beauty,0.399,COD,0,11,0.317,metro,0,2,morning,0.32830159764792616,0.3548,0
74f6cffc-ab48-41f7-88cf-50f24fe968ec,dbcfa484-3e27-41f3-a2d5-0bd20054c665,2025-03-14,631.73,home,0.7,UPI,0,3,0.109,tier2,0,4,evening,0.10784218495956682,0.1755,0
3252035c-ab8f-4748-9156-c02d34953c21,551aee57-0df4-4a51-9afa-0babaf28b33a,2025-04-07,413.6,fashion,0.356,UPI,0,28,0.213,tier3,1,6,morning,0.18168234468688693,0.4887,0
2cee4739-193d-4db0-bfe2-db24a26af605,551aee57-0df4-4a51-9afa-0babaf28b33a,2025-07-15,1373.37,beauty,0.335,UPI,0,29,0.033,tier3,0,5,evening,0.18168234468688693,0.0764,0
d4566f7f-78b8-4d5a-8309-a69eac94cc89,9cfbe601-0322-4c7f-a8fc-089374a870d3,2025-08-04,250.0,home,0.464,COD,0,13,0.314,tier3,0,4,evening,0.2677657562695904,0.2824,1
d8e1eb4f-8e40-4674-b3e1-18156fae771a,1e8c36c2-6ec2-42d0-bed2-1a1c361dd692,2025-07-12,250.0,home,0.317,COD,0,12,0.169,tier2,0,5,night,0.32830159764792616,0.1208,0
4998f1aa-75cf-4f13-973b-8f4378a9a4d1,5ff7e6f7-bf67-429b-a279-8d793da6950f,2025-05-25,20000.0,fashion,0.269,UPI,0,1,0.26,tier3,1,6,evening,0.10843217168086294,0.0401,0
38e89ff2-fc0d-45f9-8735-8038af705719,bc9aa5af-cb2d-49cb-8b51-cbd09afee7b7,2025-06-17,1756.52,home,0.714,COD,0,10,0.33,metro,0,3,afternoon,0.34134778732339127,0.4608,1
e3684ef4-9975-4556-b550-4c476a20fa4d,754ee000-0eb3-4857-a2e8-476c39a286c0,2025-06-21,10453.89,fashion,0.129,UPI,0,7,0.096,tier3,1,6,evening,0.2831068452109286,0.1436,0
956c855a-3089-4827-975f-293ea896e660,d2951b9d-49eb-4eef-8467-6d832ad3d8ac,2025-10-09,250.0,beauty,0.19,COD,0,12,0.273,metro,0,3,evening,0.19975800750299405,0.2287,1
122fd0c0-7fe6-4b4f-9cf4-180759987152,c6bd3ced-8dfd-418f-9676-7701c939761a,2025-06-27,532.17,beauty,0.209,card,0,4,0.068,metro,0,1,afternoon,0.0851383244395845,0.0424,0
039f23cb-cc8d-47a9-ba03-c9ef76a084f0,cc825a9c-6ef8-48bc-90ca-0bc2af6a4e40,2025-10-19,507.92,fashion,0.524,netbanking,0,9,0.283,metro,1,1,evening,0.27966983742156076,0.1914,0
465ffdde-4468-4b7a-8c69-e9bb2da42ec3,ef3c5eb1-df39-44cd-b40c-2dba5d3ff964,2025-09-17,614.85,home,0.394,UPI,0,1,0.133,tier2,0,2,evening,0.1171182105953482,0.0384,0
b03d672c-0dcf-4385-a8eb-1b46a4bccc0d,30ed7aa6-3495-4b99-970b-27c038e98f99,2025-10-12,9963.51,home,0.233,UPI,0,11,0.192,tier2,0,2,afternoon,0.30707185083804733,0.006,0
1985c0b3-1045-4357-9986-e1612588a26f,e0c7f018-d138-4b2a-8686-c7bc5a512a86,2025-09-17,3055.93,fashion,0.195,COD,0,10,0.238,metro,1,5,morning,0.32765833124561905,0.4795,1
28a0d3c9-36fb-4e90-bb76-64c379e6dea2,5a4e456a-7177-438a-a82d-59e0133f3eb9,2025-07-16,318.14,fashion,0.387,COD,0,36,0.058,metro,0,3,afternoon,0.23069756686430742,0.333,0
f9e4eb56-fbb5-4cb1-88de-f2785b14876a,5177ad25-f39b-42aa-9106-28c069721b05,2025-08-12,1511.76,home,0.127,COD,0,5,0.141,metro,0,1,morning,0.09342709211833844,0.3251,0
f74fd014-a7cc-4722-8137-c62e40ba57e6,2fc6afa7-2705-415e-9700-b4f6cc268053,2025-03-12,329.85,beauty,0.196,UPI,0,2,0.272,metro,0,2,morning,0.21207519145076628,0.0709,0
7af818f0-b12b-4c15-b855-d9128ef8d5a0,a08bc761-e2d2-46cc-952a-3d23d15d5fac,2025-01-15,522.63,home,0.15,COD,0,16,0.285,metro,0,4,morning,0.30018529874356914,0.1656,0
74e01b64-553e-48a9-9f83-f1dbc8d91a91,0bc6959a-afc2-4cf6-a24b-933a37e267c4,2025-08-14,1785.33,beauty,0.581,COD,0,2,0.498,metro,1,2,evening,0.6014601912708131,0.6175,1
d5342310-2e51-42a9-ae4f-a30e2085509f,368619be-bb72-4331-b85e-4d09315eae3f,2025-05-02,367.32,fashion,0.212,UPI,1,0,,tier2,1,3,night,0.14314615018899832,0.5046,1
853f5aba-ea23-453f-bda6-4865c848d058,2901b309-1a82-4af4-b3b4-8971bea2dd83,2025-02-27,8229.05,fashion,0.206,netbanking,0,3,0.193,metro,1,5,evening,0.19326835646210286,0.0436,0
716ddbda-964b-41b1-a1ef-1c0d87ef97e8,8cabcba8-2b36-4f7e-984b-440baba9ad97,2025-01-23,415.81,electronics,0.492,card,0,14,0.238,metro,0,3,afternoon,0.27780100478810504,0.0747,0
6e6c282e-2b6d-4866-8b5d-9a4232d2d79c,7f892973-babf-4935-bab7-187b59d8b023,2025-05-30,797.45,electronics,0.272,COD,0,19,0.272,tier3,0,5,morning,0.2434169799043869,0.2777,1
7115fb6d-00fc-4dc3-b079-119b30f6c8f4,b15097c2-354a-48aa-8b88-0fc27a70d24f,2025-01-24,334.83,electronics,0.279,netbanking,0,17,0.228,tier3,0,4,morning,0.35941268307576457,0.1852,0
d6b412a2-3c82-495e-9b92-ab0ea01f1d63,47cb53b5-07a8-4133-916b-09b281c51f88,2025-08-14,2891.77,grocery,0.294,COD,0,6,0.3,metro,0,3,night,0.35614412579298554,0.0411,0
2bb0f7e4-894b-4972-a946-ddec2ecea5d1,bd3c3573-0103-48f0-b2c0-b7ec007b2db3,2025-07-18,1772.54,fashion,0.474,UPI,0,10,0.255,metro,0,7,morning,0.23310699843617838,0.1959,0
9ec259ff-aabd-4ae3-b67c-d4960cc912cb,48242df6-6544-46ca-8243-b23028d6d805,2025-10-08,5405.17,electronics,0.047,COD,0,13,0.203,metro,0,3,morning,0.1548544510371693,0.0476,0
01c96883-f2d9-4382-9b54-ceccddb42e37,928114f7-f956-485a-b601-6b40b48c18d7,2025-05-30,860.72,electronics,0.71,COD,0,17,0.27,tier3,0,6,afternoon,0.29038571770418864,0.3811,0
5819b66f-5d4f-40b2-bb1e-4f34e4581fa6,21f3a00d-b7f7-4e5c-b2c7-c83a760cc691,2025-04-12,525.98,electronics,0.387,UPI,0,4,0.118,metro,0,1,evening,0.07293918209014336,0.0871,0
54b34f04-45ec-4b34-a57b-bbaa5cd92a6c,32031148-6c2b-49dd-a326-f9536a99cd45,2025-02-18,447.99,beauty,0.261,UPI,0,2,0.186,tier3,0,7,evening,0.24680180551951414,0.3947,1
1a87223d-555c-4586-a5fd-524f3c19a896,c098bafa-20a7-4c6c-9fce-d433c8e83be7,2025-09-18,250.0,home,0.045,card,0,23,0.317,tier3,0,6,night,0.27580452681496,0.1245,0
69167b7d-c9c6-45ac-9ec2-39e2249af197,6ee40732-6232-4eb1-8f91-0cda941780d6,2025-05-18,9933.64,fashion,0.199,UPI,0,2,0.305,tier3,1,5,afternoon,0.37008993339073415,0.058,0
84e708f5-1190-4577-98cf-cc06e2aba7d1,e0be4c42-c5d2-46e6-98a3-f57143c81929,2025-02-12,5726.81,fashion,0.089,card,0,17,0.217,metro,0,1,afternoon,0.23228588338828865,0.0176,0
b38fd5af-9601-4094-a122-9f66998b51f3,9624258c-4f43-4c23-8a52-ae3657722b57,2025-09-12,250.0,fashion,0.24,COD,0,18,0.42,metro,1,1,morning,0.4134664929263236,0.5099,0
a8b00afa-f7d5-478c-b730-428fb26e66a9,c098bafa-20a7-4c6c-9fce-d433c8e83be7,2025-01-23,8490.17,electronics,0.329,UPI,0,24,0.281,metro,0,3,evening,0.27580452681496,0.0329,0
54ae734c-c86b-422b-8a1f-01b0164b38e0,fece3053-752e-4f5a-b715-c3d8cb10cde7,2025-07-25,7520.83,beauty,0.194,COD,0,11,0.252,tier3,0,5,afternoon,0.2486017792851423,0.0981,0
97a715bc-e326-49f6-a141-b07abd315461,67991ec5-6540-4afc-8700-1e97c8b7427e,2025-04-12,2038.4,grocery,0.326,UPI,0,10,0.205,metro,0,4,afternoon,0.13954174495960747,0.0268,0
7ef0075f-60d6-4b99-8ee6-ae0f4605162e,7ac50be3-7d5d-43cf-b103-1bd15ed90d91,2025-04-24,633.02,fashion,0.151,UPI,0,6,0.121,tier2,0,1,afternoon,0.16177634634701885,0.2543,0
c35d4ebd-dcb4-49d2-aa62-51025498e1c6,915abb39-22d8-45e0-a5b6-a6320aeb6892,2025-10-09,1128.17,fashion,0.251,COD,0,7,0.188,tier2,1,3,morning,0.2732031279049196,0.547,0
de020fcc-2fdb-41e1-806a-7787dca89d82,afbedcf2-f5d0-441d-8f1d-dff0523a9d8e,2025-03-30,3784.15,home,0.113,UPI,0,13,0.087,tier3,0,7,evening,0.08979930230446,0.0503,0
c7228e15-d243-45ed-8352-8d8041e511b8,6dcbc337-b789-4bd9-a661-20e6aae5f28e,2025-01-10,2279.37,fashion,0.042,UPI,0,4,0.013,tier2,1,3,night,0.13102794820675195,0.0495,0
0d01500e-9dfa-4e58-bc5f-56829d88bf1c,31f53599-3fbf-4d54-b360-4ebd731496d0,2025-02-11,1171.37,home,0.185,card,0,5,0.209,tier2,0,1,afternoon,0.3108899842101137,0.1,0
e1dac489-0d61-47e1-8037-a0597d076886,f4f9557a-86f4-4bf5-ae07-480ff58c6f7a,2025-06-04,7096.54,home,0.226,COD,0,9,0.0,metro,0,2,morning,0.04552205229964168,0.065,0
9b7ba366-f8bc-43f2-8320-04a756990db8,80f07223-667a-4ee1-8200-c492deff8cd7,2025-08-02,10665.87,home,0.231,card,1,0,,metro,0,3,evening,0.22490603406589493,0.0563,0
b7f5b2b9-e089-4267-a434-c406dc747c37,55d5bc4c-7c8a-442f-b65c-64ab85db7d38,2025-07-02,9077.27,beauty,0.346,UPI,0,8,0.301,metro,0,3,evening,0.32801543383093573,0.0147,0
c4e71060-6b78-4926-b8e2-359f456f0aad,b5214a86-0454-4ac2-900e-2783858d45dd,2025-04-29,2913.36,beauty,0.243,UPI,0,4,0.34,metro,1,2,afternoon,0.31538639948094277,0.1209,0
f01f4fce-2639-40b6-9ca1-a12fad4af389,bb979d3d-d61a-4c89-bbda-657156be921e,2025-08-23,305.2,fashion,0.293,COD,0,10,0.543,tier2,0,3,afternoon,0.3797344893685818,0.5404,1
ae1b84d9-c950-4a5e-b048-0f4bb111b728,3f175ef7-cb46-404c-ae55-2d22b3544172,2025-02-21,764.65,home,0.188,COD,0,27,0.079,tier2,0,3,evening,0.048627470043128354,0.0634,0
1516c39b-1cbd-40a4-9693-d9377f66ac03,61333330-b1a5-4c86-81d1-a619578e5835,2025-02-04,2842.71,home,0.308,netbanking,0,7,0.245,tier3,0,6,afternoon,0.18587087319682674,0.1047,0
f1fe5607-953f-4e04-a212-dfc5301240a1,120ca7c2-c829-4bd3-a5c3-c8c75cfc1c34,2025-05-10,320.47,beauty,0.299,UPI,1,0,,tier3,1,4,afternoon,0.4369142138857339,0.6039,1
fb8fdf65-d233-48a2-8976-b318707d5346,7f892973-babf-4935-bab7-187b59d8b023,2025-05-23,1647.05,beauty,0.335,UPI,0,20,0.229,tier2,0,4,evening,0.2434169799043869,0.0645,0
2fe4d8fd-4521-464e-a049-f349ffe9c3b6,bc9aa5af-cb2d-49cb-8b51-cbd09afee7b7,2025-02-09,549.55,fashion,0.127,card,0,11,0.212,metro,1,2,afternoon,0.34134778732339127,0.2818,1
0cbed323-1d87-4038-9cd4-5a5c10ae3c49,0c74865a-8fb4-4dd6-b137-e4f24324d1e7,2025-09-29,2517.74,home,0.19,UPI,0,2,0.475,tier3,0,5,night,0.40770299645353353,0.0943,0
27f3ab99-25de-44ec-bf13-2d1b8e78f85f,646d5ad3-e9bd-4fdd-a320-1a714936ad70,2025-07-09,1992.3,beauty,0.346,COD,0,1,0.047,tier3,0,5,morning,0.08541324673316718,0.2178,0
6132b5cc-5038-4f66-ac22-9447be255f3b,368619be-bb72-4331-b85e-4d09315eae3f,2025-04-21,1041.96,beauty,0.116,card,0,1,0.086,metro,0,5,evening,0.14314615018899832,0.0804,0
38a65b56-297a-41e6-85d8-3718c6d9ff25,bd3c3573-0103-48f0-b2c0-b7ec007b2db3,2025-08-09,2368.96,fashion,0.218,COD,0,11,0.272,tier2,1,3,night,0.23310699843617838,0.3171,1
31e7f7c4-7901-4328-8c55-c78976b2f796,9d939e1c-b8da-4c70-95f1-935678f16771,2025-09-17,972.87,electronics,0.282,UPI,0,2,0.057,metro,0,2,afternoon,0.19264547693073103,0.0179,0
253a75e5-944c-48cc-829c-fbd5a814d39a,02ffec55-c4c8-4c8f-bbb3-f771110e44c2,2025-07-12,944.74,electronics,0.422,COD,0,4,0.445,tier3,0,3,afternoon,0.43544254381347786,0.2672,0
a13e9383-dfbd-4480-92b2-652155a65d9f,b7cf8b3e-8cbc-41b9-b7a4-c29693d32968,2025-08-23,2266.68,electronics,0.322,UPI,0,6,0.374,tier2,0,3,morning,0.23865381601921165,0.0743,0
86dd7a87-12f9-47c0-88b8-5f93a07d9063,7f892973-babf-4935-bab7-187b59d8b023,2025-10-14,752.59,fashion,0.265,UPI,0,21,0.189,metro,1,4,morning,0.2434169799043869,0.2275,0
58e70497-649a-4f9d-95aa-8723cdc293dd,cba1f52f-9905-4405-b96d-4c622c0b248e,2025-01-30,1105.41,fashion,0.355,netbanking,0,14,0.466,tier2,1,2,evening,0.4451782602422671,0.3839,1
ffc9ae7f-c4f1-49a9-993a-4ae9c5492314,488818a4-8adb-4718-b41a-823c7f2b2ab8,2025-03-17,431.94,fashion,0.143,card,0,11,0.131,tier2,1,1,evening,0.25703386186733934,0.128,1
bda51c2a-b384-4400-8811-8a7ecf3fbe13,7abb60f8-6a15-44b0-8a8a-33cf510670a6,2025-07-23,2125.17,fashion,0.336,COD,0,15,0.099,metro,1,4,morning,0.03542903995029727,0.4142,0
1a4b8f47-7b38-41d6-a3de-1dcae4cfa081,14e9a40c-48f4-4b52-8121-a603990cd08e,2025-08-01,893.0,fashion,0.332,UPI,0,4,0.635,tier2,1,3,morning,0.5997722687005431,0.3923,1
4d496774-405b-4d76-80b0-bb67f2bb8689,1d3711ba-d24a-4a3f-a986-be3504e88676,2025-01-28,4737.97,electronics,0.412,COD,1,0,,tier2,0,1,night,0.16676799610424997,0.4476,0
86aecc94-0def-4e9c-87dc-bc30e58d952b,efca07b7-801d-4f4d-8fd4-f9471ea25c75,2025-04-27,2764.19,electronics,0.206,COD,0,17,0.283,tier3,0,6,morning,0.3870026797871902,0.2863,0
05e5a7e1-b12d-40c3-9323-6f9855575838,ef114af5-d327-4f43-b130-12fc88eb3ef9,2025-09-26,250.0,fashion,0.303,UPI,0,3,0.278,tier2,1,6,evening,0.19519031892731586,0.4049,0
589661c6-af98-4be9-954c-17f6da983240,f511f812-b332-434e-84ac-a8d69f0d2875,2025-01-23,7108.47,home,0.518,card,0,17,0.141,metro,0,4,evening,0.1091421274751211,0.0301,0
c961dea8-35b7-4880-a136-a8cd3ffb5e02,252fa25e-5a02-42f5-a1c4-5b0b9cde0a61,2025-05-19,358.22,grocery,0.173,COD,0,4,0.185,metro,0,3,morning,0.2798243783472397,0.0553,0
376cb349-0e16-44c8-a0d1-02e18b03ff8a,412fdcc8-a20c-4ee8-986c-d10d8bf4a971,2025-06-29,250.0,home,0.365,UPI,0,8,0.729,metro,0,3,night,0.6645072620284929,0.1545,0
d8e9d511-6fdb-4b40-8029-c90941f2625f,efca07b7-801d-4f4d-8fd4-f9471ea25c75,2025-09-10,523.69,beauty,0.18,card,0,18,0.122,tier3,0,9,afternoon,0.3870026797871902,0.1417,0
cbc2b3d0-0d83-498a-a103-9b3e47071920,8506b021-403c-46b4-ab99-86649962eacc,2025-05-23,2380.23,electronics,0.417,card,0,1,0.099,tier2,0,1,evening,0.03200477582582108,0.0802,0
077372f1-2842-428a-9a1d-85823dc9fe7e,bd1084dd-629c-4150-a764-2ccea032f578,2025-09-23,1577.44,electronics,0.383,netbanking,0,19,0.102,tier2,0,5,morning,0.21989011196511407,0.023,0
7205ebf2-6391-430f-a427-151877b9bf38,02a9477e-48f9-41c5-b992-a167ea1cd57a,2025-05-21,477.5,fashion,0.145,COD,0,11,0.31,metro,1,4,morning,0.26357426902472036,0.3452,0
d34ab691-f445-494d-861f-c55a7a7bb462,e00aee23-a662-4324-a4a5-0e0de6737638,2025-05-19,696.92,fashion,0.312,UPI,1,0,,tier2,1,6,afternoon,0.1486689431184178,0.6986,0
078501b0-c4be-443f-9008-cc273aaddb49,31f344da-4c1e-47ec-af4b-557c14d0e8e0,2025-04-29,1608.45,home,0.628,UPI,0,11,0.668,metro,0,2,morning,0.6039320915435429,0.1485,0
e29d7cf7-c240-4d8d-b83f-3590c0b1dbc7,bc9aa5af-cb2d-49cb-8b51-cbd09afee7b7,2025-08-08,571.95,electronics,0.176,card,0,12,0.526,metro,0,4,night,0.34134778732339127,0.0397,0
85600274-02a1-49e4-ac91-7446c9d1db47,3bd11f4d-7dd1-422b-8df9-7dc5cf636fc9,2025-04-07,1773.6,fashion,0.418,COD,0,4,0.292,metro,1,3,morning,0.3052133289526958,0.6445,0
75cd4b6f-0855-4a91-b7bc-9c880a66aca6,bc67f04f-53a4-43cd-bd06-3381487252ad,2025-06-09,250.0,beauty,0.667,COD,0,3,0.312,metro,0,1,evening,0.17989879744905538,0.4492,1
8cd44932-1447-4a60-8e27-36a9a6547474,b3f33ef6-3953-4fa2-b5c0-493473e40312,2025-02-09,783.04,home,0.429,UPI,0,26,0.36,metro,0,4,evening,0.24874291058771908,0.1107,0
b5077a25-3e2c-41bc-acc5-6c964fce2cd9,be86c495-6c85-4ee9-9262-936331392692,2025-01-06,519.57,electronics,0.114,COD,0,1,0.125,metro,0,5,evening,0.22367316697863052,0.1306,0
f17ad626-86af-4ffe-86f2-d93a33832a6f,8aad1534-c5ee-4b92-be7e-78a529af82b8,2025-05-31,787.66,electronics,0.431,UPI,0,6,0.311,metro,0,2,night,0.36581399891508337,0.0636,0
d27eb10b-37ab-4ebe-b844-de533675bd9c,85b1b046-b92a-47eb-8d3e-e29343ddaf4c,2025-08-01,2436.29,fashion,0.107,UPI,1,0,,metro,1,3,afternoon,0.2439801007675435,0.2749,0
0b8ee4f5-0eb5-4a5a-9442-a911bb0ccc77,6d81b599-cb53-46f9-8600-bf12fd1acddf,2025-06-06,703.42,home,0.072,COD,0,12,0.074,tier2,0,4,evening,0.1373435706874969,0.128,0
0246dd82-c6ed-4b64-904d-504014e9d909,e7003096-072a-48a6-8f1e-8ff340a5abf6,2025-04-19,874.51,electronics,0.698,UPI,0,9,0.259,tier2,0,3,afternoon,0.2568909066288726,0.1026,0
c188c757-9ccf-4d15-aeaa-d223393fde78,a08bc761-e2d2-46cc-952a-3d23d15d5fac,2025-07-08,391.52,fashion,0.063,card,0,17,0.363,metro,1,1,evening,0.30018529874356914,0.1563,0
6ff25ede-8ca5-4c8c-aa56-5c7c6fe4f352,4b641fb2-3437-4f0f-9c67-9222d63bef6e,2025-09-11,7276.37,beauty,0.063,COD,0,9,0.274,tier2,0,4,evening,0.3016559281489719,0.049,0
27e29952-35c2-46be-80ec-055b54a0ec6c,0cda93ce-c1c0-4a32-b6d5-7cd7417248d8,2025-03-16,1013.0,fashion,0.333,UPI,1,0,,tier3,1,3,evening,0.30369779202070374,0.4403,1
27ce6a97-609d-483c-89cd-410e254c4c8f,f87f5cec-4cc7-4356-8a1b-5e82f142a0e0,2025-04-08,1798.7,fashion,0.216,UPI,0,19,0.225,tier2,1,2,afternoon,0.2242312963277271,0.1539,1
54523bc8-6176-45db-9e75-90670fa3064e,80cef85a-5938-4801-9fa5-9b6c0de0cc08,2025-01-21,525.61,electronics,0.118,COD,0,15,0.274,metro,0,2,afternoon,0.2042925306906814,0.0395,0
9d5479f9-6d40-445c-8d1f-95baf14817c6,e1b869a4-d9a8-4505-b847-1920324a5e4e,2025-07-21,2385.04,electronics,0.067,COD,0,2,0.193,metro,0,3,evening,0.20321741031586962,0.1008,0
a5f99965-b90d-4c62-9b99-b73ea90a4ed0,beb549df-d9cf-44ad-8d90-33d474eb66b0,2025-04-16,3148.1,grocery,0.411,COD,0,3,0.525,tier2,0,6,afternoon,0.36242851871884985,0.1864,0
43691d02-f25e-4878-90d1-70c9dd8ecf43,f09c937a-0804-43e0-880f-0de7b04d4b54,2025-07-24,3509.72,fashion,0.201,UPI,0,1,0.362,tier3,1,6,night,0.26371837835861184,0.4657,0
b8a467d4-f1e2-407c-a605-570fa0bf2ad1,8779fb27-f743-4810-ab5b-061f3407a98f,2025-06-11,793.22,electronics,0.209,COD,0,9,0.138,tier2,0,5,evening,0.18284841178251302,0.0614,0
262a5ec1-8a85-44cb-a6c4-cef9729ae43c,e8f694f4-75c7-4b9d-8461-3f6fce844e62,2025-01-09,1254.43,electronics,0.08,UPI,0,8,0.179,metro,0,4,night,0.10058728392504118,0.0158,0
3fa017f8-f56d-4c3b-aeb7-b13a065dd285,8cabcba8-2b36-4f7e-984b-440baba9ad97,2025-02-26,1555.83,fashion,0.155,COD,0,15,0.408,metro,1,5,afternoon,0.27780100478810504,0.5528,0
3a4476b1-2a3b-4039-8aa5-adb0e6dbc505,6691be4b-2f05-471e-880b-641b361f736f,2025-07-26,1646.48,home,0.265,card,0,23,0.211,tier3,0,2,evening,0.2916477929418046,0.0415,0
605513c9-e7d2-4b6c-b11c-672b04657fd6,6da1cfb2-8cde-4559-b77f-cde6ec497d2d,2025-01-10,3199.87,home,0.381,UPI,0,1,0.284,metro,0,4,evening,0.4390524811910615,0.063,0
c8b8579d-f532-438d-a226-a6ed60ea97b0,9a625667-7231-477f-bae5-82ef700249d8,2025-09-26,662.3,electronics,0.13,COD,1,0,,metro,0,1,night,0.2447413991389511,0.2093,0
30afe182-6c58-4808-9f37-710cb1efe084,6c751e7f-201c-457e-9d70-b239e0463208,2025-05-21,739.68,electronics,0.065,UPI,0,2,0.452,tier2,0,10,evening,0.3355449419523954,0.1703,1
80e4ab45-7ed8-4db6-892f-f8a7d66a6a03,cba1f52f-9905-4405-b96d-4c622c0b248e,2025-04-21,1424.2,grocery,0.248,card,0,15,0.526,tier3,0,3,afternoon,0.4451782602422671,0.0543,0
c8b734a6-9a5b-4b18-975d-a0b099b54b91,38384398-7058-4fd7-b01b-cbda8d50a490,2025-06-07,439.59,electronics,0.354,netbanking,0,10,0.18,tier3,0,3,afternoon,0.12601617248198352,0.0738,0
53f2da3c-d192-40de-b62b-24f60b40c540,7577f5f5-f434-4ba2-be8d-bc819a90aa7d,2025-01-25,1467.86,electronics,0.046,card,0,20,0.067,tier3,0,4,morning,0.12936071938754626,0.0385,0
7b34fc11-d7b0-4902-8df1-f9788db409bc,eeb4b6d2-ae83-44df-bfd5-73e1f445c4af,2025-07-09,3391.41,electronics,0.665,COD,0,2,0.172,metro,0,3,afternoon,0.32711616961778794,0.1084,0
daf48367-0214-4029-ac74-2048643d7049,3f175ef7-cb46-404c-ae55-2d22b3544172,2025-07-22,2230.88,electronics,0.141,UPI,0,28,0.065,tier3,0,3,night,0.048627470043128354,0.0255,0
4748fda9-c0f6-4d47-ad2a-b6710aed3500,e337d2a3-6032-4e1f-8ce4-a81121aa131e,2025-01-15,5090.49,fashion,0.396,card,0,25,0.049,tier3,1,2,morning,0.2771725532528444,0.0932,0
67e6a57c-ef87-468a-877e-b290aaea86a2,e8f694f4-75c7-4b9d-8461-3f6fce844e62,2025-04-19,682.9,fashion,0.513,UPI,0,9,0.035,tier3,1,6,evening,0.10058728392504118,0.4604,1
d7913798-f4ec-401b-bc62-d1a0871edbbc,f7620ff0-2d52-4476-8dbe-6126a23c6314,2025-09-30,250.0,fashion,0.005,COD,0,2,0.136,tier2,1,1,afternoon,0.13931901060737575,0.4423,1
2975bfaa-f562-45fc-acd3-19d988636abc,9e9db8b8-b527-46e0-9e4b-211ffcef38a3,2025-04-16,948.41,fashion,0.073,COD,0,27,0.436,metro,1,2,evening,0.33315409272597374,0.2996,0
5348666e-5407-45fc-9f44-3778219f5467,50dc3803-1af4-4a0a-8917-ca0e73db20ad,2025-04-16,1501.84,electronics,0.132,card,0,10,0.365,metro,0,2,evening,0.3098477304837669,0.0363,0
bdcbaaf7-7127-4c78-9115-87b254d5f282,d5adff28-034d-4e06-a674-681f43e80c97,2025-07-10,1093.01,fashion,0.168,COD,1,0,,tier3,1,5,afternoon,0.47881282251185314,0.7376,1
598d0e7c-08b7-4bb3-a2c4-20721341d7c2,afbedcf2-f5d0-441d-8f1d-dff0523a9d8e,2025-08-23,250.0,home,0.395,netbanking,0,14,0.0,tier2,0,2,night,0.08979930230446,0.033,0
08986339-2307-48d7-8d0d-8eca36c3cbe9,77e96371-82ca-416e-af8f-071e169e4282,2025-08-24,966.79,grocery,0.692,UPI,0,12,0.316,tier2,0,3,morning,0.25979890009270734,0.0995,0
1d90c0c5-a2e6-4fca-a090-72b8cec64771,4ab3cbf1-5914-4c42-b2e7-1238debcf239,2025-06-21,3797.91,home,0.112,UPI,0,9,0.208,metro,0,4,morning,0.2033814634391261,0.0162,0
5a6ced02-990f-411e-b4f2-3514a46e6781,e8f694f4-75c7-4b9d-8461-3f6fce844e62,2025-08-20,4578.21,grocery,0.23,netbanking,0,10,0.0,metro,0,5,evening,0.10058728392504118,0.0037,0
dff542a4-3e5c-47b9-b509-ca578c206dea,676c4a16-07aa-45fa-8ad1-17b29a2b6de4,2025-04-07,482.01,fashion,0.257,COD,0,7,0.275,metro,1,1,night,0.2901295476709541,0.4661,0
3c48d76d-a6bb-45f0-9ba4-184844db46f8,fd281fbb-79c1-45b3-9e12-038f990994d1,2025-02-01,7699.19,fashion,0.224,netbanking,0,8,0.0,tier3,1,4,afternoon,0.11826527161057414,0.1094,0
f6cfde4f-8450-4a8e-9f53-3e4549c96358,fece3053-752e-4f5a-b715-c3d8cb10cde7,2025-05-09,1098.52,fashion,0.286,UPI,0,12,0.332,tier2,0,3,morning,0.2486017792851423,0.228,0
085f1383-5deb-4f33-bfe8-cab7ebf90efc,3ae5d8e2-1cd9-49fe-a877-331f08d4c8e0,2025-02-19,6185.38,fashion,0.321,COD,0,3,0.16,metro,1,4,evening,0.22359865383939137,0.3057,0
db6f711d-b1bc-4942-8428-2dee0a482871,ef3c5eb1-df39-44cd-b40c-2dba5d3ff964,2025-02-02,278.64,fashion,0.468,COD,0,2,0.06,tier3,1,8,evening,0.1171182105953482,0.541,1
8218befe-addd-4985-807b-515dd17a079b,67991ec5-6540-4afc-8700-1e97c8b7427e,2025-02-12,1338.74,fashion,0.24,COD,0,11,0.141,tier2,1,3,evening,0.13954174495960747,0.6746,0
02b68523-6c49-4cc3-9e30-d9ae3034669c,6d943111-c6e7-4f72-bbef-d921725cad88,2025-07-08,369.99,electronics,0.122,UPI,0,1,0.008,tier2,0,4,night,0.1822357329755217,0.037,0
04b9a2bb-1d59-41d2-9884-37a92184bf55,21f3a00d-b7f7-4e5c-b2c7-c83a760cc691,2025-05-27,5038.15,electronics,0.226,UPI,0,5,0.059,tier2,0,1,morning,0.07293918209014336,0.0126,0
c255f0cd-0620-416f-835d-5352d899a7ae,cba1f52f-9905-4405-b96d-4c622c0b248e,2025-04-29,5294.13,fashion,0.121,COD,0,16,0.445,metro,1,4,night,0.4451782602422671,0.4352,0
0fc7c774-5683-444f-98e1-6c92a935e6f5,61e68552-c2ac-46ab-b349-d5252a071eca,2025-04-01,2250.95,home,0.135,UPI,0,19,0.068,metro,0,4,afternoon,0.1913603605753747,0.0391,0
6df8fac0-e30b-4fca-91a3-0c8fa683f784,0d207f8d-c14c-4e36-9c88-59892de2db24,2025-04-01,640.62,fashion,0.362,card,0,3,0.004,tier2,1,3,morning,0.13908231984528782,0.4714,0
75a269d5-aefd-4939-b86d-67942c67592c,77e96371-82ca-416e-af8f-071e169e4282,2025-10-23,250.0,beauty,0.264,COD,0,13,0.163,tier3,0,5,night,0.25979890009270734,0.4861,1
ec84683e-8b08-4ff0-be6b-a8ac36ef55fb,065c9c38-1969-4e88-a122-7e83932d5e47,2025-10-15,983.64,electronics,0.439,UPI,0,2,0.43,tier2,0,2,afternoon,0.5393163232471033,0.0886,0
32e1b91a-09eb-4f93-af2d-a9dfec69fbf9,078f9f9a-5da9-4764-b5e3-00ee1774a365,2025-08-02,2451.06,home,0.485,UPI,0,8,0.566,tier2,0,1,afternoon,0.5866676553486984,0.0785,0
4153cb01-352d-48f2-9c39-cd948604c8ee,7f1c3fa8-2bd8-47fd-ad17-ab142fab9d56,2025-06-05,2003.88,beauty,0.101,netbanking,0,6,0.428,tier2,0,1,evening,0.2765406569294239,0.058,0
b53b8322-b480-4451-84c4-ef85218a7a9a,3ae5d8e2-1cd9-49fe-a877-331f08d4c8e0,2025-10-10,1071.43,fashion,0.423,card,0,4,0.267,tier2,1,2,evening,0.22359865383939137,0.0917,0
e3a30eb2-a0ba-447e-b94c-ac6125fa3c58,8cabcba8-2b36-4f7e-984b-440baba9ad97,2025-08-10,621.84,home,0.231,COD,0,16,0.301,tier3,0,5,evening,0.27780100478810504,0.2517,1
f37e04a8-898b-4fa2-879f-b60fe3ced4d4,fd6cccad-5f4f-45ca-8142-59059b87515b,2025-03-15,2217.73,grocery,0.126,COD,0,29,0.133,tier2,0,3,night,0.2595265118239566,0.0929,0
7e641f0e-d8a7-4342-b9e3-05eca58f3c1f,01b44897-af4a-45c8-9d4c-6f26cfdc77a7,2025-06-02,2256.72,fashion,0.448,UPI,0,4,0.141,tier3,1,9,evening,0.10212483545629032,0.3214,0
a01c7278-5649-4377-83c1-034a545371ea,dcd75ca6-e384-4d4a-a240-2cf7f4192ed6,2025-05-04,7787.77,home,0.201,COD,0,5,0.131,tier2,0,4,evening,0.14393935494351567,0.0799,0
d6e3d6f8-b0b8-4abe-ad6b-72b194e524c7,80cef85a-5938-4801-9fa5-9b6c0de0cc08,2025-04-14,898.08,fashion,0.339,UPI,0,16,0.191,tier3,1,3,afternoon,0.2042925306906814,0.3835,1
b2c432bf-126f-48e7-932a-10df7ddc9acc,b36dde2e-e09b-4224-b113-133cdade54b5,2025-06-19,5254.45,fashion,0.334,UPI,0,4,0.209,metro,1,2,morning,0.13745108080776064,0.2468,0
d57359d0-059c-4412-92e2-6f641d9c8471,023b9e7c-1296-4744-8d72-4287487c387a,2025-06-19,427.63,beauty,0.332,UPI,0,13,0.377,metro,0,2,evening,0.3858310964520147,0.1248,0
25a8b4ab-eaf6-4a8a-b0e7-88ea6732aeee,e5a6b7a7-ed88-4924-9865-37d2498eaca8,2025-01-23,1050.89,home,0.287,netbanking,0,9,0.549,metro,0,2,morning,0.5527709467025828,0.0957,0
ead7353e-1d26-4e3e-9b1a-64f2778e2536,71add523-5425-4cf7-ab69-7dd4d3e863a6,2025-07-12,4202.75,electronics,0.496,COD,0,3,0.058,tier3,0,7,afternoon,0.024014279411654592,0.1237,0
c9a80129-7f24-483f-9f47-5a39a5ff63a3,31f344da-4c1e-47ec-af4b-557c14d0e8e0,2025-06-16,2293.4,beauty,0.445,COD,0,12,0.693,tier3,0,8,evening,0.6039320915435429,0.7608,1
02202c09-262a-4c11-9933-9a4337e8434e,ac46d877-8423-49a6-902f-7054e0aa8316,2025-08-29,779.23,fashion,0.264,UPI,0,10,0.0,metro,0,3,evening,0.05573145024510638,0.0556,1
a156c8d9-bf68-46e6-8c3e-d948ac555c4d,9cfbe601-0322-4c7f-a8fc-089374a870d3,2025-03-19,765.68,beauty,0.143,COD,0,14,0.151,metro,1,4,night,0.2677657562695904,0.53,1
45f2bf62-3ca6-496c-9e0a-10cc47d34662,4c3650cb-e088-4c11-a624-1102a42ebe08,2025-03-09,828.39,home,0.521,UPI,0,10,0.0,tier3,0,6,evening,0.03297163095944513,0.1061,0
20605498-983c-4b19-887b-f72c94a00921,c4b063a5-b106-4a12-9500-549faae0252c,2025-04-09,736.42,electronics,0.228,COD,0,1,0.017,metro,0,2,evening,0.05810633967327533,0.0566,1
42fb473d-ce4d-46b7-a42b-5dc752621130,82715f5b-0eb8-4809-b878-05fd95a15158,2025-09-10,646.62,home,0.26,UPI,0,11,0.082,metro,0,5,morning,0.021184252375003435,0.0619,0
e76c3c56-0597-473a-9d85-5f4d69e87984,fd6cccad-5f4f-45ca-8142-59059b87515b,2025-07-24,2711.94,home,0.556,COD,0,30,0.314,tier2,0,1,morning,0.2595265118239566,0.2921,0
59d173e3-0e0f-410d-8c35-6d0a7651a6ba,bd1084dd-629c-4150-a764-2ccea032f578,2025-02-27,1683.75,home,0.206,UPI,0,20,0.362,metro,0,2,evening,0.21989011196511407,0.0227,0
3783fcec-0380-44e4-ad00-93940faae3e6,d2951b9d-49eb-4eef-8467-6d832ad3d8ac,2025-09-30,5434.41,home,0.289,COD,0,13,0.085,metro,0,3,afternoon,0.19975800750299405,0.1159,0
893c9e12-4634-4a33-b043-6068f4968a4b,2fc6afa7-2705-415e-9700-b4f6cc268053,2025-01-26,334.28,home,0.312,card,0,3,0.283,tier2,0,5,afternoon,0.21207519145076628,0.0328,0
4023e5bc-8c64-42ff-bbee-c2de662cc13d,d0f3def4-10c3-442b-9b93-148c1f1e3a46,2025-04-14,2238.41,home,0.613,UPI,0,3,0.184,tier2,0,6,evening,0.2928560981860891,0.3268,1
4fb45ebb-3a4f-4470-b245-41f81908757e,3f175ef7-cb46-404c-ae55-2d22b3544172,2025-02-16,739.13,fashion,0.462,UPI,0,29,0.14,tier3,1,7,night,0.048627470043128354,0.1996,0
a74d3077-7f4b-4ea7-8dae-17b502de0079,13305eb5-fa9e-4ad0-82e5-51bd1825bb0e,2025-07-25,303.53,fashion,0.052,COD,0,18,0.018,tier3,1,4,afternoon,0.06015710717930573,0.4049,1
647e1a62-65aa-4b52-b457-566c79460822,ebb8a1f2-51a7-4500-b1ee-9350840d7c45,2025-08-23,8209.72,fashion,0.355,card,0,7,0.392,tier2,1,5,afternoon,0.2923331864352393,0.171,0
a405f794-bb4b-4473-a7b1-c6c55cfef813,b5214a86-0454-4ac2-900e-2783858d45dd,2025-01-04,443.6,grocery,0.241,COD,0,5,0.316,tier3,0,7,afternoon,0.31538639948094277,0.2592,0
a4c9c9e8-6487-44f0-ac34-caf0c07f5a9e,9e9db8b8-b527-46e0-9e4b-211ffcef38a3,2025-05-09,2106.06,electronics,0.233,COD,0,28,0.451,tier2,0,2,evening,0.33315409272597374,0.078,0
48cebd2e-a78d-40a6-b15e-a65261f4172f,b29488eb-e21a-484b-b828-80a3ac2ea4cb,2025-03-02,2490.79,fashion,0.119,UPI,0,3,0.157,tier2,1,2,night,0.1494736716851247,0.1777,0
f6204e95-c277-4cd8-8896-50d9bcc51b10,f1f2f609-c1b7-48be-ba9e-ed342543ec08,2025-03-09,1306.91,fashion,0.356,COD,1,0,,metro,0,1,night,0.20834846029705875,0.3471,0
59363f79-302c-4fec-a81b-6aa6984ac549,c098bafa-20a7-4c6c-9fce-d433c8e83be7,2025-09-07,1960.57,fashion,0.069,COD,0,25,0.072,tier2,0,1,afternoon,0.27580452681496,0.2055,0
0ec1e8ac-38d2-4672-b077-345a47af98e0,b732b9b1-5184-4f45-af4d-630b007d8b56,2025-10-14,5998.04,fashion,0.29,card,0,17,0.437,tier3,1,3,morning,0.3974441051585353,0.0732,0
b81fac8f-3a3e-49cb-bfd2-3c86ee98a4ae,3ecb19de-c2c2-4695-853a-66f9349c3a05,2025-04-16,1317.67,fashion,0.111,card,0,4,0.207,tier2,1,6,evening,0.1410845122933714,0.2674,0
b4577e3b-1eac-4b96-b949-f934e6c654cb,0b3125cc-29c6-4f20-b1ef-8890454bd85d,2025-05-16,1232.74,beauty,0.39,netbanking,0,14,0.346,tier2,0,7,afternoon,0.45454338905514596,0.3132,0
6d8fa74d-865c-4cd0-97e8-dbe32b29ddbf,2b8cf314-838b-4c8f-9920-aa21aa9bc626,2025-06-25,3226.53,fashion,0.258,card,0,4,0.339,metro,1,3,afternoon,0.3983115828087851,0.1525,0
f43f7e00-b809-433b-9bb1-c055284c1e2c,76e3ab4e-0d33-4910-81b9-f0f04685b7d6,2025-01-14,949.23,beauty,0.23,card,0,11,0.173,tier3,0,4,evening,0.06842336486313001,0.093,0
710ec727-51c3-43f8-a153-7158ecd5ab3a,0b327405-4086-498f-a77a-6f15dbabe5eb,2025-08-15,895.05,electronics,0.03,UPI,1,0,,tier3,0,4,evening,0.21181038098956262,0.149,0
7636549c-f595-4482-a182-24bafa3f698f,50dc3803-1af4-4a0a-8917-ca0e73db20ad,2025-04-12,1808.84,fashion,0.191,card,0,11,0.23,tier3,1,3,morning,0.3098477304837669,0.2623,0
59ee2a7a-75d3-4563-b199-e80bd4cd5bab,fe7ce281-e2d3-4757-b247-d8dd605487ea,2025-05-31,255.59,fashion,0.344,UPI,1,0,,tier3,1,3,morning,0.5074769095568444,0.34,1
b0b173d4-d691-4533-96e8-519e2ccc4df1,b5daeff1-0e3f-47c3-be6d-6411c18d7d85,2025-02-11,695.47,grocery,0.552,netbanking,0,4,0.255,metro,0,2,evening,0.12950940053657903,0.0217,0
7405868f-c1bb-4207-91c5-749f0859a611,f511f812-b332-434e-84ac-a8d69f0d2875,2025-05-02,3679.83,fashion,0.317,COD,0,18,0.062,tier3,1,5,morning,0.1091421274751211,0.32,1
c9253d44-b071-48d0-9c18-66679b8d6a0e,6d943111-c6e7-4f72-bbef-d921725cad88,2025-06-22,3513.59,electronics,0.206,COD,0,2,0.061,tier3,0,8,night,0.1822357329755217,0.1321,0
58fad66f-ebf5-406c-b53d-952395dc4c37,1af574e3-1cf2-4f6f-9cae-ab5630dd0840,2025-05-18,555.38,beauty,0.109,UPI,0,6,0.4,tier3,0,2,afternoon,0.3900564499123696,0.0895,0
79b8fa59-58d6-476c-b3c9-7de401f32cc5,9cfbe601-0322-4c7f-a8fc-089374a870d3,2025-05-01,1182.32,fashion,0.324,COD,0,15,0.275,metro,1,3,morning,0.2677657562695904,0.4729,0
1ee59710-978c-4182-999c-efe01573e907,ae42daf1-261f-4a66-8f04-e98929c9c679,2025-03-08,2837.94,beauty,0.045,card,0,1,0.461,tier2,0,1,afternoon,0.2830374206843244,0.1127,1
7f02e2b0-7f5d-43dc-923c-f05fe91af48d,843adac9-4f66-4774-ac0f-6e7c28f43141,2025-08-21,1099.21,grocery,0.344,netbanking,0,1,0.249,tier2,0,3,morning,0.10315842761541319,0.0279,0
d86eb611-8253-43dc-a8aa-5969aa7b4ff9,88b88e03-c936-4c7f-ba2d-52cf64525090,2025-10-05,1220.85,fashion,0.169,card,0,7,0.048,tier2,1,2,morning,0.20459557629689876,0.0879,0
60f097ef-f864-4058-8a8a-cd339d1258c4,2a7ba1e7-d8dd-4177-b84d-93a262f15e96,2025-09-04,354.43,electronics,0.709,netbanking,0,3,0.389,metro,0,5,evening,0.46341394989494955,0.1818,0
1a57d4eb-e70b-4ae3-a0bf-54003b6fa706,b5f4b65e-c0da-4fb5-8777-b54ba78f9931,2025-09-28,398.15,fashion,0.632,UPI,0,3,0.0,tier3,1,4,morning,0.12638520817096505,0.5283,1
6e9caf61-71b7-4a18-a555-b44a6a3f7550,f04fffa3-5b04-4da0-9f3b-8a6b87fc1e74,2025-07-03,475.32,fashion,0.234,UPI,0,22,0.191,metro,1,2,afternoon,0.3517803851773976,0.2284,0
6075e9f5-0aca-44a5-8ff8-8e220ce6fa42,cdfac639-c4a1-4655-be5a-2d787e76f71c,2025-09-19,2665.81,electronics,0.289,UPI,0,25,0.106,tier3,0,6,evening,0.18576378008237582,0.0477,0
492de7f6-b270-47ed-aa78-60983d9b19f5,655939ad-e641-46e9-b845-a0fdb86630d0,2025-05-13,294.98,fashion,0.091,UPI,0,5,0.394,metro,0,7,afternoon,0.30789316130355804,0.1321,0
cabda815-eaa0-4f99-96e1-164fcaf14633,ec513aca-b3ea-457e-b9fd-46a0fbbd0108,2025-04-08,1485.93,grocery,0.181,COD,0,26,0.156,tier2,0,5,afternoon,0.19762424986659227,0.0498,0
bfecd89f-72e1-4525-9b0f-76217ab59791,d9f7677b-982b-4d8f-a00d-0d3197829e14,2025-01-09,1894.03,beauty,0.463,card,0,2,0.218,tier3,0,4,evening,0.24671647255501258,0.15,0
a857df99-0c2f-4c1b-9784-4da0d99b59c2,f697590d-f50d-4802-8968-8e26c502eb3e,2025-03-25,647.4,grocery,0.104,UPI,0,7,0.291,tier3,0,4,evening,0.26335659719559446,0.0097,0
0f829d39-6386-434c-a415-1c4440fda619,dafa4cb3-c022-4df8-a53f-f33eccbb2af0,2025-10-19,1921.01,fashion,0.547,COD,0,14,0.195,tier2,1,1,afternoon,0.21055725528180214,0.5618,1
68bf6117-7f75-48d1-a59a-0c07a70fccbb,b15097c2-354a-48aa-8b88-0fc27a70d24f,2025-05-07,1078.48,fashion,0.317,UPI,0,18,0.333,metro,1,4,afternoon,0.35941268307576457,0.2231,0
01825500-26b3-4f6c-bb4e-2db80637488b,0b3125cc-29c6-4f20-b1ef-8890454bd85d,2025-01-21,2042.29,home,0.121,UPI,0,15,0.354,tier2,0,1,afternoon,0.45454338905514596,0.1067,1
127a3ad3-a8bf-4748-b31b-7345d1e5ff61,4b641fb2-3437-4f0f-9c67-9222d63bef6e,2025-10-18,5478.52,fashion,0.431,UPI,0,10,0.208,tier2,0,4,afternoon,0.3016559281489719,0.0414,0
05b429df-f8d5-4c24-a004-a0f6b8acca04,deee1f9c-422d-4574-b2fe-139168146240,2025-05-21,3338.12,grocery,0.477,COD,0,1,0.39,tier2,0,2,evening,0.40238115717858614,0.0637,0
4005e08d-22b4-448f-92ca-418bce7248ea,6c751e7f-201c-457e-9d70-b239e0463208,2025-08-17,1556.81,electronics,0.526,UPI,0,3,0.349,metro,0,1,afternoon,0.3355449419523954,0.0982,0
d9ea43ae-b9ef-493b-b5d7-1b5a9943ad8b,957f8462-6bb6-488c-8360-f0a6cde9bfec,2025-07-12,3087.39,fashion,0.595,netbanking,0,10,0.242,metro,1,7,evening,0.20154150931374812,0.485,0
04d21b86-dd62-44b9-ad47-2e42a479905f,f91b87e4-35a7-481d-96ba-a679feba54f3,2025-01-21,1146.51,electronics,0.297,card,0,13,0.077,tier2,0,1,night,0.05881659853496958,0.0408,0
a573e334-6cd2-4b2d-91b7-2d651134bdeb,ab402b2b-f644-4050-9b7a-256960a2b70d,2025-05-20,5759.75,fashion,0.518,COD,0,8,0.188,metro,1,4,night,0.2537284053397563,0.3175,0
fe77f44e-603d-4892-a72f-c011ef4c679e,96b2c265-54d1-4847-9876-3b2b847a1c81,2025-07-30,337.61,fashion,0.438,UPI,0,2,0.0,tier3,1,7,evening,0.1720539793002365,0.248,0
fd47078b-c599-48ee-a932-08638c81b3e9,a57e7b9d-8c19-4dbe-8680-750823217ffa,2025-02-07,928.65,grocery,0.499,COD,0,2,0.056,metro,0,1,evening,0.06133481491675551,0.0849,0
b7ec6981-936f-4abc-9bea-8033cad8da46,44966f4a-9060-4681-b0c5-38aabff795b2,2025-08-06,517.15,fashion,0.421,UPI,0,7,0.214,tier3,1,5,evening,0.17602227586818103,0.2148,0
d169c69f-ad9d-4b1f-bb78-d96026b22b07,14fb2554-fd6a-4beb-b1e4-d70c19e04f02,2025-06-19,1246.09,fashion,0.134,COD,1,0,,tier3,1,4,afternoon,0.07153330527420901,0.4637,0
f5c51dda-4973-43e7-a198-a2b6f3e3c4da,785b8b9d-2976-423d-a581-29deafedb963,2025-03-11,579.79,grocery,0.116,UPI,0,2,0.335,tier2,0,4,evening,0.28318456286061405,0.0415,0
f6dc4490-5587-4bcc-a1dc-0351c5cb85e5,e337d2a3-6032-4e1f-8ce4-a81121aa131e,2025-09-04,250.0,electronics,0.304,UPI,0,26,0.316,tier2,0,4,evening,0.2771725532528444,0.0462,0
93ee96d3-0236-421f-9e6a-43152ff433bf,f3595705-ae27-4521-892e-8ad5859a4fb6,2025-01-05,831.35,grocery,0.042,COD,1,0,,tier3,0,4,night,0.11565315745837781,0.2262,0
3bb724cb-078a-4673-a70d-bd5a6af47708,3661a905-c2f5-441f-8a96-b261c579bc9c,2025-05-09,250.0,fashion,0.457,UPI,0,3,0.457,tier3,1,4,evening,0.46113145613975703,0.4523,1
689a2932-eb00-4fa9-8c07-0acd49765945,f04fffa3-5b04-4da0-9f3b-8a6b87fc1e74,2025-01-07,476.73,beauty,0.146,COD,0,23,0.42,tier3,0,4,afternoon,0.3517803851773976,0.4344,1
c48d959a-4938-4a95-8d03-1414cdac5cf8,488818a4-8adb-4718-b41a-823c7f2b2ab8,2025-03-13,675.27,grocery,0.716,UPI,0,12,0.362,tier2,0,1,afternoon,0.25703386186733934,0.0462,0
3dea1537-f5ec-4aee-8a0a-a104db226e75,e0c7f018-d138-4b2a-8686-c7bc5a512a86,2025-01-22,4975.23,grocery,0.113,COD,0,11,0.36,tier2,0,5,morning,0.32765833124561905,0.0759,0
12e69e8f-31f8-4351-9af3-f3eca4cca661,844e1cc6-38c0-44c1-8fb0-2171c4ac07a9,2025-03-22,302.24,beauty,0.238,netbanking,0,11,0.132,tier2,0,1,afternoon,0.09221080951028436,0.0789,0
91dfb29d-710c-44b2-89a5-baf3640eb95c,3b33ff6f-efbc-48a0-8c8a-af2765c895e5,2025-01-03,2267.06,home,0.111,COD,0,2,0.342,metro,0,5,afternoon,0.3522819979765525,0.0589,0
d29b28c3-fd55-4477-8c21-0405294f34a6,6c56ea03-6f25-465a-8841-c114051cab81,2025-10-16,250.0,beauty,0.152,card,0,18,0.32,metro,0,2,night,0.29048499029100583,0.0523,0
0ccc3257-c423-44f7-be24-2688810a8644,1af574e3-1cf2-4f6f-9cae-ab5630dd0840,2025-01-11,306.12,fashion,0.356,UPI,0,7,0.43,metro,0,5,evening,0.3900564499123696,0.1269,0
11319463-ab30-4ce4-878e-775e812d9348,31ff0d71-1021-4137-a652-0909a72704a8,2025-04-24,364.99,fashion,0.059,card,0,9,0.319,metro,1,3,evening,0.3745706193331196,0.2185,0
bdbef840-4ee3-4868-bcd9-873de97fcf05,e0be4c42-c5d2-46e6-98a3-f57143c81929,2025-04-27,6506.16,electronics,0.575,netbanking,0,18,0.174,tier3,0,5,night,0.23228588338828865,0.0283,0
8d7528c9-edf1-4eb9-ae10-5a91ef868a55,04b89a3b-d082-4664-972e-b40c6268b46d,2025-07-24,617.92,beauty,0.228,UPI,0,9,0.323,metro,0,1,morning,0.24939791763606534,0.0414,0
7bd00906-5f4e-47ac-9dae-a1b4881eb37c,737e35bc-4ea3-42a4-9c26-b22f7099bf28,2025-06-25,1067.98,grocery,0.122,UPI,0,9,0.047,tier3,0,5,afternoon,0.05662677973259444,0.017,0
d285c1a2-8cef-4c31-812b-d7872c96f64e,5bd37516-98d0-490b-9db9-3095bf8dde2c,2025-09-30,341.06,fashion,0.443,UPI,0,2,0.03,metro,1,5,afternoon,0.04088977977161757,0.3092,1
0f4c4756-15c9-468c-95fd-7c655bf15889,9b953703-f2f8-4d8c-8268-2a1ea047d3a4,2025-06-10,2057.21,beauty,0.198,UPI,0,1,0.399,tier2,0,4,night,0.49997027811458317,0.1022,0
355acb05-a03c-4b17-9b0b-b06b655786ba,f6624986-1488-4db8-994b-6db58a9ef6b8,2025-08-21,2499.67,grocery,0.068,COD,0,7,0.218,tier2,0,6,evening,0.15422316215847254,0.0557,0
982b7de2-1f71-418c-905b-13714187b5db,ebb8a1f2-51a7-4500-b1ee-9350840d7c45,2025-07-22,413.3,home,0.292,UPI,0,8,0.375,metro,0,1,morning,0.2923331864352393,0.1176,0
7f2197e2-be86-49e2-82c9-f53fe29f1f38,02a9477e-48f9-41c5-b992-a167ea1cd57a,2025-03-11,620.4,home,0.081,netbanking,0,12,0.32,tier2,0,4,afternoon,0.26357426902472036,0.0374,0
152b1854-32cb-4212-b2ee-b67bb1bead0a,9c227d96-5b36-48ba-a156-acdb775ef507,2025-04-18,815.26,home,0.32,COD,0,1,0.202,tier2,0,4,afternoon,0.17228835136124024,0.4285,1
5a24ba75-2d8b-4e9b-a0be-76b997db1d2d,fee7a85f-cf25-4349-b927-7a6f87b1bd3f,2025-05-18,250.0,fashion,0.337,UPI,0,11,0.398,tier2,1,4,afternoon,0.3325622338548419,0.5711,0
d7ce92f0-0745-4f26-a6c4-222cfcfce698,be86c495-6c85-4ee9-9262-936331392692,2025-02-27,460.84,beauty,0.286,card,0,2,0.229,tier3,0,6,morning,0.22367316697863052,0.12,0
82380201-25d1-466d-a38d-85f7b0927e93,f91b87e4-35a7-481d-96ba-a679feba54f3,2025-04-01,465.58,electronics,0.466,COD,0,14,0.189,metro,0,3,evening,0.05881659853496958,0.1724,0
3d05e61d-8cde-4ae4-a1cf-27aa5892481b,13fe080b-d69d-443e-a712-766c682faa59,2025-06-06,1041.26,beauty,0.462,UPI,0,5,0.487,tier3,0,7,evening,0.5362129046914219,0.2574,0
065bb261-48f8-4610-8cbf-387f13b10c78,6c361c11-ca46-4858-84ff-ccace7f3ec03,2025-07-02,1443.17,grocery,0.555,UPI,0,7,0.324,metro,0,3,morning,0.17298841463602524,0.0324,0
0b6085e5-65a7-4d5c-9cbc-daf3a8d33e55,f7243914-f259-4b3f-b4da-cc523ff04815,2025-02-21,4707.76,electronics,0.462,UPI,0,20,0.31,metro,0,5,evening,0.2798863894924076,0.0721,1
944b8ebb-4f14-432e-9fe3-b60f5fdd205c,e214ab93-bb11-4ddf-84f4-87f79b34191a,2025-03-08,13423.65,grocery,0.341,COD,0,2,0.439,metro,0,3,afternoon,0.3666490656306323,0.0081,0
d42d791c-9ce8-4b73-83a5-57cfce7d2f80,e91e2377-ab20-429c-9819-8e4e857323a6,2025-08-25,746.73,fashion,0.082,UPI,0,5,0.377,tier2,1,4,evening,0.3734683492632352,0.1849,0
2964657e-10b7-40b5-a527-a7fbcd290cb2,551aee57-0df4-4a51-9afa-0babaf28b33a,2025-05-08,664.53,fashion,0.099,UPI,0,30,0.205,tier2,1,2,afternoon,0.18168234468688693,0.2259,1
8e702587-fdf3-41db-8a89-6b87e316584c,8506b021-403c-46b4-ab99-86649962eacc,2025-10-05,2327.55,fashion,0.255,UPI,0,2,0.043,tier2,0,4,afternoon,0.03200477582582108,0.1738,0
4b9a04dd-fd7e-4a47-850d-c7518be3d852,0d207f8d-c14c-4e36-9c88-59892de2db24,2025-03-02,1926.57,fashion,0.087,UPI,0,4,0.045,tier3,1,6,afternoon,0.13908231984528782,0.3401,0
143f49f1-976f-4125-87c6-85e6074433fc,ade38847-ed43-40bb-86a7-c04000915ee5,2025-03-02,3398.37,electronics,0.36,UPI,0,12,0.206,tier2,0,2,evening,0.14720873128711998,0.0291,0
d1de9692-57ed-4271-ab36-90e3bf054fb2,2e69e260-0ee4-43cf-9c88-a409981081c6,2025-03-21,270.86,fashion,0.249,COD,0,10,0.609,tier3,1,3,evening,0.41585134920398,0.5649,1
024c868a-fab9-4477-8f30-54d160c7daea,8a7bf34d-9d61-4999-8d1b-d6f21ee9140e,2025-09-20,382.43,fashion,0.12,COD,0,3,0.364,metro,1,4,morning,0.394675253137179,0.3781,1
4b4e999d-5905-46b8-b838-855cd46e3bb5,31fb899b-f8d2-414f-90c0-6743b2dbc9b3,2025-05-30,3402.69,home,0.313,card,0,5,0.352,metro,0,1,night,0.3358319706571889,0.1256,0
d1e3d271-2f3d-4e27-b28e-b551b5b867cf,e337d2a3-6032-4e1f-8ce4-a81121aa131e,2025-02-25,1328.51,fashion,0.409,card,0,27,0.157,tier2,0,3,night,0.2771725532528444,0.1744,0
93411f3e-82f2-42f9-ad89-bd1f3cf43228,13305eb5-fa9e-4ad0-82e5-51bd1825bb0e,2025-10-02,1147.24,fashion,0.071,COD,0,19,0.034,tier3,1,6,afternoon,0.06015710717930573,0.7959,1
5c573fba-8b45-4d6a-a7fe-14ea95f20a77,737e35bc-4ea3-42a4-9c26-b22f7099bf28,2025-07-07,652.41,home,0.176,card,0,10,0.265,metro,0,2,afternoon,0.05662677973259444,0.0754,0
0241e52c-5709-4b5f-a207-5370b8973d2e,b5daeff1-0e3f-47c3-be6d-6411c18d7d85,2025-07-19,886.38,fashion,0.111,UPI,0,5,0.123,metro,1,1,morning,0.12950940053657903,0.2942,1
712eea4c-bb9a-4936-a838-a34bb98c9a24,3d51b281-7585-4d43-aefd-40a803a1bf4f,2025-09-29,410.44,electronics,0.16,COD,0,16,0.177,tier2,0,2,afternoon,0.24645297721478737,0.1242,0
9e972e92-893b-40f6-befb-c0656f5b4320,d95f3748-692e-4e76-a57e-8be24ad5336d,2025-10-01,5500.31,fashion,0.593,UPI,0,2,0.127,metro,1,3,evening,0.12605441282590366,0.0996,0
8b6ae996-24c8-4f4f-b6f9-c891284d779d,84f798c4-c576-4100-9357-d92419324080,2025-01-21,1119.72,electronics,0.16,card,0,6,0.03,metro,0,5,morning,0.032458508417533755,0.1034,0
cc280455-a249-4b86-891a-52dcde91c803,366eeefc-701f-415d-a6e8-0090ed33caa4,2025-04-15,2464.77,fashion,0.206,COD,0,10,0.726,tier2,0,4,evening,0.668440832463893,0.2514,0
a793145e-007b-4ecd-8e51-0f309b60fcd9,1af574e3-1cf2-4f6f-9cae-ab5630dd0840,2025-03-16,275.54,electronics,0.235,netbanking,0,8,0.386,metro,0,1,evening,0.3900564499123696,0.0736,0
137f56fa-b3dd-4d3d-a262-8e9ee6a7300e,0264a3d8-19e4-4ba6-8fef-821e2f029db1,2025-04-12,1944.12,home,0.46,COD,0,10,0.259,tier2,0,3,night,0.21082490652703922,0.2447,0
8bb2932d-647b-44b0-81e7-24103e413129,ad2c301d-9c43-46ea-826e-76d7f62157bc,2025-04-25,317.59,electronics,0.463,card,0,2,0.243,metro,0,4,evening,0.17336200340258245,0.0501,0
b4febc59-bd36-4407-a832-0a41f6cc3c42,cc825a9c-6ef8-48bc-90ca-0bc2af6a4e40,2025-09-09,1699.5,fashion,0.507,card,0,10,0.394,metro,1,3,night,0.27966983742156076,0.3427,0
8e480bc1-a403-4d7b-9b11-a92ba34477bb,30f7ba00-39e9-4102-9bc7-aa7d9bd57316,2025-01-17,3144.37,fashion,0.158,COD,1,0,,metro,1,4,afternoon,0.4024591935367866,0.5176,1
9025691f-c1e7-4c76-bebb-8638e73f2917,f7243914-f259-4b3f-b4da-cc523ff04815,2025-04-06,2394.36,fashion,0.274,UPI,0,21,0.223,metro,1,3,morning,0.2798863894924076,0.1057,0
48a415c8-d89a-49c8-9d83-e575112d7baa,84b613bb-28a8-4407-8548-cf727a3e415e,2025-01-09,796.11,grocery,0.071,COD,1,0,,tier3,0,6,evening,0.46818673352621776,0.1321,0
68b59c81-2559-401b-aa0a-f8890167c4d7,eeb31956-eff1-4d4c-88b9-4562dc040f82,2025-08-23,2442.93,home,0.126,UPI,0,15,0.417,metro,0,4,evening,0.3706024922013499,0.0675,0
09b2eb9a-1e7f-4a3f-963d-06fe810037a1,f04fffa3-5b04-4da0-9f3b-8a6b87fc1e74,2025-04-13,891.71,beauty,0.363,COD,0,24,0.341,tier2,0,2,morning,0.3517803851773976,0.2127,0
fdfbae94-7244-486a-95c0-d9e69092ce5a,8cabcba8-2b36-4f7e-984b-440baba9ad97,2025-03-27,3603.57,grocery,0.1,COD,0,17,0.081,tier2,0,2,afternoon,0.27780100478810504,0.0291,0
befc7094-955d-4fbe-a2ec-cd916aafe5d4,ce39fd9b-e7dd-43fe-a809-90a6f1ec1ce1,2025-01-19,250.0,electronics,0.469,COD,1,0,,metro,0,3,morning,0.07629969923959505,0.2493,1
05ba631e-37d6-45ff-b499-d44a7f3e12c6,42ab38f1-7a2f-496e-80bb-921847f261bb,2025-05-28,647.17,electronics,0.55,UPI,1,0,,tier2,0,8,morning,0.0769127123959318,0.168,0
7f74475d-4663-4168-9525-ea8a80558cdc,d9f7677b-982b-4d8f-a00d-0d3197829e14,2025-10-10,937.31,fashion,0.023,COD,0,3,0.157,tier2,0,2,evening,0.24671647255501258,0.1917,0
8aa992f2-19d7-43c3-9441-b4eee93788c0,7f892973-babf-4935-bab7-187b59d8b023,2025-01-22,1355.24,fashion,0.55,card,0,22,0.228,tier2,0,3,evening,0.2434169799043869,0.0979,0
72747b5d-52c1-42b7-bb77-04fc7b3e2879,fd6cccad-5f4f-45ca-8142-59059b87515b,2025-03-13,1344.79,fashion,0.513,UPI,0,31,0.355,tier2,1,2,night,0.2595265118239566,0.2985,1
37c8b574-0144-4cf1-8ef5-fdff5f956f44,dafa4cb3-c022-4df8-a53f-f33eccbb2af0,2025-02-02,1984.4,home,0.117,COD,0,15,0.076,tier3,0,5,afternoon,0.21055725528180214,0.1798,1
ed140d31-572e-4358-b43e-92e9ea2f84ed,1e465044-0862-48e8-8f32-09db66c81fad,2025-01-10,2735.73,grocery,0.378,COD,0,3,0.112,tier2,0,5,evening,0.20401397040683977,0.1,0
2a7f7894-56c8-48ff-bcf0-ef4aa7fded4d,c51ec850-683f-4ffe-a263-c93ca58fcc04,2025-03-24,1441.63,electronics,0.359,UPI,1,0,,metro,0,2,morning,0.34032658305918173,0.0949,0
e2da7a5f-1461-41c3-999e-da713cd6eba0,feb110b5-88cd-477f-98d9-c4648c9e917a,2025-06-25,4776.97,beauty,0.066,COD,0,4,0.246,tier2,0,3,evening,0.28099909876364537,0.0719,0
88d8b3e8-808a-4291-8272-2300bc9c0a2f,ab402b2b-f644-4050-9b7a-256960a2b70d,2025-05-30,1467.33,electronics,0.396,COD,0,9,0.119,tier3,0,6,morning,0.2537284053397563,0.3793,1
9c9d3144-fbde-4ac0-99ea-18cf9731172c,3ec64305-084b-4dbf-ad10-b6692b139740,2025-02-13,4297.77,fashion,0.34,UPI,0,4,0.335,metro,1,3,night,0.354621720738092,0.2047,1
97dfc035-fab7-49ad-a23c-5117d606038a,115b599a-217b-402c-bf2e-d673a28b8b6a,2025-07-02,1935.27,fashion,0.147,COD,0,17,0.151,metro,1,3,evening,0.22490754943212576,0.3804,1
a6915b63-40db-4b7e-8d0f-cd1788d2db4d,866a73ad-aed0-45a7-8aa9-0f977637a9ea,2025-04-27,915.28,beauty,0.273,COD,0,2,0.228,metro,0,1,morning,0.16757657415686808,0.3337,0
03fc770e-2ea3-430b-af5a-fce38eac727e,3d51b281-7585-4d43-aefd-40a803a1bf4f,2025-06-05,2833.18,electronics,0.339,UPI,0,17,0.28,metro,0,1,evening,0.24645297721478737,0.0773,0
d9bd4602-cf0f-4cdf-96e6-1fc447a9b4a4,ae42daf1-261f-4a66-8f04-e98929c9c679,2025-07-09,1918.74,fashion,0.488,UPI,0,2,0.34,tier3,1,5,evening,0.2830374206843244,0.4812,0
2180f7f0-2529-412c-8d16-5a15836187cc,b36dde2e-e09b-4224-b113-133cdade54b5,2025-01-13,250.0,fashion,0.207,UPI,0,5,0.195,metro,1,1,morning,0.13745108080776064,0.0703,0
6be8a7c7-8a40-41b2-8041-6e0fa610412a,617c2dac-ff86-4a50-b68a-9e92a81ce5c4,2025-07-26,1168.63,beauty,0.333,card,0,14,0.388,metro,0,1,afternoon,0.3565159652552688,0.0749,0
3390d40b-cfdf-498a-a784-aadb08d23873,38384398-7058-4fd7-b01b-cbda8d50a490,2025-03-01,582.57,electronics,0.205,COD,0,11,0.057,metro,0,4,afternoon,0.12601617248198352,0.0443,0
ed5e2f51-f022-4e45-9c65-aeff992a300b,a5528de8-ca89-4d92-ab88-fb874b251fe0,2025-08-03,437.01,grocery,0.276,UPI,0,4,0.36,tier2,0,2,afternoon,0.5079322839859531,0.0984,0
f7054c96-4a11-4eb2-9645-30ce1acb537e,b66a45c1-7406-4950-a677-2ee579e724f2,2025-09-15,1417.98,electronics,0.229,UPI,0,3,0.326,tier3,0,5,afternoon,0.33946126851350195,0.0575,0
93d25036-093e-481e-a2aa-1f27e0216099,661b6342-8159-4ab2-8a97-b733bb008aa6,2025-09-08,1234.04,home,0.315,UPI,0,2,0.036,tier2,0,1,afternoon,0.07875622019451736,0.0367,0
cbca3b50-c149-4af3-a080-03071d5d45ed,90d4ab83-9a96-4a21-9db9-c0621084e983,2025-02-17,642.19,beauty,0.168,UPI,0,17,0.297,metro,0,5,evening,0.29832839962512075,0.0871,1
4ca10701-7e44-4e9e-aaca-b1e5f7b2a21b,eb671c1e-81f6-496c-b68d-49ea47acde37,2025-09-11,1389.04,beauty,0.294,UPI,0,15,0.188,metro,0,5,evening,0.18608348760507418,0.096,0
c0772f37-95c6-474a-bb36-fcbc025e42f2,b3f33ef6-3953-4fa2-b5c0-493473e40312,2025-05-15,250.0,fashion,0.272,COD,0,27,0.272,tier2,0,6,afternoon,0.24874291058771908,0.4847,0
0df0aa87-64e7-44d1-a040-8df53b5ad61e,1c72fd9b-a412-4c8d-8074-a48984ddf5a0,2025-03-29,391.67,fashion,0.065,UPI,0,3,0.071,tier3,1,9,evening,0.11496764830095485,0.2213,1
998764ce-6da1-4303-9bc4-5adbd015805d,efca07b7-801d-4f4d-8fd4-f9471ea25c75,2025-09-12,853.19,fashion,0.636,netbanking,0,19,0.213,metro,0,1,evening,0.3870026797871902,0.3383,1
1bf2a51c-aafd-4f41-8d13-b6c13a0bf44f,6e9c410c-688b-4cfd-ab74-4128d37da5bd,2025-10-06,1630.91,fashion,0.213,COD,0,3,0.199,metro,1,3,evening,0.17240635799463866,0.3113,0
98221a89-40a9-4fe7-b017-c75dd48f0889,36d6b08a-5436-4a2f-83c2-120975d4be7f,2025-01-28,342.24,electronics,0.159,UPI,0,20,0.064,metro,0,2,morning,0.04915448350944119,0.0129,0
70e61131-2e2d-4394-a2f2-1e19ec068828,f1922c32-2521-4e63-8787-5b9056553ff0,2025-01-02,250.0,fashion,0.2,UPI,0,6,0.524,tier2,0,5,afternoon,0.5633005631276558,0.1642,0
600c27db-78b3-4dc5-8eb0-f32bf3285da2,3c199261-e6e2-42ad-b4e0-535e7eb5a1c0,2025-06-23,560.05,electronics,0.329,COD,0,6,0.374,tier2,0,1,afternoon,0.3389478327833424,0.1719,0
152b516a-3c2d-4f11-8fce-9e5b6bdfce80,9e9db8b8-b527-46e0-9e4b-211ffcef38a3,2025-02-24,391.27,electronics,0.208,UPI,0,29,0.536,metro,0,1,morning,0.33315409272597374,0.0987,0
9004f25a-de3e-464d-8700-c406fe633d82,4cd5aebd-9645-4916-a283-2a50de156e5d,2025-02-18,1437.51,fashion,0.191,UPI,0,7,0.044,metro,0,1,afternoon,0.16482652189748134,0.1142,0
25888097-d2e7-4a24-abb3-5c0a7c3f8217,617c2dac-ff86-4a50-b68a-9e92a81ce5c4,2025-06-19,1272.68,grocery,0.366,COD,0,15,0.328,metro,0,4,afternoon,0.3565159652552688,0.0656,0
97ebedcf-6b9c-4183-a173-e85246800f08,31f344da-4c1e-47ec-af4b-557c14d0e8e0,2025-05-23,526.27,fashion,0.104,netbanking,0,13,0.696,tier2,1,4,night,0.6039320915435429,0.125,0
14daa39d-c3a0-497c-b9e3-733b03d89746,6fbacc05-c7c1-4df5-8224-527419482f58,2025-04-14,1531.89,grocery,0.208,COD,1,0,,tier2,0,2,afternoon,0.5597936769680356,0.4398,0
944625a4-6764-4f9d-a8ec-5d1d9ebfec4b,6dcbc337-b789-4bd9-a661-20e6aae5f28e,2025-07-13,2870.94,home,0.449,UPI,0,5,0.231,tier2,0,5,night,0.13102794820675195,0.0824,0
fe0046a3-2dad-4a68-8ce2-3019469488da,bd3c3573-0103-48f0-b2c0-b7ec007b2db3,2025-06-21,405.69,electronics,0.562,card,0,12,0.203,metro,0,2,afternoon,0.23310699843617838,0.0247,0
23403dc4-bc5a-4ea2-b5bb-d863d00005a2,57c29481-3bfa-4690-879f-2cab6c2fd05a,2025-04-18,1736.79,electronics,0.323,UPI,0,10,0.103,metro,0,1,afternoon,0.1838032082155034,0.0147,0
10ef7642-ac14-46fc-b199-b6cdc4c89e16,078f9f9a-5da9-4764-b5e3-00ee1774a365,2025-01-06,8302.1,electronics,0.18,UPI,0,9,0.583,tier2,0,5,morning,0.5866676553486984,0.0353,0
b1708228-a5ef-409f-ad78-c1f53f4340d9,4c19ca15-e9d8-445e-9a4a-ef49bd34d343,2025-03-05,2665.08,home,0.361,UPI,0,21,0.234,metro,0,2,afternoon,0.24706696213115537,0.0431,0
13ea1ac0-b3fd-4d24-b2ec-e01e0e891e5d,e82f23df-36cd-4e33-9e2a-a51a2598f6a1,2025-02-21,478.87,home,0.308,card,1,0,,metro,0,3,night,0.03093946774227127,0.2687,0
30f8c305-88bc-42f1-9da9-b346aa5a5f49,879efc3e-a486-44ac-a9cc-29dca850ccc1,2025-01-02,332.74,beauty,0.281,UPI,0,13,0.219,tier2,1,2,night,0.14849469586761202,0.1346,0
55debc57-f0c7-40e5-b4d8-a79187fd4417,1a23a683-c22e-476b-84ea-7de5efdd8f6f,2025-03-12,5447.04,home,0.187,COD,0,9,0.347,tier2,0,2,evening,0.23076225353726293,0.1063,0
824006c8-05cb-4231-8f65-4302ec4ddca7,18ac91fe-d7d1-4831-a17e-7c06a5ec4af5,2025-06-15,638.56,home,0.251,UPI,0,6,0.311,tier2,0,7,evening,0.24614417619698423,0.0798,0
72997d72-f203-4d3b-baa5-14f8168ec6c9,4bc409c6-b5e2-418c-b091-811f237e5d34,2025-09-19,5718.7,home,0.205,COD,0,7,0.311,tier2,0,3,evening,0.24986565117884016,0.0987,0
c190b48e-7ba9-4a56-aba2-d2d6167c10e7,fd281fbb-79c1-45b3-9e12-038f990994d1,2025-02-25,9364.74,fashion,0.378,COD,0,9,0.125,metro,1,5,evening,0.11826527161057414,0.1769,0
482b9cfe-ef22-4964-b428-d130cbcee63d,3f888151-69ed-4006-b5f2-68afced6201b,2025-08-03,1261.35,grocery,0.228,COD,0,24,0.067,metro,0,6,evening,0.10820090543681238,0.1417,0
bbac052b-4db6-4d4e-871f-cb16f14611f8,eb3734e7-2db1-4ac4-b236-df094ae1a077,2025-04-05,2652.51,home,0.534,COD,1,0,,metro,0,1,afternoon,0.3702859929902147,0.447,0
05891f91-91e4-48e3-ba81-532d445b29b9,72ead0ae-5b4e-42af-afc3-e5936d2c0440,2025-06-21,250.0,electronics,0.144,netbanking,0,2,0.155,metro,0,3,morning,0.1339182046543242,0.0383,0
fc9e58ec-3f31-4ef9-9192-c2b6a3516b21,120ca7c2-c829-4bd3-a5c3-c8c75cfc1c34,2025-01-28,2531.92,beauty,0.379,UPI,0,1,0.367,metro,0,4,afternoon,0.4369142138857339,0.1393,0
081f0384-3875-4fb1-9a8c-8e628bc2ad1f,18ccbeec-c9cc-4ae2-b310-031112d26e72,2025-09-26,4316.62,fashion,0.363,card,0,1,0.151,metro,1,5,afternoon,0.1542229457137064,0.2496,0
08d87433-0d02-4edf-af86-2413aaf830f4,ec513aca-b3ea-457e-b9fd-46a0fbbd0108,2025-07-27,5748.45,grocery,0.2,card,0,27,0.23,metro,0,1,afternoon,0.19762424986659227,0.0051,0
49bd9498-30fa-49c1-8ddd-6f36cf398487,a5a68430-8473-418f-85df-a2a1d90bf65b,2025-01-03,2645.62,beauty,0.302,COD,0,5,0.0,metro,0,3,night,0.11388016972116154,0.0863,0
411636b1-73fe-4a17-bd90-9ae3c52f560c,7f1c3fa8-2bd8-47fd-ad17-ab142fab9d56,2025-07-12,2441.23,fashion,0.389,COD,0,7,0.211,metro,1,2,afternoon,0.2765406569294239,0.4511,1
5cd5fcd2-4376-4883-afe3-64582a417f95,f91b87e4-35a7-481d-96ba-a679feba54f3,2025-01-03,352.93,fashion,0.36,card,0,15,0.096,tier2,0,2,afternoon,0.05881659853496958,0.1283,0
5d62543b-815b-4d0c-8679-ef4f0bc2ea50,661b6342-8159-4ab2-8a97-b733bb008aa6,2025-04-09,2151.81,fashion,0.252,COD,0,3,0.0,tier2,1,1,afternoon,0.07875622019451736,0.2567,1
403d9e1a-b6a9-4f1d-8847-bc14a08392fe,3b43db08-fb91-462f-825f-825adffaef1d,2025-08-28,250.0,fashion,0.384,COD,0,2,0.075,tier3,1,5,night,0.2241974074982748,0.2739,0
686af278-6f47-4e17-90d2-49c4e7064247,6c361c11-ca46-4858-84ff-ccace7f3ec03,2025-04-16,2128.72,fashion,0.546,COD,0,8,0.118,tier3,1,4,night,0.17298841463602524,0.517,0
f709f4a0-a84c-4166-a082-f1765fa49426,041cf125-f1c4-4f04-95ec-a4fd5838d35a,2025-03-22,2446.63,electronics,0.607,COD,0,4,0.239,tier3,0,6,afternoon,0.3408921063238981,0.3698,0
08583c35-0091-4c9a-b100-363d6f1110e4,bd1084dd-629c-4150-a764-2ccea032f578,2025-09-28,4720.08,fashion,0.211,COD,0,21,0.26,tier2,1,2,night,0.21989011196511407,0.5295,0
888c787b-3757-4b78-a825-423a3e45b77a,b2260d18-fffa-4383-9ce1-cdafe986cab2,2025-09-18,418.31,fashion,0.315,COD,0,30,0.423,metro,1,6,evening,0.4468118022423648,0.6296,0
10f3a4f6-182f-4f29-a395-2fa0abc158c6,48242df6-6544-46ca-8243-b23028d6d805,2025-01-29,17783.04,fashion,0.295,COD,0,14,0.139,tier2,1,1,afternoon,0.1548544510371693,0.0603,0
f3b84f07-f604-4517-b070-aa64ca0b18ef,e9bc43ce-94df-4124-8a69-ba20dca9d1a9,2025-07-21,718.77,home,0.277,UPI,1,0,,metro,0,3,morning,0.29435576014073195,0.1024,0
f02c4155-09b0-481f-814a-82b3b7cdf091,b1866946-8935-4ecd-acf7-242f08c22f6f,2025-08-25,638.89,electronics,0.384,card,0,7,0.493,tier3,0,4,afternoon,0.4237639813012678,0.1285,0
f2a0e4bb-74ad-4a23-905d-16dc4e07fd13,e5a6b7a7-ed88-4924-9865-37d2498eaca8,2025-04-21,3043.72,fashion,0.313,UPI,0,10,0.626,metro,0,4,afternoon,0.5527709467025828,0.1228,1
2a212dcb-4b55-456d-b50f-9fbf3e1e75c8,f6624986-1488-4db8-994b-6db58a9ef6b8,2025-08-04,5428.42,beauty,0.401,card,0,8,0.123,metro,0,1,evening,0.15422316215847254,0.0583,0
dab6aba7-fd8f-4932-af6c-b75002fe0f50,dafa4cb3-c022-4df8-a53f-f33eccbb2af0,2025-02-12,634.14,electronics,0.111,UPI,0,16,0.259,tier3,0,2,afternoon,0.21055725528180214,0.0729,0
4655e180-f32c-4a72-af2e-914db020f4be,9cfbe601-0322-4c7f-a8fc-089374a870d3,2025-10-19,349.56,beauty,0.268,COD,0,16,0.249,tier2,0,4,afternoon,0.2677657562695904,0.4433,0
4a1362f4-0938-4984-9b41-9222533eaaa6,b35327f3-9a21-435b-a376-d3e29a326d89,2025-08-11,3728.81,fashion,0.189,UPI,0,7,0.434,tier2,1,2,afternoon,0.3174880999559512,0.2155,0
37a3a080-38a2-458a-9c84-cbef44aa4134,7abb60f8-6a15-44b0-8a8a-33cf510670a6,2025-07-10,1180.15,grocery,0.605,netbanking,0,16,0.053,tier2,0,1,evening,0.03542903995029727,0.0551,0
0a92e4c1-1b74-4cc4-a90c-2a0533203fcf,ec513aca-b3ea-457e-b9fd-46a0fbbd0108,2025-01-29,1295.33,fashion,0.109,COD,0,28,0.263,metro,1,2,morning,0.19762424986659227,0.191,0
8d2b7889-f2b2-4b67-8008-364834dbbf03,eaeed0dd-7e1c-4258-9fdd-9985ad3d359d,2025-02-28,2024.67,fashion,0.337,COD,0,8,0.356,tier2,1,3,evening,0.3269451502115473,0.5666,0
6cd622c1-6f01-4ddc-9d95-650ab050f978,59605de4-49e6-4ec1-939b-6b33100b85a0,2025-04-29,323.79,electronics,0.212,UPI,0,1,0.081,metro,0,1,night,0.16468907167168612,0.0574,0
56826a44-8705-410b-b6fe-bf242b1c718f,f4f9557a-86f4-4bf5-ae07-480ff58c6f7a,2025-05-10,1084.66,electronics,0.057,UPI,0,10,0.063,metro,0,2,evening,0.04552205229964168,0.0253,0
22180111-761f-4a7e-90b5-652d16334ab5,f4f9557a-86f4-4bf5-ae07-480ff58c6f7a,2025-07-29,250.0,beauty,0.187,UPI,0,11,0.044,metro,0,3,afternoon,0.04552205229964168,0.0516,0
4738888a-9c63-4a78-b5ce-b284c15f8b12,51c62a9a-f387-47be-9870-79041d5914ef,2025-01-31,2524.01,beauty,0.366,UPI,0,4,0.153,metro,0,1,afternoon,0.10839420542924075,0.0553,0
9ab85976-38e6-4796-ad11-680f83789801,6206c71c-e9de-45c6-abb4-00ba2310dd86,2025-07-08,1189.83,fashion,0.382,UPI,0,3,0.503,tier3,1,5,afternoon,0.44476856839523915,0.6477,0
48f768b8-ac18-4777-b04e-599984906386,dafa4cb3-c022-4df8-a53f-f33eccbb2af0,2025-09-10,5095.03,electronics,0.319,UPI,0,17,0.366,tier3,0,6,afternoon,0.21055725528180214,0.0253,0
730baae9-cbc0-47d2-ae20-b13e9b409b3b,97d7ac82-2b8f-4c9e-87c2-0b7f4459006c,2025-03-16,2408.38,home,0.388,COD,0,5,0.317,tier3,0,6,evening,0.23943546554719444,0.4896,0
c3d71e3a-c832-41d9-8d33-d1e97e1b5add,7d843579-ba58-4e22-92e1-5a036cd31605,2025-05-14,6292.88,home,0.072,UPI,1,0,,tier2,0,1,morning,0.11081812330422901,0.0719,0
5bbb9e95-75db-496b-a21f-04a46c74bb0a,eb9e5347-b3bf-4a4f-b52b-c9111ab81344,2025-09-03,888.48,beauty,0.522,UPI,0,5,0.082,tier2,0,5,morning,0.12149518069965874,0.0844,0
a2484cf1-f4cb-4305-9221-1c4a42e14554,3f175ef7-cb46-404c-ae55-2d22b3544172,2025-05-05,1525.04,fashion,0.193,card,0,30,0.0,tier2,1,3,morning,0.048627470043128354,0.1828,0
f0572d2a-de22-491d-8ddc-2cc04ba5e5ae,8072997b-4154-420b-b82c-3e57d37444e3,2025-03-23,2977.93,fashion,0.218,COD,0,8,0.042,tier2,1,4,evening,0.2676344641423701,0.3815,0
0cd07cc9-e5e9-4a55-9172-1224d0129796,97d7ac82-2b8f-4c9e-87c2-0b7f4459006c,2025-10-20,250.0,home,0.295,card,0,6,0.23,metro,0,5,night,0.23943546554719444,0.0413,0
8814efbf-9b20-43a0-b864-6e0e51bed568,0f58fc78-ce5f-44f5-aec7-492478e32c4f,2025-02-17,1645.07,fashion,0.13,card,0,3,0.166,tier2,0,5,evening,0.15829274806408117,0.1485,0
3825f5bf-aa33-4633-adaa-e381096c8c96,7f1c3fa8-2bd8-47fd-ad17-ab142fab9d56,2025-05-27,1248.2,fashion,0.322,UPI,0,8,0.228,tier2,1,4,evening,0.2765406569294239,0.2666,0
848be186-ab71-43fa-8f31-a9de76fed585,0cc649ad-1480-454d-bcc4-59702374b69c,2025-04-14,1849.28,fashion,0.254,UPI,1,0,,metro,1,3,afternoon,0.10726439398882659,0.2362,1
882c8018-8b89-4962-ac85-84bf6ffeb094,e7003096-072a-48a6-8f1e-8ff340a5abf6,2025-04-05,1678.87,grocery,0.166,netbanking,0,10,0.298,tier3,0,5,morning,0.2568909066288726,0.0776,0
041d15b8-d5fb-4e8a-83d6-44f8c04317d4,ef114af5-d327-4f43-b130-12fc88eb3ef9,2025-06-26,20000.0,fashion,0.461,UPI,0,4,0.167,tier2,1,1,evening,0.19519031892731586,0.0304,0
57cb7c19-95bd-44e3-8888-9bcb10f8de5f,55d5bc4c-7c8a-442f-b65c-64ab85db7d38,2025-07-12,250.0,electronics,0.216,card,0,9,0.27,metro,0,1,evening,0.32801543383093573,0.0653,0
fd728ba5-b247-48ea-9512-9ab78208ca19,915abb39-22d8-45e0-a5b6-a6320aeb6892,2025-09-19,5270.87,beauty,0.21,UPI,0,8,0.271,metro,1,1,evening,0.2732031279049196,0.1343,0
d7acd4a2-0195-42f5-b8a9-fdafe6b39bcb,772d36a4-d6df-4d66-9917-a525369a3d91,2025-10-01,622.5,home,0.205,UPI,0,2,0.122,metro,0,6,evening,0.10300308681977859,0.0655,0
73d2cd2b-5277-4517-a765-09b4979239d1,03155ba3-cd3a-4a32-9885-eaa1d5a0f4a0,2025-09-05,775.9,fashion,0.347,COD,0,18,0.516,tier3,0,5,morning,0.4955830568370258,0.6421,0
c2c29c00-58c8-45d3-b7f3-02d3c49422aa,a8c6166f-038a-4ae7-b54d-f52288d81a93,2025-10-15,250.0,home,0.182,COD,0,5,0.223,metro,0,2,afternoon,0.130383422505818,0.2255,1
9efc8541-8445-4fb2-a845-032b90d076dc,eb671c1e-81f6-496c-b68d-49ea47acde37,2025-05-23,3437.13,fashion,0.25,card,0,16,0.188,tier3,1,4,afternoon,0.18608348760507418,0.1398,0
73da6a7b-27c2-4b35-8871-ff597faf0a0a,1a4bfac1-4bff-4c1a-8331-8f58709b98b3,2025-07-30,674.53,grocery,0.319,UPI,0,4,0.081,metro,0,2,morning,0.15250618963621082,0.0218,0
ae049c0a-b86e-443f-9e4e-ad608f5322ed,b5214a86-0454-4ac2-900e-2783858d45dd,2025-07-24,2239.8,electronics,0.378,UPI,0,6,0.357,metro,0,2,evening,0.31538639948094277,0.0443,0
b4991840-dfa8-488d-92a1-07f806146386,72f61517-12bd-45af-9f3b-ee6e0907e0a5,2025-07-03,2495.77,beauty,0.109,UPI,0,3,0.275,tier2,1,6,night,0.2810349509629501,0.2881,0
f16d71b0-8c61-4373-ad4d-8f03d980036f,3bd11f4d-7dd1-422b-8df9-7dc5cf636fc9,2025-07-18,1095.55,electronics,0.314,card,0,5,0.195,tier3,0,3,night,0.3052133289526958,0.031,0
14c6910f-9ad5-4141-bd1d-f37aec0999b9,488818a4-8adb-4718-b41a-823c7f2b2ab8,2025-04-06,4659.1,fashion,0.347,netbanking,0,13,0.28,metro,1,2,afternoon,0.25703386186733934,0.1775,0
e77ec0c4-299a-4fe9-a49f-decb79e4f0c6,b35327f3-9a21-435b-a376-d3e29a326d89,2025-05-27,1317.03,electronics,0.091,COD,0,8,0.324,tier3,0,5,afternoon,0.3174880999559512,0.2902,0
f857b3ed-2b28-422d-8e81-ac6d842cc365,b15097c2-354a-48aa-8b88-0fc27a70d24f,2025-04-06,4558.97,fashion,0.405,UPI,0,19,0.37,metro,1,3,evening,0.35941268307576457,0.1009,0
523307a5-252d-49db-bc60-f12c7ca5602b,31f344da-4c1e-47ec-af4b-557c14d0e8e0,2025-06-10,420.57,fashion,0.212,card,0,14,0.492,tier2,1,3,evening,0.6039320915435429,0.34,0
c93d9ac4-09b4-4db4-b27e-548598d17b2c,f4f9557a-86f4-4bf5-ae07-480ff58c6f7a,2025-04-19,4633.95,electronics,0.139,UPI,0,12,0.056,tier3,0,2,morning,0.04552205229964168,0.048,0
70081e1f-40e7-4ec5-9835-f1e594449abb,38384398-7058-4fd7-b01b-cbda8d50a490,2025-09-26,566.16,fashion,0.258,card,0,12,0.162,tier2,1,8,night,0.12601617248198352,0.2272,0
ce6641d6-82c9-4adb-ae7e-0754d46ab976,4599a51c-2008-4079-839d-ecfc8f342f0e,2025-09-09,1385.36,electronics,0.174,COD,0,7,0.231,tier3,0,7,evening,0.18723773115835693,0.2018,1
78648fef-3434-46fa-b44f-ba7f70eada67,51fb4bf1-3e33-4178-9f07-d94d70620675,2025-05-18,901.55,fashion,0.153,COD,1,0,,tier2,1,5,afternoon,0.13977477266415714,0.6085,1
3c8e0e02-9dc1-478c-9864-a7bfdebfc1f6,d68bbbc3-6511-4b4d-b898-eb8a9a3435c0,2025-08-28,1731.75,fashion,0.069,COD,0,11,0.057,tier2,1,1,night,0.0912579377429543,0.1904,0
64ce5f56-ffa6-4a13-b934-cbb2441e5dd4,d684615e-b5d2-4dff-856f-f7aa94f57139,2025-01-19,250.0,fashion,0.565,COD,0,12,0.298,tier2,0,1,evening,0.391147140695262,0.4439,0
274127bd-3a44-40c7-97d2-4abd3b530ef9,72ead0ae-5b4e-42af-afc3-e5936d2c0440,2025-04-14,2229.9,home,0.258,UPI,0,3,0.025,tier2,0,2,night,0.1339182046543242,0.0317,0
dad71703-8850-481b-83cc-630b3e03cb1d,879efc3e-a486-44ac-a9cc-29dca850ccc1,2025-01-20,2253.71,home,0.26,UPI,0,14,0.277,metro,0,2,afternoon,0.14849469586761202,0.0214,0
b28edd7f-51d4-4af3-b1b7-877458f0acb6,31ff0d71-1021-4137-a652-0909a72704a8,2025-10-24,728.62,fashion,0.159,COD,0,10,0.424,metro,1,1,evening,0.3745706193331196,0.6726,1
9391d234-a9d6-4c6c-b66f-b512a06b9817,69031768-114e-462c-bd84-667bbf764cf0,2025-03-17,612.35,beauty,0.184,card,1,0,,tier2,0,2,evening,0.015741543537136977,0.2103,0
6749798d-9736-4439-a353-c0e4d9af0e76,be86c495-6c85-4ee9-9262-936331392692,2025-05-09,568.67,fashion,0.236,UPI,0,3,0.183,metro,1,2,evening,0.22367316697863052,0.154,0
73ed81a3-b923-4ad2-b6e1-a430a9a85f0a,3c212041-014e-4793-98f2-826628bba05c,2025-10-09,9280.97,grocery,0.167,card,0,2,0.169,tier2,0,2,afternoon,0.25921265445369807,0.0055,0
067f151f-c0c3-4e3a-849b-cc0685609bb4,551aee57-0df4-4a51-9afa-0babaf28b33a,2025-09-01,4835.78,fashion,0.291,COD,0,31,0.248,metro,1,1,afternoon,0.18168234468688693,0.2484,0
e67ee11c-45a8-43c1-b785-8ba98e364bc1,1e8c36c2-6ec2-42d0-bed2-1a1c361dd692,2025-01-26,1419.61,fashion,0.285,card,0,13,0.366,metro,0,3,morning,0.32830159764792616,0.0851,0
cb32fac9-451c-4ec0-b932-0c7fc0a0976d,f798ef7e-e2a3-4c54-b902-894eaf540d62,2025-03-07,14579.4,electronics,0.164,COD,0,17,0.306,metro,0,1,evening,0.21199326223067969,0.0135,0
32451a54-9694-4cfb-b021-9273b92d3df4,023b9e7c-1296-4744-8d72-4287487c387a,2025-07-15,250.0,fashion,0.16,UPI,0,14,0.436,tier2,1,3,evening,0.3858310964520147,0.1826,1
db22b03f-fceb-467a-8604-2fd02a01c92e,6c361c11-ca46-4858-84ff-ccace7f3ec03,2025-09-01,1685.4,fashion,0.25,UPI,0,9,0.326,metro,1,3,morning,0.17298841463602524,0.262,1
01caa6e3-e881-4af7-9c67-6f983cffaf72,7f1c3fa8-2bd8-47fd-ad17-ab142fab9d56,2025-01-21,250.0,fashion,0.353,UPI,0,9,0.435,tier3,0,6,night,0.2765406569294239,0.1215,0
e89de669-24b1-4784-910d-2c3857ab94a2,18199977-0fbb-46b1-bb6f-57f0bbea3588,2025-01-16,1723.98,fashion,0.186,COD,0,2,0.222,metro,1,3,evening,0.15358953817365018,0.3772,1
18e0ab81-ffc4-4b07-842f-36b684c421f8,f60dd379-b761-4abe-a910-2e679a649299,2025-02-20,519.82,fashion,0.286,card,0,11,0.651,metro,1,3,afternoon,0.6231863021915255,0.2499,0
9e14346d-6154-42ed-ad0b-3dfe3baaad87,dafa4cb3-c022-4df8-a53f-f33eccbb2af0,2025-08-22,394.61,beauty,0.378,COD,0,18,0.304,metro,0,1,morning,0.21055725528180214,0.3786,0
72b0da9a-7e72-48c8-bdb7-3f910f00695a,bd3c3573-0103-48f0-b2c0-b7ec007b2db3,2025-10-25,531.85,grocery,0.369,UPI,0,13,0.368,metro,0,3,afternoon,0.23310699843617838,0.036,0
b50b5dd6-eb47-44e8-87ef-b59c137f88cd,f6624986-1488-4db8-994b-6db58a9ef6b8,2025-08-05,948.43,home,0.194,COD,0,9,0.121,metro,0,6,morning,0.15422316215847254,0.1963,0
830f9791-23bc-44f9-bfc2-fbafcc566fb7,475cfcc6-88df-4e49-810d-e60c6915e823,2025-04-15,5157.64,electronics,0.292,COD,0,5,0.171,tier3,0,4,evening,0.2511919731705291,0.0731,0
9808aa37-b3e8-4b18-b263-8b4016d11126,617c2dac-ff86-4a50-b68a-9e92a81ce5c4,2025-03-11,999.49,electronics,0.291,UPI,0,16,0.317,tier3,0,6,evening,0.3565159652552688,0.2109,0
b9243ca9-a3d1-4c29-b2aa-0a7bc1b4696e,4c19ca15-e9d8-445e-9a4a-ef49bd34d343,2025-01-19,2249.61,fashion,0.413,card,0,22,0.248,metro,1,1,evening,0.24706696213115537,0.1132,0
5968dce1-4e1a-407c-bab1-f8331676c4dd,21929a7c-df34-4e43-ac5e-3ecf09093300,2025-01-27,7150.31,electronics,0.226,COD,0,5,0.074,tier2,0,2,afternoon,0.14992661347758604,0.0336,1
237ac6b3-54df-46f9-8e6f-a5b3be24dd6e,0b3125cc-29c6-4f20-b1ef-8890454bd85d,2025-08-25,1249.75,home,0.535,UPI,0,16,0.532,tier2,0,3,afternoon,0.45454338905514596,0.1035,0
6e99d529-9440-4235-918c-8b73394958f9,e337d2a3-6032-4e1f-8ce4-a81121aa131e,2025-03-07,6937.56,fashion,0.124,card,0,28,0.104,tier2,1,5,night,0.2771725532528444,0.0724,0
b0fe77d5-abea-43c3-af13-d6efeb07f59b,1430da84-3676-4e2f-a20c-58786ed1d466,2025-10-08,963.32,home,0.276,COD,0,22,0.257,tier2,0,2,morning,0.22121655786542901,0.2121,0
d38f9993-f695-4b49-a7ee-c539dbc3edde,91d9555b-1d4d-4f40-aeaa-eb332e280fbc,2025-09-07,578.22,electronics,0.17,COD,0,6,0.208,tier3,0,5,night,0.15808045554802053,0.0792,0
3d9830b1-dfe8-424a-8aec-dc7cd22416e6,c82ff35e-d4c0-40e3-8dbc-ce7b5a246eb2,2025-08-25,12054.4,home,0.213,UPI,0,3,0.397,tier3,0,5,evening,0.3049431715733594,0.0115,0
8d78f372-b36e-45d3-9aa1-71eaa72cac95,b0766d31-1a36-4d3f-a85e-96413fb52d53,2025-07-02,1999.3,fashion,0.377,UPI,0,5,0.0,tier3,0,4,evening,0.06885084713508903,0.062,0
e0364117-336f-4021-bf7e-d423f3bb5f75,0b3125cc-29c6-4f20-b1ef-8890454bd85d,2025-01-06,3178.71,fashion,0.364,UPI,0,17,0.407,tier3,1,4,morning,0.45454338905514596,0.1533,0
8c755a64-8066-466c-8040-2697b592d407,cd41d912-6dd3-48f5-8321-ab579b72c57a,2025-05-23,1020.66,home,0.452,UPI,0,16,0.258,metro,0,1,afternoon,0.1561219227039281,0.0572,0
717aa0e4-8105-4dd4-bcda-d452d55d9da3,bdf5e5de-7033-4345-ac37-819738c0e957,2025-04-04,405.32,fashion,0.265,UPI,0,29,0.293,metro,0,1,evening,0.2211439005048725,0.2863,1
1696c264-7019-49c0-a1cb-86cc6d816579,f7243914-f259-4b3f-b4da-cc523ff04815,2025-02-28,408.58,beauty,0.597,netbanking,0,22,0.291,metro,0,3,afternoon,0.2798863894924076,0.1614,1
96b31e41-dfc6-4238-b222-6c8626dd3a50,115b599a-217b-402c-bf2e-d673a28b8b6a,2025-07-19,250.0,fashion,0.111,UPI,0,18,0.31,metro,1,5,evening,0.22490754943212576,0.132,0
b1a02252-315a-475e-b45b-36e94565c914,ca387ff8-0675-453b-aac2-60dc063177d4,2025-10-18,2463.68,fashion,0.458,card,0,3,0.326,metro,1,4,night,0.2560233812776348,0.211,0
bc9e1378-2479-437b-bdcc-7be3e567da6c,dcc320e0-51d7-4f5a-b1cf-f774f3ea235f,2025-04-15,587.12,beauty,0.036,card,0,24,0.138,tier2,1,2,morning,0.08097222048102413,0.043,0
985ec5fc-cdbc-4325-bc9e-61c5545ce8a9,7e18e190-4160-45a8-82f8-80895912f569,2025-10-23,666.25,electronics,0.181,netbanking,0,1,0.196,metro,0,4,morning,0.08802142828916741,0.0157,0
e3e01e04-8fac-4565-b953-444edebe772c,d684615e-b5d2-4dff-856f-f7aa94f57139,2025-02-14,3058.97,home,0.383,COD,0,13,0.471,metro,0,4,evening,0.391147140695262,0.1371,0
7ff5cfce-30c3-425c-a6ef-5ac711a24454,f798ef7e-e2a3-4c54-b902-894eaf540d62,2025-10-14,4856.49,grocery,0.235,COD,0,18,0.322,metro,0,4,evening,0.21199326223067969,0.0217,0
68e8fed4-10f3-43bd-bc35-13798346fd75,b2260d18-fffa-4383-9ce1-cdafe986cab2,2025-02-10,1524.82,beauty,0.158,COD,0,31,0.414,tier2,0,4,afternoon,0.4468118022423648,0.3469,1
d9d1ed55-cef0-4d0a-8f3b-3c18823f401d,023b9e7c-1296-4744-8d72-4287487c387a,2025-07-13,309.93,grocery,0.118,COD,0,15,0.427,tier2,0,2,afternoon,0.3858310964520147,0.266,0
582c2b01-96f6-4fe2-a000-f3a33e50da95,b23d847d-997a-4928-9b10-f50e4fa93ba9,2025-07-13,4305.49,beauty,0.276,UPI,0,11,0.282,tier2,1,7,afternoon,0.22452854262691951,0.2283,0
6b6c958e-aa4c-424d-bc0b-faf8e7bc4e10,7f892973-babf-4935-bab7-187b59d8b023,2025-05-09,15950.44,home,0.494,UPI,0,23,0.299,metro,0,3,evening,0.2434169799043869,0.0071,0
5060c039-4e01-4c2a-93a2-e529b914d03d,fd281fbb-79c1-45b3-9e12-038f990994d1,2025-06-20,278.56,grocery,0.353,card,0,10,0.129,tier2,0,3,night,0.11826527161057414,0.0343,0
45c768bb-35d7-457f-8a6c-99150ab3ba9c,2b6f7b91-8644-4001-be0d-167dfe018e72,2025-08-03,1339.74,home,0.475,COD,0,3,0.39,metro,0,2,afternoon,0.4600954461872477,0.3396,1
ae73e4ba-6001-4e3c-81e5-e79b5ba8dd69,55d5bc4c-7c8a-442f-b65c-64ab85db7d38,2025-02-20,1384.06,electronics,0.5,UPI,0,10,0.322,tier3,0,6,evening,0.32801543383093573,0.1751,1
f9b4da1f-8729-4a0d-8d5a-b3d6e124b18e,c3667960-275a-45b2-a2fb-3c154cf68002,2025-09-10,2655.26,fashion,0.243,COD,0,5,0.396,metro,1,5,afternoon,0.42258989063174557,0.6446,0
7c1bd424-36b7-4a15-afcb-b707272dcc4c,530bbe2d-ad3a-48f9-bc50-6461db39ef79,2025-08-03,250.0,fashion,0.458,COD,0,20,0.376,metro,1,3,morning,0.5144941083307562,0.438,1
e8aea014-aa86-470a-9165-65470a323403,87699cd8-cca3-418f-9a3e-144a0cbaca68,2025-09-26,2530.02,electronics,0.212,COD,0,10,0.0,metro,0,4,night,0.05655306904883348,0.0728,0
183931cc-ff5e-46ab-bb45-c6a47c750e83,59605de4-49e6-4ec1-939b-6b33100b85a0,2025-02-23,839.86,fashion,0.196,UPI,0,2,0.077,tier2,1,3,afternoon,0.16468907167168612,0.1699,1
0ee33cf8-7225-469d-b5ac-705284c2c64d,e7003096-072a-48a6-8f1e-8ff340a5abf6,2025-05-19,669.51,home,0.21,UPI,0,11,0.247,tier3,0,5,morning,0.2568909066288726,0.0731,0
353efe44-07e2-42d5-a9ff-58aa94018d95,a853efee-ff59-4993-bc61-f78068b52bd2,2025-02-03,452.85,fashion,0.419,UPI,0,2,0.126,metro,0,3,morning,0.11173338786746698,0.0525,0
9da8e2a3-9367-4d4a-9dbd-b196c4c4c2fb,fece3053-752e-4f5a-b715-c3d8cb10cde7,2025-08-06,3848.96,fashion,0.216,COD,0,13,0.183,metro,1,4,evening,0.2486017792851423,0.1459,0
b0924ef7-0f36-4fbe-8980-425c2b80a36b,2e69e260-0ee4-43cf-9c88-a409981081c6,2025-02-20,250.0,home,0.167,UPI,0,11,0.359,tier3,0,6,evening,0.41585134920398,0.2589,0
d72aae92-8538-4650-9d47-23b9d37b58a1,9d939e1c-b8da-4c70-95f1-935678f16771,2025-07-04,2614.7,electronics,0.307,UPI,0,3,0.223,metro,0,2,morning,0.19264547693073103,0.0626,0
b0c303ad-fc12-4e83-af8e-26913fa6f0af,b23d847d-997a-4928-9b10-f50e4fa93ba9,2025-01-01,2082.43,beauty,0.13,COD,0,12,0.133,metro,0,2,night,0.22452854262691951,0.0664,0
8c3963cb-7835-45f2-9a7a-c1bc52f8bc18,b2260d18-fffa-4383-9ce1-cdafe986cab2,2025-02-24,519.87,grocery,0.147,COD,0,32,0.464,metro,0,2,morning,0.4468118022423648,0.0344,0
274b368e-8055-483c-8905-c88d06726a82,eb671c1e-81f6-496c-b68d-49ea47acde37,2025-06-08,599.59,electronics,0.259,COD,0,17,0.085,tier3,0,5,night,0.18608348760507418,0.1588,0
8dc5c3fe-9f64-4bf5-9bd5-14c46db9a7af,f7243914-f259-4b3f-b4da-cc523ff04815,2025-04-23,15294.67,electronics,0.013,COD,0,23,0.271,tier2,0,5,morning,0.2798863894924076,0.0134,0
97ed887e-4d3a-4a3d-b8f6-0c11393b7a45,7e18e190-4160-45a8-82f8-80895912f569,2025-01-15,471.24,fashion,0.236,UPI,0,2,0.0,metro,0,2,night,0.08802142828916741,0.0312,0
da0e6b88-67b8-4b86-89a2-6f34afbc68cc,041cf125-f1c4-4f04-95ec-a4fd5838d35a,2025-10-26,2255.03,electronics,0.247,COD,0,5,0.317,tier2,0,2,evening,0.3408921063238981,0.3677,0
1777f9c4-ff66-427f-bd56-bd3e871ac33c,b42f07c9-1eeb-4ac5-8d28-5ece4676d517,2025-05-07,3051.75,beauty,0.478,UPI,0,3,0.49,tier2,1,3,afternoon,0.5424554488796087,0.4232,1
7b31c9ce-9d7b-41f3-b9f8-6393ef839c1c,d68bbbc3-6511-4b4d-b898-eb8a9a3435c0,2025-05-08,3187.33,electronics,0.259,COD,0,12,0.117,metro,0,5,night,0.0912579377429543,0.042,0
5c2c2276-3740-4493-909a-193c20996356,fcad361d-37b1-48e4-ba15-27f5efd12bd2,2025-04-28,1270.43,grocery,0.399,COD,0,12,0.454,metro,0,4,night,0.3926881472493449,0.2382,0
df5e6956-99c7-4227-9c63-19ad9bf431a1,2969daca-42b5-4be5-8e1b-371fea3f198f,2025-05-09,945.97,fashion,0.546,card,0,3,0.387,tier3,0,8,afternoon,0.4893639098666145,0.3923,0
03e6bca6-1340-405e-b53b-622d2f2900f1,e66cf7c0-8110-437c-9ade-4119f3d89dfe,2025-05-17,3194.96,fashion,0.297,UPI,0,2,0.298,tier3,1,4,morning,0.2828521239790615,0.3217,0
192f6412-d813-40ef-91f2-7bd4a567710b,4b641fb2-3437-4f0f-9c67-9222d63bef6e,2025-08-28,1266.36,electronics,0.559,UPI,0,11,0.269,metro,0,2,afternoon,0.3016559281489719,0.0496,0
2f946a7c-6a27-43a1-9184-e9506454b139,80cef85a-5938-4801-9fa5-9b6c0de0cc08,2025-01-18,18338.85,electronics,0.2,UPI,0,17,0.29,metro,0,2,night,0.2042925306906814,0.0049,0
05b2b2fa-b40a-4ec4-bbb4-9501f129577d,551aee57-0df4-4a51-9afa-0babaf28b33a,2025-04-26,2471.49,fashion,0.432,UPI,0,32,0.119,tier2,1,1,evening,0.18168234468688693,0.5052,0
08949595-2f08-41ff-88a5-e7217a9b529d,50dc3803-1af4-4a0a-8917-ca0e73db20ad,2025-06-17,1692.39,fashion,0.149,UPI,0,12,0.32,tier2,1,1,afternoon,0.3098477304837669,0.3383,0
6c9bd4f0-0779-43db-a05c-29b6142f429d,295aecae-d2c7-4cb8-a2d7-dda883f0feb4,2025-08-21,1577.93,home,0.385,UPI,0,1,0.167,tier2,0,2,afternoon,0.15600093316577332,0.1121,0
611568f2-fd44-411f-84fd-2cd0a645caf4,31fb899b-f8d2-414f-90c0-6743b2dbc9b3,2025-05-06,8186.54,electronics,0.524,netbanking,0,6,0.291,metro,0,2,night,0.3358319706571889,0.0098,0
cf9fc062-609f-47b7-80d5-14e6a2619b66,48242df6-6544-46ca-8243-b23028d6d805,2025-02-21,2889.18,fashion,0.307,UPI,0,15,0.164,metro,0,3,evening,0.1548544510371693,0.1254,0
8006a5b8-752b-46fa-a09d-cbf0d5a3624b,cd41d912-6dd3-48f5-8321-ab579b72c57a,2025-07-03,1381.03,fashion,0.057,UPI,0,17,0.241,metro,1,2,morning,0.1561219227039281,0.1678,1
5b6a49f4-5c97-4155-8069-1daac230a48a,115b599a-217b-402c-bf2e-d673a28b8b6a,2025-03-19,2138.41,fashion,0.112,UPI,0,19,0.215,metro,1,4,evening,0.22490754943212576,0.0847,0
0028c482-c5c5-4236-8f83-42bae2d7d057,115b599a-217b-402c-bf2e-d673a28b8b6a,2025-07-05,2902.6,beauty,0.326,netbanking,0,20,0.104,metro,0,4,afternoon,0.22490754943212576,0.0448,0
cb9f4c59-96a6-4e6c-b815-a010e21b7403,7f1c3fa8-2bd8-47fd-ad17-ab142fab9d56,2025-09-12,769.58,home,0.086,COD,0,10,0.282,metro,0,4,morning,0.2765406569294239,0.1333,1
7a1b4e0b-fcdf-4c0b-a470-761edbaf41b7,ec513aca-b3ea-457e-b9fd-46a0fbbd0108,2025-10-07,20000.0,fashion,0.438,COD,0,29,0.204,tier2,0,4,night,0.19762424986659227,0.0432,0
ace781ff-03e9-4ecf-8fea-1413434d89c3,bd3c3573-0103-48f0-b2c0-b7ec007b2db3,2025-02-22,2523.22,grocery,0.175,UPI,0,14,0.351,metro,0,4,afternoon,0.23310699843617838,0.0088,0
eefc19ff-d6ea-4059-874c-f8b4a8227c4e,07db593a-6f55-4161-9229-8339901d150f,2025-06-12,965.55,fashion,0.145,UPI,1,0,,tier2,1,3,morning,0.5532682722846394,0.422,0
baab4422-8ee7-40c6-aeb3-4c9635eb714d,93d11106-41d0-4c5d-ac79-1d9d6f90bcbf,2025-09-19,1246.1,beauty,0.184,UPI,0,11,0.016,tier3,0,8,morning,0.052918216172000036,0.1911,0
7361b7d2-079b-4f70-81d1-563b93ecaabe,3cee8f97-6a9f-48bd-9130-1eeb62534fd4,2025-05-27,488.73,home,0.258,netbanking,0,10,0.07,tier3,0,6,night,0.021433052089598018,0.1245,1
145be1c9-25af-4951-a6ae-c995fc1aff71,dcc320e0-51d7-4f5a-b1cf-f774f3ea235f,2025-08-04,1246.59,home,0.461,card,0,25,0.0,tier2,0,1,evening,0.08097222048102413,0.0382,0
6e26d0bc-703b-4f8a-b614-e82fc0413e98,88b88e03-c936-4c7f-ba2d-52cf64525090,2025-01-18,8784.62,home,0.065,UPI,0,8,0.18,tier3,0,4,evening,0.20459557629689876,0.0225,0
b6f2fd42-b4c4-44d2-8365-ba05e82c0585,72f61517-12bd-45af-9f3b-ee6e0907e0a5,2025-06-27,250.0,beauty,0.247,UPI,0,4,0.335,metro,0,1,afternoon,0.2810349509629501,0.1202,0
7bf5bab1-7a12-4f6c-93c5-ee744ae3195b,be86c495-6c85-4ee9-9262-936331392692,2025-03-25,2019.08,fashion,0.289,card,0,4,0.258,metro,1,1,night,0.22367316697863052,0.0607,0
c920111f-7eb1-498a-87f7-3606d5620695,ad87b3e3-8b3e-438e-8994-51127b85c296,2025-05-07,1984.78,home,0.418,card,0,11,0.0,tier3,0,5,morning,0.06067469417646223,0.0835,0
59642574-c45a-4cee-89c7-98f6f9a6a1f7,bc9aa5af-cb2d-49cb-8b51-cbd09afee7b7,2025-04-03,1031.22,fashion,0.233,UPI,0,13,0.383,metro,1,3,afternoon,0.34134778732339127,0.2277,0
42f50b2b-1b27-4119-9cd7-2ad8064cdf82,5d000b91-1420-4948-bb8d-f5ee10cd8c6d,2025-06-21,3378.03,fashion,0.458,UPI,1,0,,tier3,1,4,morning,0.21229487492335847,0.2577,0
4714f515-6092-4b60-bb27-51d4e64864e3,f798ef7e-e2a3-4c54-b902-894eaf540d62,2025-06-02,266.69,home,0.456,UPI,0,19,0.348,metro,0,1,afternoon,0.21199326223067969,0.2736,1
70e5fe81-afed-4767-ac59-e93af5e96946,d9af91f9-8feb-4cae-955d-0a0db9627211,2025-04-08,7854.41,home,0.565,card,0,2,0.151,tier2,0,5,evening,0.18270874579895838,0.0495,1
09aab94c-7421-4e5b-8f1e-0d1528894c03,f798ef7e-e2a3-4c54-b902-894eaf540d62,2025-09-29,908.14,beauty,0.085,UPI,0,20,0.217,tier2,1,3,afternoon,0.21199326223067969,0.1108,1
863baa8a-711d-439e-8c2c-ed21939235ed,36d6b08a-5436-4a2f-83c2-120975d4be7f,2025-09-03,593.68,electronics,0.081,UPI,0,21,0.0,metro,0,5,night,0.04915448350944119,0.0148,0
cce00f20-3254-498d-be9d-0af6f6413cef,73a298d3-d463-4abb-8029-d3de23df5627,2025-09-27,8524.45,home,0.309,UPI,0,2,0.34,tier3,0,5,evening,0.2557434906898539,0.041,0
5f415cb3-7525-4c1e-ae7e-67860ac4af11,fd6cccad-5f4f-45ca-8142-59059b87515b,2025-01-09,1629.86,grocery,0.58,card,0,32,0.218,metro,0,1,night,0.2595265118239566,0.0521,0
3fc54210-52e6-4b5d-ba82-bf1163391bc5,e0be4c42-c5d2-46e6-98a3-f57143c81929,2025-03-20,20000.0,fashion,0.058,UPI,0,19,0.2,metro,0,2,evening,0.23228588338828865,0.01,0
97a5d604-333f-48af-9a05-9e2eb96ed169,b3f33ef6-3953-4fa2-b5c0-493473e40312,2025-05-24,1397.53,electronics,0.142,card,0,28,0.276,tier3,0,7,afternoon,0.24874291058771908,0.0688,0
b59daeaf-69d0-42a5-ada7-aaa3a6d2ab65,a539cfde-3926-498d-8b11-8bd068d970d3,2025-10-22,1098.53,beauty,0.391,card,0,4,0.397,tier2,0,3,afternoon,0.4117868133302571,0.0683,0
41c3ec5c-f51d-4a2f-aca9-6c4268fedee8,fd6cccad-5f4f-45ca-8142-59059b87515b,2025-07-18,4010.3,fashion,0.42,UPI,0,33,0.283,metro,1,3,afternoon,0.2595265118239566,0.1736,0
3c12200a-666c-4051-8fde-4d12cd902ec9,7c4561a1-0fb1-4641-bf3c-02486cc5d63f,2025-07-06,4304.94,beauty,0.113,COD,0,4,0.281,tier2,0,5,morning,0.33399605777104996,0.127,0
c77cf9c7-7018-4908-983e-070ed04132cb,48242df6-6544-46ca-8243-b23028d6d805,2025-05-16,7699.78,grocery,0.188,COD,0,16,0.27,metro,0,1,evening,0.1548544510371693,0.0647,0
9ee85add-1ab4-4b4b-8c7e-b2c9e0f5964c,00850f9b-0ccd-4292-aa59-0ccccc2d0338,2025-07-17,411.53,home,0.117,card,0,4,0.183,metro,0,2,afternoon,0.2881986119409372,0.0596,0
58773aa9-3bf3-4b35-9d5e-8af708d7531e,4418d08b-233e-4e80-a916-7446f03e9dbf,2025-01-19,4418.22,beauty,0.276,COD,0,1,0.087,tier2,0,3,evening,0.17267604750076926,0.1542,0
81c35ccc-578a-407a-a935-c56166585309,ed599b6e-2d8f-4189-929f-bf2dbd05f32d,2025-02-07,464.96,grocery,0.299,card,0,4,0.48,tier3,0,7,afternoon,0.46015210405281526,0.0647,0
283e8b5f-ecb8-46e8-ac3d-85af4ab49a29,cba1f52f-9905-4405-b96d-4c622c0b248e,2025-08-19,367.99,fashion,0.455,UPI,0,17,0.433,metro,0,2,evening,0.4451782602422671,0.2493,0
16c5f8f7-8149-448a-a732-397dded5afcb,55d5bc4c-7c8a-442f-b65c-64ab85db7d38,2025-08-02,12097.01,electronics,0.152,card,0,11,0.579,metro,0,1,evening,0.32801543383093573,0.0074,0
f64bfcf6-89c2-4300-8d39-25aaea20725a,2e47b7ee-0809-4ae4-8dd5-f4c88b6fe2c2,2025-09-21,532.68,electronics,0.091,UPI,0,2,0.445,metro,0,7,night,0.3607060487773846,0.0743,0
919c8ff2-d245-48db-aea2-d709b8335b0c,252fa25e-5a02-42f5-a1c4-5b0b9cde0a61,2025-06-01,755.95,grocery,0.31,COD,0,5,0.198,tier2,0,1,morning,0.2798243783472397,0.1486,0
77e0293a-4dd2-4673-b0f0-0a436f62749e,13305eb5-fa9e-4ad0-82e5-51bd1825bb0e,2025-07-11,1374.55,home,0.072,COD,0,20,0.0,tier2,0,3,evening,0.06015710717930573,0.0981,0
7e9b8733-5728-4063-822d-a813673b0ccf,6c361c11-ca46-4858-84ff-ccace7f3ec03,2025-06-03,3411.85,fashion,0.15,UPI,0,10,0.134,tier2,0,2,night,0.17298841463602524,0.1209,0
5fe08826-238b-4fa3-936b-42e5f94eaa9e,0253556d-6afc-4561-bae7-49a51c98b9f7,2025-05-01,3057.42,fashion,0.323,UPI,0,3,0.082,metro,1,5,evening,0.142405855423258,0.2632,0
63924aab-f059-49ef-a524-842c7170226a,115b599a-217b-402c-bf2e-d673a28b8b6a,2025-10-01,1048.2,fashion,0.455,COD,0,21,0.202,metro,1,3,afternoon,0.22490754943212576,0.6581,0
c1dbe74c-8994-4c4f-bbee-da45306859ca,cf09efdd-9b76-468d-becb-ce883bda3a35,2025-05-04,2489.81,electronics,0.282,card,0,2,0.384,tier2,0,7,evening,0.1551769252887446,0.0747,0
d7fc0f24-e240-4d79-866f-1d1e695055da,f91b87e4-35a7-481d-96ba-a679feba54f3,2025-06-27,13287.54,electronics,0.463,card,0,16,0.139,tier2,0,4,morning,0.05881659853496958,0.0062,0
7360ec60-a8ce-4e09-86bd-31aee5d70280,928114f7-f956-485a-b601-6b40b48c18d7,2025-03-23,333.56,home,0.39,UPI,0,18,0.409,metro,0,3,afternoon,0.29038571770418864,0.0611,0
02f12ad9-bb0e-4527-b8ae-57327bef3f08,66ae49f0-46d4-4030-87d4-59cee04caa99,2025-09-16,3612.05,electronics,0.221,COD,0,7,0.164,tier2,0,4,evening,0.07704457522442643,0.116,0
f67b1eaf-616e-4bc3-93a5-7a132b553be1,50c93afd-1b89-4f33-8ccb-21eeea3f4048,2025-05-01,1071.79,electronics,0.253,UPI,0,3,0.167,metro,0,4,evening,0.23305342178158567,0.0486,0
4db9e6b4-9fed-4b98-8dfa-4984993b70aa,b7cf8b3e-8cbc-41b9-b7a4-c29693d32968,2025-03-05,1177.18,fashion,0.302,UPI,0,7,0.147,metro,1,1,evening,0.23865381601921165,0.1793,0
4e38ca0b-e1eb-49cf-be6d-3999a8790dec,4c19ca15-e9d8-445e-9a4a-ef49bd34d343,2025-07-14,822.83,beauty,0.281,COD,0,23,0.185,tier2,0,4,evening,0.24706696213115537,0.1772,1
5793adb5-1f1e-4e42-98fd-b1ec84473784,efca07b7-801d-4f4d-8fd4-f9471ea25c75,2025-05-14,1045.84,home,0.42,COD,0,20,0.552,metro,0,4,afternoon,0.3870026797871902,0.3003,0
3c2efbcf-b739-4762-9a6e-fc7abad294f0,2b07b584-d1aa-4d4c-8a54-d972e2975ecf,2025-10-25,2661.84,fashion,0.319,card,0,4,0.098,metro,1,6,morning,0.12972182350309738,0.0891,1
9b7bf029-ff0c-4545-a06b-caccb8ac5fa5,b6da0c58-e09f-4c64-b488-90dde3c22bf1,2025-05-07,2101.15,grocery,0.31,COD,0,9,0.0,tier2,0,1,night,0.06852796151158619,0.0402,0
284ba052-5087-4caa-8ce4-dabf231bee37,14fa1e07-e46e-4421-bcc9-efd97fda4448,2025-10-08,1999.13,home,0.224,UPI,0,7,0.26,metro,0,5,afternoon,0.2216976101384966,0.0459,0
3d737a33-a629-401d-b9b9-c723523a7e57,4b641fb2-3437-4f0f-9c67-9222d63bef6e,2025-06-02,1473.06,fashion,0.309,UPI,0,12,0.342,tier2,0,4,morning,0.3016559281489719,0.212,0
11c88484-2314-434a-b4e1-348c03dc5162,d6820024-4c8c-44b8-8098-59f8938ad61c,2025-07-04,4094.56,fashion,0.466,COD,0,4,0.677,metro,0,4,morning,0.7830202777801657,0.5782,0
6cc7361f-7451-4d99-baa4-4844c288a519,bd1084dd-629c-4150-a764-2ccea032f578,2025-01-07,688.1,fashion,0.133,card,0,22,0.268,metro,0,6,evening,0.21989011196511407,0.0417,0
119a84b8-b511-4922-b88f-094a7c75ba62,1a4bfac1-4bff-4c1a-8331-8f58709b98b3,2025-02-17,332.12,fashion,0.226,UPI,0,5,0.161,metro,1,1,night,0.15250618963621082,0.0777,0
04e277e2-ba0e-4efd-b730-ce864af7d1b4,dd56cd56-04ee-455a-b17e-6f973289a28d,2025-06-25,2849.82,home,0.167,UPI,1,0,,tier3,0,2,afternoon,0.3169418867271463,0.2012,0
6551353a-3b50-4b7d-b562-3761975c00c1,ade38847-ed43-40bb-86a7-c04000915ee5,2025-06-16,532.36,fashion,0.342,UPI,0,13,0.244,tier2,1,4,afternoon,0.14720873128711998,0.2738,1
17ae9f2f-3d2c-4600-90aa-db08312e84c9,6691be4b-2f05-471e-880b-641b361f736f,2025-04-26,1817.75,fashion,0.229,UPI,0,24,0.205,metro,1,2,afternoon,0.2916477929418046,0.2252,0
6f1cd3a2-9b25-4bd3-86b7-e8b22938b010,e0be4c42-c5d2-46e6-98a3-f57143c81929,2025-08-20,3094.17,grocery,0.248,COD,0,20,0.125,metro,0,1,morning,0.23228588338828865,0.033,0
a9e78df7-089a-48b5-b626-64dbb10ad942,b48b45a4-753f-4ba5-b83c-ddf1c5e444e1,2025-10-17,2085.54,electronics,0.467,COD,0,8,0.395,tier2,0,2,morning,0.419905690979168,0.1746,0
10bde324-69af-4702-a540-06f11ddd3cb4,cd9d8125-8011-4465-92dd-50bd06de23f3,2025-04-15,2890.14,home,0.75,card,0,9,0.459,metro,0,4,evening,0.46001324343588723,0.1031,0
c0cc3113-5289-4273-9b6f-342ba285e6e8,67991ec5-6540-4afc-8700-1e97c8b7427e,2025-09-05,434.74,fashion,0.104,UPI,0,12,0.122,tier2,1,2,afternoon,0.13954174495960747,0.0384,0
44e757b5-d332-4993-84db-d36e8e74f779,8f067d15-412d-40db-b9f2-a2103e13290f,2025-08-31,7943.71,fashion,0.415,UPI,0,1,0.156,tier2,1,2,night,0.02235684262044825,0.0537,1
4d2e3bcf-d76f-416f-aedc-40935343ccf1,915abb39-22d8-45e0-a5b6-a6320aeb6892,2025-01-19,5201.9,beauty,0.099,COD,0,9,0.19,tier3,1,3,evening,0.2732031279049196,0.1273,0
1d930630-c2a5-46e7-8131-96bc6f249c9a,42062672-9628-4767-b3c7-ce07bbe65e82,2025-04-09,2583.72,fashion,0.107,card,0,2,0.472,tier3,1,10,afternoon,0.406655373188852,0.198,0
0ca5f449-ffcf-4eb4-8d6c-16bf428e8d18,47cb53b5-07a8-4133-916b-09b281c51f88,2025-10-19,250.0,electronics,0.221,UPI,0,7,0.357,tier3,0,5,evening,0.35614412579298554,0.05,0
77a6a155-d7f1-4bc0-bd1d-81f3af83625d,ad87b3e3-8b3e-438e-8994-51127b85c296,2025-03-27,522.25,home,0.284,UPI,0,12,0.077,tier3,0,4,evening,0.06067469417646223,0.0451,0
a16500f6-59c9-46dc-ac41-54646ef440b9,72f61517-12bd-45af-9f3b-ee6e0907e0a5,2025-10-23,1418.94,electronics,0.462,UPI,0,5,0.28,tier2,0,1,evening,0.2810349509629501,0.0703,0
a0bc0478-c1de-418e-ac13-9ab8d889b5a7,b0766d31-1a36-4d3f-a85e-96413fb52d53,2025-10-01,1343.51,electronics,0.029,COD,0,6,0.059,metro,0,5,afternoon,0.06885084713508903,0.0853,0
b18e9a5a-2d1e-46bc-b493-e23c57df290c,5a4e456a-7177-438a-a82d-59e0133f3eb9,2025-05-31,250.0,fashion,0.75,UPI,0,37,0.106,tier2,1,2,morning,0.23069756686430742,0.1069,0
b4f60bf7-ad92-42a9-88dc-b65144c99143,55d5bc4c-7c8a-442f-b65c-64ab85db7d38,2025-07-06,448.0,home,0.443,UPI,0,12,0.313,metro,0,6,afternoon,0.32801543383093573,0.0812,0
55f56bb7-0bfc-47be-999c-1b0f70979654,3661a905-c2f5-441f-8a96-b261c579bc9c,2025-05-26,844.21,fashion,0.12,COD,0,4,0.367,metro,0,2,afternoon,0.46113145613975703,0.1811,0
96655825-ba0a-4967-8419-f8bfd76ccccf,ee1573cf-855f-4d78-94ec-59176830795f,2025-02-08,1332.93,electronics,0.056,UPI,0,7,0.187,tier2,0,2,afternoon,0.07319325355511432,0.0133,0
71b07033-fe4c-4113-8c0b-01756c94533c,dbcfa484-3e27-41f3-a2d5-0bd20054c665,2025-10-08,2611.56,electronics,0.516,UPI,0,4,0.148,tier3,0,3,evening,0.10784218495956682,0.1282,0
76302d3a-ea03-443f-b6de-67c3ad503cac,ad87b3e3-8b3e-438e-8994-51127b85c296,2025-10-18,899.95,electronics,0.199,COD,0,13,0.0,metro,0,3,afternoon,0.06067469417646223,0.0441,0
5070ba77-0e29-41a8-869c-20b6203e81be,f7243914-f259-4b3f-b4da-cc523ff04815,2025-03-07,7732.07,electronics,0.172,UPI,0,24,0.317,metro,0,6,evening,0.2798863894924076,0.0288,0
dbfa5dc0-dcda-44df-9977-27bd2d48451f,386639da-c4fb-436b-9ced-e6f3c7021453,2025-06-17,597.08,fashion,0.253,card,0,6,0.32,metro,1,1,afternoon,0.13845962298865533,0.1433,0
cde8b8ad-81fc-46f1-bf9e-491b86a58091,55d5bc4c-7c8a-442f-b65c-64ab85db7d38,2025-02-16,250.0,electronics,0.23,card,0,13,0.432,metro,0,4,afternoon,0.32801543383093573,0.1299,0
e6602ab6-1c50-4ff2-b347-a0dcd965d3d9,7d8ad8e7-c1a0-4266-8d87-cac7c06a3728,2025-09-13,6225.32,beauty,0.462,UPI,0,2,0.363,tier2,0,3,afternoon,0.3750474517068999,0.0466,0
00527093-943f-45c8-8081-b2fb4667fe7c,9624258c-4f43-4c23-8a52-ae3657722b57,2025-07-04,881.56,fashion,0.305,UPI,0,19,0.365,tier2,1,3,night,0.4134664929263236,0.1949,0
1dce12cd-0ea3-4724-9bef-13e8ac103e80,36d6b08a-5436-4a2f-83c2-120975d4be7f,2025-02-20,1332.24,grocery,0.355,card,0,22,0.019,tier2,0,3,afternoon,0.04915448350944119,0.0222,0
524d0bd8-5ec3-4ba1-8e17-a58580106ad5,8f067d15-412d-40db-b9f2-a2103e13290f,2025-04-16,3103.95,grocery,0.174,UPI,0,2,0.008,tier2,0,3,afternoon,0.02235684262044825,0.0324,0
da199136-deed-41ec-a0e0-58d49b3bc8f9,01b44897-af4a-45c8-9d4c-6f26cfdc77a7,2025-08-12,2250.25,fashion,0.191,COD,0,5,0.051,tier2,1,2,afternoon,0.10212483545629032,0.3899,1
81a82ea5-515a-4455-aa6c-98c248726727,f1d5ab3a-6a5b-4232-8206-e8e5e137a27c,2025-09-26,1988.6,fashion,0.351,UPI,0,1,0.185,tier3,1,4,night,0.31722889959077977,0.1927,0
502fbfc0-859e-45c4-90d0-ec1a2bb7fe86,eb671c1e-81f6-496c-b68d-49ea47acde37,2025-09-21,250.0,fashion,0.129,card,0,18,0.121,metro,1,1,afternoon,0.18608348760507418,0.166,0
14b69831-f18a-4e21-8dfe-e3deb0f1a1fa,e8f694f4-75c7-4b9d-8461-3f6fce844e62,2025-04-25,1485.89,fashion,0.223,COD,0,11,0.149,tier3,1,6,afternoon,0.10058728392504118,0.4282,1
3ad6b19f-2c21-4460-b4c7-f6c54621c7a7,3f175ef7-cb46-404c-ae55-2d22b3544172,2025-02-01,2204.67,electronics,0.653,UPI,0,31,0.004,metro,0,2,afternoon,0.048627470043128354,0.1189,0
6abf9dfe-b4f7-4485-a49b-c0adf31701ae,c9156c85-735b-446b-b220-fa4b5fb50ca5,2025-07-14,3940.64,fashion,0.638,COD,0,1,0.297,tier3,0,5,evening,0.3668195423950672,0.5563,0
474cc099-e2f4-4e01-ba69-f29f02546d02,3d1f17b1-ec83-4ce4-bca9-7d49cf73a4fc,2025-03-20,4489.78,grocery,0.099,UPI,0,1,0.178,metro,0,4,morning,0.10351613948793689,0.0099,0
d490842e-83fa-43de-a372-f9d918836521,31f344da-4c1e-47ec-af4b-557c14d0e8e0,2025-07-16,731.73,fashion,0.058,UPI,0,15,0.598,metro,1,6,evening,0.6039320915435429,0.3367,1
39fa9bbd-5947-4568-9757-5a02fb968be0,b732b9b1-5184-4f45-af4d-630b007d8b56,2025-09-23,2386.56,electronics,0.076,card,0,18,0.345,metro,0,7,night,0.3974441051585353,0.0316,0
9afd6fd1-a92f-4451-9618-910259829925,4c19ca15-e9d8-445e-9a4a-ef49bd34d343,2025-06-16,2489.29,home,0.069,COD,0,24,0.218,metro,0,3,evening,0.24706696213115537,0.099,0
f6a8e265-d120-4eeb-b523-ffd05cd3281a,42062672-9628-4767-b3c7-ce07bbe65e82,2025-08-15,255.4,grocery,0.418,netbanking,0,3,0.383,tier2,0,1,night,0.406655373188852,0.0829,0
3e4ff63f-e815-425c-abd1-fd3482b537a8,ec513aca-b3ea-457e-b9fd-46a0fbbd0108,2025-05-27,2166.99,home,0.222,card,0,30,0.188,metro,0,6,morning,0.19762424986659227,0.0983,0
c2bf4053-e7dd-4d4e-8ba1-186b43c15833,9e9db8b8-b527-46e0-9e4b-211ffcef38a3,2025-05-12,1612.11,fashion,0.127,UPI,0,30,0.268,tier2,1,5,afternoon,0.33315409272597374,0.1518,0
933a9164-2982-4305-8381-e98e64c03687,f04fffa3-5b04-4da0-9f3b-8a6b87fc1e74,2025-05-12,1275.16,fashion,0.4,COD,0,25,0.461,metro,1,3,afternoon,0.3517803851773976,0.259,1
7e6c06ca-d36f-4eb5-8042-09131b306cd3,6691be4b-2f05-471e-880b-641b361f736f,2025-10-04,970.18,fashion,0.382,card,0,25,0.339,metro,1,6,afternoon,0.2916477929418046,0.4208,0
65c41ff7-a550-404a-ad44-78b8b7321115,147c1194-efc6-433e-b1e8-3f6c74aa4b79,2025-03-21,458.7,fashion,0.21,COD,0,1,0.455,metro,1,3,morning,0.5344403543326108,0.432,0
4a2413d0-1509-40ac-8c9a-035db92ad1f8,6c361c11-ca46-4858-84ff-ccace7f3ec03,2025-04-19,373.89,electronics,0.143,UPI,0,11,0.212,tier3,0,7,evening,0.17298841463602524,0.1196,1
97f8eacb-fed5-4790-929d-92b5db165501,b3f33ef6-3953-4fa2-b5c0-493473e40312,2025-06-18,1177.33,home,0.534,UPI,0,29,0.372,metro,0,2,morning,0.24874291058771908,0.048,0
2f572f4d-ab0c-4a60-9aa9-ba988273d3ac,7d759875-359f-4a5f-aea8-c18e69ae68d2,2025-07-20,6890.28,fashion,0.267,COD,0,3,0.195,metro,1,1,afternoon,0.2334842811017492,0.258,0
25523581-7e11-47f4-b897-ad7656af45ba,1430da84-3676-4e2f-a20c-58786ed1d466,2025-06-11,381.24,beauty,0.17,card,0,23,0.382,metro,0,1,afternoon,0.22121655786542901,0.0736,0
639d6f94-0230-4a83-9264-16a5c645a146,f7243914-f259-4b3f-b4da-cc523ff04815,2025-02-15,407.81,grocery,0.549,card,0,25,0.387,metro,0,2,night,0.2798863894924076,0.0447,0
0e6ce1a1-4ce3-4479-bb7c-023f189e0af0,bc67f04f-53a4-43cd-bd06-3381487252ad,2025-08-01,533.23,grocery,0.143,UPI,0,4,0.118,tier3,0,3,evening,0.17989879744905538,0.0646,0
d561d4b9-746c-4e4e-961f-229f76638ed7,b3f33ef6-3953-4fa2-b5c0-493473e40312,2025-09-30,1125.16,home,0.22,COD,0,30,0.194,metro,0,4,evening,0.24874291058771908,0.0999,0
e9b6eee2-a1a9-42e5-acb8-954b1df21dc4,fd6cccad-5f4f-45ca-8142-59059b87515b,2025-05-26,744.24,fashion,0.495,UPI,0,34,0.241,tier2,1,1,morning,0.2595265118239566,0.5184,0
387c3455-e952-41b5-a344-d246625ec7f1,a224b59b-2e9c-4e18-a77a-1fda48b5f484,2025-03-01,1013.36,fashion,0.278,card,1,0,,metro,1,3,afternoon,0.24797209991031588,0.6978,1
57d7c0af-17f4-428e-b641-1aef10d61fc9,cdfac639-c4a1-4655-be5a-2d787e76f71c,2025-02-11,681.68,fashion,0.168,UPI,0,26,0.222,tier2,1,4,evening,0.18576378008237582,0.1053,0
3aedc17d-7082-4ff4-b2eb-cc241cb5377b,f511f812-b332-434e-84ac-a8d69f0d2875,2025-03-15,3695.35,electronics,0.153,UPI,0,19,0.056,metro,0,3,afternoon,0.1091421274751211,0.0114,0
eaeaad43-fe62-4e25-85f0-c33b75eee87a,807c513b-d1c4-4008-9482-dfc5315907fe,2025-06-30,637.71,electronics,0.291,UPI,0,1,0.192,metro,0,2,morning,0.1013123382625641,0.0418,0
4aca9647-14a9-4cd1-b5f7-a856e96a9253,f848c5e1-5ffe-40cf-b466-1518512036bc,2025-02-23,1465.73,fashion,0.434,card,0,2,0.0,tier2,0,6,afternoon,0.05848742659984804,0.129,0
479386cb-1d19-4a1b-87e5-bb3e702f4fb4,64e412e8-0202-422c-955b-a7485b7b68e3,2025-10-21,8435.9,home,0.34,COD,0,4,0.209,metro,0,1,evening,0.10949310651314134,0.1159,0
7799c52b-25fd-43fd-ba8e-dae301f18974,785b8b9d-2976-423d-a581-29deafedb963,2025-07-02,488.35,fashion,0.22,UPI,0,3,0.252,tier2,0,2,evening,0.28318456286061405,0.2296,0
ef6cce2c-9e3c-4d00-b20b-e9164f8585df,9e9db8b8-b527-46e0-9e4b-211ffcef38a3,2025-02-02,1053.46,grocery,0.607,UPI,0,31,0.332,metro,0,5,afternoon,0.33315409272597374,0.0421,0
5c8311bf-98c4-42ed-a28b-78103789b4e0,183731f0-c4f7-459f-b6fe-03d481d1dc2b,2025-10-18,1553.27,fashion,0.427,UPI,0,10,0.273,tier3,1,4,evening,0.3251850941589013,0.2347,0
e8e44246-28f0-46e5-a678-71e7d4a3bf60,c948d370-2dce-42ca-8472-af60b35f4c6c,2025-08-11,525.79,fashion,0.108,UPI,0,3,0.408,tier2,1,1,morning,0.32814923883527064,0.2055,0
530cb5e7-d95e-4078-8869-25de700dab3a,48242df6-6544-46ca-8243-b23028d6d805,2025-07-21,398.55,grocery,0.094,COD,0,17,0.145,tier2,0,3,morning,0.1548544510371693,0.0719,1
5dd9d8fa-dfb6-4a8d-a172-6da99f7235ed,e337d2a3-6032-4e1f-8ce4-a81121aa131e,2025-08-04,1699.58,fashion,0.342,COD,0,29,0.285,tier3,1,5,evening,0.2771725532528444,0.3815,0
893888a8-8d5c-4f8f-8157-d830775f21af,2e69e260-0ee4-43cf-9c88-a409981081c6,2025-03-14,2196.27,fashion,0.48,UPI,0,12,0.314,metro,1,3,evening,0.41585134920398,0.1456,0
f5282ce7-902b-47cb-ac5a-637d29b478ab,31c1fad5-4cd1-4948-951c-4b6f05b9a3e3,2025-03-28,250.0,home,0.144,UPI,0,7,0.11,tier2,0,2,evening,0.1036578444265268,0.0356,0
acdc6da5-8292-453d-9617-0376dc514ffd,676c4a16-07aa-45fa-8ad1-17b29a2b6de4,2025-08-21,1701.15,fashion,0.47,netbanking,0,8,0.263,tier2,0,8,evening,0.2901295476709541,0.1736,1
4d40a097-2a23-452d-8938-58817d0fdc25,9dadab93-9c62-4410-9bed-65d67a7b5ac9,2025-04-29,871.59,fashion,0.305,COD,1,0,,metro,1,3,morning,0.1367751862386983,0.6043,1
03a60d08-186e-472d-8851-46d6c932f839,cc1e3bb6-7b10-46eb-bbf2-8ce03fcf6f71,2025-04-22,2232.28,grocery,0.135,netbanking,0,1,0.507,tier2,0,5,evening,0.48914444803003615,0.0104,0
ac45041f-3bbc-4b88-82d6-4120a3be4cd2,ec513aca-b3ea-457e-b9fd-46a0fbbd0108,2025-06-20,250.0,fashion,0.136,UPI,0,31,0.177,metro,1,3,night,0.19762424986659227,0.1319,0
6c74c930-74ab-4d96-8f74-d9dbb0f46145,21644b40-c53f-493e-af3f-29e3483e3d9b,2025-02-18,250.0,electronics,0.181,UPI,0,12,0.116,metro,0,2,night,0.22287364608691065,0.018,0
568eb34f-9e1d-4498-833a-5c1995f2a002,e337d2a3-6032-4e1f-8ce4-a81121aa131e,2025-05-18,2468.95,grocery,0.205,UPI,0,30,0.241,tier3,0,2,morning,0.2771725532528444,0.0301,0
c9761e17-cda1-4475-8501-4bf26fed72d7,8072997b-4154-420b-b82c-3e57d37444e3,2025-08-02,250.0,grocery,0.238,UPI,0,9,0.189,tier3,0,3,afternoon,0.2676344641423701,0.0189,0
9d647f42-ca55-4a3b-9d8e-7f9bac7b1bfb,52ad5451-dae5-4029-8a8a-756096ddf041,2025-01-13,1492.04,electronics,0.396,UPI,0,6,0.402,metro,0,5,morning,0.44640490282899387,0.0883,0
18931708-e244-40cb-bee2-7866c804bbcb,ad87b3e3-8b3e-438e-8994-51127b85c296,2025-06-25,620.14,beauty,0.359,card,0,14,0.067,metro,0,4,afternoon,0.06067469417646223,0.0631,0
ad690c5e-83b1-4a94-b153-ae1b11885289,6a7814a2-3655-4d08-8da4-8ec7df0030b9,2025-03-04,1852.88,grocery,0.357,card,0,3,0.255,tier3,0,4,evening,0.15705197005739738,0.0881,0
ee9a150d-2e18-4b89-ad23-cbb98a2b3b29,5a0bd207-df7a-41c3-8a83-1274a9efee90,2025-02-08,9669.73,fashion,0.253,UPI,0,9,0.01,tier3,1,6,afternoon,0.025007063694987345,0.0939,0
53da0d53-ef11-4346-8e33-8093c1add874,f6f67e36-a121-4df1-ba73-a6fd9499076a,2025-04-16,2212.22,electronics,0.173,UPI,0,3,0.028,tier2,0,1,morning,0.1410237131485087,0.0267,0
cec7ef1b-c923-4371-970e-c46fd2b52028,041e6bc9-db72-4f93-9250-95c5729fd5f6,2025-09-22,1837.56,home,0.163,COD,0,11,0.203,tier2,0,5,night,0.24989906497225137,0.1429,0
671c41a0-d588-4c58-af39-4b43e08d67b6,b29488eb-e21a-484b-b828-80a3ac2ea4cb,2025-05-15,526.51,fashion,0.314,UPI,0,4,0.153,metro,1,1,morning,0.1494736716851247,0.202,0
078dde30-9873-439b-addd-1561c5f0d28d,0f2a7185-360f-49ed-b7c4-cb731c475eb2,2025-03-23,594.23,home,0.16,UPI,0,2,0.256,tier2,0,1,afternoon,0.21438054858203234,0.0482,1
6e4bd19c-947f-4516-a2d5-b7faa5f7df50,a853efee-ff59-4993-bc61-f78068b52bd2,2025-05-11,1544.68,fashion,0.446,UPI,0,3,0.021,tier2,1,8,evening,0.11173338786746698,0.2379,0
dc36cf87-b9d9-410a-b9cb-156ea44156f1,8082d311-c63a-4f6d-b277-9d323cd6588a,2025-10-13,537.85,beauty,0.221,UPI,0,3,0.049,tier2,0,5,afternoon,0.15860848909227618,0.0516,0
99d309d9-08e3-4e13-9257-e6f3562ce30b,8cabcba8-2b36-4f7e-984b-440baba9ad97,2025-06-14,631.29,electronics,0.166,card,0,18,0.355,tier2,0,4,afternoon,0.27780100478810504,0.0485,0
8a2b9bc0-4df6-4a71-b914-496c88ef40c3,b23d847d-997a-4928-9b10-f50e4fa93ba9,2025-10-14,3250.3,grocery,0.188,card,0,13,0.104,tier2,0,1,afternoon,0.22452854262691951,0.0128,0
8385d76d-180c-4b65-a966-cf3b4691a15d,737e35bc-4ea3-42a4-9c26-b22f7099bf28,2025-08-12,409.0,home,0.417,UPI,0,11,0.0,tier2,0,9,night,0.05662677973259444,0.078,0
bc4ba2cc-f9ce-44f1-8c13-fcfb71d8ead2,a003cd3a-12ae-4fa8-8fb7-21b7aab41e41,2025-04-25,2045.36,electronics,0.523,UPI,0,1,0.362,metro,0,1,afternoon,0.42268110363427963,0.0775,1
c002d993-1fa7-45df-abdd-75147ad3913b,530bbe2d-ad3a-48f9-bc50-6461db39ef79,2025-01-02,1253.3,fashion,0.097,UPI,0,21,0.473,tier3,1,6,afternoon,0.5144941083307562,0.4317,1
ab2a38fc-261d-4371-b287-b2f1b8d37d9d,c328bdf6-8469-4dd7-94aa-166a5d515d1f,2025-07-23,4470.45,home,0.176,card,0,5,0.19,metro,0,1,evening,0.152939181594962,0.0498,0
68f58789-9451-47a1-adb5-87f1706b14bf,f04fffa3-5b04-4da0-9f3b-8a6b87fc1e74,2025-06-16,1411.39,electronics,0.075,UPI,0,26,0.357,metro,0,5,evening,0.3517803851773976,0.0271,0
803d5d53-bc73-4e6d-ae4b-94908a610b46,7f1c3fa8-2bd8-47fd-ad17-ab142fab9d56,2025-05-15,781.44,fashion,0.218,UPI,0,11,0.443,tier2,1,2,morning,0.2765406569294239,0.1388,0
80b41e4c-d1d1-4f57-a338-032c4b9b36b8,48242df6-6544-46ca-8243-b23028d6d805,2025-10-04,250.0,fashion,0.066,COD,0,18,0.092,metro,1,6,afternoon,0.1548544510371693,0.4953,1
31cbbd93-595f-4560-8a26-b30a16fe8da0,5a4e456a-7177-438a-a82d-59e0133f3eb9,2025-05-05,1798.03,home,0.146,card,0,38,0.128,metro,0,1,afternoon,0.23069756686430742,0.1304,0
e0c29e8a-9213-46fd-b0b9-d8af30a60648,cd9d8125-8011-4465-92dd-50bd06de23f3,2025-07-17,726.41,fashion,0.257,COD,0,10,0.428,tier3,1,6,morning,0.46001324343588723,0.7483,1
651fc860-f26f-45b2-b4d9-3d212c955038,3f175ef7-cb46-404c-ae55-2d22b3544172,2025-10-11,3866.86,electronics,0.099,card,0,32,0.0,metro,0,4,afternoon,0.048627470043128354,0.0128,0
072f93f0-5d8b-400d-9385-182a1c8a4705,e0be4c42-c5d2-46e6-98a3-f57143c81929,2025-04-22,2429.74,beauty,0.589,COD,0,21,0.133,metro,0,5,afternoon,0.23228588338828865,0.2593,1
ca6c864d-1ee3-4ad1-9e49-6fbc642ea2c2,b6da0c58-e09f-4c64-b488-90dde3c22bf1,2025-02-14,20000.0,electronics,0.08,UPI,0,10,0.0,tier2,0,3,evening,0.06852796151158619,0.0018,0
6e3fb31c-e0aa-40a8-96bb-7a3e15dd86f6,f91b87e4-35a7-481d-96ba-a679feba54f3,2025-09-29,749.75,home,0.052,COD,0,17,0.131,metro,0,4,afternoon,0.05881659853496958,0.0989,0
94d31037-f537-4b7b-af03-7f5fefa0803d,13305eb5-fa9e-4ad0-82e5-51bd1825bb0e,2025-09-02,1926.59,fashion,0.059,UPI,0,21,0.123,tier2,1,4,night,0.06015710717930573,0.0759,0
131815c5-6eff-4e0f-ad29-f3143d8fa6c6,e0be4c42-c5d2-46e6-98a3-f57143c81929,2025-01-23,920.82,home,0.089,COD,0,22,0.253,tier2,0,1,evening,0.23228588338828865,0.2483,1
23217646-acbf-435f-ac99-d926ee2ece32,a539cfde-3926-498d-8b11-8bd068d970d3,2025-06-20,303.88,electronics,0.279,card,0,5,0.333,metro,0,1,evening,0.4117868133302571,0.0412,0
52c7b8d5-3b51-4083-a1a4-38cee4d7b54e,b0766d31-1a36-4d3f-a85e-96413fb52d53,2025-01-25,610.89,beauty,0.138,UPI,0,7,0.14,tier3,0,6,night,0.06885084713508903,0.1656,0
ee21309e-dd66-4fde-93cf-75329df255ac,02ffec55-c4c8-4c8f-bbb3-f771110e44c2,2025-06-20,319.08,electronics,0.251,UPI,0,5,0.339,metro,0,1,morning,0.43544254381347786,0.0847,0
f38785d5-aa62-4a60-abfd-a43dd1463b7a,ae9132eb-6eff-473e-998e-0c039ce43cc7,2025-05-04,508.53,home,0.21,card,0,9,0.206,tier2,0,4,evening,0.19434600150643108,0.148,0
9d21856a-9c57-4a74-8f96-1db40823a1b8,4b641fb2-3437-4f0f-9c67-9222d63bef6e,2025-03-23,1044.03,fashion,0.205,UPI,0,13,0.254,tier2,1,1,night,0.3016559281489719,0.3011,0
75d9d2f7-ee2a-4a19-9132-b7c02f776f4f,676c4a16-07aa-45fa-8ad1-17b29a2b6de4,2025-07-17,2863.45,grocery,0.325,card,0,9,0.292,tier2,0,2,evening,0.2901295476709541,0.0075,0
514f5de0-0ef0-413f-999c-31f78eb05ea8,97097040-636b-45f4-85e0-9e1a52c27325,2025-07-28,250.0,fashion,0.169,UPI,0,10,0.161,tier2,1,7,night,0.15906278458837203,0.1238,1
3feea83d-d014-45c4-b4b4-6757afa5dd8e,844e1cc6-38c0-44c1-8fb0-2171c4ac07a9,2025-04-22,852.67,fashion,0.3,UPI,0,12,0.094,tier3,0,3,evening,0.09221080951028436,0.1361,0
1f58d05c-bf14-4309-a18d-ce44df011563,3f888151-69ed-4006-b5f2-68afced6201b,2025-04-05,18742.8,electronics,0.358,UPI,0,25,0.112,tier2,0,5,morning,0.10820090543681238,0.0106,0
5dd89107-7b17-4417-af52-5450e661582a,5b7e60b7-5f6e-4fbf-93f0-59b97110d877,2025-08-04,522.49,fashion,0.181,card,0,4,0.136,tier2,0,2,evening,0.13254072284680365,0.082,0
e60e91c8-d8df-4928-b9d9-04a35c285afe,b66a45c1-7406-4950-a677-2ee579e724f2,2025-08-31,4297.25,electronics,0.27,UPI,0,4,0.418,metro,0,2,afternoon,0.33946126851350195,0.0173,0
41cdbcf2-5e1c-44db-82a4-d61b643688c5,7f1c3fa8-2bd8-47fd-ad17-ab142fab9d56,2025-08-08,250.0,fashion,0.194,card,0,12,0.29,tier2,1,5,evening,0.2765406569294239,0.34,1
af9e9e26-58af-4573-b89f-4bb107e50857,264713e0-0ea7-4880-9795-f6f977d4d71c,2025-06-14,1165.85,fashion,0.006,UPI,0,16,0.172,tier2,1,1,night,0.1503348970823547,0.2989,0
23d5c790-07a2-4524-8ea0-a0df4fcd3852,cba1f52f-9905-4405-b96d-4c622c0b248e,2025-09-14,4622.76,beauty,0.285,COD,0,18,0.512,metro,0,3,morning,0.4451782602422671,0.1258,0
671b7b70-6b4c-49cc-93a3-c2d9d4bf21fa,3bf94f31-a69a-4672-af18-93b6ddcad665,2025-01-16,295.9,beauty,0.455,UPI,0,6,0.473,metro,0,1,night,0.6823689291324807,0.1353,0
3046bc66-e363-46a1-a328-e63ef90ab62c,183731f0-c4f7-459f-b6fe-03d481d1dc2b,2025-02-17,7449.58,electronics,0.329,COD,0,11,0.314,tier2,0,4,night,0.3251850941589013,0.1909,1
d61bddc8-fb1d-4529-9019-8af27ff5a6fa,4c19ca15-e9d8-445e-9a4a-ef49bd34d343,2025-04-29,852.27,home,0.625,COD,0,25,0.252,metro,0,1,afternoon,0.24706696213115537,0.1564,1
d0da68b7-5b05-40f0-9476-46710852f5fc,cc825a9c-6ef8-48bc-90ca-0bc2af6a4e40,2025-02-15,18713.55,fashion,0.218,card,0,11,0.304,metro,0,4,afternoon,0.27966983742156076,0.0045,0
ec1eb4e1-3eaf-42eb-91b2-9d60070dbee8,bc9aa5af-cb2d-49cb-8b51-cbd09afee7b7,2025-09-15,2860.63,electronics,0.316,UPI,0,14,0.312,tier2,0,3,night,0.34134778732339127,0.0293,0
ee59002f-1b94-4b02-a904-a66fb40cb8f2,76e3ab4e-0d33-4910-81b9-f0f04685b7d6,2025-03-24,2631.6,beauty,0.75,COD,0,12,0.0,tier3,0,4,morning,0.06842336486313001,0.3368,1
a0e392cd-67f6-41e5-a2cc-26f3e8e257f3,90a7c98b-0565-4330-a335-ddad08538e49,2025-06-29,523.09,fashion,0.386,card,0,14,0.099,tier3,1,5,evening,0.16802115856295066,0.2481,0
9e18ce99-d2f6-46bc-8230-d070e04d75bd,6691be4b-2f05-471e-880b-641b361f736f,2025-05-19,315.14,beauty,0.045,COD,0,26,0.269,tier3,0,5,evening,0.2916477929418046,0.1681,0
5f2a3ed5-4a1a-4223-9311-33566e4811ef,ae648879-94d9-43e9-9c34-e6de78357400,2025-08-29,1560.35,fashion,0.647,UPI,0,8,0.075,tier2,1,5,night,0.10883559867342446,0.4111,0
e1bc806a-56d1-4e26-961c-91d3c8dfc7b7,51c62a9a-f387-47be-9870-79041d5914ef,2025-04-20,7537.06,beauty,0.237,UPI,0,5,0.093,tier2,0,5,morning,0.10839420542924075,0.0428,0
f97ee547-4bae-48d2-8934-19889324b573,90d4ab83-9a96-4a21-9db9-c0621084e983,2025-04-06,4751.29,grocery,0.484,COD,0,18,0.266,tier3,0,8,night,0.29832839962512075,0.2598,0
c61e8d91-f5df-437d-9bb8-4e5954ebeb04,cba1f52f-9905-4405-b96d-4c622c0b248e,2025-07-15,10971.46,fashion,0.309,UPI,0,19,0.356,metro,1,1,night,0.4451782602422671,0.073,0
62a8dd73-1c43-4833-9801-36a16229d770,4c3650cb-e088-4c11-a624-1102a42ebe08,2025-02-12,939.1,fashion,0.086,COD,0,11,0.114,tier2,1,2,morning,0.03297163095944513,0.4441,0
789d01e8-1955-401b-9e15-f0ee16451ee1,b2260d18-fffa-4383-9ce1-cdafe986cab2,2025-08-26,4050.95,grocery,0.148,UPI,0,33,0.565,tier3,0,3,morning,0.4468118022423648,0.0173,0
b88f84fd-2d19-4d07-b2b8-9c2cbc460499,f04fffa3-5b04-4da0-9f3b-8a6b87fc1e74,2025-07-28,1262.14,fashion,0.199,card,0,27,0.419,tier3,1,6,evening,0.3517803851773976,0.4638,1
9f937a9a-e006-46ce-b1b6-ab57b6b5f781,a09493a3-424f-41ac-98a4-25e441b5984d,2025-02-18,1469.26,grocery,0.173,UPI,0,1,0.425,tier2,0,1,morning,0.3259641018177863,0.0522,0
924de020-97af-400e-b392-365a19b75f0c,61e68552-c2ac-46ab-b349-d5252a071eca,2025-09-22,250.0,fashion,0.423,COD,0,20,0.305,metro,1,2,evening,0.1913603605753747,0.4195,1
e8cfc95f-a07c-4e15-b102-3c7b425ddf83,661b6342-8159-4ab2-8a97-b733bb008aa6,2025-08-16,3682.13,grocery,0.383,COD,0,4,0.248,metro,0,3,evening,0.07875622019451736,0.0827,0
85a9ef4c-74c2-430d-917a-4d2b39cb5ae4,dafa4cb3-c022-4df8-a53f-f33eccbb2af0,2025-03-05,654.51,grocery,0.286,UPI,0,19,0.207,metro,0,2,evening,0.21055725528180214,0.0314,0
a7bdcb4f-0fac-431c-8978-25abd7442d6a,dd1d4990-d4e5-4687-bd01-cb6b03a151bf,2025-05-08,1966.48,fashion,0.187,card,0,4,0.302,tier3,1,4,morning,0.0920841435969077,0.2671,0
4da37597-060e-4a27-a983-702573b07764,04b89a3b-d082-4664-972e-b40c6268b46d,2025-10-19,677.17,fashion,0.137,COD,0,10,0.199,tier2,1,5,afternoon,0.24939791763606534,0.5576,0
c5174265-75cc-4195-ae9c-fb16411da428,2a7ba1e7-d8dd-4177-b84d-93a262f15e96,2025-10-11,3708.71,fashion,0.293,UPI,0,4,0.608,metro,1,1,night,0.46341394989494955,0.2557,0
185f47d5-1996-404c-a7d6-19c78820dba9,fd6cccad-5f4f-45ca-8142-59059b87515b,2025-07-12,801.6,beauty,0.134,COD,0,35,0.305,metro,0,4,evening,0.2595265118239566,0.3052,0
d170ad6a-fa80-4076-8be2-a8f5c701e4f1,f04fffa3-5b04-4da0-9f3b-8a6b87fc1e74,2025-04-19,1327.78,fashion,0.122,UPI,0,28,0.256,tier3,1,5,evening,0.3517803851773976,0.1295,0
afb0dc5f-2648-474d-8ecb-842d3fa8025a,3d51b281-7585-4d43-aefd-40a803a1bf4f,2025-02-14,896.42,fashion,0.039,UPI,0,18,0.263,tier2,1,4,afternoon,0.24645297721478737,0.1108,0
d43ab99a-2358-4758-bb97-87f06227c7c9,cd9d8125-8011-4465-92dd-50bd06de23f3,2025-02-07,1657.25,fashion,0.448,COD,0,11,0.435,metro,1,1,night,0.46001324343588723,0.5476,1
5b143527-d511-4ef5-b3c5-ee252b2c3f97,896a9142-c32d-4e97-8656-8e4c80bb0c0e,2025-08-29,3093.77,home,0.21,UPI,0,10,0.121,tier3,0,5,evening,0.09634270484326586,0.032,0
f000baf1-22a7-4037-a925-c93f62b1efdc,928114f7-f956-485a-b601-6b40b48c18d7,2025-10-04,470.29,beauty,0.069,UPI,0,19,0.303,metro,1,1,evening,0.29038571770418864,0.1398,0
9bb66c74-c7cb-49dc-af73-1cc8f59c8cf3,bdaa8e74-a01e-4e28-adc3-15d63480b37e,2025-08-27,3128.34,electronics,0.166,COD,0,2,0.099,tier2,0,1,evening,0.08058041829298626,0.0648,0
1ac173e3-c9db-4b10-b08a-68eac833c961,96f6a265-b2ad-4eea-a77d-f492221b950c,2025-10-25,1456.0,electronics,0.18,UPI,1,0,,metro,0,2,afternoon,0.06228375323818388,0.0703,0
29bf52a1-12d5-4fae-bb13-839a918f6934,ef558799-261f-4eea-8bbb-c72369467618,2025-04-12,20000.0,beauty,0.51,card,0,1,0.255,metro,0,2,afternoon,0.2476863298562034,0.0061,0
c05830cf-5937-4aee-8772-09c5ff805d0c,f5a00a85-69d4-4447-ac89-bf235b61e876,2025-07-20,864.99,beauty,0.183,UPI,0,3,0.257,tier2,0,4,morning,0.18766250228601905,0.0916,0
91cfdb34-71be-485f-9dd1-f5fc42576c28,6789065a-34d8-4edc-ac86-5b28ecb59411,2025-04-17,3172.55,home,0.025,COD,0,2,0.285,metro,0,4,afternoon,0.23983923810393037,0.0903,0
8ba20810-1b50-42b9-9388-38acf7f854f2,b2260d18-fffa-4383-9ce1-cdafe986cab2,2025-09-22,364.0,electronics,0.33,UPI,0,34,0.483,tier2,0,4,evening,0.4468118022423648,0.1242,0
3cb535fd-8c4a-40d2-b1b4-8757cb98cd2d,2fc6afa7-2705-415e-9700-b4f6cc268053,2025-04-10,3378.83,electronics,0.399,UPI,0,4,0.261,metro,0,2,evening,0.21207519145076628,0.0341,0
84de7135-43eb-4d81-a7c0-c3dd9712ada7,3ee32102-de20-4ee2-a47d-3a6522a5a3a8,2025-02-12,634.0,fashion,0.104,card,0,3,0.707,tier2,1,5,evening,0.6171434097870331,0.1477,0
a75eb64a-8126-4ea3-8cd7-88c135af3f2d,ec513aca-b3ea-457e-b9fd-46a0fbbd0108,2025-10-16,4286.44,fashion,0.264,UPI,0,32,0.148,tier3,1,3,evening,0.19762424986659227,0.2317,0
52051da9-a279-468c-8726-e2e608a21cd7,676c4a16-07aa-45fa-8ad1-17b29a2b6de4,2025-03-15,544.01,grocery,0.1,UPI,0,10,0.282,tier2,0,3,afternoon,0.2901295476709541,0.0176,0
ddaa32d7-73c0-41e8-8928-36a17d84e880,c93c6de8-9490-43c9-a1b4-b58f531b4584,2025-10-09,460.54,fashion,0.182,card,0,9,0.086,metro,1,3,afternoon,0.04047509547806022,0.1672,0
19d94ba0-f37c-46d4-a8c4-124086137722,21f3a00d-b7f7-4e5c-b2c7-c83a760cc691,2025-09-20,313.56,electronics,0.203,COD,0,6,0.0,metro,0,2,afternoon,0.07293918209014336,0.0902,0
23ea2dab-5505-410a-995e-96b7db54728d,7f1c3fa8-2bd8-47fd-ad17-ab142fab9d56,2025-02-05,262.11,fashion,0.214,card,0,13,0.257,metro,1,2,afternoon,0.2765406569294239,0.4953,0
b1bef8da-3ca7-48b2-82c9-a0a9ca7f6641,3c199261-e6e2-42ad-b4e0-535e7eb5a1c0,2025-02-16,250.0,electronics,0.124,COD,0,7,0.3,metro,0,2,evening,0.3389478327833424,0.0285,0
10e194ac-c8c9-491e-afc6-731c10bda2db,b2260d18-fffa-4383-9ce1-cdafe986cab2,2025-05-07,1136.66,fashion,0.189,UPI,0,35,0.393,tier2,1,1,evening,0.4468118022423648,0.1892,1
bb427d62-8b58-4710-8c34-27bc848835a2,8e026cd5-66a9-4e6d-a84e-003050b8f814,2025-02-02,250.0,fashion,0.345,UPI,0,3,0.265,tier3,1,4,morning,0.170527023331992,0.3714,1
bbc5e55b-0c16-4aa4-a890-24f5e03e9504,4c19ca15-e9d8-445e-9a4a-ef49bd34d343,2025-03-25,1456.45,fashion,0.262,COD,0,26,0.172,metro,1,2,morning,0.24706696213115537,0.1935,0
5e33d9e0-e67f-4cde-a9f2-daa23d040868,9624258c-4f43-4c23-8a52-ae3657722b57,2025-05-14,935.34,home,0.255,UPI,0,20,0.396,tier2,0,5,afternoon,0.4134664929263236,0.0952,0
aebb23f9-502a-4b46-ab9e-6979ce87155e,5177ad25-f39b-42aa-9106-28c069721b05,2025-10-01,505.47,fashion,0.403,UPI,0,6,0.083,tier3,1,2,morning,0.09342709211833844,0.1227,0
9d324119-a9f7-41a4-b387-f3da0c341972,041e6bc9-db72-4f93-9250-95c5729fd5f6,2025-03-31,2738.38,beauty,0.248,COD,0,12,0.304,metro,0,4,morning,0.24989906497225137,0.1657,0
cf50a239-d03a-404b-b219-09748e90205f,77e96371-82ca-416e-af8f-071e169e4282,2025-05-24,250.0,fashion,0.172,card,0,14,0.278,tier3,1,6,evening,0.25979890009270734,0.3364,0
9dd4eda9-b61d-4bd6-b432-e3bfc806fc64,3661a905-c2f5-441f-8a96-b261c579bc9c,2025-09-05,461.02,home,0.306,netbanking,0,5,0.309,tier3,0,12,evening,0.46113145613975703,0.227,0
8b6bf2de-339d-45c0-8b40-aaa80c27b938,31f344da-4c1e-47ec-af4b-557c14d0e8e0,2025-04-28,1111.45,grocery,0.366,COD,0,16,0.543,metro,0,2,afternoon,0.6039320915435429,0.1676,0
60a3a919-be71-409a-b872-eebc0a017acb,31ff0d71-1021-4137-a652-0909a72704a8,2025-06-14,648.99,electronics,0.431,COD,0,11,0.53,tier2,0,1,evening,0.3745706193331196,0.1836,0
61670e0d-7312-4a48-b170-43687200cf2b,97d7ac82-2b8f-4c9e-87c2-0b7f4459006c,2025-01-04,1107.03,electronics,0.422,UPI,0,7,0.388,tier2,0,7,afternoon,0.23943546554719444,0.1177,1
5d1f4012-8821-4440-b802-cc304ed35db3,3661a905-c2f5-441f-8a96-b261c579bc9c,2025-10-13,282.82,grocery,0.467,UPI,0,6,0.438,tier2,0,1,night,0.46113145613975703,0.0849,0
62abe210-2102-4cd1-bf9e-703ced48d6fc,bdf5e5de-7033-4345-ac37-819738c0e957,2025-02-11,2280.15,beauty,0.068,UPI,0,30,0.169,metro,0,3,morning,0.2211439005048725,0.0241,0
d51eaabd-7059-4581-b3a7-3af06233fa93,928114f7-f956-485a-b601-6b40b48c18d7,2025-05-30,4507.01,fashion,0.125,card,0,20,0.282,tier3,1,8,afternoon,0.29038571770418864,0.305,0
2c2303f4-d99e-4097-a9c6-2cd33aef3d68,51c62a9a-f387-47be-9870-79041d5914ef,2025-10-24,3786.32,fashion,0.137,COD,0,6,0.179,tier3,1,3,afternoon,0.10839420542924075,0.4098,0
bf4bf0a6-3471-4f27-ac3a-94c41060c9a2,19f89160-63b2-481c-a0e9-e6433dfc7007,2025-03-30,2450.75,fashion,0.271,card,0,7,0.366,tier2,0,4,evening,0.46365026623247513,0.0564,0
9d01af1d-9748-432e-a461-413752e2208a,c66f6e79-ae50-43d4-a0cc-4c34abe9c042,2025-09-24,1424.43,grocery,0.372,COD,0,3,0.321,tier3,0,2,afternoon,0.2426758876131097,0.1347,0
08793e9b-87cd-4957-8280-e7396a8f400e,9f7a7a1d-cad8-4495-8c90-eb451edceb7d,2025-06-18,1816.52,electronics,0.236,card,0,1,0.0,metro,0,9,afternoon,0.00915381002538853,0.0193,0
f7c2528c-71d2-4f90-92ff-3e29ae025ee3,5a4e456a-7177-438a-a82d-59e0133f3eb9,2025-09-16,11279.95,fashion,0.519,card,0,39,0.188,tier2,1,1,afternoon,0.23069756686430742,0.0276,0
beda46db-9184-4c2d-91df-ac23e1341287,0cc649ad-1480-454d-bcc4-59702374b69c,2025-07-28,618.8,fashion,0.188,UPI,0,1,0.013,metro,1,3,night,0.10726439398882659,0.1002,0
d0e532b6-9631-40de-81f3-abebc073f52c,2022f5c1-083c-4c40-93e7-f3bf5ca21797,2025-01-23,480.31,fashion,0.239,UPI,0,7,0.107,tier3,1,7,evening,0.03002375015151436,0.2348,0
a968c0d8-55f0-4d24-9d00-a1b07d4046af,bdf5e5de-7033-4345-ac37-819738c0e957,2025-10-11,250.0,beauty,0.278,card,0,31,0.244,tier3,0,5,evening,0.2211439005048725,0.3316,0
c2d70559-7f46-4e23-84d9-daa6322959ce,48242df6-6544-46ca-8243-b23028d6d805,2025-04-22,489.52,fashion,0.35,COD,0,19,0.134,tier2,1,5,afternoon,0.1548544510371693,0.4045,0
ed821f5b-b3fd-4bbc-808d-d3d5e6d4d78e,7f892973-babf-4935-bab7-187b59d8b023,2025-10-22,7373.76,fashion,0.468,COD,0,24,0.141,metro,1,1,afternoon,0.2434169799043869,0.2676,0
26af0d8e-89fc-4ae0-8bfe-8d3ca31a6250,52ad5451-dae5-4029-8a8a-756096ddf041,2025-01-30,488.01,grocery,0.349,UPI,0,7,0.472,metro,0,2,morning,0.44640490282899387,0.0576,0
43864243-5c76-466a-b80d-64f7e9eeaa62,6c56ea03-6f25-465a-8841-c114051cab81,2025-05-09,334.95,fashion,0.368,UPI,0,19,0.183,metro,1,6,afternoon,0.29048499029100583,0.251,0
e1f3dcc0-baea-48fe-b962-61f647d07e33,82715f5b-0eb8-4809-b878-05fd95a15158,2025-04-13,10789.34,fashion,0.249,card,0,12,0.092,tier3,1,6,morning,0.021184252375003435,0.0869,0
0526856a-19d2-4eef-9d9e-33e293ef60f1,f7243914-f259-4b3f-b4da-cc523ff04815,2025-05-16,4188.72,beauty,0.29,card,0,26,0.121,tier2,0,1,morning,0.2798863894924076,0.0352,0
75d1d4d6-92bc-4242-ace4-116432555fa1,3b79a3c2-0050-44b1-b160-fa6030908748,2025-06-14,837.72,grocery,0.207,UPI,0,3,0.134,metro,0,1,morning,0.23555814035267542,0.0111,0
f1cac21a-9d87-4ee7-9d92-e2016a4ab971,b6da0c58-e09f-4c64-b488-90dde3c22bf1,2025-04-23,338.25,beauty,0.247,COD,0,11,0.035,metro,0,3,morning,0.06852796151158619,0.1141,0
471b3fd7-223f-4641-bb19-3410f737a2fc,e8f694f4-75c7-4b9d-8461-3f6fce844e62,2025-04-22,3892.59,electronics,0.682,card,0,12,0.087,metro,0,6,afternoon,0.10058728392504118,0.0312,0
e6543f06-2fcd-48b6-9c60-19a167ee6e26,bcdeb425-8e18-4df0-9d56-77acc6d259f7,2025-07-25,294.74,beauty,0.478,UPI,0,12,0.241,tier3,0,3,evening,0.2145242588320448,0.2178,0
fb4fb97d-90f5-4523-8a32-8c1072d08ea0,f4f9557a-86f4-4bf5-ae07-480ff58c6f7a,2025-05-17,255.26,beauty,0.306,COD,0,13,0.0,tier3,0,4,evening,0.04552205229964168,0.2166,0
0c48122c-682c-4b6c-8243-5dd3009c089b,ef3c5eb1-df39-44cd-b40c-2dba5d3ff964,2025-02-13,3240.05,fashion,0.1,COD,0,3,0.187,metro,1,2,afternoon,0.1171182105953482,0.2011,0
8395ac74-066f-4f50-a529-194b0e0e9caf,e91e2377-ab20-429c-9819-8e4e857323a6,2025-05-05,5210.28,home,0.107,UPI,0,6,0.424,tier3,0,6,evening,0.3734683492632352,0.0923,1
78540d7c-01e6-4158-a6be-981cb6681b58,6c56ea03-6f25-465a-8841-c114051cab81,2025-07-08,1317.39,beauty,0.274,card,0,20,0.222,tier3,0,4,morning,0.29048499029100583,0.0751,0
6f142d9c-5f7a-4537-9686-330efd3b77c9,a09493a3-424f-41ac-98a4-25e441b5984d,2025-08-11,2706.46,electronics,0.13,card,0,2,0.283,metro,0,3,afternoon,0.3259641018177863,0.0054,0
764f1fdd-9650-4a2f-b2d3-b56118ed1213,3f888151-69ed-4006-b5f2-68afced6201b,2025-02-18,553.82,fashion,0.274,COD,0,26,0.072,metro,1,3,afternoon,0.10820090543681238,0.2999,1
f4cb21dc-6a36-490d-8050-ddb8ac054b94,f5a00a85-69d4-4447-ac89-bf235b61e876,2025-09-15,250.0,home,0.512,card,0,4,0.405,tier2,0,3,morning,0.18766250228601905,0.2101,0
59ef7048-1812-4a83-ba97-706509e41b88,f0c7ab6b-10cb-48c3-9fb0-8bedeaaada61,2025-02-11,4056.27,grocery,0.22,card,0,3,0.368,tier2,0,3,night,0.38183286991587256,0.0419,0
263bf33e-20de-4e99-b5e7-5b6c09dc16a1,02a9477e-48f9-41c5-b992-a167ea1cd57a,2025-07-20,463.55,fashion,0.138,card,0,13,0.376,tier2,1,1,morning,0.26357426902472036,0.1276,0
3f42288b-b07a-4416-aefd-6559a96477b5,d684615e-b5d2-4dff-856f-f7aa94f57139,2025-09-26,404.09,beauty,0.107,card,0,14,0.351,tier2,0,1,evening,0.391147140695262,0.0657,0
dc4d120f-68e9-4d05-a4bf-156045e79794,a09493a3-424f-41ac-98a4-25e441b5984d,2025-10-10,410.26,electronics,0.548,UPI,0,3,0.388,tier2,0,2,evening,0.3259641018177863,0.1741,1
55870eb1-99ee-46c0-845d-2ac4ab000e36,079ccc14-56e1-44f4-b53d-a66ed0eeac29,2025-05-09,1382.14,grocery,0.249,UPI,0,6,0.348,tier2,0,3,evening,0.37075169622686466,0.0147,0
9b1d08a7-b836-4d95-899c-c1e98b19cab9,721b220e-7e4b-40c6-9bfa-ae6d9e8a9c1b,2025-10-13,3121.25,home,0.359,UPI,0,4,0.097,tier2,0,2,evening,0.11140768335427466,0.0425,0
71815685-5b12-4abc-b8cd-127f125f2aff,cba1f52f-9905-4405-b96d-4c622c0b248e,2025-08-31,1048.68,fashion,0.201,card,0,20,0.493,tier2,1,4,afternoon,0.4451782602422671,0.3245,1
41196d47-563b-40b7-979a-e1ffffe6ca7f,fa6a8767-7e2a-4113-bdf9-a05ed044b7d7,2025-01-26,1743.13,fashion,0.524,UPI,0,4,0.206,tier3,1,4,night,0.1965713354260339,0.525,1
63cde3ff-97c1-46c9-a216-57c6cef05931,eb671c1e-81f6-496c-b68d-49ea47acde37,2025-05-02,926.0,electronics,0.227,UPI,0,19,0.087,tier3,0,4,evening,0.18608348760507418,0.0395,0
e9377dbe-a02d-4a9f-be80-72dac7bc1069,078f9f9a-5da9-4764-b5e3-00ee1774a365,2025-06-09,13959.58,electronics,0.142,COD,0,10,0.493,tier2,0,3,evening,0.5866676553486984,0.0141,0
6233a841-9e77-47ea-8a47-7821a16972a5,feea7c80-d662-4acf-a55b-6fe675e1cbec,2025-05-25,12453.95,beauty,0.278,UPI,0,4,0.702,metro,0,4,morning,0.5777434668907969,0.0192,0
01d41b41-d0be-4d10-aa02-ba691b28a432,0bc6959a-afc2-4cf6-a24b-933a37e267c4,2025-07-31,807.22,fashion,0.387,UPI,0,3,0.719,tier3,1,6,night,0.6014601912708131,0.8528,1
e5a8d919-ca7f-46ba-b1b4-0763cc5e2eb0,afbedcf2-f5d0-441d-8f1d-dff0523a9d8e,2025-10-13,5246.23,electronics,0.233,COD,0,15,0.158,metro,0,2,afternoon,0.08979930230446,0.0678,0
20a0b365-9571-4d95-9b38-52347b8cf86d,50c93afd-1b89-4f33-8ccb-21eeea3f4048,2025-01-06,3355.69,home,0.206,netbanking,0,4,0.156,metro,0,4,afternoon,0.23305342178158567,0.0709,0
dd68ca7e-a25e-49e4-a4fc-1d4ba80f1e42,87699cd8-cca3-418f-9a3e-144a0cbaca68,2025-10-17,573.98,home,0.078,COD,0,11,0.0,tier2,0,2,afternoon,0.05655306904883348,0.1077,0
d221af30-7bb0-45cf-8957-c2f7cb9bebc2,a88870b9-f62e-4127-831c-7b0b354b469e,2025-08-07,397.5,electronics,0.181,COD,1,0,,metro,0,1,night,0.127619036693833,0.1663,0
1f34ffba-66e7-435b-92e6-fb6d19cb1318,e91e2377-ab20-429c-9819-8e4e857323a6,2025-05-26,364.0,beauty,0.294,COD,0,7,0.263,metro,0,3,evening,0.3734683492632352,0.1385,0
e0fee604-0db4-4810-a9c0-6a5b36a25eaa,879efc3e-a486-44ac-a9cc-29dca850ccc1,2025-02-16,2745.1,home,0.564,card,0,15,0.057,metro,0,1,evening,0.14849469586761202,0.0466,0
7bd7bfa3-6331-4fcc-a527-8fd56c423959,957f8462-6bb6-488c-8360-f0a6cde9bfec,2025-05-24,250.0,fashion,0.361,COD,0,11,0.309,metro,1,1,evening,0.20154150931374812,0.6125,1
c484221d-15fd-4e76-aaca-86af79c6212b,e337d2a3-6032-4e1f-8ce4-a81121aa131e,2025-07-09,2132.07,beauty,0.525,COD,0,31,0.218,tier2,0,2,afternoon,0.2771725532528444,0.1507,0
039eef03-2f2d-4c91-99dd-619de6e67a17,931229fe-5d9c-4175-92d8-39b208ce54d1,2025-03-24,1756.58,home,0.251,UPI,1,0,,tier2,0,2,evening,0.4117635856604261,0.2249,0
25bafae5-580b-48de-a953-7c91d130ebe2,36d6b08a-5436-4a2f-83c2-120975d4be7f,2025-02-09,9120.96,beauty,0.333,UPI,0,23,0.0,metro,0,6,afternoon,0.04915448350944119,0.0117,0
6abefb33-0cd9-4cd5-af27-0b94135ff651,d68bbbc3-6511-4b4d-b898-eb8a9a3435c0,2025-08-29,4326.55,beauty,0.532,netbanking,0,13,0.0,metro,0,1,afternoon,0.0912579377429543,0.0423,0
8b93d299-5ff9-4857-9da8-becdfc03dc91,69e71a26-be82-438b-a70e-06d7d45a08cc,2025-08-30,326.02,grocery,0.065,COD,0,1,0.139,tier3,0,6,evening,0.13825855892486977,0.0905,0
15302dcc-dda3-4f40-80b5-8de9231cdaeb,ae648879-94d9-43e9-9c34-e6de78357400,2025-10-08,2448.41,beauty,0.46,COD,0,9,0.036,tier2,0,2,morning,0.10883559867342446,0.256,0
1277234e-4424-4334-aee0-2230d07e0c50,87699cd8-cca3-418f-9a3e-144a0cbaca68,2025-01-01,9100.54,home,0.184,netbanking,0,12,0.046,tier2,0,4,afternoon,0.05655306904883348,0.0119,0
1aeec598-d2c4-461f-828c-93ff0a2a00a6,9624258c-4f43-4c23-8a52-ae3657722b57,2025-08-11,500.48,home,0.21,UPI,0,21,0.475,metro,0,1,evening,0.4134664929263236,0.1141,0
eb53d2a7-82ec-482a-938e-7e31cf1fce26,fee7a85f-cf25-4349-b927-7a6f87b1bd3f,2025-05-18,564.33,beauty,0.191,UPI,0,12,0.302,tier2,0,1,afternoon,0.3325622338548419,0.0786,0
88fc20f1-8e9d-424e-94f9-a012e5be0e0d,1430da84-3676-4e2f-a20c-58786ed1d466,2025-01-19,982.28,electronics,0.679,netbanking,0,24,0.306,metro,0,4,morning,0.22121655786542901,0.1217,0
afeebaed-58d9-4a33-b8fe-0c482ed5191d,ea2ea2e1-ad32-4fa1-9907-dc30c57262e0,2025-02-03,491.48,beauty,0.307,COD,0,5,0.274,tier3,0,2,evening,0.33375713618452035,0.3092,0
c799cbe0-b66a-4297-9042-57e1c3d20f14,bcb984b1-9b6a-4ffd-b13b-a1e84be1d9a9,2025-09-15,253.82,electronics,0.323,COD,0,7,0.497,metro,0,4,afternoon,0.3958288561774479,0.2337,1
fea6c43f-bd5c-4704-8fbb-0e581545c19d,3a13d0c8-8fd2-4744-8c64-ab0b4722d49d,2025-04-19,477.18,electronics,0.113,card,1,0,,metro,0,2,afternoon,0.3860272639174304,0.1059,1
8c14c16b-b829-497b-836b-f6e23ff063be,208312a1-9529-4a89-99f2-8a96a5472698,2025-07-18,2773.81,fashion,0.126,COD,0,2,0.489,metro,0,4,night,0.36643236650295463,0.2272,1
2476422a-132f-4fc8-95e6-5a5c4e434845,8cabcba8-2b36-4f7e-984b-440baba9ad97,2025-08-22,1110.07,home,0.522,card,0,19,0.25,metro,0,2,afternoon,0.27780100478810504,0.1741,0
5e5e98be-910d-4878-a3be-279fcf289049,0264a3d8-19e4-4ba6-8fef-821e2f029db1,2025-05-23,250.0,electronics,0.477,UPI,0,11,0.235,metro,0,2,night,0.21082490652703922,0.0994,0
1de77374-1e7b-4ef8-a470-6852b233dd3c,2610fe33-8b0a-4c9b-8c47-756cf516e89b,2025-04-13,5060.76,beauty,0.347,netbanking,0,6,0.299,metro,0,4,evening,0.3007027884503935,0.058,0
8802fb08-61a3-400b-a3b4-bb3c3e9de5e6,98f128ba-5f7a-45ba-b9fd-4d3978030042,2025-07-19,530.71,grocery,0.169,card,0,6,0.205,metro,0,3,evening,0.11390723161822383,0.0152,0
38afba85-1aaa-4148-9529-6ccf9a3cfac0,beb549df-d9cf-44ad-8d90-33d474eb66b0,2025-04-17,7382.98,home,0.334,UPI,0,4,0.219,tier2,0,4,evening,0.36242851871884985,0.1319,0
51bf27a8-b41c-4abf-98a9-0ae85d7083f0,f91b87e4-35a7-481d-96ba-a679feba54f3,2025-06-25,4223.64,home,0.058,UPI,0,18,0.0,metro,0,4,afternoon,0.05881659853496958,0.0444,0
c62bc74c-512d-4f79-8789-db78f361f9ff,bd3c3573-0103-48f0-b2c0-b7ec007b2db3,2025-03-04,951.88,electronics,0.492,card,0,15,0.193,tier3,0,4,evening,0.23310699843617838,0.0532,0
f52ca126-47bf-4c0a-9ea4-ad1364fad6b9,fee7a85f-cf25-4349-b927-7a6f87b1bd3f,2025-09-26,531.38,fashion,0.062,card,0,13,0.305,tier2,1,3,evening,0.3325622338548419,0.2625,0
d44b1414-ba81-4065-bf16-7db05c41aa78,beb549df-d9cf-44ad-8d90-33d474eb66b0,2025-05-27,250.0,fashion,0.143,UPI,0,5,0.578,tier2,1,6,morning,0.36242851871884985,0.5526,0
a2cc6a10-c706-4977-8f50-b095adc13ce1,9d939e1c-b8da-4c70-95f1-935678f16771,2025-09-22,755.44,grocery,0.23,COD,0,4,0.077,tier3,0,5,evening,0.19264547693073103,0.1096,0
96da5c76-6bbd-4a35-b03a-1fe032861df3,e681d0bc-7b6a-4813-b507-16b033d8251d,2025-08-06,1756.05,fashion,0.055,UPI,0,4,0.226,metro,1,3,afternoon,0.2063369651501635,0.1234,0
e1cafcb2-9d0d-4dc6-a38d-250394e4c876,61e68552-c2ac-46ab-b349-d5252a071eca,2025-01-09,15855.71,beauty,0.245,UPI,0,21,0.144,tier2,1,7,afternoon,0.1913603605753747,0.016,0
40fcf156-a30b-4254-8de3-5c5b5e87ed82,31f344da-4c1e-47ec-af4b-557c14d0e8e0,2025-08-19,5686.79,home,0.387,COD,0,17,0.616,metro,0,3,night,0.6039320915435429,0.2387,0
ab8c9c95-2bb6-4c6b-a9d3-d99da6488f19,f04fffa3-5b04-4da0-9f3b-8a6b87fc1e74,2025-04-27,705.75,beauty,0.096,COD,0,29,0.324,tier2,0,2,afternoon,0.3517803851773976,0.1339,0
af6ac428-3230-49dc-ad99-33f8e588b470,ec513aca-b3ea-457e-b9fd-46a0fbbd0108,2025-04-14,516.09,electronics,0.162,UPI,0,33,0.243,tier3,0,7,afternoon,0.19762424986659227,0.0638,0
5b0826df-f074-447e-b77e-5132e0bf6d41,e00aee23-a662-4324-a4a5-0e0de6737638,2025-04-19,474.3,fashion,0.078,COD,0,1,0.36,metro,1,5,afternoon,0.1486689431184178,0.3124,0
46c3941e-5467-4a24-8f75-e524e98e481c,0fc1c1ab-b781-4d50-9d85-9900bab12268,2025-03-01,250.0,electronics,0.438,UPI,0,2,0.278,metro,0,2,morning,0.09630629790643759,0.0896,0
fc50efba-e4d5-4d58-b935-1dc1983d87c2,7577f5f5-f434-4ba2-be8d-bc819a90aa7d,2025-08-12,1183.66,home,0.141,UPI,0,21,0.119,tier2,0,1,afternoon,0.12936071938754626,0.1021,0
f03457fc-6b74-47bb-b859-546fbdce6a1c,13305eb5-fa9e-4ad0-82e5-51bd1825bb0e,2025-07-20,801.95,fashion,0.681,card,0,22,0.102,tier2,1,3,morning,0.06015710717930573,0.2675,0
8e8e2581-ff0c-4e56-9206-6d85586f8bc6,c74291cc-50dd-48a2-918a-2263305eb957,2025-09-22,250.0,beauty,0.241,UPI,0,22,0.293,metro,0,4,evening,0.2897378778415542,0.0695,0
579e3655-60f1-4189-9824-436428f1fe56,9aa571df-aea2-47de-b06c-0ea67f546c81,2025-03-21,697.83,home,0.456,UPI,0,10,0.48,metro,0,3,afternoon,0.23081817084314912,0.2217,1
b8100c0d-cff0-4209-b3be-1fad14b74263,3c199261-e6e2-42ad-b4e0-535e7eb5a1c0,2025-08-02,6641.33,fashion,0.354,netbanking,0,8,0.389,metro,1,5,evening,0.3389478327833424,0.1003,1
117c6575-22b8-4329-96e5-4af72ad84f4f,37407cb6-5b5f-4c6d-8d6f-fd7473362bdb,2025-07-13,4391.31,beauty,0.332,netbanking,0,4,0.305,tier3,0,7,afternoon,0.24074547305735522,0.0213,0
4d18969b-454d-48e7-a726-1e247d7ae995,ade38847-ed43-40bb-86a7-c04000915ee5,2025-02-24,250.0,fashion,0.16,COD,0,14,0.047,metro,1,5,evening,0.14720873128711998,0.6015,0
9dfc1bc3-6938-46ab-8465-565b09247081,c7c7d746-9375-4232-8ea9-ffb11c594fc0,2025-03-14,1094.99,home,0.578,netbanking,0,3,0.358,tier2,0,3,evening,0.40080141861945334,0.2421,1
0d9f27d0-ff82-4a4d-9c0c-eb71aec3fc43,76e3ab4e-0d33-4910-81b9-f0f04685b7d6,2025-05-08,1446.9,electronics,0.593,card,0,13,0.181,tier3,0,4,afternoon,0.06842336486313001,0.1438,0
83aa9001-813f-48d7-9ba3-ee44a6a15e36,b7cf8b3e-8cbc-41b9-b7a4-c29693d32968,2025-02-28,1559.71,fashion,0.608,UPI,0,8,0.138,tier2,0,2,evening,0.23865381601921165,0.2137,0
6c7186cf-0c96-415b-804f-b09631408c07,74a60004-5880-40d4-977a-6eec71073670,2025-04-16,567.75,fashion,0.265,card,0,2,0.489,metro,1,4,evening,0.29458700556517403,0.2574,0
f547cb52-1630-4e04-8e1d-75b084d5c7a0,dcc320e0-51d7-4f5a-b1cf-f774f3ea235f,2025-10-10,250.0,fashion,0.653,card,0,26,0.045,tier2,1,4,afternoon,0.08097222048102413,0.1335,0
0e0c7757-be15-48f5-bddf-08d20ae40b03,737e35bc-4ea3-42a4-9c26-b22f7099bf28,2025-05-20,451.19,home,0.203,UPI,0,12,0.137,metro,0,4,afternoon,0.05662677973259444,0.0426,0
d2d095c2-5555-4a68-8759-ca25f805036b,4b641fb2-3437-4f0f-9c67-9222d63bef6e,2025-04-23,2505.18,grocery,0.452,card,0,14,0.357,tier2,0,2,afternoon,0.3016559281489719,0.0363,0
6487bab0-4624-4387-974a-ffa7c370d78e,ea2ea2e1-ad32-4fa1-9907-dc30c57262e0,2025-04-01,250.0,electronics,0.17,UPI,0,6,0.398,tier2,0,3,night,0.33375713618452035,0.0622,0
83e473f8-e087-4592-b165-0d84c64f88a6,36d6b08a-5436-4a2f-83c2-120975d4be7f,2025-02-02,1555.04,fashion,0.396,UPI,0,24,0.0,tier2,0,3,morning,0.04915448350944119,0.1373,0
e358b370-0978-4a54-9533-eb0eee2034ea,ad2d4f8f-0895-4bcd-b4d5-dc8a0e0e2da2,2025-07-31,365.25,fashion,0.273,COD,0,2,0.254,tier3,1,3,evening,0.2773816073359342,0.7545,0
7010b766-56dd-48d4-9654-c25ecc284f1e,4bc409c6-b5e2-418c-b091-811f237e5d34,2025-06-16,677.17,electronics,0.344,card,0,8,0.216,metro,0,3,morning,0.24986565117884016,0.0516,0
3143cde0-6feb-44f2-9cae-d79deca14497,348d0644-2aaa-49b6-9a56-d29faeecad16,2025-02-25,993.44,fashion,0.045,COD,0,1,0.116,tier2,1,2,afternoon,0.10515668766504281,0.2939,0
81fbfe9b-cf8a-4006-84d1-064246576381,8f93794f-cd0f-4e77-95b4-96c9a4bd0834,2025-04-02,1100.9,beauty,0.653,COD,0,1,0.754,tier3,1,8,afternoon,0.7587990740316559,0.923,1
9dd5b472-d7ff-4d67-abfd-dcc1a51e2bce,5a4e456a-7177-438a-a82d-59e0133f3eb9,2025-04-09,1979.68,beauty,0.292,UPI,0,40,0.237,tier3,0,5,afternoon,0.23069756686430742,0.0622,0
4dc05e34-e70c-43de-83fe-fe7409df0b4a,30ed7aa6-3495-4b99-970b-27c038e98f99,2025-03-11,1030.37,electronics,0.21,UPI,0,12,0.466,tier2,0,2,morning,0.30707185083804733,0.0676,0
c7b5eeef-5d84-4e59-aaf5-06dff4188b5d,5f5314c7-cefe-45fd-a710-e0c0948777d5,2025-09-19,7522.51,grocery,0.161,UPI,0,2,0.119,metro,0,2,morning,0.03696830256968456,0.0064,0
8fb8a631-0854-4379-bde6-93501c3a7146,80cef85a-5938-4801-9fa5-9b6c0de0cc08,2025-10-05,1192.67,fashion,0.392,UPI,0,18,0.203,metro,1,3,night,0.2042925306906814,0.1453,0
90bd23fb-360f-4d6b-a741-099a033d0f94,b29488eb-e21a-484b-b828-80a3ac2ea4cb,2025-07-02,1364.97,electronics,0.541,card,0,5,0.239,tier2,0,2,afternoon,0.1494736716851247,0.0667,0
8bee35cf-cf34-4ab8-97ce-d8cb4fdf54ff,14e9a40c-48f4-4b52-8121-a603990cd08e,2025-04-28,615.08,home,0.507,COD,0,5,0.49,metro,0,4,afternoon,0.5997722687005431,0.3041,0
fc5b3c39-d440-47b4-9606-3d59e0bceb50,f4f9557a-86f4-4bf5-ae07-480ff58c6f7a,2025-02-17,678.78,fashion,0.209,card,0,14,0.098,metro,1,1,morning,0.04552205229964168,0.2144,0
c4a0da63-5886-4a28-8543-15a0781ac110,e46f6f26-c239-4aa1-9c65-1209e9e43c60,2025-04-21,645.16,beauty,0.392,netbanking,0,14,0.247,tier2,0,3,morning,0.24597285000833133,0.0989,0
ba67b0c4-8655-475c-bef8-46d73273bfaa,03155ba3-cd3a-4a32-9885-eaa1d5a0f4a0,2025-03-28,3129.64,electronics,0.142,card,0,19,0.527,tier2,0,2,evening,0.4955830568370258,0.0462,0
3c718ded-0eb9-4298-a17a-caa6ff0c8fe4,0bc6959a-afc2-4cf6-a24b-933a37e267c4,2025-03-06,9364.57,fashion,0.381,UPI,0,4,0.533,metro,0,5,afternoon,0.6014601912708131,0.0884,0
0ca85306-0b2d-4124-b504-eb970f0ccf41,7abb60f8-6a15-44b0-8a8a-33cf510670a6,2025-10-10,354.76,electronics,0.122,card,0,17,0.0,metro,0,6,morning,0.03542903995029727,0.0267,0
333150cf-46f6-429c-8d91-ae08432ba4e9,75eeaa53-7844-43df-bc21-e13cd628ffb7,2025-01-14,250.0,beauty,0.082,netbanking,0,5,0.068,metro,0,5,afternoon,0.20763912883986363,0.0285,0
59ca70d2-2c75-4aeb-9626-eda6fb0dbb8e,6691be4b-2f05-471e-880b-641b361f736f,2025-09-29,1849.52,grocery,0.218,COD,0,27,0.404,tier3,0,3,afternoon,0.2916477929418046,0.3751,0
9daddb5e-0fd6-47c4-b893-b0864caea6f9,cd41d912-6dd3-48f5-8321-ab579b72c57a,2025-09-19,3183.45,fashion,0.449,COD,0,18,0.141,tier3,1,2,evening,0.1561219227039281,0.4678,0
f773ae4d-1019-41a7-80bc-5fd12f73ff72,04b89a3b-d082-4664-972e-b40c6268b46d,2025-10-06,384.19,fashion,0.449,UPI,0,11,0.335,tier2,1,2,evening,0.24939791763606534,0.3681,0
450cb875-fd17-4fba-babe-069d36b47eae,3ecb19de-c2c2-4695-853a-66f9349c3a05,2025-03-19,876.59,fashion,0.283,card,0,5,0.105,tier3,1,4,evening,0.1410845122933714,0.2037,1
1b414c4c-21d7-4d31-b72c-268fb7b49c63,b732b9b1-5184-4f45-af4d-630b007d8b56,2025-05-20,575.76,grocery,0.086,COD,0,19,0.407,tier2,0,3,evening,0.3974441051585353,0.0394,0
ffc936f5-f6b7-4de6-adbf-94c642d834b6,33167d9d-5419-43f1-a9d8-4e511557a953,2025-08-30,1797.02,home,0.234,card,0,2,0.11,tier2,0,3,afternoon,0.12241533806316059,0.0376,0
bf98bccc-fbcf-493e-97f3-fa361459f5a3,cd9d8125-8011-4465-92dd-50bd06de23f3,2025-06-23,3124.3,home,0.54,UPI,0,12,0.371,metro,0,3,afternoon,0.46001324343588723,0.0501,0
2359c315-3dc6-4b76-babe-dcc91109dcc0,18471c77-61f9-4793-b4da-b432f51981aa,2025-01-15,348.43,fashion,0.092,UPI,0,5,0.228,tier3,1,2,evening,0.14258967185168278,0.2731,0
74058333-c6e9-43af-bf5c-1bb4d4a6d799,36d6b08a-5436-4a2f-83c2-120975d4be7f,2025-08-03,2233.01,grocery,0.125,COD,0,25,0.086,tier2,0,1,evening,0.04915448350944119,0.0567,0
9068f732-32ac-4bdc-8f1d-83ccebdcbe74,38384398-7058-4fd7-b01b-cbda8d50a490,2025-08-09,717.15,fashion,0.223,card,0,13,0.243,tier2,1,1,afternoon,0.12601617248198352,0.2757,0
49da3733-b034-4fdc-900b-8d64b66572e1,e91e2377-ab20-429c-9819-8e4e857323a6,2025-05-04,3806.21,beauty,0.01,COD,0,8,0.392,metro,0,4,morning,0.3734683492632352,0.0669,1
213a63f3-1ffd-43c7-97f0-c6f7b684c7e9,afbedcf2-f5d0-441d-8f1d-dff0523a9d8e,2025-07-03,284.84,electronics,0.255,card,0,16,0.109,metro,0,6,evening,0.08979930230446,0.0166,1
87cce29b-ef56-4e48-aa2f-34645fda950a,57c29481-3bfa-4690-879f-2cab6c2fd05a,2025-09-25,3170.99,fashion,0.27,COD,0,11,0.258,tier3,0,4,night,0.1838032082155034,0.0901,0
be6c5ca5-1c2f-4bca-995a-483e5debfbd9,35a47fa7-51b1-45b4-b1fd-bc1901de821b,2025-05-28,250.0,electronics,0.394,UPI,1,0,,tier2,0,1,night,0.1354858514772503,0.2006,0
6e0bfb2d-758d-4fc6-938c-65cabbe123b9,b36dde2e-e09b-4224-b113-133cdade54b5,2025-09-26,318.64,fashion,0.438,COD,0,6,0.193,metro,1,3,morning,0.13745108080776064,0.4343,0
d2d2961d-218c-4139-83e2-4ac2624552bd,d6fdc281-9e44-4959-9b10-94c0f2ca13ae,2025-03-10,250.0,electronics,0.567,COD,0,2,0.336,metro,0,2,night,0.443593609971502,0.1404,0
cd671a64-3c7e-4fa7-ab27-192dc3f1ea50,cd41d912-6dd3-48f5-8321-ab579b72c57a,2025-02-13,4511.81,grocery,0.058,card,0,19,0.189,tier2,0,1,evening,0.1561219227039281,0.0162,0
07294635-d2c9-455f-bf77-423604c4d0bd,3f175ef7-cb46-404c-ae55-2d22b3544172,2025-03-21,4208.49,fashion,0.336,card,0,33,0.031,metro,1,5,afternoon,0.048627470043128354,0.1639,0
c4bf7bbd-11cb-418f-bd3f-f2d50d878075,449b1507-3104-4df1-9015-9037467047d6,2025-09-29,1297.47,fashion,0.069,COD,0,1,0.182,tier2,0,1,evening,0.22077260281268474,0.2063,0
975ccaec-6ecc-4e94-bb2b-16bbcc67d125,13305eb5-fa9e-4ad0-82e5-51bd1825bb0e,2025-07-17,252.68,fashion,0.067,UPI,0,23,0.0,tier2,1,6,afternoon,0.06015710717930573,0.1273,0
5acdb8d2-5109-48ed-99e0-8be4a30f6832,cba1f52f-9905-4405-b96d-4c622c0b248e,2025-06-29,3876.08,fashion,0.431,COD,0,21,0.362,tier2,1,4,evening,0.4451782602422671,0.466,1
676fc606-dd2d-4584-b701-8a0760dee7ab,19b005f4-0346-46c8-86a3-9b5f3ad6fa35,2025-01-31,5738.24,electronics,0.463,COD,1,0,,tier2,0,1,morning,0.08000890940875684,0.3657,0
5fa5ac49-a85d-45b9-85da-304d83b557f6,5644e802-a267-4eeb-bd8e-cdf3be61d5d6,2025-05-28,250.0,electronics,0.411,COD,0,3,0.439,tier3,0,7,afternoon,0.3923137330147234,0.5288,1
c59620e1-3d92-44fe-8f40-6afcb0ec5959,dcfad182-ea67-4ce8-8f94-95ff7e6444b1,2025-02-27,1998.82,fashion,0.246,netbanking,0,1,0.407,tier2,1,3,morning,0.2754386295631827,0.2116,0
cfe5e614-1bd2-49cb-a2a1-fa967aee9c9c,71add523-5425-4cf7-ab69-7dd4d3e863a6,2025-06-26,1164.26,beauty,0.186,UPI,0,4,0.0,tier2,0,2,night,0.024014279411654592,0.0555,0
48171238-2e1e-4a31-9d39-bfc064ed830c,efca07b7-801d-4f4d-8fd4-f9471ea25c75,2025-05-27,9099.87,electronics,0.206,card,0,21,0.497,metro,0,3,night,0.3870026797871902,0.2283,0
c73fde5d-32db-4fe4-b808-2da3dad67b2c,b7cf8b3e-8cbc-41b9-b7a4-c29693d32968,2025-09-28,332.83,fashion,0.134,UPI,0,9,0.161,tier2,1,2,afternoon,0.23865381601921165,0.4502,1
994881e4-94e8-42d3-a710-174fb2a2fc5c,d68bbbc3-6511-4b4d-b898-eb8a9a3435c0,2025-05-30,5315.42,home,0.376,UPI,0,14,0.092,metro,0,3,afternoon,0.0912579377429543,0.0317,0
b70d7720-fd7f-4906-a0ca-7d20490ca5d5,bd003f7c-178b-4569-93cd-35eef10b3525,2025-01-30,497.56,beauty,0.24,COD,1,0,,metro,0,3,morning,0.10716924450824651,0.576,0
00bd1270-9892-481d-bc21-56415aefbc2a,f7243914-f259-4b3f-b4da-cc523ff04815,2025-05-09,2298.48,beauty,0.065,card,0,27,0.347,metro,0,2,morning,0.2798863894924076,0.0633,0
222bae37-6c27-44eb-bf4f-a530ca3ee21c,fd6cccad-5f4f-45ca-8142-59059b87515b,2025-09-13,4500.49,electronics,0.176,card,0,36,0.159,tier2,0,3,afternoon,0.2595265118239566,0.0617,0
0ffefe66-4066-44ca-9159-85d7a0a2d197,61e68552-c2ac-46ab-b349-d5252a071eca,2025-10-26,4101.09,fashion,0.41,UPI,0,22,0.223,tier2,1,2,afternoon,0.1913603605753747,0.1291,0
c2ba40a7-9954-44db-bf58-0cc9623dd316,afbedcf2-f5d0-441d-8f1d-dff0523a9d8e,2025-01-15,2635.77,fashion,0.455,UPI,0,17,0.038,metro,1,6,evening,0.08979930230446,0.2839,0
0f9b85a3-bd63-4a48-9a40-a7c2972f4baa,6691be4b-2f05-471e-880b-641b361f736f,2025-04-21,3862.3,home,0.194,COD,0,28,0.273,metro,0,4,night,0.2916477929418046,0.1819,0
ffd24a20-508c-4ba6-a5f4-88333c31971e,4c19ca15-e9d8-445e-9a4a-ef49bd34d343,2025-01-30,1613.45,fashion,0.263,card,0,27,0.325,tier3,1,6,evening,0.24706696213115537,0.3273,1
b9f10624-f771-4f0d-b4b5-c031776b6bd9,e681d0bc-7b6a-4813-b507-16b033d8251d,2025-08-26,930.9,home,0.237,UPI,0,5,0.352,metro,0,2,afternoon,0.2063369651501635,0.0525,0
1cd1403d-7c20-4f80-84c1-d15acc6d150a,8f93794f-cd0f-4e77-95b4-96c9a4bd0834,2025-01-11,9816.61,fashion,0.196,card,0,2,0.815,tier2,1,4,night,0.7587990740316559,0.1775,0
97c3aa2d-38c1-4856-925c-8c407fc896f6,8aad1534-c5ee-4b92-be7e-78a529af82b8,2025-06-16,5971.98,beauty,0.377,COD,0,7,0.393,tier2,0,2,evening,0.36581399891508337,0.0892,0
64189197-db82-49eb-a7d8-c846eeaf49dd,bcdeb425-8e18-4df0-9d56-77acc6d259f7,2025-07-17,3199.39,electronics,0.449,UPI,0,13,0.087,metro,0,4,afternoon,0.2145242588320448,0.0301,0
14971e22-5c2d-4ef2-a06f-498d03f2a29e,61333330-b1a5-4c86-81d1-a619578e5835,2025-07-30,677.37,fashion,0.09,UPI,0,8,0.296,tier3,0,7,night,0.18587087319682674,0.1218,0
4634576d-a421-409e-82a2-387cdf219ec6,f60dd379-b761-4abe-a910-2e679a649299,2025-05-18,4144.45,fashion,0.36,UPI,0,12,0.634,metro,1,6,morning,0.6231863021915255,0.4477,0
2e31668c-978b-454a-97bf-c3911d995232,9624258c-4f43-4c23-8a52-ae3657722b57,2025-02-08,7130.9,fashion,0.108,UPI,0,22,0.523,metro,1,7,evening,0.4134664929263236,0.1728,0
048f05aa-78f4-422a-8a2f-1227b0e077db,b3f33ef6-3953-4fa2-b5c0-493473e40312,2025-07-22,1148.3,electronics,0.139,netbanking,0,31,0.289,metro,0,3,morning,0.24874291058771908,0.0564,0
2fbf161a-9417-43a8-a4b6-b7fa5c83ef19,df765bcf-110d-40b7-a135-a7fe2ee8e54c,2025-05-17,953.97,electronics,0.127,card,0,2,0.0,tier3,0,4,evening,0.17068626302318904,0.0755,0
df69bfe3-2907-4372-acb8-da38df4305cb,9aa571df-aea2-47de-b06c-0ea67f546c81,2025-03-01,590.63,fashion,0.093,UPI,0,11,0.257,metro,1,3,afternoon,0.23081817084314912,0.0891,0
95c29fd7-40a8-4038-9274-200657640f0a,676c4a16-07aa-45fa-8ad1-17b29a2b6de4,2025-04-11,436.63,fashion,0.134,UPI,0,11,0.234,metro,1,7,evening,0.2901295476709541,0.4287,0
64f2d246-f576-4ba0-a69b-38e245c436ff,ecca868d-9892-4d64-ac00-1d79662da72e,2025-10-03,516.02,home,0.423,UPI,1,0,,tier3,0,8,afternoon,0.26234867347983615,0.4518,1
a7aab95b-0c7d-404a-a778-fa9b076f02fa,f7243914-f259-4b3f-b4da-cc523ff04815,2025-09-03,502.51,home,0.064,UPI,0,28,0.242,tier2,0,1,evening,0.2798863894924076,0.0263,0
f54dbc1d-b1d5-472d-aa7b-e9a3e570426a,62b7e755-d3cb-4126-84ea-59b351add383,2025-07-26,504.1,electronics,0.032,card,1,0,,tier3,0,2,afternoon,0.24098515142643895,0.1697,0
a4175476-f5eb-44d3-b21e-72d62bc938b9,3bf94f31-a69a-4672-af18-93b6ddcad665,2025-04-13,613.05,electronics,0.252,card,0,7,0.703,tier3,0,4,morning,0.6823689291324807,0.1939,0
feb81464-6ac9-4e97-a16e-d037298147f8,a08bc761-e2d2-46cc-952a-3d23d15d5fac,2025-01-23,739.06,fashion,0.21,UPI,0,18,0.438,tier3,1,4,evening,0.30018529874356914,0.3662,0
9acf71b6-ab33-44fe-a4f9-1dccc8ccbcd7,041e6bc9-db72-4f93-9250-95c5729fd5f6,2025-04-24,319.17,home,0.396,COD,0,13,0.279,tier3,0,6,afternoon,0.24989906497225137,0.2522,0
3c08be02-1962-4630-bc00-aa7276ac6937,02a9477e-48f9-41c5-b992-a167ea1cd57a,2025-10-17,1112.5,fashion,0.055,card,0,14,0.337,metro,1,1,evening,0.26357426902472036,0.1562,0
ebfc0879-51d1-48dc-be9f-26bccf4be7cc,8975f922-81ed-4d18-b7b8-80f64c0d33a4,2025-02-01,1081.32,electronics,0.111,COD,0,4,0.275,metro,0,5,evening,0.16694172135754215,0.1414,0
5784f77e-8595-435c-ab03-69f63bb97942,3ae5d8e2-1cd9-49fe-a877-331f08d4c8e0,2025-10-14,1229.92,electronics,0.471,card,0,5,0.261,tier2,0,3,night,0.22359865383939137,0.0801,0
09590880-4c71-4915-87ee-84d097e72dcc,488818a4-8adb-4718-b41a-823c7f2b2ab8,2025-06-28,833.31,fashion,0.544,COD,0,14,0.179,metro,1,6,morning,0.25703386186733934,0.4119,0
2006d9f9-4610-49d2-be9c-06b1a2688fee,a8c6166f-038a-4ae7-b54d-f52288d81a93,2025-02-09,2600.98,home,0.16,COD,0,6,0.272,metro,0,6,evening,0.130383422505818,0.1214,0
d53004df-5b5d-4e42-b797-7fcd8d756d75,5d07b674-e2c1-45d2-b0b7-a706fe8328d1,2025-01-15,266.96,grocery,0.106,card,0,4,0.222,metro,0,2,night,0.1683531119228636,0.0256,0
7e7c2f5e-afac-45ff-862a-639ef576110d,b62d8ee5-64d8-45e2-95a1-1770fbb6732e,2025-03-25,2254.59,beauty,0.216,COD,0,3,0.079,metro,0,3,evening,0.13269837554654837,0.1122,0
5ec65e05-f0fb-4986-9e54-77692444a087,31ff0d71-1021-4137-a652-0909a72704a8,2025-03-16,782.13,electronics,0.135,COD,0,12,0.35,tier2,0,3,afternoon,0.3745706193331196,0.3588,1
eaaf350e-4209-4e5e-89a6-ac2ddbdd18e7,88b88e03-c936-4c7f-ba2d-52cf64525090,2025-05-07,4270.07,fashion,0.424,card,0,9,0.32,tier2,0,3,afternoon,0.20459557629689876,0.1699,0
4bef4607-907c-4cc9-a942-ba1f0ed46cce,f511f812-b332-434e-84ac-a8d69f0d2875,2025-02-20,414.99,home,0.318,UPI,0,20,0.0,tier3,0,3,evening,0.1091421274751211,0.1107,0
9b01d2d0-80c2-482d-9e2f-4c9b3d47e238,ed599b6e-2d8f-4189-929f-bf2dbd05f32d,2025-07-20,930.95,electronics,0.471,netbanking,0,5,0.521,tier2,0,3,morning,0.46015210405281526,0.1357,0
ae2d9c84-e221-44c7-8af5-aaa8ab299d1a,18ac91fe-d7d1-4831-a17e-7c06a5ec4af5,2025-07-27,250.0,fashion,0.212,COD,0,7,0.274,tier2,1,4,afternoon,0.24614417619698423,0.4221,0
5a81712e-9ada-4898-b78b-709386a870a9,041cf125-f1c4-4f04-95ec-a4fd5838d35a,2025-08-24,1888.79,fashion,0.162,UPI,0,6,0.404,metro,1,3,afternoon,0.3408921063238981,0.3889,1
65c8995f-cf08-4876-89b4-adc573610f3b,b48b45a4-753f-4ba5-b83c-ddf1c5e444e1,2025-10-24,3157.3,grocery,0.647,card,0,9,0.372,tier2,0,1,night,0.419905690979168,0.0469,0
ec0fc83d-f28e-4d64-9379-d38ece7f08f9,90d4ab83-9a96-4a21-9db9-c0621084e983,2025-01-22,2013.05,electronics,0.381,UPI,0,19,0.335,metro,0,7,evening,0.29832839962512075,0.0787,0
961e6bfe-a6ee-411d-850e-64e4405d1885,ed599b6e-2d8f-4189-929f-bf2dbd05f32d,2025-01-07,5862.79,fashion,0.378,UPI,0,6,0.474,metro,1,7,evening,0.46015210405281526,0.2183,1
e43994a7-54fa-4460-8a05-a45c37c707bc,530bbe2d-ad3a-48f9-bc50-6461db39ef79,2025-02-28,1481.92,fashion,0.136,card,0,22,0.483,metro,1,1,afternoon,0.5144941083307562,0.1099,0
0b5a6fa7-6c77-461f-877d-e46c9cd3b783,3b33ff6f-efbc-48a0-8c8a-af2765c895e5,2025-10-23,1714.87,grocery,0.291,UPI,0,3,0.469,metro,0,4,afternoon,0.3522819979765525,0.0452,0
d610dff4-4f37-4408-8879-102ce9d046eb,9cfbe601-0322-4c7f-a8fc-089374a870d3,2025-10-25,2136.22,beauty,0.109,COD,0,17,0.396,metro,1,1,morning,0.2677657562695904,0.411,0
8dd830b6-da2c-487e-ae86-ef8c99ee6c1c,916b1eab-19f3-418e-970e-feae0ddfa238,2025-06-09,2227.84,fashion,0.441,UPI,0,1,0.159,tier3,1,4,evening,0.11554696311015139,0.1996,0
42a9c0aa-4963-47e5-839c-1302ae167c9f,38db68a1-5406-49eb-a9f2-502c91d20ab3,2025-03-30,2014.68,home,0.253,UPI,0,1,0.043,tier2,0,2,afternoon,0.1284164011515337,0.0402,0
32671023-959f-416d-8405-16ad8c143407,20c3bc53-c556-453e-87c4-1db6d047a4fe,2025-10-02,1518.01,fashion,0.556,COD,0,3,0.194,metro,1,2,night,0.1036324280316437,0.3813,0
e37f3952-eb53-4650-b240-6cf8fa406886,07a92d2c-8c2e-4fb1-85f3-8f78e6c7b100,2025-10-21,1384.9,beauty,0.077,card,0,5,0.423,metro,0,9,evening,0.4069919336009818,0.2302,0
0c664408-28fe-4726-8be6-536f975816ec,2e69e260-0ee4-43cf-9c88-a409981081c6,2025-07-22,1554.97,fashion,0.206,COD,0,13,0.361,metro,0,1,morning,0.41585134920398,0.3332,0
ff9117e6-6f58-4cda-b287-364d0b86e166,37407cb6-5b5f-4c6d-8d6f-fd7473362bdb,2025-06-27,250.0,home,0.621,COD,0,5,0.08,metro,0,3,morning,0.24074547305735522,0.4323,1
322ad22c-049c-4596-8f7a-c9e5e23ed0da,fcad361d-37b1-48e4-ba15-27f5efd12bd2,2025-06-27,795.65,beauty,0.46,card,0,13,0.359,tier2,0,1,afternoon,0.3926881472493449,0.1253,0
ded341f5-8ce3-465e-a277-8860a177729d,20c3bc53-c556-453e-87c4-1db6d047a4fe,2025-05-18,813.42,home,0.423,UPI,0,4,0.166,metro,0,2,afternoon,0.1036324280316437,0.0974,0
1ba9347f-bad8-465f-a3f1-e27f47e2fcb2,dc93907f-23d9-460a-a4a4-e459d0edde02,2025-05-26,641.91,fashion,0.198,UPI,0,2,0.219,tier3,1,6,evening,0.22661788203429245,0.1484,0
df1b3c27-8b7a-431c-bb8e-53411ac70799,98d8bb02-c0b6-4fc2-9658-5ea6b66ed048,2025-03-27,250.0,grocery,0.286,UPI,0,3,0.385,metro,0,4,morning,0.412352927877719,0.0281,0
4d01d172-072c-479e-903c-f11efa2b44ee,7f1c3fa8-2bd8-47fd-ad17-ab142fab9d56,2025-07-27,3549.72,fashion,0.225,card,0,14,0.291,metro,1,4,morning,0.2765406569294239,0.3638,0
91b6cf6b-b4d4-47dd-aa9d-79d4d60e7cce,29252211-1744-4b6d-8c4e-cfdef67d1cf7,2025-02-14,343.2,fashion,0.251,COD,1,0,,tier2,1,7,night,0.32438169600546557,0.8127,1
e29f28cf-9386-4efa-a127-df70e8ac4ee3,9624258c-4f43-4c23-8a52-ae3657722b57,2025-05-10,705.85,electronics,0.199,COD,0,23,0.439,metro,0,2,afternoon,0.4134664929263236,0.138,0
790deee8-97f3-4857-a384-d8725403dbb7,6a7814a2-3655-4d08-8da4-8ec7df0030b9,2025-08-12,926.88,fashion,0.14,COD,0,4,0.129,tier3,1,6,night,0.15705197005739738,0.2479,1
b9af058f-42f9-4f56-a366-86a4f1147481,b7cf8b3e-8cbc-41b9-b7a4-c29693d32968,2025-05-22,250.0,fashion,0.309,COD,0,10,0.277,metro,1,4,afternoon,0.23865381601921165,0.5108,1
0e7e9a53-c0cd-4a0a-a0ff-9f48f53b09c0,551aee57-0df4-4a51-9afa-0babaf28b33a,2025-07-07,3322.12,fashion,0.103,COD,0,33,0.181,tier2,1,2,night,0.18168234468688693,0.2489,0
f67c1ea2-d7f5-47f6-ac10-94d34af918ec,48242df6-6544-46ca-8243-b23028d6d805,2025-03-24,2138.58,fashion,0.241,card,0,20,0.242,tier3,1,8,night,0.1548544510371693,0.3891,0
90b09443-0ecb-4b42-bcfb-3fdf59deb69a,5177ad25-f39b-42aa-9106-28c069721b05,2025-05-04,10334.01,beauty,0.078,UPI,0,7,0.164,tier3,0,5,morning,0.09342709211833844,0.0075,0
ab4b6e7f-bfad-4b2b-aac4-d2f77ef6ea7e,3552117e-c648-4961-9bf4-6f04c6aa1823,2025-09-04,1225.84,electronics,0.136,UPI,0,5,0.56,tier2,0,1,afternoon,0.6433649856347546,0.1279,0
e95a884a-b3a7-4e80-aea1-9d52ed3fab09,b5daeff1-0e3f-47c3-be6d-6411c18d7d85,2025-01-14,6926.82,beauty,0.164,UPI,0,6,0.058,tier2,0,1,evening,0.12950940053657903,0.019,0
968875ae-7522-4601-8e1d-a6f2c79386e3,eb671c1e-81f6-496c-b68d-49ea47acde37,2025-06-28,1705.51,electronics,0.153,COD,0,20,0.246,metro,0,4,afternoon,0.18608348760507418,0.0545,0
fc94b588-f670-40c1-ad41-7ed6d6b12253,fece3053-752e-4f5a-b715-c3d8cb10cde7,2025-09-08,441.37,fashion,0.144,COD,0,14,0.198,tier2,0,2,evening,0.2486017792851423,0.2936,1
7a55271f-84d4-4107-b178-8dd7f953582b,2fc6afa7-2705-415e-9700-b4f6cc268053,2025-05-13,931.49,beauty,0.288,COD,0,5,0.349,metro,0,1,evening,0.21207519145076628,0.4663,1
c8fd768b-f417-4622-89e2-139bd44a1c2a,8ae9ad9a-0d8c-4d23-b771-81f50780d7b2,2025-09-20,2783.67,beauty,0.434,UPI,0,2,0.118,metro,0,4,night,0.17611303556440555,0.0974,0
cde9d976-567b-4cb2-b206-d2614bbde7ca,937f81a2-0c57-467d-869e-aaae2412816a,2025-09-22,1778.65,beauty,0.698,card,0,18,0.215,metro,0,6,morning,0.2365731909103324,0.1992,0
79f7ec3d-2b97-40e9-8735-66dc25e6be7f,bd3c3573-0103-48f0-b2c0-b7ec007b2db3,2025-10-19,1128.6,electronics,0.425,card,0,16,0.263,metro,0,2,evening,0.23310699843617838,0.046,0
3d4644ad-ec8e-4f33-a7e1-05d0e4064806,386639da-c4fb-436b-9ced-e6f3c7021453,2025-03-28,1054.12,fashion,0.038,COD,0,7,0.155,metro,0,2,night,0.13845962298865533,0.3246,1
30d77407-9d9b-442c-93c8-40a130d70a69,eeb31956-eff1-4d4c-88b9-4562dc040f82,2025-07-08,1939.68,home,0.18,UPI,0,16,0.235,tier2,0,3,morning,0.3706024922013499,0.0737,0
a722833f-c67a-490b-bda6-3050301d786c,f511f812-b332-434e-84ac-a8d69f0d2875,2025-09-09,250.0,fashion,0.266,card,0,21,0.152,tier2,0,1,afternoon,0.1091421274751211,0.0409,0
38c05ded-a90c-4954-af06-17cf4729821c,3b43db08-fb91-462f-825f-825adffaef1d,2025-04-01,1446.39,grocery,0.082,UPI,0,3,0.166,tier2,0,3,evening,0.2241974074982748,0.0308,0
d4a1662d-3cf7-425c-a81f-381dee653281,b36dde2e-e09b-4224-b113-133cdade54b5,2025-05-01,2965.9,beauty,0.096,COD,0,7,0.218,metro,0,1,night,0.13745108080776064,0.1255,0
98c2ba1b-b8aa-43b3-971c-03f6ce879094,cd9d8125-8011-4465-92dd-50bd06de23f3,2025-02-07,907.04,fashion,0.066,UPI,0,13,0.436,metro,1,2,morning,0.46001324343588723,0.1888,0
9f83ab80-7143-476c-8034-913ec7657dfb,fece3053-752e-4f5a-b715-c3d8cb10cde7,2025-03-22,7482.27,electronics,0.05,UPI,0,15,0.276,metro,0,6,afternoon,0.2486017792851423,0.0365,0
55ac803b-3849-4cee-999b-71a899f683ef,b15097c2-354a-48aa-8b88-0fc27a70d24f,2025-10-27,1078.16,fashion,0.75,card,0,20,0.384,tier2,1,1,night,0.35941268307576457,0.3678,0
0daeda9e-9f67-4913-ad58-fb3a8f5f3cbb,ab402b2b-f644-4050-9b7a-256960a2b70d,2025-09-28,3993.47,home,0.34,card,0,10,0.285,metro,0,4,afternoon,0.2537284053397563,0.0365,0
4891925b-9ad0-4063-bfd0-b03358bb05d3,02a9477e-48f9-41c5-b992-a167ea1cd57a,2025-06-25,1326.23,beauty,0.302,card,0,15,0.214,metro,0,4,afternoon,0.26357426902472036,0.0679,0
41d18a2b-4a08-4056-ae23-90b8b27a1f53,6d81b599-cb53-46f9-8600-bf12fd1acddf,2025-01-31,1194.7,fashion,0.372,COD,0,13,0.066,tier2,1,1,evening,0.1373435706874969,0.5063,1
3a524b23-ae9a-4f16-8eaa-cf55f73f25db,737e35bc-4ea3-42a4-9c26-b22f7099bf28,2025-07-11,250.0,fashion,0.681,UPI,0,13,0.177,tier2,1,1,afternoon,0.05662677973259444,0.2918,1
7dcb56a3-cc93-41b0-a667-c1fdd9f183c6,9cfbe601-0322-4c7f-a8fc-089374a870d3,2025-07-21,382.81,beauty,0.156,UPI,0,18,0.195,metro,0,6,night,0.2677657562695904,0.0495,0
584a7849-7c2b-4dc1-8847-2f5550bc7389,617c2dac-ff86-4a50-b68a-9e92a81ce5c4,2025-02-14,906.29,beauty,0.685,UPI,0,17,0.216,tier2,1,4,morning,0.3565159652552688,0.2821,0
293b2df0-0fb0-4eea-9446-0b8d6c5d0ab7,aa146080-a61b-4d65-8941-28a1786e2342,2025-09-03,504.64,home,0.042,netbanking,0,2,0.506,tier3,0,4,night,0.519733870835829,0.0792,0
c83dc774-6bda-4132-a2a4-354df0926063,21929a7c-df34-4e43-ac5e-3ecf09093300,2025-01-31,420.22,home,0.214,UPI,0,6,0.179,tier2,0,1,afternoon,0.14992661347758604,0.1611,0
3f94bec6-6c47-423e-812e-ffee38d1b840,13fe080b-d69d-443e-a712-766c682faa59,2025-04-02,2985.52,electronics,0.253,card,0,6,0.667,tier2,0,4,evening,0.5362129046914219,0.025,0
3de369a3-901b-413d-8691-8b2b314dfb4b,5b7e60b7-5f6e-4fbf-93f0-59b97110d877,2025-01-24,917.27,fashion,0.187,COD,0,5,0.088,tier2,1,5,morning,0.13254072284680365,0.5095,0
fc17b229-c39a-423a-a3c0-679224075acc,4c19ca15-e9d8-445e-9a4a-ef49bd34d343,2025-10-21,1966.87,fashion,0.427,COD,0,28,0.157,tier2,0,4,morning,0.24706696213115537,0.1193,0
32a7cf0d-a352-47f6-8283-61a545c056e9,7ac50be3-7d5d-43cf-b103-1bd15ed90d91,2025-03-10,2057.54,beauty,0.024,UPI,0,7,0.172,metro,0,1,afternoon,0.16177634634701885,0.0361,0
8cd96bf9-66d3-4562-a22d-43a0f755a408,82b5cfde-f550-4737-af56-7ae9f8488101,2025-04-25,1605.95,fashion,0.721,COD,0,4,0.372,metro,1,5,afternoon,0.3753463445849248,0.5009,0
b73ae049-32a2-41e5-8488-b53f95fb786b,cf09efdd-9b76-468d-becb-ce883bda3a35,2025-02-24,1743.87,fashion,0.113,UPI,0,3,0.134,tier2,0,2,night,0.1551769252887446,0.0319,0
8bee1598-d93a-408e-9a52-f8eaf0472805,6e0b40ae-3355-4ebd-8391-a0db219b68ba,2025-05-03,1950.93,grocery,0.187,card,0,3,0.418,metro,0,2,afternoon,0.278455179805805,0.0543,0
385b8fa6-7b9d-4bb4-992b-b41cdc3d2181,4418d08b-233e-4e80-a916-7446f03e9dbf,2025-05-27,1743.52,fashion,0.226,card,0,2,0.305,tier2,1,2,evening,0.17267604750076926,0.2867,0
da1076b5-6560-440e-9aa5-e829efbdc2db,13305eb5-fa9e-4ad0-82e5-51bd1825bb0e,2025-06-12,250.0,fashion,0.188,COD,0,24,0.113,tier2,1,2,morning,0.06015710717930573,0.4107,1
4bd45292-dc1c-4222-b4ee-f703b3f2febd,80cef85a-5938-4801-9fa5-9b6c0de0cc08,2025-01-14,1942.21,electronics,0.26,COD,0,19,0.15,tier3,0,3,afternoon,0.2042925306906814,0.1512,0
d1b22561-77ce-4e74-b646-9f4c3c3643ce,6dcbc337-b789-4bd9-a661-20e6aae5f28e,2025-01-03,397.76,beauty,0.32,UPI,0,6,0.112,tier2,1,7,evening,0.13102794820675195,0.1409,0
f6dbdbf2-64c7-4222-92fd-edc13822ff2b,915abb39-22d8-45e0-a5b6-a6320aeb6892,2025-02-04,613.18,beauty,0.248,UPI,0,10,0.286,tier3,0,4,evening,0.2732031279049196,0.0919,0
80c3e7a1-e3e9-4cb5-8bf2-3dbda7113f71,3f175ef7-cb46-404c-ae55-2d22b3544172,2025-01-25,763.89,grocery,0.554,COD,0,34,0.0,tier2,0,6,evening,0.048627470043128354,0.0925,0
66827bdc-d96a-4a24-9ed7-afc6ccdcb1b2,1f06f63a-b4b1-4b03-bfcd-0334b93f8852,2025-06-24,348.02,fashion,0.254,COD,0,7,0.201,metro,1,3,morning,0.07981520295766234,0.335,0
87e74386-5ad9-44ba-a93b-5cc54c7d6008,2b6f7b91-8644-4001-be0d-167dfe018e72,2025-06-18,306.66,beauty,0.039,COD,0,4,0.501,metro,0,5,afternoon,0.4600954461872477,0.1981,0
bec2f7ed-66a0-4890-8b27-4cdb719f2512,9aa571df-aea2-47de-b06c-0ea67f546c81,2025-01-29,276.7,electronics,0.241,card,0,12,0.262,metro,0,3,morning,0.23081817084314912,0.1062,0
c8ad0d8b-adc7-419a-8117-eb4341e01546,4942d716-fa51-452f-aeaf-c11d692c023b,2025-10-23,250.0,beauty,0.286,UPI,0,3,0.147,metro,0,1,afternoon,0.19943866470802457,0.1041,0
465e51cb-026b-414a-a647-4a9ba08e372b,c098bafa-20a7-4c6c-9fce-d433c8e83be7,2025-07-05,862.31,home,0.698,COD,0,26,0.265,tier3,0,4,evening,0.27580452681496,0.4549,1
5cd95bf1-2382-4db7-8c6d-59648c5593cd,ab402b2b-f644-4050-9b7a-256960a2b70d,2025-03-09,886.06,beauty,0.314,UPI,0,11,0.327,tier3,0,6,morning,0.2537284053397563,0.1008,0
2d78e763-2e0b-4ef1-a2b3-8bfd7eeec4de,939f477a-622d-443e-a4ab-1b6fbd126f85,2025-10-03,1391.11,fashion,0.27,UPI,0,6,0.543,metro,1,4,night,0.46524312849146254,0.3334,0
dd851a46-1dd4-44a4-9a77-1ff195e8f6ae,896a9142-c32d-4e97-8656-8e4c80bb0c0e,2025-07-02,498.35,grocery,0.163,card,0,11,0.092,tier3,0,7,evening,0.09634270484326586,0.0083,0
c691d072-5be2-48cb-8727-1f7185360ab8,cba1f52f-9905-4405-b96d-4c622c0b248e,2025-03-21,2305.14,beauty,0.464,UPI,0,22,0.557,metro,0,2,morning,0.4451782602422671,0.0947,0
78a5c098-51b4-405e-b961-393315d485b6,b2260d18-fffa-4383-9ce1-cdafe986cab2,2025-05-28,412.07,electronics,0.062,netbanking,0,36,0.448,tier2,0,1,afternoon,0.4468118022423648,0.0304,0
0ee996bb-2972-4eaf-a7f6-3d27b2e14328,a34065c0-8e17-4d75-85a2-be877fdabce0,2025-08-01,995.59,home,0.208,UPI,0,4,0.418,tier3,0,4,afternoon,0.2384500662905658,0.0822,0
cf4377ae-1628-4c25-9b6c-0144dad6f944,babfffb7-a46f-4276-be6a-05750fb04212,2025-03-21,2153.74,home,0.25,COD,0,3,0.215,tier2,0,5,afternoon,0.07820534188507672,0.1296,1
14820890-6b7f-429e-bbea-fa7702bb537a,2b07b584-d1aa-4d4c-8a54-d972e2975ecf,2025-02-01,1537.35,fashion,0.513,netbanking,0,5,0.076,tier3,1,4,morning,0.12972182350309738,0.2348,1
0b4aa0b3-fcde-46d3-a959-772a16b5c4ef,183731f0-c4f7-459f-b6fe-03d481d1dc2b,2025-02-24,1017.39,electronics,0.508,UPI,0,12,0.219,tier2,0,7,morning,0.3251850941589013,0.1111,0
191a1df0-fbe7-4ae6-a041-6e497db1c3ce,87699cd8-cca3-418f-9a3e-144a0cbaca68,2025-03-18,3140.69,fashion,0.387,COD,0,13,0.049,tier2,1,1,evening,0.05655306904883348,0.3843,1
12cc2c89-72a4-4b15-bfe7-5ae6d247e3f2,1693f3b2-ec12-4a50-8570-8484c8516494,2025-05-13,13956.93,electronics,0.261,UPI,0,1,0.361,tier3,0,5,evening,0.36385813299321307,0.0278,0
0cc7ca67-e7d9-4650-ac35-e473f6c39c01,5f5314c7-cefe-45fd-a710-e0c0948777d5,2025-06-25,250.0,home,0.218,COD,0,3,0.0,tier3,0,7,evening,0.03696830256968456,0.1431,0
875563ec-02a3-4e45-b168-aeb62bbf03e1,eded4543-f459-492f-b7c0-129218916835,2025-07-25,2093.12,fashion,0.263,COD,0,3,0.382,tier3,1,5,evening,0.3758845675178493,0.4172,0
4e3c7a57-45d0-4f60-a21c-128766e565bb,dafa4cb3-c022-4df8-a53f-f33eccbb2af0,2025-09-29,1189.1,fashion,0.501,netbanking,0,20,0.268,tier2,1,4,evening,0.21055725528180214,0.2962,0
4563fa51-d0f5-4093-80af-043ea7e0bc88,b732b9b1-5184-4f45-af4d-630b007d8b56,2025-06-21,1500.84,electronics,0.42,COD,0,20,0.379,metro,0,3,afternoon,0.3974441051585353,0.2186,0
75af28a3-9261-4af3-9f4d-76dd18b9525b,1af574e3-1cf2-4f6f-9cae-ab5630dd0840,2025-10-04,351.87,fashion,0.57,card,0,9,0.335,tier2,0,3,afternoon,0.3900564499123696,0.259,0
44d0ec0b-9deb-4b44-8e60-d7ba86f39705,b7cf8b3e-8cbc-41b9-b7a4-c29693d32968,2025-01-25,5611.36,electronics,0.149,UPI,0,11,0.432,metro,0,2,morning,0.23865381601921165,0.0707,0
dce3e11b-06d1-453a-8388-c3bdde824d36,866a73ad-aed0-45a7-8aa9-0f977637a9ea,2025-01-03,3137.2,fashion,0.639,COD,0,3,0.282,tier2,1,2,evening,0.16757657415686808,0.6812,1
3795e00e-c9e8-4616-86bc-c510512749d9,9624258c-4f43-4c23-8a52-ae3657722b57,2025-05-01,1463.14,beauty,0.358,card,0,24,0.366,tier3,0,3,afternoon,0.4134664929263236,0.2796,0
95fdcaa6-1ea5-4c52-badb-34ae9a572e31,7fcf9fd9-1923-484a-922c-09c4375a580f,2025-07-22,714.38,beauty,0.37,COD,0,1,0.389,tier3,0,5,morning,0.44930858167455523,0.4459,0
61eb4e93-8dfc-4343-9dfe-136dbcfb2d35,ec513aca-b3ea-457e-b9fd-46a0fbbd0108,2025-07-19,5511.92,fashion,0.437,netbanking,0,34,0.08,metro,0,5,evening,0.19762424986659227,0.0649,0
a4747e5e-8190-4c34-b7bc-ea37654aac86,098b5a6e-c876-43e4-824f-138cbaa1bdf9,2025-01-15,1177.1,electronics,0.325,COD,0,5,0.467,tier3,0,2,evening,0.4187693037372645,0.0709,0
899fb09f-5245-4346-9394-f8be9341d2b2,b62d8ee5-64d8-45e2-95a1-1770fbb6732e,2025-08-09,682.87,home,0.594,UPI,0,4,0.201,tier2,0,5,morning,0.13269837554654837,0.1239,0
5488ba01-bedd-46e5-bd24-4aea3e52acb7,0b3125cc-29c6-4f20-b1ef-8890454bd85d,2025-08-24,1621.95,fashion,0.339,UPI,0,18,0.495,metro,1,5,evening,0.45454338905514596,0.2425,0
f7a63e26-f625-4312-8493-af47965b7e37,449b1507-3104-4df1-9015-9037467047d6,2025-06-19,584.72,fashion,0.469,UPI,0,2,0.088,tier2,0,3,evening,0.22077260281268474,0.1325,0
1f60d230-fef4-4c7e-af5d-b98e060da0a2,37407cb6-5b5f-4c6d-8d6f-fd7473362bdb,2025-08-12,492.19,beauty,0.048,UPI,0,6,0.406,metro,0,1,morning,0.24074547305735522,0.1162,0
4e905a49-3994-427c-b9cb-14c49c692720,50dc3803-1af4-4a0a-8917-ca0e73db20ad,2025-01-30,599.87,home,0.224,COD,0,13,0.339,metro,0,5,afternoon,0.3098477304837669,0.0936,0
a46265e5-a0ad-49e8-b08f-b059cb5b4fca,ca5d71f2-8cac-485d-885b-682d58b3db85,2025-01-05,3951.6,beauty,0.413,COD,1,0,,metro,0,1,evening,0.3342089746862077,0.5025,1
225ccd93-7291-4343-8465-eda14dd1179a,866a73ad-aed0-45a7-8aa9-0f977637a9ea,2025-01-16,3018.44,grocery,0.113,card,0,4,0.11,metro,0,4,evening,0.16757657415686808,0.0175,0
37eb7908-9eb2-4103-b7f9-4d790d1fb0a0,bd3c3573-0103-48f0-b2c0-b7ec007b2db3,2025-02-28,803.95,electronics,0.271,card,0,17,0.254,metro,0,2,morning,0.23310699843617838,0.0553,0
726baa38-c24e-4b17-9dbd-d41b08463fe5,d6fdc281-9e44-4959-9b10-94c0f2ca13ae,2025-01-16,1112.86,fashion,0.301,card,0,3,0.414,metro,0,3,afternoon,0.443593609971502,0.2201,0
e8acfa57-8ddc-4b19-a1d8-5c1a532e2ed5,0264a3d8-19e4-4ba6-8fef-821e2f029db1,2025-06-14,695.5,home,0.112,COD,0,12,0.167,tier2,0,4,afternoon,0.21082490652703922,0.0549,1
f75f677a-02a0-45b3-a935-193f1dc9b17b,03155ba3-cd3a-4a32-9885-eaa1d5a0f4a0,2025-08-31,253.79,electronics,0.617,UPI,0,20,0.489,metro,0,5,afternoon,0.4955830568370258,0.1671,0
e2cd07c4-6ef3-434d-b513-0dd3cd74be69,851bce31-8a60-458f-830f-b3f6e2bd61e1,2025-05-06,451.73,grocery,0.209,COD,0,1,0.433,tier3,0,4,evening,0.39222478041522824,0.062,1
92383758-5534-435d-8f31-e00a7744be8a,5a4e456a-7177-438a-a82d-59e0133f3eb9,2025-03-07,1299.64,electronics,0.368,netbanking,0,41,0.262,metro,0,3,night,0.23069756686430742,0.0655,0
c240f975-aa30-434a-ad80-f2367771556d,844e1cc6-38c0-44c1-8fb0-2171c4ac07a9,2025-09-29,276.31,grocery,0.485,COD,0,13,0.24,tier3,0,5,evening,0.09221080951028436,0.0811,0
f95bff5c-5067-49c6-a1e3-46a6b9a7a203,bd3c3573-0103-48f0-b2c0-b7ec007b2db3,2025-01-25,250.0,electronics,0.296,UPI,0,18,0.213,metro,0,5,evening,0.23310699843617838,0.0327,0
3d64fc35-51ab-420a-b104-485f438c66b4,aac29fe8-fe2d-4ea0-adb4-77c0791b38d7,2025-03-16,1723.21,beauty,0.16,UPI,0,1,0.271,tier3,0,5,afternoon,0.1701013638867513,0.0627,0
bd85931e-229f-49b5-af73-0a4c2643ec07,36d6b08a-5436-4a2f-83c2-120975d4be7f,2025-05-21,250.0,fashion,0.343,card,0,26,0.127,metro,1,4,evening,0.04915448350944119,0.168,0
90504894-0ae9-4b43-8dda-0fc096571d6a,22c2ba19-c5f8-4c06-b445-29833dc88d67,2025-03-30,1619.61,grocery,0.481,UPI,0,2,0.32,tier3,0,5,evening,0.31973660715339725,0.0637,1
e6495992-f690-4007-bb51-beb6f9bcf3dd,d75ae91d-eb1e-4bf5-befa-c638a8a4e706,2025-05-03,531.21,fashion,0.441,UPI,0,1,0.216,tier2,0,8,afternoon,0.21143427414909952,0.2941,1
09d8e7f3-af81-4db1-a260-a30d3dcfadb2,676c4a16-07aa-45fa-8ad1-17b29a2b6de4,2025-09-12,371.03,electronics,0.081,UPI,0,12,0.261,metro,0,2,afternoon,0.2901295476709541,0.1435,0
6b13701b-2761-40ef-8791-0848a1996f27,bdf5e5de-7033-4345-ac37-819738c0e957,2025-04-28,5450.32,home,0.282,UPI,0,32,0.274,metro,0,1,morning,0.2211439005048725,0.0229,0
e3f0c7e7-7b4b-49cd-98ed-90bd651b3cc7,3f175ef7-cb46-404c-ae55-2d22b3544172,2025-08-02,4510.79,fashion,0.363,COD,0,35,0.0,tier2,1,1,morning,0.048627470043128354,0.304,1
544588d8-3b61-462c-a903-dd9abca1aeff,6c361c11-ca46-4858-84ff-ccace7f3ec03,2025-06-12,1547.9,home,0.314,COD,0,12,0.236,tier3,0,3,afternoon,0.17298841463602524,0.2087,0
3de16a67-201b-46a6-8e3f-fce2c978854c,6dcbc337-b789-4bd9-a661-20e6aae5f28e,2025-01-13,4447.84,beauty,0.093,card,0,7,0.217,metro,0,8,night,0.13102794820675195,0.0219,0
5089a34b-de51-4ac5-8f34-5f7b6577fac9,e337d2a3-6032-4e1f-8ce4-a81121aa131e,2025-01-08,2908.45,beauty,0.188,COD,0,32,0.182,tier2,0,5,afternoon,0.2771725532528444,0.0516,0
2ace4966-7888-448a-bb84-3355e6c455fe,18ac91fe-d7d1-4831-a17e-7c06a5ec4af5,2025-07-27,271.42,fashion,0.671,UPI,0,8,0.357,metro,1,1,morning,0.24614417619698423,0.264,0
289c9f62-ebb9-4aed-b31e-815254bab5d0,896a9142-c32d-4e97-8656-8e4c80bb0c0e,2025-10-07,4232.14,fashion,0.351,card,0,12,0.106,tier3,1,4,evening,0.09634270484326586,0.1231,1
762130c2-8bec-4522-87d5-50c7d6227c52,b15097c2-354a-48aa-8b88-0fc27a70d24f,2025-10-21,3117.74,fashion,0.102,card,0,21,0.395,tier2,0,3,evening,0.35941268307576457,0.0737,0
859ab0fd-a38c-4ffd-9335-9752befa4ff0,6c56ea03-6f25-465a-8841-c114051cab81,2025-07-24,1449.2,grocery,0.312,UPI,0,21,0.266,metro,0,1,morning,0.29048499029100583,0.0117,0
d231e741-31d5-4468-a929-e272e860b74a,5a4e456a-7177-438a-a82d-59e0133f3eb9,2025-05-05,1196.4,beauty,0.217,COD,0,42,0.135,metro,0,2,evening,0.23069756686430742,0.1312,1
c70fa186-0665-4fa4-b151-f960eeeb9318,e0be4c42-c5d2-46e6-98a3-f57143c81929,2025-02-18,1257.11,electronics,0.322,COD,0,23,0.174,tier3,0,6,morning,0.23228588338828865,0.2004,0
9e39f258-5bb2-4366-acd1-8d22e03cf295,fd281fbb-79c1-45b3-9e12-038f990994d1,2025-07-17,346.55,electronics,0.329,card,0,11,0.094,tier2,0,3,morning,0.11826527161057414,0.0314,0
dc13998e-65c4-4b7b-8a76-f6085c5c5739,6c56ea03-6f25-465a-8841-c114051cab81,2025-10-24,1310.78,electronics,0.337,UPI,0,22,0.235,metro,0,1,evening,0.29048499029100583,0.0761,0
e33adcd0-3e1d-40b1-a08b-b172b3cc231a,1c72fd9b-a412-4c8d-8074-a48984ddf5a0,2025-07-17,11740.74,fashion,0.181,UPI,0,4,0.119,tier2,1,4,evening,0.11496764830095485,0.0139,0
4bfe5589-249d-40e9-9b04-bc4c92920e3a,7f892973-babf-4935-bab7-187b59d8b023,2025-07-03,681.78,electronics,0.29,card,0,25,0.27,metro,0,3,evening,0.2434169799043869,0.06,0
16298c79-6587-4433-86e9-c8f80225407f,6ee40732-6232-4eb1-8f91-0cda941780d6,2025-03-21,1236.65,grocery,0.312,UPI,0,3,0.405,metro,0,4,morning,0.37008993339073415,0.0305,0
61556e99-fd4a-44c4-a678-70bf73e749b5,c8799b6e-004c-411a-a115-82977ad530a4,2025-01-20,2502.61,fashion,0.039,UPI,0,8,0.365,metro,0,7,evening,0.20531948812490197,0.0922,0
ac184708-96eb-477f-b531-96a2504b3a07,078f9f9a-5da9-4764-b5e3-00ee1774a365,2025-08-03,3677.34,home,0.153,UPI,0,11,0.579,tier2,0,5,evening,0.5866676553486984,0.0918,0
e062b6ff-1656-421a-b659-06061d8d663f,879efc3e-a486-44ac-a9cc-29dca850ccc1,2025-06-14,2574.97,home,0.708,COD,0,16,0.21,tier2,0,5,afternoon,0.14849469586761202,0.3102,1
bc265072-106f-4db1-b2eb-fa4c3d07126f,6206c71c-e9de-45c6-abb4-00ba2310dd86,2025-10-13,285.12,fashion,0.279,UPI,0,4,0.554,metro,0,3,evening,0.44476856839523915,0.0641,1
142afbea-f094-4b0c-b27d-34d6fea55d21,b732b9b1-5184-4f45-af4d-630b007d8b56,2025-01-18,1008.94,fashion,0.189,UPI,0,21,0.535,metro,1,2,night,0.3974441051585353,0.2175,0
8ac9bc4e-5368-4082-9b4a-44c2c05cd4ae,57086f9c-0b28-4eb4-9beb-e6a656c5d362,2025-02-06,1214.7,electronics,0.145,UPI,0,3,0.199,tier2,0,6,morning,0.11716756530475335,0.067,0
6c2068c2-60d5-45d8-9d61-dbcfaba34e32,dcfad182-ea67-4ce8-8f94-95ff7e6444b1,2025-07-29,311.01,fashion,0.66,card,0,2,0.254,tier2,0,6,morning,0.2754386295631827,0.3776,1
287dba67-403f-46e6-a62e-667cfe83e70a,b732b9b1-5184-4f45-af4d-630b007d8b56,2025-06-08,876.3,fashion,0.655,UPI,0,22,0.503,metro,1,4,evening,0.3974441051585353,0.3126,1
076e0b3e-13ad-43fd-84a7-19cf25a6fe10,55d5bc4c-7c8a-442f-b65c-64ab85db7d38,2025-01-13,1179.68,beauty,0.144,UPI,0,14,0.287,metro,0,5,morning,0.32801543383093573,0.0343,0
961aef2e-cf1e-4977-a8d4-613562d63ef2,f798ef7e-e2a3-4c54-b902-894eaf540d62,2025-08-19,1966.71,fashion,0.473,COD,0,21,0.187,tier2,1,3,morning,0.21199326223067969,0.5837,0
1d5e8e15-d648-47a5-b832-9470a5d76221,6691be4b-2f05-471e-880b-641b361f736f,2025-04-19,2068.71,fashion,0.026,COD,0,29,0.33,metro,1,3,evening,0.2916477929418046,0.3763,0
04930dd4-3c6d-47a3-82df-102b09080e60,e66cf7c0-8110-437c-9ade-4119f3d89dfe,2025-04-14,827.22,electronics,0.138,UPI,0,3,0.442,tier3,0,6,morning,0.2828521239790615,0.0514,0
bb390f3e-4b38-4647-9a26-aa45cb265e10,36d6b08a-5436-4a2f-83c2-120975d4be7f,2025-10-16,3392.42,fashion,0.447,UPI,0,27,0.0,tier3,1,4,night,0.04915448350944119,0.0944,0
6d6123bc-d863-4e55-a745-3aaa37d0c0e5,f87f5cec-4cc7-4356-8a1b-5e82f142a0e0,2025-03-07,13403.71,home,0.582,COD,0,20,0.138,metro,0,3,afternoon,0.2242312963277271,0.0345,0
844e6fb3-b4a2-4858-8019-23d156197405,e0c7f018-d138-4b2a-8686-c7bc5a512a86,2025-04-26,2150.32,home,0.256,UPI,0,12,0.355,tier2,0,2,afternoon,0.32765833124561905,0.0464,0
67e8e5e3-d212-4f61-bd48-12c6c2341db5,d0180517-a118-4de4-8496-9566b882b94f,2025-03-23,909.89,fashion,0.279,UPI,0,4,0.17,tier2,1,1,evening,0.12664862946612027,0.2148,0
a5f7a518-2be4-44a9-b28e-61a0a02b4099,38384398-7058-4fd7-b01b-cbda8d50a490,2025-09-21,560.16,grocery,0.436,UPI,0,14,0.0,tier2,0,2,afternoon,0.12601617248198352,0.066,1
9e1fb482-b083-4664-817d-4a9cec7fdd1f,07a92d2c-8c2e-4fb1-85f3-8f78e6c7b100,2025-04-04,5507.84,electronics,0.123,UPI,0,6,0.47,metro,0,3,afternoon,0.4069919336009818,0.0125,0
9a4cf094-103c-40ec-97b9-c4bfa7298eab,61e68552-c2ac-46ab-b349-d5252a071eca,2025-04-20,3077.5,grocery,0.11,COD,0,23,0.171,tier2,0,3,evening,0.1913603605753747,0.0408,0
e0140211-a2c6-404c-afed-72a4ad23ad8b,a57e7b9d-8c19-4dbe-8680-750823217ffa,2025-04-20,549.48,home,0.478,card,0,3,0.0,tier3,0,7,afternoon,0.06133481491675551,0.0768,0
f7dad4f8-dbd0-46ae-acec-b526c12c9bf7,f798ef7e-e2a3-4c54-b902-894eaf540d62,2025-04-12,453.1,home,0.393,COD,0,22,0.253,metro,0,6,night,0.21199326223067969,0.3529,0
d08fa87d-68e2-4925-b647-7b5f5c282f78,bd3c3573-0103-48f0-b2c0-b7ec007b2db3,2025-07-10,2364.49,fashion,0.243,UPI,0,19,0.277,metro,1,1,night,0.23310699843617838,0.2345,0
b6248ac6-2cce-48e1-bba1-6d11c46e9f8f,91d9555b-1d4d-4f40-aeaa-eb332e280fbc,2025-02-05,1178.55,fashion,0.613,COD,0,7,0.277,metro,1,2,evening,0.15808045554802053,0.4221,0
90a3b36a-4df5-449c-ad85-3868fb96af04,3a9ae1d4-9f82-4e24-94f7-19e95fba3930,2025-06-02,532.99,electronics,0.595,COD,0,1,0.252,metro,0,3,morning,0.3017312798128869,0.3519,1
382d44be-9d8f-42c2-b157-b5cbdd972017,eb671c1e-81f6-496c-b68d-49ea47acde37,2025-08-22,3858.05,fashion,0.148,COD,0,21,0.263,metro,1,2,evening,0.18608348760507418,0.3732,0
6badfa73-0cd5-4335-a4fd-b2b9175d83dc,21f3a00d-b7f7-4e5c-b2c7-c83a760cc691,2025-07-13,14655.24,grocery,0.358,UPI,0,7,0.0,tier2,0,1,afternoon,0.07293918209014336,0.0028,0
f546f06a-29c6-467e-b46d-d7ff708f4b65,dbdf1969-e161-463d-b520-08e2df0434e9,2025-07-08,2985.48,fashion,0.405,COD,0,2,0.384,metro,1,4,afternoon,0.3820936747712913,0.5687,1
dde501a3-76d1-429b-9f9a-9ee6d5bd45d2,449b1507-3104-4df1-9015-9037467047d6,2025-08-29,7108.99,beauty,0.407,COD,0,3,0.262,tier2,0,1,evening,0.22077260281268474,0.0602,0
020b43c5-e417-48db-818d-1cc12aa4d8e9,fd6cccad-5f4f-45ca-8142-59059b87515b,2025-03-05,469.88,beauty,0.367,netbanking,0,37,0.126,metro,0,3,morning,0.2595265118239566,0.2118,1
85ef35ee-232b-4f1f-bbf9-2da14b02a705,bd1084dd-629c-4150-a764-2ccea032f578,2025-05-09,1782.63,home,0.256,card,0,23,0.39,metro,0,3,afternoon,0.21989011196511407,0.063,0
6a87ade3-cd11-4fa5-8a38-453e0131120b,fd6cccad-5f4f-45ca-8142-59059b87515b,2025-07-12,4337.33,fashion,0.217,COD,0,38,0.364,metro,0,1,night,0.2595265118239566,0.3216,0
de2c9dac-672f-4cd2-99e6-3377d3d3cfb2,939f477a-622d-443e-a4ab-1b6fbd126f85,2025-10-16,581.75,fashion,0.207,COD,0,7,0.581,metro,1,5,afternoon,0.46524312849146254,0.4429,0
40ba1084-fa54-45e9-aa7f-ed3a4a8e0af9,cdfac639-c4a1-4655-be5a-2d787e76f71c,2025-09-30,625.78,fashion,0.566,UPI,0,27,0.082,metro,1,2,afternoon,0.18576378008237582,0.1122,0
5cc83ae1-0ed1-46f5-a440-a6267d1f07f1,eb671c1e-81f6-496c-b68d-49ea47acde37,2025-09-25,858.03,beauty,0.582,COD,0,22,0.245,tier2,0,4,evening,0.18608348760507418,0.3935,1
9542a1ad-110f-46e0-be3c-6f6a3887e0be,8072997b-4154-420b-b82c-3e57d37444e3,2025-09-18,4061.5,electronics,0.347,UPI,0,10,0.377,tier2,0,2,evening,0.2676344641423701,0.0307,0
b9ff1349-dff0-40da-b669-720eeee84479,b15097c2-354a-48aa-8b88-0fc27a70d24f,2025-01-17,1421.02,electronics,0.098,UPI,0,22,0.214,tier2,0,4,night,0.35941268307576457,0.0265,0
2323e47e-2a86-4e42-93cf-76b516873051,6c56ea03-6f25-465a-8841-c114051cab81,2025-08-18,565.59,fashion,0.243,UPI,0,23,0.126,metro,1,3,evening,0.29048499029100583,0.1917,0
7ebcd820-ec27-41dc-a950-43e8a0f4fe94,84f798c4-c576-4100-9357-d92419324080,2025-08-28,452.56,grocery,0.372,COD,0,7,0.104,metro,0,6,evening,0.032458508417533755,0.143,1
dd772338-e8a4-41d6-90ec-2062db5a1268,7577f5f5-f434-4ba2-be8d-bc819a90aa7d,2025-06-24,2604.45,fashion,0.386,card,0,22,0.225,tier2,1,2,night,0.12936071938754626,0.2368,0
a763873e-fec4-412d-9631-03fca3ab6dac,e5d01c68-31b5-4079-a0a7-41284064b09c,2025-05-15,3922.96,fashion,0.321,COD,1,0,,tier2,1,1,afternoon,0.485421923475875,0.7584,1
32e195ee-93ed-4dbc-a7ad-30423b55078e,eaeed0dd-7e1c-4258-9fdd-9985ad3d359d,2025-04-14,891.59,electronics,0.144,COD,0,9,0.339,tier3,0,2,night,0.3269451502115473,0.1498,0
053ffd82-4907-4faf-b3d9-35a588d8958d,e46f6f26-c239-4aa1-9c65-1209e9e43c60,2025-06-09,254.69,home,0.176,COD,0,15,0.447,metro,0,2,night,0.24597285000833133,0.3439,1
e12806f0-f55e-4928-97d1-335a811d3bf4,a853efee-ff59-4993-bc61-f78068b52bd2,2025-05-27,1154.45,beauty,0.266,UPI,0,4,0.127,metro,0,1,evening,0.11173338786746698,0.0891,0
dbb996d9-8530-4877-8490-9e7514003cb6,e0be4c42-c5d2-46e6-98a3-f57143c81929,2025-09-03,2667.72,home,0.141,COD,0,24,0.219,tier2,0,5,evening,0.23228588338828865,0.0664,0
aad66d8a-a85b-444e-bd75-1ce21fb0ea1c,c8799b6e-004c-411a-a115-82977ad530a4,2025-02-13,1310.65,beauty,0.342,UPI,0,9,0.109,metro,0,3,night,0.20531948812490197,0.091,0
441ac5f5-8173-4afb-9c8f-6f7ebea085f9,47cb53b5-07a8-4133-916b-09b281c51f88,2025-05-15,4489.01,home,0.108,UPI,0,8,0.326,metro,0,2,evening,0.35614412579298554,0.032,0
fd1a55bd-fb80-4d41-9b16-e5a34a82e760,0264a3d8-19e4-4ba6-8fef-821e2f029db1,2025-04-17,725.59,home,0.269,card,0,13,0.401,tier3,0,5,morning,0.21082490652703922,0.0677,1
59ba3e61-312e-458f-9281-ed620b89fc55,d596400c-df68-43d6-b3c8-a83404e74fde,2025-05-12,552.17,beauty,0.262,UPI,1,0,,metro,0,3,night,0.3808935371788415,0.2318,0
fad51d62-ff15-46f1-9754-af08e0d72416,6d943111-c6e7-4f72-bbef-d921725cad88,2025-07-22,1447.27,electronics,0.588,UPI,0,3,0.208,tier3,0,4,afternoon,0.1822357329755217,0.1201,0
df85ac5a-f615-4089-9122-efd6f9fc6f46,f511f812-b332-434e-84ac-a8d69f0d2875,2025-01-30,250.0,home,0.27,UPI,0,22,0.201,metro,0,5,evening,0.1091421274751211,0.0844,0
9f71efa6-7d9f-4009-bc09-16e1d112e49f,3c199261-e6e2-42ad-b4e0-535e7eb5a1c0,2025-08-05,745.83,fashion,0.007,COD,0,9,0.355,tier2,1,4,morning,0.3389478327833424,0.2541,1
48e4f686-e235-4357-b455-a70fa35f7af3,8e026cd5-66a9-4e6d-a84e-003050b8f814,2025-04-01,461.77,electronics,0.32,UPI,0,4,0.121,metro,0,3,afternoon,0.170527023331992,0.0119,0
347e544c-143b-486d-b4d5-ef0f063b708a,928114f7-f956-485a-b601-6b40b48c18d7,2025-02-17,723.13,grocery,0.259,COD,0,21,0.058,tier3,0,4,afternoon,0.29038571770418864,0.0705,0
32f3ec6b-eed2-4e5e-ad82-60ffaa225329,ef114af5-d327-4f43-b130-12fc88eb3ef9,2025-01-24,675.34,beauty,0.45,COD,0,5,0.172,metro,0,4,evening,0.19519031892731586,0.1996,0
3e701976-752d-4843-839f-2318e04588a2,20c3bc53-c556-453e-87c4-1db6d047a4fe,2025-10-10,1468.04,home,0.436,COD,0,5,0.102,tier2,0,4,afternoon,0.1036324280316437,0.2284,1
2e2ac1bd-5f1b-4aeb-a635-711c51f428d5,c4b063a5-b106-4a12-9500-549faae0252c,2025-05-08,1167.34,fashion,0.194,COD,0,2,0.003,metro,1,3,afternoon,0.05810633967327533,0.0713,1
ac6580cb-5d63-4356-b656-d9bf8ce308fa,661b6342-8159-4ab2-8a97-b733bb008aa6,2025-08-09,5712.48,home,0.167,COD,0,5,0.0,tier3,0,5,evening,0.07875622019451736,0.1005,0
83651ade-0c6a-42db-81b0-ea4d4f33028d,cd41d912-6dd3-48f5-8321-ab579b72c57a,2025-04-09,469.48,grocery,0.081,card,0,20,0.266,tier2,0,1,afternoon,0.1561219227039281,0.0369,0
577de3bb-8d74-4958-b3bb-20b72bde4b1d,bd1084dd-629c-4150-a764-2ccea032f578,2025-10-27,1682.89,electronics,0.269,UPI,0,24,0.125,metro,0,6,evening,0.21989011196511407,0.0746,0
feea2c97-0f77-46ed-940f-9aa707c79577,ac0ed3da-6d79-4329-959d-5629884008b4,2025-02-05,1421.22,electronics,0.092,netbanking,0,5,0.011,metro,0,2,evening,0.04633846991413163,0.0336,0
0d55609e-a663-43b5-a410-eccd14b198d2,72cb42d3-62b2-4036-9300-940e8c49efed,2025-02-02,755.8,beauty,0.421,netbanking,0,6,0.135,metro,0,2,morning,0.26860084009967505,0.045,0
0cd0bfe7-a3ed-4fc4-99d3-87c5a8041641,fd6cccad-5f4f-45ca-8142-59059b87515b,2025-02-18,2984.22,grocery,0.426,COD,0,39,0.281,tier2,0,5,evening,0.2595265118239566,0.0541,1
52938c73-299c-41a1-a944-ec2d18cf8341,bdf5e5de-7033-4345-ac37-819738c0e957,2025-09-10,1292.46,grocery,0.161,COD,0,33,0.118,metro,0,6,evening,0.2211439005048725,0.0567,0
a0260ead-1bcd-4ad4-b459-e90d777d99e4,c776ba30-a353-491b-963c-d4935829686c,2025-01-11,14177.85,fashion,0.126,UPI,0,4,0.207,tier2,0,2,afternoon,0.2445339867991523,0.0126,0
3d73be13-aa7f-4d55-bfa5-9d285ee08a26,f87f5cec-4cc7-4356-8a1b-5e82f142a0e0,2025-04-10,3773.99,home,0.372,COD,0,21,0.197,tier3,0,2,night,0.2242312963277271,0.1045,0
e41c19c0-9001-4313-915b-bbcda8313fcc,a3c6430f-e9eb-4c47-9359-730c9e42a716,2025-07-14,993.75,grocery,0.195,UPI,0,3,0.408,tier2,0,2,night,0.3571737769623766,0.038,0
19e9d54c-d8eb-47f4-9c2e-4790f5360eca,61ae023e-6ada-495e-a057-0f2fa2e1887b,2025-07-03,3103.6,fashion,0.041,UPI,0,4,0.0,tier2,0,6,afternoon,0.10073875282927403,0.075,0
3c5e4c54-b30c-47e7-bb20-7d30b161fa35,f91b87e4-35a7-481d-96ba-a679feba54f3,2025-08-16,2448.01,beauty,0.194,UPI,0,19,0.14,tier3,0,7,night,0.05881659853496958,0.0956,0
dd9f5246-d00f-4291-957f-7a76ea0b7e98,cd9d8125-8011-4465-92dd-50bd06de23f3,2025-02-08,1881.64,grocery,0.363,COD,0,14,0.397,tier2,0,2,evening,0.46001324343588723,0.1262,1
87052013-b374-4344-93db-ef7608787eea,14e9a40c-48f4-4b52-8121-a603990cd08e,2025-07-25,1025.71,electronics,0.257,UPI,0,6,0.546,metro,0,3,evening,0.5997722687005431,0.0927,0
fdb4853f-84a8-4ba0-bce4-a7983ff1e305,d9af91f9-8feb-4cae-955d-0a0db9627211,2025-02-14,2139.92,fashion,0.123,COD,0,3,0.148,tier2,1,5,evening,0.18270874579895838,0.2896,0
c18e9a9b-9628-4e4d-9d29-b3d35ef4b899,ab402b2b-f644-4050-9b7a-256960a2b70d,2025-07-25,1598.95,fashion,0.487,UPI,0,12,0.171,metro,1,5,evening,0.2537284053397563,0.2844,0
fbe8c5e9-6622-42b1-ad5d-f50b281fb4da,04b89a3b-d082-4664-972e-b40c6268b46d,2025-01-02,830.31,fashion,0.201,COD,0,12,0.154,metro,1,3,morning,0.24939791763606534,0.4212,1
0ff8fa14-f004-45e6-9b54-2edd33a18bee,c6bd3ced-8dfd-418f-9676-7701c939761a,2025-06-26,796.37,grocery,0.59,card,0,5,0.167,tier2,0,2,evening,0.0851383244395845,0.0295,0
5b426092-d4a9-4216-8a75-cad587455441,028480f1-b690-48c0-b047-37a7c3708214,2025-10-23,2331.4,fashion,0.063,UPI,0,3,0.608,metro,1,1,afternoon,0.5692182601492508,0.4309,0
cb8d889e-efbc-4a3d-b450-0b18ea9ea6c7,2a199d42-4b29-4a69-bdae-61711686d721,2025-01-04,6005.52,electronics,0.262,UPI,0,4,0.609,metro,0,4,evening,0.5280280326519072,0.0926,0
dc0af51c-26d4-4a8f-a39e-f8eac25440b5,76e3ab4e-0d33-4910-81b9-f0f04685b7d6,2025-01-19,2102.34,electronics,0.289,card,0,14,0.216,tier2,0,3,evening,0.06842336486313001,0.064,0
f5810929-b509-44d3-ba41-49a996a1ad0e,530bbe2d-ad3a-48f9-bc50-6461db39ef79,2025-05-19,16455.06,fashion,0.097,card,0,23,0.42,metro,1,4,morning,0.5144941083307562,0.0459,0
882f6472-a864-4b93-ac9e-b9227252321c,afbedcf2-f5d0-441d-8f1d-dff0523a9d8e,2025-09-20,2587.3,grocery,0.211,UPI,0,18,0.01,tier2,0,5,morning,0.08979930230446,0.0184,0
34f8b079-1320-465d-a739-934d1b282b21,042114ba-2015-4395-8c1f-64edd9aab6a1,2025-08-29,467.48,fashion,0.23,UPI,1,0,,metro,1,2,evening,0.37695444338103923,0.3402,1
28cb94cc-dd13-4005-9428-0d6afbcbe8db,82715f5b-0eb8-4809-b878-05fd95a15158,2025-10-27,343.67,electronics,0.224,COD,0,13,0.032,metro,0,4,afternoon,0.021184252375003435,0.1634,0
7feb9ca0-9de9-429a-a123-f1787f2fb5ac,264713e0-0ea7-4880-9795-f6f977d4d71c,2025-03-24,250.0,electronics,0.333,card,0,17,0.111,tier2,0,6,morning,0.1503348970823547,0.0868,0
bfa869a0-93dc-435a-aa86-f0497234a0ef,64e412e8-0202-422c-955b-a7485b7b68e3,2025-02-15,1098.02,electronics,0.041,UPI,0,5,0.276,metro,0,1,night,0.10949310651314134,0.045,0
2be00151-1532-481d-9fe4-0b0bc99954e9,cdfac639-c4a1-4655-be5a-2d787e76f71c,2025-06-07,696.17,beauty,0.051,UPI,0,28,0.21,tier3,0,5,morning,0.18576378008237582,0.1646,0
afe82328-9b01-44cf-a78b-6c77929b773a,1a23a683-c22e-476b-84ea-7de5efdd8f6f,2025-01-03,256.72,beauty,0.75,UPI,0,10,0.166,metro,0,2,evening,0.23076225353726293,0.07,0
e17ba3b3-99a5-48cf-b805-b8336a61dff6,957f8462-6bb6-488c-8360-f0a6cde9bfec,2025-01-27,1760.18,grocery,0.331,UPI,0,12,0.208,metro,0,3,evening,0.20154150931374812,0.0317,0
08bb4fad-ed96-47d5-834e-7bd13990d5ac,e337d2a3-6032-4e1f-8ce4-a81121aa131e,2025-01-15,7888.44,fashion,0.365,UPI,0,33,0.184,metro,0,4,afternoon,0.2771725532528444,0.0269,0
b8ceab74-b07e-4871-bca5-6542db6ea8d4,31ff0d71-1021-4137-a652-0909a72704a8,2025-03-18,971.86,home,0.58,UPI,0,13,0.382,tier2,0,1,night,0.3745706193331196,0.1402,1
31bbabc2-2462-4869-90ff-c7464fc191c1,693e7dd3-5142-469e-9cb3-7ddfc54d5ccb,2025-08-28,439.73,fashion,0.082,netbanking,0,3,0.11,tier2,1,6,evening,0.06840185073953457,0.1304,0
a9b90eb7-17a1-487e-be91-c850a8cb4b80,04b89a3b-d082-4664-972e-b40c6268b46d,2025-05-23,484.2,fashion,0.339,COD,0,13,0.269,metro,1,4,evening,0.24939791763606534,0.6498,0
c34fe951-0155-47d7-b9b8-124203fe0340,31ff0d71-1021-4137-a652-0909a72704a8,2025-05-17,3658.74,fashion,0.331,card,0,14,0.36,metro,0,7,evening,0.3745706193331196,0.1663,0
fb7e058c-7285-43e7-bf05-9756c2f394e6,9624258c-4f43-4c23-8a52-ae3657722b57,2025-06-20,263.93,fashion,0.157,COD,0,25,0.442,tier2,1,5,afternoon,0.4134664929263236,0.5418,0
111bdb21-2db4-41f1-bf85-429892fb3cbe,62c57df5-411a-4722-a64d-b9f882580279,2025-04-10,1113.36,fashion,0.123,COD,0,3,0.09,tier2,1,4,afternoon,0.0723604930788396,0.166,0
e76986ed-53a2-49fa-912a-e40ff4e58aa8,3f175ef7-cb46-404c-ae55-2d22b3544172,2025-03-02,2046.18,fashion,0.399,card,0,36,0.094,tier3,1,5,night,0.048627470043128354,0.1743,0
3f5e9ec4-a16e-4da4-889f-6db3591a68b6,dafa4cb3-c022-4df8-a53f-f33eccbb2af0,2025-09-23,2235.41,fashion,0.224,COD,0,21,0.202,tier2,1,4,evening,0.21055725528180214,0.3226,0
1f2f7d15-952d-4904-8178-ef2570019688,f0c7ab6b-10cb-48c3-9fb0-8bedeaaada61,2025-08-03,1177.06,fashion,0.175,UPI,0,4,0.374,tier2,1,4,evening,0.38183286991587256,0.2699,0
faf51dbf-798c-4043-9f4e-1672eabf1f0c,412fdcc8-a20c-4ee8-986c-d10d8bf4a971,2025-03-14,2029.79,fashion,0.222,UPI,0,9,0.666,tier3,0,4,morning,0.6645072620284929,0.1887,0
febf2854-919f-4743-975a-e1e22950e1bd,fd6cccad-5f4f-45ca-8142-59059b87515b,2025-10-10,569.44,beauty,0.27,card,0,40,0.241,tier2,1,4,evening,0.2595265118239566,0.1492,0
a7fc24e6-30a2-4331-8beb-c83df375c2f9,51c62a9a-f387-47be-9870-79041d5914ef,2025-06-02,996.26,home,0.404,card,0,7,0.126,metro,0,3,night,0.10839420542924075,0.0154,0
7cb278e3-3612-4b3b-94b3-fc6480f7043f,9cfbe601-0322-4c7f-a8fc-089374a870d3,2025-06-16,3395.99,home,0.225,UPI,0,19,0.288,tier2,0,5,afternoon,0.2677657562695904,0.0884,0
d47685cd-48a2-4521-82cd-5a711cb7677b,706509ac-1c21-4830-bf5f-7a48ed377c6a,2025-05-19,1825.24,beauty,0.302,card,0,8,0.204,metro,0,7,evening,0.21026090580847182,0.0446,0
b30873e6-9b41-4bf9-acc6-ee9fcad02b6e,02a9477e-48f9-41c5-b992-a167ea1cd57a,2025-04-17,2862.69,grocery,0.218,card,0,16,0.248,metro,0,3,evening,0.26357426902472036,0.0122,0
798c4dfb-7c7b-4cfa-b6d3-a7b1f738a3e0,fece3053-752e-4f5a-b715-c3d8cb10cde7,2025-01-10,543.7,fashion,0.18,COD,0,16,0.325,tier3,0,7,evening,0.2486017792851423,0.5019,1
caf03938-e9a6-4fbc-977d-13d3ab154e4e,e337d2a3-6032-4e1f-8ce4-a81121aa131e,2025-09-03,956.89,beauty,0.149,COD,0,34,0.21,metro,1,4,night,0.2771725532528444,0.3929,0
e593412b-9b61-47eb-8223-f0b64cb03ea0,57c29481-3bfa-4690-879f-2cab6c2fd05a,2025-04-16,333.23,home,0.204,UPI,0,12,0.235,tier2,0,5,morning,0.1838032082155034,0.071,0
0b2ec573-8d53-4d84-a58c-726ef5489be9,c098bafa-20a7-4c6c-9fce-d433c8e83be7,2025-09-26,2527.79,electronics,0.201,card,0,27,0.253,tier3,0,4,afternoon,0.27580452681496,0.0612,0
a57f2636-e269-4079-9194-2f62efb83810,cd41d912-6dd3-48f5-8321-ab579b72c57a,2025-05-16,504.49,electronics,0.081,netbanking,0,21,0.191,metro,0,6,night,0.1561219227039281,0.0739,0
13d0df13-4284-43dc-9306-940e6a3fe330,a08bc761-e2d2-46cc-952a-3d23d15d5fac,2025-08-03,525.87,electronics,0.563,card,0,19,0.369,tier2,0,1,night,0.30018529874356914,0.0265,0
1873443a-b483-40d6-b2c2-337018e363f1,8975f922-81ed-4d18-b7b8-80f64c0d33a4,2025-01-17,771.97,fashion,0.317,COD,0,5,0.066,metro,0,3,evening,0.16694172135754215,0.3439,1
8ec78260-d763-4727-a880-2850d8e44028,b48b45a4-753f-4ba5-b83c-ddf1c5e444e1,2025-01-13,1671.75,fashion,0.327,card,0,10,0.444,metro,1,4,morning,0.419905690979168,0.0855,0
13671a8f-e082-4850-84ee-d46ca4a47e13,13305eb5-fa9e-4ad0-82e5-51bd1825bb0e,2025-03-04,4865.02,fashion,0.205,UPI,0,25,0.131,tier2,1,2,morning,0.06015710717930573,0.0867,0
1b67378d-82a3-4af5-9020-120cfe6e73a8,13305eb5-fa9e-4ad0-82e5-51bd1825bb0e,2025-04-16,387.05,electronics,0.218,UPI,0,26,0.0,metro,0,4,evening,0.06015710717930573,0.0398,0
c6b283c4-8ead-458d-beaa-98cee339bf78,75eeaa53-7844-43df-bc21-e13cd628ffb7,2025-01-25,4178.29,fashion,0.042,card,0,6,0.212,metro,1,4,evening,0.20763912883986363,0.0494,0
0a435c0a-93fd-4e28-9d58-d8e785f30ebc,a5e935b1-2c69-4267-9bfb-173119adce52,2025-04-30,1471.68,electronics,0.286,UPI,0,3,0.07,metro,0,7,evening,0.09566624421358363,0.0396,0
3c267d3e-31bf-43f0-ba0a-84bcfc7f1b9d,18ac91fe-d7d1-4831-a17e-7c06a5ec4af5,2025-09-18,572.43,fashion,0.521,COD,0,9,0.331,metro,1,1,evening,0.24614417619698423,0.1676,0
47c82045-da6e-4033-82ea-c936d265e49e,3cee8f97-6a9f-48bd-9130-1eeb62534fd4,2025-07-25,2551.0,electronics,0.524,UPI,0,11,0.0,tier2,0,2,afternoon,0.021433052089598018,0.0216,0
b82c2227-0940-4c37-a23e-e78f8f8d61e6,1c72fd9b-a412-4c8d-8074-a48984ddf5a0,2025-03-10,570.7,fashion,0.182,UPI,0,5,0.033,metro,1,2,night,0.11496764830095485,0.0876,0
82598559-6c98-41dc-9652-d793ace36876,85b1b046-b92a-47eb-8d3e-e29343ddaf4c,2025-07-22,250.0,beauty,0.195,card,0,1,0.389,tier2,0,2,morning,0.2439801007675435,0.0596,0
53deeac2-b278-4934-9a30-fb683d2292ab,bd3c3573-0103-48f0-b2c0-b7ec007b2db3,2025-07-11,1501.65,home,0.09,UPI,0,20,0.416,metro,0,4,night,0.23310699843617838,0.0473,0
542a6d8b-fa25-46f7-b243-c21ccb136af6,31ff0d71-1021-4137-a652-0909a72704a8,2025-02-12,2923.82,home,0.673,UPI,0,15,0.31,metro,0,3,evening,0.3745706193331196,0.2477,0
f8099859-099a-4ba8-99f5-0f844f8e16eb,6a7814a2-3655-4d08-8da4-8ec7df0030b9,2025-08-13,1598.14,fashion,0.315,card,0,5,0.199,metro,1,1,morning,0.15705197005739738,0.263,0
4be52511-dafa-4568-a01f-fe895d696094,c194cfb2-f100-4d2c-893d-dbdc989f1426,2025-05-13,707.52,home,0.242,COD,0,5,0.224,metro,0,1,morning,0.2333357897188074,0.2435,0
0aca70db-3952-4b1d-a2c4-c7622cb43041,3d51b281-7585-4d43-aefd-40a803a1bf4f,2025-09-21,1182.19,electronics,0.119,COD,0,19,0.267,tier3,0,4,morning,0.24645297721478737,0.1791,0
67421e23-4a90-4f0f-80d3-dd5b3fd303b3,6d943111-c6e7-4f72-bbef-d921725cad88,2025-05-11,250.0,electronics,0.271,UPI,0,4,0.116,tier2,0,1,afternoon,0.1822357329755217,0.0226,1
f856c56b-72cb-41d1-8e99-97e9c29706ad,8975f922-81ed-4d18-b7b8-80f64c0d33a4,2025-01-18,1713.97,electronics,0.56,netbanking,0,6,0.065,tier3,0,4,afternoon,0.16694172135754215,0.1448,1
d565ea49-2ee6-414b-a3f5-93ffd10f4754,bd1084dd-629c-4150-a764-2ccea032f578,2025-07-06,2364.04,electronics,0.418,COD,0,25,0.287,metro,0,5,morning,0.21989011196511407,0.1681,0
78a57003-7718-4685-b784-b322843f2221,fdebca3c-4db6-45f9-aecf-5b0e2d82bf66,2025-07-11,5689.71,beauty,0.166,UPI,0,14,0.331,tier3,0,3,evening,0.21485681318313843,0.0685,0
02c5d461-8f96-4c90-8540-d02f7ceb34d8,661b6342-8159-4ab2-8a97-b733bb008aa6,2025-04-19,1034.85,fashion,0.523,UPI,0,6,0.0,metro,0,2,night,0.07875622019451736,0.1687,0
fa93069b-a19e-4cf3-ad70-6c0c2d69bfa5,115b599a-217b-402c-bf2e-d673a28b8b6a,2025-08-04,882.46,beauty,0.205,COD,0,22,0.282,tier2,0,1,morning,0.22490754943212576,0.2722,0
5cb7be4e-ac90-4148-9084-dac5fde3bd81,9b5a893c-11be-4d25-9a08-3bc7c6e69d5c,2025-05-25,3618.04,fashion,0.557,COD,1,0,,metro,1,4,afternoon,0.22018251677280468,0.7129,1
5d660d91-c22b-41c2-ba80-6669b45ad076,55d5bc4c-7c8a-442f-b65c-64ab85db7d38,2025-08-10,580.52,electronics,0.182,card,0,15,0.322,metro,0,2,evening,0.32801543383093573,0.0301,0
b05889c5-0694-4f53-b069-b2d1348b334e,3f888151-69ed-4006-b5f2-68afced6201b,2025-10-16,4334.67,home,0.591,card,0,27,0.034,tier2,0,2,afternoon,0.10820090543681238,0.0321,0
c44a34d8-d468-493c-acb9-cb36f69ae804,eeb31956-eff1-4d4c-88b9-4562dc040f82,2025-01-02,4422.62,beauty,0.256,card,0,17,0.284,tier2,0,1,morning,0.3706024922013499,0.0335,0
e61d1dbb-1f7b-43fc-8335-a2e0f7a668fe,be86c495-6c85-4ee9-9262-936331392692,2025-08-19,3435.64,fashion,0.327,UPI,0,5,0.213,metro,1,3,afternoon,0.22367316697863052,0.0296,0
485b8cd1-30e0-4c0d-bf8e-4ed728fbde5f,879efc3e-a486-44ac-a9cc-29dca850ccc1,2025-03-17,3301.13,beauty,0.147,card,0,17,0.094,tier2,0,1,afternoon,0.14849469586761202,0.0309,0
eea27cf4-71c5-494b-9f20-2be6c88d38c1,eb671c1e-81f6-496c-b68d-49ea47acde37,2025-09-04,250.0,fashion,0.549,COD,0,23,0.259,metro,0,5,evening,0.18608348760507418,0.4752,1
d14eaa89-c452-47ad-978c-d88d9da4ed55,866a73ad-aed0-45a7-8aa9-0f977637a9ea,2025-08-15,1907.14,fashion,0.121,COD,0,5,0.249,metro,1,1,afternoon,0.16757657415686808,0.4769,0
63079cc3-f6f3-4d51-a4c7-c554d1586951,5d07b674-e2c1-45d2-b0b7-a706fe8328d1,2025-02-10,531.98,grocery,0.357,UPI,0,5,0.19,tier2,0,4,afternoon,0.1683531119228636,0.0231,0
f8acfd60-80f7-4af4-b6df-d04c5dcb4ffb,cd41d912-6dd3-48f5-8321-ab579b72c57a,2025-08-08,3150.04,fashion,0.318,UPI,0,22,0.118,tier3,1,4,morning,0.1561219227039281,0.1772,0
5d78e667-77f7-474c-a187-ea1ca33c6e7e,87699cd8-cca3-418f-9a3e-144a0cbaca68,2025-01-03,3309.75,electronics,0.281,UPI,0,14,0.061,metro,0,1,afternoon,0.05655306904883348,0.0181,0
540d631d-741e-420e-bb2d-3ab24aa9c4d8,a8c6166f-038a-4ae7-b54d-f52288d81a93,2025-05-11,2676.61,electronics,0.423,UPI,0,7,0.203,tier2,0,3,evening,0.130383422505818,0.0584,0
38b7151b-ae8e-43dc-b741-71168c5a1a11,cdfac639-c4a1-4655-be5a-2d787e76f71c,2025-09-05,1034.6,electronics,0.188,UPI,0,29,0.297,tier2,0,3,afternoon,0.18576378008237582,0.0227,0
89e979c4-6c10-4496-b9db-499356f12ee5,414160ba-7e84-4541-84ff-2f85934b9cb5,2025-08-23,1727.32,grocery,0.119,card,0,1,0.306,metro,0,4,afternoon,0.33042386606575225,0.0148,0
144fce7c-a60a-4670-b281-fec6d31bbdc4,d6fdc281-9e44-4959-9b10-94c0f2ca13ae,2025-07-08,250.0,grocery,0.379,COD,0,4,0.415,metro,0,1,evening,0.443593609971502,0.0851,0
89d0448d-56d7-4509-87f6-01b2305589d2,b3f33ef6-3953-4fa2-b5c0-493473e40312,2025-07-23,4128.39,fashion,0.362,card,0,32,0.148,tier2,1,2,morning,0.24874291058771908,0.219,1
173b31db-135f-4f87-932a-1a790639be8e,3f888151-69ed-4006-b5f2-68afced6201b,2025-05-19,2254.36,grocery,0.147,COD,0,28,0.081,metro,0,4,morning,0.10820090543681238,0.0142,0
a78fa342-513d-416e-aa3f-183912adf800,676c4a16-07aa-45fa-8ad1-17b29a2b6de4,2025-01-17,1445.32,fashion,0.476,card,0,13,0.294,tier3,1,4,evening,0.2901295476709541,0.3995,0
2cd0f9f4-74cf-4548-9895-404b59b9b741,115b599a-217b-402c-bf2e-d673a28b8b6a,2025-01-25,1912.38,electronics,0.623,card,0,23,0.375,tier2,0,5,afternoon,0.22490754943212576,0.1667,0
c818bbd8-97f1-4436-b577-6de1ef64e6eb,db7cd0ca-7621-4e7a-b55e-eb2f624ef6c2,2025-06-17,438.2,fashion,0.272,COD,1,0,,tier3,1,5,afternoon,0.27384551710437044,0.5544,1
178b132e-0cb2-4471-a040-f76ca41d2c7d,b66a45c1-7406-4950-a677-2ee579e724f2,2025-10-17,467.93,fashion,0.131,card,0,5,0.236,metro,1,5,evening,0.33946126851350195,0.1266,1
5e0f4b1e-f032-4565-b359-82da9767c36e,6ee40732-6232-4eb1-8f91-0cda941780d6,2025-02-27,2781.69,fashion,0.31,card,0,4,0.31,metro,1,6,morning,0.37008993339073415,0.1579,0
c16f3a29-fa69-4005-ac3e-cb8da60778fd,22c2ba19-c5f8-4c06-b445-29833dc88d67,2025-10-08,5179.87,fashion,0.372,card,0,3,0.286,tier2,1,2,afternoon,0.31973660715339725,0.3532,0
f94f40ad-afb5-426b-aa48-3ca39492bd60,ad87b3e3-8b3e-438e-8994-51127b85c296,2025-01-08,1688.89,fashion,0.337,card,0,15,0.049,tier2,1,7,evening,0.06067469417646223,0.3979,1
142f328f-09dc-4405-8cc4-02aac5734934,3c199261-e6e2-42ad-b4e0-535e7eb5a1c0,2025-09-07,3837.22,electronics,0.208,UPI,0,10,0.401,tier3,0,3,afternoon,0.3389478327833424,0.0884,0
1fe00fe2-85ea-4b81-a39a-4343959bf92c,e0be4c42-c5d2-46e6-98a3-f57143c81929,2025-07-24,2754.04,fashion,0.07,COD,0,25,0.199,tier2,1,2,morning,0.23228588338828865,0.368,0
9a206d7e-4b34-452f-9184-6c52a5d3fe5d,ad87b3e3-8b3e-438e-8994-51127b85c296,2025-08-21,500.24,fashion,0.113,UPI,0,16,0.0,tier3,1,4,evening,0.06067469417646223,0.2534,0
f7a36836-3f77-455b-9418-f3d9d885b46f,36d6b08a-5436-4a2f-83c2-120975d4be7f,2025-02-05,4475.15,electronics,0.137,COD,0,28,0.092,tier2,0,5,morning,0.04915448350944119,0.0836,0
38275242-03fc-466d-9576-6303a08ebcb9,c194cfb2-f100-4d2c-893d-dbdc989f1426,2025-09-02,7918.23,electronics,0.282,UPI,0,6,0.309,metro,0,3,evening,0.2333357897188074,0.0486,0
53ca716b-dc5d-4843-9213-26acf19e8248,52ad5451-dae5-4029-8a8a-756096ddf041,2025-08-06,1794.31,electronics,0.317,COD,0,8,0.382,tier2,0,5,afternoon,0.44640490282899387,0.195,0
b19552bd-5d8e-4218-aaf4-26400e968b67,50c93afd-1b89-4f33-8ccb-21eeea3f4048,2025-10-02,250.0,home,0.162,UPI,0,5,0.237,metro,0,5,morning,0.23305342178158567,0.0138,0
86dd4223-7932-4137-ad24-0fbb61f2b6c5,eaeed0dd-7e1c-4258-9fdd-9985ad3d359d,2025-01-06,3767.89,fashion,0.114,COD,0,10,0.279,tier2,1,3,night,0.3269451502115473,0.27,0
fde6e0f5-df3c-4ee9-a5eb-b5aebdf84646,f60dd379-b761-4abe-a910-2e679a649299,2025-09-03,1454.56,beauty,0.358,UPI,0,13,0.601,metro,0,4,evening,0.6231863021915255,0.195,0
dd31cad1-3db9-4ca1-b234-368c7853ff36,61e68552-c2ac-46ab-b349-d5252a071eca,2025-03-06,1336.66,home,0.069,card,0,24,0.137,metro,0,1,evening,0.1913603605753747,0.0304,0
8d4ba88c-4165-4dae-b3d7-4a3de62026fc,b3f33ef6-3953-4fa2-b5c0-493473e40312,2025-03-20,743.79,fashion,0.424,UPI,0,33,0.294,tier2,1,5,night,0.24874291058771908,0.4772,0
c7538aa7-2be5-4bd2-89ed-019775049871,44966f4a-9060-4681-b0c5-38aabff795b2,2025-02-26,2627.76,electronics,0.056,card,0,8,0.137,tier2,0,4,night,0.17602227586818103,0.0164,0
5331e0d3-d343-4bca-9afa-c80be015f6a3,67991ec5-6540-4afc-8700-1e97c8b7427e,2025-01-16,306.38,fashion,0.012,UPI,0,13,0.066,tier2,1,5,evening,0.13954174495960747,0.2155,0
026d7855-ce46-4d69-8d16-c1ba71f423a0,7e710218-a066-454e-ac63-8df5351b2259,2025-03-22,1409.72,home,0.373,COD,0,2,0.257,metro,0,3,morning,0.21474519574388043,0.0878,1
d8c9d6d8-d1ba-4286-9c97-a2651fa6e450,cd41d912-6dd3-48f5-8321-ab579b72c57a,2025-04-30,5270.02,fashion,0.085,COD,0,23,0.302,tier3,1,3,evening,0.1561219227039281,0.3472,0
5a87bb4a-63ae-497e-b94b-575c9c93b509,d68bbbc3-6511-4b4d-b898-eb8a9a3435c0,2025-06-04,4217.35,home,0.58,COD,0,15,0.097,tier2,0,1,afternoon,0.0912579377429543,0.1122,0
7c2ae379-e80b-43d1-b751-f287a3273e79,916b1eab-19f3-418e-970e-feae0ddfa238,2025-09-25,250.0,grocery,0.207,netbanking,0,2,0.171,tier2,0,1,night,0.11554696311015139,0.0127,1
67fdeae3-04f4-4f53-928e-4e2d137082e9,04b89a3b-d082-4664-972e-b40c6268b46d,2025-07-21,1250.03,home,0.263,card,0,14,0.268,tier2,0,4,night,0.24939791763606534,0.0731,0
ce0feb9d-748b-478c-bbe4-fec39dec409a,13dab424-1c8e-4e64-a28a-612fcb72a577,2025-03-14,3501.8,beauty,0.285,UPI,1,0,,tier2,1,3,evening,0.3315296534061664,0.1524,0
185af27c-60ae-4494-b64d-aedd5467e31f,eeb31956-eff1-4d4c-88b9-4562dc040f82,2025-04-21,3255.45,grocery,0.275,card,0,18,0.316,metro,0,3,evening,0.3706024922013499,0.0356,0
d9b3f0a4-e74f-45f6-938d-13961927ede9,31ff0d71-1021-4137-a652-0909a72704a8,2025-05-12,6889.11,grocery,0.212,UPI,0,16,0.436,tier3,0,7,morning,0.3745706193331196,0.0223,0
21ef4206-09e9-46e8-ada1-a062c697b705,676c4a16-07aa-45fa-8ad1-17b29a2b6de4,2025-02-25,250.0,electronics,0.108,UPI,0,14,0.207,tier2,0,2,morning,0.2901295476709541,0.0504,0
b1e21828-354f-409d-b12b-d409084b7586,1af574e3-1cf2-4f6f-9cae-ab5630dd0840,2025-09-09,1585.51,grocery,0.145,UPI,0,10,0.317,metro,0,5,evening,0.3900564499123696,0.0226,0
06ba389b-692a-4f69-bb25-74e4bf964078,7d8ad8e7-c1a0-4266-8d87-cac7c06a3728,2025-01-31,390.75,home,0.155,UPI,0,3,0.586,tier2,0,2,evening,0.3750474517068999,0.1474,1
9d7b03ce-ff54-4257-90d6-428b49aa1530,fdebca3c-4db6-45f9-aecf-5b0e2d82bf66,2025-07-02,1271.42,fashion,0.27,COD,0,15,0.201,tier2,1,3,night,0.21485681318313843,0.3505,0
2c14dc2e-9abd-4fbd-88c8-4b5b0be44468,36d6b08a-5436-4a2f-83c2-120975d4be7f,2025-06-19,719.65,fashion,0.137,UPI,0,29,0.039,metro,1,1,evening,0.04915448350944119,0.2179,1
d60d316a-e4f0-4c31-a68c-575f5b4311e7,c948d370-2dce-42ca-8472-af60b35f4c6c,2025-09-19,1000.62,fashion,0.258,UPI,0,4,0.369,tier2,1,3,night,0.32814923883527064,0.555,1
a542f65a-e615-40d6-b948-09ea5c86ac09,c74291cc-50dd-48a2-918a-2263305eb957,2025-10-16,490.81,electronics,0.198,COD,0,23,0.219,tier2,0,2,morning,0.2897378778415542,0.082,0
42466a21-393f-4d3a-82f2-cdd3f4af0d60,706509ac-1c21-4830-bf5f-7a48ed377c6a,2025-06-28,725.83,beauty,0.055,UPI,0,9,0.159,tier3,0,3,morning,0.21026090580847182,0.1673,0
629aa8da-0205-4afe-9934-52d4ecdbb7fc,85682d41-16d6-44ad-8e5d-63938077ab79,2025-06-17,285.02,electronics,0.619,card,0,4,0.117,metro,0,6,morning,0.20370978877684995,0.0781,0
6ed33500-da6b-43c2-8f82-6f35bdfd4f2c,aac29fe8-fe2d-4ea0-adb4-77c0791b38d7,2025-07-06,2040.2,beauty,0.202,UPI,0,2,0.129,tier2,0,2,night,0.1701013638867513,0.0449,0
5647e9dc-9329-4c5c-84ea-14840e8960d3,90d4ab83-9a96-4a21-9db9-c0621084e983,2025-05-17,3880.69,electronics,0.224,COD,0,20,0.424,metro,0,8,afternoon,0.29832839962512075,0.2082,0
37ff295a-c368-4bfc-8846-4d13a8fe5dcf,e082f719-cbef-4883-a05b-b2eecd96eb4d,2025-10-26,1166.44,electronics,0.331,UPI,1,0,,tier3,0,7,evening,0.34098824655171733,0.1289,0
a191a6d2-9bfb-4ebc-9a13-651a8945ae06,0f58fc78-ce5f-44f5-aec7-492478e32c4f,2025-01-07,2072.1,beauty,0.261,card,0,4,0.116,metro,0,2,morning,0.15829274806408117,0.0748,0
953fb7b7-c00f-47e6-b76b-1c82cb23a040,896a9142-c32d-4e97-8656-8e4c80bb0c0e,2025-01-13,250.0,beauty,0.22,UPI,0,13,0.059,metro,0,1,night,0.09634270484326586,0.0795,0
49334d3f-e2e3-4606-b396-bc5596b5690b,14fa1e07-e46e-4421-bcc9-efd97fda4448,2025-08-25,250.0,fashion,0.025,UPI,0,8,0.244,metro,0,1,morning,0.2216976101384966,0.0779,0
0bd65085-7a13-467e-b948-f63123df191b,ade38847-ed43-40bb-86a7-c04000915ee5,2025-04-26,5266.22,electronics,0.026,UPI,0,15,0.206,metro,0,3,night,0.14720873128711998,0.0143,0
6aab5dc3-5d2f-42c3-8f8a-e124dcd43158,72ead0ae-5b4e-42af-afc3-e5936d2c0440,2025-08-15,1586.62,beauty,0.392,UPI,0,4,0.302,tier3,0,6,afternoon,0.1339182046543242,0.1236,0
440e0c6e-bb08-47ea-8f11-0c88ad93fafe,c3667960-275a-45b2-a2fb-3c154cf68002,2025-10-13,646.58,beauty,0.166,UPI,0,6,0.491,metro,0,2,morning,0.42258989063174557,0.1445,1
cd1ffc5f-450d-4ff4-a8ac-3c2d1558ba3d,e8f694f4-75c7-4b9d-8461-3f6fce844e62,2025-03-18,670.71,electronics,0.255,COD,0,13,0.075,metro,0,6,morning,0.10058728392504118,0.11,0
a896996d-20a2-4783-b8fa-e71e7e4ad9e5,ad87b3e3-8b3e-438e-8994-51127b85c296,2025-05-01,441.06,beauty,0.305,UPI,0,17,0.003,tier3,0,5,afternoon,0.06067469417646223,0.1572,0
81aa0501-1105-479d-9b93-6e654118d164,a89b5af5-62f1-4369-ad1d-72d699aa1554,2025-05-23,3929.17,electronics,0.307,UPI,0,1,0.017,metro,0,4,afternoon,0.07564649186667005,0.045,0
d4ba37d2-0246-4ca5-af5a-e33941f9a2ca,1591262d-98ef-414d-8cbe-b6b0966d3679,2025-08-15,2918.16,home,0.596,COD,0,2,0.405,tier2,0,3,morning,0.4609605649107434,0.1617,1
c1d42b22-360f-458f-919a-592419cedec9,c7c7d746-9375-4232-8ea9-ffb11c594fc0,2025-04-27,482.13,home,0.227,UPI,0,4,0.469,tier2,0,3,evening,0.40080141861945334,0.0516,0
d177afa6-b99a-4f0b-b18e-b37acca76395,6691be4b-2f05-471e-880b-641b361f736f,2025-09-24,1803.91,fashion,0.42,UPI,0,30,0.322,metro,1,2,afternoon,0.2916477929418046,0.2269,0
1df33146-36fa-4dd2-8b24-42118abe0e61,22f58788-391d-4372-9ad4-9e208eef569b,2025-01-12,1133.5,electronics,0.359,UPI,0,1,0.096,tier2,0,5,evening,0.20694259408245252,0.0316,0
1b0d5451-f55c-4845-b09f-97f0328b91f0,02a9477e-48f9-41c5-b992-a167ea1cd57a,2025-03-22,344.79,home,0.434,card,0,17,0.239,tier2,0,5,morning,0.26357426902472036,0.0755,0
828ad16d-7c2d-4da0-8e59-2a3b7516594e,b23d847d-997a-4928-9b10-f50e4fa93ba9,2025-06-08,2883.67,home,0.149,UPI,0,14,0.225,metro,0,5,evening,0.22452854262691951,0.0238,0
7326f949-d71c-4c50-a38c-9d300a4a0898,b0766d31-1a36-4d3f-a85e-96413fb52d53,2025-07-14,250.0,electronics,0.289,COD,0,8,0.028,tier2,0,2,night,0.06885084713508903,0.3199,0
9a36f375-b4ad-49ad-85b1-9e1fadd61009,e337d2a3-6032-4e1f-8ce4-a81121aa131e,2025-08-02,980.2,electronics,0.57,UPI,0,35,0.364,tier3,0,8,evening,0.2771725532528444,0.2919,1
2282478b-bfcf-45cc-baad-6fa10491d923,115b599a-217b-402c-bf2e-d673a28b8b6a,2025-09-01,1952.49,beauty,0.295,card,0,24,0.203,tier2,0,1,evening,0.22490754943212576,0.0495,0
ca0b5d19-41dd-410f-b21f-7ad39a14d43d,737e35bc-4ea3-42a4-9c26-b22f7099bf28,2025-02-07,673.84,beauty,0.511,COD,0,14,0.0,tier3,0,5,afternoon,0.05662677973259444,0.1116,0
5297add9-b158-4f97-b945-ae2adb6d5758,4478b843-5155-4f37-a4c8-e7476141f4cc,2025-04-04,458.65,electronics,0.256,card,1,0,,metro,0,2,night,0.1546812577925307,0.0823,1
2ac4f219-4682-48b9-b7af-ecdf49a6f427,f60dd379-b761-4abe-a910-2e679a649299,2025-01-04,2190.01,electronics,0.222,netbanking,0,14,0.636,metro,0,3,night,0.6231863021915255,0.0347,0
74269234-bc23-48f8-a47f-08aa06909e44,e337d2a3-6032-4e1f-8ce4-a81121aa131e,2025-08-05,634.07,home,0.231,card,0,36,0.29,tier2,0,2,afternoon,0.2771725532528444,0.119,1
447c0a99-cf89-407c-a2f4-42d61d52a0d9,6691be4b-2f05-471e-880b-641b361f736f,2025-06-08,1709.46,home,0.601,UPI,0,31,0.305,tier2,0,3,morning,0.2916477929418046,0.1346,0
4415c92e-62be-4051-a2ef-8b0301f8c21f,80cef85a-5938-4801-9fa5-9b6c0de0cc08,2025-10-20,250.0,fashion,0.264,COD,0,20,0.259,tier3,1,6,afternoon,0.2042925306906814,0.5417,0
6c5aee3e-0f0e-4535-886f-d948e28a5f0f,c31eac0d-d6b3-428c-ae56-caa869af470b,2025-09-23,468.1,fashion,0.208,UPI,1,0,,tier2,1,1,evening,0.35438999279587025,0.4234,1
e7c2149f-3231-46f3-9e5a-4630767fe544,fe550887-96cd-4997-85b8-f1feef78730d,2025-08-29,495.96,home,0.293,UPI,0,3,0.012,metro,0,4,evening,0.1562196164642481,0.0263,0
d2cee0ca-03b2-423e-a2fd-050c76f0b62a,264713e0-0ea7-4880-9795-f6f977d4d71c,2025-10-12,1660.12,electronics,0.084,UPI,0,18,0.139,metro,0,6,evening,0.1503348970823547,0.0309,0
0c01dba2-3618-4dca-9f4b-0acf1f7f06bd,b15097c2-354a-48aa-8b88-0fc27a70d24f,2025-05-13,250.0,beauty,0.051,UPI,0,23,0.354,tier2,0,3,afternoon,0.35941268307576457,0.1993,0
5f6a10fa-aed8-44fd-9d88-a539c740f3a4,c82ff35e-d4c0-40e3-8dbc-ce7b5a246eb2,2025-05-12,1874.01,fashion,0.189,card,0,4,0.316,tier3,1,3,afternoon,0.3049431715733594,0.1745,0
e0199244-fddf-4f27-85eb-a728d22259f6,e337d2a3-6032-4e1f-8ce4-a81121aa131e,2025-03-04,722.48,fashion,0.137,card,0,37,0.389,tier2,1,1,afternoon,0.2771725532528444,0.2457,1
1143e776-cabe-4750-9d05-4a6616811507,8cabcba8-2b36-4f7e-984b-440baba9ad97,2025-10-15,1919.3,grocery,0.343,UPI,0,20,0.249,tier3,0,4,morning,0.27780100478810504,0.0255,0
0c05d8c6-b9a5-4055-b86e-3f3f1d83e0a8,ea2ea2e1-ad32-4fa1-9907-dc30c57262e0,2025-01-30,250.0,fashion,0.183,card,0,7,0.328,tier2,1,2,evening,0.33375713618452035,0.1739,1
3cc3c122-9875-421a-91b9-711a679dc992,d6820024-4c8c-44b8-8098-59f8938ad61c,2025-05-22,646.71,grocery,0.312,COD,0,5,0.773,tier2,0,1,afternoon,0.7830202777801657,0.3306,0
403bcabd-2365-472a-b42c-147316ab4b60,b23d847d-997a-4928-9b10-f50e4fa93ba9,2025-05-10,3008.3,fashion,0.213,COD,0,15,0.071,tier2,1,3,afternoon,0.22452854262691951,0.1867,0
34d726db-e117-4263-8193-92f8aa1d9fbb,cd936f58-35c8-41bf-ad8e-018916f872f3,2025-06-18,1978.61,fashion,0.128,card,0,4,0.202,tier2,1,2,afternoon,0.23815835049683093,0.1469,0
1bc827e5-a865-4a9d-961c-2541172a8897,3f888151-69ed-4006-b5f2-68afced6201b,2025-07-13,2190.32,fashion,0.176,card,0,29,0.018,metro,1,3,night,0.10820090543681238,0.0675,0
2e9db11e-7719-474b-84d3-f115d50a9e77,31c1fad5-4cd1-4948-951c-4b6f05b9a3e3,2025-08-06,2272.66,home,0.248,COD,0,8,0.013,metro,0,1,afternoon,0.1036578444265268,0.2032,0
5ff636f9-94eb-4e66-8195-4d23ebd76c2c,cba1f52f-9905-4405-b96d-4c622c0b248e,2025-01-11,768.84,fashion,0.346,UPI,0,23,0.438,metro,0,7,evening,0.4451782602422671,0.1571,0
ada3d1bb-8510-4d6b-b806-4380a9200fd9,530bbe2d-ad3a-48f9-bc50-6461db39ef79,2025-04-06,590.8,grocery,0.341,UPI,0,24,0.457,metro,0,4,morning,0.5144941083307562,0.023,0
2798c03a-78a9-4761-ad93-1d573a01866c,bc67f04f-53a4-43cd-bd06-3381487252ad,2025-09-25,918.02,home,0.089,COD,0,5,0.171,metro,0,4,evening,0.17989879744905538,0.1066,0
6d152f9c-81be-45cc-be8a-1dc69b595993,48242df6-6544-46ca-8243-b23028d6d805,2025-01-13,250.0,fashion,0.391,COD,0,21,0.193,metro,1,4,afternoon,0.1548544510371693,0.4591,0
706ee236-a9ac-45d1-bd5d-9597b2c1608f,b6da0c58-e09f-4c64-b488-90dde3c22bf1,2025-09-13,1040.18,home,0.215,COD,0,12,0.085,metro,0,3,morning,0.06852796151158619,0.2089,0
581c1035-e664-4a8a-ae83-7fd80c8dbb7c,80cef85a-5938-4801-9fa5-9b6c0de0cc08,2025-04-15,1311.35,fashion,0.103,COD,0,21,0.175,metro,1,3,evening,0.2042925306906814,0.2545,0
b3a23bb5-d805-4107-9f0f-749c8c6dc2b9,31ff0d71-1021-4137-a652-0909a72704a8,2025-10-25,4763.24,fashion,0.139,UPI,0,17,0.436,tier2,1,4,evening,0.3745706193331196,0.1943,0
f5eac254-14b8-4add-b798-53995c58539c,551aee57-0df4-4a51-9afa-0babaf28b33a,2025-07-24,11938.83,beauty,0.264,UPI,0,34,0.04,tier2,0,3,evening,0.18168234468688693,0.0078,0
8c707733-6133-4ba1-9a84-db6cfbd64b82,d68bbbc3-6511-4b4d-b898-eb8a9a3435c0,2025-03-09,993.08,home,0.218,UPI,0,16,0.123,tier2,0,1,evening,0.0912579377429543,0.1031,0
9f75bdb3-ba09-4aa9-b0d4-b00cb49fd2b6,9624258c-4f43-4c23-8a52-ae3657722b57,2025-09-29,1092.63,home,0.143,UPI,0,26,0.378,tier2,0,5,evening,0.4134664929263236,0.1253,0
531de402-4c56-43c2-8199-b22ce084e911,087ee9ce-fda1-4086-b6dd-26263718e472,2025-10-26,794.53,fashion,0.266,UPI,0,2,0.309,metro,1,4,evening,0.2718983331475167,0.2821,0
265ec864-1d9a-45b4-9e45-d4e513f2aa75,a08bc761-e2d2-46cc-952a-3d23d15d5fac,2025-10-16,2307.19,electronics,0.15,COD,0,20,0.222,tier2,0,4,evening,0.30018529874356914,0.1677,0
ba23e72f-c290-4448-b0f5-cd87fc5c1755,b6da0c58-e09f-4c64-b488-90dde3c22bf1,2025-08-13,1388.39,grocery,0.476,COD,0,13,0.11,tier2,0,3,evening,0.06852796151158619,0.1107,0
32518607-84fe-4179-8d62-cd0184b5000b,dcc320e0-51d7-4f5a-b1cf-f774f3ea235f,2025-08-12,260.16,electronics,0.079,netbanking,0,27,0.074,metro,0,2,night,0.08097222048102413,0.0306,0
cefc6495-f3c9-4fc0-806d-b03e668fd79b,9624258c-4f43-4c23-8a52-ae3657722b57,2025-07-21,616.89,beauty,0.197,COD,0,27,0.528,tier2,0,3,evening,0.4134664929263236,0.1827,0
7540aae3-69bd-4145-81eb-dfb7b34b8603,97097040-636b-45f4-85e0-9e1a52c27325,2025-08-17,2271.36,electronics,0.308,card,0,11,0.169,tier3,0,4,evening,0.15906278458837203,0.0372,0
acfeab18-98f9-4720-825a-4ac41748cca5,6da1cfb2-8cde-4559-b77f-cde6ec497d2d,2025-05-08,629.45,electronics,0.302,netbanking,0,2,0.548,tier2,0,3,afternoon,0.4390524811910615,0.1575,0
d7fa7f68-fcc9-4290-89c2-8fd2f67dc892,bdf5e5de-7033-4345-ac37-819738c0e957,2025-10-05,534.11,beauty,0.563,UPI,0,34,0.203,tier2,0,3,morning,0.2211439005048725,0.2188,0
fa7cff51-11d0-443f-944f-f0e9e94350ff,8072997b-4154-420b-b82c-3e57d37444e3,2025-01-09,3472.72,beauty,0.22,card,0,11,0.228,tier3,1,2,afternoon,0.2676344641423701,0.2097,0
acac2c58-224c-4469-b51d-0ce91254b90c,0264a3d8-19e4-4ba6-8fef-821e2f029db1,2025-09-19,2147.4,home,0.377,COD,0,14,0.214,tier2,0,3,morning,0.21082490652703922,0.1568,1
d004cf99-4651-458d-898a-d4ceefb95ed6,386639da-c4fb-436b-9ced-e6f3c7021453,2025-03-31,945.37,grocery,0.322,COD,0,8,0.097,tier2,0,1,evening,0.13845962298865533,0.194,0
1868af11-9d56-42be-b155-2a9a08d86727,115b599a-217b-402c-bf2e-d673a28b8b6a,2025-10-08,1193.34,electronics,0.099,UPI,0,25,0.275,tier2,0,2,evening,0.22490754943212576,0.0393,0
381b8be2-c434-4b82-b954-e5a4a1d6c7e5,e214ab93-bb11-4ddf-84f4-87f79b34191a,2025-02-05,7209.97,beauty,0.139,COD,0,3,0.304,metro,0,3,evening,0.3666490656306323,0.1049,0
86f84537-391c-4059-b659-9b7c30c38f4f,bdf5e5de-7033-4345-ac37-819738c0e957,2025-07-25,517.05,grocery,0.529,UPI,0,35,0.212,metro,0,4,morning,0.2211439005048725,0.1921,0
ee8cb876-41f1-4395-9cc3-ab89fabbb534,bb979d3d-d61a-4c89-bbda-657156be921e,2025-02-24,1279.05,fashion,0.219,COD,0,11,0.401,tier3,1,3,afternoon,0.3797344893685818,0.4853,1
5b11667e-583f-42b2-ba42-a5edaf56a704,fdebca3c-4db6-45f9-aecf-5b0e2d82bf66,2025-08-26,377.9,fashion,0.086,card,0,16,0.343,tier2,1,3,night,0.21485681318313843,0.293,1
eaf2226b-560c-48f9-abf1-d78ab854bf85,115b599a-217b-402c-bf2e-d673a28b8b6a,2025-10-02,766.28,home,0.334,COD,0,26,0.306,metro,0,1,morning,0.22490754943212576,0.0933,0
3c759296-51c0-4c64-b885-400755e4fb51,62c26710-65fc-4ea1-a483-55b6004c1644,2025-03-06,1983.4,beauty,0.126,UPI,0,1,0.468,tier2,1,4,evening,0.5069067023823574,0.1424,0
9a8e0617-2222-48a9-9f73-572f30735f60,fcad361d-37b1-48e4-ba15-27f5efd12bd2,2025-07-11,822.39,electronics,0.151,COD,0,14,0.353,tier2,0,3,evening,0.3926881472493449,0.2137,0
ae69cd0f-17a9-47b3-9139-932595f362cd,098b5a6e-c876-43e4-824f-138cbaa1bdf9,2025-05-09,3797.3,fashion,0.355,netbanking,0,6,0.387,metro,1,5,evening,0.4187693037372645,0.1475,1
286654e2-4a73-4979-a32d-50dbeb0b0717,a853efee-ff59-4993-bc61-f78068b52bd2,2025-08-09,761.07,electronics,0.365,UPI,0,5,0.139,tier2,0,1,morning,0.11173338786746698,0.0595,0
a128b4e0-73ee-464b-8aa2-f41a0a4eced7,31c1fad5-4cd1-4948-951c-4b6f05b9a3e3,2025-03-29,3215.6,fashion,0.254,UPI,0,9,0.036,tier2,1,4,evening,0.1036578444265268,0.1473,0
3461dba9-b0d2-41f7-bd00-85c8f1867fb4,cb03e063-2d4a-4cc8-bfc8-902ef4068b93,2025-06-03,250.0,electronics,0.356,card,0,2,0.0,metro,0,4,evening,0.13948659265221522,0.0477,1
458dad1f-253f-452f-a43a-1453a4220755,b5daeff1-0e3f-47c3-be6d-6411c18d7d85,2025-07-20,2169.61,electronics,0.203,COD,0,7,0.112,metro,0,1,afternoon,0.12950940053657903,0.0233,0
012dc49e-5a14-43d0-96cf-7773d55c95d6,7577f5f5-f434-4ba2-be8d-bc819a90aa7d,2025-09-09,3835.32,grocery,0.39,UPI,0,23,0.0,metro,0,2,afternoon,0.12936071938754626,0.0558,0
2d36d1cb-77ae-4801-a59e-8df37c51e542,36d6b08a-5436-4a2f-83c2-120975d4be7f,2025-01-12,636.01,home,0.082,UPI,0,30,0.0,tier3,0,4,morning,0.04915448350944119,0.0253,0
0080cc60-cea2-4e11-b128-fcfa416453e5,041e6bc9-db72-4f93-9250-95c5729fd5f6,2025-01-04,4122.45,fashion,0.2,UPI,0,14,0.312,tier2,1,2,evening,0.24989906497225137,0.1019,0
52677c33-f0a1-4c32-a04e-21e2e22f40fa,eaeed0dd-7e1c-4258-9fdd-9985ad3d359d,2025-09-23,835.86,electronics,0.685,COD,0,11,0.428,metro,0,4,afternoon,0.3269451502115473,0.1406,0
c542e33e-d418-4c84-a630-8d3759818ce4,f7243914-f259-4b3f-b4da-cc523ff04815,2025-09-28,1919.55,home,0.151,UPI,0,29,0.279,tier2,0,1,morning,0.2798863894924076,0.0324,0
3370aaad-e625-44eb-8013-bd0371cfc4e4,f798ef7e-e2a3-4c54-b902-894eaf540d62,2025-06-04,3058.71,electronics,0.201,netbanking,0,23,0.332,tier3,0,6,evening,0.21199326223067969,0.065,0
d5a45cc6-5682-42df-89d0-3a4de14042bc,b1a9a01f-60a0-474a-9f62-ee2f1e71fa7b,2025-01-09,1700.11,fashion,0.156,COD,1,0,,metro,1,2,evening,0.4570029919844534,0.7321,0
b53c5adc-6d61-4c0b-9db4-fc77acb00eb2,06fa83b8-abe4-4d16-bee5-b47d755da75c,2025-10-08,605.69,home,0.057,card,0,3,0.201,tier2,0,5,afternoon,0.03745152246394023,0.0336,0
336b6a13-c885-4930-899d-8b8007b213f7,d684615e-b5d2-4dff-856f-f7aa94f57139,2025-09-25,3105.02,electronics,0.484,COD,0,15,0.541,metro,0,3,evening,0.391147140695262,0.2141,1
f80e12b2-0ef5-406b-b9bd-b2a695e91bf7,bc9aa5af-cb2d-49cb-8b51-cbd09afee7b7,2025-04-28,4234.68,grocery,0.303,UPI,0,15,0.419,metro,0,3,afternoon,0.34134778732339127,0.0274,0
999d7879-c906-4a8f-8da1-279403af726f,b3f33ef6-3953-4fa2-b5c0-493473e40312,2025-09-19,2168.87,grocery,0.683,card,0,34,0.285,tier3,0,4,afternoon,0.24874291058771908,0.0368,0
9e4babfb-c723-4174-9691-56cec3ee52b9,7e710218-a066-454e-ac63-8df5351b2259,2025-05-20,2232.49,fashion,0.44,UPI,0,3,0.171,metro,1,2,afternoon,0.21474519574388043,0.0747,1
c9c4ccaf-5dcc-4486-bc0a-bdad606f14f6,ec513aca-b3ea-457e-b9fd-46a0fbbd0108,2025-02-25,701.37,grocery,0.186,COD,0,35,0.109,metro,0,4,evening,0.19762424986659227,0.0324,0
80c58bd7-8a37-417f-8c04-3a81dcd31f88,97097040-636b-45f4-85e0-9e1a52c27325,2025-04-10,2304.5,home,0.365,COD,0,12,0.015,metro,0,4,afternoon,0.15906278458837203,0.2346,0
2ab5ddf9-56f0-41b5-a5a0-3e38f554ce44,57c29481-3bfa-4690-879f-2cab6c2fd05a,2025-07-21,1393.22,fashion,0.591,UPI,0,13,0.246,tier2,1,1,morning,0.1838032082155034,0.2297,0
67efbdad-2aca-4099-b8fa-608a6202ce45,6d81b599-cb53-46f9-8600-bf12fd1acddf,2025-06-25,1701.06,electronics,0.5,COD,0,14,0.067,tier3,0,6,afternoon,0.1373435706874969,0.1627,0
dade4669-0288-469b-9683-d53b7f729fd4,dbcfa484-3e27-41f3-a2d5-0bd20054c665,2025-04-02,250.0,home,0.386,COD,0,5,0.15,metro,0,1,afternoon,0.10784218495956682,0.216,0
6b0a0af1-41ff-4bcf-a6fa-f02172449db9,706509ac-1c21-4830-bf5f-7a48ed377c6a,2025-10-21,250.0,home,0.223,UPI,0,10,0.213,tier3,0,7,morning,0.21026090580847182,0.1577,0
5df7bf3b-cfd5-4a31-ac6a-4c17142f362f,ade38847-ed43-40bb-86a7-c04000915ee5,2025-10-02,250.0,home,0.363,COD,0,16,0.12,tier3,0,6,afternoon,0.14720873128711998,0.1757,0
e9c37caf-6d70-46bb-97e2-0130250f5142,5a4e456a-7177-438a-a82d-59e0133f3eb9,2025-08-20,2710.66,home,0.275,COD,0,43,0.17,tier3,0,9,evening,0.23069756686430742,0.3015,1
c4eee1b7-ef12-4e6f-8ee7-8b168dacc71f,e5a6b7a7-ed88-4924-9865-37d2498eaca8,2025-06-24,905.2,fashion,0.112,UPI,0,11,0.478,metro,1,1,afternoon,0.5527709467025828,0.279,0
470ccd02-a1ef-45b7-b2e1-b2181573b9cc,2e69e260-0ee4-43cf-9c88-a409981081c6,2025-08-09,1078.28,fashion,0.402,UPI,0,14,0.342,metro,1,4,afternoon,0.41585134920398,0.2072,1
7e64664c-3797-4c7d-b3e1-d121b5b72288,dbcfa484-3e27-41f3-a2d5-0bd20054c665,2025-03-04,1094.2,home,0.255,UPI,0,6,0.06,tier2,0,4,afternoon,0.10784218495956682,0.0179,0
3c8c458f-ac2a-489e-bb8d-a0fcc17bcd5f,f848c5e1-5ffe-40cf-b466-1518512036bc,2025-06-01,353.0,fashion,0.224,COD,0,3,0.039,metro,1,2,night,0.05848742659984804,0.4494,0
f72c8613-4712-4719-abe9-4fcca25ec448,e0c7f018-d138-4b2a-8686-c7bc5a512a86,2025-06-10,1737.39,grocery,0.108,UPI,0,13,0.318,tier2,0,5,evening,0.32765833124561905,0.0296,0
729a4754-e206-4559-a4bd-accde42093c9,4ab3cbf1-5914-4c42-b2e7-1238debcf239,2025-09-01,250.0,fashion,0.115,COD,0,10,0.153,tier2,1,2,morning,0.2033814634391261,0.4176,0
fd6cf813-0b16-47d7-b01d-8420aa29d388,551aee57-0df4-4a51-9afa-0babaf28b33a,2025-01-14,3244.4,beauty,0.067,UPI,0,35,0.127,tier3,0,4,evening,0.18168234468688693,0.0207,0
d0048b05-cc79-451e-a56c-7a7f4a112e8f,ad87b3e3-8b3e-438e-8994-51127b85c296,2025-04-01,390.59,home,0.178,COD,0,18,0.066,tier2,0,5,afternoon,0.06067469417646223,0.3839,0
520d01b4-8763-43cf-bef9-bd009f3691d2,183731f0-c4f7-459f-b6fe-03d481d1dc2b,2025-04-12,795.89,beauty,0.43,COD,0,13,0.384,tier2,1,1,evening,0.3251850941589013,0.3529,0
2928c1e9-32f7-4a35-8b7b-729bd3cd8ce9,fcad361d-37b1-48e4-ba15-27f5efd12bd2,2025-05-19,596.55,electronics,0.181,card,0,15,0.467,tier2,0,2,morning,0.3926881472493449,0.0519,0
165fcb79-6ead-49dc-98e8-48aec41da8c4,aaa9d020-ebf1-498a-b88a-41c28d1825e8,2025-03-09,1569.39,home,0.247,COD,1,0,,metro,0,2,evening,0.07553755438911063,0.4109,0
ba2ec5ec-3b3b-46dd-85e8-5be6d5749e2b,cdfac639-c4a1-4655-be5a-2d787e76f71c,2025-06-04,322.43,electronics,0.269,UPI,0,30,0.114,metro,0,4,afternoon,0.18576378008237582,0.044,0
816c4bb2-a412-451e-babc-00e5874bfcbf,4b641fb2-3437-4f0f-9c67-9222d63bef6e,2025-03-11,1972.63,electronics,0.472,UPI,0,15,0.306,tier2,0,2,evening,0.3016559281489719,0.0837,0
9b1339b9-3b2d-4571-8934-d7573be29c1f,e91e2377-ab20-429c-9819-8e4e857323a6,2025-05-12,15002.75,beauty,0.487,UPI,0,9,0.363,metro,0,4,evening,0.3734683492632352,0.0085,0
d9452ede-6aa7-47e5-ac5a-07f025e73ccb,b15097c2-354a-48aa-8b88-0fc27a70d24f,2025-05-05,873.95,fashion,0.121,UPI,0,24,0.517,metro,1,1,morning,0.35941268307576457,0.1149,0
78c92911-d7ac-4345-8060-44ac3213943b,754ee000-0eb3-4857-a2e8-476c39a286c0,2025-06-04,250.0,electronics,0.234,card,0,8,0.365,tier2,0,4,afternoon,0.2831068452109286,0.0848,0
dda1e4cd-31b9-4b5e-9893-59795128c4ca,61e68552-c2ac-46ab-b349-d5252a071eca,2025-06-13,6315.65,fashion,0.273,card,0,25,0.119,tier2,1,4,evening,0.1913603605753747,0.0786,0
fc42d048-a49a-4865-9e2a-bee3567cc515,e681d0bc-7b6a-4813-b507-16b033d8251d,2025-04-09,4094.57,fashion,0.48,UPI,0,6,0.13,tier3,1,4,afternoon,0.2063369651501635,0.4636,0
143f3cd3-6dac-470a-9282-24c1edb0cd2f,a89b5af5-62f1-4369-ad1d-72d699aa1554,2025-02-22,782.91,fashion,0.163,UPI,0,2,0.11,metro,1,4,evening,0.07564649186667005,0.0723,0
77fb9d57-e212-474e-a2c5-925463130c96,551aee57-0df4-4a51-9afa-0babaf28b33a,2025-05-29,3041.21,fashion,0.264,netbanking,0,36,0.088,metro,1,4,evening,0.18168234468688693,0.0978,0
bc58f889-d54d-4514-9091-a032117b24f9,b36dde2e-e09b-4224-b113-133cdade54b5,2025-08-11,844.65,beauty,0.085,COD,0,8,0.162,tier2,0,2,evening,0.13745108080776064,0.1707,0
4a54f86b-62a5-4687-a196-c4a4a59c2423,bdf5e5de-7033-4345-ac37-819738c0e957,2025-01-08,488.34,fashion,0.268,card,0,36,0.261,tier2,1,2,evening,0.2211439005048725,0.1967,1
5e12a3dd-f433-4255-b3db-2de8c1dfcc10,488818a4-8adb-4718-b41a-823c7f2b2ab8,2025-04-08,511.87,fashion,0.233,card,0,15,0.177,tier2,1,5,night,0.25703386186733934,0.1452,0
9eab86af-303b-427c-9809-64c066efc005,4599a51c-2008-4079-839d-ecfc8f342f0e,2025-01-01,5300.18,fashion,0.198,COD,0,8,0.111,tier2,1,2,afternoon,0.18723773115835693,0.2583,0
33b28368-ec50-4c04-bf09-4504156303a3,8cabcba8-2b36-4f7e-984b-440baba9ad97,2025-08-22,250.0,home,0.21,card,0,21,0.21,metro,0,2,evening,0.27780100478810504,0.1782,0
57e89959-e6eb-4b73-b8bb-a42bba34666e,c3667960-275a-45b2-a2fb-3c154cf68002,2025-03-08,971.33,fashion,0.12,card,0,7,0.352,tier3,1,5,afternoon,0.42258989063174557,0.1909,0
10bdb897-af15-4fd8-993f-8478f6f0d688,dcc320e0-51d7-4f5a-b1cf-f774f3ea235f,2025-10-23,1288.94,home,0.75,UPI,0,28,0.145,metro,0,4,afternoon,0.08097222048102413,0.044,0
7631dff1-8317-469c-ae5b-f428a88e6027,7f892973-babf-4935-bab7-187b59d8b023,2025-10-04,453.48,fashion,0.228,COD,0,26,0.021,metro,1,1,night,0.2434169799043869,0.4328,1
4e06ee97-f8de-475a-af23-7d23a56b7cdb,d6fdc281-9e44-4959-9b10-94c0f2ca13ae,2025-10-19,788.11,fashion,0.117,card,0,5,0.598,tier3,1,5,morning,0.443593609971502,0.2852,0
5f39c999-3168-40bc-aa3d-d136eabbbcc7,7d759875-359f-4a5f-aea8-c18e69ae68d2,2025-09-13,346.69,grocery,0.243,card,0,4,0.17,metro,0,3,morning,0.2334842811017492,0.0136,0
73239ed5-9195-4ead-a5d9-607cd5585b79,48242df6-6544-46ca-8243-b23028d6d805,2025-01-24,1650.77,fashion,0.276,UPI,0,22,0.251,tier2,0,1,evening,0.1548544510371693,0.1591,0
14bfa9fb-2243-4f76-bd9c-4a1683a0e62f,ec513aca-b3ea-457e-b9fd-46a0fbbd0108,2025-03-10,7627.68,beauty,0.307,card,0,36,0.321,tier2,0,4,evening,0.19762424986659227,0.0529,0
7b09a884-6ac6-42c5-ae97-e00b1f6774e0,21644b40-c53f-493e-af3f-29e3483e3d9b,2025-05-10,1758.37,beauty,0.453,UPI,0,13,0.162,tier3,1,8,night,0.22287364608691065,0.1939,1
364db9c4-c7d0-489c-ad2c-1698e3dcba9f,ae9132eb-6eff-473e-998e-0c039ce43cc7,2025-06-23,1613.87,home,0.282,UPI,0,10,0.235,tier3,0,3,morning,0.19434600150643108,0.0317,0
d7fb9cf0-9640-4a31-bbdd-8bae7c7da2ba,82715f5b-0eb8-4809-b878-05fd95a15158,2025-03-26,381.25,fashion,0.595,COD,0,14,0.0,tier2,1,2,afternoon,0.021184252375003435,0.6658,1
748f5fb7-f17f-4d8e-9957-88567fedefa1,9cfbe601-0322-4c7f-a8fc-089374a870d3,2025-09-02,2388.12,fashion,0.225,COD,0,20,0.146,tier3,0,5,evening,0.2677657562695904,0.1936,0
e958b3b8-323c-4be5-ad56-a12f9bf2d4a5,c8a7524e-36b1-4fee-b565-91c6a8438582,2025-03-12,2541.35,electronics,0.062,UPI,0,4,0.097,metro,0,7,afternoon,0.15960867264431888,0.0326,0
49dc2dd2-bcdb-4a5c-9b5b-bcfdeec1d1a4,5a4e456a-7177-438a-a82d-59e0133f3eb9,2025-05-15,520.97,electronics,0.403,UPI,0,44,0.226,tier3,0,8,afternoon,0.23069756686430742,0.1083,1
64ae70f0-a045-4c82-85b5-97312f0250a7,7f1c3fa8-2bd8-47fd-ad17-ab142fab9d56,2025-08-30,1303.6,fashion,0.217,UPI,0,15,0.445,tier3,1,6,evening,0.2765406569294239,0.4335,1
41163a9b-61a7-4b7b-9410-bfc3fa01e0e8,72f61517-12bd-45af-9f3b-ee6e0907e0a5,2025-01-22,1013.1,fashion,0.09,COD,0,6,0.343,metro,1,1,afternoon,0.2810349509629501,0.4147,0
39f92046-0c3d-414e-9f4d-536e0f382871,887cd766-18e3-4ea8-a875-45653621258e,2025-06-29,1045.65,home,0.286,COD,0,3,0.465,tier3,0,4,afternoon,0.3724144400903301,0.489,1
51a4ad38-8718-48fb-aad5-32f2f5390ad4,f7243914-f259-4b3f-b4da-cc523ff04815,2025-03-12,4609.03,home,0.236,COD,0,30,0.143,tier2,0,2,morning,0.2798863894924076,0.1511,0
25a73712-8d61-41d3-becb-338799629abc,f4f9557a-86f4-4bf5-ae07-480ff58c6f7a,2025-04-11,1027.8,electronics,0.336,COD,0,15,0.079,metro,0,1,afternoon,0.04552205229964168,0.0362,0
e2944731-9a81-4422-a127-ee7b2bb9d93f,ac46d877-8423-49a6-902f-7054e0aa8316,2025-05-18,4428.93,electronics,0.427,UPI,0,11,0.0,tier3,0,4,night,0.05573145024510638,0.0305,0
e825c644-dd83-4820-8907-b00ad829e5ff,843adac9-4f66-4774-ac0f-6e7c28f43141,2025-06-17,2780.1,electronics,0.434,UPI,0,2,0.082,tier2,0,3,evening,0.10315842761541319,0.0489,0
c862adbb-fd43-4690-b362-522cc7bc3d99,b3f33ef6-3953-4fa2-b5c0-493473e40312,2025-03-20,2844.69,fashion,0.081,card,0,35,0.193,metro,0,4,evening,0.24874291058771908,0.0465,0
c7d1f5b5-31da-43db-be67-dada5e79a92f,f04fffa3-5b04-4da0-9f3b-8a6b87fc1e74,2025-09-07,1118.95,beauty,0.385,COD,0,30,0.281,tier2,0,5,afternoon,0.3517803851773976,0.4514,1
0e42bb92-14fc-49b6-9a0d-e778f2042a24,21644b40-c53f-493e-af3f-29e3483e3d9b,2025-05-17,4814.41,electronics,0.576,card,0,14,0.203,tier2,0,3,afternoon,0.22287364608691065,0.0686,0
6d84201f-79f3-4fdc-b29f-6c7d6d100036,babfffb7-a46f-4276-be6a-05750fb04212,2025-10-06,770.77,electronics,0.195,UPI,0,4,0.085,metro,0,1,afternoon,0.07820534188507672,0.0107,0
611c31ed-eb73-4489-bb9b-cd110e34a9c8,27ee70da-889d-4738-ab0e-9f0da960fec1,2025-05-31,250.0,electronics,0.032,UPI,0,1,0.188,metro,0,3,afternoon,0.32492766544731544,0.0276,0
c24ca0c5-8618-4172-bead-83fe949d1f6a,14fa1e07-e46e-4421-bcc9-efd97fda4448,2025-06-24,762.21,fashion,0.437,COD,0,9,0.207,metro,1,1,afternoon,0.2216976101384966,0.4999,1
378826af-1ba0-4b38-963f-9c3c841c2b2e,f7243914-f259-4b3f-b4da-cc523ff04815,2025-01-07,291.68,beauty,0.623,UPI,0,31,0.302,metro,1,2,evening,0.2798863894924076,0.1922,0
2d3adc76-8fea-4f80-82df-ca19a018d13b,b5daeff1-0e3f-47c3-be6d-6411c18d7d85,2025-05-22,8054.9,home,0.42,COD,0,8,0.279,tier2,0,1,night,0.12950940053657903,0.1435,0
4de30b17-c088-4788-87e9-fbc5ffdbd7b9,a853efee-ff59-4993-bc61-f78068b52bd2,2025-06-26,324.34,electronics,0.214,netbanking,0,6,0.082,metro,0,3,morning,0.11173338786746698,0.0505,0
e04a0188-2a52-492e-833e-c50080144ee9,4599a51c-2008-4079-839d-ecfc8f342f0e,2025-06-19,1020.78,beauty,0.404,UPI,0,9,0.265,metro,0,1,afternoon,0.18723773115835693,0.1169,0
f6bc5962-24a2-4551-9264-1e7e94ffde5b,b6da0c58-e09f-4c64-b488-90dde3c22bf1,2025-05-04,4492.09,electronics,0.445,netbanking,0,14,0.11,metro,0,4,afternoon,0.06852796151158619,0.0463,0
9e342bba-cfd7-49a2-a9d0-4212db23875a,087ee9ce-fda1-4086-b6dd-26263718e472,2025-08-07,480.21,electronics,0.168,UPI,0,3,0.332,metro,0,4,morning,0.2718983331475167,0.103,0
df581d54-4548-4fab-a429-ebd1ac782b54,3f175ef7-cb46-404c-ae55-2d22b3544172,2025-08-19,9024.7,fashion,0.67,UPI,0,37,0.0,tier2,1,2,night,0.048627470043128354,0.1686,0
2bd930b3-92f8-437f-948b-002eb3eca40c,9cfbe601-0322-4c7f-a8fc-089374a870d3,2025-01-26,1246.28,electronics,0.378,card,0,21,0.371,metro,0,1,evening,0.2677657562695904,0.1024,0
d56b1f3e-d5b2-4ab4-978b-e0d95f2402a3,6d81b599-cb53-46f9-8600-bf12fd1acddf,2025-02-18,702.34,home,0.489,card,0,15,0.148,tier3,0,6,evening,0.1373435706874969,0.1494,0
a0de888e-59c8-4015-88c3-91ab1d82611c,4a210397-e8f5-48f0-9b24-1863f194f342,2025-01-25,2319.84,beauty,0.691,card,0,7,0.678,metro,0,4,evening,0.7642110094338409,0.1895,0
1cc86913-153c-49c5-8ab2-b7831ed163f2,f1922c32-2521-4e63-8787-5b9056553ff0,2025-10-03,1041.76,fashion,0.392,COD,0,7,0.469,tier3,1,7,night,0.5633005631276558,0.9092,0
0bc688a5-0c50-4b94-8fee-1288f95871b7,4c3650cb-e088-4c11-a624-1102a42ebe08,2025-10-02,1590.9,home,0.194,COD,0,12,0.161,tier2,0,2,night,0.03297163095944513,0.1709,0
86afa728-dad2-4eb5-976d-eb3ad7c080ce,bf399c79-ed8b-467b-897d-934545d5ad52,2025-01-15,1825.41,fashion,0.056,COD,0,2,0.006,tier2,1,3,night,0.060512424782000425,0.1711,0
57de06e3-16f0-4d52-a1be-eb2463b8e1da,e7003096-072a-48a6-8f1e-8ff340a5abf6,2025-08-25,813.61,fashion,0.064,UPI,0,12,0.265,metro,1,5,afternoon,0.2568909066288726,0.1488,0
1dad9bde-56b0-45aa-b616-21cd2724faf4,3f175ef7-cb46-404c-ae55-2d22b3544172,2025-10-10,2207.83,beauty,0.204,COD,0,38,0.115,tier2,1,5,night,0.048627470043128354,0.2202,0
dee21725-6993-4440-a8c0-736048fbddff,e214ab93-bb11-4ddf-84f4-87f79b34191a,2025-07-17,19927.79,fashion,0.465,UPI,0,4,0.316,tier3,1,6,evening,0.3666490656306323,0.0735,0
7a8402c2-2e8d-4569-b51a-51600be45757,ade38847-ed43-40bb-86a7-c04000915ee5,2025-01-28,4416.15,beauty,0.439,COD,0,17,0.078,tier2,0,2,afternoon,0.14720873128711998,0.1358,0
95c7e0bd-0638-42e2-9965-97d8119385dd,545306b8-b7d7-4c35-bae6-27f070f2a394,2025-06-18,344.78,fashion,0.66,UPI,1,0,,tier3,0,4,evening,0.1084978665663723,0.2744,0
9d18e5b5-22d2-4d05-a406-fcad930d8a78,ad87b3e3-8b3e-438e-8994-51127b85c296,2025-09-22,1593.07,electronics,0.286,card,0,19,0.0,metro,0,9,afternoon,0.06067469417646223,0.057,0
e09334cd-8458-4a19-a6f9-9232a4b428b7,03155ba3-cd3a-4a32-9885-eaa1d5a0f4a0,2025-01-07,9413.15,fashion,0.138,UPI,0,21,0.509,tier2,0,2,afternoon,0.4955830568370258,0.0376,0
9815fcc7-83cc-4850-a09d-1971bdb09b36,c098bafa-20a7-4c6c-9fce-d433c8e83be7,2025-08-31,2986.0,electronics,0.121,card,0,28,0.283,tier3,0,4,afternoon,0.27580452681496,0.0113,0
338945b8-e4cf-4ed7-9747-24cc0504eb34,f87f5cec-4cc7-4356-8a1b-5e82f142a0e0,2025-08-06,250.0,fashion,0.154,card,0,22,0.151,metro,0,3,evening,0.2242312963277271,0.1453,0
d9a4496f-4b7b-4489-b7a9-792ff8f68475,bdf5e5de-7033-4345-ac37-819738c0e957,2025-10-16,820.61,home,0.399,UPI,0,37,0.071,tier2,0,2,morning,0.2211439005048725,0.0372,0
961b0824-10e0-4070-9179-41cc1464ec63,ae9132eb-6eff-473e-998e-0c039ce43cc7,2025-10-06,359.77,home,0.439,UPI,0,11,0.235,metro,0,2,night,0.19434600150643108,0.0513,1
c49daf71-3d66-4a84-beb3-d36c0d0acfce,1c6fcc45-e7c4-46e9-96c4-15861264031e,2025-04-14,250.0,fashion,0.152,COD,0,4,0.069,metro,1,5,evening,0.10854267231058526,0.3463,1
70d4575e-7d52-48ea-9ae7-0a2e92fe6f7d,61e68552-c2ac-46ab-b349-d5252a071eca,2025-01-05,409.46,home,0.297,UPI,0,26,0.083,metro,0,3,morning,0.1913603605753747,0.0628,1
e4ba5d1f-9411-4723-8b7e-1418233fcccd,2969daca-42b5-4be5-8e1b-371fea3f198f,2025-07-13,250.0,fashion,0.335,COD,0,4,0.512,metro,0,3,night,0.4893639098666145,0.3513,1
ff6331ae-9102-4b87-a176-7815df9fd137,f4f9557a-86f4-4bf5-ae07-480ff58c6f7a,2025-05-25,3492.05,electronics,0.071,UPI,0,16,0.059,metro,0,4,evening,0.04552205229964168,0.021,0
ad3e112c-2e88-4cb8-8b9c-90791a4d8566,eeb31956-eff1-4d4c-88b9-4562dc040f82,2025-02-04,359.78,beauty,0.343,COD,0,19,0.424,metro,0,9,morning,0.3706024922013499,0.4848,1
5a4848f4-2a07-405b-991b-dd20e12a022d,88b88e03-c936-4c7f-ba2d-52cf64525090,2025-03-13,2225.45,electronics,0.193,UPI,0,10,0.088,tier3,0,6,night,0.20459557629689876,0.0327,0
85ae6c54-f35e-485a-a74f-9ee43d42745b,dafa4cb3-c022-4df8-a53f-f33eccbb2af0,2025-09-10,2462.12,beauty,0.384,UPI,0,22,0.216,metro,0,3,night,0.21055725528180214,0.0749,0
ecd0b908-f6ce-4c92-b81b-950f007afcef,80cef85a-5938-4801-9fa5-9b6c0de0cc08,2025-05-06,1869.09,fashion,0.222,COD,0,22,0.113,tier3,1,3,afternoon,0.2042925306906814,0.4458,0
eda0aeb0-0008-455b-8bd3-8a76fd2b6363,4bc409c6-b5e2-418c-b091-811f237e5d34,2025-08-31,250.0,fashion,0.106,COD,0,9,0.107,metro,1,1,morning,0.24986565117884016,0.5179,0
4cb8109c-5cf4-4e4f-8ef6-91c72c3433bd,cba1f52f-9905-4405-b96d-4c622c0b248e,2025-04-12,3270.01,grocery,0.248,UPI,0,24,0.35,tier2,0,3,evening,0.4451782602422671,0.0321,0
bda3db37-47ca-41ca-b0c7-f354b85dc1d1,efca07b7-801d-4f4d-8fd4-f9471ea25c75,2025-09-03,439.82,grocery,0.235,UPI,0,22,0.442,metro,0,3,evening,0.3870026797871902,0.0128,0
d5530924-105e-46ce-a0d9-0dac7b107f98,8072997b-4154-420b-b82c-3e57d37444e3,2025-06-10,1377.9,fashion,0.428,COD,0,12,0.288,tier2,1,2,night,0.2676344641423701,0.8307,1
d36c0067-9250-4a5d-8725-7c5cf8eec0ca,e7003096-072a-48a6-8f1e-8ff340a5abf6,2025-05-05,2873.93,fashion,0.061,UPI,0,13,0.306,metro,0,2,evening,0.2568909066288726,0.0694,0
2ce92a06-fab0-4b0f-adf0-8694c3829002,2e47b7ee-0809-4ae4-8dd5-f4c88b6fe2c2,2025-05-14,353.28,fashion,0.113,netbanking,0,3,0.255,tier2,0,3,night,0.3607060487773846,0.1356,1
aa2f1626-d05e-42ce-a11f-0fada058d33d,eeb31956-eff1-4d4c-88b9-4562dc040f82,2025-06-07,479.33,home,0.067,UPI,0,20,0.393,metro,0,2,afternoon,0.3706024922013499,0.058,0
84dcac4b-332c-4909-aad6-eb66e076a333,e66cf7c0-8110-437c-9ade-4119f3d89dfe,2025-02-06,2753.33,electronics,0.181,UPI,0,4,0.46,metro,0,6,afternoon,0.2828521239790615,0.0657,1
4efdeb87-dfec-4d33-870b-e75cd1e621f9,8cabcba8-2b36-4f7e-984b-440baba9ad97,2025-07-09,4296.38,fashion,0.391,COD,0,22,0.121,tier3,1,4,evening,0.27780100478810504,0.485,1
751dcc99-1342-449c-a9f2-1611134eb865,03155ba3-cd3a-4a32-9885-eaa1d5a0f4a0,2025-04-28,410.17,home,0.508,COD,0,22,0.327,tier2,0,4,morning,0.4955830568370258,0.4551,1
ff3ab4e0-67ff-4efe-a74d-4071315b6466,d68bbbc3-6511-4b4d-b898-eb8a9a3435c0,2025-07-01,1046.46,electronics,0.523,UPI,0,17,0.043,metro,0,2,afternoon,0.0912579377429543,0.0485,0
7285fbff-2aaa-4cf3-8fe8-ea5d69aea140,14fa1e07-e46e-4421-bcc9-efd97fda4448,2025-07-04,1300.19,electronics,0.324,UPI,0,10,0.217,metro,0,2,evening,0.2216976101384966,0.0119,0
d62460da-cbef-448d-a8a1-9b4e9d81b21d,18ac91fe-d7d1-4831-a17e-7c06a5ec4af5,2025-09-07,250.0,electronics,0.49,netbanking,0,10,0.283,tier2,0,6,afternoon,0.24614417619698423,0.0999,0
aa30de28-8dc3-425f-92ae-42c7a709cba5,617c2dac-ff86-4a50-b68a-9e92a81ce5c4,2025-10-14,707.73,beauty,0.276,UPI,0,18,0.305,metro,1,2,morning,0.3565159652552688,0.15,0
f1c8ea8f-86be-4fef-8d09-004bb97689c9,7225f5ae-90ad-4587-8762-eced2c7f56e0,2025-04-10,576.26,fashion,0.307,UPI,1,0,,metro,1,3,evening,0.4716651692865587,0.3413,0
83a7c965-6048-4d27-9f06-8d80d70f1d30,9a625667-7231-477f-bae5-82ef700249d8,2025-08-28,4810.66,home,0.229,COD,0,1,0.342,tier3,0,5,evening,0.2447413991389511,0.0856,0
3e447d96-60c4-4df4-ac0b-a920f1299b74,412fdcc8-a20c-4ee8-986c-d10d8bf4a971,2025-03-08,542.02,fashion,0.253,card,0,10,0.698,metro,1,2,evening,0.6645072620284929,0.3,0
dea2e86c-92bc-4a95-abd2-8cee875ad2be,98659640-b801-4e58-9421-0479f83495ce,2025-08-08,2123.06,home,0.178,card,1,0,,tier2,0,3,morning,0.16298051973655406,0.1897,0
3f2ce74d-c225-4047-8681-a0738b69abe3,98194a7e-bbf7-4c7b-bd62-45a74d8af003,2025-03-30,582.79,fashion,0.186,UPI,0,2,0.742,metro,0,3,evening,0.6643987566463582,0.2422,0
99a9a6fc-aa6a-4093-8289-7a07bd4f4f4f,bb938fb0-f7e3-4439-81c2-183016893bb1,2025-07-03,1346.11,fashion,0.216,COD,0,2,0.453,tier3,1,7,night,0.3747717369370184,0.4445,1
b24d4c56-53b1-410f-86f2-3dbf3d1d0946,91d9555b-1d4d-4f40-aeaa-eb332e280fbc,2025-02-06,2798.35,beauty,0.119,card,0,8,0.073,tier2,0,6,night,0.15808045554802053,0.0207,0
45c588d7-271d-4066-af38-e740f5fb8742,e91e2377-ab20-429c-9819-8e4e857323a6,2025-08-29,869.37,fashion,0.225,UPI,0,10,0.377,tier3,1,6,morning,0.3734683492632352,0.1704,0
40b0177c-b5eb-42aa-8a13-2ec413cefcef,7577f5f5-f434-4ba2-be8d-bc819a90aa7d,2025-06-11,1443.52,grocery,0.499,UPI,0,24,0.055,tier2,0,1,afternoon,0.12936071938754626,0.0387,0
44314672-2afb-40bb-889a-464c8fc8102d,ca387ff8-0675-453b-aac2-60dc063177d4,2025-09-29,466.17,electronics,0.179,COD,0,4,0.321,tier2,0,5,night,0.2560233812776348,0.0703,0
d457a4ae-73c0-4b0f-9b8d-8bf8623139b5,cc825a9c-6ef8-48bc-90ca-0bc2af6a4e40,2025-07-13,17553.69,fashion,0.51,COD,0,12,0.366,tier2,1,2,evening,0.27966983742156076,0.1155,0
0efba83f-9a04-450e-a5b4-78e185eb1cd2,617c2dac-ff86-4a50-b68a-9e92a81ce5c4,2025-03-04,1000.37,beauty,0.169,UPI,0,19,0.379,metro,0,2,night,0.3565159652552688,0.1129,0
a7ccb4e2-78b3-4653-ab8d-de39927a79a0,8f93794f-cd0f-4e77-95b4-96c9a4bd0834,2025-07-16,683.13,fashion,0.145,COD,0,3,0.763,tier2,1,1,morning,0.7587990740316559,0.7088,1
a1a369ed-b84e-4a18-8a4c-b23751420e2f,c2369506-3b8b-463f-99ce-ce7cccacaf0b,2025-07-01,17346.38,electronics,0.372,UPI,1,0,,tier3,0,3,afternoon,0.5006305541191121,0.0171,0
c2827ada-6526-41a9-809f-00911fc4d449,3e1f62af-b83b-474c-84a3-3e02f8a64e1a,2025-07-06,250.0,fashion,0.112,UPI,0,4,0.221,metro,1,3,night,0.11495022682730283,0.3237,0
ded93846-a774-4547-8a0e-215cf8e97ae3,80cef85a-5938-4801-9fa5-9b6c0de0cc08,2025-10-18,250.0,home,0.427,COD,0,23,0.143,metro,0,3,afternoon,0.2042925306906814,0.151,0
8fbff1da-511d-4c61-b468-c75fecddebef,22c2ba19-c5f8-4c06-b445-29833dc88d67,2025-10-22,4135.17,beauty,0.086,UPI,0,4,0.378,tier2,0,2,morning,0.31973660715339725,0.0565,1
7f36b27b-a082-431b-b9ae-2cbb15bc2fc5,412fdcc8-a20c-4ee8-986c-d10d8bf4a971,2025-06-07,957.68,electronics,0.587,card,0,11,0.834,metro,0,5,afternoon,0.6645072620284929,0.1569,1
5e3eb477-22b7-40de-b007-226554cbd0ec,bdf5e5de-7033-4345-ac37-819738c0e957,2025-04-15,1764.91,electronics,0.601,UPI,0,38,0.188,tier2,0,1,evening,0.2211439005048725,0.0739,0
0278bbf8-aa5d-4d0e-81d2-16660d15941a,f511f812-b332-434e-84ac-a8d69f0d2875,2025-01-12,10463.7,home,0.093,UPI,0,23,0.0,metro,0,2,afternoon,0.1091421274751211,0.0129,0
308da789-a0c1-420f-8615-1e5828f8f9e8,ad87b3e3-8b3e-438e-8994-51127b85c296,2025-04-11,2744.65,fashion,0.267,UPI,0,20,0.07,metro,1,6,morning,0.06067469417646223,0.2136,0
d60e5a98-db29-4cfa-b80f-83938e8f929f,915abb39-22d8-45e0-a5b6-a6320aeb6892,2025-03-29,1632.61,home,0.437,card,0,11,0.201,tier2,0,2,morning,0.2732031279049196,0.0313,0
d65bfe40-aaec-45ca-a087-c7e881e18fbe,21644b40-c53f-493e-af3f-29e3483e3d9b,2025-08-20,261.9,home,0.397,UPI,0,15,0.143,metro,0,4,evening,0.22287364608691065,0.0421,0
945496ae-00b9-40db-b243-31aaae28557e,264713e0-0ea7-4880-9795-f6f977d4d71c,2025-07-08,5463.87,fashion,0.396,UPI,0,19,0.15,tier2,1,1,morning,0.1503348970823547,0.2102,0
1a15c5cb-707f-41c7-89b1-e0f48d8ce304,7f1c3fa8-2bd8-47fd-ad17-ab142fab9d56,2025-01-10,354.38,fashion,0.433,card,0,16,0.293,tier2,0,2,morning,0.2765406569294239,0.0978,0
a23f3772-447f-4a7c-8300-8d0c04794ca8,eded4543-f459-492f-b7c0-129218916835,2025-04-23,1454.89,electronics,0.098,netbanking,0,4,0.438,tier2,0,3,evening,0.3758845675178493,0.03,0
58384181-738b-4280-b5b7-711995a81c46,eb3734e7-2db1-4ac4-b236-df094ae1a077,2025-06-22,867.43,home,0.526,UPI,0,1,0.37,metro,0,5,afternoon,0.3702859929902147,0.1428,0
a9982eed-9dca-4f3f-bfde-bf53c52297c3,3f888151-69ed-4006-b5f2-68afced6201b,2025-10-15,2266.87,home,0.253,card,0,30,0.078,metro,0,1,afternoon,0.10820090543681238,0.0673,0
a6466901-d493-4fbe-9130-11847445e5ba,eb671c1e-81f6-496c-b68d-49ea47acde37,2025-09-16,1081.08,fashion,0.279,UPI,0,24,0.224,tier2,1,1,evening,0.18608348760507418,0.3208,1
f0a20e20-9ea5-42d5-8979-32bb6968de07,feb110b5-88cd-477f-98d9-c4648c9e917a,2025-05-28,8506.81,electronics,0.163,card,0,5,0.264,tier2,0,2,afternoon,0.28099909876364537,0.0064,0
f7a0ea48-06ce-4c9f-b189-6e4863526197,f4f9557a-86f4-4bf5-ae07-480ff58c6f7a,2025-03-21,3036.23,electronics,0.187,UPI,0,17,0.101,metro,0,2,morning,0.04552205229964168,0.0196,0
be91cca7-7063-47fd-b156-e2edc3bfc600,937f81a2-0c57-467d-869e-aaae2412816a,2025-06-13,2798.73,fashion,0.392,netbanking,0,19,0.15,tier3,0,7,afternoon,0.2365731909103324,0.1404,0
9ac48140-979a-44a3-b3f6-cf32c99717ad,3f175ef7-cb46-404c-ae55-2d22b3544172,2025-03-18,2586.05,fashion,0.111,UPI,0,39,0.022,metro,1,2,evening,0.048627470043128354,0.0642,0
3e9ac5a8-05dd-4162-9d1b-7d16ff87384f,c776ba30-a353-491b-963c-d4935829686c,2025-06-16,483.89,home,0.4,UPI,0,5,0.261,tier2,0,4,evening,0.2445339867991523,0.0424,0
3222c3e2-9116-44af-bdb5-2201ba1d6689,5d07b674-e2c1-45d2-b0b7-a706fe8328d1,2025-08-10,648.78,home,0.286,UPI,0,6,0.173,tier2,0,2,evening,0.1683531119228636,0.15,0
bf2d5ca3-053a-4e14-8522-26d5a1a6189c,844e1cc6-38c0-44c1-8fb0-2171c4ac07a9,2025-04-10,277.0,fashion,0.308,UPI,0,14,0.166,metro,1,4,night,0.09221080951028436,0.1861,0
69867c5a-2d64-4ac9-b272-3e22e7888cb3,c948d370-2dce-42ca-8472-af60b35f4c6c,2025-07-16,473.67,electronics,0.162,UPI,0,5,0.255,metro,0,1,evening,0.32814923883527064,0.0253,0
9b5301d9-a4e0-4197-9009-1c2a16fec011,9e9db8b8-b527-46e0-9e4b-211ffcef38a3,2025-06-18,7059.47,electronics,0.663,COD,0,32,0.312,metro,0,1,night,0.33315409272597374,0.1464,0
86bd02ce-59cd-44c0-a534-b0ad818edf3a,a1db3b0e-0b50-4d44-8a62-d6848553171b,2025-02-14,1322.5,grocery,0.386,UPI,1,0,,metro,0,1,afternoon,0.08675067656491325,0.0618,1
c0ed7525-f8d3-4c56-bac6-21a16ef5367f,76e3ab4e-0d33-4910-81b9-f0f04685b7d6,2025-09-02,1282.09,electronics,0.256,COD,0,15,0.143,tier2,0,3,evening,0.06842336486313001,0.1838,0
7d937cff-bdd1-4604-b015-9b119260cf7c,ae9132eb-6eff-473e-998e-0c039ce43cc7,2025-04-08,250.0,beauty,0.628,COD,0,12,0.216,tier2,0,2,evening,0.19434600150643108,0.3088,0
bfa332c9-b750-45e7-a943-68af89e7dca3,9cfbe601-0322-4c7f-a8fc-089374a870d3,2025-07-17,3864.91,electronics,0.183,COD,0,22,0.179,metro,0,2,morning,0.2677657562695904,0.0558,0
d5409427-8fd4-4b3a-b495-9a177e047bd0,2fc6afa7-2705-415e-9700-b4f6cc268053,2025-04-27,1902.15,electronics,0.47,COD,0,6,0.441,tier3,0,3,night,0.21207519145076628,0.2638,0
58cc4024-22ac-40d0-983a-74226b3858d3,4bc409c6-b5e2-418c-b091-811f237e5d34,2025-06-29,1209.57,fashion,0.157,COD,0,10,0.344,metro,0,4,evening,0.24986565117884016,0.3331,0
a8187c53-9d27-4b48-b1e2-24c41821e696,8f067d15-412d-40db-b9f2-a2103e13290f,2025-08-16,458.91,fashion,0.051,COD,0,3,0.0,metro,1,3,morning,0.02235684262044825,0.1633,0
2d7260bd-c99a-4a0a-b9a2-705808bd5d7d,a08bc761-e2d2-46cc-952a-3d23d15d5fac,2025-02-03,4728.26,fashion,0.401,COD,0,21,0.205,metro,1,7,afternoon,0.30018529874356914,0.2329,0
dcc006f8-d8cb-4103-a9bc-2c6335732754,cba1f52f-9905-4405-b96d-4c622c0b248e,2025-06-28,4815.42,grocery,0.026,netbanking,0,25,0.438,metro,0,1,afternoon,0.4451782602422671,0.0187,0
c570a1f9-6dea-4510-95e9-0a93b842b4ab,b732b9b1-5184-4f45-af4d-630b007d8b56,2025-01-03,547.75,fashion,0.324,UPI,0,23,0.424,tier3,0,5,afternoon,0.3974441051585353,0.2576,0
e413779b-6f75-4bfe-a008-e691c9ac10ed,90d4ab83-9a96-4a21-9db9-c0621084e983,2025-05-27,250.0,fashion,0.183,UPI,0,21,0.34,metro,1,3,evening,0.29832839962512075,0.2203,0
e95ab280-d0a1-4eb0-b772-9588bf1310bb,e46f6f26-c239-4aa1-9c65-1209e9e43c60,2025-01-20,1423.89,beauty,0.107,COD,0,16,0.228,tier3,0,6,night,0.24597285000833133,0.2632,0
04eefdd9-4812-4e5e-b4e9-8953181b384d,babfffb7-a46f-4276-be6a-05750fb04212,2025-04-01,315.62,fashion,0.087,UPI,0,5,0.14,tier2,1,1,afternoon,0.07820534188507672,0.1641,1
494a0611-7abc-4ced-86d3-54ddc48d4d2e,f7243914-f259-4b3f-b4da-cc523ff04815,2025-10-17,278.85,beauty,0.058,card,0,32,0.135,tier2,0,5,morning,0.2798863894924076,0.1314,1
bcd28a46-12cb-40b2-8b7d-acd82e20044b,cc825a9c-6ef8-48bc-90ca-0bc2af6a4e40,2025-10-04,1055.06,grocery,0.101,card,0,13,0.329,metro,0,2,morning,0.27966983742156076,0.0251,0
d0b05654-41ad-4fe0-9ce5-a14ec86d48ee,8082d311-c63a-4f6d-b277-9d323cd6588a,2025-04-22,332.52,electronics,0.43,UPI,0,4,0.103,metro,0,4,evening,0.15860848909227618,0.0495,0
4f9a58e5-d876-433f-b5eb-e2257b87f1ec,475cfcc6-88df-4e49-810d-e60c6915e823,2025-06-30,1151.6,beauty,0.203,UPI,0,6,0.176,tier2,0,6,afternoon,0.2511919731705291,0.0546,0
20791608-d83b-4390-82f5-58daefb51d4f,75eeaa53-7844-43df-bc21-e13cd628ffb7,2025-08-29,2112.21,grocery,0.579,UPI,0,7,0.254,tier2,0,8,night,0.20763912883986363,0.0498,0
1146fbfa-13c1-43bf-87b2-c091a3e7a570,47cb53b5-07a8-4133-916b-09b281c51f88,2025-04-22,562.99,fashion,0.614,COD,0,9,0.184,tier2,1,4,night,0.35614412579298554,0.71,1
b5f67903-95bc-4146-9b44-83ccc06cc9e4,02ffec55-c4c8-4c8f-bbb3-f771110e44c2,2025-05-02,3134.73,grocery,0.548,netbanking,0,6,0.419,tier2,0,3,evening,0.43544254381347786,0.0792,0
5b44c3bd-2f05-4f51-8344-889c497bbe02,f511f812-b332-434e-84ac-a8d69f0d2875,2025-04-22,343.8,home,0.243,COD,0,24,0.141,tier3,0,3,afternoon,0.1091421274751211,0.0972,0
0bebc8d8-3c85-4197-9cf3-7e40e554c204,d95f3748-692e-4e76-a57e-8be24ad5336d,2025-07-21,1063.73,fashion,0.307,card,0,3,0.121,tier2,1,4,afternoon,0.12605441282590366,0.3036,1
0279e79e-96e7-41c1-b2c0-494fd5429cf2,babfffb7-a46f-4276-be6a-05750fb04212,2025-07-29,433.34,home,0.283,UPI,0,6,0.099,tier2,0,1,morning,0.07820534188507672,0.0609,0
c5d22f07-afac-4c49-abf2-e4d111010d31,844e1cc6-38c0-44c1-8fb0-2171c4ac07a9,2025-07-01,888.63,home,0.171,COD,0,15,0.157,tier2,0,4,morning,0.09221080951028436,0.4161,0
a21f4052-ad30-4a5d-91c6-55076c016e9c,7f892973-babf-4935-bab7-187b59d8b023,2025-02-13,1344.32,beauty,0.14,UPI,0,27,0.281,tier2,0,4,evening,0.2434169799043869,0.1409,0
8a34a624-e6bb-493a-987b-f89e25acbe94,7d8ad8e7-c1a0-4266-8d87-cac7c06a3728,2025-10-10,1103.48,fashion,0.235,COD,0,4,0.34,metro,1,4,evening,0.3750474517068999,0.4257,0
59e00dd5-b2e3-4911-b627-f6f50b354795,babfffb7-a46f-4276-be6a-05750fb04212,2025-06-08,801.24,beauty,0.171,UPI,0,7,0.167,tier2,1,3,evening,0.07820534188507672,0.0669,0
60a2b29f-4488-44fc-aa67-0df28f0c74ce,844e1cc6-38c0-44c1-8fb0-2171c4ac07a9,2025-03-27,2009.25,electronics,0.221,COD,0,16,0.0,tier3,0,2,night,0.09221080951028436,0.0597,0
50f9df65-980d-42b4-a9a9-826c6e7244ce,3c199261-e6e2-42ad-b4e0-535e7eb5a1c0,2025-07-08,701.07,beauty,0.35,COD,0,11,0.339,tier2,0,1,afternoon,0.3389478327833424,0.2375,0
b87c842c-d38a-40e8-8831-e5575e1d551d,61ae023e-6ada-495e-a057-0f2fa2e1887b,2025-01-16,1333.28,home,0.23,COD,0,5,0.0,tier3,0,4,afternoon,0.10073875282927403,0.3453,0
b87ae37e-5f0d-472f-9a32-58fbfe5f218c,f7243914-f259-4b3f-b4da-cc523ff04815,2025-10-06,4322.57,beauty,0.241,UPI,0,33,0.203,metro,0,5,afternoon,0.2798863894924076,0.0362,0
82b422ba-9e2a-4f95-95a1-a703b04cc719,37407cb6-5b5f-4c6d-8d6f-fd7473362bdb,2025-05-01,3653.91,beauty,0.377,card,0,7,0.155,metro,0,4,morning,0.24074547305735522,0.0628,0
ee057157-0cf2-4731-9683-3e4fc2cc4ad2,5c791762-5ecf-4b7d-854a-04effcf2f201,2025-03-02,1243.93,electronics,0.245,UPI,0,2,0.121,metro,0,2,evening,0.13082075119550465,0.0325,0
9064424a-31d1-470c-a15b-a1041d90f177,6741beec-5e04-4bdd-9202-60c1031010f8,2025-08-25,1856.45,home,0.655,UPI,0,3,0.18,metro,0,1,evening,0.20115272590154482,0.0856,0
5cc676b2-e48e-46d5-a79a-137ae4e549a0,bdf5e5de-7033-4345-ac37-819738c0e957,2025-04-11,689.75,grocery,0.181,card,0,39,0.25,tier2,0,6,night,0.2211439005048725,0.0299,0
3e53199b-39ea-4ffe-9335-e0b8b1849dbe,366eeefc-701f-415d-a6e8-0090ed33caa4,2025-09-09,1163.92,electronics,0.435,UPI,0,11,0.727,metro,0,2,afternoon,0.668440832463893,0.2648,0
5a144501-3c03-493b-b663-b3b30897a359,efca07b7-801d-4f4d-8fd4-f9471ea25c75,2025-06-01,1971.31,home,0.275,netbanking,0,23,0.308,tier2,0,3,afternoon,0.3870026797871902,0.1218,1
bc8ec2e7-eac0-4d8c-bd2f-74a072346c4f,ec513aca-b3ea-457e-b9fd-46a0fbbd0108,2025-10-19,1578.48,fashion,0.235,UPI,0,37,0.195,metro,0,3,afternoon,0.19762424986659227,0.039,0
2ff5e83d-2b00-44bc-aa01-eaa1c45c87de,896a9142-c32d-4e97-8656-8e4c80bb0c0e,2025-01-22,360.4,fashion,0.232,COD,0,14,0.093,metro,1,6,afternoon,0.09634270484326586,0.2233,0
256b5183-443c-43d9-8dd9-3f334be68f08,93d11106-41d0-4c5d-ac79-1d9d6f90bcbf,2025-01-09,2635.02,grocery,0.301,UPI,0,12,0.121,tier2,0,2,night,0.052918216172000036,0.0333,0
9a095710-9bd3-4dc9-8e31-cd529cac1cee,5a4e456a-7177-438a-a82d-59e0133f3eb9,2025-07-23,7448.81,fashion,0.271,UPI,0,45,0.318,tier3,1,4,evening,0.23069756686430742,0.2239,1
30dec5fe-19e5-4be8-b095-f4f5053b7b6b,9b953703-f2f8-4d8c-8268-2a1ea047d3a4,2025-01-07,426.88,fashion,0.356,netbanking,0,2,0.548,tier2,1,2,afternoon,0.49997027811458317,0.2688,0
ad054a18-c67e-4b5c-822e-23b5e3616dd1,c7c7d746-9375-4232-8ea9-ffb11c594fc0,2025-06-24,1040.04,fashion,0.467,netbanking,0,5,0.356,tier2,1,3,evening,0.40080141861945334,0.29,0
0ecdd81d-4fec-4657-b70b-efdb1c254337,f03be7b6-589c-4dfc-a5f8-c0f89d4406ff,2025-05-04,1369.68,fashion,0.328,UPI,0,9,0.0,metro,1,4,night,0.06565876288364696,0.2485,0
a0942a24-8925-4217-ae51-e37ede0d1659,4c3650cb-e088-4c11-a624-1102a42ebe08,2025-10-18,250.0,fashion,0.137,COD,0,13,0.01,tier2,1,4,night,0.03297163095944513,0.435,0
b4b6c9b3-5d72-43e7-9015-a50c357b6712,3ae5d8e2-1cd9-49fe-a877-331f08d4c8e0,2025-03-17,2032.22,beauty,0.281,UPI,0,6,0.29,metro,0,1,afternoon,0.22359865383939137,0.0697,0
42e5ec08-1656-4331-be81-95f1d1d1e151,c4b063a5-b106-4a12-9500-549faae0252c,2025-01-18,635.73,electronics,0.282,UPI,0,3,0.071,tier3,0,5,afternoon,0.05810633967327533,0.0755,0
55ab1997-fcab-45b0-b172-7fa79ba3cf8b,c74291cc-50dd-48a2-918a-2263305eb957,2025-03-16,1616.59,fashion,0.201,card,0,24,0.278,tier2,1,2,evening,0.2897378778415542,0.1817,0
3b9ee4ae-695e-412f-88f2-f6b00c9deecb,f6f67e36-a121-4df1-ba73-a6fd9499076a,2025-06-30,1196.93,fashion,0.499,card,0,4,0.168,metro,1,2,night,0.1410237131485087,0.1954,0
168b8eac-e8cc-42a0-a545-45eeb4c4a9b5,66ae49f0-46d4-4030-87d4-59cee04caa99,2025-09-25,250.0,fashion,0.226,UPI,0,8,0.068,tier2,1,1,night,0.07704457522442643,0.301,0
7608e586-c60f-4a83-a231-9be8074a7808,754ee000-0eb3-4857-a2e8-476c39a286c0,2025-05-21,280.77,beauty,0.363,UPI,0,9,0.28,metro,0,3,afternoon,0.2831068452109286,0.0718,0
047de720-5824-4851-b53d-6cfa8fb024b5,8506b021-403c-46b4-ab99-86649962eacc,2025-05-08,850.77,home,0.639,UPI,0,3,0.03,tier2,0,1,evening,0.03200477582582108,0.0772,0
6a2e4d9c-3e8a-4bc3-abd7-a3610bac7987,57c29481-3bfa-4690-879f-2cab6c2fd05a,2025-04-14,972.26,beauty,0.136,netbanking,0,14,0.212,tier3,0,4,night,0.1838032082155034,0.199,0
f5078fad-844b-42ff-b2c0-5b2db944af4d,efca07b7-801d-4f4d-8fd4-f9471ea25c75,2025-06-30,4295.56,fashion,0.057,netbanking,0,24,0.305,metro,1,1,afternoon,0.3870026797871902,0.0662,0
25ed88ec-0089-4f3a-b113-ae94b87e29bd,ade38847-ed43-40bb-86a7-c04000915ee5,2025-04-18,2725.09,fashion,0.293,card,0,18,0.124,tier3,1,5,afternoon,0.14720873128711998,0.3953,0
3aeebe3b-a682-40ea-ab15-599045c10983,617c2dac-ff86-4a50-b68a-9e92a81ce5c4,2025-04-18,2516.65,fashion,0.026,UPI,0,20,0.286,tier2,1,4,evening,0.3565159652552688,0.1608,0
e3189c92-fad2-4474-8360-7cb831d45a44,deee1f9c-422d-4574-b2fe-139168146240,2025-06-19,250.0,fashion,0.305,COD,0,2,0.333,metro,1,3,evening,0.40238115717858614,0.518,0
015db132-e5d4-4fdd-9e6e-5d2a4fd9a441,fcea3d1f-6b6c-4b8a-973b-e7ef9eb62cae,2025-07-14,797.77,fashion,0.061,COD,0,2,0.111,metro,0,3,evening,0.08260669207550075,0.2161,0
25f22b7e-5531-4775-ab10-610e67dd7ad9,ed599b6e-2d8f-4189-929f-bf2dbd05f32d,2025-02-25,593.7,fashion,0.439,card,0,7,0.496,tier3,1,2,evening,0.46015210405281526,0.5751,0
cfde9238-09db-4b6e-ba83-5054d24f32ce,dcc320e0-51d7-4f5a-b1cf-f774f3ea235f,2025-07-31,3379.86,fashion,0.457,UPI,0,29,0.1,metro,1,1,evening,0.08097222048102413,0.2944,0
e841506c-1dee-47a1-928f-d970819ca70d,295aecae-d2c7-4cb8-a2d7-dda883f0feb4,2025-10-03,1048.62,electronics,0.451,UPI,0,2,0.195,metro,0,5,evening,0.15600093316577332,0.0509,0
7b6a0014-8476-4968-9d09-4e060676fec0,915abb39-22d8-45e0-a5b6-a6320aeb6892,2025-07-04,1154.58,grocery,0.185,UPI,0,12,0.339,metro,0,4,morning,0.2732031279049196,0.0332,0
6250565c-a0fb-4335-9233-3fb4f9553afc,b1a9a01f-60a0-474a-9f62-ee2f1e71fa7b,2025-06-10,765.86,grocery,0.409,COD,0,1,0.526,metro,0,4,afternoon,0.4570029919844534,0.118,0
b8634a9b-b17b-4b61-9d1f-467741a46ae0,fd6cccad-5f4f-45ca-8142-59059b87515b,2025-05-31,9790.18,fashion,0.037,UPI,0,41,0.165,tier3,1,7,night,0.2595265118239566,0.0538,0
3a9cdddf-931d-4a9c-a1f9-dd2aff23fcd0,50dc3803-1af4-4a0a-8917-ca0e73db20ad,2025-07-01,2063.45,home,0.434,card,0,14,0.353,metro,0,1,afternoon,0.3098477304837669,0.0896,0
6a91b5b1-013d-4ead-ba2a-e4a3b1186ef3,617c2dac-ff86-4a50-b68a-9e92a81ce5c4,2025-03-01,860.66,fashion,0.135,UPI,0,21,0.287,tier2,1,3,evening,0.3565159652552688,0.2952,0
0f2f8ab2-9a43-4ef6-9556-de616e10f640,0fc1c1ab-b781-4d50-9d85-9900bab12268,2025-05-17,250.0,electronics,0.465,UPI,0,3,0.116,metro,0,4,morning,0.09630629790643759,0.0345,0
88e07ac7-335b-49ee-9bba-6cb0d5334006,cb03e063-2d4a-4cc8-bfc8-902ef4068b93,2025-03-10,1030.69,fashion,0.204,COD,0,3,0.178,tier3,1,5,evening,0.13948659265221522,0.2457,0
48b300f0-0d01-4b93-b475-42abde88ed70,4b641fb2-3437-4f0f-9c67-9222d63bef6e,2025-07-29,2897.31,grocery,0.07,card,0,16,0.115,metro,0,5,evening,0.3016559281489719,0.0067,0
2ecd517f-eed9-4144-9e32-5d9b8ef8c605,041cf125-f1c4-4f04-95ec-a4fd5838d35a,2025-09-02,332.77,fashion,0.227,UPI,0,7,0.501,metro,0,1,night,0.3408921063238981,0.1208,0
f15d2fa8-81aa-4885-b939-00e258984fe4,551aee57-0df4-4a51-9afa-0babaf28b33a,2025-07-23,6935.05,beauty,0.543,UPI,0,37,0.07,tier2,0,5,night,0.18168234468688693,0.1007,0
5def01cb-e968-4d39-b763-1ad2ae8c2542,f04fffa3-5b04-4da0-9f3b-8a6b87fc1e74,2025-08-06,705.72,home,0.287,UPI,0,31,0.351,tier2,0,2,night,0.3517803851773976,0.0606,0
2f7620df-a14d-4052-a679-7f727aaaa0cc,5644e802-a267-4eeb-bd8e-cdf3be61d5d6,2025-09-29,1231.12,home,0.468,COD,0,4,0.312,metro,0,2,night,0.3923137330147234,0.3057,0
3ba37d69-ce18-48ad-b289-ce47276ff054,3d51b281-7585-4d43-aefd-40a803a1bf4f,2025-06-10,250.0,home,0.103,card,0,20,0.262,tier2,0,2,morning,0.24645297721478737,0.1208,0
57cab1f2-91dd-4e61-a1b6-0bc7fdec20ec,e8f694f4-75c7-4b9d-8461-3f6fce844e62,2025-05-11,424.01,home,0.461,UPI,0,14,0.192,metro,0,3,night,0.10058728392504118,0.0535,0
dbfd7699-9d1b-4069-9ae7-c857ee2e9222,b2260d18-fffa-4383-9ce1-cdafe986cab2,2025-09-23,639.67,fashion,0.191,card,0,37,0.514,tier2,1,1,afternoon,0.4468118022423648,0.4945,1
af1462d7-9694-4df6-bad8-12440cd2ce5b,d6fdc281-9e44-4959-9b10-94c0f2ca13ae,2025-07-09,267.45,beauty,0.259,COD,0,6,0.496,tier2,0,2,morning,0.443593609971502,0.4161,1
4e526a08-85f5-4fa0-95ee-a46226355542,37407cb6-5b5f-4c6d-8d6f-fd7473362bdb,2025-03-22,250.0,electronics,0.063,COD,0,8,0.171,tier2,0,5,morning,0.24074547305735522,0.0666,0
27d991ec-6b50-4935-9ea9-5cd88181149c,ac46d877-8423-49a6-902f-7054e0aa8316,2025-09-26,1824.46,fashion,0.346,UPI,0,12,0.032,metro,1,2,afternoon,0.05573145024510638,0.1196,0
9dea2ea3-ce2c-4c8a-ba7c-34498c198960,e2862c03-9c26-403e-abb1-ba442001a3b1,2025-08-23,2094.19,electronics,0.234,UPI,0,2,0.479,metro,0,1,afternoon,0.5259008100699633,0.0369,0
81791538-07aa-4d67-940d-443b9d4020bc,07a92d2c-8c2e-4fb1-85f3-8f78e6c7b100,2025-10-27,1714.33,grocery,0.238,UPI,0,7,0.364,metro,0,4,afternoon,0.4069919336009818,0.0245,0
c06981dd-3a6b-4e61-ad10-df9649971e4f,a08bc761-e2d2-46cc-952a-3d23d15d5fac,2025-03-25,687.47,grocery,0.295,UPI,0,22,0.158,tier2,0,1,night,0.30018529874356914,0.0408,0
1bcb232d-e241-48b1-acce-42e73d3d27e0,c8a7524e-36b1-4fee-b565-91c6a8438582,2025-07-02,307.72,home,0.097,COD,0,5,0.085,tier3,0,5,night,0.15960867264431888,0.1139,0
f24776f8-a6c6-40c8-989e-7df343e8d00a,ad87b3e3-8b3e-438e-8994-51127b85c296,2025-06-16,250.0,fashion,0.044,COD,0,21,0.048,metro,1,3,afternoon,0.06067469417646223,0.3266,0
e772ed5a-d0ea-442d-9e47-69b0a46175ab,5442b3fa-7b5b-4506-9700-1b1fed13fb7c,2025-08-28,1921.4,home,0.356,COD,0,2,0.23,metro,0,1,afternoon,0.1290336246566356,0.174,0
3fa86ff0-a015-4084-82ef-8b7da1742b9a,957f8462-6bb6-488c-8360-f0a6cde9bfec,2025-10-18,8047.35,grocery,0.513,COD,0,13,0.207,tier2,0,7,afternoon,0.20154150931374812,0.0344,0
452f33aa-bea4-4abb-9bf4-92ca44a8618a,f7243914-f259-4b3f-b4da-cc523ff04815,2025-09-28,250.0,grocery,0.416,UPI,0,34,0.25,metro,0,2,morning,0.2798863894924076,0.0484,0
25dc8c19-68ab-41eb-98c8-6c7ff32559ab,82715f5b-0eb8-4809-b878-05fd95a15158,2025-06-03,421.33,fashion,0.22,COD,0,15,0.0,metro,1,3,evening,0.021184252375003435,0.4773,1
867f9bd9-c132-4814-8471-28340d1c4c12,93d11106-41d0-4c5d-ac79-1d9d6f90bcbf,2025-07-24,5945.32,fashion,0.154,COD,0,13,0.098,tier2,1,2,afternoon,0.052918216172000036,0.1845,0
e60d6c5a-31f0-40ec-9a4b-cac97fa8e42b,f87f5cec-4cc7-4356-8a1b-5e82f142a0e0,2025-07-29,503.75,beauty,0.349,UPI,0,23,0.212,metro,0,3,evening,0.2242312963277271,0.1305,0
f39131b0-01be-47f2-b48d-301f2cb974c3,4c19ca15-e9d8-445e-9a4a-ef49bd34d343,2025-09-18,1478.8,fashion,0.165,card,0,29,0.241,tier2,1,2,afternoon,0.24706696213115537,0.1109,0
45567e8c-5569-407e-b050-fa36bc30a46d,2e69e260-0ee4-43cf-9c88-a409981081c6,2025-01-05,8272.16,home,0.153,netbanking,0,15,0.404,metro,0,1,afternoon,0.41585134920398,0.0578,0
1eff575e-fbf9-4f1e-a260-5b444cc50c2d,50c93afd-1b89-4f33-8ccb-21eeea3f4048,2025-03-18,929.07,electronics,0.154,card,0,6,0.199,tier2,0,1,night,0.23305342178158567,0.0629,0
bff03e42-bf6d-4ecc-82b1-43dbf3ea92b9,f697590d-f50d-4802-8968-8e26c502eb3e,2025-08-07,1272.48,home,0.424,card,0,8,0.231,metro,0,1,evening,0.26335659719559446,0.1139,0
a9cefe1b-ae74-4c01-b84f-653b79b9187f,9e9db8b8-b527-46e0-9e4b-211ffcef38a3,2025-04-04,2099.89,electronics,0.389,COD,0,33,0.31,tier3,0,3,afternoon,0.33315409272597374,0.1518,0
5f78a7e8-4e04-44d9-b665-b9171467c0d0,ab402b2b-f644-4050-9b7a-256960a2b70d,2025-05-18,1113.73,fashion,0.34,UPI,0,13,0.35,metro,1,4,morning,0.2537284053397563,0.3259,1
3f16701a-4738-488e-985e-d12e44a10bc7,d2951b9d-49eb-4eef-8467-6d832ad3d8ac,2025-05-07,1527.23,electronics,0.095,COD,0,14,0.12,metro,0,1,evening,0.19975800750299405,0.097,1
b3d719a6-a3f0-4d47-9a22-60b3cf2aa597,e1b869a4-d9a8-4505-b847-1920324a5e4e,2025-05-23,2376.28,fashion,0.252,UPI,0,3,0.142,tier3,1,6,evening,0.20321741031586962,0.3433,0
ff29dba3-ad66-4261-b11c-cf63b26cc59a,b1a9a01f-60a0-474a-9f62-ee2f1e71fa7b,2025-05-10,830.92,fashion,0.531,UPI,0,2,0.41,tier2,0,4,night,0.4570029919844534,0.4246,0
793082ac-8873-42a7-a699-915bc5ebea2c,e8f694f4-75c7-4b9d-8461-3f6fce844e62,2025-10-10,1263.5,beauty,0.198,COD,0,15,0.074,metro,0,6,evening,0.10058728392504118,0.1353,0
78c9820d-775b-47f6-a005-61452108302c,c328bdf6-8469-4dd7-94aa-166a5d515d1f,2025-03-16,453.35,fashion,0.136,UPI,0,6,0.155,metro,1,4,night,0.152939181594962,0.2806,0
a0b0e027-f6a1-4156-9cc8-146fe4043c3b,d684615e-b5d2-4dff-856f-f7aa94f57139,2025-01-01,3350.96,electronics,0.362,UPI,0,16,0.41,metro,0,5,evening,0.391147140695262,0.08,0
b65857d1-dac3-4c0f-a2cc-6fd0087b35cd,fcad361d-37b1-48e4-ba15-27f5efd12bd2,2025-10-25,513.08,beauty,0.592,UPI,0,16,0.408,metro,1,5,night,0.3926881472493449,0.1732,0
fae3c7b8-deba-4ed5-9c0f-ce13d9101e1e,676c4a16-07aa-45fa-8ad1-17b29a2b6de4,2025-03-18,5872.65,beauty,0.327,card,0,15,0.314,tier2,0,1,night,0.2901295476709541,0.139,0
6a3e5543-0663-4e6f-828b-8a53984fe8f3,b36dde2e-e09b-4224-b113-133cdade54b5,2025-07-01,1213.43,fashion,0.254,UPI,0,9,0.119,tier2,0,2,afternoon,0.13745108080776064,0.0765,0
ca216449-51e1-4864-9dcb-5943e26a02db,9e9db8b8-b527-46e0-9e4b-211ffcef38a3,2025-06-12,2064.78,fashion,0.375,UPI,0,34,0.204,tier2,1,5,evening,0.33315409272597374,0.2591,0
5768ce31-6a0e-4e9e-8443-f4f1b7bbe0ff,f511f812-b332-434e-84ac-a8d69f0d2875,2025-08-20,1715.36,fashion,0.238,COD,0,25,0.167,metro,1,4,morning,0.1091421274751211,0.3825,0
291c16c1-470a-4a98-ab52-669f1d7121fd,e5a6b7a7-ed88-4924-9865-37d2498eaca8,2025-09-21,318.54,grocery,0.269,UPI,0,12,0.529,metro,0,3,afternoon,0.5527709467025828,0.0282,0
f5cd2ed8-2b27-49e5-b79d-5ce362417487,bd3c3573-0103-48f0-b2c0-b7ec007b2db3,2025-06-19,344.59,home,0.507,netbanking,0,21,0.308,metro,0,1,afternoon,0.23310699843617838,0.1722,0
1764653a-f73b-47d1-8cd0-943d86ad190b,530bbe2d-ad3a-48f9-bc50-6461db39ef79,2025-03-11,712.3,electronics,0.246,UPI,0,25,0.371,tier2,0,2,afternoon,0.5144941083307562,0.0599,0
ec4ac63a-59a4-43a8-a277-6d9362dcf55d,13305eb5-fa9e-4ad0-82e5-51bd1825bb0e,2025-10-27,2654.84,fashion,0.263,netbanking,0,27,0.0,metro,1,7,afternoon,0.06015710717930573,0.074,0
4a20c4ba-21d2-4ed3-b32c-53cdbe674b08,b732b9b1-5184-4f45-af4d-630b007d8b56,2025-04-02,451.29,fashion,0.217,UPI,0,24,0.297,metro,1,7,evening,0.3974441051585353,0.19,0
180bdb0f-b329-40ba-a867-fa62379e77b4,c74291cc-50dd-48a2-918a-2263305eb957,2025-06-05,1192.77,fashion,0.267,COD,0,25,0.205,metro,1,2,evening,0.2897378778415542,0.1913,0
8d4bedeb-a04a-4cb2-828d-1b6536317277,f04fffa3-5b04-4da0-9f3b-8a6b87fc1e74,2025-05-05,7941.26,grocery,0.092,UPI,0,32,0.147,tier2,0,2,night,0.3517803851773976,0.0036,0
9a47e23d-4595-4fba-aa7e-7b722beda602,866a73ad-aed0-45a7-8aa9-0f977637a9ea,2025-03-07,13308.71,home,0.181,UPI,0,6,0.174,metro,0,1,afternoon,0.16757657415686808,0.0142,0
513d93b0-cb10-40ad-b4da-7b52beb4a0dd,4942d716-fa51-452f-aeaf-c11d692c023b,2025-02-26,864.99,home,0.34,netbanking,0,4,0.2,metro,0,4,evening,0.19943866470802457,0.0281,0
3c3b33d6-5f10-4de3-8719-6262efc598e7,dcc320e0-51d7-4f5a-b1cf-f774f3ea235f,2025-05-30,2052.94,beauty,0.365,card,0,30,0.229,metro,1,1,morning,0.08097222048102413,0.158,1
90728242-9f56-42bf-b7b8-a41841cbd604,8ae9ad9a-0d8c-4d23-b771-81f50780d7b2,2025-06-30,1304.41,electronics,0.247,COD,0,3,0.296,tier2,0,10,afternoon,0.17611303556440555,0.1426,0
9be13efb-81f6-4a33-9c65-6386aaea3574,475cfcc6-88df-4e49-810d-e60c6915e823,2025-10-04,250.0,home,0.314,COD,0,7,0.295,metro,0,5,afternoon,0.2511919731705291,0.3361,1
7e8c09f2-0ddf-44eb-9795-ff483ad250d7,468d438b-e72b-4826-8537-75d3f84b6a40,2025-07-21,828.28,grocery,0.301,COD,0,1,0.533,tier3,0,4,afternoon,0.4862266497306529,0.1787,0
4950ff81-7af4-4482-9fe2-d7c6bece2ed1,ac0ed3da-6d79-4329-959d-5629884008b4,2025-05-22,463.64,beauty,0.223,COD,0,6,0.035,metro,0,2,afternoon,0.04633846991413163,0.0767,0
9c5d164f-f6a7-487f-9275-bd3366bc58ae,6b66d66e-6934-45ee-9a06-94516b474772,2025-03-17,1142.95,electronics,0.077,UPI,0,5,0.136,metro,0,1,night,0.13085373507915285,0.0389,0
a092a5ae-ad48-4973-9668-908eb6d24592,661b6342-8159-4ab2-8a97-b733bb008aa6,2025-03-08,497.69,home,0.185,COD,0,7,0.109,tier2,0,1,morning,0.07875622019451736,0.1239,1
8f280acf-6386-4e73-a046-1304529e58be,22f58788-391d-4372-9ad4-9e208eef569b,2025-05-07,1601.78,electronics,0.055,netbanking,0,2,0.16,tier2,0,1,night,0.20694259408245252,0.0477,0
b4003630-7703-4077-8d0f-5113f6203d06,14e9a40c-48f4-4b52-8121-a603990cd08e,2025-10-24,2788.57,beauty,0.227,COD,0,7,0.565,metro,0,2,morning,0.5997722687005431,0.2793,0
27d6259e-5459-448a-81de-f55e868d2870,dcc320e0-51d7-4f5a-b1cf-f774f3ea235f,2025-09-25,2158.21,grocery,0.24,UPI,0,31,0.0,tier2,0,1,afternoon,0.08097222048102413,0.0095,0
a1756a5f-0829-405b-805d-97fa40602557,530bbe2d-ad3a-48f9-bc50-6461db39ef79,2025-03-15,250.0,electronics,0.342,card,0,26,0.668,tier2,0,2,morning,0.5144941083307562,0.1256,0
50da6fd4-7257-4f90-8dbd-6c743ec18b67,31f53599-3fbf-4d54-b360-4ebd731496d0,2025-03-04,1752.15,fashion,0.531,COD,0,6,0.333,metro,1,4,morning,0.3108899842101137,0.4679,0
d8a17922-a680-4ebe-88dc-267d252bdeb5,0264a3d8-19e4-4ba6-8fef-821e2f029db1,2025-06-06,860.82,fashion,0.197,UPI,0,15,0.191,metro,1,3,afternoon,0.21082490652703922,0.1489,0
6026e423-0bcd-49cd-9f41-039ebd7e1a42,cba1f52f-9905-4405-b96d-4c622c0b248e,2025-05-08,1345.98,fashion,0.298,UPI,0,26,0.344,metro,1,6,night,0.4451782602422671,0.2797,0
228b8193-de96-4560-a33b-8c8b297937f2,f798ef7e-e2a3-4c54-b902-894eaf540d62,2025-07-15,250.0,home,0.168,COD,0,24,0.228,metro,0,3,afternoon,0.21199326223067969,0.0656,1
eed34131-99bd-4d61-88e5-fc3b8c58d2e1,bdaa8e74-a01e-4e28-adc3-15d63480b37e,2025-08-22,1105.99,home,0.374,netbanking,0,3,0.183,metro,0,4,afternoon,0.08058041829298626,0.0756,0
688ad48b-8606-4588-acf8-95ddf6c03d4e,c8799b6e-004c-411a-a115-82977ad530a4,2025-10-10,250.0,fashion,0.016,card,0,10,0.294,tier2,1,4,morning,0.20531948812490197,0.1558,1
09a7bf13-13ca-4e47-8ec1-9509325a5d56,d2951b9d-49eb-4eef-8467-6d832ad3d8ac,2025-03-25,2298.49,electronics,0.419,UPI,0,15,0.357,tier2,0,1,night,0.19975800750299405,0.0335,0
3df83822-7c5b-403e-9071-b32fea1603a6,3c212041-014e-4793-98f2-826628bba05c,2025-04-01,800.53,beauty,0.141,card,0,3,0.375,tier2,0,7,morning,0.25921265445369807,0.0621,0
05843a98-0d84-41b2-9019-a9e62c7dcd08,eeb31956-eff1-4d4c-88b9-4562dc040f82,2025-09-29,2999.91,grocery,0.478,UPI,0,21,0.229,tier3,0,8,night,0.3706024922013499,0.0215,0
4db2bab7-4cc0-40e6-bb50-628593dfd3d9,82b5cfde-f550-4737-af56-7ae9f8488101,2025-03-03,374.15,fashion,0.25,card,0,5,0.468,tier3,1,10,afternoon,0.3753463445849248,0.7093,1
d1cc1612-2de4-460d-8920-6b2d254df74d,f7243914-f259-4b3f-b4da-cc523ff04815,2025-03-07,748.44,electronics,0.353,COD,0,35,0.312,tier2,0,1,afternoon,0.2798863894924076,0.1947,0
2bb5ffa9-1c46-4caa-8bbf-beb99a66b1ce,cf5465d8-8940-4d68-9bd4-d63e06f0c953,2025-01-04,829.73,home,0.249,UPI,0,2,0.08,tier3,0,6,evening,0.049577018851452645,0.1097,0
9d67b78c-8694-4454-92c0-21bee4bb3a9d,3f175ef7-cb46-404c-ae55-2d22b3544172,2025-02-08,308.49,electronics,0.25,UPI,0,40,0.001,metro,0,5,night,0.048627470043128354,0.0776,0
5e0a987f-c255-4c62-be26-445228ea5730,0fc1c1ab-b781-4d50-9d85-9900bab12268,2025-07-10,1261.72,fashion,0.268,COD,0,4,0.0,tier2,1,4,morning,0.09630629790643759,0.7523,0
feedf20e-d3c7-415c-b42a-e069d6b0e433,ade38847-ed43-40bb-86a7-c04000915ee5,2025-09-01,1147.64,fashion,0.65,COD,0,19,0.139,tier2,1,3,afternoon,0.14720873128711998,0.4893,1
ff67c147-c6ed-4628-9c25-ded593fe23dd,38384398-7058-4fd7-b01b-cbda8d50a490,2025-07-20,250.0,fashion,0.069,COD,0,15,0.165,tier2,1,5,night,0.12601617248198352,0.3064,0
0bdb83c9-ba90-44f7-ad8b-67ee3a647056,cd41d912-6dd3-48f5-8321-ab579b72c57a,2025-09-30,598.04,home,0.038,UPI,0,24,0.08,metro,0,1,evening,0.1561219227039281,0.0196,0
5773988c-73ae-434d-9cd5-82a8016813ff,bd691189-18ce-4bfe-8307-af74a9134249,2025-06-22,944.58,beauty,0.61,COD,1,0,,tier2,0,2,afternoon,0.2072500016580332,0.5561,0
392de351-7c3d-41f1-8c77-88838291e0e8,8120270f-804a-4ca9-a37e-bd7745b1a4ba,2025-09-30,2912.87,electronics,0.073,COD,0,1,0.423,metro,0,1,evening,0.3901665947912998,0.0351,0
4f4ec338-0702-469d-ad8a-836f17a30101,55d5bc4c-7c8a-442f-b65c-64ab85db7d38,2025-10-27,3474.16,electronics,0.476,UPI,0,16,0.335,tier2,0,1,evening,0.32801543383093573,0.1359,0
9cdbb48a-e5dc-4de3-8018-2f85867e32d7,b6da0c58-e09f-4c64-b488-90dde3c22bf1,2025-08-22,3270.63,fashion,0.65,card,0,15,0.172,metro,1,4,morning,0.06852796151158619,0.2826,0
0abcef39-f899-4759-9e6b-b0c3e59ae9cf,9624258c-4f43-4c23-8a52-ae3657722b57,2025-05-29,917.98,fashion,0.75,card,0,28,0.436,tier2,0,4,evening,0.4134664929263236,0.3087,1
5dc226aa-96d4-42af-9d5c-b85b44b30f42,2022f5c1-083c-4c40-93e7-f3bf5ca21797,2025-03-17,1912.35,beauty,0.603,COD,0,8,0.155,tier2,0,4,evening,0.03002375015151436,0.1382,0
c4245127-a9de-434b-834a-af0b285a7377,844e1cc6-38c0-44c1-8fb0-2171c4ac07a9,2025-07-16,1863.16,beauty,0.16,UPI,0,17,0.204,tier2,0,2,morning,0.09221080951028436,0.1319,0
bc64c9f0-2579-4469-9280-29d17a16b643,bd3c3573-0103-48f0-b2c0-b7ec007b2db3,2025-08-02,646.94,home,0.561,UPI,0,22,0.111,metro,0,2,morning,0.23310699843617838,0.0719,0
1ffb03dd-94b0-40ef-81dd-d6cb48b852c6,fa817f08-7258-4220-b553-32eafb85cece,2025-04-27,3071.19,grocery,0.074,UPI,0,2,0.525,tier2,0,3,evening,0.4395738617127692,0.0724,0
bd3a3892-4f84-415e-88f0-d040b8e38f84,ea2ea2e1-ad32-4fa1-9907-dc30c57262e0,2025-08-04,1973.79,beauty,0.244,UPI,0,8,0.304,tier2,0,3,evening,0.33375713618452035,0.073,0
8f4cbbbc-0e3b-4a38-b036-14465d7ec6b2,01b44897-af4a-45c8-9d4c-6f26cfdc77a7,2025-01-13,278.74,grocery,0.207,COD,0,6,0.225,metro,0,1,evening,0.10212483545629032,0.0726,0
560497cd-a5a1-4b2a-9057-e14fa1068e7f,cba1f52f-9905-4405-b96d-4c622c0b248e,2025-09-27,2369.88,electronics,0.122,COD,0,27,0.394,tier3,0,5,morning,0.4451782602422671,0.0819,0
df084f73-e323-4ba5-b55f-b10a495f75ae,115b599a-217b-402c-bf2e-d673a28b8b6a,2025-06-08,9385.13,fashion,0.17,UPI,0,27,0.145,tier3,1,5,evening,0.22490754943212576,0.1363,0
2a7f180d-d078-423f-be98-9ae68d5d2494,b35327f3-9a21-435b-a376-d3e29a326d89,2025-06-24,1693.98,grocery,0.107,UPI,0,9,0.401,metro,0,3,afternoon,0.3174880999559512,0.0086,0
91ea307b-61a4-4d9d-b200-47b5a900c625,36d6b08a-5436-4a2f-83c2-120975d4be7f,2025-09-01,1621.71,grocery,0.436,UPI,0,31,0.0,tier3,0,3,evening,0.04915448350944119,0.0505,0
c634c923-de17-47ae-8043-09e9f125838f,7c4561a1-0fb1-4641-bf3c-02486cc5d63f,2025-05-25,4682.91,home,0.118,COD,0,5,0.227,tier2,0,1,evening,0.33399605777104996,0.2032,1
9218e805-6d2d-4a21-9262-24ad9b089fa1,dbdf1969-e161-463d-b520-08e2df0434e9,2025-05-25,250.0,fashion,0.3,COD,0,3,0.42,metro,1,2,morning,0.3820936747712913,0.3051,0
cbd58cea-9bcd-473c-83ea-ae9b6fcd9c85,706509ac-1c21-4830-bf5f-7a48ed377c6a,2025-08-30,839.31,fashion,0.243,UPI,0,11,0.173,tier3,1,3,evening,0.21026090580847182,0.3626,1
6b69204e-b669-4329-9bab-b6160bc6d6f4,49ea99a8-160a-45e0-800b-5e0e932fe2aa,2025-10-02,306.61,fashion,0.084,COD,0,2,0.092,tier2,1,1,morning,0.158432901455159,0.5753,0
413dd615-1bd7-45c8-a7e8-4d0785c7de1e,1ba89946-8668-4ef1-b209-d5ad3dec89c3,2025-04-13,266.5,electronics,0.141,UPI,1,0,,tier2,0,2,afternoon,0.06329685196438278,0.1378,0
2608f602-5443-46e3-a50f-59b8710ff5c1,041cf125-f1c4-4f04-95ec-a4fd5838d35a,2025-08-25,1883.21,electronics,0.294,COD,0,8,0.316,metro,0,2,afternoon,0.3408921063238981,0.1848,0
7af4721f-9ea2-4bb7-bac4-7757f61561af,21644b40-c53f-493e-af3f-29e3483e3d9b,2025-05-20,440.56,grocery,0.167,card,0,16,0.353,metro,0,5,evening,0.22287364608691065,0.0346,1
fb63933f-1c77-49b7-b436-25867a14ede9,31c1fad5-4cd1-4948-951c-4b6f05b9a3e3,2025-02-20,6852.55,beauty,0.486,UPI,0,10,0.173,tier3,1,6,morning,0.1036578444265268,0.1541,0
b9d92605-0a0f-46d7-aaff-8b0484103dbd,a853efee-ff59-4993-bc61-f78068b52bd2,2025-04-15,7282.51,fashion,0.325,COD,0,7,0.14,metro,1,1,afternoon,0.11173338786746698,0.1244,0
810d52b6-8275-4520-b9f9-2c5c53967a9f,3d1f17b1-ec83-4ce4-bca9-7d49cf73a4fc,2025-02-23,2026.68,fashion,0.085,card,0,2,0.088,tier2,1,3,afternoon,0.10351613948793689,0.1211,0
51737571-7e78-4698-9187-29cab4ac5ee9,f6624986-1488-4db8-994b-6db58a9ef6b8,2025-04-23,332.41,home,0.505,card,0,10,0.117,tier2,0,2,afternoon,0.15422316215847254,0.0865,1
552c12ac-a4f8-4824-8546-f3caeea1556e,74a60004-5880-40d4-977a-6eec71073670,2025-02-13,286.22,fashion,0.261,UPI,0,3,0.371,tier3,1,5,afternoon,0.29458700556517403,0.6034,0
50aa8834-b5e0-4dd1-9abe-ac2314aace52,c7c7d746-9375-4232-8ea9-ffb11c594fc0,2025-03-21,2596.64,grocery,0.356,card,0,6,0.399,tier2,0,2,evening,0.40080141861945334,0.0379,0
dbb08677-dae3-4604-a17c-68faac30f572,dcc320e0-51d7-4f5a-b1cf-f774f3ea235f,2025-01-08,1251.49,grocery,0.105,COD,0,32,0.28,metro,0,2,evening,0.08097222048102413,0.0533,0
5fc990f8-667a-4469-bee8-553cc3c55bc6,fd446eac-86af-48be-bbee-f95080c59e82,2025-01-10,348.26,beauty,0.378,UPI,0,14,0.277,metro,0,2,afternoon,0.4143300984213656,0.124,0
d589b87b-7e4a-4240-b24e-2a60776e1d9c,49ea99a8-160a-45e0-800b-5e0e932fe2aa,2025-07-21,1868.66,beauty,0.191,COD,0,3,0.182,tier2,0,3,evening,0.158432901455159,0.2118,0
8ebf7e79-01b8-4486-a9a2-139d1e06c052,cdfac639-c4a1-4655-be5a-2d787e76f71c,2025-05-03,3277.78,fashion,0.084,UPI,0,31,0.169,tier2,1,4,morning,0.18576378008237582,0.0789,0
e5ed0e4b-cc96-4fa7-87a4-b18064a3527b,676c4a16-07aa-45fa-8ad1-17b29a2b6de4,2025-01-25,3374.48,electronics,0.293,UPI,0,16,0.329,tier2,0,3,evening,0.2901295476709541,0.0831,0
dc174ce6-8a86-4456-bf04-eabf9dc3febb,57c29481-3bfa-4690-879f-2cab6c2fd05a,2025-07-21,675.44,grocery,0.289,COD,0,15,0.089,metro,0,3,afternoon,0.1838032082155034,0.0638,0
2140ab54-4260-45bd-8218-f5a74a81fedc,4c19ca15-e9d8-445e-9a4a-ef49bd34d343,2025-03-21,1067.46,home,0.167,UPI,0,30,0.073,metro,0,3,afternoon,0.24706696213115537,0.0651,0
39f1d482-fe9a-44e4-9698-73bd79dc9d17,f74f5f38-4a81-4aea-bf60-656090b1e510,2025-07-29,4334.24,fashion,0.14,UPI,0,2,0.307,metro,1,3,evening,0.20978013032524798,0.0691,0
c21eae03-03c3-49d4-95b8-c6e827996f30,3e1f62af-b83b-474c-84a3-3e02f8a64e1a,2025-05-18,4111.39,fashion,0.271,UPI,0,5,0.054,tier2,1,3,evening,0.11495022682730283,0.1142,0
49670e75-15af-43ad-b33c-f51b3aa8910c,7abb60f8-6a15-44b0-8a8a-33cf510670a6,2025-06-01,1492.39,electronics,0.53,UPI,0,18,0.0,metro,0,4,evening,0.03542903995029727,0.1068,0
a89b1248-d15d-4d29-a27e-d664857edf3f,041e6bc9-db72-4f93-9250-95c5729fd5f6,2025-08-13,250.0,fashion,0.312,COD,0,15,0.329,metro,1,2,morning,0.24989906497225137,0.7698,1
b228ee56-c969-49d0-ba5f-18fd921a10ba,96605643-5d7c-4608-a7b9-f8a186bcac96,2025-01-03,2347.12,beauty,0.316,COD,0,5,0.272,tier2,0,4,morning,0.26428705277408854,0.2974,0
cd75f179-3f2a-497d-9483-06464193f6f3,264713e0-0ea7-4880-9795-f6f977d4d71c,2025-04-21,1960.94,electronics,0.188,card,0,20,0.187,metro,0,4,evening,0.1503348970823547,0.0168,0
c283e630-712e-4314-a249-9480cc7e3333,cd41d912-6dd3-48f5-8321-ab579b72c57a,2025-07-11,717.42,grocery,0.606,UPI,0,25,0.247,tier2,0,3,afternoon,0.1561219227039281,0.0201,0
31498ca1-883f-42f2-baa9-5b58f6a49b35,feb110b5-88cd-477f-98d9-c4648c9e917a,2025-04-27,424.14,fashion,0.204,netbanking,0,6,0.229,metro,1,2,evening,0.28099909876364537,0.2651,0
fd2a5b68-276b-4f4d-b959-c2acae4d3918,1f06f63a-b4b1-4b03-bfcd-0334b93f8852,2025-02-07,1897.61,fashion,0.076,COD,0,8,0.088,tier2,1,5,evening,0.07981520295766234,0.5822,1
9b8c764c-ba6e-43a4-ae26-0fbf916d43df,42062672-9628-4767-b3c7-ce07bbe65e82,2025-05-18,1237.46,beauty,0.272,card,0,4,0.564,metro,0,2,afternoon,0.406655373188852,0.0949,0
804cfbf7-7987-4237-9de8-f663ac84a458,dafa4cb3-c022-4df8-a53f-f33eccbb2af0,2025-02-06,427.42,grocery,0.233,UPI,0,23,0.077,metro,0,3,evening,0.21055725528180214,0.0195,0
d91313eb-7d33-48f9-9f41-4f832d686ac0,ec513aca-b3ea-457e-b9fd-46a0fbbd0108,2025-06-14,3491.65,home,0.263,COD,0,38,0.312,metro,0,2,morning,0.19762424986659227,0.1488,0
e694612a-3415-4805-b9d9-e95fac7bce6a,dd1d4990-d4e5-4687-bd01-cb6b03a151bf,2025-06-15,6277.42,home,0.229,COD,0,5,0.096,tier2,0,4,afternoon,0.0920841435969077,0.2663,0
aebeb618-e60c-405f-86b3-e793987c7aa2,a0501569-d559-4d41-a108-a7621331706b,2025-10-06,4141.5,electronics,0.448,UPI,0,1,0.0,tier3,0,7,afternoon,0.08902327951143335,0.0618,0
fd04cb2d-e0b2-4167-9687-7455fab9ec24,9cfbe601-0322-4c7f-a8fc-089374a870d3,2025-06-21,775.73,electronics,0.269,UPI,0,23,0.279,tier3,0,4,afternoon,0.2677657562695904,0.0852,1
196fdec5-27ee-4dbd-bd7c-04b3b148ce5d,7d759875-359f-4a5f-aea8-c18e69ae68d2,2025-02-27,2631.56,home,0.214,UPI,0,5,0.209,metro,0,3,afternoon,0.2334842811017492,0.0353,0
e8a7bbfd-2e54-4676-9769-147109661964,e0be4c42-c5d2-46e6-98a3-f57143c81929,2025-08-07,1134.5,grocery,0.279,UPI,0,26,0.201,metro,0,4,night,0.23228588338828865,0.027,0
b2fc202e-c3af-42a0-b497-c4d10163b1fd,e0c7f018-d138-4b2a-8686-c7bc5a512a86,2025-06-21,5298.18,home,0.176,COD,0,14,0.329,tier2,0,7,morning,0.32765833124561905,0.2556,1
9530781f-9510-4d6c-9eee-93607a3eb0a1,20c3bc53-c556-453e-87c4-1db6d047a4fe,2025-04-14,700.62,beauty,0.587,COD,0,6,0.078,metro,0,3,afternoon,0.1036324280316437,0.1912,0
9e27614e-2cf5-46f2-9a36-fdf3d8eaf9a8,f4f9557a-86f4-4bf5-ae07-480ff58c6f7a,2025-05-28,286.84,electronics,0.364,card,0,18,0.007,metro,0,4,morning,0.04552205229964168,0.0731,0
8268145b-02c2-4985-b06d-9005a1c8d509,cd41d912-6dd3-48f5-8321-ab579b72c57a,2025-08-23,1497.84,fashion,0.294,netbanking,0,26,0.112,metro,1,3,afternoon,0.1561219227039281,0.2629,0
e29cf283-a41f-4375-af8c-7ea15bd38186,0b3125cc-29c6-4f20-b1ef-8890454bd85d,2025-06-04,1000.27,fashion,0.163,netbanking,0,19,0.222,tier3,1,6,afternoon,0.45454338905514596,0.2185,1
46c35912-3355-4aa9-ae63-024172a04939,bc9aa5af-cb2d-49cb-8b51-cbd09afee7b7,2025-01-04,376.88,electronics,0.289,COD,0,16,0.295,tier2,0,1,afternoon,0.34134778732339127,0.2767,0
7092f952-e82a-4325-a962-de32607a8f93,cba1f52f-9905-4405-b96d-4c622c0b248e,2025-05-07,3923.36,home,0.106,netbanking,0,28,0.472,tier3,0,5,morning,0.4451782602422671,0.1999,0
e563b6fd-7ade-45d0-91bf-7d16f6ed1b13,d596400c-df68-43d6-b3c8-a83404e74fde,2025-04-18,13229.0,electronics,0.099,COD,0,1,0.341,metro,0,5,evening,0.3808935371788415,0.0103,0
a8f25f7f-58ab-4afa-9f9c-bce17319b732,837210f2-32ec-4029-9872-42257085b7ec,2025-07-24,2123.16,electronics,0.391,UPI,0,4,0.344,tier2,0,2,evening,0.2961471020437191,0.0649,0
1b26c4ef-53ca-4878-9975-d259acacaa61,023b9e7c-1296-4744-8d72-4287487c387a,2025-10-22,250.0,fashion,0.47,card,0,16,0.396,tier3,1,7,afternoon,0.3858310964520147,0.553,1
25d71668-f47a-4cfe-93b9-a84f1089fcc4,8f93794f-cd0f-4e77-95b4-96c9a4bd0834,2025-01-11,2864.35,electronics,0.281,COD,0,4,0.726,metro,0,2,evening,0.7587990740316559,0.2635,0
cb82f390-61c6-46f0-8b23-e5b92a5ad599,d9af91f9-8feb-4cae-955d-0a0db9627211,2025-01-03,3361.47,fashion,0.462,COD,0,4,0.257,tier3,0,3,evening,0.18270874579895838,0.2356,0
b6e8e40a-b49c-4b2b-9d63-65fe29fd8188,61e68552-c2ac-46ab-b349-d5252a071eca,2025-02-25,2145.99,fashion,0.246,UPI,0,27,0.112,tier2,0,1,afternoon,0.1913603605753747,0.0453,0
7a7b9cb9-c661-49aa-bb77-072ff3e7785c,ec513aca-b3ea-457e-b9fd-46a0fbbd0108,2025-03-14,2519.0,fashion,0.131,UPI,0,39,0.238,metro,1,4,evening,0.19762424986659227,0.0881,0
ddb11333-4ed9-4f29-a65b-b40ce64f5159,fece3053-752e-4f5a-b715-c3d8cb10cde7,2025-10-20,2478.98,home,0.184,card,0,17,0.195,tier2,0,4,afternoon,0.2486017792851423,0.054,0
197474b4-967a-47c9-8e73-85a8361e6c50,851bce31-8a60-458f-830f-b3f6e2bd61e1,2025-01-13,2801.51,home,0.431,card,0,2,0.41,tier3,0,3,afternoon,0.39222478041522824,0.0947,0
db8d9234-3fff-445a-b3b9-382d44a6fed3,18ccbeec-c9cc-4ae2-b310-031112d26e72,2025-02-09,2348.97,fashion,0.136,UPI,0,2,0.064,metro,1,2,night,0.1542229457137064,0.17,0
e75ffab6-9dc1-4886-a7ed-8036969314d3,eeb4b6d2-ae83-44df-bfd5-73e1f445c4af,2025-06-16,5550.65,fashion,0.366,COD,0,3,0.371,tier3,1,6,morning,0.32711616961778794,0.6975,0
ef9b6194-700f-4ef7-9e62-ace30525abaa,8120270f-804a-4ca9-a37e-bd7745b1a4ba,2025-06-19,909.49,fashion,0.26,card,0,2,0.366,metro,1,1,night,0.3901665947912998,0.158,0
b1efa5ca-18f1-4c35-b75d-10a2d9d38fb1,b3f33ef6-3953-4fa2-b5c0-493473e40312,2025-10-04,402.62,fashion,0.235,UPI,0,36,0.286,tier2,1,4,afternoon,0.24874291058771908,0.2888,0
e1b3603b-5a16-48f9-bd12-ac9194604747,3f888151-69ed-4006-b5f2-68afced6201b,2025-09-11,2375.69,fashion,0.074,UPI,0,31,0.316,tier3,1,4,afternoon,0.10820090543681238,0.1885,0
416639b1-cd19-4820-ab36-8dc4f64f9292,c776ba30-a353-491b-963c-d4935829686c,2025-04-27,1909.94,electronics,0.276,card,0,6,0.282,metro,0,2,evening,0.2445339867991523,0.1773,0
93ee331b-6898-4506-843a-e418823536cc,90a7c98b-0565-4330-a335-ddad08538e49,2025-07-27,1487.25,home,0.118,UPI,0,15,0.119,metro,0,4,afternoon,0.16802115856295066,0.0297,0
0f0ae5cf-c86c-487a-a3f9-9570ada11051,7f1c3fa8-2bd8-47fd-ad17-ab142fab9d56,2025-10-06,999.78,fashion,0.163,UPI,0,17,0.439,tier2,1,5,night,0.2765406569294239,0.297,0
2f52988d-6d45-4da6-bcf1-ad07b3e89b16,bbaa3e06-5d98-447f-8977-4141e22290ad,2025-08-22,403.08,grocery,0.383,card,0,3,0.286,tier2,0,1,morning,0.32003705418313455,0.1416,0
ac2e6664-5669-42ca-bc97-d2980a07746e,61e68552-c2ac-46ab-b349-d5252a071eca,2025-04-13,1619.84,beauty,0.425,COD,0,28,0.25,tier3,1,7,afternoon,0.1913603605753747,0.2664,1
c58f204e-6066-4059-834c-ccb0071ef410,2c59936d-caf6-4146-92d2-512fed6fb2a4,2025-03-17,1259.28,fashion,0.364,UPI,0,3,0.358,tier2,1,3,morning,0.38559486575544727,0.5127,1
e7d8b4ad-7fbe-485e-90bc-c9b5ffd406cf,90a7c98b-0565-4330-a335-ddad08538e49,2025-09-20,653.95,beauty,0.69,netbanking,0,16,0.037,tier2,1,2,night,0.16802115856295066,0.1894,1
e05d1a6d-8f69-4924-a8e2-eda97c6754b0,ac46d877-8423-49a6-902f-7054e0aa8316,2025-03-30,4024.77,fashion,0.466,COD,0,13,0.082,metro,1,1,evening,0.05573145024510638,0.1731,0
4774a69f-9070-4796-88b5-aa8c297c83cb,59ee0a92-bbbd-4eda-b308-fcef4f46f4f5,2025-09-15,339.07,home,0.158,COD,0,1,0.054,metro,0,3,evening,0.19332560170204371,0.1454,0
c47570da-6553-4a6e-9282-3661eff83da0,b7cf8b3e-8cbc-41b9-b7a4-c29693d32968,2025-04-09,509.07,home,0.334,card,0,12,0.228,tier2,0,4,afternoon,0.23865381601921165,0.1,0
d7a701a9-3133-4659-8a71-0369304d897e,77ca1577-f639-4d21-9261-19447fa58bb0,2025-05-22,5850.24,grocery,0.505,UPI,0,5,0.082,tier3,0,5,afternoon,0.1840815893241802,0.0335,0
4a394fd4-5246-4f5c-b668-4cd5d3dac0b1,0fc1c1ab-b781-4d50-9d85-9900bab12268,2025-09-12,1499.68,fashion,0.209,card,0,5,0.245,metro,1,1,evening,0.09630629790643759,0.2334,0
cc36cd0a-b340-4196-aa97-8e076f6e8422,b414a809-32f3-45e4-ae71-d194ad4694d5,2025-09-26,4559.95,electronics,0.569,card,0,1,0.17,tier2,0,6,morning,0.04292142383700191,0.0605,0
694fcc71-d2d0-4d4f-969b-8504bc0853e4,0b078fe6-bb44-4c06-aa6b-c50edd30d526,2025-10-25,1532.36,beauty,0.203,UPI,0,2,0.075,tier2,0,5,morning,0.03833526651775298,0.1478,0
568d4915-ebc9-4fe5-88a7-74ae2ca23893,02a9477e-48f9-41c5-b992-a167ea1cd57a,2025-02-04,1162.89,electronics,0.33,COD,0,18,0.27,tier2,0,2,morning,0.26357426902472036,0.3274,0
71e1f9f7-0154-4061-9f68-eb9eadc42889,e214ab93-bb11-4ddf-84f4-87f79b34191a,2025-02-09,777.14,electronics,0.512,UPI,0,5,0.399,metro,0,4,morning,0.3666490656306323,0.1213,0
c55feb64-4311-425b-bb64-503e52e5f6b5,115b599a-217b-402c-bf2e-d673a28b8b6a,2025-05-23,452.91,fashion,0.384,UPI,0,28,0.178,tier2,1,4,evening,0.22490754943212576,0.3154,0
c2a047d5-d63a-4f19-9145-00eb90e77277,fdebca3c-4db6-45f9-aecf-5b0e2d82bf66,2025-01-02,519.44,beauty,0.269,UPI,0,17,0.292,tier2,0,1,morning,0.21485681318313843,0.1895,1
5d5f3c4e-5d7f-4726-a2a8-4cc58df07e6d,e0be4c42-c5d2-46e6-98a3-f57143c81929,2025-09-10,2108.24,fashion,0.275,card,0,27,0.228,tier2,1,5,night,0.23228588338828865,0.2076,0
b6e829b2-9370-41e1-9526-c6c3872a1b20,147c1194-efc6-433e-b1e8-3f6c74aa4b79,2025-04-20,1705.5,fashion,0.244,UPI,0,2,0.588,tier3,1,6,night,0.5344403543326108,0.2731,0
48f03d55-9fc8-457a-8a60-d826aa3cc15d,f5a00a85-69d4-4447-ac89-bf235b61e876,2025-04-29,1134.14,beauty,0.748,UPI,0,5,0.196,metro,0,4,evening,0.18766250228601905,0.1426,1
2e8b9981-25f5-4e8b-ac1f-4f97af0a7ebb,646d5ad3-e9bd-4fdd-a320-1a714936ad70,2025-01-12,632.56,fashion,0.103,card,0,2,0.203,tier2,1,5,afternoon,0.08541324673316718,0.1467,0
39665ccc-6d2f-45d4-9f14-da5695f3f902,1430da84-3676-4e2f-a20c-58786ed1d466,2025-03-23,585.68,fashion,0.014,card,0,25,0.283,metro,1,2,night,0.22121655786542901,0.1603,0
7428d337-538e-4f06-92b9-4e4ecea15670,238395f5-465d-4f73-870e-9e99ba4e9f6f,2025-05-02,1666.96,electronics,0.212,card,0,1,0.105,metro,0,3,evening,0.11488476521704623,0.0157,0
9f3c6f35-6b9e-46a4-9942-fc8aabd0270d,488818a4-8adb-4718-b41a-823c7f2b2ab8,2025-06-02,1871.11,fashion,0.353,UPI,0,16,0.129,metro,0,1,night,0.25703386186733934,0.0555,0
7b9fa701-0261-476c-b851-86458276f20b,fdebca3c-4db6-45f9-aecf-5b0e2d82bf66,2025-10-03,1508.03,grocery,0.563,UPI,0,18,0.228,metro,0,5,afternoon,0.21485681318313843,0.0778,1
4090591e-de15-45de-995b-5bfe2971a951,f04fffa3-5b04-4da0-9f3b-8a6b87fc1e74,2025-10-16,1792.72,grocery,0.095,UPI,0,33,0.313,metro,0,2,evening,0.3517803851773976,0.0214,0
55be86d4-c020-4e31-9e30-12abbd11b233,b0766d31-1a36-4d3f-a85e-96413fb52d53,2025-04-30,13484.48,fashion,0.262,UPI,0,9,0.038,tier3,1,5,evening,0.06885084713508903,0.0325,0
fb645e87-6320-4976-8011-3993d643148a,57c29481-3bfa-4690-879f-2cab6c2fd05a,2025-07-23,482.52,fashion,0.137,card,0,16,0.18,metro,1,5,morning,0.1838032082155034,0.1293,0
606058cc-2098-4104-a00b-75538afdbc2a,76e3ab4e-0d33-4910-81b9-f0f04685b7d6,2025-09-29,7087.13,fashion,0.038,UPI,0,16,0.104,tier2,0,4,morning,0.06842336486313001,0.0273,0
fca61b5c-57d2-4077-af3b-12c665d1e10d,cd41d912-6dd3-48f5-8321-ab579b72c57a,2025-01-11,499.42,fashion,0.114,card,0,27,0.105,metro,1,6,afternoon,0.1561219227039281,0.1974,0
8aa335e4-08d7-4982-9d69-3afadd23da54,551aee57-0df4-4a51-9afa-0babaf28b33a,2025-06-14,1147.46,home,0.162,COD,0,38,0.155,tier2,0,5,afternoon,0.18168234468688693,0.0613,0
5be6a3d2-40ec-44bf-982d-fd777e7a6aa9,6691be4b-2f05-471e-880b-641b361f736f,2025-06-02,4094.81,electronics,0.321,UPI,0,32,0.261,metro,0,4,morning,0.2916477929418046,0.0282,0
a6397e80-a149-4912-bdfe-a392e0ae3f5e,2022f5c1-083c-4c40-93e7-f3bf5ca21797,2025-09-20,852.03,fashion,0.442,COD,0,9,0.014,tier2,1,3,evening,0.03002375015151436,0.4929,0
d7a031f8-1d6f-40eb-84b6-8eb3d703a82f,9cfbe601-0322-4c7f-a8fc-089374a870d3,2025-05-30,1685.88,home,0.046,card,0,24,0.254,tier2,0,1,evening,0.2677657562695904,0.0455,0
e2643fea-b288-455d-af5e-d0b6eb2dc08c,f798ef7e-e2a3-4c54-b902-894eaf540d62,2025-07-29,3126.9,home,0.38,COD,0,25,0.077,metro,0,2,evening,0.21199326223067969,0.0487,0
377968a8-1eed-42a4-8f62-17d9ad0562c8,0fc1c1ab-b781-4d50-9d85-9900bab12268,2025-03-01,1084.85,fashion,0.143,UPI,0,6,0.035,tier2,1,6,morning,0.09630629790643759,0.1909,0
692fff2a-3374-483d-ae7e-9578b3662826,c82ff35e-d4c0-40e3-8dbc-ce7b5a246eb2,2025-02-27,1018.45,electronics,0.188,UPI,0,5,0.282,tier2,0,5,morning,0.3049431715733594,0.054,0
29ba2f0a-15d1-4b72-bd54-9ff503110f89,fd6cccad-5f4f-45ca-8142-59059b87515b,2025-05-22,5923.21,fashion,0.665,UPI,0,42,0.208,tier2,1,2,night,0.2595265118239566,0.1602,0
431b2b7b-6522-43ad-9388-358469f0261d,0dd2d791-7ebc-4f44-92ab-ac5dab611209,2025-09-29,302.97,electronics,0.205,COD,1,0,,tier3,0,6,morning,0.3459632919107951,0.3144,0
b0d1c80b-d104-45ab-a108-c1ba89c0f0aa,fa6a8767-7e2a-4113-bdf9-a05ed044b7d7,2025-03-09,1921.63,fashion,0.329,card,0,5,0.219,metro,1,6,night,0.1965713354260339,0.2611,0
4828f583-8954-4508-ad74-9042956658d6,fd4d50c1-7eed-4072-8e6d-ddfb842a0363,2025-10-27,10991.13,home,0.197,netbanking,0,2,0.446,tier2,0,1,morning,0.4803988607673801,0.0251,0
02ab6723-9729-428f-a444-10951662e517,b6da0c58-e09f-4c64-b488-90dde3c22bf1,2025-06-23,792.72,fashion,0.168,card,0,16,0.049,metro,1,4,night,0.06852796151158619,0.17,0
b32e1dc9-29f1-40b7-b8a4-870ea91568d4,d8d89bed-cd31-4a8f-9f11-526a5e6c46ba,2025-08-05,1187.43,grocery,0.261,COD,1,0,,metro,0,3,evening,0.16336018873064242,0.4016,0
47a273a4-1ab8-4c00-b3ac-deed97cff8e0,957f8462-6bb6-488c-8360-f0a6cde9bfec,2025-01-15,11565.58,fashion,0.38,card,0,14,0.192,tier3,0,3,afternoon,0.20154150931374812,0.057,0
695ccdc7-986f-4865-b9b5-92bb355121ba,cfe93f21-e757-454b-b36f-affdba08ecc3,2025-07-31,338.46,fashion,0.225,UPI,0,2,0.142,metro,1,9,afternoon,0.21649485300724722,0.1634,1
efa69c11-a405-46cd-9f51-7d4715cfef35,0264a3d8-19e4-4ba6-8fef-821e2f029db1,2025-07-27,250.0,electronics,0.123,card,0,16,0.327,tier2,0,5,afternoon,0.21082490652703922,0.1114,0
eceb9796-90e1-4ce3-a831-764acb20a386,fece3053-752e-4f5a-b715-c3d8cb10cde7,2025-08-18,2226.88,electronics,0.064,UPI,0,18,0.239,metro,0,4,afternoon,0.2486017792851423,0.0246,0
4bd9eb14-d7af-4b36-8fe1-bce3cddbd213,2901b309-1a82-4af4-b3b4-8971bea2dd83,2025-10-12,2631.03,beauty,0.305,card,0,4,0.253,tier2,1,4,afternoon,0.19326835646210286,0.1284,0
32b7dd4c-7546-43e3-be35-b9cdec4227b3,9b5a893c-11be-4d25-9a08-3bc7c6e69d5c,2025-08-06,1761.36,fashion,0.216,COD,0,1,0.241,metro,1,2,morning,0.22018251677280468,0.2614,0
6bb2a579-2109-4a89-b22d-611ecadfa3da,a8c6166f-038a-4ae7-b54d-f52288d81a93,2025-02-02,3993.59,beauty,0.157,UPI,0,8,0.203,metro,0,3,afternoon,0.130383422505818,0.0527,0
40b20a0e-39fe-4d4d-81ca-2a60c90244be,9624258c-4f43-4c23-8a52-ae3657722b57,2025-06-04,250.0,electronics,0.261,UPI,0,29,0.385,tier3,0,6,afternoon,0.4134664929263236,0.1106,0
bb239770-ce20-4c9b-883b-670e8e6acd6b,dc42ac0f-d6a1-4bec-98ba-0717ae7c132c,2025-01-30,1972.38,beauty,0.247,card,0,2,0.422,tier2,0,1,afternoon,0.342931829566947,0.1618,0
8ee91500-77b0-4e98-a50a-ddf1268029ee,efca07b7-801d-4f4d-8fd4-f9471ea25c75,2025-09-07,935.04,fashion,0.08,card,0,25,0.43,tier3,1,3,evening,0.3870026797871902,0.3472,1
6c522dd7-d158-4260-9a15-42cb4442491a,14fa1e07-e46e-4421-bcc9-efd97fda4448,2025-09-20,1297.11,fashion,0.385,netbanking,0,11,0.142,tier3,0,7,evening,0.2216976101384966,0.1358,0
392575d2-d6f0-4d0a-b265-42843fb486c2,cd41d912-6dd3-48f5-8321-ab579b72c57a,2025-07-28,1489.73,electronics,0.183,UPI,0,28,0.124,tier3,0,2,afternoon,0.1561219227039281,0.0275,0
67b52cca-05c5-4d7b-9d48-3d11096fd7ab,f04fffa3-5b04-4da0-9f3b-8a6b87fc1e74,2025-07-02,398.69,fashion,0.398,UPI,0,34,0.448,metro,1,1,night,0.3517803851773976,0.3601,1
a2799cd1-8834-4bfe-891f-905992768b76,0b3125cc-29c6-4f20-b1ef-8890454bd85d,2025-01-08,1710.63,fashion,0.408,UPI,0,20,0.461,tier2,0,1,morning,0.45454338905514596,0.3572,1
8e063a7d-394b-497a-82ae-7f9784947634,90d4ab83-9a96-4a21-9db9-c0621084e983,2025-02-16,3608.56,beauty,0.616,COD,0,22,0.305,tier3,1,5,afternoon,0.29832839962512075,0.6706,1
0d00cdc4-9d93-4ed3-9183-be90e493d68b,8aad1534-c5ee-4b92-be7e-78a529af82b8,2025-09-22,961.75,fashion,0.142,UPI,0,8,0.491,metro,1,3,afternoon,0.36581399891508337,0.4279,0
d52821c4-0e7d-41f5-8ebf-8ae3b2f51b1d,8779fb27-f743-4810-ab5b-061f3407a98f,2025-01-18,5032.45,fashion,0.477,UPI,0,10,0.217,tier2,1,2,afternoon,0.18284841178251302,0.2042,1
3cc18182-85b8-40c6-a3d1-dee6d480dcef,3a9ae1d4-9f82-4e24-94f7-19e95fba3930,2025-03-13,448.87,grocery,0.13,UPI,0,2,0.226,metro,0,3,morning,0.3017312798128869,0.04,0
c77c4c3a-cb26-4693-875a-cc7896a955f9,98f128ba-5f7a-45ba-b9fd-4d3978030042,2025-06-15,601.07,fashion,0.522,UPI,0,7,0.149,metro,1,3,night,0.11390723161822383,0.4136,1
23548c5e-f497-4cac-97ef-1d3228774ca1,7577f5f5-f434-4ba2-be8d-bc819a90aa7d,2025-09-23,579.41,home,0.695,card,0,25,0.0,tier2,0,3,evening,0.12936071938754626,0.3109,0
2c9069a5-efef-441c-bcd9-e11e1b0f0b84,67991ec5-6540-4afc-8700-1e97c8b7427e,2025-02-05,250.0,home,0.144,COD,0,14,0.063,metro,0,4,night,0.13954174495960747,0.1533,0
f28f5e54-862f-4c69-ab4c-b1eba7a25eb4,72f61517-12bd-45af-9f3b-ee6e0907e0a5,2025-07-10,1958.11,fashion,0.302,card,0,7,0.132,tier3,1,5,afternoon,0.2810349509629501,0.1991,0
23ecd720-d488-4b2d-98a5-470f2ef90c12,3a13d0c8-8fd2-4744-8c64-ab0b4722d49d,2025-03-24,799.35,fashion,0.734,card,0,1,0.345,metro,1,2,morning,0.3860272639174304,0.602,1
6bd3b1ba-0c57-4d76-a72a-529777fa13c9,b23d847d-997a-4928-9b10-f50e4fa93ba9,2025-08-21,933.95,grocery,0.54,UPI,0,16,0.221,metro,0,2,evening,0.22452854262691951,0.0202,0
44fa7701-390e-4492-b606-7a2fbe05aa93,5177ad25-f39b-42aa-9106-28c069721b05,2025-09-23,4227.15,electronics,0.373,COD,0,8,0.224,metro,0,4,afternoon,0.09342709211833844,0.1683,1
e2c13001-1fa6-4435-adc4-d293c88c87ba,887cd766-18e3-4ea8-a875-45653621258e,2025-07-31,1185.2,fashion,0.116,COD,0,4,0.308,metro,1,2,night,0.3724144400903301,0.5996,1
2f8b6455-8bab-45d4-be58-bb5b76f51c5c,1693f3b2-ec12-4a50-8570-8484c8516494,2025-06-12,1406.55,grocery,0.469,netbanking,0,2,0.396,tier2,0,2,afternoon,0.36385813299321307,0.1017,0
87ec5a0f-454d-449c-a223-3b5ab26f4619,80cef85a-5938-4801-9fa5-9b6c0de0cc08,2025-07-06,250.0,home,0.229,UPI,0,24,0.137,tier2,0,5,evening,0.2042925306906814,0.042,0
7fc2bc26-666f-411d-a23e-89f9536450bc,4418d08b-233e-4e80-a916-7446f03e9dbf,2025-05-16,1926.32,fashion,0.452,UPI,0,3,0.092,tier2,1,2,night,0.17267604750076926,0.2586,0
0c68f9db-0bff-43b7-9daf-aa3d9a991044,d5adff28-034d-4e06-a674-681f43e80c97,2025-04-28,2547.62,fashion,0.119,COD,0,1,0.475,tier3,1,7,afternoon,0.47881282251185314,0.7361,1
55640b80-f3d3-4b2c-bc76-f70fb8b0cd37,fee7a85f-cf25-4349-b927-7a6f87b1bd3f,2025-08-10,505.87,beauty,0.258,netbanking,0,14,0.322,metro,0,2,afternoon,0.3325622338548419,0.1271,0
a01f962a-ac0c-4a94-bf01-420c6cd25b6d,7577f5f5-f434-4ba2-be8d-bc819a90aa7d,2025-05-16,470.14,fashion,0.447,UPI,0,26,0.182,tier2,1,8,morning,0.12936071938754626,0.3641,0
2dcfeb54-9e24-48f6-a1ce-98edcdebbf71,3bd11f4d-7dd1-422b-8df9-7dc5cf636fc9,2025-02-22,250.0,home,0.078,COD,0,6,0.281,metro,0,6,afternoon,0.3052133289526958,0.22,0
55521112-e884-4100-9797-7d9c9d4f7ad4,fcad361d-37b1-48e4-ba15-27f5efd12bd2,2025-03-01,250.0,home,0.262,card,0,17,0.385,metro,0,7,afternoon,0.3926881472493449,0.4661,1
b1595e34-fb16-4387-af82-fcfdcf7b9d8c,6691be4b-2f05-471e-880b-641b361f736f,2025-07-13,250.0,fashion,0.239,UPI,0,33,0.189,tier2,1,3,morning,0.2916477929418046,0.1511,1
92eecc96-440b-4e0c-981c-ace4e28f9b5a,6789065a-34d8-4edc-ac86-5b28ecb59411,2025-05-23,11826.66,beauty,0.206,card,0,3,0.165,metro,0,3,night,0.23983923810393037,0.0064,0
5f7a1a46-2bb6-4679-b4ea-18dd18f590c8,412fdcc8-a20c-4ee8-986c-d10d8bf4a971,2025-05-14,1918.22,electronics,0.13,COD,0,12,0.606,tier3,0,5,evening,0.6645072620284929,0.1524,0
f7f18251-c5a7-41ff-8146-7508154b4eaa,ec513aca-b3ea-457e-b9fd-46a0fbbd0108,2025-06-21,6085.51,electronics,0.189,COD,0,40,0.197,metro,0,2,evening,0.19762424986659227,0.1738,0
174308bc-90ff-472a-b08f-283900b8a5e2,84f798c4-c576-4100-9357-d92419324080,2025-06-16,874.78,electronics,0.46,UPI,0,8,0.0,tier2,0,4,afternoon,0.032458508417533755,0.0854,0
e1125384-60bb-4131-bee0-293a3b534573,3f888151-69ed-4006-b5f2-68afced6201b,2025-07-31,669.8,beauty,0.061,UPI,0,32,0.127,tier3,0,6,morning,0.10820090543681238,0.0677,0
37bab4d9-0381-4626-aa86-163b262c5216,2c59936d-caf6-4146-92d2-512fed6fb2a4,2025-10-20,757.55,beauty,0.297,COD,0,4,0.533,metro,0,4,morning,0.38559486575544727,0.629,1
091d1a96-9cc8-4a9d-b95c-f1da0010a5b7,7f892973-babf-4935-bab7-187b59d8b023,2025-02-28,6281.38,home,0.188,COD,0,28,0.268,metro,0,6,evening,0.2434169799043869,0.0554,0
bce1c2c2-961c-446e-b2af-58bff2c0634f,93d11106-41d0-4c5d-ac79-1d9d6f90bcbf,2025-01-28,533.86,electronics,0.75,COD,0,14,0.064,metro,0,5,afternoon,0.052918216172000036,0.169,0
dae420bb-56d7-4371-a952-a926c50feb56,3f888151-69ed-4006-b5f2-68afced6201b,2025-01-26,1139.76,electronics,0.287,COD,0,33,0.0,metro,0,4,evening,0.10820090543681238,0.0509,0
f7d86412-1626-4f01-92dc-d5f72933ec53,b732b9b1-5184-4f45-af4d-630b007d8b56,2025-07-01,1486.48,beauty,0.174,COD,0,25,0.436,tier2,1,2,evening,0.3974441051585353,0.4208,1
388feb68-c075-4ce2-b941-dd033cb8450b,c8799b6e-004c-411a-a115-82977ad530a4,2025-08-06,2681.08,beauty,0.275,COD,0,11,0.282,metro,1,2,afternoon,0.20531948812490197,0.36,0
148340ce-bea5-4055-8a8e-c85c50c771bf,feb110b5-88cd-477f-98d9-c4648c9e917a,2025-03-10,937.89,fashion,0.119,UPI,0,7,0.291,tier2,1,1,evening,0.28099909876364537,0.2247,0
5d5a9bba-03e6-4e40-ad9b-a690bebe72a9,fd446eac-86af-48be-bbee-f95080c59e82,2025-10-24,2806.54,fashion,0.112,UPI,0,15,0.424,metro,1,1,afternoon,0.4143300984213656,0.2967,1
9e743ebb-34ad-4a73-a4cb-ee1398afc33c,93d11106-41d0-4c5d-ac79-1d9d6f90bcbf,2025-06-01,921.26,home,0.111,COD,0,15,0.0,metro,0,2,night,0.052918216172000036,0.0779,0
f35e852b-b8be-4c6e-b687-fe5f2aba4619,93d11106-41d0-4c5d-ac79-1d9d6f90bcbf,2025-01-11,450.55,fashion,0.489,COD,0,16,0.0,tier2,1,1,afternoon,0.052918216172000036,0.4621,0
2931e2f3-e287-4f9e-b7ab-820d62d465e8,e5a6b7a7-ed88-4924-9865-37d2498eaca8,2025-07-24,4468.31,beauty,0.19,UPI,0,13,0.595,tier3,0,5,afternoon,0.5527709467025828,0.128,0
9779072e-3113-4450-b256-9046dd5af082,2a7ba1e7-d8dd-4177-b84d-93a262f15e96,2025-06-04,454.46,electronics,0.511,UPI,0,5,0.275,tier2,0,2,afternoon,0.46341394989494955,0.2735,0
1a1c1f3a-a5d0-4ed1-a233-f1da5a02b60d,c8799b6e-004c-411a-a115-82977ad530a4,2025-10-02,1979.51,electronics,0.172,card,0,12,0.135,tier3,0,3,morning,0.20531948812490197,0.0599,1
f8e25080-f93d-47e1-bb58-b3c75e36dee5,f87f5cec-4cc7-4356-8a1b-5e82f142a0e0,2025-02-10,475.04,fashion,0.365,COD,0,24,0.291,metro,1,3,evening,0.2242312963277271,0.4707,0
21204f00-adc5-4a89-b912-5be6e709e3df,3d1f17b1-ec83-4ce4-bca9-7d49cf73a4fc,2025-02-04,4661.21,home,0.568,UPI,0,3,0.051,metro,0,2,morning,0.10351613948793689,0.0758,0
c108278b-baba-400c-941e-03b93d37c70a,6d81b599-cb53-46f9-8600-bf12fd1acddf,2025-06-15,815.01,fashion,0.253,COD,0,16,0.228,tier2,1,1,night,0.1373435706874969,0.4376,0
19307778-d2fe-48cb-b636-0cade39f0bbf,3661a905-c2f5-441f-8a96-b261c579bc9c,2025-08-01,688.81,grocery,0.411,COD,0,7,0.395,tier3,0,3,morning,0.46113145613975703,0.2163,0
a33728fc-699a-407a-9b81-9be98fade707,13305eb5-fa9e-4ad0-82e5-51bd1825bb0e,2025-01-07,1228.11,fashion,0.434,COD,0,28,0.091,metro,1,1,evening,0.06015710717930573,0.4055,0
c638b77a-848c-4c51-8b6c-a13ad9062748,3ec64305-084b-4dbf-ad10-b6692b139740,2025-01-20,383.91,beauty,0.296,COD,0,5,0.461,metro,0,1,afternoon,0.354621720738092,0.1674,0
58734152-d1b2-4fdf-a13b-d699940612df,be86c495-6c85-4ee9-9262-936331392692,2025-01-07,250.0,home,0.232,netbanking,0,6,0.13,tier2,0,3,evening,0.22367316697863052,0.0497,0
8922c946-e957-468c-80fa-21da84dc618b,b1a9a01f-60a0-474a-9f62-ee2f1e71fa7b,2025-05-03,3374.82,home,0.489,UPI,0,3,0.511,tier2,0,3,afternoon,0.4570029919844534,0.2611,1
e905577a-8521-4025-a743-cf1ad1032881,90a7c98b-0565-4330-a335-ddad08538e49,2025-05-09,1172.59,grocery,0.277,UPI,0,17,0.239,tier2,0,3,afternoon,0.16802115856295066,0.0382,0
e9920cb2-e47b-42c5-804b-3beb5dae3447,cd9d8125-8011-4465-92dd-50bd06de23f3,2025-04-11,433.85,grocery,0.399,COD,0,15,0.396,tier3,0,6,morning,0.46001324343588723,0.2619,0
03d89abb-60f5-466b-aee9-70e1a08b09dd,6e9c410c-688b-4cfd-ab74-4128d37da5bd,2025-01-18,2362.17,fashion,0.229,COD,0,4,0.23,metro,1,3,morning,0.17240635799463866,0.3628,1
7f25936f-5b5e-459d-b3c3-39b81d239da7,76e3ab4e-0d33-4910-81b9-f0f04685b7d6,2025-04-16,904.3,fashion,0.578,card,0,17,0.194,tier3,1,4,morning,0.06842336486313001,0.3298,0
83880f9c-eba3-43e1-ae38-fae426a6091b,9303071c-f919-448a-bc56-324b472c0866,2025-04-13,1338.09,electronics,0.106,UPI,0,2,0.011,tier3,0,2,afternoon,0.1593139112983569,0.0386,0
82a7f281-eff5-4c7f-b260-e2ebb5cedc7a,c328bdf6-8469-4dd7-94aa-166a5d515d1f,2025-07-20,995.02,fashion,0.081,COD,0,7,0.102,metro,1,3,night,0.152939181594962,0.2598,0
362f4f54-6595-4b5a-a2e3-d8ad5cee4fd0,dcc320e0-51d7-4f5a-b1cf-f774f3ea235f,2025-09-16,1749.32,beauty,0.245,card,0,33,0.166,tier2,0,1,afternoon,0.08097222048102413,0.0801,0
a22f74fb-f936-4a7a-b60d-9b494ab69c19,264713e0-0ea7-4880-9795-f6f977d4d71c,2025-06-08,5255.19,grocery,0.523,UPI,0,21,0.172,tier3,0,4,night,0.1503348970823547,0.0161,0
63b045ac-5c85-46f9-a278-c8e7d0a87dcc,7f892973-babf-4935-bab7-187b59d8b023,2025-10-22,1368.53,electronics,0.619,card,0,29,0.33,metro,0,2,night,0.2434169799043869,0.1354,0
556c2c8a-9625-489a-8dec-7635fedb04fb,617c2dac-ff86-4a50-b68a-9e92a81ce5c4,2025-09-19,250.0,fashion,0.14,UPI,0,22,0.309,metro,1,5,morning,0.3565159652552688,0.2011,0
fc82a301-e056-4100-b941-b1be51677408,e5a6b7a7-ed88-4924-9865-37d2498eaca8,2025-07-25,250.0,electronics,0.078,UPI,0,14,0.599,metro,0,5,morning,0.5527709467025828,0.0342,0
bf03e988-6134-4813-8703-0f4396264a1c,c74291cc-50dd-48a2-918a-2263305eb957,2025-01-03,728.95,home,0.192,card,0,26,0.346,metro,0,3,morning,0.2897378778415542,0.0587,0
1d031d35-7c34-4d24-bb7d-48294810bd73,b2260d18-fffa-4383-9ce1-cdafe986cab2,2025-06-07,1967.32,beauty,0.322,COD,0,38,0.446,tier2,0,2,afternoon,0.4468118022423648,0.2536,1
548c7fed-00d4-4799-9909-ba11794785ee,21644b40-c53f-493e-af3f-29e3483e3d9b,2025-05-14,3296.81,home,0.294,COD,0,17,0.185,metro,0,1,morning,0.22287364608691065,0.2069,0
fdeafd6e-ef94-4255-b10c-7f0bc5ee1de6,04b89a3b-d082-4664-972e-b40c6268b46d,2025-07-10,250.0,beauty,0.185,COD,0,15,0.171,tier3,1,3,night,0.24939791763606534,0.3796,1
03fa24e7-d33d-40b9-9097-727196376991,e46f6f26-c239-4aa1-9c65-1209e9e43c60,2025-03-18,2222.51,grocery,0.338,card,0,17,0.322,metro,0,5,evening,0.24597285000833133,0.0182,0
00969809-dcca-414e-a8b3-12da2e1c2941,b60e8f1f-f791-49bf-bbb0-d323d6798264,2025-07-31,2802.63,beauty,0.21,UPI,0,2,0.525,metro,1,1,afternoon,0.4286541617216226,0.0533,0
9ce063cf-bd5c-484c-89f4-e2bbb5414a17,bd1084dd-629c-4150-a764-2ccea032f578,2025-01-08,4113.06,beauty,0.192,UPI,0,26,0.048,tier3,0,5,evening,0.21989011196511407,0.0361,0
63c31ed3-ad4e-4117-910d-3ed735c6ad12,9624258c-4f43-4c23-8a52-ae3657722b57,2025-04-30,522.13,fashion,0.399,UPI,0,30,0.413,tier3,1,5,morning,0.4134664929263236,0.5879,0
4c0a7c65-0277-4636-ad09-8f591c0091e4,e46f6f26-c239-4aa1-9c65-1209e9e43c60,2025-10-19,1208.79,beauty,0.364,card,0,18,0.225,tier2,0,2,morning,0.24597285000833133,0.1338,0
e2f65b0a-74c3-4151-ac55-9762760d8ac1,b732b9b1-5184-4f45-af4d-630b007d8b56,2025-03-01,1020.5,home,0.15,COD,0,26,0.515,metro,0,1,evening,0.3974441051585353,0.1334,0
128492f7-61c3-4cbe-aaee-7b416875e724,2efa495b-823a-41bc-843a-d9fcbc5f76d9,2025-08-30,622.51,home,0.369,card,0,7,0.104,metro,0,5,evening,0.11300670394722269,0.0585,0
b4cfbb22-f2f5-4f35-ab31-376e17e598ed,2e47b7ee-0809-4ae4-8dd5-f4c88b6fe2c2,2025-02-06,2929.35,fashion,0.324,netbanking,0,4,0.142,tier2,1,2,afternoon,0.3607060487773846,0.2013,0
40fc86ef-c787-4bca-bf4f-4dc97d065f66,afbe74ba-9fee-4350-a27d-bd3ca31df4c2,2025-03-07,250.0,electronics,0.384,UPI,0,3,0.066,metro,0,4,evening,0.20995383460968203,0.1248,0
28ba9fca-a880-49c1-9fd3-20cb1cd99a69,6cb161f2-f7f1-47ed-ba6f-4f99f2fd5670,2025-06-18,250.0,electronics,0.153,UPI,0,2,0.236,metro,0,3,night,0.3173771501855524,0.0462,0
32c0f334-369b-41e9-90dc-b8cf26e8a99b,ade38847-ed43-40bb-86a7-c04000915ee5,2025-01-21,609.4,electronics,0.052,card,0,20,0.002,metro,0,4,afternoon,0.14720873128711998,0.0184,0
62ac9c0a-f5d0-4c5c-a223-6637309d0e7a,61644792-131f-47d3-b11a-02100205b51d,2025-01-16,8587.98,beauty,0.062,UPI,1,0,,metro,0,1,afternoon,0.3153492324055893,0.0561,0
f7acd24d-ac22-4d29-bacd-2a984f0a006a,928114f7-f956-485a-b601-6b40b48c18d7,2025-02-22,1961.88,home,0.141,netbanking,0,22,0.227,tier2,0,7,afternoon,0.29038571770418864,0.1038,0
67620daa-6ef4-4f8d-b32c-980b35fe6859,e1b869a4-d9a8-4505-b847-1920324a5e4e,2025-04-04,3408.41,beauty,0.657,UPI,0,4,0.158,tier2,0,1,evening,0.20321741031586962,0.1678,0
afc27bb3-39f8-4394-8de5-d2a5de523fc4,9303071c-f919-448a-bc56-324b472c0866,2025-07-18,3477.29,fashion,0.249,COD,0,3,0.126,metro,1,3,night,0.1593139112983569,0.3962,0
ae291701-2005-4e38-a2c9-d5db73980130,b60e8f1f-f791-49bf-bbb0-d323d6798264,2025-03-16,1741.94,fashion,0.307,card,0,3,0.357,tier2,1,5,morning,0.4286541617216226,0.5788,1
cdf256b4-371e-471f-b437-4b62bf9bfcaa,887cd766-18e3-4ea8-a875-45653621258e,2025-06-21,623.21,fashion,0.344,UPI,0,5,0.319,tier2,1,3,afternoon,0.3724144400903301,0.1772,0
d327f50b-020c-4dc0-95de-186db80b676b,f04fffa3-5b04-4da0-9f3b-8a6b87fc1e74,2025-08-24,451.54,fashion,0.156,UPI,0,35,0.342,metro,0,3,night,0.3517803851773976,0.1109,0
9f930a67-5f46-4ba5-86d9-c909d8ae1a0c,c93c6de8-9490-43c9-a1b4-b58f531b4584,2025-05-31,255.02,fashion,0.75,COD,0,10,0.16,metro,1,2,morning,0.04047509547806022,0.6214,1
2b7b9724-a484-41b6-b5ea-aad3bd77b5b6,3661a905-c2f5-441f-8a96-b261c579bc9c,2025-06-19,6209.77,fashion,0.688,UPI,0,8,0.552,tier3,1,5,night,0.46113145613975703,0.2218,0
60c8452c-bc8b-4eeb-958d-7f35779df799,6a7814a2-3655-4d08-8da4-8ec7df0030b9,2025-09-19,1066.07,grocery,0.308,COD,0,6,0.215,tier2,0,2,afternoon,0.15705197005739738,0.0495,0
b5d09179-d6aa-482b-8256-4c745a261d2b,5177ad25-f39b-42aa-9106-28c069721b05,2025-05-28,292.37,fashion,0.304,COD,0,9,0.052,tier3,1,4,evening,0.09342709211833844,0.4565,0
3f7f2ca3-e3e4-42ed-8822-3b4a01a24fed,90d4ab83-9a96-4a21-9db9-c0621084e983,2025-04-13,7659.87,fashion,0.102,COD,0,23,0.262,metro,0,2,evening,0.29832839962512075,0.0805,0
75c026d9-a0db-4559-8f95-f849a9cc1148,6691be4b-2f05-471e-880b-641b361f736f,2025-05-27,1010.5,grocery,0.423,UPI,0,34,0.326,tier2,0,3,evening,0.2916477929418046,0.0367,0
2940eb1a-e3b3-4004-a971-5dd0490aacb3,725c4b2b-fd3b-436a-abcf-6276d2517885,2025-08-27,14066.27,electronics,0.423,UPI,0,1,0.208,metro,0,1,afternoon,0.14508620262612762,0.0029,0
70a5866b-b385-4d7a-abdd-02ec3918f524,ee1573cf-855f-4d78-94ec-59176830795f,2025-04-20,250.0,beauty,0.21,COD,0,8,0.23,metro,0,3,evening,0.07319325355511432,0.1058,0
b76a0179-afd6-4f24-b214-8f1aaef2ce06,ad87b3e3-8b3e-438e-8994-51127b85c296,2025-04-24,836.83,fashion,0.423,UPI,0,22,0.026,metro,0,5,evening,0.06067469417646223,0.0772,0
751b9d45-03f7-4440-840a-6bb6766111f0,90a7c98b-0565-4330-a335-ddad08538e49,2025-09-21,577.18,fashion,0.247,UPI,0,18,0.085,tier3,1,8,evening,0.16802115856295066,0.262,1
32fb4a59-0910-4128-bbbf-c8d268b5b6c8,2610fe33-8b0a-4c9b-8c47-756cf516e89b,2025-01-02,4878.63,grocery,0.109,UPI,0,7,0.299,tier2,0,4,morning,0.3007027884503935,0.0186,0
2ac82cf7-43ef-4247-8ca3-0b560e15f77a,e337d2a3-6032-4e1f-8ce4-a81121aa131e,2025-07-15,1029.55,fashion,0.168,UPI,0,38,0.394,tier2,1,3,evening,0.2771725532528444,0.2136,0
2d9b1104-c969-4fb6-9cad-d19885085d2f,bdaa8e74-a01e-4e28-adc3-15d63480b37e,2025-03-29,288.9,home,0.479,UPI,0,4,0.0,metro,0,3,morning,0.08058041829298626,0.048,0
7bcb5b32-d765-4b15-a34f-15b1e4c135e8,1e465044-0862-48e8-8f32-09db66c81fad,2025-08-03,332.33,fashion,0.451,COD,0,4,0.244,tier2,1,4,afternoon,0.20401397040683977,0.6339,0
db800b96-ff4d-4d9c-a770-3160316f4d60,1d2a539f-b9f5-447b-9a0b-ead55732dce3,2025-05-27,4593.48,grocery,0.233,COD,0,8,0.552,tier2,0,3,afternoon,0.5885383197450833,0.1042,0
eed63c33-c5e7-428e-b533-dee57dfde976,937f81a2-0c57-467d-869e-aaae2412816a,2025-07-10,250.0,electronics,0.31,UPI,0,20,0.283,metro,0,5,afternoon,0.2365731909103324,0.0357,0
4d9e0606-9363-41f8-bf65-2d33b5cc73f8,9e9db8b8-b527-46e0-9e4b-211ffcef38a3,2025-08-20,2841.83,fashion,0.237,UPI,0,35,0.357,tier3,1,4,afternoon,0.33315409272597374,0.5152,1
2c341686-0e8e-4a78-95ef-960b52e05c48,721b220e-7e4b-40c6-9bfa-ae6d9e8a9c1b,2025-09-09,700.29,electronics,0.282,UPI,0,5,0.054,tier2,0,5,night,0.11140768335427466,0.0123,0
297b7d9f-6297-4a6c-b66f-8bb9dd3f3910,0253556d-6afc-4561-bae7-49a51c98b9f7,2025-02-03,10927.31,home,0.395,UPI,0,4,0.006,metro,0,1,night,0.142405855423258,0.0198,0
a39904c2-e7ac-4c70-9264-154da6010253,928114f7-f956-485a-b601-6b40b48c18d7,2025-08-18,8530.84,beauty,0.32,UPI,0,23,0.393,tier2,0,5,evening,0.29038571770418864,0.0722,0
1aacd67f-bfc4-4a86-a5e6-743e06f54326,49ea99a8-160a-45e0-800b-5e0e932fe2aa,2025-01-11,250.0,home,0.426,COD,0,4,0.12,tier3,0,3,afternoon,0.158432901455159,0.4111,0
174f5a66-b21f-44a2-b67c-9ddd59164d14,59605de4-49e6-4ec1-939b-6b33100b85a0,2025-10-22,331.85,fashion,0.512,card,0,3,0.191,metro,1,2,evening,0.16468907167168612,0.3211,0
f1da8ad1-cc73-4e74-9c70-0e443c4e1370,7f892973-babf-4935-bab7-187b59d8b023,2025-08-10,1144.07,home,0.393,COD,0,30,0.268,tier2,0,3,evening,0.2434169799043869,0.1232,0
14d7277f-64a8-4dca-9ec4-407e2451e272,f697590d-f50d-4802-8968-8e26c502eb3e,2025-08-06,3674.75,fashion,0.522,COD,0,9,0.181,tier3,0,6,afternoon,0.26335659719559446,0.7066,0
2de0bf4c-97a0-47b3-98a9-3ea7718cf86d,9cfbe601-0322-4c7f-a8fc-089374a870d3,2025-09-17,1326.91,fashion,0.133,UPI,0,25,0.278,metro,0,1,afternoon,0.2677657562695904,0.0419,0
3553e931-80be-4dd8-9b06-346ae4f81847,bd1084dd-629c-4150-a764-2ccea032f578,2025-10-10,2188.51,fashion,0.413,card,0,27,0.221,metro,1,5,morning,0.21989011196511407,0.1213,1
e9d9723b-6591-4d81-baed-1a7c3314b9e8,866a73ad-aed0-45a7-8aa9-0f977637a9ea,2025-10-07,1797.2,electronics,0.096,card,0,7,0.269,tier2,0,2,afternoon,0.16757657415686808,0.0283,0
7c22db0f-61a0-4f1f-a411-fa616f18d43a,3d51b281-7585-4d43-aefd-40a803a1bf4f,2025-05-25,1132.95,home,0.119,COD,0,21,0.314,metro,0,3,morning,0.24645297721478737,0.0735,0
